[2026-03-03T00:56:02.641+0000] {manager.py:487} INFO - Processing files using up to 2 processes at a time 
[2026-03-03T00:56:02.641+0000] {manager.py:488} INFO - Process each file at most once every 30 seconds
[2026-03-03T00:56:02.641+0000] {manager.py:490} INFO - Checking for new files in /opt/airflow/dags every 300 seconds
[2026-03-03T00:56:02.641+0000] {manager.py:758} INFO - Searching for files in /opt/airflow/dags
[2026-03-03T00:56:02.648+0000] {manager.py:761} INFO - There are 45 files in /opt/airflow/dags
[2026-03-03T00:56:02.853+0000] {manager.py:889} INFO - 
================================================================================
DAG File Processing Stats

File Path                                                                                                           PID  Runtime      # DAGs    # Errors  Last Runtime    Last Run
----------------------------------------------------------------------------------------------------------------  -----  ---------  --------  ----------  --------------  ----------
/home/airflow/.local/lib/python3.7/site-packages/airflow/example_dags/example_sla_dag.py                             32  0.16s             0           0
/home/airflow/.local/lib/python3.7/site-packages/airflow/example_dags/example_task_group_decorator.py                33  0.16s             0           0
/home/airflow/.local/lib/python3.7/site-packages/airflow/example_dags/example_local_kubernetes_executor.py                                 0           0
/home/airflow/.local/lib/python3.7/site-packages/airflow/example_dags/example_setup_teardown_taskflow.py                                   0           0
/home/airflow/.local/lib/python3.7/site-packages/airflow/example_dags/example_branch_labels.py                                             0           0
/home/airflow/.local/lib/python3.7/site-packages/airflow/example_dags/example_dynamic_task_mapping.py                                      0           0
/home/airflow/.local/lib/python3.7/site-packages/airflow/example_dags/example_passing_params_via_test_command.py                           0           0
/home/airflow/.local/lib/python3.7/site-packages/airflow/example_dags/example_task_group.py                                                0           0
/home/airflow/.local/lib/python3.7/site-packages/airflow/example_dags/example_datasets.py                                                  0           0
/home/airflow/.local/lib/python3.7/site-packages/airflow/example_dags/example_sensor_decorator.py                                          0           0
/home/airflow/.local/lib/python3.7/site-packages/airflow/example_dags/example_xcom.py                                                      0           0
/home/airflow/.local/lib/python3.7/site-packages/airflow/example_dags/example_branch_operator_decorator.py                                 0           0
/home/airflow/.local/lib/python3.7/site-packages/airflow/example_dags/example_short_circuit_decorator.py                                   0           0
/home/airflow/.local/lib/python3.7/site-packages/airflow/example_dags/example_setup_teardown.py                                            0           0
/home/airflow/.local/lib/python3.7/site-packages/airflow/example_dags/example_branch_day_of_week_operator.py                               0           0
/home/airflow/.local/lib/python3.7/site-packages/airflow/example_dags/example_skip_dag.py                                                  0           0
/home/airflow/.local/lib/python3.7/site-packages/airflow/example_dags/example_latest_only.py                                               0           0
/home/airflow/.local/lib/python3.7/site-packages/airflow/example_dags/tutorial_dag.py                                                      0           0
/home/airflow/.local/lib/python3.7/site-packages/airflow/example_dags/example_external_task_marker_dag.py                                  0           0
/home/airflow/.local/lib/python3.7/site-packages/airflow/example_dags/example_complex.py                                                   0           0
/home/airflow/.local/lib/python3.7/site-packages/airflow/example_dags/example_bash_operator.py                                             0           0
/home/airflow/.local/lib/python3.7/site-packages/airflow/example_dags/example_xcomargs.py                                                  0           0
/home/airflow/.local/lib/python3.7/site-packages/airflow/example_dags/example_sensors.py                                                   0           0
/home/airflow/.local/lib/python3.7/site-packages/airflow/example_dags/example_time_delta_sensor_async.py                                   0           0
/home/airflow/.local/lib/python3.7/site-packages/airflow/example_dags/example_latest_only_with_trigger.py                                  0           0
/home/airflow/.local/lib/python3.7/site-packages/airflow/example_dags/example_trigger_controller_dag.py                                    0           0
/home/airflow/.local/lib/python3.7/site-packages/airflow/example_dags/example_short_circuit_operator.py                                    0           0
/home/airflow/.local/lib/python3.7/site-packages/airflow/example_dags/example_params_trigger_ui.py                                         0           0
/home/airflow/.local/lib/python3.7/site-packages/airflow/example_dags/example_branch_datetime_operator.py                                  0           0
/home/airflow/.local/lib/python3.7/site-packages/airflow/example_dags/example_dag_decorator.py                                             0           0
/home/airflow/.local/lib/python3.7/site-packages/airflow/example_dags/example_python_operator.py                                           0           0
/home/airflow/.local/lib/python3.7/site-packages/airflow/example_dags/example_trigger_target_dag.py                                        0           0
/home/airflow/.local/lib/python3.7/site-packages/airflow/example_dags/example_branch_operator.py                                           0           0
/home/airflow/.local/lib/python3.7/site-packages/airflow/example_dags/tutorial_taskflow_api.py                                             0           0
/home/airflow/.local/lib/python3.7/site-packages/airflow/example_dags/tutorial.py                                                          0           0
/home/airflow/.local/lib/python3.7/site-packages/airflow/example_dags/example_params_ui_tutorial.py                                        0           0
/home/airflow/.local/lib/python3.7/site-packages/airflow/example_dags/example_branch_python_dop_operator_3.py                              0           0
/home/airflow/.local/lib/python3.7/site-packages/airflow/example_dags/example_subdag_operator.py                                           0           0
/home/airflow/.local/lib/python3.7/site-packages/airflow/example_dags/tutorial_taskflow_api_virtualenv.py                                  0           0
/home/airflow/.local/lib/python3.7/site-packages/airflow/example_dags/example_kubernetes_executor.py                                       0           0
/home/airflow/.local/lib/python3.7/site-packages/airflow/example_dags/example_nested_branch_dag.py                                         0           0
/home/airflow/.local/lib/python3.7/site-packages/airflow/example_dags/plugins/listener_plugin.py                                           0           0
/home/airflow/.local/lib/python3.7/site-packages/airflow/example_dags/plugins/event_listener.py                                            0           0
/home/airflow/.local/lib/python3.7/site-packages/airflow/example_dags/plugins/workday.py                                                   0           0
/home/airflow/.local/lib/python3.7/site-packages/airflow/example_dags/subdags/subdag.py                                                    0           0
================================================================================
[2026-03-03T00:56:33.631+0000] {manager.py:889} INFO - 
================================================================================
DAG File Processing Stats

File Path                                                                                                           PID  Runtime      # DAGs    # Errors  Last Runtime    Last Run
----------------------------------------------------------------------------------------------------------------  -----  ---------  --------  ----------  --------------  -------------------
/home/airflow/.local/lib/python3.7/site-packages/airflow/example_dags/example_setup_teardown_taskflow.py                                   0           0  0.04s           2026-03-03T00:56:03
/home/airflow/.local/lib/python3.7/site-packages/airflow/example_dags/example_setup_teardown.py                                            0           0  0.03s           2026-03-03T00:56:04
/home/airflow/.local/lib/python3.7/site-packages/airflow/example_dags/plugins/listener_plugin.py                                           0           0  0.04s           2026-03-03T00:56:05
/home/airflow/.local/lib/python3.7/site-packages/airflow/example_dags/plugins/event_listener.py                                            0           0  0.03s           2026-03-03T00:56:05
/home/airflow/.local/lib/python3.7/site-packages/airflow/example_dags/plugins/workday.py                                                   0           0  0.67s           2026-03-03T00:56:06
/home/airflow/.local/lib/python3.7/site-packages/airflow/example_dags/subdags/subdag.py                                                    0           0  0.07s           2026-03-03T00:56:05
/home/airflow/.local/lib/python3.7/site-packages/airflow/example_dags/example_sla_dag.py                            101  0.02s             1           0  0.22s           2026-03-03T00:56:02
/home/airflow/.local/lib/python3.7/site-packages/airflow/example_dags/example_task_group_decorator.py               102  0.01s             1           0  0.21s           2026-03-03T00:56:02
/home/airflow/.local/lib/python3.7/site-packages/airflow/example_dags/example_local_kubernetes_executor.py                                 1           0  0.71s           2026-03-03T00:56:03
/home/airflow/.local/lib/python3.7/site-packages/airflow/example_dags/example_branch_labels.py                                             1           0  0.08s           2026-03-03T00:56:03
/home/airflow/.local/lib/python3.7/site-packages/airflow/example_dags/example_dynamic_task_mapping.py                                      1           0  0.08s           2026-03-03T00:56:03
/home/airflow/.local/lib/python3.7/site-packages/airflow/example_dags/example_passing_params_via_test_command.py                           1           0  0.08s           2026-03-03T00:56:03
/home/airflow/.local/lib/python3.7/site-packages/airflow/example_dags/example_task_group.py                                                1           0  0.08s           2026-03-03T00:56:03
/home/airflow/.local/lib/python3.7/site-packages/airflow/example_dags/example_sensor_decorator.py                                          1           0  0.11s           2026-03-03T00:56:03
/home/airflow/.local/lib/python3.7/site-packages/airflow/example_dags/example_xcom.py                                                      1           0  0.07s           2026-03-03T00:56:04
/home/airflow/.local/lib/python3.7/site-packages/airflow/example_dags/example_branch_operator_decorator.py                                 1           0  0.10s           2026-03-03T00:56:04
/home/airflow/.local/lib/python3.7/site-packages/airflow/example_dags/example_short_circuit_decorator.py                                   1           0  0.10s           2026-03-03T00:56:04
/home/airflow/.local/lib/python3.7/site-packages/airflow/example_dags/example_branch_day_of_week_operator.py                               1           0  0.08s           2026-03-03T00:56:04
/home/airflow/.local/lib/python3.7/site-packages/airflow/example_dags/example_skip_dag.py                                                  1           0  0.09s           2026-03-03T00:56:04
/home/airflow/.local/lib/python3.7/site-packages/airflow/example_dags/example_latest_only.py                                               1           0  0.09s           2026-03-03T00:56:04
/home/airflow/.local/lib/python3.7/site-packages/airflow/example_dags/tutorial_dag.py                                                      1           0  0.09s           2026-03-03T00:56:04
/home/airflow/.local/lib/python3.7/site-packages/airflow/example_dags/example_complex.py                                                   1           0  0.10s           2026-03-03T00:56:04
/home/airflow/.local/lib/python3.7/site-packages/airflow/example_dags/example_bash_operator.py                                             1           0  0.09s           2026-03-03T00:56:04
/home/airflow/.local/lib/python3.7/site-packages/airflow/example_dags/example_sensors.py                                                   1           0  0.08s           2026-03-03T00:56:04
/home/airflow/.local/lib/python3.7/site-packages/airflow/example_dags/example_time_delta_sensor_async.py                                   1           0  0.08s           2026-03-03T00:56:04
/home/airflow/.local/lib/python3.7/site-packages/airflow/example_dags/example_latest_only_with_trigger.py                                  1           0  0.08s           2026-03-03T00:56:04
/home/airflow/.local/lib/python3.7/site-packages/airflow/example_dags/example_trigger_controller_dag.py                                    1           0  0.07s           2026-03-03T00:56:04
/home/airflow/.local/lib/python3.7/site-packages/airflow/example_dags/example_short_circuit_operator.py                                    1           0  0.09s           2026-03-03T00:56:04
/home/airflow/.local/lib/python3.7/site-packages/airflow/example_dags/example_params_trigger_ui.py                                         1           0  0.12s           2026-03-03T00:56:04
/home/airflow/.local/lib/python3.7/site-packages/airflow/example_dags/example_dag_decorator.py                                             1           0  0.10s           2026-03-03T00:56:04
/home/airflow/.local/lib/python3.7/site-packages/airflow/example_dags/example_python_operator.py                                           1           0  0.09s           2026-03-03T00:56:05
/home/airflow/.local/lib/python3.7/site-packages/airflow/example_dags/example_trigger_target_dag.py                                        1           0  0.07s           2026-03-03T00:56:05
/home/airflow/.local/lib/python3.7/site-packages/airflow/example_dags/example_branch_operator.py                                           1           0  0.08s           2026-03-03T00:56:05
/home/airflow/.local/lib/python3.7/site-packages/airflow/example_dags/tutorial_taskflow_api.py                                             1           0  0.07s           2026-03-03T00:56:05
/home/airflow/.local/lib/python3.7/site-packages/airflow/example_dags/tutorial.py                                                          1           0  0.07s           2026-03-03T00:56:05
/home/airflow/.local/lib/python3.7/site-packages/airflow/example_dags/example_params_ui_tutorial.py                                        1           0  0.09s           2026-03-03T00:56:05
/home/airflow/.local/lib/python3.7/site-packages/airflow/example_dags/example_branch_python_dop_operator_3.py                              1           0  0.07s           2026-03-03T00:56:05
/home/airflow/.local/lib/python3.7/site-packages/airflow/example_dags/tutorial_taskflow_api_virtualenv.py                                  1           0  0.07s           2026-03-03T00:56:05
/home/airflow/.local/lib/python3.7/site-packages/airflow/example_dags/example_kubernetes_executor.py                                       1           0  0.22s           2026-03-03T00:56:05
/home/airflow/.local/lib/python3.7/site-packages/airflow/example_dags/example_nested_branch_dag.py                                         1           0  0.08s           2026-03-03T00:56:05
/home/airflow/.local/lib/python3.7/site-packages/airflow/example_dags/example_external_task_marker_dag.py                                  2           0  0.08s           2026-03-03T00:56:04
/home/airflow/.local/lib/python3.7/site-packages/airflow/example_dags/example_xcomargs.py                                                  2           0  0.09s           2026-03-03T00:56:04
/home/airflow/.local/lib/python3.7/site-packages/airflow/example_dags/example_branch_datetime_operator.py                                  3           0  0.11s           2026-03-03T00:56:04
/home/airflow/.local/lib/python3.7/site-packages/airflow/example_dags/example_subdag_operator.py                                           3           0  0.09s           2026-03-03T00:56:05
/home/airflow/.local/lib/python3.7/site-packages/airflow/example_dags/example_datasets.py                                                  6           0  0.14s           2026-03-03T00:56:03
================================================================================
[2026-03-03T00:57:04.058+0000] {manager.py:889} INFO - 
================================================================================
DAG File Processing Stats

File Path                                                                                                           PID  Runtime      # DAGs    # Errors  Last Runtime    Last Run
----------------------------------------------------------------------------------------------------------------  -----  ---------  --------  ----------  --------------  -------------------
/home/airflow/.local/lib/python3.7/site-packages/airflow/example_dags/example_setup_teardown_taskflow.py                                   0           0  0.06s           2026-03-03T00:56:33
/home/airflow/.local/lib/python3.7/site-packages/airflow/example_dags/example_setup_teardown.py                                            0           0  0.08s           2026-03-03T00:56:35
/home/airflow/.local/lib/python3.7/site-packages/airflow/example_dags/plugins/listener_plugin.py                                           0           0  0.02s           2026-03-03T00:56:37
/home/airflow/.local/lib/python3.7/site-packages/airflow/example_dags/plugins/event_listener.py                                            0           0  0.02s           2026-03-03T00:56:37
/home/airflow/.local/lib/python3.7/site-packages/airflow/example_dags/plugins/workday.py                                                   0           0  0.21s           2026-03-03T00:56:37
/home/airflow/.local/lib/python3.7/site-packages/airflow/example_dags/subdags/subdag.py                                                    0           0  0.01s           2026-03-03T00:56:37
/home/airflow/.local/lib/python3.7/site-packages/airflow/example_dags/example_sla_dag.py                            163  0.01s             1           0  0.24s           2026-03-03T00:56:33
/home/airflow/.local/lib/python3.7/site-packages/airflow/example_dags/example_task_group_decorator.py               164  0.01s             1           0  0.24s           2026-03-03T00:56:33
/home/airflow/.local/lib/python3.7/site-packages/airflow/example_dags/example_local_kubernetes_executor.py                                 1           0  0.69s           2026-03-03T00:56:34
/home/airflow/.local/lib/python3.7/site-packages/airflow/example_dags/example_branch_labels.py                                             1           0  0.22s           2026-03-03T00:56:34
/home/airflow/.local/lib/python3.7/site-packages/airflow/example_dags/example_dynamic_task_mapping.py                                      1           0  0.21s           2026-03-03T00:56:34
/home/airflow/.local/lib/python3.7/site-packages/airflow/example_dags/example_passing_params_via_test_command.py                           1           0  0.27s           2026-03-03T00:56:34
/home/airflow/.local/lib/python3.7/site-packages/airflow/example_dags/example_task_group.py                                                1           0  0.28s           2026-03-03T00:56:34
/home/airflow/.local/lib/python3.7/site-packages/airflow/example_dags/example_sensor_decorator.py                                          1           0  0.26s           2026-03-03T00:56:35
/home/airflow/.local/lib/python3.7/site-packages/airflow/example_dags/example_xcom.py                                                      1           0  0.26s           2026-03-03T00:56:35
/home/airflow/.local/lib/python3.7/site-packages/airflow/example_dags/example_branch_operator_decorator.py                                 1           0  0.29s           2026-03-03T00:56:35
/home/airflow/.local/lib/python3.7/site-packages/airflow/example_dags/example_short_circuit_decorator.py                                   1           0  0.27s           2026-03-03T00:56:35
/home/airflow/.local/lib/python3.7/site-packages/airflow/example_dags/example_branch_day_of_week_operator.py                               1           0  0.27s           2026-03-03T00:56:35
/home/airflow/.local/lib/python3.7/site-packages/airflow/example_dags/example_skip_dag.py                                                  1           0  0.27s           2026-03-03T00:56:35
/home/airflow/.local/lib/python3.7/site-packages/airflow/example_dags/example_latest_only.py                                               1           0  0.26s           2026-03-03T00:56:36
/home/airflow/.local/lib/python3.7/site-packages/airflow/example_dags/tutorial_dag.py                                                      1           0  0.26s           2026-03-03T00:56:36
/home/airflow/.local/lib/python3.7/site-packages/airflow/example_dags/example_complex.py                                                   1           0  0.29s           2026-03-03T00:56:36
/home/airflow/.local/lib/python3.7/site-packages/airflow/example_dags/example_bash_operator.py                                             1           0  0.28s           2026-03-03T00:56:36
/home/airflow/.local/lib/python3.7/site-packages/airflow/example_dags/example_sensors.py                                                   1           0  0.09s           2026-03-03T00:56:36
/home/airflow/.local/lib/python3.7/site-packages/airflow/example_dags/example_time_delta_sensor_async.py                                   1           0  0.08s           2026-03-03T00:56:36
/home/airflow/.local/lib/python3.7/site-packages/airflow/example_dags/example_latest_only_with_trigger.py                                  1           0  0.05s           2026-03-03T00:56:36
/home/airflow/.local/lib/python3.7/site-packages/airflow/example_dags/example_trigger_controller_dag.py                                    1           0  0.12s           2026-03-03T00:56:37
/home/airflow/.local/lib/python3.7/site-packages/airflow/example_dags/example_short_circuit_operator.py                                    1           0  0.12s           2026-03-03T00:56:37
/home/airflow/.local/lib/python3.7/site-packages/airflow/example_dags/example_params_trigger_ui.py                                         1           0  0.07s           2026-03-03T00:56:37
/home/airflow/.local/lib/python3.7/site-packages/airflow/example_dags/example_dag_decorator.py                                             1           0  0.08s           2026-03-03T00:56:37
/home/airflow/.local/lib/python3.7/site-packages/airflow/example_dags/example_python_operator.py                                           1           0  0.08s           2026-03-03T00:56:37
/home/airflow/.local/lib/python3.7/site-packages/airflow/example_dags/example_trigger_target_dag.py                                        1           0  0.06s           2026-03-03T00:56:37
/home/airflow/.local/lib/python3.7/site-packages/airflow/example_dags/example_branch_operator.py                                           1           0  0.07s           2026-03-03T00:56:37
/home/airflow/.local/lib/python3.7/site-packages/airflow/example_dags/tutorial_taskflow_api.py                                             1           0  0.06s           2026-03-03T00:56:37
/home/airflow/.local/lib/python3.7/site-packages/airflow/example_dags/tutorial.py                                                          1           0  0.06s           2026-03-03T00:56:37
/home/airflow/.local/lib/python3.7/site-packages/airflow/example_dags/example_params_ui_tutorial.py                                        1           0  0.10s           2026-03-03T00:56:37
/home/airflow/.local/lib/python3.7/site-packages/airflow/example_dags/example_branch_python_dop_operator_3.py                              1           0  0.07s           2026-03-03T00:56:37
/home/airflow/.local/lib/python3.7/site-packages/airflow/example_dags/tutorial_taskflow_api_virtualenv.py                                  1           0  0.06s           2026-03-03T00:56:37
/home/airflow/.local/lib/python3.7/site-packages/airflow/example_dags/example_kubernetes_executor.py                                       1           0  0.21s           2026-03-03T00:56:37
/home/airflow/.local/lib/python3.7/site-packages/airflow/example_dags/example_nested_branch_dag.py                                         1           0  0.05s           2026-03-03T00:56:37
/home/airflow/.local/lib/python3.7/site-packages/airflow/example_dags/example_external_task_marker_dag.py                                  2           0  0.38s           2026-03-03T00:56:36
/home/airflow/.local/lib/python3.7/site-packages/airflow/example_dags/example_xcomargs.py                                                  2           0  0.24s           2026-03-03T00:56:36
/home/airflow/.local/lib/python3.7/site-packages/airflow/example_dags/example_branch_datetime_operator.py                                  3           0  0.07s           2026-03-03T00:56:37
/home/airflow/.local/lib/python3.7/site-packages/airflow/example_dags/example_subdag_operator.py                                           3           0  0.07s           2026-03-03T00:56:37
/home/airflow/.local/lib/python3.7/site-packages/airflow/example_dags/example_datasets.py                                                  6           0  0.54s           2026-03-03T00:56:35
================================================================================
[2026-03-03T00:57:34.910+0000] {manager.py:889} INFO - 
================================================================================
DAG File Processing Stats

File Path                                                                                                           PID  Runtime      # DAGs    # Errors  Last Runtime    Last Run
----------------------------------------------------------------------------------------------------------------  -----  ---------  --------  ----------  --------------  -------------------
/home/airflow/.local/lib/python3.7/site-packages/airflow/example_dags/example_setup_teardown_taskflow.py                                   0           0  0.02s           2026-03-03T00:57:04
/home/airflow/.local/lib/python3.7/site-packages/airflow/example_dags/example_setup_teardown.py                                            0           0  0.02s           2026-03-03T00:57:06
/home/airflow/.local/lib/python3.7/site-packages/airflow/example_dags/plugins/listener_plugin.py                                           0           0  0.01s           2026-03-03T00:57:08
/home/airflow/.local/lib/python3.7/site-packages/airflow/example_dags/plugins/event_listener.py                                            0           0  0.02s           2026-03-03T00:57:08
/home/airflow/.local/lib/python3.7/site-packages/airflow/example_dags/plugins/workday.py                                                   0           0  0.18s           2026-03-03T00:57:08
/home/airflow/.local/lib/python3.7/site-packages/airflow/example_dags/subdags/subdag.py                                                    0           0  0.04s           2026-03-03T00:57:08
/home/airflow/.local/lib/python3.7/site-packages/airflow/example_dags/example_sla_dag.py                            225  0.01s             1           0  0.09s           2026-03-03T00:57:04
/home/airflow/.local/lib/python3.7/site-packages/airflow/example_dags/example_task_group_decorator.py               226  0.00s             1           0  0.08s           2026-03-03T00:57:04
/home/airflow/.local/lib/python3.7/site-packages/airflow/example_dags/example_local_kubernetes_executor.py                                 1           0  0.21s           2026-03-03T00:57:05
/home/airflow/.local/lib/python3.7/site-packages/airflow/example_dags/example_branch_labels.py                                             1           0  0.10s           2026-03-03T00:57:05
/home/airflow/.local/lib/python3.7/site-packages/airflow/example_dags/example_dynamic_task_mapping.py                                      1           0  0.06s           2026-03-03T00:57:05
/home/airflow/.local/lib/python3.7/site-packages/airflow/example_dags/example_passing_params_via_test_command.py                           1           0  0.06s           2026-03-03T00:57:05
/home/airflow/.local/lib/python3.7/site-packages/airflow/example_dags/example_task_group.py                                                1           0  0.06s           2026-03-03T00:57:05
/home/airflow/.local/lib/python3.7/site-packages/airflow/example_dags/example_sensor_decorator.py                                          1           0  0.05s           2026-03-03T00:57:05
/home/airflow/.local/lib/python3.7/site-packages/airflow/example_dags/example_xcom.py                                                      1           0  0.06s           2026-03-03T00:57:05
/home/airflow/.local/lib/python3.7/site-packages/airflow/example_dags/example_branch_operator_decorator.py                                 1           0  0.09s           2026-03-03T00:57:06
/home/airflow/.local/lib/python3.7/site-packages/airflow/example_dags/example_short_circuit_decorator.py                                   1           0  0.08s           2026-03-03T00:57:06
/home/airflow/.local/lib/python3.7/site-packages/airflow/example_dags/example_branch_day_of_week_operator.py                               1           0  0.07s           2026-03-03T00:57:06
/home/airflow/.local/lib/python3.7/site-packages/airflow/example_dags/example_skip_dag.py                                                  1           0  0.06s           2026-03-03T00:57:06
/home/airflow/.local/lib/python3.7/site-packages/airflow/example_dags/example_latest_only.py                                               1           0  0.06s           2026-03-03T00:57:06
/home/airflow/.local/lib/python3.7/site-packages/airflow/example_dags/tutorial_dag.py                                                      1           0  0.05s           2026-03-03T00:57:06
/home/airflow/.local/lib/python3.7/site-packages/airflow/example_dags/example_complex.py                                                   1           0  0.07s           2026-03-03T00:57:06
/home/airflow/.local/lib/python3.7/site-packages/airflow/example_dags/example_bash_operator.py                                             1           0  0.05s           2026-03-03T00:57:06
/home/airflow/.local/lib/python3.7/site-packages/airflow/example_dags/example_sensors.py                                                   1           0  0.06s           2026-03-03T00:57:06
/home/airflow/.local/lib/python3.7/site-packages/airflow/example_dags/example_time_delta_sensor_async.py                                   1           0  0.06s           2026-03-03T00:57:06
/home/airflow/.local/lib/python3.7/site-packages/airflow/example_dags/example_latest_only_with_trigger.py                                  1           0  0.04s           2026-03-03T00:57:06
/home/airflow/.local/lib/python3.7/site-packages/airflow/example_dags/example_trigger_controller_dag.py                                    1           0  0.06s           2026-03-03T00:57:08
/home/airflow/.local/lib/python3.7/site-packages/airflow/example_dags/example_short_circuit_operator.py                                    1           0  0.06s           2026-03-03T00:57:08
/home/airflow/.local/lib/python3.7/site-packages/airflow/example_dags/example_params_trigger_ui.py                                         1           0  0.08s           2026-03-03T00:57:08
/home/airflow/.local/lib/python3.7/site-packages/airflow/example_dags/example_dag_decorator.py                                             1           0  0.08s           2026-03-03T00:57:08
/home/airflow/.local/lib/python3.7/site-packages/airflow/example_dags/example_python_operator.py                                           1           0  0.06s           2026-03-03T00:57:08
/home/airflow/.local/lib/python3.7/site-packages/airflow/example_dags/example_trigger_target_dag.py                                        1           0  0.06s           2026-03-03T00:57:08
/home/airflow/.local/lib/python3.7/site-packages/airflow/example_dags/example_branch_operator.py                                           1           0  0.06s           2026-03-03T00:57:08
/home/airflow/.local/lib/python3.7/site-packages/airflow/example_dags/tutorial_taskflow_api.py                                             1           0  0.06s           2026-03-03T00:57:08
/home/airflow/.local/lib/python3.7/site-packages/airflow/example_dags/tutorial.py                                                          1           0  0.06s           2026-03-03T00:57:08
/home/airflow/.local/lib/python3.7/site-packages/airflow/example_dags/example_params_ui_tutorial.py                                        1           0  0.08s           2026-03-03T00:57:08
/home/airflow/.local/lib/python3.7/site-packages/airflow/example_dags/example_branch_python_dop_operator_3.py                              1           0  0.06s           2026-03-03T00:57:08
/home/airflow/.local/lib/python3.7/site-packages/airflow/example_dags/tutorial_taskflow_api_virtualenv.py                                  1           0  0.07s           2026-03-03T00:57:08
/home/airflow/.local/lib/python3.7/site-packages/airflow/example_dags/example_kubernetes_executor.py                                       1           0  0.17s           2026-03-03T00:57:08
/home/airflow/.local/lib/python3.7/site-packages/airflow/example_dags/example_nested_branch_dag.py                                         1           0  0.05s           2026-03-03T00:57:08
/home/airflow/.local/lib/python3.7/site-packages/airflow/example_dags/example_external_task_marker_dag.py                                  2           0  0.06s           2026-03-03T00:57:06
/home/airflow/.local/lib/python3.7/site-packages/airflow/example_dags/example_xcomargs.py                                                  2           0  0.04s           2026-03-03T00:57:06
/home/airflow/.local/lib/python3.7/site-packages/airflow/example_dags/example_branch_datetime_operator.py                                  3           0  0.06s           2026-03-03T00:57:08
/home/airflow/.local/lib/python3.7/site-packages/airflow/example_dags/example_subdag_operator.py                                           3           0  0.07s           2026-03-03T00:57:08
/home/airflow/.local/lib/python3.7/site-packages/airflow/example_dags/example_datasets.py                                                  6           0  0.08s           2026-03-03T00:57:05
================================================================================
[2026-03-03T00:58:05.307+0000] {manager.py:889} INFO - 
================================================================================
DAG File Processing Stats

File Path                                                                                                           PID  Runtime      # DAGs    # Errors  Last Runtime    Last Run
----------------------------------------------------------------------------------------------------------------  -----  ---------  --------  ----------  --------------  -------------------
/home/airflow/.local/lib/python3.7/site-packages/airflow/example_dags/example_setup_teardown_taskflow.py                                   0           0  0.02s           2026-03-03T00:57:34
/home/airflow/.local/lib/python3.7/site-packages/airflow/example_dags/example_setup_teardown.py                                            0           0  0.02s           2026-03-03T00:57:37
/home/airflow/.local/lib/python3.7/site-packages/airflow/example_dags/plugins/listener_plugin.py                                           0           0  0.03s           2026-03-03T00:57:39
/home/airflow/.local/lib/python3.7/site-packages/airflow/example_dags/plugins/event_listener.py                                            0           0  0.02s           2026-03-03T00:57:39
/home/airflow/.local/lib/python3.7/site-packages/airflow/example_dags/plugins/workday.py                                                   0           0  0.22s           2026-03-03T00:57:39
/home/airflow/.local/lib/python3.7/site-packages/airflow/example_dags/subdags/subdag.py                                                    0           0  0.09s           2026-03-03T00:57:39
/home/airflow/.local/lib/python3.7/site-packages/airflow/example_dags/example_sla_dag.py                            287  0.01s             1           0  0.08s           2026-03-03T00:57:34
/home/airflow/.local/lib/python3.7/site-packages/airflow/example_dags/example_task_group_decorator.py               288  0.01s             1           0  0.08s           2026-03-03T00:57:34
/home/airflow/.local/lib/python3.7/site-packages/airflow/example_dags/example_local_kubernetes_executor.py                                 1           0  0.19s           2026-03-03T00:57:36
/home/airflow/.local/lib/python3.7/site-packages/airflow/example_dags/example_branch_labels.py                                             1           0  0.07s           2026-03-03T00:57:36
/home/airflow/.local/lib/python3.7/site-packages/airflow/example_dags/example_dynamic_task_mapping.py                                      1           0  0.06s           2026-03-03T00:57:36
/home/airflow/.local/lib/python3.7/site-packages/airflow/example_dags/example_passing_params_via_test_command.py                           1           0  0.09s           2026-03-03T00:57:36
/home/airflow/.local/lib/python3.7/site-packages/airflow/example_dags/example_task_group.py                                                1           0  0.10s           2026-03-03T00:57:36
/home/airflow/.local/lib/python3.7/site-packages/airflow/example_dags/example_sensor_decorator.py                                          1           0  0.07s           2026-03-03T00:57:36
/home/airflow/.local/lib/python3.7/site-packages/airflow/example_dags/example_xcom.py                                                      1           0  0.04s           2026-03-03T00:57:36
/home/airflow/.local/lib/python3.7/site-packages/airflow/example_dags/example_branch_operator_decorator.py                                 1           0  0.10s           2026-03-03T00:57:37
/home/airflow/.local/lib/python3.7/site-packages/airflow/example_dags/example_short_circuit_decorator.py                                   1           0  0.10s           2026-03-03T00:57:37
/home/airflow/.local/lib/python3.7/site-packages/airflow/example_dags/example_branch_day_of_week_operator.py                               1           0  0.06s           2026-03-03T00:57:37
/home/airflow/.local/lib/python3.7/site-packages/airflow/example_dags/example_skip_dag.py                                                  1           0  0.06s           2026-03-03T00:57:37
/home/airflow/.local/lib/python3.7/site-packages/airflow/example_dags/example_latest_only.py                                               1           0  0.04s           2026-03-03T00:57:37
/home/airflow/.local/lib/python3.7/site-packages/airflow/example_dags/tutorial_dag.py                                                      1           0  0.06s           2026-03-03T00:57:37
/home/airflow/.local/lib/python3.7/site-packages/airflow/example_dags/example_complex.py                                                   1           0  0.06s           2026-03-03T00:57:37
/home/airflow/.local/lib/python3.7/site-packages/airflow/example_dags/example_bash_operator.py                                             1           0  0.07s           2026-03-03T00:57:37
/home/airflow/.local/lib/python3.7/site-packages/airflow/example_dags/example_sensors.py                                                   1           0  0.05s           2026-03-03T00:57:37
/home/airflow/.local/lib/python3.7/site-packages/airflow/example_dags/example_time_delta_sensor_async.py                                   1           0  0.05s           2026-03-03T00:57:37
/home/airflow/.local/lib/python3.7/site-packages/airflow/example_dags/example_latest_only_with_trigger.py                                  1           0  0.05s           2026-03-03T00:57:37
/home/airflow/.local/lib/python3.7/site-packages/airflow/example_dags/example_trigger_controller_dag.py                                    1           0  0.07s           2026-03-03T00:57:38
/home/airflow/.local/lib/python3.7/site-packages/airflow/example_dags/example_short_circuit_operator.py                                    1           0  0.08s           2026-03-03T00:57:38
/home/airflow/.local/lib/python3.7/site-packages/airflow/example_dags/example_params_trigger_ui.py                                         1           0  0.11s           2026-03-03T00:57:39
/home/airflow/.local/lib/python3.7/site-packages/airflow/example_dags/example_dag_decorator.py                                             1           0  0.09s           2026-03-03T00:57:39
/home/airflow/.local/lib/python3.7/site-packages/airflow/example_dags/example_python_operator.py                                           1           0  0.06s           2026-03-03T00:57:39
/home/airflow/.local/lib/python3.7/site-packages/airflow/example_dags/example_trigger_target_dag.py                                        1           0  0.06s           2026-03-03T00:57:39
/home/airflow/.local/lib/python3.7/site-packages/airflow/example_dags/example_branch_operator.py                                           1           0  0.06s           2026-03-03T00:57:39
/home/airflow/.local/lib/python3.7/site-packages/airflow/example_dags/tutorial_taskflow_api.py                                             1           0  0.06s           2026-03-03T00:57:39
/home/airflow/.local/lib/python3.7/site-packages/airflow/example_dags/tutorial.py                                                          1           0  0.05s           2026-03-03T00:57:39
/home/airflow/.local/lib/python3.7/site-packages/airflow/example_dags/example_params_ui_tutorial.py                                        1           0  0.10s           2026-03-03T00:57:39
/home/airflow/.local/lib/python3.7/site-packages/airflow/example_dags/example_branch_python_dop_operator_3.py                              1           0  0.07s           2026-03-03T00:57:39
/home/airflow/.local/lib/python3.7/site-packages/airflow/example_dags/tutorial_taskflow_api_virtualenv.py                                  1           0  0.06s           2026-03-03T00:57:39
/home/airflow/.local/lib/python3.7/site-packages/airflow/example_dags/example_kubernetes_executor.py                                       1           0  0.15s           2026-03-03T00:57:39
/home/airflow/.local/lib/python3.7/site-packages/airflow/example_dags/example_nested_branch_dag.py                                         1           0  0.07s           2026-03-03T00:57:39
/home/airflow/.local/lib/python3.7/site-packages/airflow/example_dags/example_external_task_marker_dag.py                                  2           0  0.06s           2026-03-03T00:57:37
/home/airflow/.local/lib/python3.7/site-packages/airflow/example_dags/example_xcomargs.py                                                  2           0  0.05s           2026-03-03T00:57:37
/home/airflow/.local/lib/python3.7/site-packages/airflow/example_dags/example_branch_datetime_operator.py                                  3           0  0.08s           2026-03-03T00:57:39
/home/airflow/.local/lib/python3.7/site-packages/airflow/example_dags/example_subdag_operator.py                                           3           0  0.07s           2026-03-03T00:57:39
/home/airflow/.local/lib/python3.7/site-packages/airflow/example_dags/example_datasets.py                                                  6           0  0.14s           2026-03-03T00:57:36
================================================================================
[2026-03-03T00:58:36.229+0000] {manager.py:889} INFO - 
================================================================================
DAG File Processing Stats

File Path                                                                                                           PID  Runtime      # DAGs    # Errors  Last Runtime    Last Run
----------------------------------------------------------------------------------------------------------------  -----  ---------  --------  ----------  --------------  -------------------
/home/airflow/.local/lib/python3.7/site-packages/airflow/example_dags/example_setup_teardown_taskflow.py                                   0           0  0.02s           2026-03-03T00:58:05
/home/airflow/.local/lib/python3.7/site-packages/airflow/example_dags/example_setup_teardown.py                                            0           0  0.08s           2026-03-03T00:58:07
/home/airflow/.local/lib/python3.7/site-packages/airflow/example_dags/plugins/listener_plugin.py                                           0           0  0.02s           2026-03-03T00:58:09
/home/airflow/.local/lib/python3.7/site-packages/airflow/example_dags/plugins/event_listener.py                                            0           0  0.02s           2026-03-03T00:58:09
/home/airflow/.local/lib/python3.7/site-packages/airflow/example_dags/plugins/workday.py                                                   0           0  0.22s           2026-03-03T00:58:10
/home/airflow/.local/lib/python3.7/site-packages/airflow/example_dags/subdags/subdag.py                                                    0           0  0.02s           2026-03-03T00:58:09
/home/airflow/.local/lib/python3.7/site-packages/airflow/example_dags/example_sla_dag.py                            349  0.01s             1           0  0.11s           2026-03-03T00:58:05
/home/airflow/.local/lib/python3.7/site-packages/airflow/example_dags/example_task_group_decorator.py               350  0.00s             1           0  0.10s           2026-03-03T00:58:05
/home/airflow/.local/lib/python3.7/site-packages/airflow/example_dags/example_local_kubernetes_executor.py                                 1           0  0.61s           2026-03-03T00:58:07
/home/airflow/.local/lib/python3.7/site-packages/airflow/example_dags/example_branch_labels.py                                             1           0  0.21s           2026-03-03T00:58:06
/home/airflow/.local/lib/python3.7/site-packages/airflow/example_dags/example_dynamic_task_mapping.py                                      1           0  0.20s           2026-03-03T00:58:06
/home/airflow/.local/lib/python3.7/site-packages/airflow/example_dags/example_passing_params_via_test_command.py                           1           0  0.23s           2026-03-03T00:58:07
/home/airflow/.local/lib/python3.7/site-packages/airflow/example_dags/example_task_group.py                                                1           0  0.22s           2026-03-03T00:58:07
/home/airflow/.local/lib/python3.7/site-packages/airflow/example_dags/example_sensor_decorator.py                                          1           0  0.25s           2026-03-03T00:58:07
/home/airflow/.local/lib/python3.7/site-packages/airflow/example_dags/example_xcom.py                                                      1           0  0.23s           2026-03-03T00:58:07
/home/airflow/.local/lib/python3.7/site-packages/airflow/example_dags/example_branch_operator_decorator.py                                 1           0  0.24s           2026-03-03T00:58:07
/home/airflow/.local/lib/python3.7/site-packages/airflow/example_dags/example_short_circuit_decorator.py                                   1           0  0.26s           2026-03-03T00:58:07
/home/airflow/.local/lib/python3.7/site-packages/airflow/example_dags/example_branch_day_of_week_operator.py                               1           0  0.31s           2026-03-03T00:58:08
/home/airflow/.local/lib/python3.7/site-packages/airflow/example_dags/example_skip_dag.py                                                  1           0  0.32s           2026-03-03T00:58:08
/home/airflow/.local/lib/python3.7/site-packages/airflow/example_dags/example_latest_only.py                                               1           0  0.25s           2026-03-03T00:58:08
/home/airflow/.local/lib/python3.7/site-packages/airflow/example_dags/tutorial_dag.py                                                      1           0  0.21s           2026-03-03T00:58:08
/home/airflow/.local/lib/python3.7/site-packages/airflow/example_dags/example_complex.py                                                   1           0  0.27s           2026-03-03T00:58:08
/home/airflow/.local/lib/python3.7/site-packages/airflow/example_dags/example_bash_operator.py                                             1           0  0.30s           2026-03-03T00:58:09
/home/airflow/.local/lib/python3.7/site-packages/airflow/example_dags/example_sensors.py                                                   1           0  0.08s           2026-03-03T00:58:09
/home/airflow/.local/lib/python3.7/site-packages/airflow/example_dags/example_time_delta_sensor_async.py                                   1           0  0.07s           2026-03-03T00:58:09
/home/airflow/.local/lib/python3.7/site-packages/airflow/example_dags/example_latest_only_with_trigger.py                                  1           0  0.06s           2026-03-03T00:58:09
/home/airflow/.local/lib/python3.7/site-packages/airflow/example_dags/example_trigger_controller_dag.py                                    1           0  0.12s           2026-03-03T00:58:09
/home/airflow/.local/lib/python3.7/site-packages/airflow/example_dags/example_short_circuit_operator.py                                    1           0  0.14s           2026-03-03T00:58:09
/home/airflow/.local/lib/python3.7/site-packages/airflow/example_dags/example_params_trigger_ui.py                                         1           0  0.11s           2026-03-03T00:58:09
/home/airflow/.local/lib/python3.7/site-packages/airflow/example_dags/example_dag_decorator.py                                             1           0  0.09s           2026-03-03T00:58:09
/home/airflow/.local/lib/python3.7/site-packages/airflow/example_dags/example_python_operator.py                                           1           0  0.07s           2026-03-03T00:58:09
/home/airflow/.local/lib/python3.7/site-packages/airflow/example_dags/example_trigger_target_dag.py                                        1           0  0.06s           2026-03-03T00:58:09
/home/airflow/.local/lib/python3.7/site-packages/airflow/example_dags/example_branch_operator.py                                           1           0  0.07s           2026-03-03T00:58:09
/home/airflow/.local/lib/python3.7/site-packages/airflow/example_dags/tutorial_taskflow_api.py                                             1           0  0.06s           2026-03-03T00:58:09
/home/airflow/.local/lib/python3.7/site-packages/airflow/example_dags/tutorial.py                                                          1           0  0.05s           2026-03-03T00:58:09
/home/airflow/.local/lib/python3.7/site-packages/airflow/example_dags/example_params_ui_tutorial.py                                        1           0  0.09s           2026-03-03T00:58:09
/home/airflow/.local/lib/python3.7/site-packages/airflow/example_dags/example_branch_python_dop_operator_3.py                              1           0  0.05s           2026-03-03T00:58:09
/home/airflow/.local/lib/python3.7/site-packages/airflow/example_dags/tutorial_taskflow_api_virtualenv.py                                  1           0  0.08s           2026-03-03T00:58:09
/home/airflow/.local/lib/python3.7/site-packages/airflow/example_dags/example_kubernetes_executor.py                                       1           0  0.19s           2026-03-03T00:58:09
/home/airflow/.local/lib/python3.7/site-packages/airflow/example_dags/example_nested_branch_dag.py                                         1           0  0.05s           2026-03-03T00:58:09
/home/airflow/.local/lib/python3.7/site-packages/airflow/example_dags/example_external_task_marker_dag.py                                  2           0  0.24s           2026-03-03T00:58:08
/home/airflow/.local/lib/python3.7/site-packages/airflow/example_dags/example_xcomargs.py                                                  2           0  0.21s           2026-03-03T00:58:09
/home/airflow/.local/lib/python3.7/site-packages/airflow/example_dags/example_branch_datetime_operator.py                                  3           0  0.07s           2026-03-03T00:58:09
/home/airflow/.local/lib/python3.7/site-packages/airflow/example_dags/example_subdag_operator.py                                           3           0  0.09s           2026-03-03T00:58:09
/home/airflow/.local/lib/python3.7/site-packages/airflow/example_dags/example_datasets.py                                                  6           0  0.38s           2026-03-03T00:58:07
================================================================================
[2026-03-03T00:59:07.231+0000] {manager.py:889} INFO - 
================================================================================
DAG File Processing Stats

File Path                                                                                                           PID  Runtime      # DAGs    # Errors  Last Runtime    Last Run
----------------------------------------------------------------------------------------------------------------  -----  ---------  --------  ----------  --------------  -------------------
/home/airflow/.local/lib/python3.7/site-packages/airflow/example_dags/example_setup_teardown_taskflow.py                                   0           0  0.01s           2026-03-03T00:58:36
/home/airflow/.local/lib/python3.7/site-packages/airflow/example_dags/example_setup_teardown.py                                            0           0  0.03s           2026-03-03T00:58:38
/home/airflow/.local/lib/python3.7/site-packages/airflow/example_dags/plugins/listener_plugin.py                                           0           0  0.02s           2026-03-03T00:58:40
/home/airflow/.local/lib/python3.7/site-packages/airflow/example_dags/plugins/event_listener.py                                            0           0  0.02s           2026-03-03T00:58:40
/home/airflow/.local/lib/python3.7/site-packages/airflow/example_dags/plugins/workday.py                                                   0           0  0.24s           2026-03-03T00:58:41
/home/airflow/.local/lib/python3.7/site-packages/airflow/example_dags/subdags/subdag.py                                                    0           0  0.02s           2026-03-03T00:58:40
/home/airflow/.local/lib/python3.7/site-packages/airflow/example_dags/example_sla_dag.py                            411  0.01s             1           0  0.07s           2026-03-03T00:58:36
/home/airflow/.local/lib/python3.7/site-packages/airflow/example_dags/example_task_group_decorator.py               412  0.00s             1           0  0.07s           2026-03-03T00:58:36
/home/airflow/.local/lib/python3.7/site-packages/airflow/example_dags/example_local_kubernetes_executor.py                                 1           0  0.14s           2026-03-03T00:58:37
/home/airflow/.local/lib/python3.7/site-packages/airflow/example_dags/example_branch_labels.py                                             1           0  0.05s           2026-03-03T00:58:37
/home/airflow/.local/lib/python3.7/site-packages/airflow/example_dags/example_dynamic_task_mapping.py                                      1           0  0.05s           2026-03-03T00:58:37
/home/airflow/.local/lib/python3.7/site-packages/airflow/example_dags/example_passing_params_via_test_command.py                           1           0  0.08s           2026-03-03T00:58:37
/home/airflow/.local/lib/python3.7/site-packages/airflow/example_dags/example_task_group.py                                                1           0  0.08s           2026-03-03T00:58:37
/home/airflow/.local/lib/python3.7/site-packages/airflow/example_dags/example_sensor_decorator.py                                          1           0  0.04s           2026-03-03T00:58:37
/home/airflow/.local/lib/python3.7/site-packages/airflow/example_dags/example_xcom.py                                                      1           0  0.13s           2026-03-03T00:58:38
/home/airflow/.local/lib/python3.7/site-packages/airflow/example_dags/example_branch_operator_decorator.py                                 1           0  0.12s           2026-03-03T00:58:38
/home/airflow/.local/lib/python3.7/site-packages/airflow/example_dags/example_short_circuit_decorator.py                                   1           0  0.06s           2026-03-03T00:58:38
/home/airflow/.local/lib/python3.7/site-packages/airflow/example_dags/example_branch_day_of_week_operator.py                               1           0  0.06s           2026-03-03T00:58:38
/home/airflow/.local/lib/python3.7/site-packages/airflow/example_dags/example_skip_dag.py                                                  1           0  0.06s           2026-03-03T00:58:38
/home/airflow/.local/lib/python3.7/site-packages/airflow/example_dags/example_latest_only.py                                               1           0  0.06s           2026-03-03T00:58:38
/home/airflow/.local/lib/python3.7/site-packages/airflow/example_dags/tutorial_dag.py                                                      1           0  0.05s           2026-03-03T00:58:38
/home/airflow/.local/lib/python3.7/site-packages/airflow/example_dags/example_complex.py                                                   1           0  0.06s           2026-03-03T00:58:38
/home/airflow/.local/lib/python3.7/site-packages/airflow/example_dags/example_bash_operator.py                                             1           0  0.09s           2026-03-03T00:58:40
/home/airflow/.local/lib/python3.7/site-packages/airflow/example_dags/example_sensors.py                                                   1           0  0.06s           2026-03-03T00:58:40
/home/airflow/.local/lib/python3.7/site-packages/airflow/example_dags/example_time_delta_sensor_async.py                                   1           0  0.06s           2026-03-03T00:58:40
/home/airflow/.local/lib/python3.7/site-packages/airflow/example_dags/example_latest_only_with_trigger.py                                  1           0  0.06s           2026-03-03T00:58:40
/home/airflow/.local/lib/python3.7/site-packages/airflow/example_dags/example_trigger_controller_dag.py                                    1           0  0.06s           2026-03-03T00:58:40
/home/airflow/.local/lib/python3.7/site-packages/airflow/example_dags/example_short_circuit_operator.py                                    1           0  0.06s           2026-03-03T00:58:40
/home/airflow/.local/lib/python3.7/site-packages/airflow/example_dags/example_params_trigger_ui.py                                         1           0  0.08s           2026-03-03T00:58:40
/home/airflow/.local/lib/python3.7/site-packages/airflow/example_dags/example_dag_decorator.py                                             1           0  0.08s           2026-03-03T00:58:40
/home/airflow/.local/lib/python3.7/site-packages/airflow/example_dags/example_python_operator.py                                           1           0  0.06s           2026-03-03T00:58:40
/home/airflow/.local/lib/python3.7/site-packages/airflow/example_dags/example_trigger_target_dag.py                                        1           0  0.05s           2026-03-03T00:58:40
/home/airflow/.local/lib/python3.7/site-packages/airflow/example_dags/example_branch_operator.py                                           1           0  0.06s           2026-03-03T00:58:40
/home/airflow/.local/lib/python3.7/site-packages/airflow/example_dags/tutorial_taskflow_api.py                                             1           0  0.06s           2026-03-03T00:58:40
/home/airflow/.local/lib/python3.7/site-packages/airflow/example_dags/tutorial.py                                                          1           0  0.06s           2026-03-03T00:58:40
/home/airflow/.local/lib/python3.7/site-packages/airflow/example_dags/example_params_ui_tutorial.py                                        1           0  0.16s           2026-03-03T00:58:40
/home/airflow/.local/lib/python3.7/site-packages/airflow/example_dags/example_branch_python_dop_operator_3.py                              1           0  0.13s           2026-03-03T00:58:40
/home/airflow/.local/lib/python3.7/site-packages/airflow/example_dags/tutorial_taskflow_api_virtualenv.py                                  1           0  0.07s           2026-03-03T00:58:40
/home/airflow/.local/lib/python3.7/site-packages/airflow/example_dags/example_kubernetes_executor.py                                       1           0  0.17s           2026-03-03T00:58:40
/home/airflow/.local/lib/python3.7/site-packages/airflow/example_dags/example_nested_branch_dag.py                                         1           0  0.07s           2026-03-03T00:58:40
/home/airflow/.local/lib/python3.7/site-packages/airflow/example_dags/example_external_task_marker_dag.py                                  2           0  0.06s           2026-03-03T00:58:38
/home/airflow/.local/lib/python3.7/site-packages/airflow/example_dags/example_xcomargs.py                                                  2           0  0.08s           2026-03-03T00:58:40
/home/airflow/.local/lib/python3.7/site-packages/airflow/example_dags/example_branch_datetime_operator.py                                  3           0  0.06s           2026-03-03T00:58:40
/home/airflow/.local/lib/python3.7/site-packages/airflow/example_dags/example_subdag_operator.py                                           3           0  0.06s           2026-03-03T00:58:40
/home/airflow/.local/lib/python3.7/site-packages/airflow/example_dags/example_datasets.py                                                  6           0  0.07s           2026-03-03T00:58:37
================================================================================
[2026-03-03T00:59:38.044+0000] {manager.py:889} INFO - 
================================================================================
DAG File Processing Stats

File Path                                                                                                           PID  Runtime      # DAGs    # Errors  Last Runtime    Last Run
----------------------------------------------------------------------------------------------------------------  -----  ---------  --------  ----------  --------------  -------------------
/home/airflow/.local/lib/python3.7/site-packages/airflow/example_dags/example_setup_teardown_taskflow.py                                   0           0  0.02s           2026-03-03T00:59:07
/home/airflow/.local/lib/python3.7/site-packages/airflow/example_dags/example_setup_teardown.py                                            0           0  0.02s           2026-03-03T00:59:09
/home/airflow/.local/lib/python3.7/site-packages/airflow/example_dags/plugins/listener_plugin.py                                           0           0  0.01s           2026-03-03T00:59:11
/home/airflow/.local/lib/python3.7/site-packages/airflow/example_dags/plugins/event_listener.py                                            0           0  0.01s           2026-03-03T00:59:11
/home/airflow/.local/lib/python3.7/site-packages/airflow/example_dags/plugins/workday.py                                                   0           0  0.19s           2026-03-03T00:59:11
/home/airflow/.local/lib/python3.7/site-packages/airflow/example_dags/subdags/subdag.py                                                    0           0  0.02s           2026-03-03T00:59:11
/home/airflow/.local/lib/python3.7/site-packages/airflow/example_dags/example_sla_dag.py                            473  0.01s             1           0  0.09s           2026-03-03T00:59:07
/home/airflow/.local/lib/python3.7/site-packages/airflow/example_dags/example_task_group_decorator.py               474  0.00s             1           0  0.09s           2026-03-03T00:59:07
/home/airflow/.local/lib/python3.7/site-packages/airflow/example_dags/example_local_kubernetes_executor.py                                 1           0  0.18s           2026-03-03T00:59:08
/home/airflow/.local/lib/python3.7/site-packages/airflow/example_dags/example_branch_labels.py                                             1           0  0.07s           2026-03-03T00:59:08
/home/airflow/.local/lib/python3.7/site-packages/airflow/example_dags/example_dynamic_task_mapping.py                                      1           0  0.06s           2026-03-03T00:59:08
/home/airflow/.local/lib/python3.7/site-packages/airflow/example_dags/example_passing_params_via_test_command.py                           1           0  0.07s           2026-03-03T00:59:08
/home/airflow/.local/lib/python3.7/site-packages/airflow/example_dags/example_task_group.py                                                1           0  0.07s           2026-03-03T00:59:08
/home/airflow/.local/lib/python3.7/site-packages/airflow/example_dags/example_sensor_decorator.py                                          1           0  0.04s           2026-03-03T00:59:08
/home/airflow/.local/lib/python3.7/site-packages/airflow/example_dags/example_xcom.py                                                      1           0  0.08s           2026-03-03T00:59:09
/home/airflow/.local/lib/python3.7/site-packages/airflow/example_dags/example_branch_operator_decorator.py                                 1           0  0.08s           2026-03-03T00:59:09
/home/airflow/.local/lib/python3.7/site-packages/airflow/example_dags/example_short_circuit_decorator.py                                   1           0  0.10s           2026-03-03T00:59:09
/home/airflow/.local/lib/python3.7/site-packages/airflow/example_dags/example_branch_day_of_week_operator.py                               1           0  0.07s           2026-03-03T00:59:09
/home/airflow/.local/lib/python3.7/site-packages/airflow/example_dags/example_skip_dag.py                                                  1           0  0.06s           2026-03-03T00:59:09
/home/airflow/.local/lib/python3.7/site-packages/airflow/example_dags/example_latest_only.py                                               1           0  0.06s           2026-03-03T00:59:09
/home/airflow/.local/lib/python3.7/site-packages/airflow/example_dags/tutorial_dag.py                                                      1           0  0.05s           2026-03-03T00:59:09
/home/airflow/.local/lib/python3.7/site-packages/airflow/example_dags/example_complex.py                                                   1           0  0.06s           2026-03-03T00:59:10
/home/airflow/.local/lib/python3.7/site-packages/airflow/example_dags/example_bash_operator.py                                             1           0  0.10s           2026-03-03T00:59:11
/home/airflow/.local/lib/python3.7/site-packages/airflow/example_dags/example_sensors.py                                                   1           0  0.07s           2026-03-03T00:59:11
/home/airflow/.local/lib/python3.7/site-packages/airflow/example_dags/example_time_delta_sensor_async.py                                   1           0  0.07s           2026-03-03T00:59:11
/home/airflow/.local/lib/python3.7/site-packages/airflow/example_dags/example_latest_only_with_trigger.py                                  1           0  0.05s           2026-03-03T00:59:11
/home/airflow/.local/lib/python3.7/site-packages/airflow/example_dags/example_trigger_controller_dag.py                                    1           0  0.05s           2026-03-03T00:59:11
/home/airflow/.local/lib/python3.7/site-packages/airflow/example_dags/example_short_circuit_operator.py                                    1           0  0.05s           2026-03-03T00:59:11
/home/airflow/.local/lib/python3.7/site-packages/airflow/example_dags/example_params_trigger_ui.py                                         1           0  0.08s           2026-03-03T00:59:11
/home/airflow/.local/lib/python3.7/site-packages/airflow/example_dags/example_dag_decorator.py                                             1           0  0.08s           2026-03-03T00:59:11
/home/airflow/.local/lib/python3.7/site-packages/airflow/example_dags/example_python_operator.py                                           1           0  0.06s           2026-03-03T00:59:11
/home/airflow/.local/lib/python3.7/site-packages/airflow/example_dags/example_trigger_target_dag.py                                        1           0  0.05s           2026-03-03T00:59:11
/home/airflow/.local/lib/python3.7/site-packages/airflow/example_dags/example_branch_operator.py                                           1           0  0.06s           2026-03-03T00:59:11
/home/airflow/.local/lib/python3.7/site-packages/airflow/example_dags/tutorial_taskflow_api.py                                             1           0  0.05s           2026-03-03T00:59:11
/home/airflow/.local/lib/python3.7/site-packages/airflow/example_dags/tutorial.py                                                          1           0  0.05s           2026-03-03T00:59:11
/home/airflow/.local/lib/python3.7/site-packages/airflow/example_dags/example_params_ui_tutorial.py                                        1           0  0.09s           2026-03-03T00:59:11
/home/airflow/.local/lib/python3.7/site-packages/airflow/example_dags/example_branch_python_dop_operator_3.py                              1           0  0.05s           2026-03-03T00:59:11
/home/airflow/.local/lib/python3.7/site-packages/airflow/example_dags/tutorial_taskflow_api_virtualenv.py                                  1           0  0.05s           2026-03-03T00:59:11
/home/airflow/.local/lib/python3.7/site-packages/airflow/example_dags/example_kubernetes_executor.py                                       1           0  0.14s           2026-03-03T00:59:11
/home/airflow/.local/lib/python3.7/site-packages/airflow/example_dags/example_nested_branch_dag.py                                         1           0  0.04s           2026-03-03T00:59:11
/home/airflow/.local/lib/python3.7/site-packages/airflow/example_dags/example_external_task_marker_dag.py                                  2           0  0.06s           2026-03-03T00:59:09
/home/airflow/.local/lib/python3.7/site-packages/airflow/example_dags/example_xcomargs.py                                                  2           0  0.09s           2026-03-03T00:59:11
/home/airflow/.local/lib/python3.7/site-packages/airflow/example_dags/example_branch_datetime_operator.py                                  3           0  0.07s           2026-03-03T00:59:11
/home/airflow/.local/lib/python3.7/site-packages/airflow/example_dags/example_subdag_operator.py                                           3           0  0.07s           2026-03-03T00:59:11
/home/airflow/.local/lib/python3.7/site-packages/airflow/example_dags/example_datasets.py                                                  6           0  0.08s           2026-03-03T00:59:08
================================================================================
[2026-03-03T01:00:08.373+0000] {manager.py:889} INFO - 
================================================================================
DAG File Processing Stats

File Path                                                                                                           PID  Runtime      # DAGs    # Errors  Last Runtime    Last Run
----------------------------------------------------------------------------------------------------------------  -----  ---------  --------  ----------  --------------  -------------------
/home/airflow/.local/lib/python3.7/site-packages/airflow/example_dags/example_setup_teardown_taskflow.py                                   0           0  0.01s           2026-03-03T00:59:38
/home/airflow/.local/lib/python3.7/site-packages/airflow/example_dags/example_setup_teardown.py                                            0           0  0.02s           2026-03-03T00:59:40
/home/airflow/.local/lib/python3.7/site-packages/airflow/example_dags/plugins/listener_plugin.py                                           0           0  0.02s           2026-03-03T00:59:42
/home/airflow/.local/lib/python3.7/site-packages/airflow/example_dags/plugins/event_listener.py                                            0           0  0.03s           2026-03-03T00:59:42
/home/airflow/.local/lib/python3.7/site-packages/airflow/example_dags/plugins/workday.py                                                   0           0  0.23s           2026-03-03T00:59:42
/home/airflow/.local/lib/python3.7/site-packages/airflow/example_dags/subdags/subdag.py                                                    0           0  0.05s           2026-03-03T00:59:42
/home/airflow/.local/lib/python3.7/site-packages/airflow/example_dags/example_sla_dag.py                            535  0.02s             1           0  0.08s           2026-03-03T00:59:38
/home/airflow/.local/lib/python3.7/site-packages/airflow/example_dags/example_task_group_decorator.py               536  0.01s             1           0  0.07s           2026-03-03T00:59:38
/home/airflow/.local/lib/python3.7/site-packages/airflow/example_dags/example_local_kubernetes_executor.py                                 1           0  0.16s           2026-03-03T00:59:39
/home/airflow/.local/lib/python3.7/site-packages/airflow/example_dags/example_branch_labels.py                                             1           0  0.05s           2026-03-03T00:59:39
/home/airflow/.local/lib/python3.7/site-packages/airflow/example_dags/example_dynamic_task_mapping.py                                      1           0  0.04s           2026-03-03T00:59:39
/home/airflow/.local/lib/python3.7/site-packages/airflow/example_dags/example_passing_params_via_test_command.py                           1           0  0.06s           2026-03-03T00:59:39
/home/airflow/.local/lib/python3.7/site-packages/airflow/example_dags/example_task_group.py                                                1           0  0.05s           2026-03-03T00:59:39
/home/airflow/.local/lib/python3.7/site-packages/airflow/example_dags/example_sensor_decorator.py                                          1           0  0.05s           2026-03-03T00:59:39
/home/airflow/.local/lib/python3.7/site-packages/airflow/example_dags/example_xcom.py                                                      1           0  0.07s           2026-03-03T00:59:40
/home/airflow/.local/lib/python3.7/site-packages/airflow/example_dags/example_branch_operator_decorator.py                                 1           0  0.06s           2026-03-03T00:59:40
/home/airflow/.local/lib/python3.7/site-packages/airflow/example_dags/example_short_circuit_decorator.py                                   1           0  0.04s           2026-03-03T00:59:40
/home/airflow/.local/lib/python3.7/site-packages/airflow/example_dags/example_branch_day_of_week_operator.py                               1           0  0.05s           2026-03-03T00:59:40
/home/airflow/.local/lib/python3.7/site-packages/airflow/example_dags/example_skip_dag.py                                                  1           0  0.05s           2026-03-03T00:59:40
/home/airflow/.local/lib/python3.7/site-packages/airflow/example_dags/example_latest_only.py                                               1           0  0.06s           2026-03-03T00:59:40
/home/airflow/.local/lib/python3.7/site-packages/airflow/example_dags/tutorial_dag.py                                                      1           0  0.06s           2026-03-03T00:59:40
/home/airflow/.local/lib/python3.7/site-packages/airflow/example_dags/example_complex.py                                                   1           0  0.06s           2026-03-03T00:59:40
/home/airflow/.local/lib/python3.7/site-packages/airflow/example_dags/example_bash_operator.py                                             1           0  0.16s           2026-03-03T00:59:41
/home/airflow/.local/lib/python3.7/site-packages/airflow/example_dags/example_sensors.py                                                   1           0  0.08s           2026-03-03T00:59:41
/home/airflow/.local/lib/python3.7/site-packages/airflow/example_dags/example_time_delta_sensor_async.py                                   1           0  0.06s           2026-03-03T00:59:41
/home/airflow/.local/lib/python3.7/site-packages/airflow/example_dags/example_latest_only_with_trigger.py                                  1           0  0.06s           2026-03-03T00:59:42
/home/airflow/.local/lib/python3.7/site-packages/airflow/example_dags/example_trigger_controller_dag.py                                    1           0  0.04s           2026-03-03T00:59:42
/home/airflow/.local/lib/python3.7/site-packages/airflow/example_dags/example_short_circuit_operator.py                                    1           0  0.05s           2026-03-03T00:59:42
/home/airflow/.local/lib/python3.7/site-packages/airflow/example_dags/example_params_trigger_ui.py                                         1           0  0.09s           2026-03-03T00:59:42
/home/airflow/.local/lib/python3.7/site-packages/airflow/example_dags/example_dag_decorator.py                                             1           0  0.08s           2026-03-03T00:59:42
/home/airflow/.local/lib/python3.7/site-packages/airflow/example_dags/example_python_operator.py                                           1           0  0.05s           2026-03-03T00:59:42
/home/airflow/.local/lib/python3.7/site-packages/airflow/example_dags/example_trigger_target_dag.py                                        1           0  0.06s           2026-03-03T00:59:42
/home/airflow/.local/lib/python3.7/site-packages/airflow/example_dags/example_branch_operator.py                                           1           0  0.06s           2026-03-03T00:59:42
/home/airflow/.local/lib/python3.7/site-packages/airflow/example_dags/tutorial_taskflow_api.py                                             1           0  0.06s           2026-03-03T00:59:42
/home/airflow/.local/lib/python3.7/site-packages/airflow/example_dags/tutorial.py                                                          1           0  0.06s           2026-03-03T00:59:42
/home/airflow/.local/lib/python3.7/site-packages/airflow/example_dags/example_params_ui_tutorial.py                                        1           0  0.10s           2026-03-03T00:59:42
/home/airflow/.local/lib/python3.7/site-packages/airflow/example_dags/example_branch_python_dop_operator_3.py                              1           0  0.05s           2026-03-03T00:59:42
/home/airflow/.local/lib/python3.7/site-packages/airflow/example_dags/tutorial_taskflow_api_virtualenv.py                                  1           0  0.06s           2026-03-03T00:59:42
/home/airflow/.local/lib/python3.7/site-packages/airflow/example_dags/example_kubernetes_executor.py                                       1           0  0.19s           2026-03-03T00:59:42
/home/airflow/.local/lib/python3.7/site-packages/airflow/example_dags/example_nested_branch_dag.py                                         1           0  0.05s           2026-03-03T00:59:42
/home/airflow/.local/lib/python3.7/site-packages/airflow/example_dags/example_external_task_marker_dag.py                                  2           0  0.06s           2026-03-03T00:59:40
/home/airflow/.local/lib/python3.7/site-packages/airflow/example_dags/example_xcomargs.py                                                  2           0  0.16s           2026-03-03T00:59:41
/home/airflow/.local/lib/python3.7/site-packages/airflow/example_dags/example_branch_datetime_operator.py                                  3           0  0.07s           2026-03-03T00:59:42
/home/airflow/.local/lib/python3.7/site-packages/airflow/example_dags/example_subdag_operator.py                                           3           0  0.08s           2026-03-03T00:59:42
/home/airflow/.local/lib/python3.7/site-packages/airflow/example_dags/example_datasets.py                                                  6           0  0.09s           2026-03-03T00:59:39
================================================================================
[2026-03-03T01:00:38.396+0000] {manager.py:889} INFO - 
================================================================================
DAG File Processing Stats

File Path                                                                                                         PID    Runtime      # DAGs    # Errors  Last Runtime    Last Run
----------------------------------------------------------------------------------------------------------------  -----  ---------  --------  ----------  --------------  -------------------
/home/airflow/.local/lib/python3.7/site-packages/airflow/example_dags/example_setup_teardown_taskflow.py                                   0           0  0.07s           2026-03-03T01:00:08
/home/airflow/.local/lib/python3.7/site-packages/airflow/example_dags/example_setup_teardown.py                                            0           0  0.08s           2026-03-03T01:00:11
/home/airflow/.local/lib/python3.7/site-packages/airflow/example_dags/plugins/listener_plugin.py                                           0           0  0.10s           2026-03-03T01:00:16
/home/airflow/.local/lib/python3.7/site-packages/airflow/example_dags/plugins/event_listener.py                                            0           0  0.08s           2026-03-03T01:00:16
/home/airflow/.local/lib/python3.7/site-packages/airflow/example_dags/plugins/workday.py                                                   0           0  1.01s           2026-03-03T01:00:17
/home/airflow/.local/lib/python3.7/site-packages/airflow/example_dags/subdags/subdag.py                                                    0           0  0.15s           2026-03-03T01:00:16
/home/airflow/.local/lib/python3.7/site-packages/airflow/example_dags/example_sla_dag.py                                                   1           0  0.28s           2026-03-03T01:00:08
/home/airflow/.local/lib/python3.7/site-packages/airflow/example_dags/example_task_group_decorator.py                                      1           0  0.30s           2026-03-03T01:00:08
/home/airflow/.local/lib/python3.7/site-packages/airflow/example_dags/example_local_kubernetes_executor.py                                 1           0  0.78s           2026-03-03T01:00:10
/home/airflow/.local/lib/python3.7/site-packages/airflow/example_dags/example_branch_labels.py                                             1           0  0.29s           2026-03-03T01:00:09
/home/airflow/.local/lib/python3.7/site-packages/airflow/example_dags/example_dynamic_task_mapping.py                                      1           0  0.26s           2026-03-03T01:00:10
/home/airflow/.local/lib/python3.7/site-packages/airflow/example_dags/example_passing_params_via_test_command.py                           1           0  0.27s           2026-03-03T01:00:10
/home/airflow/.local/lib/python3.7/site-packages/airflow/example_dags/example_task_group.py                                                1           0  0.28s           2026-03-03T01:00:10
/home/airflow/.local/lib/python3.7/site-packages/airflow/example_dags/example_sensor_decorator.py                                          1           0  0.25s           2026-03-03T01:00:11
/home/airflow/.local/lib/python3.7/site-packages/airflow/example_dags/example_xcom.py                                                      1           0  0.25s           2026-03-03T01:00:11
/home/airflow/.local/lib/python3.7/site-packages/airflow/example_dags/example_branch_operator_decorator.py                                 1           0  0.28s           2026-03-03T01:00:11
/home/airflow/.local/lib/python3.7/site-packages/airflow/example_dags/example_short_circuit_decorator.py                                   1           0  0.28s           2026-03-03T01:00:11
/home/airflow/.local/lib/python3.7/site-packages/airflow/example_dags/example_branch_day_of_week_operator.py                               1           0  0.27s           2026-03-03T01:00:11
/home/airflow/.local/lib/python3.7/site-packages/airflow/example_dags/example_skip_dag.py                                                  1           0  0.26s           2026-03-03T01:00:11
/home/airflow/.local/lib/python3.7/site-packages/airflow/example_dags/example_latest_only.py                                               1           0  0.27s           2026-03-03T01:00:11
/home/airflow/.local/lib/python3.7/site-packages/airflow/example_dags/tutorial_dag.py                                                      1           0  0.25s           2026-03-03T01:00:12
/home/airflow/.local/lib/python3.7/site-packages/airflow/example_dags/example_complex.py                                                   1           0  0.30s           2026-03-03T01:00:12
/home/airflow/.local/lib/python3.7/site-packages/airflow/example_dags/example_bash_operator.py                                             1           0  0.33s           2026-03-03T01:00:12
/home/airflow/.local/lib/python3.7/site-packages/airflow/example_dags/example_sensors.py                                                   1           0  0.31s           2026-03-03T01:00:12
/home/airflow/.local/lib/python3.7/site-packages/airflow/example_dags/example_time_delta_sensor_async.py                                   1           0  0.27s           2026-03-03T01:00:12
/home/airflow/.local/lib/python3.7/site-packages/airflow/example_dags/example_latest_only_with_trigger.py                                  1           0  0.28s           2026-03-03T01:00:13
/home/airflow/.local/lib/python3.7/site-packages/airflow/example_dags/example_trigger_controller_dag.py                                    1           0  0.27s           2026-03-03T01:00:13
/home/airflow/.local/lib/python3.7/site-packages/airflow/example_dags/example_short_circuit_operator.py                                    1           0  0.26s           2026-03-03T01:00:13
/home/airflow/.local/lib/python3.7/site-packages/airflow/example_dags/example_params_trigger_ui.py                                         1           0  0.47s           2026-03-03T01:00:13
/home/airflow/.local/lib/python3.7/site-packages/airflow/example_dags/example_dag_decorator.py                                             1           0  0.43s           2026-03-03T01:00:14
/home/airflow/.local/lib/python3.7/site-packages/airflow/example_dags/example_python_operator.py                                           1           0  0.30s           2026-03-03T01:00:14
/home/airflow/.local/lib/python3.7/site-packages/airflow/example_dags/example_trigger_target_dag.py                                        1           0  0.26s           2026-03-03T01:00:14
/home/airflow/.local/lib/python3.7/site-packages/airflow/example_dags/example_branch_operator.py                                           1           0  0.28s           2026-03-03T01:00:14
/home/airflow/.local/lib/python3.7/site-packages/airflow/example_dags/tutorial_taskflow_api.py                                             1           0  0.27s           2026-03-03T01:00:14
/home/airflow/.local/lib/python3.7/site-packages/airflow/example_dags/tutorial.py                                                          1           0  0.28s           2026-03-03T01:00:14
/home/airflow/.local/lib/python3.7/site-packages/airflow/example_dags/example_params_ui_tutorial.py                                        1           0  0.46s           2026-03-03T01:00:15
/home/airflow/.local/lib/python3.7/site-packages/airflow/example_dags/example_branch_python_dop_operator_3.py                              1           0  0.29s           2026-03-03T01:00:15
/home/airflow/.local/lib/python3.7/site-packages/airflow/example_dags/tutorial_taskflow_api_virtualenv.py                                  1           0  0.30s           2026-03-03T01:00:15
/home/airflow/.local/lib/python3.7/site-packages/airflow/example_dags/example_kubernetes_executor.py                                       1           0  0.77s           2026-03-03T01:00:16
/home/airflow/.local/lib/python3.7/site-packages/airflow/example_dags/example_nested_branch_dag.py                                         1           0  0.31s           2026-03-03T01:00:16
/home/airflow/.local/lib/python3.7/site-packages/airflow/example_dags/example_external_task_marker_dag.py                                  2           0  0.30s           2026-03-03T01:00:12
/home/airflow/.local/lib/python3.7/site-packages/airflow/example_dags/example_xcomargs.py                                                  2           0  0.31s           2026-03-03T01:00:12
/home/airflow/.local/lib/python3.7/site-packages/airflow/example_dags/example_branch_datetime_operator.py                                  3           0  0.35s           2026-03-03T01:00:13
/home/airflow/.local/lib/python3.7/site-packages/airflow/example_dags/example_subdag_operator.py                                           3           0  0.37s           2026-03-03T01:00:15
/home/airflow/.local/lib/python3.7/site-packages/airflow/example_dags/example_datasets.py                                                  6           0  0.41s           2026-03-03T01:00:10
================================================================================
[2026-03-03T01:01:02.941+0000] {manager.py:758} INFO - Searching for files in /opt/airflow/dags
[2026-03-03T01:01:02.958+0000] {manager.py:761} INFO - There are 45 files in /opt/airflow/dags
[2026-03-03T01:01:08.683+0000] {manager.py:889} INFO - 
================================================================================
DAG File Processing Stats

File Path                                                                                                         PID    Runtime      # DAGs    # Errors  Last Runtime    Last Run
----------------------------------------------------------------------------------------------------------------  -----  ---------  --------  ----------  --------------  -------------------
/home/airflow/.local/lib/python3.7/site-packages/airflow/example_dags/example_setup_teardown_taskflow.py                                   0           0  0.09s           2026-03-03T01:00:38
/home/airflow/.local/lib/python3.7/site-packages/airflow/example_dags/example_setup_teardown.py                                            0           0  0.08s           2026-03-03T01:00:42
/home/airflow/.local/lib/python3.7/site-packages/airflow/example_dags/plugins/listener_plugin.py                                           0           0  0.09s           2026-03-03T01:00:47
/home/airflow/.local/lib/python3.7/site-packages/airflow/example_dags/plugins/event_listener.py                                            0           0  0.09s           2026-03-03T01:00:47
/home/airflow/.local/lib/python3.7/site-packages/airflow/example_dags/plugins/workday.py                                                   0           0  0.91s           2026-03-03T01:00:48
/home/airflow/.local/lib/python3.7/site-packages/airflow/example_dags/subdags/subdag.py                                                    0           0  0.09s           2026-03-03T01:00:47
/home/airflow/.local/lib/python3.7/site-packages/airflow/example_dags/example_sla_dag.py                                                   1           0  0.24s           2026-03-03T01:00:38
/home/airflow/.local/lib/python3.7/site-packages/airflow/example_dags/example_task_group_decorator.py                                      1           0  0.29s           2026-03-03T01:00:39
/home/airflow/.local/lib/python3.7/site-packages/airflow/example_dags/example_local_kubernetes_executor.py                                 1           0  0.66s           2026-03-03T01:00:41
/home/airflow/.local/lib/python3.7/site-packages/airflow/example_dags/example_branch_labels.py                                             1           0  0.24s           2026-03-03T01:00:40
/home/airflow/.local/lib/python3.7/site-packages/airflow/example_dags/example_dynamic_task_mapping.py                                      1           0  0.23s           2026-03-03T01:00:40
/home/airflow/.local/lib/python3.7/site-packages/airflow/example_dags/example_passing_params_via_test_command.py                           1           0  0.31s           2026-03-03T01:00:41
/home/airflow/.local/lib/python3.7/site-packages/airflow/example_dags/example_task_group.py                                                1           0  0.27s           2026-03-03T01:00:41
/home/airflow/.local/lib/python3.7/site-packages/airflow/example_dags/example_sensor_decorator.py                                          1           0  0.21s           2026-03-03T01:00:42
/home/airflow/.local/lib/python3.7/site-packages/airflow/example_dags/example_xcom.py                                                      1           0  0.26s           2026-03-03T01:00:42
/home/airflow/.local/lib/python3.7/site-packages/airflow/example_dags/example_branch_operator_decorator.py                                 1           0  0.29s           2026-03-03T01:00:42
/home/airflow/.local/lib/python3.7/site-packages/airflow/example_dags/example_short_circuit_decorator.py                                   1           0  0.31s           2026-03-03T01:00:42
/home/airflow/.local/lib/python3.7/site-packages/airflow/example_dags/example_branch_day_of_week_operator.py                               1           0  0.34s           2026-03-03T01:00:42
/home/airflow/.local/lib/python3.7/site-packages/airflow/example_dags/example_skip_dag.py                                                  1           0  0.31s           2026-03-03T01:00:43
/home/airflow/.local/lib/python3.7/site-packages/airflow/example_dags/example_latest_only.py                                               1           0  0.28s           2026-03-03T01:00:43
/home/airflow/.local/lib/python3.7/site-packages/airflow/example_dags/tutorial_dag.py                                                      1           0  0.27s           2026-03-03T01:00:43
/home/airflow/.local/lib/python3.7/site-packages/airflow/example_dags/example_complex.py                                                   1           0  0.31s           2026-03-03T01:00:43
/home/airflow/.local/lib/python3.7/site-packages/airflow/example_dags/example_bash_operator.py                                             1           0  0.33s           2026-03-03T01:00:43
/home/airflow/.local/lib/python3.7/site-packages/airflow/example_dags/example_sensors.py                                                   1           0  0.31s           2026-03-03T01:00:44
/home/airflow/.local/lib/python3.7/site-packages/airflow/example_dags/example_time_delta_sensor_async.py                                   1           0  0.26s           2026-03-03T01:00:44
/home/airflow/.local/lib/python3.7/site-packages/airflow/example_dags/example_latest_only_with_trigger.py                                  1           0  0.27s           2026-03-03T01:00:44
/home/airflow/.local/lib/python3.7/site-packages/airflow/example_dags/example_trigger_controller_dag.py                                    1           0  0.26s           2026-03-03T01:00:44
/home/airflow/.local/lib/python3.7/site-packages/airflow/example_dags/example_short_circuit_operator.py                                    1           0  0.27s           2026-03-03T01:00:44
/home/airflow/.local/lib/python3.7/site-packages/airflow/example_dags/example_params_trigger_ui.py                                         1           0  0.45s           2026-03-03T01:00:44
/home/airflow/.local/lib/python3.7/site-packages/airflow/example_dags/example_dag_decorator.py                                             1           0  0.41s           2026-03-03T01:00:45
/home/airflow/.local/lib/python3.7/site-packages/airflow/example_dags/example_python_operator.py                                           1           0  0.31s           2026-03-03T01:00:45
/home/airflow/.local/lib/python3.7/site-packages/airflow/example_dags/example_trigger_target_dag.py                                        1           0  0.27s           2026-03-03T01:00:45
/home/airflow/.local/lib/python3.7/site-packages/airflow/example_dags/example_branch_operator.py                                           1           0  0.29s           2026-03-03T01:00:45
/home/airflow/.local/lib/python3.7/site-packages/airflow/example_dags/tutorial_taskflow_api.py                                             1           0  0.27s           2026-03-03T01:00:45
/home/airflow/.local/lib/python3.7/site-packages/airflow/example_dags/tutorial.py                                                          1           0  0.27s           2026-03-03T01:00:46
/home/airflow/.local/lib/python3.7/site-packages/airflow/example_dags/example_params_ui_tutorial.py                                        1           0  0.42s           2026-03-03T01:00:46
/home/airflow/.local/lib/python3.7/site-packages/airflow/example_dags/example_branch_python_dop_operator_3.py                              1           0  0.27s           2026-03-03T01:00:46
/home/airflow/.local/lib/python3.7/site-packages/airflow/example_dags/tutorial_taskflow_api_virtualenv.py                                  1           0  0.29s           2026-03-03T01:00:46
/home/airflow/.local/lib/python3.7/site-packages/airflow/example_dags/example_kubernetes_executor.py                                       1           0  0.68s           2026-03-03T01:00:47
/home/airflow/.local/lib/python3.7/site-packages/airflow/example_dags/example_nested_branch_dag.py                                         1           0  0.31s           2026-03-03T01:00:47
/home/airflow/.local/lib/python3.7/site-packages/airflow/example_dags/example_external_task_marker_dag.py                                  2           0  0.29s           2026-03-03T01:00:43
/home/airflow/.local/lib/python3.7/site-packages/airflow/example_dags/example_xcomargs.py                                                  2           0  0.31s           2026-03-03T01:00:43
/home/airflow/.local/lib/python3.7/site-packages/airflow/example_dags/example_branch_datetime_operator.py                                  3           0  0.32s           2026-03-03T01:00:45
/home/airflow/.local/lib/python3.7/site-packages/airflow/example_dags/example_subdag_operator.py                                           3           0  0.35s           2026-03-03T01:00:46
/home/airflow/.local/lib/python3.7/site-packages/airflow/example_dags/example_datasets.py                                                  6           0  0.40s           2026-03-03T01:00:41
================================================================================
[2026-03-03T01:01:38.695+0000] {manager.py:889} INFO - 
================================================================================
DAG File Processing Stats

File Path                                                                                                         PID    Runtime      # DAGs    # Errors  Last Runtime    Last Run
----------------------------------------------------------------------------------------------------------------  -----  ---------  --------  ----------  --------------  -------------------
/home/airflow/.local/lib/python3.7/site-packages/airflow/example_dags/example_setup_teardown_taskflow.py                                   0           0  0.04s           2026-03-03T01:01:09
/home/airflow/.local/lib/python3.7/site-packages/airflow/example_dags/example_setup_teardown.py                                            0           0  0.02s           2026-03-03T01:01:13
/home/airflow/.local/lib/python3.7/site-packages/airflow/example_dags/plugins/listener_plugin.py                                           0           0  0.02s           2026-03-03T01:01:18
/home/airflow/.local/lib/python3.7/site-packages/airflow/example_dags/plugins/event_listener.py                                            0           0  0.02s           2026-03-03T01:01:18
/home/airflow/.local/lib/python3.7/site-packages/airflow/example_dags/plugins/workday.py                                                   0           0  0.20s           2026-03-03T01:01:18
/home/airflow/.local/lib/python3.7/site-packages/airflow/example_dags/subdags/subdag.py                                                    0           0  0.02s           2026-03-03T01:01:18
/home/airflow/.local/lib/python3.7/site-packages/airflow/example_dags/example_sla_dag.py                                                   1           0  0.08s           2026-03-03T01:01:09
/home/airflow/.local/lib/python3.7/site-packages/airflow/example_dags/example_task_group_decorator.py                                      1           0  0.08s           2026-03-03T01:01:10
/home/airflow/.local/lib/python3.7/site-packages/airflow/example_dags/example_local_kubernetes_executor.py                                 1           0  0.13s           2026-03-03T01:01:11
/home/airflow/.local/lib/python3.7/site-packages/airflow/example_dags/example_branch_labels.py                                             1           0  0.08s           2026-03-03T01:01:11
/home/airflow/.local/lib/python3.7/site-packages/airflow/example_dags/example_dynamic_task_mapping.py                                      1           0  0.07s           2026-03-03T01:01:11
/home/airflow/.local/lib/python3.7/site-packages/airflow/example_dags/example_passing_params_via_test_command.py                           1           0  0.08s           2026-03-03T01:01:12
/home/airflow/.local/lib/python3.7/site-packages/airflow/example_dags/example_task_group.py                                                1           0  0.08s           2026-03-03T01:01:12
/home/airflow/.local/lib/python3.7/site-packages/airflow/example_dags/example_sensor_decorator.py                                          1           0  0.05s           2026-03-03T01:01:12
/home/airflow/.local/lib/python3.7/site-packages/airflow/example_dags/example_xcom.py                                                      1           0  0.08s           2026-03-03T01:01:13
/home/airflow/.local/lib/python3.7/site-packages/airflow/example_dags/example_branch_operator_decorator.py                                 1           0  0.07s           2026-03-03T01:01:13
/home/airflow/.local/lib/python3.7/site-packages/airflow/example_dags/example_short_circuit_decorator.py                                   1           0  0.06s           2026-03-03T01:01:13
/home/airflow/.local/lib/python3.7/site-packages/airflow/example_dags/example_branch_day_of_week_operator.py                               1           0  0.06s           2026-03-03T01:01:13
/home/airflow/.local/lib/python3.7/site-packages/airflow/example_dags/example_skip_dag.py                                                  1           0  0.06s           2026-03-03T01:01:13
/home/airflow/.local/lib/python3.7/site-packages/airflow/example_dags/example_latest_only.py                                               1           0  0.05s           2026-03-03T01:01:13
/home/airflow/.local/lib/python3.7/site-packages/airflow/example_dags/tutorial_dag.py                                                      1           0  0.05s           2026-03-03T01:01:13
/home/airflow/.local/lib/python3.7/site-packages/airflow/example_dags/example_complex.py                                                   1           0  0.08s           2026-03-03T01:01:14
/home/airflow/.local/lib/python3.7/site-packages/airflow/example_dags/example_bash_operator.py                                             1           0  0.08s           2026-03-03T01:01:14
/home/airflow/.local/lib/python3.7/site-packages/airflow/example_dags/example_sensors.py                                                   1           0  0.06s           2026-03-03T01:01:14
/home/airflow/.local/lib/python3.7/site-packages/airflow/example_dags/example_time_delta_sensor_async.py                                   1           0  0.05s           2026-03-03T01:01:14
/home/airflow/.local/lib/python3.7/site-packages/airflow/example_dags/example_latest_only_with_trigger.py                                  1           0  0.06s           2026-03-03T01:01:14
/home/airflow/.local/lib/python3.7/site-packages/airflow/example_dags/example_trigger_controller_dag.py                                    1           0  0.05s           2026-03-03T01:01:14
/home/airflow/.local/lib/python3.7/site-packages/airflow/example_dags/example_short_circuit_operator.py                                    1           0  0.05s           2026-03-03T01:01:14
/home/airflow/.local/lib/python3.7/site-packages/airflow/example_dags/example_params_trigger_ui.py                                         1           0  0.11s           2026-03-03T01:01:15
/home/airflow/.local/lib/python3.7/site-packages/airflow/example_dags/example_dag_decorator.py                                             1           0  0.08s           2026-03-03T01:01:16
/home/airflow/.local/lib/python3.7/site-packages/airflow/example_dags/example_python_operator.py                                           1           0  0.06s           2026-03-03T01:01:16
/home/airflow/.local/lib/python3.7/site-packages/airflow/example_dags/example_trigger_target_dag.py                                        1           0  0.05s           2026-03-03T01:01:16
/home/airflow/.local/lib/python3.7/site-packages/airflow/example_dags/example_branch_operator.py                                           1           0  0.05s           2026-03-03T01:01:16
/home/airflow/.local/lib/python3.7/site-packages/airflow/example_dags/tutorial_taskflow_api.py                                             1           0  0.04s           2026-03-03T01:01:16
/home/airflow/.local/lib/python3.7/site-packages/airflow/example_dags/tutorial.py                                                          1           0  0.04s           2026-03-03T01:01:16
/home/airflow/.local/lib/python3.7/site-packages/airflow/example_dags/example_params_ui_tutorial.py                                        1           0  0.11s           2026-03-03T01:01:17
/home/airflow/.local/lib/python3.7/site-packages/airflow/example_dags/example_branch_python_dop_operator_3.py                              1           0  0.07s           2026-03-03T01:01:17
/home/airflow/.local/lib/python3.7/site-packages/airflow/example_dags/tutorial_taskflow_api_virtualenv.py                                  1           0  0.05s           2026-03-03T01:01:17
/home/airflow/.local/lib/python3.7/site-packages/airflow/example_dags/example_kubernetes_executor.py                                       1           0  0.20s           2026-03-03T01:01:18
/home/airflow/.local/lib/python3.7/site-packages/airflow/example_dags/example_nested_branch_dag.py                                         1           0  0.08s           2026-03-03T01:01:18
/home/airflow/.local/lib/python3.7/site-packages/airflow/example_dags/example_external_task_marker_dag.py                                  2           0  0.04s           2026-03-03T01:01:13
/home/airflow/.local/lib/python3.7/site-packages/airflow/example_dags/example_xcomargs.py                                                  2           0  0.06s           2026-03-03T01:01:14
/home/airflow/.local/lib/python3.7/site-packages/airflow/example_dags/example_branch_datetime_operator.py                                  3           0  0.08s           2026-03-03T01:01:15
/home/airflow/.local/lib/python3.7/site-packages/airflow/example_dags/example_subdag_operator.py                                           3           0  0.07s           2026-03-03T01:01:17
/home/airflow/.local/lib/python3.7/site-packages/airflow/example_dags/example_datasets.py                                                  6           0  0.06s           2026-03-03T01:01:12
================================================================================
[2026-03-03T01:02:09.542+0000] {manager.py:889} INFO - 
================================================================================
DAG File Processing Stats

File Path                                                                                                         PID    Runtime      # DAGs    # Errors  Last Runtime    Last Run
----------------------------------------------------------------------------------------------------------------  -----  ---------  --------  ----------  --------------  -------------------
/home/airflow/.local/lib/python3.7/site-packages/airflow/example_dags/example_setup_teardown_taskflow.py                                   0           0  0.03s           2026-03-03T01:01:39
/home/airflow/.local/lib/python3.7/site-packages/airflow/example_dags/example_setup_teardown.py                                            0           0  0.02s           2026-03-03T01:01:44
/home/airflow/.local/lib/python3.7/site-packages/airflow/example_dags/plugins/listener_plugin.py                                           0           0  0.02s           2026-03-03T01:01:49
/home/airflow/.local/lib/python3.7/site-packages/airflow/example_dags/plugins/event_listener.py                                            0           0  0.02s           2026-03-03T01:01:49
/home/airflow/.local/lib/python3.7/site-packages/airflow/example_dags/plugins/workday.py                                                   0           0  0.19s           2026-03-03T01:01:49
/home/airflow/.local/lib/python3.7/site-packages/airflow/example_dags/subdags/subdag.py                                                    0           0  0.02s           2026-03-03T01:01:49
/home/airflow/.local/lib/python3.7/site-packages/airflow/example_dags/example_sla_dag.py                                                   1           0  0.08s           2026-03-03T01:01:39
/home/airflow/.local/lib/python3.7/site-packages/airflow/example_dags/example_task_group_decorator.py                                      1           0  0.07s           2026-03-03T01:01:40
/home/airflow/.local/lib/python3.7/site-packages/airflow/example_dags/example_local_kubernetes_executor.py                                 1           0  0.15s           2026-03-03T01:01:41
/home/airflow/.local/lib/python3.7/site-packages/airflow/example_dags/example_branch_labels.py                                             1           0  0.07s           2026-03-03T01:01:41
/home/airflow/.local/lib/python3.7/site-packages/airflow/example_dags/example_dynamic_task_mapping.py                                      1           0  0.05s           2026-03-03T01:01:41
/home/airflow/.local/lib/python3.7/site-packages/airflow/example_dags/example_passing_params_via_test_command.py                           1           0  0.07s           2026-03-03T01:01:43
/home/airflow/.local/lib/python3.7/site-packages/airflow/example_dags/example_task_group.py                                                1           0  0.07s           2026-03-03T01:01:43
/home/airflow/.local/lib/python3.7/site-packages/airflow/example_dags/example_sensor_decorator.py                                          1           0  0.06s           2026-03-03T01:01:43
/home/airflow/.local/lib/python3.7/site-packages/airflow/example_dags/example_xcom.py                                                      1           0  0.07s           2026-03-03T01:01:44
/home/airflow/.local/lib/python3.7/site-packages/airflow/example_dags/example_branch_operator_decorator.py                                 1           0  0.07s           2026-03-03T01:01:44
/home/airflow/.local/lib/python3.7/site-packages/airflow/example_dags/example_short_circuit_decorator.py                                   1           0  0.06s           2026-03-03T01:01:44
/home/airflow/.local/lib/python3.7/site-packages/airflow/example_dags/example_branch_day_of_week_operator.py                               1           0  0.06s           2026-03-03T01:01:44
/home/airflow/.local/lib/python3.7/site-packages/airflow/example_dags/example_skip_dag.py                                                  1           0  0.06s           2026-03-03T01:01:44
/home/airflow/.local/lib/python3.7/site-packages/airflow/example_dags/example_latest_only.py                                               1           0  0.05s           2026-03-03T01:01:44
/home/airflow/.local/lib/python3.7/site-packages/airflow/example_dags/tutorial_dag.py                                                      1           0  0.05s           2026-03-03T01:01:44
/home/airflow/.local/lib/python3.7/site-packages/airflow/example_dags/example_complex.py                                                   1           0  0.09s           2026-03-03T01:01:45
/home/airflow/.local/lib/python3.7/site-packages/airflow/example_dags/example_bash_operator.py                                             1           0  0.09s           2026-03-03T01:01:45
/home/airflow/.local/lib/python3.7/site-packages/airflow/example_dags/example_sensors.py                                                   1           0  0.06s           2026-03-03T01:01:45
/home/airflow/.local/lib/python3.7/site-packages/airflow/example_dags/example_time_delta_sensor_async.py                                   1           0  0.06s           2026-03-03T01:01:45
/home/airflow/.local/lib/python3.7/site-packages/airflow/example_dags/example_latest_only_with_trigger.py                                  1           0  0.05s           2026-03-03T01:01:45
/home/airflow/.local/lib/python3.7/site-packages/airflow/example_dags/example_trigger_controller_dag.py                                    1           0  0.05s           2026-03-03T01:01:45
/home/airflow/.local/lib/python3.7/site-packages/airflow/example_dags/example_short_circuit_operator.py                                    1           0  0.04s           2026-03-03T01:01:45
/home/airflow/.local/lib/python3.7/site-packages/airflow/example_dags/example_params_trigger_ui.py                                         1           0  0.12s           2026-03-03T01:01:46
/home/airflow/.local/lib/python3.7/site-packages/airflow/example_dags/example_dag_decorator.py                                             1           0  0.09s           2026-03-03T01:01:46
/home/airflow/.local/lib/python3.7/site-packages/airflow/example_dags/example_python_operator.py                                           1           0  0.06s           2026-03-03T01:01:46
/home/airflow/.local/lib/python3.7/site-packages/airflow/example_dags/example_trigger_target_dag.py                                        1           0  0.05s           2026-03-03T01:01:46
/home/airflow/.local/lib/python3.7/site-packages/airflow/example_dags/example_branch_operator.py                                           1           0  0.06s           2026-03-03T01:01:46
/home/airflow/.local/lib/python3.7/site-packages/airflow/example_dags/tutorial_taskflow_api.py                                             1           0  0.05s           2026-03-03T01:01:46
/home/airflow/.local/lib/python3.7/site-packages/airflow/example_dags/tutorial.py                                                          1           0  0.05s           2026-03-03T01:01:46
/home/airflow/.local/lib/python3.7/site-packages/airflow/example_dags/example_params_ui_tutorial.py                                        1           0  0.11s           2026-03-03T01:01:48
/home/airflow/.local/lib/python3.7/site-packages/airflow/example_dags/example_branch_python_dop_operator_3.py                              1           0  0.07s           2026-03-03T01:01:48
/home/airflow/.local/lib/python3.7/site-packages/airflow/example_dags/tutorial_taskflow_api_virtualenv.py                                  1           0  0.06s           2026-03-03T01:01:48
/home/airflow/.local/lib/python3.7/site-packages/airflow/example_dags/example_kubernetes_executor.py                                       1           0  0.23s           2026-03-03T01:01:49
/home/airflow/.local/lib/python3.7/site-packages/airflow/example_dags/example_nested_branch_dag.py                                         1           0  0.07s           2026-03-03T01:01:49
/home/airflow/.local/lib/python3.7/site-packages/airflow/example_dags/example_external_task_marker_dag.py                                  2           0  0.05s           2026-03-03T01:01:44
/home/airflow/.local/lib/python3.7/site-packages/airflow/example_dags/example_xcomargs.py                                                  2           0  0.06s           2026-03-03T01:01:45
/home/airflow/.local/lib/python3.7/site-packages/airflow/example_dags/example_branch_datetime_operator.py                                  3           0  0.08s           2026-03-03T01:01:46
/home/airflow/.local/lib/python3.7/site-packages/airflow/example_dags/example_subdag_operator.py                                           3           0  0.07s           2026-03-03T01:01:48
/home/airflow/.local/lib/python3.7/site-packages/airflow/example_dags/example_datasets.py                                                  6           0  0.08s           2026-03-03T01:01:43
================================================================================
[2026-03-03T01:02:40.299+0000] {manager.py:889} INFO - 
================================================================================
DAG File Processing Stats

File Path                                                                                                         PID    Runtime      # DAGs    # Errors  Last Runtime    Last Run
----------------------------------------------------------------------------------------------------------------  -----  ---------  --------  ----------  --------------  -------------------
/home/airflow/.local/lib/python3.7/site-packages/airflow/example_dags/example_setup_teardown_taskflow.py                                   0           0  0.02s           2026-03-03T01:02:10
/home/airflow/.local/lib/python3.7/site-packages/airflow/example_dags/example_setup_teardown.py                                            0           0  0.02s           2026-03-03T01:02:15
/home/airflow/.local/lib/python3.7/site-packages/airflow/example_dags/plugins/listener_plugin.py                                           0           0  0.03s           2026-03-03T01:02:19
/home/airflow/.local/lib/python3.7/site-packages/airflow/example_dags/plugins/event_listener.py                                            0           0  0.02s           2026-03-03T01:02:20
/home/airflow/.local/lib/python3.7/site-packages/airflow/example_dags/plugins/workday.py                                                   0           0  0.21s           2026-03-03T01:02:20
/home/airflow/.local/lib/python3.7/site-packages/airflow/example_dags/subdags/subdag.py                                                    0           0  0.02s           2026-03-03T01:02:20
/home/airflow/.local/lib/python3.7/site-packages/airflow/example_dags/example_sla_dag.py                                                   1           0  0.06s           2026-03-03T01:02:10
/home/airflow/.local/lib/python3.7/site-packages/airflow/example_dags/example_task_group_decorator.py                                      1           0  0.07s           2026-03-03T01:02:11
/home/airflow/.local/lib/python3.7/site-packages/airflow/example_dags/example_local_kubernetes_executor.py                                 1           0  0.17s           2026-03-03T01:02:12
/home/airflow/.local/lib/python3.7/site-packages/airflow/example_dags/example_branch_labels.py                                             1           0  0.07s           2026-03-03T01:02:12
/home/airflow/.local/lib/python3.7/site-packages/airflow/example_dags/example_dynamic_task_mapping.py                                      1           0  0.06s           2026-03-03T01:02:12
/home/airflow/.local/lib/python3.7/site-packages/airflow/example_dags/example_passing_params_via_test_command.py                           1           0  0.09s           2026-03-03T01:02:13
/home/airflow/.local/lib/python3.7/site-packages/airflow/example_dags/example_task_group.py                                                1           0  0.09s           2026-03-03T01:02:13
/home/airflow/.local/lib/python3.7/site-packages/airflow/example_dags/example_sensor_decorator.py                                          1           0  0.05s           2026-03-03T01:02:14
/home/airflow/.local/lib/python3.7/site-packages/airflow/example_dags/example_xcom.py                                                      1           0  0.06s           2026-03-03T01:02:15
/home/airflow/.local/lib/python3.7/site-packages/airflow/example_dags/example_branch_operator_decorator.py                                 1           0  0.06s           2026-03-03T01:02:15
/home/airflow/.local/lib/python3.7/site-packages/airflow/example_dags/example_short_circuit_decorator.py                                   1           0  0.05s           2026-03-03T01:02:15
/home/airflow/.local/lib/python3.7/site-packages/airflow/example_dags/example_branch_day_of_week_operator.py                               1           0  0.06s           2026-03-03T01:02:15
/home/airflow/.local/lib/python3.7/site-packages/airflow/example_dags/example_skip_dag.py                                                  1           0  0.05s           2026-03-03T01:02:15
/home/airflow/.local/lib/python3.7/site-packages/airflow/example_dags/example_latest_only.py                                               1           0  0.05s           2026-03-03T01:02:15
/home/airflow/.local/lib/python3.7/site-packages/airflow/example_dags/tutorial_dag.py                                                      1           0  0.05s           2026-03-03T01:02:15
/home/airflow/.local/lib/python3.7/site-packages/airflow/example_dags/example_complex.py                                                   1           0  0.06s           2026-03-03T01:02:16
/home/airflow/.local/lib/python3.7/site-packages/airflow/example_dags/example_bash_operator.py                                             1           0  0.06s           2026-03-03T01:02:16
/home/airflow/.local/lib/python3.7/site-packages/airflow/example_dags/example_sensors.py                                                   1           0  0.06s           2026-03-03T01:02:16
/home/airflow/.local/lib/python3.7/site-packages/airflow/example_dags/example_time_delta_sensor_async.py                                   1           0  0.05s           2026-03-03T01:02:16
/home/airflow/.local/lib/python3.7/site-packages/airflow/example_dags/example_latest_only_with_trigger.py                                  1           0  0.05s           2026-03-03T01:02:16
/home/airflow/.local/lib/python3.7/site-packages/airflow/example_dags/example_trigger_controller_dag.py                                    1           0  0.05s           2026-03-03T01:02:16
/home/airflow/.local/lib/python3.7/site-packages/airflow/example_dags/example_short_circuit_operator.py                                    1           0  0.05s           2026-03-03T01:02:16
/home/airflow/.local/lib/python3.7/site-packages/airflow/example_dags/example_params_trigger_ui.py                                         1           0  0.08s           2026-03-03T01:02:17
/home/airflow/.local/lib/python3.7/site-packages/airflow/example_dags/example_dag_decorator.py                                             1           0  0.07s           2026-03-03T01:02:17
/home/airflow/.local/lib/python3.7/site-packages/airflow/example_dags/example_python_operator.py                                           1           0  0.05s           2026-03-03T01:02:17
/home/airflow/.local/lib/python3.7/site-packages/airflow/example_dags/example_trigger_target_dag.py                                        1           0  0.04s           2026-03-03T01:02:17
/home/airflow/.local/lib/python3.7/site-packages/airflow/example_dags/example_branch_operator.py                                           1           0  0.05s           2026-03-03T01:02:17
/home/airflow/.local/lib/python3.7/site-packages/airflow/example_dags/tutorial_taskflow_api.py                                             1           0  0.05s           2026-03-03T01:02:17
/home/airflow/.local/lib/python3.7/site-packages/airflow/example_dags/tutorial.py                                                          1           0  0.05s           2026-03-03T01:02:17
/home/airflow/.local/lib/python3.7/site-packages/airflow/example_dags/example_params_ui_tutorial.py                                        1           0  0.11s           2026-03-03T01:02:18
/home/airflow/.local/lib/python3.7/site-packages/airflow/example_dags/example_branch_python_dop_operator_3.py                              1           0  0.07s           2026-03-03T01:02:18
/home/airflow/.local/lib/python3.7/site-packages/airflow/example_dags/tutorial_taskflow_api_virtualenv.py                                  1           0  0.05s           2026-03-03T01:02:18
/home/airflow/.local/lib/python3.7/site-packages/airflow/example_dags/example_kubernetes_executor.py                                       1           0  0.24s           2026-03-03T01:02:20
/home/airflow/.local/lib/python3.7/site-packages/airflow/example_dags/example_nested_branch_dag.py                                         1           0  0.08s           2026-03-03T01:02:19
/home/airflow/.local/lib/python3.7/site-packages/airflow/example_dags/example_external_task_marker_dag.py                                  2           0  0.05s           2026-03-03T01:02:15
/home/airflow/.local/lib/python3.7/site-packages/airflow/example_dags/example_xcomargs.py                                                  2           0  0.06s           2026-03-03T01:02:16
/home/airflow/.local/lib/python3.7/site-packages/airflow/example_dags/example_branch_datetime_operator.py                                  3           0  0.06s           2026-03-03T01:02:17
/home/airflow/.local/lib/python3.7/site-packages/airflow/example_dags/example_subdag_operator.py                                           3           0  0.08s           2026-03-03T01:02:18
/home/airflow/.local/lib/python3.7/site-packages/airflow/example_dags/example_datasets.py                                                  6           0  0.07s           2026-03-03T01:02:13
================================================================================
[2026-03-03T01:03:11.052+0000] {manager.py:889} INFO - 
================================================================================
DAG File Processing Stats

File Path                                                                                                         PID    Runtime      # DAGs    # Errors  Last Runtime    Last Run
----------------------------------------------------------------------------------------------------------------  -----  ---------  --------  ----------  --------------  -------------------
/home/airflow/.local/lib/python3.7/site-packages/airflow/example_dags/example_setup_teardown_taskflow.py                                   0           0  0.03s           2026-03-03T01:02:41
/home/airflow/.local/lib/python3.7/site-packages/airflow/example_dags/example_setup_teardown.py                                            0           0  0.02s           2026-03-03T01:02:45
/home/airflow/.local/lib/python3.7/site-packages/airflow/example_dags/plugins/listener_plugin.py                                           0           0  0.02s           2026-03-03T01:02:50
/home/airflow/.local/lib/python3.7/site-packages/airflow/example_dags/plugins/event_listener.py                                            0           0  0.02s           2026-03-03T01:02:50
/home/airflow/.local/lib/python3.7/site-packages/airflow/example_dags/plugins/workday.py                                                   0           0  0.18s           2026-03-03T01:02:50
/home/airflow/.local/lib/python3.7/site-packages/airflow/example_dags/subdags/subdag.py                                                    0           0  0.02s           2026-03-03T01:02:50
/home/airflow/.local/lib/python3.7/site-packages/airflow/example_dags/example_sla_dag.py                                                   1           0  0.07s           2026-03-03T01:02:41
/home/airflow/.local/lib/python3.7/site-packages/airflow/example_dags/example_task_group_decorator.py                                      1           0  0.08s           2026-03-03T01:02:42
/home/airflow/.local/lib/python3.7/site-packages/airflow/example_dags/example_local_kubernetes_executor.py                                 1           0  0.16s           2026-03-03T01:02:43
/home/airflow/.local/lib/python3.7/site-packages/airflow/example_dags/example_branch_labels.py                                             1           0  0.07s           2026-03-03T01:02:43
/home/airflow/.local/lib/python3.7/site-packages/airflow/example_dags/example_dynamic_task_mapping.py                                      1           0  0.05s           2026-03-03T01:02:43
/home/airflow/.local/lib/python3.7/site-packages/airflow/example_dags/example_passing_params_via_test_command.py                           1           0  0.08s           2026-03-03T01:02:44
/home/airflow/.local/lib/python3.7/site-packages/airflow/example_dags/example_task_group.py                                                1           0  0.07s           2026-03-03T01:02:44
/home/airflow/.local/lib/python3.7/site-packages/airflow/example_dags/example_sensor_decorator.py                                          1           0  0.04s           2026-03-03T01:02:44
/home/airflow/.local/lib/python3.7/site-packages/airflow/example_dags/example_xcom.py                                                      1           0  0.08s           2026-03-03T01:02:45
/home/airflow/.local/lib/python3.7/site-packages/airflow/example_dags/example_branch_operator_decorator.py                                 1           0  0.07s           2026-03-03T01:02:45
/home/airflow/.local/lib/python3.7/site-packages/airflow/example_dags/example_short_circuit_decorator.py                                   1           0  0.06s           2026-03-03T01:02:45
/home/airflow/.local/lib/python3.7/site-packages/airflow/example_dags/example_branch_day_of_week_operator.py                               1           0  0.06s           2026-03-03T01:02:45
/home/airflow/.local/lib/python3.7/site-packages/airflow/example_dags/example_skip_dag.py                                                  1           0  0.06s           2026-03-03T01:02:45
/home/airflow/.local/lib/python3.7/site-packages/airflow/example_dags/example_latest_only.py                                               1           0  0.06s           2026-03-03T01:02:45
/home/airflow/.local/lib/python3.7/site-packages/airflow/example_dags/tutorial_dag.py                                                      1           0  0.05s           2026-03-03T01:02:45
/home/airflow/.local/lib/python3.7/site-packages/airflow/example_dags/example_complex.py                                                   1           0  0.07s           2026-03-03T01:02:47
/home/airflow/.local/lib/python3.7/site-packages/airflow/example_dags/example_bash_operator.py                                             1           0  0.07s           2026-03-03T01:02:47
/home/airflow/.local/lib/python3.7/site-packages/airflow/example_dags/example_sensors.py                                                   1           0  0.05s           2026-03-03T01:02:47
/home/airflow/.local/lib/python3.7/site-packages/airflow/example_dags/example_time_delta_sensor_async.py                                   1           0  0.05s           2026-03-03T01:02:47
/home/airflow/.local/lib/python3.7/site-packages/airflow/example_dags/example_latest_only_with_trigger.py                                  1           0  0.04s           2026-03-03T01:02:47
/home/airflow/.local/lib/python3.7/site-packages/airflow/example_dags/example_trigger_controller_dag.py                                    1           0  0.04s           2026-03-03T01:02:47
/home/airflow/.local/lib/python3.7/site-packages/airflow/example_dags/example_short_circuit_operator.py                                    1           0  0.04s           2026-03-03T01:02:47
/home/airflow/.local/lib/python3.7/site-packages/airflow/example_dags/example_params_trigger_ui.py                                         1           0  0.11s           2026-03-03T01:02:48
/home/airflow/.local/lib/python3.7/site-packages/airflow/example_dags/example_dag_decorator.py                                             1           0  0.08s           2026-03-03T01:02:48
/home/airflow/.local/lib/python3.7/site-packages/airflow/example_dags/example_python_operator.py                                           1           0  0.06s           2026-03-03T01:02:48
/home/airflow/.local/lib/python3.7/site-packages/airflow/example_dags/example_trigger_target_dag.py                                        1           0  0.04s           2026-03-03T01:02:48
/home/airflow/.local/lib/python3.7/site-packages/airflow/example_dags/example_branch_operator.py                                           1           0  0.05s           2026-03-03T01:02:48
/home/airflow/.local/lib/python3.7/site-packages/airflow/example_dags/tutorial_taskflow_api.py                                             1           0  0.04s           2026-03-03T01:02:48
/home/airflow/.local/lib/python3.7/site-packages/airflow/example_dags/tutorial.py                                                          1           0  0.04s           2026-03-03T01:02:48
/home/airflow/.local/lib/python3.7/site-packages/airflow/example_dags/example_params_ui_tutorial.py                                        1           0  0.10s           2026-03-03T01:02:49
/home/airflow/.local/lib/python3.7/site-packages/airflow/example_dags/example_branch_python_dop_operator_3.py                              1           0  0.07s           2026-03-03T01:02:49
/home/airflow/.local/lib/python3.7/site-packages/airflow/example_dags/tutorial_taskflow_api_virtualenv.py                                  1           0  0.05s           2026-03-03T01:02:49
/home/airflow/.local/lib/python3.7/site-packages/airflow/example_dags/example_kubernetes_executor.py                                       1           0  0.22s           2026-03-03T01:02:50
/home/airflow/.local/lib/python3.7/site-packages/airflow/example_dags/example_nested_branch_dag.py                                         1           0  0.07s           2026-03-03T01:02:50
/home/airflow/.local/lib/python3.7/site-packages/airflow/example_dags/example_external_task_marker_dag.py                                  2           0  0.04s           2026-03-03T01:02:45
/home/airflow/.local/lib/python3.7/site-packages/airflow/example_dags/example_xcomargs.py                                                  2           0  0.05s           2026-03-03T01:02:47
/home/airflow/.local/lib/python3.7/site-packages/airflow/example_dags/example_branch_datetime_operator.py                                  3           0  0.08s           2026-03-03T01:02:48
/home/airflow/.local/lib/python3.7/site-packages/airflow/example_dags/example_subdag_operator.py                                           3           0  0.06s           2026-03-03T01:02:49
/home/airflow/.local/lib/python3.7/site-packages/airflow/example_dags/example_datasets.py                                                  6           0  0.06s           2026-03-03T01:02:44
================================================================================
[2026-03-03T01:03:41.809+0000] {manager.py:889} INFO - 
================================================================================
DAG File Processing Stats

File Path                                                                                                         PID    Runtime      # DAGs    # Errors  Last Runtime    Last Run
----------------------------------------------------------------------------------------------------------------  -----  ---------  --------  ----------  --------------  -------------------
/home/airflow/.local/lib/python3.7/site-packages/airflow/example_dags/example_setup_teardown_taskflow.py                                   0           0  0.03s           2026-03-03T01:03:12
/home/airflow/.local/lib/python3.7/site-packages/airflow/example_dags/example_setup_teardown.py                                            0           0  0.02s           2026-03-03T01:03:16
/home/airflow/.local/lib/python3.7/site-packages/airflow/example_dags/plugins/listener_plugin.py                                           0           0  0.02s           2026-03-03T01:03:21
/home/airflow/.local/lib/python3.7/site-packages/airflow/example_dags/plugins/event_listener.py                                            0           0  0.02s           2026-03-03T01:03:21
/home/airflow/.local/lib/python3.7/site-packages/airflow/example_dags/plugins/workday.py                                                   0           0  0.20s           2026-03-03T01:03:21
/home/airflow/.local/lib/python3.7/site-packages/airflow/example_dags/subdags/subdag.py                                                    0           0  0.02s           2026-03-03T01:03:21
/home/airflow/.local/lib/python3.7/site-packages/airflow/example_dags/example_sla_dag.py                                                   1           0  0.07s           2026-03-03T01:03:12
/home/airflow/.local/lib/python3.7/site-packages/airflow/example_dags/example_task_group_decorator.py                                      1           0  0.05s           2026-03-03T01:03:13
/home/airflow/.local/lib/python3.7/site-packages/airflow/example_dags/example_local_kubernetes_executor.py                                 1           0  0.16s           2026-03-03T01:03:14
/home/airflow/.local/lib/python3.7/site-packages/airflow/example_dags/example_branch_labels.py                                             1           0  0.07s           2026-03-03T01:03:14
/home/airflow/.local/lib/python3.7/site-packages/airflow/example_dags/example_dynamic_task_mapping.py                                      1           0  0.05s           2026-03-03T01:03:14
/home/airflow/.local/lib/python3.7/site-packages/airflow/example_dags/example_passing_params_via_test_command.py                           1           0  0.08s           2026-03-03T01:03:15
/home/airflow/.local/lib/python3.7/site-packages/airflow/example_dags/example_task_group.py                                                1           0  0.07s           2026-03-03T01:03:15
/home/airflow/.local/lib/python3.7/site-packages/airflow/example_dags/example_sensor_decorator.py                                          1           0  0.05s           2026-03-03T01:03:15
/home/airflow/.local/lib/python3.7/site-packages/airflow/example_dags/example_xcom.py                                                      1           0  0.07s           2026-03-03T01:03:16
/home/airflow/.local/lib/python3.7/site-packages/airflow/example_dags/example_branch_operator_decorator.py                                 1           0  0.07s           2026-03-03T01:03:16
/home/airflow/.local/lib/python3.7/site-packages/airflow/example_dags/example_short_circuit_decorator.py                                   1           0  0.06s           2026-03-03T01:03:16
/home/airflow/.local/lib/python3.7/site-packages/airflow/example_dags/example_branch_day_of_week_operator.py                               1           0  0.06s           2026-03-03T01:03:16
/home/airflow/.local/lib/python3.7/site-packages/airflow/example_dags/example_skip_dag.py                                                  1           0  0.05s           2026-03-03T01:03:16
/home/airflow/.local/lib/python3.7/site-packages/airflow/example_dags/example_latest_only.py                                               1           0  0.05s           2026-03-03T01:03:16
/home/airflow/.local/lib/python3.7/site-packages/airflow/example_dags/tutorial_dag.py                                                      1           0  0.05s           2026-03-03T01:03:16
/home/airflow/.local/lib/python3.7/site-packages/airflow/example_dags/example_complex.py                                                   1           0  0.08s           2026-03-03T01:03:17
/home/airflow/.local/lib/python3.7/site-packages/airflow/example_dags/example_bash_operator.py                                             1           0  0.07s           2026-03-03T01:03:17
/home/airflow/.local/lib/python3.7/site-packages/airflow/example_dags/example_sensors.py                                                   1           0  0.05s           2026-03-03T01:03:17
/home/airflow/.local/lib/python3.7/site-packages/airflow/example_dags/example_time_delta_sensor_async.py                                   1           0  0.05s           2026-03-03T01:03:17
/home/airflow/.local/lib/python3.7/site-packages/airflow/example_dags/example_latest_only_with_trigger.py                                  1           0  0.04s           2026-03-03T01:03:17
/home/airflow/.local/lib/python3.7/site-packages/airflow/example_dags/example_trigger_controller_dag.py                                    1           0  0.04s           2026-03-03T01:03:17
/home/airflow/.local/lib/python3.7/site-packages/airflow/example_dags/example_short_circuit_operator.py                                    1           0  0.04s           2026-03-03T01:03:17
/home/airflow/.local/lib/python3.7/site-packages/airflow/example_dags/example_params_trigger_ui.py                                         1           0  0.11s           2026-03-03T01:03:19
/home/airflow/.local/lib/python3.7/site-packages/airflow/example_dags/example_dag_decorator.py                                             1           0  0.08s           2026-03-03T01:03:19
/home/airflow/.local/lib/python3.7/site-packages/airflow/example_dags/example_python_operator.py                                           1           0  0.06s           2026-03-03T01:03:19
/home/airflow/.local/lib/python3.7/site-packages/airflow/example_dags/example_trigger_target_dag.py                                        1           0  0.05s           2026-03-03T01:03:19
/home/airflow/.local/lib/python3.7/site-packages/airflow/example_dags/example_branch_operator.py                                           1           0  0.05s           2026-03-03T01:03:19
/home/airflow/.local/lib/python3.7/site-packages/airflow/example_dags/tutorial_taskflow_api.py                                             1           0  0.05s           2026-03-03T01:03:19
/home/airflow/.local/lib/python3.7/site-packages/airflow/example_dags/tutorial.py                                                          1           0  0.04s           2026-03-03T01:03:19
/home/airflow/.local/lib/python3.7/site-packages/airflow/example_dags/example_params_ui_tutorial.py                                        1           0  0.11s           2026-03-03T01:03:20
/home/airflow/.local/lib/python3.7/site-packages/airflow/example_dags/example_branch_python_dop_operator_3.py                              1           0  0.07s           2026-03-03T01:03:20
/home/airflow/.local/lib/python3.7/site-packages/airflow/example_dags/tutorial_taskflow_api_virtualenv.py                                  1           0  0.05s           2026-03-03T01:03:20
/home/airflow/.local/lib/python3.7/site-packages/airflow/example_dags/example_kubernetes_executor.py                                       1           0  0.23s           2026-03-03T01:03:21
/home/airflow/.local/lib/python3.7/site-packages/airflow/example_dags/example_nested_branch_dag.py                                         1           0  0.07s           2026-03-03T01:03:21
/home/airflow/.local/lib/python3.7/site-packages/airflow/example_dags/example_external_task_marker_dag.py                                  2           0  0.04s           2026-03-03T01:03:16
/home/airflow/.local/lib/python3.7/site-packages/airflow/example_dags/example_xcomargs.py                                                  2           0  0.05s           2026-03-03T01:03:17
/home/airflow/.local/lib/python3.7/site-packages/airflow/example_dags/example_branch_datetime_operator.py                                  3           0  0.07s           2026-03-03T01:03:19
/home/airflow/.local/lib/python3.7/site-packages/airflow/example_dags/example_subdag_operator.py                                           3           0  0.06s           2026-03-03T01:03:20
/home/airflow/.local/lib/python3.7/site-packages/airflow/example_dags/example_datasets.py                                                  6           0  0.07s           2026-03-03T01:03:15
================================================================================
[2026-03-03T01:04:12.680+0000] {manager.py:889} INFO - 
================================================================================
DAG File Processing Stats

File Path                                                                                                         PID    Runtime      # DAGs    # Errors  Last Runtime    Last Run
----------------------------------------------------------------------------------------------------------------  -----  ---------  --------  ----------  --------------  -------------------
/home/airflow/.local/lib/python3.7/site-packages/airflow/example_dags/example_setup_teardown_taskflow.py                                   0           0  0.02s           2026-03-03T01:03:42
/home/airflow/.local/lib/python3.7/site-packages/airflow/example_dags/example_setup_teardown.py                                            0           0  0.03s           2026-03-03T01:03:47
/home/airflow/.local/lib/python3.7/site-packages/airflow/example_dags/plugins/listener_plugin.py                                           0           0  0.02s           2026-03-03T01:03:52
/home/airflow/.local/lib/python3.7/site-packages/airflow/example_dags/plugins/event_listener.py                                            0           0  0.02s           2026-03-03T01:03:52
/home/airflow/.local/lib/python3.7/site-packages/airflow/example_dags/plugins/workday.py                                                   0           0  0.20s           2026-03-03T01:03:52
/home/airflow/.local/lib/python3.7/site-packages/airflow/example_dags/subdags/subdag.py                                                    0           0  0.02s           2026-03-03T01:03:52
/home/airflow/.local/lib/python3.7/site-packages/airflow/example_dags/example_sla_dag.py                                                   1           0  0.06s           2026-03-03T01:03:42
/home/airflow/.local/lib/python3.7/site-packages/airflow/example_dags/example_task_group_decorator.py                                      1           0  0.07s           2026-03-03T01:03:43
/home/airflow/.local/lib/python3.7/site-packages/airflow/example_dags/example_local_kubernetes_executor.py                                 1           0  0.16s           2026-03-03T01:03:45
/home/airflow/.local/lib/python3.7/site-packages/airflow/example_dags/example_branch_labels.py                                             1           0  0.07s           2026-03-03T01:03:44
/home/airflow/.local/lib/python3.7/site-packages/airflow/example_dags/example_dynamic_task_mapping.py                                      1           0  0.05s           2026-03-03T01:03:45
/home/airflow/.local/lib/python3.7/site-packages/airflow/example_dags/example_passing_params_via_test_command.py                           1           0  0.07s           2026-03-03T01:03:46
/home/airflow/.local/lib/python3.7/site-packages/airflow/example_dags/example_task_group.py                                                1           0  0.07s           2026-03-03T01:03:46
/home/airflow/.local/lib/python3.7/site-packages/airflow/example_dags/example_sensor_decorator.py                                          1           0  0.06s           2026-03-03T01:03:46
/home/airflow/.local/lib/python3.7/site-packages/airflow/example_dags/example_xcom.py                                                      1           0  0.08s           2026-03-03T01:03:47
/home/airflow/.local/lib/python3.7/site-packages/airflow/example_dags/example_branch_operator_decorator.py                                 1           0  0.09s           2026-03-03T01:03:47
/home/airflow/.local/lib/python3.7/site-packages/airflow/example_dags/example_short_circuit_decorator.py                                   1           0  0.08s           2026-03-03T01:03:47
/home/airflow/.local/lib/python3.7/site-packages/airflow/example_dags/example_branch_day_of_week_operator.py                               1           0  0.06s           2026-03-03T01:03:47
/home/airflow/.local/lib/python3.7/site-packages/airflow/example_dags/example_skip_dag.py                                                  1           0  0.06s           2026-03-03T01:03:47
/home/airflow/.local/lib/python3.7/site-packages/airflow/example_dags/example_latest_only.py                                               1           0  0.06s           2026-03-03T01:03:47
/home/airflow/.local/lib/python3.7/site-packages/airflow/example_dags/tutorial_dag.py                                                      1           0  0.05s           2026-03-03T01:03:47
/home/airflow/.local/lib/python3.7/site-packages/airflow/example_dags/example_complex.py                                                   1           0  0.09s           2026-03-03T01:03:48
/home/airflow/.local/lib/python3.7/site-packages/airflow/example_dags/example_bash_operator.py                                             1           0  0.09s           2026-03-03T01:03:48
/home/airflow/.local/lib/python3.7/site-packages/airflow/example_dags/example_sensors.py                                                   1           0  0.06s           2026-03-03T01:03:48
/home/airflow/.local/lib/python3.7/site-packages/airflow/example_dags/example_time_delta_sensor_async.py                                   1           0  0.05s           2026-03-03T01:03:48
/home/airflow/.local/lib/python3.7/site-packages/airflow/example_dags/example_latest_only_with_trigger.py                                  1           0  0.05s           2026-03-03T01:03:48
/home/airflow/.local/lib/python3.7/site-packages/airflow/example_dags/example_trigger_controller_dag.py                                    1           0  0.06s           2026-03-03T01:03:48
/home/airflow/.local/lib/python3.7/site-packages/airflow/example_dags/example_short_circuit_operator.py                                    1           0  0.06s           2026-03-03T01:03:48
/home/airflow/.local/lib/python3.7/site-packages/airflow/example_dags/example_params_trigger_ui.py                                         1           0  0.11s           2026-03-03T01:03:49
/home/airflow/.local/lib/python3.7/site-packages/airflow/example_dags/example_dag_decorator.py                                             1           0  0.09s           2026-03-03T01:03:49
/home/airflow/.local/lib/python3.7/site-packages/airflow/example_dags/example_python_operator.py                                           1           0  0.07s           2026-03-03T01:03:49
/home/airflow/.local/lib/python3.7/site-packages/airflow/example_dags/example_trigger_target_dag.py                                        1           0  0.05s           2026-03-03T01:03:50
/home/airflow/.local/lib/python3.7/site-packages/airflow/example_dags/example_branch_operator.py                                           1           0  0.06s           2026-03-03T01:03:50
/home/airflow/.local/lib/python3.7/site-packages/airflow/example_dags/tutorial_taskflow_api.py                                             1           0  0.05s           2026-03-03T01:03:50
/home/airflow/.local/lib/python3.7/site-packages/airflow/example_dags/tutorial.py                                                          1           0  0.05s           2026-03-03T01:03:50
/home/airflow/.local/lib/python3.7/site-packages/airflow/example_dags/example_params_ui_tutorial.py                                        1           0  0.12s           2026-03-03T01:03:51
/home/airflow/.local/lib/python3.7/site-packages/airflow/example_dags/example_branch_python_dop_operator_3.py                              1           0  0.08s           2026-03-03T01:03:51
/home/airflow/.local/lib/python3.7/site-packages/airflow/example_dags/tutorial_taskflow_api_virtualenv.py                                  1           0  0.07s           2026-03-03T01:03:51
/home/airflow/.local/lib/python3.7/site-packages/airflow/example_dags/example_kubernetes_executor.py                                       1           0  0.21s           2026-03-03T01:03:52
/home/airflow/.local/lib/python3.7/site-packages/airflow/example_dags/example_nested_branch_dag.py                                         1           0  0.07s           2026-03-03T01:03:52
/home/airflow/.local/lib/python3.7/site-packages/airflow/example_dags/example_external_task_marker_dag.py                                  2           0  0.05s           2026-03-03T01:03:47
/home/airflow/.local/lib/python3.7/site-packages/airflow/example_dags/example_xcomargs.py                                                  2           0  0.06s           2026-03-03T01:03:48
/home/airflow/.local/lib/python3.7/site-packages/airflow/example_dags/example_branch_datetime_operator.py                                  3           0  0.08s           2026-03-03T01:03:49
/home/airflow/.local/lib/python3.7/site-packages/airflow/example_dags/example_subdag_operator.py                                           3           0  0.10s           2026-03-03T01:03:51
/home/airflow/.local/lib/python3.7/site-packages/airflow/example_dags/example_datasets.py                                                  6           0  0.08s           2026-03-03T01:03:46
================================================================================
[2026-03-03T01:04:43.174+0000] {manager.py:889} INFO - 
================================================================================
DAG File Processing Stats

File Path                                                                                                         PID    Runtime      # DAGs    # Errors  Last Runtime    Last Run
----------------------------------------------------------------------------------------------------------------  -----  ---------  --------  ----------  --------------  -------------------
/home/airflow/.local/lib/python3.7/site-packages/airflow/example_dags/example_setup_teardown_taskflow.py                                   0           0  0.03s           2026-03-03T01:04:13
/home/airflow/.local/lib/python3.7/site-packages/airflow/example_dags/example_setup_teardown.py                                            0           0  0.01s           2026-03-03T01:04:18
/home/airflow/.local/lib/python3.7/site-packages/airflow/example_dags/plugins/listener_plugin.py                                           0           0  0.02s           2026-03-03T01:04:22
/home/airflow/.local/lib/python3.7/site-packages/airflow/example_dags/plugins/event_listener.py                                            0           0  0.02s           2026-03-03T01:04:22
/home/airflow/.local/lib/python3.7/site-packages/airflow/example_dags/plugins/workday.py                                                   0           0  0.18s           2026-03-03T01:04:23
/home/airflow/.local/lib/python3.7/site-packages/airflow/example_dags/subdags/subdag.py                                                    0           0  0.02s           2026-03-03T01:04:23
/home/airflow/.local/lib/python3.7/site-packages/airflow/example_dags/example_sla_dag.py                                                   1           0  0.08s           2026-03-03T01:04:13
/home/airflow/.local/lib/python3.7/site-packages/airflow/example_dags/example_task_group_decorator.py                                      1           0  0.08s           2026-03-03T01:04:14
/home/airflow/.local/lib/python3.7/site-packages/airflow/example_dags/example_local_kubernetes_executor.py                                 1           0  0.14s           2026-03-03T01:04:15
/home/airflow/.local/lib/python3.7/site-packages/airflow/example_dags/example_branch_labels.py                                             1           0  0.05s           2026-03-03T01:04:15
/home/airflow/.local/lib/python3.7/site-packages/airflow/example_dags/example_dynamic_task_mapping.py                                      1           0  0.04s           2026-03-03T01:04:15
/home/airflow/.local/lib/python3.7/site-packages/airflow/example_dags/example_passing_params_via_test_command.py                           1           0  0.05s           2026-03-03T01:04:16
/home/airflow/.local/lib/python3.7/site-packages/airflow/example_dags/example_task_group.py                                                1           0  0.05s           2026-03-03T01:04:16
/home/airflow/.local/lib/python3.7/site-packages/airflow/example_dags/example_sensor_decorator.py                                          1           0  0.04s           2026-03-03T01:04:16
/home/airflow/.local/lib/python3.7/site-packages/airflow/example_dags/example_xcom.py                                                      1           0  0.06s           2026-03-03T01:04:18
/home/airflow/.local/lib/python3.7/site-packages/airflow/example_dags/example_branch_operator_decorator.py                                 1           0  0.05s           2026-03-03T01:04:18
/home/airflow/.local/lib/python3.7/site-packages/airflow/example_dags/example_short_circuit_decorator.py                                   1           0  0.04s           2026-03-03T01:04:18
/home/airflow/.local/lib/python3.7/site-packages/airflow/example_dags/example_branch_day_of_week_operator.py                               1           0  0.05s           2026-03-03T01:04:18
/home/airflow/.local/lib/python3.7/site-packages/airflow/example_dags/example_skip_dag.py                                                  1           0  0.05s           2026-03-03T01:04:18
/home/airflow/.local/lib/python3.7/site-packages/airflow/example_dags/example_latest_only.py                                               1           0  0.05s           2026-03-03T01:04:18
/home/airflow/.local/lib/python3.7/site-packages/airflow/example_dags/tutorial_dag.py                                                      1           0  0.05s           2026-03-03T01:04:18
/home/airflow/.local/lib/python3.7/site-packages/airflow/example_dags/example_complex.py                                                   1           0  0.06s           2026-03-03T01:04:19
/home/airflow/.local/lib/python3.7/site-packages/airflow/example_dags/example_bash_operator.py                                             1           0  0.06s           2026-03-03T01:04:19
/home/airflow/.local/lib/python3.7/site-packages/airflow/example_dags/example_sensors.py                                                   1           0  0.05s           2026-03-03T01:04:19
/home/airflow/.local/lib/python3.7/site-packages/airflow/example_dags/example_time_delta_sensor_async.py                                   1           0  0.04s           2026-03-03T01:04:19
/home/airflow/.local/lib/python3.7/site-packages/airflow/example_dags/example_latest_only_with_trigger.py                                  1           0  0.05s           2026-03-03T01:04:19
/home/airflow/.local/lib/python3.7/site-packages/airflow/example_dags/example_trigger_controller_dag.py                                    1           0  0.05s           2026-03-03T01:04:19
/home/airflow/.local/lib/python3.7/site-packages/airflow/example_dags/example_short_circuit_operator.py                                    1           0  0.04s           2026-03-03T01:04:19
/home/airflow/.local/lib/python3.7/site-packages/airflow/example_dags/example_params_trigger_ui.py                                         1           0  0.08s           2026-03-03T01:04:20
/home/airflow/.local/lib/python3.7/site-packages/airflow/example_dags/example_dag_decorator.py                                             1           0  0.07s           2026-03-03T01:04:20
/home/airflow/.local/lib/python3.7/site-packages/airflow/example_dags/example_python_operator.py                                           1           0  0.05s           2026-03-03T01:04:20
/home/airflow/.local/lib/python3.7/site-packages/airflow/example_dags/example_trigger_target_dag.py                                        1           0  0.04s           2026-03-03T01:04:20
/home/airflow/.local/lib/python3.7/site-packages/airflow/example_dags/example_branch_operator.py                                           1           0  0.05s           2026-03-03T01:04:20
/home/airflow/.local/lib/python3.7/site-packages/airflow/example_dags/tutorial_taskflow_api.py                                             1           0  0.05s           2026-03-03T01:04:20
/home/airflow/.local/lib/python3.7/site-packages/airflow/example_dags/tutorial.py                                                          1           0  0.04s           2026-03-03T01:04:20
/home/airflow/.local/lib/python3.7/site-packages/airflow/example_dags/example_params_ui_tutorial.py                                        1           0  0.08s           2026-03-03T01:04:21
/home/airflow/.local/lib/python3.7/site-packages/airflow/example_dags/example_branch_python_dop_operator_3.py                              1           0  0.05s           2026-03-03T01:04:21
/home/airflow/.local/lib/python3.7/site-packages/airflow/example_dags/tutorial_taskflow_api_virtualenv.py                                  1           0  0.05s           2026-03-03T01:04:21
/home/airflow/.local/lib/python3.7/site-packages/airflow/example_dags/example_kubernetes_executor.py                                       1           0  0.17s           2026-03-03T01:04:22
/home/airflow/.local/lib/python3.7/site-packages/airflow/example_dags/example_nested_branch_dag.py                                         1           0  0.04s           2026-03-03T01:04:22
/home/airflow/.local/lib/python3.7/site-packages/airflow/example_dags/example_external_task_marker_dag.py                                  2           0  0.04s           2026-03-03T01:04:18
/home/airflow/.local/lib/python3.7/site-packages/airflow/example_dags/example_xcomargs.py                                                  2           0  0.05s           2026-03-03T01:04:19
/home/airflow/.local/lib/python3.7/site-packages/airflow/example_dags/example_branch_datetime_operator.py                                  3           0  0.05s           2026-03-03T01:04:20
/home/airflow/.local/lib/python3.7/site-packages/airflow/example_dags/example_subdag_operator.py                                           3           0  0.06s           2026-03-03T01:04:21
/home/airflow/.local/lib/python3.7/site-packages/airflow/example_dags/example_datasets.py                                                  6           0  0.06s           2026-03-03T01:04:17
================================================================================
[2026-03-03T01:05:13.920+0000] {manager.py:889} INFO - 
================================================================================
DAG File Processing Stats

File Path                                                                                                         PID    Runtime      # DAGs    # Errors  Last Runtime    Last Run
----------------------------------------------------------------------------------------------------------------  -----  ---------  --------  ----------  --------------  -------------------
/home/airflow/.local/lib/python3.7/site-packages/airflow/example_dags/example_setup_teardown_taskflow.py                                   0           0  0.03s           2026-03-03T01:04:44
/home/airflow/.local/lib/python3.7/site-packages/airflow/example_dags/example_setup_teardown.py                                            0           0  0.02s           2026-03-03T01:04:48
/home/airflow/.local/lib/python3.7/site-packages/airflow/example_dags/plugins/listener_plugin.py                                           0           0  0.03s           2026-03-03T01:04:53
/home/airflow/.local/lib/python3.7/site-packages/airflow/example_dags/plugins/event_listener.py                                            0           0  0.02s           2026-03-03T01:04:53
/home/airflow/.local/lib/python3.7/site-packages/airflow/example_dags/plugins/workday.py                                                   0           0  0.22s           2026-03-03T01:04:53
/home/airflow/.local/lib/python3.7/site-packages/airflow/example_dags/subdags/subdag.py                                                    0           0  0.02s           2026-03-03T01:04:53
/home/airflow/.local/lib/python3.7/site-packages/airflow/example_dags/example_sla_dag.py                                                   1           0  0.07s           2026-03-03T01:04:44
/home/airflow/.local/lib/python3.7/site-packages/airflow/example_dags/example_task_group_decorator.py                                      1           0  0.08s           2026-03-03T01:04:45
/home/airflow/.local/lib/python3.7/site-packages/airflow/example_dags/example_local_kubernetes_executor.py                                 1           0  0.17s           2026-03-03T01:04:46
/home/airflow/.local/lib/python3.7/site-packages/airflow/example_dags/example_branch_labels.py                                             1           0  0.07s           2026-03-03T01:04:46
/home/airflow/.local/lib/python3.7/site-packages/airflow/example_dags/example_dynamic_task_mapping.py                                      1           0  0.05s           2026-03-03T01:04:46
/home/airflow/.local/lib/python3.7/site-packages/airflow/example_dags/example_passing_params_via_test_command.py                           1           0  0.07s           2026-03-03T01:04:47
/home/airflow/.local/lib/python3.7/site-packages/airflow/example_dags/example_task_group.py                                                1           0  0.07s           2026-03-03T01:04:47
/home/airflow/.local/lib/python3.7/site-packages/airflow/example_dags/example_sensor_decorator.py                                          1           0  0.05s           2026-03-03T01:04:47
/home/airflow/.local/lib/python3.7/site-packages/airflow/example_dags/example_xcom.py                                                      1           0  0.08s           2026-03-03T01:04:48
/home/airflow/.local/lib/python3.7/site-packages/airflow/example_dags/example_branch_operator_decorator.py                                 1           0  0.07s           2026-03-03T01:04:48
/home/airflow/.local/lib/python3.7/site-packages/airflow/example_dags/example_short_circuit_decorator.py                                   1           0  0.06s           2026-03-03T01:04:48
/home/airflow/.local/lib/python3.7/site-packages/airflow/example_dags/example_branch_day_of_week_operator.py                               1           0  0.05s           2026-03-03T01:04:48
/home/airflow/.local/lib/python3.7/site-packages/airflow/example_dags/example_skip_dag.py                                                  1           0  0.05s           2026-03-03T01:04:48
/home/airflow/.local/lib/python3.7/site-packages/airflow/example_dags/example_latest_only.py                                               1           0  0.05s           2026-03-03T01:04:48
/home/airflow/.local/lib/python3.7/site-packages/airflow/example_dags/tutorial_dag.py                                                      1           0  0.05s           2026-03-03T01:04:48
/home/airflow/.local/lib/python3.7/site-packages/airflow/example_dags/example_complex.py                                                   1           0  0.07s           2026-03-03T01:04:49
/home/airflow/.local/lib/python3.7/site-packages/airflow/example_dags/example_bash_operator.py                                             1           0  0.07s           2026-03-03T01:04:49
/home/airflow/.local/lib/python3.7/site-packages/airflow/example_dags/example_sensors.py                                                   1           0  0.06s           2026-03-03T01:04:49
/home/airflow/.local/lib/python3.7/site-packages/airflow/example_dags/example_time_delta_sensor_async.py                                   1           0  0.05s           2026-03-03T01:04:49
/home/airflow/.local/lib/python3.7/site-packages/airflow/example_dags/example_latest_only_with_trigger.py                                  1           0  0.04s           2026-03-03T01:04:50
/home/airflow/.local/lib/python3.7/site-packages/airflow/example_dags/example_trigger_controller_dag.py                                    1           0  0.04s           2026-03-03T01:04:50
/home/airflow/.local/lib/python3.7/site-packages/airflow/example_dags/example_short_circuit_operator.py                                    1           0  0.04s           2026-03-03T01:04:50
/home/airflow/.local/lib/python3.7/site-packages/airflow/example_dags/example_params_trigger_ui.py                                         1           0  0.10s           2026-03-03T01:04:51
/home/airflow/.local/lib/python3.7/site-packages/airflow/example_dags/example_dag_decorator.py                                             1           0  0.08s           2026-03-03T01:04:51
/home/airflow/.local/lib/python3.7/site-packages/airflow/example_dags/example_python_operator.py                                           1           0  0.05s           2026-03-03T01:04:51
/home/airflow/.local/lib/python3.7/site-packages/airflow/example_dags/example_trigger_target_dag.py                                        1           0  0.04s           2026-03-03T01:04:51
/home/airflow/.local/lib/python3.7/site-packages/airflow/example_dags/example_branch_operator.py                                           1           0  0.05s           2026-03-03T01:04:51
/home/airflow/.local/lib/python3.7/site-packages/airflow/example_dags/tutorial_taskflow_api.py                                             1           0  0.04s           2026-03-03T01:04:51
/home/airflow/.local/lib/python3.7/site-packages/airflow/example_dags/tutorial.py                                                          1           0  0.04s           2026-03-03T01:04:51
/home/airflow/.local/lib/python3.7/site-packages/airflow/example_dags/example_params_ui_tutorial.py                                        1           0  0.10s           2026-03-03T01:04:52
/home/airflow/.local/lib/python3.7/site-packages/airflow/example_dags/example_branch_python_dop_operator_3.py                              1           0  0.07s           2026-03-03T01:04:52
/home/airflow/.local/lib/python3.7/site-packages/airflow/example_dags/tutorial_taskflow_api_virtualenv.py                                  1           0  0.06s           2026-03-03T01:04:52
/home/airflow/.local/lib/python3.7/site-packages/airflow/example_dags/example_kubernetes_executor.py                                       1           0  0.24s           2026-03-03T01:04:53
/home/airflow/.local/lib/python3.7/site-packages/airflow/example_dags/example_nested_branch_dag.py                                         1           0  0.07s           2026-03-03T01:04:53
/home/airflow/.local/lib/python3.7/site-packages/airflow/example_dags/example_external_task_marker_dag.py                                  2           0  0.04s           2026-03-03T01:04:48
/home/airflow/.local/lib/python3.7/site-packages/airflow/example_dags/example_xcomargs.py                                                  2           0  0.05s           2026-03-03T01:04:49
/home/airflow/.local/lib/python3.7/site-packages/airflow/example_dags/example_branch_datetime_operator.py                                  3           0  0.07s           2026-03-03T01:04:51
/home/airflow/.local/lib/python3.7/site-packages/airflow/example_dags/example_subdag_operator.py                                           3           0  0.07s           2026-03-03T01:04:52
/home/airflow/.local/lib/python3.7/site-packages/airflow/example_dags/example_datasets.py                                                  6           0  0.08s           2026-03-03T01:04:47
================================================================================
[2026-03-03T01:05:44.729+0000] {manager.py:889} INFO - 
================================================================================
DAG File Processing Stats

File Path                                                                                                         PID    Runtime      # DAGs    # Errors  Last Runtime    Last Run
----------------------------------------------------------------------------------------------------------------  -----  ---------  --------  ----------  --------------  -------------------
/home/airflow/.local/lib/python3.7/site-packages/airflow/example_dags/example_setup_teardown_taskflow.py                                   0           0  0.03s           2026-03-03T01:05:14
/home/airflow/.local/lib/python3.7/site-packages/airflow/example_dags/example_setup_teardown.py                                            0           0  0.02s           2026-03-03T01:05:19
/home/airflow/.local/lib/python3.7/site-packages/airflow/example_dags/plugins/listener_plugin.py                                           0           0  0.02s           2026-03-03T01:05:24
/home/airflow/.local/lib/python3.7/site-packages/airflow/example_dags/plugins/event_listener.py                                            0           0  0.02s           2026-03-03T01:05:24
/home/airflow/.local/lib/python3.7/site-packages/airflow/example_dags/plugins/workday.py                                                   0           0  0.21s           2026-03-03T01:05:24
/home/airflow/.local/lib/python3.7/site-packages/airflow/example_dags/subdags/subdag.py                                                    0           0  0.02s           2026-03-03T01:05:24
/home/airflow/.local/lib/python3.7/site-packages/airflow/example_dags/example_sla_dag.py                                                   1           0  0.08s           2026-03-03T01:05:15
/home/airflow/.local/lib/python3.7/site-packages/airflow/example_dags/example_task_group_decorator.py                                      1           0  0.08s           2026-03-03T01:05:16
/home/airflow/.local/lib/python3.7/site-packages/airflow/example_dags/example_local_kubernetes_executor.py                                 1           0  0.19s           2026-03-03T01:05:17
/home/airflow/.local/lib/python3.7/site-packages/airflow/example_dags/example_branch_labels.py                                             1           0  0.08s           2026-03-03T01:05:17
/home/airflow/.local/lib/python3.7/site-packages/airflow/example_dags/example_dynamic_task_mapping.py                                      1           0  0.05s           2026-03-03T01:05:17
/home/airflow/.local/lib/python3.7/site-packages/airflow/example_dags/example_passing_params_via_test_command.py                           1           0  0.08s           2026-03-03T01:05:18
/home/airflow/.local/lib/python3.7/site-packages/airflow/example_dags/example_task_group.py                                                1           0  0.07s           2026-03-03T01:05:18
/home/airflow/.local/lib/python3.7/site-packages/airflow/example_dags/example_sensor_decorator.py                                          1           0  0.04s           2026-03-03T01:05:18
/home/airflow/.local/lib/python3.7/site-packages/airflow/example_dags/example_xcom.py                                                      1           0  0.07s           2026-03-03T01:05:19
/home/airflow/.local/lib/python3.7/site-packages/airflow/example_dags/example_branch_operator_decorator.py                                 1           0  0.07s           2026-03-03T01:05:19
/home/airflow/.local/lib/python3.7/site-packages/airflow/example_dags/example_short_circuit_decorator.py                                   1           0  0.06s           2026-03-03T01:05:19
/home/airflow/.local/lib/python3.7/site-packages/airflow/example_dags/example_branch_day_of_week_operator.py                               1           0  0.06s           2026-03-03T01:05:19
/home/airflow/.local/lib/python3.7/site-packages/airflow/example_dags/example_skip_dag.py                                                  1           0  0.06s           2026-03-03T01:05:19
/home/airflow/.local/lib/python3.7/site-packages/airflow/example_dags/example_latest_only.py                                               1           0  0.05s           2026-03-03T01:05:19
/home/airflow/.local/lib/python3.7/site-packages/airflow/example_dags/tutorial_dag.py                                                      1           0  0.05s           2026-03-03T01:05:19
/home/airflow/.local/lib/python3.7/site-packages/airflow/example_dags/example_complex.py                                                   1           0  0.09s           2026-03-03T01:05:20
/home/airflow/.local/lib/python3.7/site-packages/airflow/example_dags/example_bash_operator.py                                             1           0  0.08s           2026-03-03T01:05:20
/home/airflow/.local/lib/python3.7/site-packages/airflow/example_dags/example_sensors.py                                                   1           0  0.05s           2026-03-03T01:05:20
/home/airflow/.local/lib/python3.7/site-packages/airflow/example_dags/example_time_delta_sensor_async.py                                   1           0  0.05s           2026-03-03T01:05:20
/home/airflow/.local/lib/python3.7/site-packages/airflow/example_dags/example_latest_only_with_trigger.py                                  1           0  0.05s           2026-03-03T01:05:20
/home/airflow/.local/lib/python3.7/site-packages/airflow/example_dags/example_trigger_controller_dag.py                                    1           0  0.05s           2026-03-03T01:05:20
/home/airflow/.local/lib/python3.7/site-packages/airflow/example_dags/example_short_circuit_operator.py                                    1           0  0.04s           2026-03-03T01:05:20
/home/airflow/.local/lib/python3.7/site-packages/airflow/example_dags/example_params_trigger_ui.py                                         1           0  0.09s           2026-03-03T01:05:21
/home/airflow/.local/lib/python3.7/site-packages/airflow/example_dags/example_dag_decorator.py                                             1           0  0.08s           2026-03-03T01:05:22
/home/airflow/.local/lib/python3.7/site-packages/airflow/example_dags/example_python_operator.py                                           1           0  0.06s           2026-03-03T01:05:22
/home/airflow/.local/lib/python3.7/site-packages/airflow/example_dags/example_trigger_target_dag.py                                        1           0  0.05s           2026-03-03T01:05:22
/home/airflow/.local/lib/python3.7/site-packages/airflow/example_dags/example_branch_operator.py                                           1           0  0.06s           2026-03-03T01:05:22
/home/airflow/.local/lib/python3.7/site-packages/airflow/example_dags/tutorial_taskflow_api.py                                             1           0  0.05s           2026-03-03T01:05:22
/home/airflow/.local/lib/python3.7/site-packages/airflow/example_dags/tutorial.py                                                          1           0  0.05s           2026-03-03T01:05:22
/home/airflow/.local/lib/python3.7/site-packages/airflow/example_dags/example_params_ui_tutorial.py                                        1           0  0.11s           2026-03-03T01:05:23
/home/airflow/.local/lib/python3.7/site-packages/airflow/example_dags/example_branch_python_dop_operator_3.py                              1           0  0.08s           2026-03-03T01:05:23
/home/airflow/.local/lib/python3.7/site-packages/airflow/example_dags/tutorial_taskflow_api_virtualenv.py                                  1           0  0.06s           2026-03-03T01:05:23
/home/airflow/.local/lib/python3.7/site-packages/airflow/example_dags/example_kubernetes_executor.py                                       1           0  0.24s           2026-03-03T01:05:24
/home/airflow/.local/lib/python3.7/site-packages/airflow/example_dags/example_nested_branch_dag.py                                         1           0  0.07s           2026-03-03T01:05:24
/home/airflow/.local/lib/python3.7/site-packages/airflow/example_dags/example_external_task_marker_dag.py                                  2           0  0.04s           2026-03-03T01:05:19
/home/airflow/.local/lib/python3.7/site-packages/airflow/example_dags/example_xcomargs.py                                                  2           0  0.05s           2026-03-03T01:05:20
/home/airflow/.local/lib/python3.7/site-packages/airflow/example_dags/example_branch_datetime_operator.py                                  3           0  0.06s           2026-03-03T01:05:21
/home/airflow/.local/lib/python3.7/site-packages/airflow/example_dags/example_subdag_operator.py                                           3           0  0.08s           2026-03-03T01:05:23
/home/airflow/.local/lib/python3.7/site-packages/airflow/example_dags/example_datasets.py                                                  6           0  0.06s           2026-03-03T01:05:18
================================================================================
[2026-03-03T01:06:03.203+0000] {manager.py:758} INFO - Searching for files in /opt/airflow/dags
[2026-03-03T01:06:03.211+0000] {manager.py:761} INFO - There are 45 files in /opt/airflow/dags
[2026-03-03T01:06:15.326+0000] {manager.py:889} INFO - 
================================================================================
DAG File Processing Stats

File Path                                                                                                         PID    Runtime      # DAGs    # Errors  Last Runtime    Last Run
----------------------------------------------------------------------------------------------------------------  -----  ---------  --------  ----------  --------------  -------------------
/home/airflow/.local/lib/python3.7/site-packages/airflow/example_dags/example_setup_teardown_taskflow.py                                   0           0  0.03s           2026-03-03T01:05:45
/home/airflow/.local/lib/python3.7/site-packages/airflow/example_dags/example_setup_teardown.py                                            0           0  0.02s           2026-03-03T01:05:50
/home/airflow/.local/lib/python3.7/site-packages/airflow/example_dags/plugins/listener_plugin.py                                           0           0  0.02s           2026-03-03T01:05:55
/home/airflow/.local/lib/python3.7/site-packages/airflow/example_dags/plugins/event_listener.py                                            0           0  0.02s           2026-03-03T01:05:55
/home/airflow/.local/lib/python3.7/site-packages/airflow/example_dags/plugins/workday.py                                                   0           0  0.19s           2026-03-03T01:05:55
/home/airflow/.local/lib/python3.7/site-packages/airflow/example_dags/subdags/subdag.py                                                    0           0  0.02s           2026-03-03T01:05:55
/home/airflow/.local/lib/python3.7/site-packages/airflow/example_dags/example_sla_dag.py                                                   1           0  0.07s           2026-03-03T01:05:45
/home/airflow/.local/lib/python3.7/site-packages/airflow/example_dags/example_task_group_decorator.py                                      1           0  0.08s           2026-03-03T01:05:46
/home/airflow/.local/lib/python3.7/site-packages/airflow/example_dags/example_local_kubernetes_executor.py                                 1           0  0.16s           2026-03-03T01:05:47
/home/airflow/.local/lib/python3.7/site-packages/airflow/example_dags/example_branch_labels.py                                             1           0  0.07s           2026-03-03T01:05:47
/home/airflow/.local/lib/python3.7/site-packages/airflow/example_dags/example_dynamic_task_mapping.py                                      1           0  0.05s           2026-03-03T01:05:47
/home/airflow/.local/lib/python3.7/site-packages/airflow/example_dags/example_passing_params_via_test_command.py                           1           0  0.08s           2026-03-03T01:05:49
/home/airflow/.local/lib/python3.7/site-packages/airflow/example_dags/example_task_group.py                                                1           0  0.07s           2026-03-03T01:05:49
/home/airflow/.local/lib/python3.7/site-packages/airflow/example_dags/example_sensor_decorator.py                                          1           0  0.05s           2026-03-03T01:05:49
/home/airflow/.local/lib/python3.7/site-packages/airflow/example_dags/example_xcom.py                                                      1           0  0.05s           2026-03-03T01:05:50
/home/airflow/.local/lib/python3.7/site-packages/airflow/example_dags/example_branch_operator_decorator.py                                 1           0  0.05s           2026-03-03T01:05:50
/home/airflow/.local/lib/python3.7/site-packages/airflow/example_dags/example_short_circuit_decorator.py                                   1           0  0.04s           2026-03-03T01:05:50
/home/airflow/.local/lib/python3.7/site-packages/airflow/example_dags/example_branch_day_of_week_operator.py                               1           0  0.04s           2026-03-03T01:05:50
/home/airflow/.local/lib/python3.7/site-packages/airflow/example_dags/example_skip_dag.py                                                  1           0  0.04s           2026-03-03T01:05:50
/home/airflow/.local/lib/python3.7/site-packages/airflow/example_dags/example_latest_only.py                                               1           0  0.04s           2026-03-03T01:05:50
/home/airflow/.local/lib/python3.7/site-packages/airflow/example_dags/tutorial_dag.py                                                      1           0  0.04s           2026-03-03T01:05:50
/home/airflow/.local/lib/python3.7/site-packages/airflow/example_dags/example_complex.py                                                   1           0  0.06s           2026-03-03T01:05:51
/home/airflow/.local/lib/python3.7/site-packages/airflow/example_dags/example_bash_operator.py                                             1           0  0.05s           2026-03-03T01:05:51
/home/airflow/.local/lib/python3.7/site-packages/airflow/example_dags/example_sensors.py                                                   1           0  0.05s           2026-03-03T01:05:51
/home/airflow/.local/lib/python3.7/site-packages/airflow/example_dags/example_time_delta_sensor_async.py                                   1           0  0.05s           2026-03-03T01:05:51
/home/airflow/.local/lib/python3.7/site-packages/airflow/example_dags/example_latest_only_with_trigger.py                                  1           0  0.04s           2026-03-03T01:05:51
/home/airflow/.local/lib/python3.7/site-packages/airflow/example_dags/example_trigger_controller_dag.py                                    1           0  0.04s           2026-03-03T01:05:51
/home/airflow/.local/lib/python3.7/site-packages/airflow/example_dags/example_short_circuit_operator.py                                    1           0  0.04s           2026-03-03T01:05:51
/home/airflow/.local/lib/python3.7/site-packages/airflow/example_dags/example_params_trigger_ui.py                                         1           0  0.07s           2026-03-03T01:05:52
/home/airflow/.local/lib/python3.7/site-packages/airflow/example_dags/example_dag_decorator.py                                             1           0  0.07s           2026-03-03T01:05:52
/home/airflow/.local/lib/python3.7/site-packages/airflow/example_dags/example_python_operator.py                                           1           0  0.04s           2026-03-03T01:05:52
/home/airflow/.local/lib/python3.7/site-packages/airflow/example_dags/example_trigger_target_dag.py                                        1           0  0.04s           2026-03-03T01:05:52
/home/airflow/.local/lib/python3.7/site-packages/airflow/example_dags/example_branch_operator.py                                           1           0  0.06s           2026-03-03T01:05:52
/home/airflow/.local/lib/python3.7/site-packages/airflow/example_dags/tutorial_taskflow_api.py                                             1           0  0.05s           2026-03-03T01:05:52
/home/airflow/.local/lib/python3.7/site-packages/airflow/example_dags/tutorial.py                                                          1           0  0.04s           2026-03-03T01:05:52
/home/airflow/.local/lib/python3.7/site-packages/airflow/example_dags/example_params_ui_tutorial.py                                        1           0  0.08s           2026-03-03T01:05:53
/home/airflow/.local/lib/python3.7/site-packages/airflow/example_dags/example_branch_python_dop_operator_3.py                              1           0  0.05s           2026-03-03T01:05:53
/home/airflow/.local/lib/python3.7/site-packages/airflow/example_dags/tutorial_taskflow_api_virtualenv.py                                  1           0  0.04s           2026-03-03T01:05:53
/home/airflow/.local/lib/python3.7/site-packages/airflow/example_dags/example_kubernetes_executor.py                                       1           0  0.19s           2026-03-03T01:05:55
/home/airflow/.local/lib/python3.7/site-packages/airflow/example_dags/example_nested_branch_dag.py                                         1           0  0.05s           2026-03-03T01:05:54
/home/airflow/.local/lib/python3.7/site-packages/airflow/example_dags/example_external_task_marker_dag.py                                  2           0  0.04s           2026-03-03T01:05:50
/home/airflow/.local/lib/python3.7/site-packages/airflow/example_dags/example_xcomargs.py                                                  2           0  0.04s           2026-03-03T01:05:51
/home/airflow/.local/lib/python3.7/site-packages/airflow/example_dags/example_branch_datetime_operator.py                                  3           0  0.05s           2026-03-03T01:05:52
/home/airflow/.local/lib/python3.7/site-packages/airflow/example_dags/example_subdag_operator.py                                           3           0  0.06s           2026-03-03T01:05:53
/home/airflow/.local/lib/python3.7/site-packages/airflow/example_dags/example_datasets.py                                                  6           0  0.07s           2026-03-03T01:05:49
================================================================================
[2026-03-03T01:06:35.609+0000] {manager.py:470} INFO - Exiting gracefully upon receiving signal 15
[2026-03-03T01:07:08.724+0000] {manager.py:487} INFO - Processing files using up to 2 processes at a time 
[2026-03-03T01:07:08.726+0000] {manager.py:488} INFO - Process each file at most once every 30 seconds
[2026-03-03T01:07:08.729+0000] {manager.py:490} INFO - Checking for new files in /opt/airflow/dags every 300 seconds
[2026-03-03T01:07:08.730+0000] {manager.py:758} INFO - Searching for files in /opt/airflow/dags
[2026-03-03T01:07:08.749+0000] {manager.py:761} INFO - There are 45 files in /opt/airflow/dags
[2026-03-03T01:07:08.819+0000] {manager.py:889} INFO - 
================================================================================
DAG File Processing Stats

File Path                                                                                                           PID  Runtime      # DAGs    # Errors  Last Runtime    Last Run
----------------------------------------------------------------------------------------------------------------  -----  ---------  --------  ----------  --------------  ----------
/home/airflow/.local/lib/python3.7/site-packages/airflow/example_dags/example_sla_dag.py                             31  0.03s             0           0
/home/airflow/.local/lib/python3.7/site-packages/airflow/example_dags/example_task_group_decorator.py                32  0.03s             0           0
/home/airflow/.local/lib/python3.7/site-packages/airflow/example_dags/example_local_kubernetes_executor.py                                 0           0
/home/airflow/.local/lib/python3.7/site-packages/airflow/example_dags/example_setup_teardown_taskflow.py                                   0           0
/home/airflow/.local/lib/python3.7/site-packages/airflow/example_dags/example_branch_labels.py                                             0           0
/home/airflow/.local/lib/python3.7/site-packages/airflow/example_dags/example_dynamic_task_mapping.py                                      0           0
/home/airflow/.local/lib/python3.7/site-packages/airflow/example_dags/example_passing_params_via_test_command.py                           0           0
/home/airflow/.local/lib/python3.7/site-packages/airflow/example_dags/example_task_group.py                                                0           0
/home/airflow/.local/lib/python3.7/site-packages/airflow/example_dags/example_datasets.py                                                  0           0
/home/airflow/.local/lib/python3.7/site-packages/airflow/example_dags/example_sensor_decorator.py                                          0           0
/home/airflow/.local/lib/python3.7/site-packages/airflow/example_dags/example_xcom.py                                                      0           0
/home/airflow/.local/lib/python3.7/site-packages/airflow/example_dags/example_branch_operator_decorator.py                                 0           0
/home/airflow/.local/lib/python3.7/site-packages/airflow/example_dags/example_short_circuit_decorator.py                                   0           0
/home/airflow/.local/lib/python3.7/site-packages/airflow/example_dags/example_setup_teardown.py                                            0           0
/home/airflow/.local/lib/python3.7/site-packages/airflow/example_dags/example_branch_day_of_week_operator.py                               0           0
/home/airflow/.local/lib/python3.7/site-packages/airflow/example_dags/example_skip_dag.py                                                  0           0
/home/airflow/.local/lib/python3.7/site-packages/airflow/example_dags/example_latest_only.py                                               0           0
/home/airflow/.local/lib/python3.7/site-packages/airflow/example_dags/tutorial_dag.py                                                      0           0
/home/airflow/.local/lib/python3.7/site-packages/airflow/example_dags/example_external_task_marker_dag.py                                  0           0
/home/airflow/.local/lib/python3.7/site-packages/airflow/example_dags/example_complex.py                                                   0           0
/home/airflow/.local/lib/python3.7/site-packages/airflow/example_dags/example_bash_operator.py                                             0           0
/home/airflow/.local/lib/python3.7/site-packages/airflow/example_dags/example_xcomargs.py                                                  0           0
/home/airflow/.local/lib/python3.7/site-packages/airflow/example_dags/example_sensors.py                                                   0           0
/home/airflow/.local/lib/python3.7/site-packages/airflow/example_dags/example_time_delta_sensor_async.py                                   0           0
/home/airflow/.local/lib/python3.7/site-packages/airflow/example_dags/example_latest_only_with_trigger.py                                  0           0
/home/airflow/.local/lib/python3.7/site-packages/airflow/example_dags/example_trigger_controller_dag.py                                    0           0
/home/airflow/.local/lib/python3.7/site-packages/airflow/example_dags/example_short_circuit_operator.py                                    0           0
/home/airflow/.local/lib/python3.7/site-packages/airflow/example_dags/example_params_trigger_ui.py                                         0           0
/home/airflow/.local/lib/python3.7/site-packages/airflow/example_dags/example_branch_datetime_operator.py                                  0           0
/home/airflow/.local/lib/python3.7/site-packages/airflow/example_dags/example_dag_decorator.py                                             0           0
/home/airflow/.local/lib/python3.7/site-packages/airflow/example_dags/example_python_operator.py                                           0           0
/home/airflow/.local/lib/python3.7/site-packages/airflow/example_dags/example_trigger_target_dag.py                                        0           0
/home/airflow/.local/lib/python3.7/site-packages/airflow/example_dags/example_branch_operator.py                                           0           0
/home/airflow/.local/lib/python3.7/site-packages/airflow/example_dags/tutorial_taskflow_api.py                                             0           0
/home/airflow/.local/lib/python3.7/site-packages/airflow/example_dags/tutorial.py                                                          0           0
/home/airflow/.local/lib/python3.7/site-packages/airflow/example_dags/example_params_ui_tutorial.py                                        0           0
/home/airflow/.local/lib/python3.7/site-packages/airflow/example_dags/example_branch_python_dop_operator_3.py                              0           0
/home/airflow/.local/lib/python3.7/site-packages/airflow/example_dags/example_subdag_operator.py                                           0           0
/home/airflow/.local/lib/python3.7/site-packages/airflow/example_dags/tutorial_taskflow_api_virtualenv.py                                  0           0
/home/airflow/.local/lib/python3.7/site-packages/airflow/example_dags/example_kubernetes_executor.py                                       0           0
/home/airflow/.local/lib/python3.7/site-packages/airflow/example_dags/example_nested_branch_dag.py                                         0           0
/home/airflow/.local/lib/python3.7/site-packages/airflow/example_dags/plugins/listener_plugin.py                                           0           0
/home/airflow/.local/lib/python3.7/site-packages/airflow/example_dags/plugins/event_listener.py                                            0           0
/home/airflow/.local/lib/python3.7/site-packages/airflow/example_dags/plugins/workday.py                                                   0           0
/home/airflow/.local/lib/python3.7/site-packages/airflow/example_dags/subdags/subdag.py                                                    0           0
================================================================================
[2026-03-03T01:07:38.902+0000] {manager.py:889} INFO - 
================================================================================
DAG File Processing Stats

File Path                                                                                                           PID  Runtime      # DAGs    # Errors  Last Runtime    Last Run
----------------------------------------------------------------------------------------------------------------  -----  ---------  --------  ----------  --------------  -------------------
/home/airflow/.local/lib/python3.7/site-packages/airflow/example_dags/example_setup_teardown_taskflow.py                                   0           0  0.02s           2026-03-03T01:07:08
/home/airflow/.local/lib/python3.7/site-packages/airflow/example_dags/example_setup_teardown.py                                            0           0  0.02s           2026-03-03T01:07:09
/home/airflow/.local/lib/python3.7/site-packages/airflow/example_dags/plugins/listener_plugin.py                                           0           0  0.02s           2026-03-03T01:07:10
/home/airflow/.local/lib/python3.7/site-packages/airflow/example_dags/plugins/event_listener.py                                            0           0  0.02s           2026-03-03T01:07:10
/home/airflow/.local/lib/python3.7/site-packages/airflow/example_dags/plugins/workday.py                                                   0           0  0.30s           2026-03-03T01:07:10
/home/airflow/.local/lib/python3.7/site-packages/airflow/example_dags/subdags/subdag.py                                                    0           0  0.02s           2026-03-03T01:07:10
/home/airflow/.local/lib/python3.7/site-packages/airflow/example_dags/example_sla_dag.py                             93  0.01s             1           0  0.08s           2026-03-03T01:07:08
/home/airflow/.local/lib/python3.7/site-packages/airflow/example_dags/example_task_group_decorator.py                94  0.00s             1           0  0.08s           2026-03-03T01:07:08
/home/airflow/.local/lib/python3.7/site-packages/airflow/example_dags/example_local_kubernetes_executor.py                                 1           0  0.23s           2026-03-03T01:07:09
/home/airflow/.local/lib/python3.7/site-packages/airflow/example_dags/example_branch_labels.py                                             1           0  0.05s           2026-03-03T01:07:08
/home/airflow/.local/lib/python3.7/site-packages/airflow/example_dags/example_dynamic_task_mapping.py                                      1           0  0.04s           2026-03-03T01:07:08
/home/airflow/.local/lib/python3.7/site-packages/airflow/example_dags/example_passing_params_via_test_command.py                           1           0  0.05s           2026-03-03T01:07:09
/home/airflow/.local/lib/python3.7/site-packages/airflow/example_dags/example_task_group.py                                                1           0  0.06s           2026-03-03T01:07:09
/home/airflow/.local/lib/python3.7/site-packages/airflow/example_dags/example_sensor_decorator.py                                          1           0  0.06s           2026-03-03T01:07:09
/home/airflow/.local/lib/python3.7/site-packages/airflow/example_dags/example_xcom.py                                                      1           0  0.06s           2026-03-03T01:07:09
/home/airflow/.local/lib/python3.7/site-packages/airflow/example_dags/example_branch_operator_decorator.py                                 1           0  0.06s           2026-03-03T01:07:09
/home/airflow/.local/lib/python3.7/site-packages/airflow/example_dags/example_short_circuit_decorator.py                                   1           0  0.06s           2026-03-03T01:07:09
/home/airflow/.local/lib/python3.7/site-packages/airflow/example_dags/example_branch_day_of_week_operator.py                               1           0  0.06s           2026-03-03T01:07:09
/home/airflow/.local/lib/python3.7/site-packages/airflow/example_dags/example_skip_dag.py                                                  1           0  0.06s           2026-03-03T01:07:09
/home/airflow/.local/lib/python3.7/site-packages/airflow/example_dags/example_latest_only.py                                               1           0  0.06s           2026-03-03T01:07:09
/home/airflow/.local/lib/python3.7/site-packages/airflow/example_dags/tutorial_dag.py                                                      1           0  0.05s           2026-03-03T01:07:09
/home/airflow/.local/lib/python3.7/site-packages/airflow/example_dags/example_complex.py                                                   1           0  0.09s           2026-03-03T01:07:09
/home/airflow/.local/lib/python3.7/site-packages/airflow/example_dags/example_bash_operator.py                                             1           0  0.09s           2026-03-03T01:07:09
/home/airflow/.local/lib/python3.7/site-packages/airflow/example_dags/example_sensors.py                                                   1           0  0.07s           2026-03-03T01:07:09
/home/airflow/.local/lib/python3.7/site-packages/airflow/example_dags/example_time_delta_sensor_async.py                                   1           0  0.07s           2026-03-03T01:07:09
/home/airflow/.local/lib/python3.7/site-packages/airflow/example_dags/example_latest_only_with_trigger.py                                  1           0  0.09s           2026-03-03T01:07:09
/home/airflow/.local/lib/python3.7/site-packages/airflow/example_dags/example_trigger_controller_dag.py                                    1           0  0.10s           2026-03-03T01:07:09
/home/airflow/.local/lib/python3.7/site-packages/airflow/example_dags/example_short_circuit_operator.py                                    1           0  0.07s           2026-03-03T01:07:09
/home/airflow/.local/lib/python3.7/site-packages/airflow/example_dags/example_params_trigger_ui.py                                         1           0  0.11s           2026-03-03T01:07:09
/home/airflow/.local/lib/python3.7/site-packages/airflow/example_dags/example_dag_decorator.py                                             1           0  0.09s           2026-03-03T01:07:10
/home/airflow/.local/lib/python3.7/site-packages/airflow/example_dags/example_python_operator.py                                           1           0  0.07s           2026-03-03T01:07:10
/home/airflow/.local/lib/python3.7/site-packages/airflow/example_dags/example_trigger_target_dag.py                                        1           0  0.06s           2026-03-03T01:07:10
/home/airflow/.local/lib/python3.7/site-packages/airflow/example_dags/example_branch_operator.py                                           1           0  0.07s           2026-03-03T01:07:10
/home/airflow/.local/lib/python3.7/site-packages/airflow/example_dags/tutorial_taskflow_api.py                                             1           0  0.06s           2026-03-03T01:07:10
/home/airflow/.local/lib/python3.7/site-packages/airflow/example_dags/tutorial.py                                                          1           0  0.06s           2026-03-03T01:07:10
/home/airflow/.local/lib/python3.7/site-packages/airflow/example_dags/example_params_ui_tutorial.py                                        1           0  0.07s           2026-03-03T01:07:10
/home/airflow/.local/lib/python3.7/site-packages/airflow/example_dags/example_branch_python_dop_operator_3.py                              1           0  0.07s           2026-03-03T01:07:10
/home/airflow/.local/lib/python3.7/site-packages/airflow/example_dags/tutorial_taskflow_api_virtualenv.py                                  1           0  0.06s           2026-03-03T01:07:10
/home/airflow/.local/lib/python3.7/site-packages/airflow/example_dags/example_kubernetes_executor.py                                       1           0  0.27s           2026-03-03T01:07:10
/home/airflow/.local/lib/python3.7/site-packages/airflow/example_dags/example_nested_branch_dag.py                                         1           0  0.06s           2026-03-03T01:07:10
/home/airflow/.local/lib/python3.7/site-packages/airflow/example_dags/example_external_task_marker_dag.py                                  2           0  0.07s           2026-03-03T01:07:09
/home/airflow/.local/lib/python3.7/site-packages/airflow/example_dags/example_xcomargs.py                                                  2           0  0.08s           2026-03-03T01:07:09
/home/airflow/.local/lib/python3.7/site-packages/airflow/example_dags/example_branch_datetime_operator.py                                  3           0  0.14s           2026-03-03T01:07:09
/home/airflow/.local/lib/python3.7/site-packages/airflow/example_dags/example_subdag_operator.py                                           3           0  0.08s           2026-03-03T01:07:10
/home/airflow/.local/lib/python3.7/site-packages/airflow/example_dags/example_datasets.py                                                  6           0  0.10s           2026-03-03T01:07:09
================================================================================
[2026-03-03T01:08:09.131+0000] {manager.py:889} INFO - 
================================================================================
DAG File Processing Stats

File Path                                                                                                           PID  Runtime      # DAGs    # Errors  Last Runtime    Last Run
----------------------------------------------------------------------------------------------------------------  -----  ---------  --------  ----------  --------------  -------------------
/home/airflow/.local/lib/python3.7/site-packages/airflow/example_dags/example_setup_teardown_taskflow.py                                   0           0  0.02s           2026-03-03T01:07:38
/home/airflow/.local/lib/python3.7/site-packages/airflow/example_dags/example_setup_teardown.py                                            0           0  0.02s           2026-03-03T01:07:39
/home/airflow/.local/lib/python3.7/site-packages/airflow/example_dags/plugins/listener_plugin.py                                           0           0  0.02s           2026-03-03T01:07:41
/home/airflow/.local/lib/python3.7/site-packages/airflow/example_dags/plugins/event_listener.py                                            0           0  0.02s           2026-03-03T01:07:41
/home/airflow/.local/lib/python3.7/site-packages/airflow/example_dags/plugins/workday.py                                                   0           0  0.28s           2026-03-03T01:07:41
/home/airflow/.local/lib/python3.7/site-packages/airflow/example_dags/subdags/subdag.py                                                    0           0  0.02s           2026-03-03T01:07:41
/home/airflow/.local/lib/python3.7/site-packages/airflow/example_dags/example_sla_dag.py                            155  0.01s             1           0  0.09s           2026-03-03T01:07:38
/home/airflow/.local/lib/python3.7/site-packages/airflow/example_dags/example_task_group_decorator.py               156  0.01s             1           0  0.08s           2026-03-03T01:07:38
/home/airflow/.local/lib/python3.7/site-packages/airflow/example_dags/example_local_kubernetes_executor.py                                 1           0  0.21s           2026-03-03T01:07:39
/home/airflow/.local/lib/python3.7/site-packages/airflow/example_dags/example_branch_labels.py                                             1           0  0.05s           2026-03-03T01:07:39
/home/airflow/.local/lib/python3.7/site-packages/airflow/example_dags/example_dynamic_task_mapping.py                                      1           0  0.04s           2026-03-03T01:07:39
/home/airflow/.local/lib/python3.7/site-packages/airflow/example_dags/example_passing_params_via_test_command.py                           1           0  0.05s           2026-03-03T01:07:39
/home/airflow/.local/lib/python3.7/site-packages/airflow/example_dags/example_task_group.py                                                1           0  0.05s           2026-03-03T01:07:39
/home/airflow/.local/lib/python3.7/site-packages/airflow/example_dags/example_sensor_decorator.py                                          1           0  0.04s           2026-03-03T01:07:39
/home/airflow/.local/lib/python3.7/site-packages/airflow/example_dags/example_xcom.py                                                      1           0  0.06s           2026-03-03T01:07:39
/home/airflow/.local/lib/python3.7/site-packages/airflow/example_dags/example_branch_operator_decorator.py                                 1           0  0.06s           2026-03-03T01:07:39
/home/airflow/.local/lib/python3.7/site-packages/airflow/example_dags/example_short_circuit_decorator.py                                   1           0  0.06s           2026-03-03T01:07:39
/home/airflow/.local/lib/python3.7/site-packages/airflow/example_dags/example_branch_day_of_week_operator.py                               1           0  0.06s           2026-03-03T01:07:39
/home/airflow/.local/lib/python3.7/site-packages/airflow/example_dags/example_skip_dag.py                                                  1           0  0.06s           2026-03-03T01:07:39
/home/airflow/.local/lib/python3.7/site-packages/airflow/example_dags/example_latest_only.py                                               1           0  0.05s           2026-03-03T01:07:39
/home/airflow/.local/lib/python3.7/site-packages/airflow/example_dags/tutorial_dag.py                                                      1           0  0.05s           2026-03-03T01:07:39
/home/airflow/.local/lib/python3.7/site-packages/airflow/example_dags/example_complex.py                                                   1           0  0.06s           2026-03-03T01:07:39
/home/airflow/.local/lib/python3.7/site-packages/airflow/example_dags/example_bash_operator.py                                             1           0  0.07s           2026-03-03T01:07:39
/home/airflow/.local/lib/python3.7/site-packages/airflow/example_dags/example_sensors.py                                                   1           0  0.06s           2026-03-03T01:07:39
/home/airflow/.local/lib/python3.7/site-packages/airflow/example_dags/example_time_delta_sensor_async.py                                   1           0  0.05s           2026-03-03T01:07:39
/home/airflow/.local/lib/python3.7/site-packages/airflow/example_dags/example_latest_only_with_trigger.py                                  1           0  0.04s           2026-03-03T01:07:39
/home/airflow/.local/lib/python3.7/site-packages/airflow/example_dags/example_trigger_controller_dag.py                                    1           0  0.04s           2026-03-03T01:07:39
/home/airflow/.local/lib/python3.7/site-packages/airflow/example_dags/example_short_circuit_operator.py                                    1           0  0.04s           2026-03-03T01:07:39
/home/airflow/.local/lib/python3.7/site-packages/airflow/example_dags/example_params_trigger_ui.py                                         1           0  0.26s           2026-03-03T01:07:41
/home/airflow/.local/lib/python3.7/site-packages/airflow/example_dags/example_dag_decorator.py                                             1           0  0.19s           2026-03-03T01:07:41
/home/airflow/.local/lib/python3.7/site-packages/airflow/example_dags/example_python_operator.py                                           1           0  0.18s           2026-03-03T01:07:41
/home/airflow/.local/lib/python3.7/site-packages/airflow/example_dags/example_trigger_target_dag.py                                        1           0  0.06s           2026-03-03T01:07:41
/home/airflow/.local/lib/python3.7/site-packages/airflow/example_dags/example_branch_operator.py                                           1           0  0.06s           2026-03-03T01:07:41
/home/airflow/.local/lib/python3.7/site-packages/airflow/example_dags/tutorial_taskflow_api.py                                             1           0  0.06s           2026-03-03T01:07:41
/home/airflow/.local/lib/python3.7/site-packages/airflow/example_dags/tutorial.py                                                          1           0  0.06s           2026-03-03T01:07:41
/home/airflow/.local/lib/python3.7/site-packages/airflow/example_dags/example_params_ui_tutorial.py                                        1           0  0.16s           2026-03-03T01:07:41
/home/airflow/.local/lib/python3.7/site-packages/airflow/example_dags/example_branch_python_dop_operator_3.py                              1           0  0.05s           2026-03-03T01:07:41
/home/airflow/.local/lib/python3.7/site-packages/airflow/example_dags/tutorial_taskflow_api_virtualenv.py                                  1           0  0.05s           2026-03-03T01:07:41
/home/airflow/.local/lib/python3.7/site-packages/airflow/example_dags/example_kubernetes_executor.py                                       1           0  0.29s           2026-03-03T01:07:41
/home/airflow/.local/lib/python3.7/site-packages/airflow/example_dags/example_nested_branch_dag.py                                         1           0  0.07s           2026-03-03T01:07:41
/home/airflow/.local/lib/python3.7/site-packages/airflow/example_dags/example_external_task_marker_dag.py                                  2           0  0.05s           2026-03-03T01:07:39
/home/airflow/.local/lib/python3.7/site-packages/airflow/example_dags/example_xcomargs.py                                                  2           0  0.07s           2026-03-03T01:07:39
/home/airflow/.local/lib/python3.7/site-packages/airflow/example_dags/example_branch_datetime_operator.py                                  3           0  0.14s           2026-03-03T01:07:41
/home/airflow/.local/lib/python3.7/site-packages/airflow/example_dags/example_subdag_operator.py                                           3           0  0.06s           2026-03-03T01:07:41
/home/airflow/.local/lib/python3.7/site-packages/airflow/example_dags/example_datasets.py                                                  6           0  0.16s           2026-03-03T01:07:39
================================================================================
[2026-03-03T01:08:39.265+0000] {manager.py:889} INFO - 
================================================================================
DAG File Processing Stats

File Path                                                                                                         PID    Runtime      # DAGs    # Errors  Last Runtime    Last Run
----------------------------------------------------------------------------------------------------------------  -----  ---------  --------  ----------  --------------  -------------------
/home/airflow/.local/lib/python3.7/site-packages/airflow/example_dags/example_setup_teardown_taskflow.py                                   0           0  0.07s           2026-03-03T01:08:09
/home/airflow/.local/lib/python3.7/site-packages/airflow/example_dags/example_setup_teardown.py                                            0           0  0.10s           2026-03-03T01:08:13
/home/airflow/.local/lib/python3.7/site-packages/airflow/example_dags/plugins/listener_plugin.py                                           0           0  0.08s           2026-03-03T01:08:22
/home/airflow/.local/lib/python3.7/site-packages/airflow/example_dags/plugins/event_listener.py                                            0           0  0.08s           2026-03-03T01:08:22
/home/airflow/.local/lib/python3.7/site-packages/airflow/example_dags/plugins/workday.py                                                   0           0  1.14s           2026-03-03T01:08:23
/home/airflow/.local/lib/python3.7/site-packages/airflow/example_dags/subdags/subdag.py                                                    0           0  0.07s           2026-03-03T01:08:22
/home/airflow/.local/lib/python3.7/site-packages/airflow/example_dags/example_sla_dag.py                                                   1           0  0.50s           2026-03-03T01:08:09
/home/airflow/.local/lib/python3.7/site-packages/airflow/example_dags/example_task_group_decorator.py                                      1           0  0.51s           2026-03-03T01:08:09
/home/airflow/.local/lib/python3.7/site-packages/airflow/example_dags/example_local_kubernetes_executor.py                                 1           0  1.00s           2026-03-03T01:08:11
/home/airflow/.local/lib/python3.7/site-packages/airflow/example_dags/example_branch_labels.py                                             1           0  0.50s           2026-03-03T01:08:10
/home/airflow/.local/lib/python3.7/site-packages/airflow/example_dags/example_dynamic_task_mapping.py                                      1           0  0.47s           2026-03-03T01:08:10
/home/airflow/.local/lib/python3.7/site-packages/airflow/example_dags/example_passing_params_via_test_command.py                           1           0  0.56s           2026-03-03T01:08:10
/home/airflow/.local/lib/python3.7/site-packages/airflow/example_dags/example_task_group.py                                                1           0  0.58s           2026-03-03T01:08:11
/home/airflow/.local/lib/python3.7/site-packages/airflow/example_dags/example_sensor_decorator.py                                          1           0  0.56s           2026-03-03T01:08:11
/home/airflow/.local/lib/python3.7/site-packages/airflow/example_dags/example_xcom.py                                                      1           0  0.60s           2026-03-03T01:08:12
/home/airflow/.local/lib/python3.7/site-packages/airflow/example_dags/example_branch_operator_decorator.py                                 1           0  0.64s           2026-03-03T01:08:13
/home/airflow/.local/lib/python3.7/site-packages/airflow/example_dags/example_short_circuit_decorator.py                                   1           0  0.63s           2026-03-03T01:08:13
/home/airflow/.local/lib/python3.7/site-packages/airflow/example_dags/example_branch_day_of_week_operator.py                               1           0  0.57s           2026-03-03T01:08:13
/home/airflow/.local/lib/python3.7/site-packages/airflow/example_dags/example_skip_dag.py                                                  1           0  0.59s           2026-03-03T01:08:14
/home/airflow/.local/lib/python3.7/site-packages/airflow/example_dags/example_latest_only.py                                               1           0  0.60s           2026-03-03T01:08:14
/home/airflow/.local/lib/python3.7/site-packages/airflow/example_dags/tutorial_dag.py                                                      1           0  0.55s           2026-03-03T01:08:14
/home/airflow/.local/lib/python3.7/site-packages/airflow/example_dags/example_complex.py                                                   1           0  0.64s           2026-03-03T01:08:15
/home/airflow/.local/lib/python3.7/site-packages/airflow/example_dags/example_bash_operator.py                                             1           0  0.64s           2026-03-03T01:08:16
/home/airflow/.local/lib/python3.7/site-packages/airflow/example_dags/example_sensors.py                                                   1           0  0.59s           2026-03-03T01:08:16
/home/airflow/.local/lib/python3.7/site-packages/airflow/example_dags/example_time_delta_sensor_async.py                                   1           0  0.65s           2026-03-03T01:08:17
/home/airflow/.local/lib/python3.7/site-packages/airflow/example_dags/example_latest_only_with_trigger.py                                  1           0  0.63s           2026-03-03T01:08:17
/home/airflow/.local/lib/python3.7/site-packages/airflow/example_dags/example_trigger_controller_dag.py                                    1           0  0.59s           2026-03-03T01:08:17
/home/airflow/.local/lib/python3.7/site-packages/airflow/example_dags/example_short_circuit_operator.py                                    1           0  0.60s           2026-03-03T01:08:18
/home/airflow/.local/lib/python3.7/site-packages/airflow/example_dags/example_params_trigger_ui.py                                         1           0  0.79s           2026-03-03T01:08:18
/home/airflow/.local/lib/python3.7/site-packages/airflow/example_dags/example_dag_decorator.py                                             1           0  0.78s           2026-03-03T01:08:19
/home/airflow/.local/lib/python3.7/site-packages/airflow/example_dags/example_python_operator.py                                           1           0  0.65s           2026-03-03T01:08:19
/home/airflow/.local/lib/python3.7/site-packages/airflow/example_dags/example_trigger_target_dag.py                                        1           0  0.56s           2026-03-03T01:08:19
/home/airflow/.local/lib/python3.7/site-packages/airflow/example_dags/example_branch_operator.py                                           1           0  0.59s           2026-03-03T01:08:20
/home/airflow/.local/lib/python3.7/site-packages/airflow/example_dags/tutorial_taskflow_api.py                                             1           0  0.57s           2026-03-03T01:08:20
/home/airflow/.local/lib/python3.7/site-packages/airflow/example_dags/tutorial.py                                                          1           0  0.54s           2026-03-03T01:08:20
/home/airflow/.local/lib/python3.7/site-packages/airflow/example_dags/example_params_ui_tutorial.py                                        1           0  0.70s           2026-03-03T01:08:21
/home/airflow/.local/lib/python3.7/site-packages/airflow/example_dags/example_branch_python_dop_operator_3.py                              1           0  0.55s           2026-03-03T01:08:21
/home/airflow/.local/lib/python3.7/site-packages/airflow/example_dags/tutorial_taskflow_api_virtualenv.py                                  1           0  0.55s           2026-03-03T01:08:21
/home/airflow/.local/lib/python3.7/site-packages/airflow/example_dags/example_kubernetes_executor.py                                       1           0  1.08s           2026-03-03T01:08:22
/home/airflow/.local/lib/python3.7/site-packages/airflow/example_dags/example_nested_branch_dag.py                                         1           0  0.57s           2026-03-03T01:08:22
/home/airflow/.local/lib/python3.7/site-packages/airflow/example_dags/example_external_task_marker_dag.py                                  2           0  0.61s           2026-03-03T01:08:15
/home/airflow/.local/lib/python3.7/site-packages/airflow/example_dags/example_xcomargs.py                                                  2           0  0.60s           2026-03-03T01:08:16
/home/airflow/.local/lib/python3.7/site-packages/airflow/example_dags/example_branch_datetime_operator.py                                  3           0  0.68s           2026-03-03T01:08:18
/home/airflow/.local/lib/python3.7/site-packages/airflow/example_dags/example_subdag_operator.py                                           3           0  0.63s           2026-03-03T01:08:21
/home/airflow/.local/lib/python3.7/site-packages/airflow/example_dags/example_datasets.py                                                  6           0  0.72s           2026-03-03T01:08:11
================================================================================
[2026-03-03T01:09:10.200+0000] {manager.py:889} INFO - 
================================================================================
DAG File Processing Stats

File Path                                                                                                         PID    Runtime      # DAGs    # Errors  Last Runtime    Last Run
----------------------------------------------------------------------------------------------------------------  -----  ---------  --------  ----------  --------------  -------------------
/home/airflow/.local/lib/python3.7/site-packages/airflow/example_dags/example_setup_teardown_taskflow.py                                   0           0  0.02s           2026-03-03T01:08:40
/home/airflow/.local/lib/python3.7/site-packages/airflow/example_dags/example_setup_teardown.py                                            0           0  0.02s           2026-03-03T01:08:43
/home/airflow/.local/lib/python3.7/site-packages/airflow/example_dags/plugins/listener_plugin.py                                           0           0  0.03s           2026-03-03T01:08:52
/home/airflow/.local/lib/python3.7/site-packages/airflow/example_dags/plugins/event_listener.py                                            0           0  0.02s           2026-03-03T01:08:52
/home/airflow/.local/lib/python3.7/site-packages/airflow/example_dags/plugins/workday.py                                                   0           0  0.25s           2026-03-03T01:08:54
/home/airflow/.local/lib/python3.7/site-packages/airflow/example_dags/subdags/subdag.py                                                    0           0  0.02s           2026-03-03T01:08:54
/home/airflow/.local/lib/python3.7/site-packages/airflow/example_dags/example_sla_dag.py                                                   1           0  0.09s           2026-03-03T01:08:40
/home/airflow/.local/lib/python3.7/site-packages/airflow/example_dags/example_task_group_decorator.py                                      1           0  0.08s           2026-03-03T01:08:40
/home/airflow/.local/lib/python3.7/site-packages/airflow/example_dags/example_local_kubernetes_executor.py                                 1           0  0.16s           2026-03-03T01:08:41
/home/airflow/.local/lib/python3.7/site-packages/airflow/example_dags/example_branch_labels.py                                             1           0  0.07s           2026-03-03T01:08:40
/home/airflow/.local/lib/python3.7/site-packages/airflow/example_dags/example_dynamic_task_mapping.py                                      1           0  0.06s           2026-03-03T01:08:40
/home/airflow/.local/lib/python3.7/site-packages/airflow/example_dags/example_passing_params_via_test_command.py                           1           0  0.06s           2026-03-03T01:08:41
/home/airflow/.local/lib/python3.7/site-packages/airflow/example_dags/example_task_group.py                                                1           0  0.05s           2026-03-03T01:08:41
/home/airflow/.local/lib/python3.7/site-packages/airflow/example_dags/example_sensor_decorator.py                                          1           0  0.06s           2026-03-03T01:08:42
/home/airflow/.local/lib/python3.7/site-packages/airflow/example_dags/example_xcom.py                                                      1           0  0.05s           2026-03-03T01:08:42
/home/airflow/.local/lib/python3.7/site-packages/airflow/example_dags/example_branch_operator_decorator.py                                 1           0  0.09s           2026-03-03T01:08:43
/home/airflow/.local/lib/python3.7/site-packages/airflow/example_dags/example_short_circuit_decorator.py                                   1           0  0.10s           2026-03-03T01:08:43
/home/airflow/.local/lib/python3.7/site-packages/airflow/example_dags/example_branch_day_of_week_operator.py                               1           0  0.06s           2026-03-03T01:08:43
/home/airflow/.local/lib/python3.7/site-packages/airflow/example_dags/example_skip_dag.py                                                  1           0  0.08s           2026-03-03T01:08:44
/home/airflow/.local/lib/python3.7/site-packages/airflow/example_dags/example_latest_only.py                                               1           0  0.08s           2026-03-03T01:08:44
/home/airflow/.local/lib/python3.7/site-packages/airflow/example_dags/tutorial_dag.py                                                      1           0  0.05s           2026-03-03T01:08:44
/home/airflow/.local/lib/python3.7/site-packages/airflow/example_dags/example_complex.py                                                   1           0  0.10s           2026-03-03T01:08:46
/home/airflow/.local/lib/python3.7/site-packages/airflow/example_dags/example_bash_operator.py                                             1           0  0.08s           2026-03-03T01:08:47
/home/airflow/.local/lib/python3.7/site-packages/airflow/example_dags/example_sensors.py                                                   1           0  0.06s           2026-03-03T01:08:47
/home/airflow/.local/lib/python3.7/site-packages/airflow/example_dags/example_time_delta_sensor_async.py                                   1           0  0.07s           2026-03-03T01:08:48
/home/airflow/.local/lib/python3.7/site-packages/airflow/example_dags/example_latest_only_with_trigger.py                                  1           0  0.08s           2026-03-03T01:08:48
/home/airflow/.local/lib/python3.7/site-packages/airflow/example_dags/example_trigger_controller_dag.py                                    1           0  0.06s           2026-03-03T01:08:48
/home/airflow/.local/lib/python3.7/site-packages/airflow/example_dags/example_short_circuit_operator.py                                    1           0  0.07s           2026-03-03T01:08:48
/home/airflow/.local/lib/python3.7/site-packages/airflow/example_dags/example_params_trigger_ui.py                                         1           0  0.09s           2026-03-03T01:08:49
/home/airflow/.local/lib/python3.7/site-packages/airflow/example_dags/example_dag_decorator.py                                             1           0  0.10s           2026-03-03T01:08:50
/home/airflow/.local/lib/python3.7/site-packages/airflow/example_dags/example_python_operator.py                                           1           0  0.07s           2026-03-03T01:08:50
/home/airflow/.local/lib/python3.7/site-packages/airflow/example_dags/example_trigger_target_dag.py                                        1           0  0.06s           2026-03-03T01:08:50
/home/airflow/.local/lib/python3.7/site-packages/airflow/example_dags/example_branch_operator.py                                           1           0  0.05s           2026-03-03T01:08:50
/home/airflow/.local/lib/python3.7/site-packages/airflow/example_dags/tutorial_taskflow_api.py                                             1           0  0.07s           2026-03-03T01:08:51
/home/airflow/.local/lib/python3.7/site-packages/airflow/example_dags/tutorial.py                                                          1           0  0.07s           2026-03-03T01:08:51
/home/airflow/.local/lib/python3.7/site-packages/airflow/example_dags/example_params_ui_tutorial.py                                        1           0  0.06s           2026-03-03T01:08:51
/home/airflow/.local/lib/python3.7/site-packages/airflow/example_dags/example_branch_python_dop_operator_3.py                              1           0  0.04s           2026-03-03T01:08:51
/home/airflow/.local/lib/python3.7/site-packages/airflow/example_dags/tutorial_taskflow_api_virtualenv.py                                  1           0  0.07s           2026-03-03T01:08:52
/home/airflow/.local/lib/python3.7/site-packages/airflow/example_dags/example_kubernetes_executor.py                                       1           0  0.23s           2026-03-03T01:08:54
/home/airflow/.local/lib/python3.7/site-packages/airflow/example_dags/example_nested_branch_dag.py                                         1           0  0.05s           2026-03-03T01:08:52
/home/airflow/.local/lib/python3.7/site-packages/airflow/example_dags/example_external_task_marker_dag.py                                  2           0  0.09s           2026-03-03T01:08:46
/home/airflow/.local/lib/python3.7/site-packages/airflow/example_dags/example_xcomargs.py                                                  2           0  0.07s           2026-03-03T01:08:47
/home/airflow/.local/lib/python3.7/site-packages/airflow/example_dags/example_branch_datetime_operator.py                                  3           0  0.06s           2026-03-03T01:08:49
/home/airflow/.local/lib/python3.7/site-packages/airflow/example_dags/example_subdag_operator.py                                           3           0  0.08s           2026-03-03T01:08:52
/home/airflow/.local/lib/python3.7/site-packages/airflow/example_dags/example_datasets.py                                                  6           0  0.09s           2026-03-03T01:08:42
================================================================================
[2026-03-03T01:09:41.162+0000] {manager.py:889} INFO - 
================================================================================
DAG File Processing Stats

File Path                                                                                                         PID    Runtime      # DAGs    # Errors  Last Runtime    Last Run
----------------------------------------------------------------------------------------------------------------  -----  ---------  --------  ----------  --------------  -------------------
/home/airflow/.local/lib/python3.7/site-packages/airflow/example_dags/example_setup_teardown_taskflow.py                                   0           0  0.02s           2026-03-03T01:09:11
/home/airflow/.local/lib/python3.7/site-packages/airflow/example_dags/example_setup_teardown.py                                            0           0  0.02s           2026-03-03T01:09:14
/home/airflow/.local/lib/python3.7/site-packages/airflow/example_dags/plugins/listener_plugin.py                                           0           0  0.02s           2026-03-03T01:09:23
/home/airflow/.local/lib/python3.7/site-packages/airflow/example_dags/plugins/event_listener.py                                            0           0  0.03s           2026-03-03T01:09:23
/home/airflow/.local/lib/python3.7/site-packages/airflow/example_dags/plugins/workday.py                                                   0           0  0.21s           2026-03-03T01:09:25
/home/airflow/.local/lib/python3.7/site-packages/airflow/example_dags/subdags/subdag.py                                                    0           0  0.02s           2026-03-03T01:09:25
/home/airflow/.local/lib/python3.7/site-packages/airflow/example_dags/example_sla_dag.py                                                   1           0  0.08s           2026-03-03T01:09:11
/home/airflow/.local/lib/python3.7/site-packages/airflow/example_dags/example_task_group_decorator.py                                      1           0  0.08s           2026-03-03T01:09:11
/home/airflow/.local/lib/python3.7/site-packages/airflow/example_dags/example_local_kubernetes_executor.py                                 1           0  0.18s           2026-03-03T01:09:12
/home/airflow/.local/lib/python3.7/site-packages/airflow/example_dags/example_branch_labels.py                                             1           0  0.08s           2026-03-03T01:09:11
/home/airflow/.local/lib/python3.7/site-packages/airflow/example_dags/example_dynamic_task_mapping.py                                      1           0  0.07s           2026-03-03T01:09:11
/home/airflow/.local/lib/python3.7/site-packages/airflow/example_dags/example_passing_params_via_test_command.py                           1           0  0.07s           2026-03-03T01:09:12
/home/airflow/.local/lib/python3.7/site-packages/airflow/example_dags/example_task_group.py                                                1           0  0.07s           2026-03-03T01:09:12
/home/airflow/.local/lib/python3.7/site-packages/airflow/example_dags/example_sensor_decorator.py                                          1           0  0.09s           2026-03-03T01:09:13
/home/airflow/.local/lib/python3.7/site-packages/airflow/example_dags/example_xcom.py                                                      1           0  0.06s           2026-03-03T01:09:13
/home/airflow/.local/lib/python3.7/site-packages/airflow/example_dags/example_branch_operator_decorator.py                                 1           0  0.08s           2026-03-03T01:09:14
/home/airflow/.local/lib/python3.7/site-packages/airflow/example_dags/example_short_circuit_decorator.py                                   1           0  0.07s           2026-03-03T01:09:14
/home/airflow/.local/lib/python3.7/site-packages/airflow/example_dags/example_branch_day_of_week_operator.py                               1           0  0.05s           2026-03-03T01:09:14
/home/airflow/.local/lib/python3.7/site-packages/airflow/example_dags/example_skip_dag.py                                                  1           0  0.08s           2026-03-03T01:09:15
/home/airflow/.local/lib/python3.7/site-packages/airflow/example_dags/example_latest_only.py                                               1           0  0.08s           2026-03-03T01:09:15
/home/airflow/.local/lib/python3.7/site-packages/airflow/example_dags/tutorial_dag.py                                                      1           0  0.04s           2026-03-03T01:09:15
/home/airflow/.local/lib/python3.7/site-packages/airflow/example_dags/example_complex.py                                                   1           0  0.07s           2026-03-03T01:09:16
/home/airflow/.local/lib/python3.7/site-packages/airflow/example_dags/example_bash_operator.py                                             1           0  0.09s           2026-03-03T01:09:18
/home/airflow/.local/lib/python3.7/site-packages/airflow/example_dags/example_sensors.py                                                   1           0  0.05s           2026-03-03T01:09:18
/home/airflow/.local/lib/python3.7/site-packages/airflow/example_dags/example_time_delta_sensor_async.py                                   1           0  0.08s           2026-03-03T01:09:19
/home/airflow/.local/lib/python3.7/site-packages/airflow/example_dags/example_latest_only_with_trigger.py                                  1           0  0.08s           2026-03-03T01:09:19
/home/airflow/.local/lib/python3.7/site-packages/airflow/example_dags/example_trigger_controller_dag.py                                    1           0  0.07s           2026-03-03T01:09:19
/home/airflow/.local/lib/python3.7/site-packages/airflow/example_dags/example_short_circuit_operator.py                                    1           0  0.07s           2026-03-03T01:09:19
/home/airflow/.local/lib/python3.7/site-packages/airflow/example_dags/example_params_trigger_ui.py                                         1           0  0.08s           2026-03-03T01:09:20
/home/airflow/.local/lib/python3.7/site-packages/airflow/example_dags/example_dag_decorator.py                                             1           0  0.09s           2026-03-03T01:09:21
/home/airflow/.local/lib/python3.7/site-packages/airflow/example_dags/example_python_operator.py                                           1           0  0.08s           2026-03-03T01:09:21
/home/airflow/.local/lib/python3.7/site-packages/airflow/example_dags/example_trigger_target_dag.py                                        1           0  0.05s           2026-03-03T01:09:21
/home/airflow/.local/lib/python3.7/site-packages/airflow/example_dags/example_branch_operator.py                                           1           0  0.06s           2026-03-03T01:09:21
/home/airflow/.local/lib/python3.7/site-packages/airflow/example_dags/tutorial_taskflow_api.py                                             1           0  0.08s           2026-03-03T01:09:22
/home/airflow/.local/lib/python3.7/site-packages/airflow/example_dags/tutorial.py                                                          1           0  0.07s           2026-03-03T01:09:22
/home/airflow/.local/lib/python3.7/site-packages/airflow/example_dags/example_params_ui_tutorial.py                                        1           0  0.08s           2026-03-03T01:09:22
/home/airflow/.local/lib/python3.7/site-packages/airflow/example_dags/example_branch_python_dop_operator_3.py                              1           0  0.05s           2026-03-03T01:09:22
/home/airflow/.local/lib/python3.7/site-packages/airflow/example_dags/tutorial_taskflow_api_virtualenv.py                                  1           0  0.09s           2026-03-03T01:09:23
/home/airflow/.local/lib/python3.7/site-packages/airflow/example_dags/example_kubernetes_executor.py                                       1           0  0.19s           2026-03-03T01:09:25
/home/airflow/.local/lib/python3.7/site-packages/airflow/example_dags/example_nested_branch_dag.py                                         1           0  0.07s           2026-03-03T01:09:23
/home/airflow/.local/lib/python3.7/site-packages/airflow/example_dags/example_external_task_marker_dag.py                                  2           0  0.07s           2026-03-03T01:09:16
/home/airflow/.local/lib/python3.7/site-packages/airflow/example_dags/example_xcomargs.py                                                  2           0  0.09s           2026-03-03T01:09:18
/home/airflow/.local/lib/python3.7/site-packages/airflow/example_dags/example_branch_datetime_operator.py                                  3           0  0.07s           2026-03-03T01:09:20
/home/airflow/.local/lib/python3.7/site-packages/airflow/example_dags/example_subdag_operator.py                                           3           0  0.11s           2026-03-03T01:09:23
/home/airflow/.local/lib/python3.7/site-packages/airflow/example_dags/example_datasets.py                                                  6           0  0.12s           2026-03-03T01:09:13
================================================================================
[2026-03-03T01:10:11.770+0000] {manager.py:889} INFO - 
================================================================================
DAG File Processing Stats

File Path                                                                                                         PID    Runtime      # DAGs    # Errors  Last Runtime    Last Run
----------------------------------------------------------------------------------------------------------------  -----  ---------  --------  ----------  --------------  -------------------
/home/airflow/.local/lib/python3.7/site-packages/airflow/example_dags/example_setup_teardown_taskflow.py                                   0           0  0.02s           2026-03-03T01:09:42
/home/airflow/.local/lib/python3.7/site-packages/airflow/example_dags/example_setup_teardown.py                                            0           0  0.03s           2026-03-03T01:09:45
/home/airflow/.local/lib/python3.7/site-packages/airflow/example_dags/plugins/listener_plugin.py                                           0           0  0.02s           2026-03-03T01:09:54
/home/airflow/.local/lib/python3.7/site-packages/airflow/example_dags/plugins/event_listener.py                                            0           0  0.03s           2026-03-03T01:09:54
/home/airflow/.local/lib/python3.7/site-packages/airflow/example_dags/plugins/workday.py                                                   0           0  0.22s           2026-03-03T01:09:55
/home/airflow/.local/lib/python3.7/site-packages/airflow/example_dags/subdags/subdag.py                                                    0           0  0.02s           2026-03-03T01:09:55
/home/airflow/.local/lib/python3.7/site-packages/airflow/example_dags/example_sla_dag.py                                                   1           0  0.09s           2026-03-03T01:09:42
/home/airflow/.local/lib/python3.7/site-packages/airflow/example_dags/example_task_group_decorator.py                                      1           0  0.09s           2026-03-03T01:09:42
/home/airflow/.local/lib/python3.7/site-packages/airflow/example_dags/example_local_kubernetes_executor.py                                 1           0  0.17s           2026-03-03T01:09:43
/home/airflow/.local/lib/python3.7/site-packages/airflow/example_dags/example_branch_labels.py                                             1           0  0.07s           2026-03-03T01:09:42
/home/airflow/.local/lib/python3.7/site-packages/airflow/example_dags/example_dynamic_task_mapping.py                                      1           0  0.06s           2026-03-03T01:09:42
/home/airflow/.local/lib/python3.7/site-packages/airflow/example_dags/example_passing_params_via_test_command.py                           1           0  0.07s           2026-03-03T01:09:43
/home/airflow/.local/lib/python3.7/site-packages/airflow/example_dags/example_task_group.py                                                1           0  0.06s           2026-03-03T01:09:43
/home/airflow/.local/lib/python3.7/site-packages/airflow/example_dags/example_sensor_decorator.py                                          1           0  0.09s           2026-03-03T01:09:44
/home/airflow/.local/lib/python3.7/site-packages/airflow/example_dags/example_xcom.py                                                      1           0  0.06s           2026-03-03T01:09:44
/home/airflow/.local/lib/python3.7/site-packages/airflow/example_dags/example_branch_operator_decorator.py                                 1           0  0.08s           2026-03-03T01:09:45
/home/airflow/.local/lib/python3.7/site-packages/airflow/example_dags/example_short_circuit_decorator.py                                   1           0  0.07s           2026-03-03T01:09:45
/home/airflow/.local/lib/python3.7/site-packages/airflow/example_dags/example_branch_day_of_week_operator.py                               1           0  0.06s           2026-03-03T01:09:45
/home/airflow/.local/lib/python3.7/site-packages/airflow/example_dags/example_skip_dag.py                                                  1           0  0.09s           2026-03-03T01:09:46
/home/airflow/.local/lib/python3.7/site-packages/airflow/example_dags/example_latest_only.py                                               1           0  0.08s           2026-03-03T01:09:46
/home/airflow/.local/lib/python3.7/site-packages/airflow/example_dags/tutorial_dag.py                                                      1           0  0.05s           2026-03-03T01:09:46
/home/airflow/.local/lib/python3.7/site-packages/airflow/example_dags/example_complex.py                                                   1           0  0.08s           2026-03-03T01:09:47
/home/airflow/.local/lib/python3.7/site-packages/airflow/example_dags/example_bash_operator.py                                             1           0  0.11s           2026-03-03T01:09:49
/home/airflow/.local/lib/python3.7/site-packages/airflow/example_dags/example_sensors.py                                                   1           0  0.14s           2026-03-03T01:09:49
/home/airflow/.local/lib/python3.7/site-packages/airflow/example_dags/example_time_delta_sensor_async.py                                   1           0  0.25s           2026-03-03T01:09:49
/home/airflow/.local/lib/python3.7/site-packages/airflow/example_dags/example_latest_only_with_trigger.py                                  1           0  0.27s           2026-03-03T01:09:49
/home/airflow/.local/lib/python3.7/site-packages/airflow/example_dags/example_trigger_controller_dag.py                                    1           0  0.24s           2026-03-03T01:09:49
/home/airflow/.local/lib/python3.7/site-packages/airflow/example_dags/example_short_circuit_operator.py                                    1           0  0.23s           2026-03-03T01:09:49
/home/airflow/.local/lib/python3.7/site-packages/airflow/example_dags/example_params_trigger_ui.py                                         1           0  0.11s           2026-03-03T01:09:50
/home/airflow/.local/lib/python3.7/site-packages/airflow/example_dags/example_dag_decorator.py                                             1           0  0.09s           2026-03-03T01:09:51
/home/airflow/.local/lib/python3.7/site-packages/airflow/example_dags/example_python_operator.py                                           1           0  0.07s           2026-03-03T01:09:51
/home/airflow/.local/lib/python3.7/site-packages/airflow/example_dags/example_trigger_target_dag.py                                        1           0  0.05s           2026-03-03T01:09:51
/home/airflow/.local/lib/python3.7/site-packages/airflow/example_dags/example_branch_operator.py                                           1           0  0.05s           2026-03-03T01:09:52
/home/airflow/.local/lib/python3.7/site-packages/airflow/example_dags/tutorial_taskflow_api.py                                             1           0  0.08s           2026-03-03T01:09:53
/home/airflow/.local/lib/python3.7/site-packages/airflow/example_dags/tutorial.py                                                          1           0  0.08s           2026-03-03T01:09:53
/home/airflow/.local/lib/python3.7/site-packages/airflow/example_dags/example_params_ui_tutorial.py                                        1           0  0.08s           2026-03-03T01:09:53
/home/airflow/.local/lib/python3.7/site-packages/airflow/example_dags/example_branch_python_dop_operator_3.py                              1           0  0.05s           2026-03-03T01:09:53
/home/airflow/.local/lib/python3.7/site-packages/airflow/example_dags/tutorial_taskflow_api_virtualenv.py                                  1           0  0.07s           2026-03-03T01:09:54
/home/airflow/.local/lib/python3.7/site-packages/airflow/example_dags/example_kubernetes_executor.py                                       1           0  0.22s           2026-03-03T01:09:55
/home/airflow/.local/lib/python3.7/site-packages/airflow/example_dags/example_nested_branch_dag.py                                         1           0  0.07s           2026-03-03T01:09:54
/home/airflow/.local/lib/python3.7/site-packages/airflow/example_dags/example_external_task_marker_dag.py                                  2           0  0.08s           2026-03-03T01:09:47
/home/airflow/.local/lib/python3.7/site-packages/airflow/example_dags/example_xcomargs.py                                                  2           0  0.11s           2026-03-03T01:09:49
/home/airflow/.local/lib/python3.7/site-packages/airflow/example_dags/example_branch_datetime_operator.py                                  3           0  0.09s           2026-03-03T01:09:50
/home/airflow/.local/lib/python3.7/site-packages/airflow/example_dags/example_subdag_operator.py                                           3           0  0.09s           2026-03-03T01:09:54
/home/airflow/.local/lib/python3.7/site-packages/airflow/example_dags/example_datasets.py                                                  6           0  0.11s           2026-03-03T01:09:44
================================================================================
[2026-03-03T01:10:42.714+0000] {manager.py:889} INFO - 
================================================================================
DAG File Processing Stats

File Path                                                                                                         PID    Runtime      # DAGs    # Errors  Last Runtime    Last Run
----------------------------------------------------------------------------------------------------------------  -----  ---------  --------  ----------  --------------  -------------------
/home/airflow/.local/lib/python3.7/site-packages/airflow/example_dags/example_setup_teardown_taskflow.py                                   0           0  0.09s           2026-03-03T01:10:13
/home/airflow/.local/lib/python3.7/site-packages/airflow/example_dags/example_setup_teardown.py                                            0           0  0.11s           2026-03-03T01:10:16
/home/airflow/.local/lib/python3.7/site-packages/airflow/example_dags/plugins/listener_plugin.py                                           0           0  0.03s           2026-03-03T01:10:25
/home/airflow/.local/lib/python3.7/site-packages/airflow/example_dags/plugins/event_listener.py                                            0           0  0.03s           2026-03-03T01:10:25
/home/airflow/.local/lib/python3.7/site-packages/airflow/example_dags/plugins/workday.py                                                   0           0  0.21s           2026-03-03T01:10:26
/home/airflow/.local/lib/python3.7/site-packages/airflow/example_dags/subdags/subdag.py                                                    0           0  0.02s           2026-03-03T01:10:26
/home/airflow/.local/lib/python3.7/site-packages/airflow/example_dags/example_sla_dag.py                                                   1           0  0.68s           2026-03-03T01:10:13
/home/airflow/.local/lib/python3.7/site-packages/airflow/example_dags/example_task_group_decorator.py                                      1           0  0.69s           2026-03-03T01:10:13
/home/airflow/.local/lib/python3.7/site-packages/airflow/example_dags/example_local_kubernetes_executor.py                                 1           0  1.18s           2026-03-03T01:10:15
/home/airflow/.local/lib/python3.7/site-packages/airflow/example_dags/example_branch_labels.py                                             1           0  0.35s           2026-03-03T01:10:13
/home/airflow/.local/lib/python3.7/site-packages/airflow/example_dags/example_dynamic_task_mapping.py                                      1           0  0.38s           2026-03-03T01:10:13
/home/airflow/.local/lib/python3.7/site-packages/airflow/example_dags/example_passing_params_via_test_command.py                           1           0  0.44s           2026-03-03T01:10:15
/home/airflow/.local/lib/python3.7/site-packages/airflow/example_dags/example_task_group.py                                                1           0  0.40s           2026-03-03T01:10:15
/home/airflow/.local/lib/python3.7/site-packages/airflow/example_dags/example_sensor_decorator.py                                          1           0  0.45s           2026-03-03T01:10:15
/home/airflow/.local/lib/python3.7/site-packages/airflow/example_dags/example_xcom.py                                                      1           0  0.40s           2026-03-03T01:10:16
/home/airflow/.local/lib/python3.7/site-packages/airflow/example_dags/example_branch_operator_decorator.py                                 1           0  0.41s           2026-03-03T01:10:16
/home/airflow/.local/lib/python3.7/site-packages/airflow/example_dags/example_short_circuit_decorator.py                                   1           0  0.35s           2026-03-03T01:10:16
/home/airflow/.local/lib/python3.7/site-packages/airflow/example_dags/example_branch_day_of_week_operator.py                               1           0  0.27s           2026-03-03T01:10:16
/home/airflow/.local/lib/python3.7/site-packages/airflow/example_dags/example_skip_dag.py                                                  1           0  0.28s           2026-03-03T01:10:17
/home/airflow/.local/lib/python3.7/site-packages/airflow/example_dags/example_latest_only.py                                               1           0  0.27s           2026-03-03T01:10:17
/home/airflow/.local/lib/python3.7/site-packages/airflow/example_dags/tutorial_dag.py                                                      1           0  0.20s           2026-03-03T01:10:18
/home/airflow/.local/lib/python3.7/site-packages/airflow/example_dags/example_complex.py                                                   1           0  0.35s           2026-03-03T01:10:18
/home/airflow/.local/lib/python3.7/site-packages/airflow/example_dags/example_bash_operator.py                                             1           0  0.37s           2026-03-03T01:10:19
/home/airflow/.local/lib/python3.7/site-packages/airflow/example_dags/example_sensors.py                                                   1           0  0.33s           2026-03-03T01:10:20
/home/airflow/.local/lib/python3.7/site-packages/airflow/example_dags/example_time_delta_sensor_async.py                                   1           0  0.28s           2026-03-03T01:10:20
/home/airflow/.local/lib/python3.7/site-packages/airflow/example_dags/example_latest_only_with_trigger.py                                  1           0  0.25s           2026-03-03T01:10:20
/home/airflow/.local/lib/python3.7/site-packages/airflow/example_dags/example_trigger_controller_dag.py                                    1           0  0.24s           2026-03-03T01:10:20
/home/airflow/.local/lib/python3.7/site-packages/airflow/example_dags/example_short_circuit_operator.py                                    1           0  0.25s           2026-03-03T01:10:20
/home/airflow/.local/lib/python3.7/site-packages/airflow/example_dags/example_params_trigger_ui.py                                         1           0  0.49s           2026-03-03T01:10:22
/home/airflow/.local/lib/python3.7/site-packages/airflow/example_dags/example_dag_decorator.py                                             1           0  0.52s           2026-03-03T01:10:22
/home/airflow/.local/lib/python3.7/site-packages/airflow/example_dags/example_python_operator.py                                           1           0  0.35s           2026-03-03T01:10:22
/home/airflow/.local/lib/python3.7/site-packages/airflow/example_dags/example_trigger_target_dag.py                                        1           0  0.35s           2026-03-03T01:10:22
/home/airflow/.local/lib/python3.7/site-packages/airflow/example_dags/example_branch_operator.py                                           1           0  0.34s           2026-03-03T01:10:22
/home/airflow/.local/lib/python3.7/site-packages/airflow/example_dags/tutorial_taskflow_api.py                                             1           0  0.12s           2026-03-03T01:10:23
/home/airflow/.local/lib/python3.7/site-packages/airflow/example_dags/tutorial.py                                                          1           0  0.12s           2026-03-03T01:10:23
/home/airflow/.local/lib/python3.7/site-packages/airflow/example_dags/example_params_ui_tutorial.py                                        1           0  0.22s           2026-03-03T01:10:24
/home/airflow/.local/lib/python3.7/site-packages/airflow/example_dags/example_branch_python_dop_operator_3.py                              1           0  0.06s           2026-03-03T01:10:24
/home/airflow/.local/lib/python3.7/site-packages/airflow/example_dags/tutorial_taskflow_api_virtualenv.py                                  1           0  0.07s           2026-03-03T01:10:25
/home/airflow/.local/lib/python3.7/site-packages/airflow/example_dags/example_kubernetes_executor.py                                       1           0  0.21s           2026-03-03T01:10:26
/home/airflow/.local/lib/python3.7/site-packages/airflow/example_dags/example_nested_branch_dag.py                                         1           0  0.06s           2026-03-03T01:10:25
/home/airflow/.local/lib/python3.7/site-packages/airflow/example_dags/example_external_task_marker_dag.py                                  2           0  0.33s           2026-03-03T01:10:18
/home/airflow/.local/lib/python3.7/site-packages/airflow/example_dags/example_xcomargs.py                                                  2           0  0.33s           2026-03-03T01:10:19
/home/airflow/.local/lib/python3.7/site-packages/airflow/example_dags/example_branch_datetime_operator.py                                  3           0  0.35s           2026-03-03T01:10:21
/home/airflow/.local/lib/python3.7/site-packages/airflow/example_dags/example_subdag_operator.py                                           3           0  0.08s           2026-03-03T01:10:25
/home/airflow/.local/lib/python3.7/site-packages/airflow/example_dags/example_datasets.py                                                  6           0  0.62s           2026-03-03T01:10:15
================================================================================
[2026-03-03T01:11:13.076+0000] {manager.py:889} INFO - 
================================================================================
DAG File Processing Stats

File Path                                                                                                         PID    Runtime      # DAGs    # Errors  Last Runtime    Last Run
----------------------------------------------------------------------------------------------------------------  -----  ---------  --------  ----------  --------------  -------------------
/home/airflow/.local/lib/python3.7/site-packages/airflow/example_dags/example_setup_teardown_taskflow.py                                   0           0  0.07s           2026-03-03T01:10:44
/home/airflow/.local/lib/python3.7/site-packages/airflow/example_dags/example_setup_teardown.py                                            0           0  0.08s           2026-03-03T01:10:46
/home/airflow/.local/lib/python3.7/site-packages/airflow/example_dags/plugins/listener_plugin.py                                           0           0  0.02s           2026-03-03T01:10:55
/home/airflow/.local/lib/python3.7/site-packages/airflow/example_dags/plugins/event_listener.py                                            0           0  0.02s           2026-03-03T01:10:55
/home/airflow/.local/lib/python3.7/site-packages/airflow/example_dags/plugins/workday.py                                                   0           0  0.22s           2026-03-03T01:10:56
/home/airflow/.local/lib/python3.7/site-packages/airflow/example_dags/subdags/subdag.py                                                    0           0  0.02s           2026-03-03T01:10:56
/home/airflow/.local/lib/python3.7/site-packages/airflow/example_dags/example_sla_dag.py                                                   1           0  0.28s           2026-03-03T01:10:44
/home/airflow/.local/lib/python3.7/site-packages/airflow/example_dags/example_task_group_decorator.py                                      1           0  0.28s           2026-03-03T01:10:44
/home/airflow/.local/lib/python3.7/site-packages/airflow/example_dags/example_local_kubernetes_executor.py                                 1           0  0.58s           2026-03-03T01:10:45
/home/airflow/.local/lib/python3.7/site-packages/airflow/example_dags/example_branch_labels.py                                             1           0  0.25s           2026-03-03T01:10:44
/home/airflow/.local/lib/python3.7/site-packages/airflow/example_dags/example_dynamic_task_mapping.py                                      1           0  0.23s           2026-03-03T01:10:44
/home/airflow/.local/lib/python3.7/site-packages/airflow/example_dags/example_passing_params_via_test_command.py                           1           0  0.22s           2026-03-03T01:10:45
/home/airflow/.local/lib/python3.7/site-packages/airflow/example_dags/example_task_group.py                                                1           0  0.23s           2026-03-03T01:10:46
/home/airflow/.local/lib/python3.7/site-packages/airflow/example_dags/example_sensor_decorator.py                                          1           0  0.24s           2026-03-03T01:10:46
/home/airflow/.local/lib/python3.7/site-packages/airflow/example_dags/example_xcom.py                                                      1           0  0.25s           2026-03-03T01:10:46
/home/airflow/.local/lib/python3.7/site-packages/airflow/example_dags/example_branch_operator_decorator.py                                 1           0  0.28s           2026-03-03T01:10:46
/home/airflow/.local/lib/python3.7/site-packages/airflow/example_dags/example_short_circuit_decorator.py                                   1           0  0.26s           2026-03-03T01:10:46
/home/airflow/.local/lib/python3.7/site-packages/airflow/example_dags/example_branch_day_of_week_operator.py                               1           0  0.22s           2026-03-03T01:10:47
/home/airflow/.local/lib/python3.7/site-packages/airflow/example_dags/example_skip_dag.py                                                  1           0  0.26s           2026-03-03T01:10:48
/home/airflow/.local/lib/python3.7/site-packages/airflow/example_dags/example_latest_only.py                                               1           0  0.27s           2026-03-03T01:10:48
/home/airflow/.local/lib/python3.7/site-packages/airflow/example_dags/tutorial_dag.py                                                      1           0  0.20s           2026-03-03T01:10:48
/home/airflow/.local/lib/python3.7/site-packages/airflow/example_dags/example_complex.py                                                   1           0  0.28s           2026-03-03T01:10:49
/home/airflow/.local/lib/python3.7/site-packages/airflow/example_dags/example_bash_operator.py                                             1           0  0.29s           2026-03-03T01:10:50
/home/airflow/.local/lib/python3.7/site-packages/airflow/example_dags/example_sensors.py                                                   1           0  0.24s           2026-03-03T01:10:51
/home/airflow/.local/lib/python3.7/site-packages/airflow/example_dags/example_time_delta_sensor_async.py                                   1           0  0.22s           2026-03-03T01:10:51
/home/airflow/.local/lib/python3.7/site-packages/airflow/example_dags/example_latest_only_with_trigger.py                                  1           0  0.19s           2026-03-03T01:10:51
/home/airflow/.local/lib/python3.7/site-packages/airflow/example_dags/example_trigger_controller_dag.py                                    1           0  0.20s           2026-03-03T01:10:51
/home/airflow/.local/lib/python3.7/site-packages/airflow/example_dags/example_short_circuit_operator.py                                    1           0  0.21s           2026-03-03T01:10:51
/home/airflow/.local/lib/python3.7/site-packages/airflow/example_dags/example_params_trigger_ui.py                                         1           0  0.37s           2026-03-03T01:10:52
/home/airflow/.local/lib/python3.7/site-packages/airflow/example_dags/example_dag_decorator.py                                             1           0  0.36s           2026-03-03T01:10:53
/home/airflow/.local/lib/python3.7/site-packages/airflow/example_dags/example_python_operator.py                                           1           0  0.27s           2026-03-03T01:10:53
/home/airflow/.local/lib/python3.7/site-packages/airflow/example_dags/example_trigger_target_dag.py                                        1           0  0.20s           2026-03-03T01:10:53
/home/airflow/.local/lib/python3.7/site-packages/airflow/example_dags/example_branch_operator.py                                           1           0  0.25s           2026-03-03T01:10:53
/home/airflow/.local/lib/python3.7/site-packages/airflow/example_dags/tutorial_taskflow_api.py                                             1           0  0.08s           2026-03-03T01:10:54
/home/airflow/.local/lib/python3.7/site-packages/airflow/example_dags/tutorial.py                                                          1           0  0.08s           2026-03-03T01:10:54
/home/airflow/.local/lib/python3.7/site-packages/airflow/example_dags/example_params_ui_tutorial.py                                        1           0  0.07s           2026-03-03T01:10:54
/home/airflow/.local/lib/python3.7/site-packages/airflow/example_dags/example_branch_python_dop_operator_3.py                              1           0  0.04s           2026-03-03T01:10:54
/home/airflow/.local/lib/python3.7/site-packages/airflow/example_dags/tutorial_taskflow_api_virtualenv.py                                  1           0  0.07s           2026-03-03T01:10:55
/home/airflow/.local/lib/python3.7/site-packages/airflow/example_dags/example_kubernetes_executor.py                                       1           0  0.19s           2026-03-03T01:10:56
/home/airflow/.local/lib/python3.7/site-packages/airflow/example_dags/example_nested_branch_dag.py                                         1           0  0.06s           2026-03-03T01:10:55
/home/airflow/.local/lib/python3.7/site-packages/airflow/example_dags/example_external_task_marker_dag.py                                  2           0  0.28s           2026-03-03T01:10:49
/home/airflow/.local/lib/python3.7/site-packages/airflow/example_dags/example_xcomargs.py                                                  2           0  0.26s           2026-03-03T01:10:50
/home/airflow/.local/lib/python3.7/site-packages/airflow/example_dags/example_branch_datetime_operator.py                                  3           0  0.27s           2026-03-03T01:10:52
/home/airflow/.local/lib/python3.7/site-packages/airflow/example_dags/example_subdag_operator.py                                           3           0  0.08s           2026-03-03T01:10:55
/home/airflow/.local/lib/python3.7/site-packages/airflow/example_dags/example_datasets.py                                                  6           0  0.36s           2026-03-03T01:10:46
================================================================================
[2026-03-03T01:11:43.999+0000] {manager.py:889} INFO - 
================================================================================
DAG File Processing Stats

File Path                                                                                                         PID    Runtime      # DAGs    # Errors  Last Runtime    Last Run
----------------------------------------------------------------------------------------------------------------  -----  ---------  --------  ----------  --------------  -------------------
/home/airflow/.local/lib/python3.7/site-packages/airflow/example_dags/example_setup_teardown_taskflow.py                                   0           0  0.02s           2026-03-03T01:11:14
/home/airflow/.local/lib/python3.7/site-packages/airflow/example_dags/example_setup_teardown.py                                            0           0  0.03s           2026-03-03T01:11:17
/home/airflow/.local/lib/python3.7/site-packages/airflow/example_dags/plugins/listener_plugin.py                                           0           0  0.02s           2026-03-03T01:11:26
/home/airflow/.local/lib/python3.7/site-packages/airflow/example_dags/plugins/event_listener.py                                            0           0  0.02s           2026-03-03T01:11:26
/home/airflow/.local/lib/python3.7/site-packages/airflow/example_dags/plugins/workday.py                                                   0           0  0.25s           2026-03-03T01:11:27
/home/airflow/.local/lib/python3.7/site-packages/airflow/example_dags/subdags/subdag.py                                                    0           0  0.02s           2026-03-03T01:11:27
/home/airflow/.local/lib/python3.7/site-packages/airflow/example_dags/example_sla_dag.py                                                   1           0  0.09s           2026-03-03T01:11:14
/home/airflow/.local/lib/python3.7/site-packages/airflow/example_dags/example_task_group_decorator.py                                      1           0  0.08s           2026-03-03T01:11:14
/home/airflow/.local/lib/python3.7/site-packages/airflow/example_dags/example_local_kubernetes_executor.py                                 1           0  0.14s           2026-03-03T01:11:16
/home/airflow/.local/lib/python3.7/site-packages/airflow/example_dags/example_branch_labels.py                                             1           0  0.08s           2026-03-03T01:11:15
/home/airflow/.local/lib/python3.7/site-packages/airflow/example_dags/example_dynamic_task_mapping.py                                      1           0  0.07s           2026-03-03T01:11:15
/home/airflow/.local/lib/python3.7/site-packages/airflow/example_dags/example_passing_params_via_test_command.py                           1           0  0.06s           2026-03-03T01:11:16
/home/airflow/.local/lib/python3.7/site-packages/airflow/example_dags/example_task_group.py                                                1           0  0.05s           2026-03-03T01:11:16
/home/airflow/.local/lib/python3.7/site-packages/airflow/example_dags/example_sensor_decorator.py                                          1           0  0.04s           2026-03-03T01:11:16
/home/airflow/.local/lib/python3.7/site-packages/airflow/example_dags/example_xcom.py                                                      1           0  0.07s           2026-03-03T01:11:17
/home/airflow/.local/lib/python3.7/site-packages/airflow/example_dags/example_branch_operator_decorator.py                                 1           0  0.07s           2026-03-03T01:11:17
/home/airflow/.local/lib/python3.7/site-packages/airflow/example_dags/example_short_circuit_decorator.py                                   1           0  0.07s           2026-03-03T01:11:17
/home/airflow/.local/lib/python3.7/site-packages/airflow/example_dags/example_branch_day_of_week_operator.py                               1           0  0.06s           2026-03-03T01:11:17
/home/airflow/.local/lib/python3.7/site-packages/airflow/example_dags/example_skip_dag.py                                                  1           0  0.08s           2026-03-03T01:11:18
/home/airflow/.local/lib/python3.7/site-packages/airflow/example_dags/example_latest_only.py                                               1           0  0.08s           2026-03-03T01:11:18
/home/airflow/.local/lib/python3.7/site-packages/airflow/example_dags/tutorial_dag.py                                                      1           0  0.05s           2026-03-03T01:11:18
/home/airflow/.local/lib/python3.7/site-packages/airflow/example_dags/example_complex.py                                                   1           0  0.09s           2026-03-03T01:11:19
/home/airflow/.local/lib/python3.7/site-packages/airflow/example_dags/example_bash_operator.py                                             1           0  0.09s           2026-03-03T01:11:21
/home/airflow/.local/lib/python3.7/site-packages/airflow/example_dags/example_sensors.py                                                   1           0  0.07s           2026-03-03T01:11:21
/home/airflow/.local/lib/python3.7/site-packages/airflow/example_dags/example_time_delta_sensor_async.py                                   1           0  0.06s           2026-03-03T01:11:21
/home/airflow/.local/lib/python3.7/site-packages/airflow/example_dags/example_latest_only_with_trigger.py                                  1           0  0.05s           2026-03-03T01:11:22
/home/airflow/.local/lib/python3.7/site-packages/airflow/example_dags/example_trigger_controller_dag.py                                    1           0  0.06s           2026-03-03T01:11:22
/home/airflow/.local/lib/python3.7/site-packages/airflow/example_dags/example_short_circuit_operator.py                                    1           0  0.06s           2026-03-03T01:11:22
/home/airflow/.local/lib/python3.7/site-packages/airflow/example_dags/example_params_trigger_ui.py                                         1           0  0.12s           2026-03-03T01:11:23
/home/airflow/.local/lib/python3.7/site-packages/airflow/example_dags/example_dag_decorator.py                                             1           0  0.11s           2026-03-03T01:11:24
/home/airflow/.local/lib/python3.7/site-packages/airflow/example_dags/example_python_operator.py                                           1           0  0.06s           2026-03-03T01:11:23
/home/airflow/.local/lib/python3.7/site-packages/airflow/example_dags/example_trigger_target_dag.py                                        1           0  0.08s           2026-03-03T01:11:24
/home/airflow/.local/lib/python3.7/site-packages/airflow/example_dags/example_branch_operator.py                                           1           0  0.06s           2026-03-03T01:11:24
/home/airflow/.local/lib/python3.7/site-packages/airflow/example_dags/tutorial_taskflow_api.py                                             1           0  0.09s           2026-03-03T01:11:25
/home/airflow/.local/lib/python3.7/site-packages/airflow/example_dags/tutorial.py                                                          1           0  0.09s           2026-03-03T01:11:25
/home/airflow/.local/lib/python3.7/site-packages/airflow/example_dags/example_params_ui_tutorial.py                                        1           0  0.09s           2026-03-03T01:11:25
/home/airflow/.local/lib/python3.7/site-packages/airflow/example_dags/example_branch_python_dop_operator_3.py                              1           0  0.05s           2026-03-03T01:11:25
/home/airflow/.local/lib/python3.7/site-packages/airflow/example_dags/tutorial_taskflow_api_virtualenv.py                                  1           0  0.07s           2026-03-03T01:11:26
/home/airflow/.local/lib/python3.7/site-packages/airflow/example_dags/example_kubernetes_executor.py                                       1           0  0.22s           2026-03-03T01:11:27
/home/airflow/.local/lib/python3.7/site-packages/airflow/example_dags/example_nested_branch_dag.py                                         1           0  0.06s           2026-03-03T01:11:26
/home/airflow/.local/lib/python3.7/site-packages/airflow/example_dags/example_external_task_marker_dag.py                                  2           0  0.09s           2026-03-03T01:11:19
/home/airflow/.local/lib/python3.7/site-packages/airflow/example_dags/example_xcomargs.py                                                  2           0  0.08s           2026-03-03T01:11:21
/home/airflow/.local/lib/python3.7/site-packages/airflow/example_dags/example_branch_datetime_operator.py                                  3           0  0.08s           2026-03-03T01:11:23
/home/airflow/.local/lib/python3.7/site-packages/airflow/example_dags/example_subdag_operator.py                                           3           0  0.08s           2026-03-03T01:11:26
/home/airflow/.local/lib/python3.7/site-packages/airflow/example_dags/example_datasets.py                                                  6           0  0.06s           2026-03-03T01:11:16
================================================================================
[2026-03-03T01:12:09.578+0000] {manager.py:758} INFO - Searching for files in /opt/airflow/dags
[2026-03-03T01:12:09.610+0000] {manager.py:761} INFO - There are 45 files in /opt/airflow/dags
[2026-03-03T01:12:14.742+0000] {manager.py:889} INFO - 
================================================================================
DAG File Processing Stats

File Path                                                                                                         PID    Runtime      # DAGs    # Errors  Last Runtime    Last Run
----------------------------------------------------------------------------------------------------------------  -----  ---------  --------  ----------  --------------  -------------------
/home/airflow/.local/lib/python3.7/site-packages/airflow/example_dags/example_setup_teardown_taskflow.py                                   0           0  0.01s           2026-03-03T01:11:45
/home/airflow/.local/lib/python3.7/site-packages/airflow/example_dags/example_setup_teardown.py                                            0           0  0.08s           2026-03-03T01:11:48
/home/airflow/.local/lib/python3.7/site-packages/airflow/example_dags/plugins/listener_plugin.py                                           0           0  0.08s           2026-03-03T01:11:57
/home/airflow/.local/lib/python3.7/site-packages/airflow/example_dags/plugins/event_listener.py                                            0           0  0.08s           2026-03-03T01:11:57
/home/airflow/.local/lib/python3.7/site-packages/airflow/example_dags/plugins/workday.py                                                   0           0  0.83s           2026-03-03T01:11:59
/home/airflow/.local/lib/python3.7/site-packages/airflow/example_dags/subdags/subdag.py                                                    0           0  0.07s           2026-03-03T01:11:59
/home/airflow/.local/lib/python3.7/site-packages/airflow/example_dags/example_sla_dag.py                                                   1           0  0.08s           2026-03-03T01:11:45
/home/airflow/.local/lib/python3.7/site-packages/airflow/example_dags/example_task_group_decorator.py                                      1           0  0.09s           2026-03-03T01:11:45
/home/airflow/.local/lib/python3.7/site-packages/airflow/example_dags/example_local_kubernetes_executor.py                                 1           0  0.69s           2026-03-03T01:11:47
/home/airflow/.local/lib/python3.7/site-packages/airflow/example_dags/example_branch_labels.py                                             1           0  0.25s           2026-03-03T01:11:46
/home/airflow/.local/lib/python3.7/site-packages/airflow/example_dags/example_dynamic_task_mapping.py                                      1           0  0.24s           2026-03-03T01:11:46
/home/airflow/.local/lib/python3.7/site-packages/airflow/example_dags/example_passing_params_via_test_command.py                           1           0  0.25s           2026-03-03T01:11:46
/home/airflow/.local/lib/python3.7/site-packages/airflow/example_dags/example_task_group.py                                                1           0  0.25s           2026-03-03T01:11:46
/home/airflow/.local/lib/python3.7/site-packages/airflow/example_dags/example_sensor_decorator.py                                          1           0  0.28s           2026-03-03T01:11:47
/home/airflow/.local/lib/python3.7/site-packages/airflow/example_dags/example_xcom.py                                                      1           0  0.24s           2026-03-03T01:11:48
/home/airflow/.local/lib/python3.7/site-packages/airflow/example_dags/example_branch_operator_decorator.py                                 1           0  0.26s           2026-03-03T01:11:48
/home/airflow/.local/lib/python3.7/site-packages/airflow/example_dags/example_short_circuit_decorator.py                                   1           0  0.26s           2026-03-03T01:11:48
/home/airflow/.local/lib/python3.7/site-packages/airflow/example_dags/example_branch_day_of_week_operator.py                               1           0  0.26s           2026-03-03T01:11:49
/home/airflow/.local/lib/python3.7/site-packages/airflow/example_dags/example_skip_dag.py                                                  1           0  0.25s           2026-03-03T01:11:49
/home/airflow/.local/lib/python3.7/site-packages/airflow/example_dags/example_latest_only.py                                               1           0  0.27s           2026-03-03T01:11:49
/home/airflow/.local/lib/python3.7/site-packages/airflow/example_dags/tutorial_dag.py                                                      1           0  0.24s           2026-03-03T01:11:49
/home/airflow/.local/lib/python3.7/site-packages/airflow/example_dags/example_complex.py                                                   1           0  0.30s           2026-03-03T01:11:50
/home/airflow/.local/lib/python3.7/site-packages/airflow/example_dags/example_bash_operator.py                                             1           0  0.30s           2026-03-03T01:11:52
/home/airflow/.local/lib/python3.7/site-packages/airflow/example_dags/example_sensors.py                                                   1           0  0.23s           2026-03-03T01:11:53
/home/airflow/.local/lib/python3.7/site-packages/airflow/example_dags/example_time_delta_sensor_async.py                                   1           0  0.25s           2026-03-03T01:11:53
/home/airflow/.local/lib/python3.7/site-packages/airflow/example_dags/example_latest_only_with_trigger.py                                  1           0  0.26s           2026-03-03T01:11:53
/home/airflow/.local/lib/python3.7/site-packages/airflow/example_dags/example_trigger_controller_dag.py                                    1           0  0.23s           2026-03-03T01:11:53
/home/airflow/.local/lib/python3.7/site-packages/airflow/example_dags/example_short_circuit_operator.py                                    1           0  0.25s           2026-03-03T01:11:53
/home/airflow/.local/lib/python3.7/site-packages/airflow/example_dags/example_params_trigger_ui.py                                         1           0  0.37s           2026-03-03T01:11:54
/home/airflow/.local/lib/python3.7/site-packages/airflow/example_dags/example_dag_decorator.py                                             1           0  0.35s           2026-03-03T01:11:55
/home/airflow/.local/lib/python3.7/site-packages/airflow/example_dags/example_python_operator.py                                           1           0  0.21s           2026-03-03T01:11:54
/home/airflow/.local/lib/python3.7/site-packages/airflow/example_dags/example_trigger_target_dag.py                                        1           0  0.22s           2026-03-03T01:11:55
/home/airflow/.local/lib/python3.7/site-packages/airflow/example_dags/example_branch_operator.py                                           1           0  0.24s           2026-03-03T01:11:55
/home/airflow/.local/lib/python3.7/site-packages/airflow/example_dags/tutorial_taskflow_api.py                                             1           0  0.23s           2026-03-03T01:11:55
/home/airflow/.local/lib/python3.7/site-packages/airflow/example_dags/tutorial.py                                                          1           0  0.24s           2026-03-03T01:11:55
/home/airflow/.local/lib/python3.7/site-packages/airflow/example_dags/example_params_ui_tutorial.py                                        1           0  0.39s           2026-03-03T01:11:56
/home/airflow/.local/lib/python3.7/site-packages/airflow/example_dags/example_branch_python_dop_operator_3.py                              1           0  0.24s           2026-03-03T01:11:56
/home/airflow/.local/lib/python3.7/site-packages/airflow/example_dags/tutorial_taskflow_api_virtualenv.py                                  1           0  0.26s           2026-03-03T01:11:57
/home/airflow/.local/lib/python3.7/site-packages/airflow/example_dags/example_kubernetes_executor.py                                       1           0  0.73s           2026-03-03T01:11:59
/home/airflow/.local/lib/python3.7/site-packages/airflow/example_dags/example_nested_branch_dag.py                                         1           0  0.27s           2026-03-03T01:11:57
/home/airflow/.local/lib/python3.7/site-packages/airflow/example_dags/example_external_task_marker_dag.py                                  2           0  0.28s           2026-03-03T01:11:50
/home/airflow/.local/lib/python3.7/site-packages/airflow/example_dags/example_xcomargs.py                                                  2           0  0.28s           2026-03-03T01:11:52
/home/airflow/.local/lib/python3.7/site-packages/airflow/example_dags/example_branch_datetime_operator.py                                  3           0  0.28s           2026-03-03T01:11:54
/home/airflow/.local/lib/python3.7/site-packages/airflow/example_dags/example_subdag_operator.py                                           3           0  0.33s           2026-03-03T01:11:57
/home/airflow/.local/lib/python3.7/site-packages/airflow/example_dags/example_datasets.py                                                  6           0  0.41s           2026-03-03T01:11:47
================================================================================
[2026-03-03T01:12:44.823+0000] {manager.py:889} INFO - 
================================================================================
DAG File Processing Stats

File Path                                                                                                         PID    Runtime      # DAGs    # Errors  Last Runtime    Last Run
----------------------------------------------------------------------------------------------------------------  -----  ---------  --------  ----------  --------------  -------------------
/home/airflow/.local/lib/python3.7/site-packages/airflow/example_dags/example_setup_teardown_taskflow.py                                   0           0  0.07s           2026-03-03T01:12:16
/home/airflow/.local/lib/python3.7/site-packages/airflow/example_dags/example_setup_teardown.py                                            0           0  0.07s           2026-03-03T01:12:19
/home/airflow/.local/lib/python3.7/site-packages/airflow/example_dags/plugins/listener_plugin.py                                           0           0  0.07s           2026-03-03T01:12:28
/home/airflow/.local/lib/python3.7/site-packages/airflow/example_dags/plugins/event_listener.py                                            0           0  0.07s           2026-03-03T01:12:28
/home/airflow/.local/lib/python3.7/site-packages/airflow/example_dags/plugins/workday.py                                                   0           0  0.80s           2026-03-03T01:12:30
/home/airflow/.local/lib/python3.7/site-packages/airflow/example_dags/subdags/subdag.py                                                    0           0  0.12s           2026-03-03T01:12:29
/home/airflow/.local/lib/python3.7/site-packages/airflow/example_dags/example_sla_dag.py                                                   1           0  0.25s           2026-03-03T01:12:16
/home/airflow/.local/lib/python3.7/site-packages/airflow/example_dags/example_task_group_decorator.py                                      1           0  0.26s           2026-03-03T01:12:16
/home/airflow/.local/lib/python3.7/site-packages/airflow/example_dags/example_local_kubernetes_executor.py                                 1           0  0.67s           2026-03-03T01:12:18
/home/airflow/.local/lib/python3.7/site-packages/airflow/example_dags/example_branch_labels.py                                             1           0  0.24s           2026-03-03T01:12:17
/home/airflow/.local/lib/python3.7/site-packages/airflow/example_dags/example_dynamic_task_mapping.py                                      1           0  0.24s           2026-03-03T01:12:17
/home/airflow/.local/lib/python3.7/site-packages/airflow/example_dags/example_passing_params_via_test_command.py                           1           0  0.25s           2026-03-03T01:12:17
/home/airflow/.local/lib/python3.7/site-packages/airflow/example_dags/example_task_group.py                                                1           0  0.22s           2026-03-03T01:12:17
/home/airflow/.local/lib/python3.7/site-packages/airflow/example_dags/example_sensor_decorator.py                                          1           0  0.21s           2026-03-03T01:12:18
/home/airflow/.local/lib/python3.7/site-packages/airflow/example_dags/example_xcom.py                                                      1           0  0.22s           2026-03-03T01:12:19
/home/airflow/.local/lib/python3.7/site-packages/airflow/example_dags/example_branch_operator_decorator.py                                 1           0  0.23s           2026-03-03T01:12:19
/home/airflow/.local/lib/python3.7/site-packages/airflow/example_dags/example_short_circuit_decorator.py                                   1           0  0.23s           2026-03-03T01:12:19
/home/airflow/.local/lib/python3.7/site-packages/airflow/example_dags/example_branch_day_of_week_operator.py                               1           0  0.22s           2026-03-03T01:12:19
/home/airflow/.local/lib/python3.7/site-packages/airflow/example_dags/example_skip_dag.py                                                  1           0  0.22s           2026-03-03T01:12:20
/home/airflow/.local/lib/python3.7/site-packages/airflow/example_dags/example_latest_only.py                                               1           0  0.21s           2026-03-03T01:12:20
/home/airflow/.local/lib/python3.7/site-packages/airflow/example_dags/tutorial_dag.py                                                      1           0  0.20s           2026-03-03T01:12:20
/home/airflow/.local/lib/python3.7/site-packages/airflow/example_dags/example_complex.py                                                   1           0  0.25s           2026-03-03T01:12:21
/home/airflow/.local/lib/python3.7/site-packages/airflow/example_dags/example_bash_operator.py                                             1           0  0.26s           2026-03-03T01:12:23
/home/airflow/.local/lib/python3.7/site-packages/airflow/example_dags/example_sensors.py                                                   1           0  0.22s           2026-03-03T01:12:23
/home/airflow/.local/lib/python3.7/site-packages/airflow/example_dags/example_time_delta_sensor_async.py                                   1           0  0.20s           2026-03-03T01:12:24
/home/airflow/.local/lib/python3.7/site-packages/airflow/example_dags/example_latest_only_with_trigger.py                                  1           0  0.19s           2026-03-03T01:12:24
/home/airflow/.local/lib/python3.7/site-packages/airflow/example_dags/example_trigger_controller_dag.py                                    1           0  0.19s           2026-03-03T01:12:24
/home/airflow/.local/lib/python3.7/site-packages/airflow/example_dags/example_short_circuit_operator.py                                    1           0  0.21s           2026-03-03T01:12:24
/home/airflow/.local/lib/python3.7/site-packages/airflow/example_dags/example_params_trigger_ui.py                                         1           0  0.35s           2026-03-03T01:12:24
/home/airflow/.local/lib/python3.7/site-packages/airflow/example_dags/example_dag_decorator.py                                             1           0  0.33s           2026-03-03T01:12:26
/home/airflow/.local/lib/python3.7/site-packages/airflow/example_dags/example_python_operator.py                                           1           0  0.22s           2026-03-03T01:12:24
/home/airflow/.local/lib/python3.7/site-packages/airflow/example_dags/example_trigger_target_dag.py                                        1           0  0.20s           2026-03-03T01:12:25
/home/airflow/.local/lib/python3.7/site-packages/airflow/example_dags/example_branch_operator.py                                           1           0  0.23s           2026-03-03T01:12:26
/home/airflow/.local/lib/python3.7/site-packages/airflow/example_dags/tutorial_taskflow_api.py                                             1           0  0.21s           2026-03-03T01:12:26
/home/airflow/.local/lib/python3.7/site-packages/airflow/example_dags/tutorial.py                                                          1           0  0.20s           2026-03-03T01:12:26
/home/airflow/.local/lib/python3.7/site-packages/airflow/example_dags/example_params_ui_tutorial.py                                        1           0  0.36s           2026-03-03T01:12:26
/home/airflow/.local/lib/python3.7/site-packages/airflow/example_dags/example_branch_python_dop_operator_3.py                              1           0  0.23s           2026-03-03T01:12:26
/home/airflow/.local/lib/python3.7/site-packages/airflow/example_dags/tutorial_taskflow_api_virtualenv.py                                  1           0  0.21s           2026-03-03T01:12:27
/home/airflow/.local/lib/python3.7/site-packages/airflow/example_dags/example_kubernetes_executor.py                                       1           0  0.58s           2026-03-03T01:12:29
/home/airflow/.local/lib/python3.7/site-packages/airflow/example_dags/example_nested_branch_dag.py                                         1           0  0.23s           2026-03-03T01:12:28
/home/airflow/.local/lib/python3.7/site-packages/airflow/example_dags/example_external_task_marker_dag.py                                  2           0  0.22s           2026-03-03T01:12:21
/home/airflow/.local/lib/python3.7/site-packages/airflow/example_dags/example_xcomargs.py                                                  2           0  0.21s           2026-03-03T01:12:23
/home/airflow/.local/lib/python3.7/site-packages/airflow/example_dags/example_branch_datetime_operator.py                                  3           0  0.25s           2026-03-03T01:12:24
/home/airflow/.local/lib/python3.7/site-packages/airflow/example_dags/example_subdag_operator.py                                           3           0  0.30s           2026-03-03T01:12:27
/home/airflow/.local/lib/python3.7/site-packages/airflow/example_dags/example_datasets.py                                                  6           0  0.35s           2026-03-03T01:12:18
================================================================================
[2026-03-03T01:13:14.969+0000] {manager.py:889} INFO - 
================================================================================
DAG File Processing Stats

File Path                                                                                                         PID    Runtime      # DAGs    # Errors  Last Runtime    Last Run
----------------------------------------------------------------------------------------------------------------  -----  ---------  --------  ----------  --------------  -------------------
/home/airflow/.local/lib/python3.7/site-packages/airflow/example_dags/example_setup_teardown_taskflow.py                                   0           0  0.07s           2026-03-03T01:12:46
/home/airflow/.local/lib/python3.7/site-packages/airflow/example_dags/example_setup_teardown.py                                            0           0  0.11s           2026-03-03T01:12:50
/home/airflow/.local/lib/python3.7/site-packages/airflow/example_dags/plugins/listener_plugin.py                                           0           0  0.02s           2026-03-03T01:12:58
/home/airflow/.local/lib/python3.7/site-packages/airflow/example_dags/plugins/event_listener.py                                            0           0  0.02s           2026-03-03T01:12:58
/home/airflow/.local/lib/python3.7/site-packages/airflow/example_dags/plugins/workday.py                                                   0           0  0.19s           2026-03-03T01:13:00
/home/airflow/.local/lib/python3.7/site-packages/airflow/example_dags/subdags/subdag.py                                                    0           0  0.02s           2026-03-03T01:13:00
/home/airflow/.local/lib/python3.7/site-packages/airflow/example_dags/example_sla_dag.py                                                   1           0  0.22s           2026-03-03T01:12:46
/home/airflow/.local/lib/python3.7/site-packages/airflow/example_dags/example_task_group_decorator.py                                      1           0  0.23s           2026-03-03T01:12:46
/home/airflow/.local/lib/python3.7/site-packages/airflow/example_dags/example_local_kubernetes_executor.py                                 1           0  0.58s           2026-03-03T01:12:49
/home/airflow/.local/lib/python3.7/site-packages/airflow/example_dags/example_branch_labels.py                                             1           0  0.25s           2026-03-03T01:12:47
/home/airflow/.local/lib/python3.7/site-packages/airflow/example_dags/example_dynamic_task_mapping.py                                      1           0  0.25s           2026-03-03T01:12:47
/home/airflow/.local/lib/python3.7/site-packages/airflow/example_dags/example_passing_params_via_test_command.py                           1           0  0.31s           2026-03-03T01:12:48
/home/airflow/.local/lib/python3.7/site-packages/airflow/example_dags/example_task_group.py                                                1           0  0.22s           2026-03-03T01:12:48
/home/airflow/.local/lib/python3.7/site-packages/airflow/example_dags/example_sensor_decorator.py                                          1           0  0.20s           2026-03-03T01:12:48
/home/airflow/.local/lib/python3.7/site-packages/airflow/example_dags/example_xcom.py                                                      1           0  0.22s           2026-03-03T01:12:50
/home/airflow/.local/lib/python3.7/site-packages/airflow/example_dags/example_branch_operator_decorator.py                                 1           0  0.24s           2026-03-03T01:12:50
/home/airflow/.local/lib/python3.7/site-packages/airflow/example_dags/example_short_circuit_decorator.py                                   1           0  0.33s           2026-03-03T01:12:50
/home/airflow/.local/lib/python3.7/site-packages/airflow/example_dags/example_branch_day_of_week_operator.py                               1           0  0.38s           2026-03-03T01:12:50
/home/airflow/.local/lib/python3.7/site-packages/airflow/example_dags/example_skip_dag.py                                                  1           0  0.34s           2026-03-03T01:12:50
/home/airflow/.local/lib/python3.7/site-packages/airflow/example_dags/example_latest_only.py                                               1           0  0.26s           2026-03-03T01:12:50
/home/airflow/.local/lib/python3.7/site-packages/airflow/example_dags/tutorial_dag.py                                                      1           0  0.09s           2026-03-03T01:12:50
/home/airflow/.local/lib/python3.7/site-packages/airflow/example_dags/example_complex.py                                                   1           0  0.05s           2026-03-03T01:12:51
/home/airflow/.local/lib/python3.7/site-packages/airflow/example_dags/example_bash_operator.py                                             1           0  0.08s           2026-03-03T01:12:54
/home/airflow/.local/lib/python3.7/site-packages/airflow/example_dags/example_sensors.py                                                   1           0  0.07s           2026-03-03T01:12:54
/home/airflow/.local/lib/python3.7/site-packages/airflow/example_dags/example_time_delta_sensor_async.py                                   1           0  0.06s           2026-03-03T01:12:54
/home/airflow/.local/lib/python3.7/site-packages/airflow/example_dags/example_latest_only_with_trigger.py                                  1           0  0.05s           2026-03-03T01:12:55
/home/airflow/.local/lib/python3.7/site-packages/airflow/example_dags/example_trigger_controller_dag.py                                    1           0  0.05s           2026-03-03T01:12:55
/home/airflow/.local/lib/python3.7/site-packages/airflow/example_dags/example_short_circuit_operator.py                                    1           0  0.04s           2026-03-03T01:12:55
/home/airflow/.local/lib/python3.7/site-packages/airflow/example_dags/example_params_trigger_ui.py                                         1           0  0.07s           2026-03-03T01:12:55
/home/airflow/.local/lib/python3.7/site-packages/airflow/example_dags/example_dag_decorator.py                                             1           0  0.09s           2026-03-03T01:12:56
/home/airflow/.local/lib/python3.7/site-packages/airflow/example_dags/example_python_operator.py                                           1           0  0.05s           2026-03-03T01:12:55
/home/airflow/.local/lib/python3.7/site-packages/airflow/example_dags/example_trigger_target_dag.py                                        1           0  0.04s           2026-03-03T01:12:56
/home/airflow/.local/lib/python3.7/site-packages/airflow/example_dags/example_branch_operator.py                                           1           0  0.08s           2026-03-03T01:12:56
/home/airflow/.local/lib/python3.7/site-packages/airflow/example_dags/tutorial_taskflow_api.py                                             1           0  0.06s           2026-03-03T01:12:56
/home/airflow/.local/lib/python3.7/site-packages/airflow/example_dags/tutorial.py                                                          1           0  0.06s           2026-03-03T01:12:57
/home/airflow/.local/lib/python3.7/site-packages/airflow/example_dags/example_params_ui_tutorial.py                                        1           0  0.10s           2026-03-03T01:12:57
/home/airflow/.local/lib/python3.7/site-packages/airflow/example_dags/example_branch_python_dop_operator_3.py                              1           0  0.07s           2026-03-03T01:12:57
/home/airflow/.local/lib/python3.7/site-packages/airflow/example_dags/tutorial_taskflow_api_virtualenv.py                                  1           0  0.05s           2026-03-03T01:12:58
/home/airflow/.local/lib/python3.7/site-packages/airflow/example_dags/example_kubernetes_executor.py                                       1           0  0.13s           2026-03-03T01:13:00
/home/airflow/.local/lib/python3.7/site-packages/airflow/example_dags/example_nested_branch_dag.py                                         1           0  0.05s           2026-03-03T01:12:58
/home/airflow/.local/lib/python3.7/site-packages/airflow/example_dags/example_external_task_marker_dag.py                                  2           0  0.05s           2026-03-03T01:12:51
/home/airflow/.local/lib/python3.7/site-packages/airflow/example_dags/example_xcomargs.py                                                  2           0  0.07s           2026-03-03T01:12:54
/home/airflow/.local/lib/python3.7/site-packages/airflow/example_dags/example_branch_datetime_operator.py                                  3           0  0.05s           2026-03-03T01:12:55
/home/airflow/.local/lib/python3.7/site-packages/airflow/example_dags/example_subdag_operator.py                                           3           0  0.07s           2026-03-03T01:12:58
/home/airflow/.local/lib/python3.7/site-packages/airflow/example_dags/example_datasets.py                                                  6           0  0.32s           2026-03-03T01:12:48
================================================================================
[2026-03-03T01:13:45.378+0000] {manager.py:889} INFO - 
================================================================================
DAG File Processing Stats

File Path                                                                                                         PID    Runtime      # DAGs    # Errors  Last Runtime    Last Run
----------------------------------------------------------------------------------------------------------------  -----  ---------  --------  ----------  --------------  -------------------
/home/airflow/.local/lib/python3.7/site-packages/airflow/example_dags/example_setup_teardown_taskflow.py                                   0           0  0.02s           2026-03-03T01:13:16
/home/airflow/.local/lib/python3.7/site-packages/airflow/example_dags/example_setup_teardown.py                                            0           0  0.02s           2026-03-03T01:13:20
/home/airflow/.local/lib/python3.7/site-packages/airflow/example_dags/plugins/listener_plugin.py                                           0           0  0.02s           2026-03-03T01:13:29
/home/airflow/.local/lib/python3.7/site-packages/airflow/example_dags/plugins/event_listener.py                                            0           0  0.02s           2026-03-03T01:13:29
/home/airflow/.local/lib/python3.7/site-packages/airflow/example_dags/plugins/workday.py                                                   0           0  0.19s           2026-03-03T01:13:31
/home/airflow/.local/lib/python3.7/site-packages/airflow/example_dags/subdags/subdag.py                                                    0           0  0.02s           2026-03-03T01:13:31
/home/airflow/.local/lib/python3.7/site-packages/airflow/example_dags/example_sla_dag.py                                                   1           0  0.07s           2026-03-03T01:13:16
/home/airflow/.local/lib/python3.7/site-packages/airflow/example_dags/example_task_group_decorator.py                                      1           0  0.07s           2026-03-03T01:13:16
/home/airflow/.local/lib/python3.7/site-packages/airflow/example_dags/example_local_kubernetes_executor.py                                 1           0  0.15s           2026-03-03T01:13:20
/home/airflow/.local/lib/python3.7/site-packages/airflow/example_dags/example_branch_labels.py                                             1           0  0.06s           2026-03-03T01:13:17
/home/airflow/.local/lib/python3.7/site-packages/airflow/example_dags/example_dynamic_task_mapping.py                                      1           0  0.05s           2026-03-03T01:13:17
/home/airflow/.local/lib/python3.7/site-packages/airflow/example_dags/example_passing_params_via_test_command.py                           1           0  0.05s           2026-03-03T01:13:18
/home/airflow/.local/lib/python3.7/site-packages/airflow/example_dags/example_task_group.py                                                1           0  0.06s           2026-03-03T01:13:18
/home/airflow/.local/lib/python3.7/site-packages/airflow/example_dags/example_sensor_decorator.py                                          1           0  0.04s           2026-03-03T01:13:19
/home/airflow/.local/lib/python3.7/site-packages/airflow/example_dags/example_xcom.py                                                      1           0  0.05s           2026-03-03T01:13:20
/home/airflow/.local/lib/python3.7/site-packages/airflow/example_dags/example_branch_operator_decorator.py                                 1           0  0.05s           2026-03-03T01:13:20
/home/airflow/.local/lib/python3.7/site-packages/airflow/example_dags/example_short_circuit_decorator.py                                   1           0  0.05s           2026-03-03T01:13:21
/home/airflow/.local/lib/python3.7/site-packages/airflow/example_dags/example_branch_day_of_week_operator.py                               1           0  0.05s           2026-03-03T01:13:21
/home/airflow/.local/lib/python3.7/site-packages/airflow/example_dags/example_skip_dag.py                                                  1           0  0.05s           2026-03-03T01:13:21
/home/airflow/.local/lib/python3.7/site-packages/airflow/example_dags/example_latest_only.py                                               1           0  0.04s           2026-03-03T01:13:21
/home/airflow/.local/lib/python3.7/site-packages/airflow/example_dags/tutorial_dag.py                                                      1           0  0.05s           2026-03-03T01:13:21
/home/airflow/.local/lib/python3.7/site-packages/airflow/example_dags/example_complex.py                                                   1           0  0.05s           2026-03-03T01:13:22
/home/airflow/.local/lib/python3.7/site-packages/airflow/example_dags/example_bash_operator.py                                             1           0  0.06s           2026-03-03T01:13:24
/home/airflow/.local/lib/python3.7/site-packages/airflow/example_dags/example_sensors.py                                                   1           0  0.04s           2026-03-03T01:13:24
/home/airflow/.local/lib/python3.7/site-packages/airflow/example_dags/example_time_delta_sensor_async.py                                   1           0  0.04s           2026-03-03T01:13:24
/home/airflow/.local/lib/python3.7/site-packages/airflow/example_dags/example_latest_only_with_trigger.py                                  1           0  0.06s           2026-03-03T01:13:25
/home/airflow/.local/lib/python3.7/site-packages/airflow/example_dags/example_trigger_controller_dag.py                                    1           0  0.05s           2026-03-03T01:13:25
/home/airflow/.local/lib/python3.7/site-packages/airflow/example_dags/example_short_circuit_operator.py                                    1           0  0.04s           2026-03-03T01:13:25
/home/airflow/.local/lib/python3.7/site-packages/airflow/example_dags/example_params_trigger_ui.py                                         1           0  0.07s           2026-03-03T01:13:25
/home/airflow/.local/lib/python3.7/site-packages/airflow/example_dags/example_dag_decorator.py                                             1           0  0.08s           2026-03-03T01:13:26
/home/airflow/.local/lib/python3.7/site-packages/airflow/example_dags/example_python_operator.py                                           1           0  0.05s           2026-03-03T01:13:25
/home/airflow/.local/lib/python3.7/site-packages/airflow/example_dags/example_trigger_target_dag.py                                        1           0  0.05s           2026-03-03T01:13:26
/home/airflow/.local/lib/python3.7/site-packages/airflow/example_dags/example_branch_operator.py                                           1           0  0.05s           2026-03-03T01:13:26
/home/airflow/.local/lib/python3.7/site-packages/airflow/example_dags/tutorial_taskflow_api.py                                             1           0  0.04s           2026-03-03T01:13:26
/home/airflow/.local/lib/python3.7/site-packages/airflow/example_dags/tutorial.py                                                          1           0  0.09s           2026-03-03T01:13:27
/home/airflow/.local/lib/python3.7/site-packages/airflow/example_dags/example_params_ui_tutorial.py                                        1           0  0.15s           2026-03-03T01:13:27
/home/airflow/.local/lib/python3.7/site-packages/airflow/example_dags/example_branch_python_dop_operator_3.py                              1           0  0.07s           2026-03-03T01:13:27
/home/airflow/.local/lib/python3.7/site-packages/airflow/example_dags/tutorial_taskflow_api_virtualenv.py                                  1           0  0.06s           2026-03-03T01:13:29
/home/airflow/.local/lib/python3.7/site-packages/airflow/example_dags/example_kubernetes_executor.py                                       1           0  0.17s           2026-03-03T01:13:31
/home/airflow/.local/lib/python3.7/site-packages/airflow/example_dags/example_nested_branch_dag.py                                         1           0  0.06s           2026-03-03T01:13:29
/home/airflow/.local/lib/python3.7/site-packages/airflow/example_dags/example_external_task_marker_dag.py                                  2           0  0.05s           2026-03-03T01:13:22
/home/airflow/.local/lib/python3.7/site-packages/airflow/example_dags/example_xcomargs.py                                                  2           0  0.06s           2026-03-03T01:13:24
/home/airflow/.local/lib/python3.7/site-packages/airflow/example_dags/example_branch_datetime_operator.py                                  3           0  0.05s           2026-03-03T01:13:25
/home/airflow/.local/lib/python3.7/site-packages/airflow/example_dags/example_subdag_operator.py                                           3           0  0.07s           2026-03-03T01:13:29
/home/airflow/.local/lib/python3.7/site-packages/airflow/example_dags/example_datasets.py                                                  6           0  0.05s           2026-03-03T01:13:19
================================================================================
[2026-03-03T01:14:16.177+0000] {manager.py:889} INFO - 
================================================================================
DAG File Processing Stats

File Path                                                                                                         PID    Runtime      # DAGs    # Errors  Last Runtime    Last Run
----------------------------------------------------------------------------------------------------------------  -----  ---------  --------  ----------  --------------  -------------------
/home/airflow/.local/lib/python3.7/site-packages/airflow/example_dags/example_setup_teardown_taskflow.py                                   0           0  0.02s           2026-03-03T01:13:47
/home/airflow/.local/lib/python3.7/site-packages/airflow/example_dags/example_setup_teardown.py                                            0           0  0.02s           2026-03-03T01:13:50
/home/airflow/.local/lib/python3.7/site-packages/airflow/example_dags/plugins/listener_plugin.py                                           0           0  0.03s           2026-03-03T01:13:59
/home/airflow/.local/lib/python3.7/site-packages/airflow/example_dags/plugins/event_listener.py                                            0           0  0.02s           2026-03-03T01:13:59
/home/airflow/.local/lib/python3.7/site-packages/airflow/example_dags/plugins/workday.py                                                   0           0  0.25s           2026-03-03T01:14:02
/home/airflow/.local/lib/python3.7/site-packages/airflow/example_dags/subdags/subdag.py                                                    0           0  0.02s           2026-03-03T01:14:02
/home/airflow/.local/lib/python3.7/site-packages/airflow/example_dags/example_sla_dag.py                                                   1           0  0.07s           2026-03-03T01:13:47
/home/airflow/.local/lib/python3.7/site-packages/airflow/example_dags/example_task_group_decorator.py                                      1           0  0.07s           2026-03-03T01:13:47
/home/airflow/.local/lib/python3.7/site-packages/airflow/example_dags/example_local_kubernetes_executor.py                                 1           0  0.20s           2026-03-03T01:13:50
/home/airflow/.local/lib/python3.7/site-packages/airflow/example_dags/example_branch_labels.py                                             1           0  0.07s           2026-03-03T01:13:48
/home/airflow/.local/lib/python3.7/site-packages/airflow/example_dags/example_dynamic_task_mapping.py                                      1           0  0.06s           2026-03-03T01:13:48
/home/airflow/.local/lib/python3.7/site-packages/airflow/example_dags/example_passing_params_via_test_command.py                           1           0  0.06s           2026-03-03T01:13:49
/home/airflow/.local/lib/python3.7/site-packages/airflow/example_dags/example_task_group.py                                                1           0  0.06s           2026-03-03T01:13:49
/home/airflow/.local/lib/python3.7/site-packages/airflow/example_dags/example_sensor_decorator.py                                          1           0  0.05s           2026-03-03T01:13:49
/home/airflow/.local/lib/python3.7/site-packages/airflow/example_dags/example_xcom.py                                                      1           0  0.07s           2026-03-03T01:13:50
/home/airflow/.local/lib/python3.7/site-packages/airflow/example_dags/example_branch_operator_decorator.py                                 1           0  0.08s           2026-03-03T01:13:50
/home/airflow/.local/lib/python3.7/site-packages/airflow/example_dags/example_short_circuit_decorator.py                                   1           0  0.07s           2026-03-03T01:13:51
/home/airflow/.local/lib/python3.7/site-packages/airflow/example_dags/example_branch_day_of_week_operator.py                               1           0  0.06s           2026-03-03T01:13:51
/home/airflow/.local/lib/python3.7/site-packages/airflow/example_dags/example_skip_dag.py                                                  1           0  0.05s           2026-03-03T01:13:51
/home/airflow/.local/lib/python3.7/site-packages/airflow/example_dags/example_latest_only.py                                               1           0  0.05s           2026-03-03T01:13:52
/home/airflow/.local/lib/python3.7/site-packages/airflow/example_dags/tutorial_dag.py                                                      1           0  0.05s           2026-03-03T01:13:52
/home/airflow/.local/lib/python3.7/site-packages/airflow/example_dags/example_complex.py                                                   1           0  0.06s           2026-03-03T01:13:53
/home/airflow/.local/lib/python3.7/site-packages/airflow/example_dags/example_bash_operator.py                                             1           0  0.08s           2026-03-03T01:13:55
/home/airflow/.local/lib/python3.7/site-packages/airflow/example_dags/example_sensors.py                                                   1           0  0.05s           2026-03-03T01:13:55
/home/airflow/.local/lib/python3.7/site-packages/airflow/example_dags/example_time_delta_sensor_async.py                                   1           0  0.05s           2026-03-03T01:13:55
/home/airflow/.local/lib/python3.7/site-packages/airflow/example_dags/example_latest_only_with_trigger.py                                  1           0  0.06s           2026-03-03T01:13:56
/home/airflow/.local/lib/python3.7/site-packages/airflow/example_dags/example_trigger_controller_dag.py                                    1           0  0.05s           2026-03-03T01:13:56
/home/airflow/.local/lib/python3.7/site-packages/airflow/example_dags/example_short_circuit_operator.py                                    1           0  0.04s           2026-03-03T01:13:56
/home/airflow/.local/lib/python3.7/site-packages/airflow/example_dags/example_params_trigger_ui.py                                         1           0  0.07s           2026-03-03T01:13:56
/home/airflow/.local/lib/python3.7/site-packages/airflow/example_dags/example_dag_decorator.py                                             1           0  0.11s           2026-03-03T01:13:57
/home/airflow/.local/lib/python3.7/site-packages/airflow/example_dags/example_python_operator.py                                           1           0  0.05s           2026-03-03T01:13:56
/home/airflow/.local/lib/python3.7/site-packages/airflow/example_dags/example_trigger_target_dag.py                                        1           0  0.08s           2026-03-03T01:13:57
/home/airflow/.local/lib/python3.7/site-packages/airflow/example_dags/example_branch_operator.py                                           1           0  0.06s           2026-03-03T01:13:57
/home/airflow/.local/lib/python3.7/site-packages/airflow/example_dags/tutorial_taskflow_api.py                                             1           0  0.05s           2026-03-03T01:13:57
/home/airflow/.local/lib/python3.7/site-packages/airflow/example_dags/tutorial.py                                                          1           0  0.06s           2026-03-03T01:13:58
/home/airflow/.local/lib/python3.7/site-packages/airflow/example_dags/example_params_ui_tutorial.py                                        1           0  0.09s           2026-03-03T01:13:58
/home/airflow/.local/lib/python3.7/site-packages/airflow/example_dags/example_branch_python_dop_operator_3.py                              1           0  0.05s           2026-03-03T01:13:58
/home/airflow/.local/lib/python3.7/site-packages/airflow/example_dags/tutorial_taskflow_api_virtualenv.py                                  1           0  0.08s           2026-03-03T01:13:59
/home/airflow/.local/lib/python3.7/site-packages/airflow/example_dags/example_kubernetes_executor.py                                       1           0  0.22s           2026-03-03T01:14:02
/home/airflow/.local/lib/python3.7/site-packages/airflow/example_dags/example_nested_branch_dag.py                                         1           0  0.07s           2026-03-03T01:13:59
/home/airflow/.local/lib/python3.7/site-packages/airflow/example_dags/example_external_task_marker_dag.py                                  2           0  0.05s           2026-03-03T01:13:53
/home/airflow/.local/lib/python3.7/site-packages/airflow/example_dags/example_xcomargs.py                                                  2           0  0.07s           2026-03-03T01:13:55
/home/airflow/.local/lib/python3.7/site-packages/airflow/example_dags/example_branch_datetime_operator.py                                  3           0  0.05s           2026-03-03T01:13:56
/home/airflow/.local/lib/python3.7/site-packages/airflow/example_dags/example_subdag_operator.py                                           3           0  0.10s           2026-03-03T01:13:59
/home/airflow/.local/lib/python3.7/site-packages/airflow/example_dags/example_datasets.py                                                  6           0  0.06s           2026-03-03T01:13:49
================================================================================
[2026-03-03T01:14:46.870+0000] {manager.py:889} INFO - 
================================================================================
DAG File Processing Stats

File Path                                                                                                         PID    Runtime      # DAGs    # Errors  Last Runtime    Last Run
----------------------------------------------------------------------------------------------------------------  -----  ---------  --------  ----------  --------------  -------------------
/home/airflow/.local/lib/python3.7/site-packages/airflow/example_dags/example_setup_teardown_taskflow.py                                   0           0  0.02s           2026-03-03T01:14:18
/home/airflow/.local/lib/python3.7/site-packages/airflow/example_dags/example_setup_teardown.py                                            0           0  0.02s           2026-03-03T01:14:21
/home/airflow/.local/lib/python3.7/site-packages/airflow/example_dags/plugins/listener_plugin.py                                           0           0  0.03s           2026-03-03T01:14:30
/home/airflow/.local/lib/python3.7/site-packages/airflow/example_dags/plugins/event_listener.py                                            0           0  0.02s           2026-03-03T01:14:30
/home/airflow/.local/lib/python3.7/site-packages/airflow/example_dags/plugins/workday.py                                                   0           0  0.24s           2026-03-03T01:14:32
/home/airflow/.local/lib/python3.7/site-packages/airflow/example_dags/subdags/subdag.py                                                    0           0  0.02s           2026-03-03T01:14:32
/home/airflow/.local/lib/python3.7/site-packages/airflow/example_dags/example_sla_dag.py                                                   1           0  0.07s           2026-03-03T01:14:18
/home/airflow/.local/lib/python3.7/site-packages/airflow/example_dags/example_task_group_decorator.py                                      1           0  0.06s           2026-03-03T01:14:18
/home/airflow/.local/lib/python3.7/site-packages/airflow/example_dags/example_local_kubernetes_executor.py                                 1           0  0.16s           2026-03-03T01:14:21
/home/airflow/.local/lib/python3.7/site-packages/airflow/example_dags/example_branch_labels.py                                             1           0  0.07s           2026-03-03T01:14:19
/home/airflow/.local/lib/python3.7/site-packages/airflow/example_dags/example_dynamic_task_mapping.py                                      1           0  0.06s           2026-03-03T01:14:19
/home/airflow/.local/lib/python3.7/site-packages/airflow/example_dags/example_passing_params_via_test_command.py                           1           0  0.07s           2026-03-03T01:14:20
/home/airflow/.local/lib/python3.7/site-packages/airflow/example_dags/example_task_group.py                                                1           0  0.06s           2026-03-03T01:14:20
/home/airflow/.local/lib/python3.7/site-packages/airflow/example_dags/example_sensor_decorator.py                                          1           0  0.05s           2026-03-03T01:14:20
/home/airflow/.local/lib/python3.7/site-packages/airflow/example_dags/example_xcom.py                                                      1           0  0.06s           2026-03-03T01:14:21
/home/airflow/.local/lib/python3.7/site-packages/airflow/example_dags/example_branch_operator_decorator.py                                 1           0  0.06s           2026-03-03T01:14:21
/home/airflow/.local/lib/python3.7/site-packages/airflow/example_dags/example_short_circuit_decorator.py                                   1           0  0.07s           2026-03-03T01:14:22
/home/airflow/.local/lib/python3.7/site-packages/airflow/example_dags/example_branch_day_of_week_operator.py                               1           0  0.06s           2026-03-03T01:14:22
/home/airflow/.local/lib/python3.7/site-packages/airflow/example_dags/example_skip_dag.py                                                  1           0  0.05s           2026-03-03T01:14:22
/home/airflow/.local/lib/python3.7/site-packages/airflow/example_dags/example_latest_only.py                                               1           0  0.05s           2026-03-03T01:14:22
/home/airflow/.local/lib/python3.7/site-packages/airflow/example_dags/tutorial_dag.py                                                      1           0  0.05s           2026-03-03T01:14:22
/home/airflow/.local/lib/python3.7/site-packages/airflow/example_dags/example_complex.py                                                   1           0  0.07s           2026-03-03T01:14:23
/home/airflow/.local/lib/python3.7/site-packages/airflow/example_dags/example_bash_operator.py                                             1           0  0.09s           2026-03-03T01:14:25
/home/airflow/.local/lib/python3.7/site-packages/airflow/example_dags/example_sensors.py                                                   1           0  0.05s           2026-03-03T01:14:25
/home/airflow/.local/lib/python3.7/site-packages/airflow/example_dags/example_time_delta_sensor_async.py                                   1           0  0.05s           2026-03-03T01:14:25
/home/airflow/.local/lib/python3.7/site-packages/airflow/example_dags/example_latest_only_with_trigger.py                                  1           0  0.07s           2026-03-03T01:14:27
/home/airflow/.local/lib/python3.7/site-packages/airflow/example_dags/example_trigger_controller_dag.py                                    1           0  0.06s           2026-03-03T01:14:27
/home/airflow/.local/lib/python3.7/site-packages/airflow/example_dags/example_short_circuit_operator.py                                    1           0  0.05s           2026-03-03T01:14:27
/home/airflow/.local/lib/python3.7/site-packages/airflow/example_dags/example_params_trigger_ui.py                                         1           0  0.09s           2026-03-03T01:14:27
/home/airflow/.local/lib/python3.7/site-packages/airflow/example_dags/example_dag_decorator.py                                             1           0  0.08s           2026-03-03T01:14:28
/home/airflow/.local/lib/python3.7/site-packages/airflow/example_dags/example_python_operator.py                                           1           0  0.05s           2026-03-03T01:14:27
/home/airflow/.local/lib/python3.7/site-packages/airflow/example_dags/example_trigger_target_dag.py                                        1           0  0.05s           2026-03-03T01:14:28
/home/airflow/.local/lib/python3.7/site-packages/airflow/example_dags/example_branch_operator.py                                           1           0  0.05s           2026-03-03T01:14:28
/home/airflow/.local/lib/python3.7/site-packages/airflow/example_dags/tutorial_taskflow_api.py                                             1           0  0.04s           2026-03-03T01:14:28
/home/airflow/.local/lib/python3.7/site-packages/airflow/example_dags/tutorial.py                                                          1           0  0.07s           2026-03-03T01:14:29
/home/airflow/.local/lib/python3.7/site-packages/airflow/example_dags/example_params_ui_tutorial.py                                        1           0  0.10s           2026-03-03T01:14:29
/home/airflow/.local/lib/python3.7/site-packages/airflow/example_dags/example_branch_python_dop_operator_3.py                              1           0  0.06s           2026-03-03T01:14:29
/home/airflow/.local/lib/python3.7/site-packages/airflow/example_dags/tutorial_taskflow_api_virtualenv.py                                  1           0  0.06s           2026-03-03T01:14:30
/home/airflow/.local/lib/python3.7/site-packages/airflow/example_dags/example_kubernetes_executor.py                                       1           0  0.20s           2026-03-03T01:14:32
/home/airflow/.local/lib/python3.7/site-packages/airflow/example_dags/example_nested_branch_dag.py                                         1           0  0.07s           2026-03-03T01:14:30
/home/airflow/.local/lib/python3.7/site-packages/airflow/example_dags/example_external_task_marker_dag.py                                  2           0  0.07s           2026-03-03T01:14:23
/home/airflow/.local/lib/python3.7/site-packages/airflow/example_dags/example_xcomargs.py                                                  2           0  0.07s           2026-03-03T01:14:25
/home/airflow/.local/lib/python3.7/site-packages/airflow/example_dags/example_branch_datetime_operator.py                                  3           0  0.06s           2026-03-03T01:14:27
/home/airflow/.local/lib/python3.7/site-packages/airflow/example_dags/example_subdag_operator.py                                           3           0  0.08s           2026-03-03T01:14:30
/home/airflow/.local/lib/python3.7/site-packages/airflow/example_dags/example_datasets.py                                                  6           0  0.07s           2026-03-03T01:14:20
================================================================================
[2026-03-03T01:15:17.433+0000] {manager.py:889} INFO - 
================================================================================
DAG File Processing Stats

File Path                                                                                                         PID    Runtime      # DAGs    # Errors  Last Runtime    Last Run
----------------------------------------------------------------------------------------------------------------  -----  ---------  --------  ----------  --------------  -------------------
/home/airflow/.local/lib/python3.7/site-packages/airflow/example_dags/example_setup_teardown_taskflow.py                                   0           0  0.02s           2026-03-03T01:14:48
/home/airflow/.local/lib/python3.7/site-packages/airflow/example_dags/example_setup_teardown.py                                            0           0  0.07s           2026-03-03T01:14:52
/home/airflow/.local/lib/python3.7/site-packages/airflow/example_dags/plugins/listener_plugin.py                                           0           0  0.10s           2026-03-03T01:15:01
/home/airflow/.local/lib/python3.7/site-packages/airflow/example_dags/plugins/event_listener.py                                            0           0  0.08s           2026-03-03T01:15:01
/home/airflow/.local/lib/python3.7/site-packages/airflow/example_dags/plugins/workday.py                                                   0           0  0.23s           2026-03-03T01:15:03
/home/airflow/.local/lib/python3.7/site-packages/airflow/example_dags/subdags/subdag.py                                                    0           0  0.02s           2026-03-03T01:15:03
/home/airflow/.local/lib/python3.7/site-packages/airflow/example_dags/example_sla_dag.py                                                   1           0  0.07s           2026-03-03T01:14:48
/home/airflow/.local/lib/python3.7/site-packages/airflow/example_dags/example_task_group_decorator.py                                      1           0  0.06s           2026-03-03T01:14:48
/home/airflow/.local/lib/python3.7/site-packages/airflow/example_dags/example_local_kubernetes_executor.py                                 1           0  0.60s           2026-03-03T01:14:52
/home/airflow/.local/lib/python3.7/site-packages/airflow/example_dags/example_branch_labels.py                                             1           0  0.21s           2026-03-03T01:14:50
/home/airflow/.local/lib/python3.7/site-packages/airflow/example_dags/example_dynamic_task_mapping.py                                      1           0  0.20s           2026-03-03T01:14:50
/home/airflow/.local/lib/python3.7/site-packages/airflow/example_dags/example_passing_params_via_test_command.py                           1           0  0.23s           2026-03-03T01:14:51
/home/airflow/.local/lib/python3.7/site-packages/airflow/example_dags/example_task_group.py                                                1           0  0.20s           2026-03-03T01:14:51
/home/airflow/.local/lib/python3.7/site-packages/airflow/example_dags/example_sensor_decorator.py                                          1           0  0.21s           2026-03-03T01:14:51
/home/airflow/.local/lib/python3.7/site-packages/airflow/example_dags/example_xcom.py                                                      1           0  0.21s           2026-03-03T01:14:52
/home/airflow/.local/lib/python3.7/site-packages/airflow/example_dags/example_branch_operator_decorator.py                                 1           0  0.22s           2026-03-03T01:14:52
/home/airflow/.local/lib/python3.7/site-packages/airflow/example_dags/example_short_circuit_decorator.py                                   1           0  0.22s           2026-03-03T01:14:53
/home/airflow/.local/lib/python3.7/site-packages/airflow/example_dags/example_branch_day_of_week_operator.py                               1           0  0.20s           2026-03-03T01:14:53
/home/airflow/.local/lib/python3.7/site-packages/airflow/example_dags/example_skip_dag.py                                                  1           0  0.20s           2026-03-03T01:14:53
/home/airflow/.local/lib/python3.7/site-packages/airflow/example_dags/example_latest_only.py                                               1           0  0.19s           2026-03-03T01:14:53
/home/airflow/.local/lib/python3.7/site-packages/airflow/example_dags/tutorial_dag.py                                                      1           0  0.20s           2026-03-03T01:14:54
/home/airflow/.local/lib/python3.7/site-packages/airflow/example_dags/example_complex.py                                                   1           0  0.23s           2026-03-03T01:14:54
/home/airflow/.local/lib/python3.7/site-packages/airflow/example_dags/example_bash_operator.py                                             1           0  0.09s           2026-03-03T01:14:56
/home/airflow/.local/lib/python3.7/site-packages/airflow/example_dags/example_sensors.py                                                   1           0  0.06s           2026-03-03T01:14:56
/home/airflow/.local/lib/python3.7/site-packages/airflow/example_dags/example_time_delta_sensor_async.py                                   1           0  0.06s           2026-03-03T01:14:56
/home/airflow/.local/lib/python3.7/site-packages/airflow/example_dags/example_latest_only_with_trigger.py                                  1           0  0.28s           2026-03-03T01:14:57
/home/airflow/.local/lib/python3.7/site-packages/airflow/example_dags/example_trigger_controller_dag.py                                    1           0  0.26s           2026-03-03T01:14:57
/home/airflow/.local/lib/python3.7/site-packages/airflow/example_dags/example_short_circuit_operator.py                                    1           0  0.21s           2026-03-03T01:14:57
/home/airflow/.local/lib/python3.7/site-packages/airflow/example_dags/example_params_trigger_ui.py                                         1           0  0.37s           2026-03-03T01:14:58
/home/airflow/.local/lib/python3.7/site-packages/airflow/example_dags/example_dag_decorator.py                                             1           0  0.36s           2026-03-03T01:14:58
/home/airflow/.local/lib/python3.7/site-packages/airflow/example_dags/example_python_operator.py                                           1           0  0.27s           2026-03-03T01:14:58
/home/airflow/.local/lib/python3.7/site-packages/airflow/example_dags/example_trigger_target_dag.py                                        1           0  0.24s           2026-03-03T01:14:58
/home/airflow/.local/lib/python3.7/site-packages/airflow/example_dags/example_branch_operator.py                                           1           0  0.27s           2026-03-03T01:14:58
/home/airflow/.local/lib/python3.7/site-packages/airflow/example_dags/tutorial_taskflow_api.py                                             1           0  0.24s           2026-03-03T01:14:58
/home/airflow/.local/lib/python3.7/site-packages/airflow/example_dags/tutorial.py                                                          1           0  0.29s           2026-03-03T01:15:00
/home/airflow/.local/lib/python3.7/site-packages/airflow/example_dags/example_params_ui_tutorial.py                                        1           0  0.51s           2026-03-03T01:15:00
/home/airflow/.local/lib/python3.7/site-packages/airflow/example_dags/example_branch_python_dop_operator_3.py                              1           0  0.36s           2026-03-03T01:15:00
/home/airflow/.local/lib/python3.7/site-packages/airflow/example_dags/tutorial_taskflow_api_virtualenv.py                                  1           0  0.30s           2026-03-03T01:15:00
/home/airflow/.local/lib/python3.7/site-packages/airflow/example_dags/example_kubernetes_executor.py                                       1           0  0.17s           2026-03-03T01:15:03
/home/airflow/.local/lib/python3.7/site-packages/airflow/example_dags/example_nested_branch_dag.py                                         1           0  0.32s           2026-03-03T01:15:01
/home/airflow/.local/lib/python3.7/site-packages/airflow/example_dags/example_external_task_marker_dag.py                                  2           0  0.21s           2026-03-03T01:14:54
/home/airflow/.local/lib/python3.7/site-packages/airflow/example_dags/example_xcomargs.py                                                  2           0  0.08s           2026-03-03T01:14:56
/home/airflow/.local/lib/python3.7/site-packages/airflow/example_dags/example_branch_datetime_operator.py                                  3           0  0.27s           2026-03-03T01:14:58
/home/airflow/.local/lib/python3.7/site-packages/airflow/example_dags/example_subdag_operator.py                                           3           0  0.38s           2026-03-03T01:15:00
/home/airflow/.local/lib/python3.7/site-packages/airflow/example_dags/example_datasets.py                                                  6           0  0.33s           2026-03-03T01:14:51
================================================================================
[2026-03-03T01:15:48.301+0000] {manager.py:889} INFO - 
================================================================================
DAG File Processing Stats

File Path                                                                                                         PID    Runtime      # DAGs    # Errors  Last Runtime    Last Run
----------------------------------------------------------------------------------------------------------------  -----  ---------  --------  ----------  --------------  -------------------
/home/airflow/.local/lib/python3.7/site-packages/airflow/example_dags/example_setup_teardown_taskflow.py                                   0           0  0.02s           2026-03-03T01:15:19
/home/airflow/.local/lib/python3.7/site-packages/airflow/example_dags/example_setup_teardown.py                                            0           0  0.02s           2026-03-03T01:15:22
/home/airflow/.local/lib/python3.7/site-packages/airflow/example_dags/plugins/listener_plugin.py                                           0           0  0.02s           2026-03-03T01:15:31
/home/airflow/.local/lib/python3.7/site-packages/airflow/example_dags/plugins/event_listener.py                                            0           0  0.02s           2026-03-03T01:15:31
/home/airflow/.local/lib/python3.7/site-packages/airflow/example_dags/plugins/workday.py                                                   0           0  0.24s           2026-03-03T01:15:34
/home/airflow/.local/lib/python3.7/site-packages/airflow/example_dags/subdags/subdag.py                                                    0           0  0.02s           2026-03-03T01:15:34
/home/airflow/.local/lib/python3.7/site-packages/airflow/example_dags/example_sla_dag.py                                                   1           0  0.08s           2026-03-03T01:15:19
/home/airflow/.local/lib/python3.7/site-packages/airflow/example_dags/example_task_group_decorator.py                                      1           0  0.08s           2026-03-03T01:15:19
/home/airflow/.local/lib/python3.7/site-packages/airflow/example_dags/example_local_kubernetes_executor.py                                 1           0  0.17s           2026-03-03T01:15:22
/home/airflow/.local/lib/python3.7/site-packages/airflow/example_dags/example_branch_labels.py                                             1           0  0.07s           2026-03-03T01:15:20
/home/airflow/.local/lib/python3.7/site-packages/airflow/example_dags/example_dynamic_task_mapping.py                                      1           0  0.07s           2026-03-03T01:15:20
/home/airflow/.local/lib/python3.7/site-packages/airflow/example_dags/example_passing_params_via_test_command.py                           1           0  0.08s           2026-03-03T01:15:21
/home/airflow/.local/lib/python3.7/site-packages/airflow/example_dags/example_task_group.py                                                1           0  0.07s           2026-03-03T01:15:21
/home/airflow/.local/lib/python3.7/site-packages/airflow/example_dags/example_sensor_decorator.py                                          1           0  0.07s           2026-03-03T01:15:22
/home/airflow/.local/lib/python3.7/site-packages/airflow/example_dags/example_xcom.py                                                      1           0  0.06s           2026-03-03T01:15:22
/home/airflow/.local/lib/python3.7/site-packages/airflow/example_dags/example_branch_operator_decorator.py                                 1           0  0.06s           2026-03-03T01:15:22
/home/airflow/.local/lib/python3.7/site-packages/airflow/example_dags/example_short_circuit_decorator.py                                   1           0  0.08s           2026-03-03T01:15:23
/home/airflow/.local/lib/python3.7/site-packages/airflow/example_dags/example_branch_day_of_week_operator.py                               1           0  0.07s           2026-03-03T01:15:23
/home/airflow/.local/lib/python3.7/site-packages/airflow/example_dags/example_skip_dag.py                                                  1           0  0.05s           2026-03-03T01:15:24
/home/airflow/.local/lib/python3.7/site-packages/airflow/example_dags/example_latest_only.py                                               1           0  0.05s           2026-03-03T01:15:24
/home/airflow/.local/lib/python3.7/site-packages/airflow/example_dags/tutorial_dag.py                                                      1           0  0.04s           2026-03-03T01:15:24
/home/airflow/.local/lib/python3.7/site-packages/airflow/example_dags/example_complex.py                                                   1           0  0.07s           2026-03-03T01:15:25
/home/airflow/.local/lib/python3.7/site-packages/airflow/example_dags/example_bash_operator.py                                             1           0  0.09s           2026-03-03T01:15:27
/home/airflow/.local/lib/python3.7/site-packages/airflow/example_dags/example_sensors.py                                                   1           0  0.06s           2026-03-03T01:15:27
/home/airflow/.local/lib/python3.7/site-packages/airflow/example_dags/example_time_delta_sensor_async.py                                   1           0  0.06s           2026-03-03T01:15:27
/home/airflow/.local/lib/python3.7/site-packages/airflow/example_dags/example_latest_only_with_trigger.py                                  1           0  0.07s           2026-03-03T01:15:28
/home/airflow/.local/lib/python3.7/site-packages/airflow/example_dags/example_trigger_controller_dag.py                                    1           0  0.06s           2026-03-03T01:15:28
/home/airflow/.local/lib/python3.7/site-packages/airflow/example_dags/example_short_circuit_operator.py                                    1           0  0.06s           2026-03-03T01:15:28
/home/airflow/.local/lib/python3.7/site-packages/airflow/example_dags/example_params_trigger_ui.py                                         1           0  0.08s           2026-03-03T01:15:28
/home/airflow/.local/lib/python3.7/site-packages/airflow/example_dags/example_dag_decorator.py                                             1           0  0.10s           2026-03-03T01:15:29
/home/airflow/.local/lib/python3.7/site-packages/airflow/example_dags/example_python_operator.py                                           1           0  0.05s           2026-03-03T01:15:28
/home/airflow/.local/lib/python3.7/site-packages/airflow/example_dags/example_trigger_target_dag.py                                        1           0  0.07s           2026-03-03T01:15:29
/home/airflow/.local/lib/python3.7/site-packages/airflow/example_dags/example_branch_operator.py                                           1           0  0.06s           2026-03-03T01:15:29
/home/airflow/.local/lib/python3.7/site-packages/airflow/example_dags/tutorial_taskflow_api.py                                             1           0  0.05s           2026-03-03T01:15:29
/home/airflow/.local/lib/python3.7/site-packages/airflow/example_dags/tutorial.py                                                          1           0  0.07s           2026-03-03T01:15:30
/home/airflow/.local/lib/python3.7/site-packages/airflow/example_dags/example_params_ui_tutorial.py                                        1           0  0.10s           2026-03-03T01:15:30
/home/airflow/.local/lib/python3.7/site-packages/airflow/example_dags/example_branch_python_dop_operator_3.py                              1           0  0.06s           2026-03-03T01:15:30
/home/airflow/.local/lib/python3.7/site-packages/airflow/example_dags/tutorial_taskflow_api_virtualenv.py                                  1           0  0.05s           2026-03-03T01:15:30
/home/airflow/.local/lib/python3.7/site-packages/airflow/example_dags/example_kubernetes_executor.py                                       1           0  0.20s           2026-03-03T01:15:34
/home/airflow/.local/lib/python3.7/site-packages/airflow/example_dags/example_nested_branch_dag.py                                         1           0  0.07s           2026-03-03T01:15:31
/home/airflow/.local/lib/python3.7/site-packages/airflow/example_dags/example_external_task_marker_dag.py                                  2           0  0.07s           2026-03-03T01:15:25
/home/airflow/.local/lib/python3.7/site-packages/airflow/example_dags/example_xcomargs.py                                                  2           0  0.07s           2026-03-03T01:15:27
/home/airflow/.local/lib/python3.7/site-packages/airflow/example_dags/example_branch_datetime_operator.py                                  3           0  0.06s           2026-03-03T01:15:28
/home/airflow/.local/lib/python3.7/site-packages/airflow/example_dags/example_subdag_operator.py                                           3           0  0.08s           2026-03-03T01:15:31
/home/airflow/.local/lib/python3.7/site-packages/airflow/example_dags/example_datasets.py                                                  6           0  0.07s           2026-03-03T01:15:21
================================================================================
[2026-03-03T01:16:19.081+0000] {manager.py:889} INFO - 
================================================================================
DAG File Processing Stats

File Path                                                                                                         PID    Runtime      # DAGs    # Errors  Last Runtime    Last Run
----------------------------------------------------------------------------------------------------------------  -----  ---------  --------  ----------  --------------  -------------------
/home/airflow/.local/lib/python3.7/site-packages/airflow/example_dags/example_setup_teardown_taskflow.py                                   0           0  0.02s           2026-03-03T01:15:50
/home/airflow/.local/lib/python3.7/site-packages/airflow/example_dags/example_setup_teardown.py                                            0           0  0.02s           2026-03-03T01:15:53
/home/airflow/.local/lib/python3.7/site-packages/airflow/example_dags/plugins/listener_plugin.py                                           0           0  0.03s           2026-03-03T01:16:02
/home/airflow/.local/lib/python3.7/site-packages/airflow/example_dags/plugins/event_listener.py                                            0           0  0.02s           2026-03-03T01:16:02
/home/airflow/.local/lib/python3.7/site-packages/airflow/example_dags/plugins/workday.py                                                   0           0  0.20s           2026-03-03T01:16:04
/home/airflow/.local/lib/python3.7/site-packages/airflow/example_dags/subdags/subdag.py                                                    0           0  0.02s           2026-03-03T01:16:04
/home/airflow/.local/lib/python3.7/site-packages/airflow/example_dags/example_sla_dag.py                                                   1           0  0.08s           2026-03-03T01:15:50
/home/airflow/.local/lib/python3.7/site-packages/airflow/example_dags/example_task_group_decorator.py                                      1           0  0.07s           2026-03-03T01:15:50
/home/airflow/.local/lib/python3.7/site-packages/airflow/example_dags/example_local_kubernetes_executor.py                                 1           0  0.17s           2026-03-03T01:15:53
/home/airflow/.local/lib/python3.7/site-packages/airflow/example_dags/example_branch_labels.py                                             1           0  0.08s           2026-03-03T01:15:51
/home/airflow/.local/lib/python3.7/site-packages/airflow/example_dags/example_dynamic_task_mapping.py                                      1           0  0.07s           2026-03-03T01:15:51
/home/airflow/.local/lib/python3.7/site-packages/airflow/example_dags/example_passing_params_via_test_command.py                           1           0  0.08s           2026-03-03T01:15:52
/home/airflow/.local/lib/python3.7/site-packages/airflow/example_dags/example_task_group.py                                                1           0  0.07s           2026-03-03T01:15:52
/home/airflow/.local/lib/python3.7/site-packages/airflow/example_dags/example_sensor_decorator.py                                          1           0  0.07s           2026-03-03T01:15:53
/home/airflow/.local/lib/python3.7/site-packages/airflow/example_dags/example_xcom.py                                                      1           0  0.05s           2026-03-03T01:15:53
/home/airflow/.local/lib/python3.7/site-packages/airflow/example_dags/example_branch_operator_decorator.py                                 1           0  0.07s           2026-03-03T01:15:53
/home/airflow/.local/lib/python3.7/site-packages/airflow/example_dags/example_short_circuit_decorator.py                                   1           0  0.08s           2026-03-03T01:15:54
/home/airflow/.local/lib/python3.7/site-packages/airflow/example_dags/example_branch_day_of_week_operator.py                               1           0  0.07s           2026-03-03T01:15:54
/home/airflow/.local/lib/python3.7/site-packages/airflow/example_dags/example_skip_dag.py                                                  1           0  0.06s           2026-03-03T01:15:54
/home/airflow/.local/lib/python3.7/site-packages/airflow/example_dags/example_latest_only.py                                               1           0  0.05s           2026-03-03T01:15:54
/home/airflow/.local/lib/python3.7/site-packages/airflow/example_dags/tutorial_dag.py                                                      1           0  0.05s           2026-03-03T01:15:54
/home/airflow/.local/lib/python3.7/site-packages/airflow/example_dags/example_complex.py                                                   1           0  0.07s           2026-03-03T01:15:55
/home/airflow/.local/lib/python3.7/site-packages/airflow/example_dags/example_bash_operator.py                                             1           0  0.08s           2026-03-03T01:15:58
/home/airflow/.local/lib/python3.7/site-packages/airflow/example_dags/example_sensors.py                                                   1           0  0.06s           2026-03-03T01:15:58
/home/airflow/.local/lib/python3.7/site-packages/airflow/example_dags/example_time_delta_sensor_async.py                                   1           0  0.05s           2026-03-03T01:15:58
/home/airflow/.local/lib/python3.7/site-packages/airflow/example_dags/example_latest_only_with_trigger.py                                  1           0  0.07s           2026-03-03T01:15:59
/home/airflow/.local/lib/python3.7/site-packages/airflow/example_dags/example_trigger_controller_dag.py                                    1           0  0.06s           2026-03-03T01:15:59
/home/airflow/.local/lib/python3.7/site-packages/airflow/example_dags/example_short_circuit_operator.py                                    1           0  0.05s           2026-03-03T01:15:59
/home/airflow/.local/lib/python3.7/site-packages/airflow/example_dags/example_params_trigger_ui.py                                         1           0  0.09s           2026-03-03T01:15:59
/home/airflow/.local/lib/python3.7/site-packages/airflow/example_dags/example_dag_decorator.py                                             1           0  0.11s           2026-03-03T01:16:00
/home/airflow/.local/lib/python3.7/site-packages/airflow/example_dags/example_python_operator.py                                           1           0  0.05s           2026-03-03T01:15:59
/home/airflow/.local/lib/python3.7/site-packages/airflow/example_dags/example_trigger_target_dag.py                                        1           0  0.07s           2026-03-03T01:16:00
/home/airflow/.local/lib/python3.7/site-packages/airflow/example_dags/example_branch_operator.py                                           1           0  0.07s           2026-03-03T01:16:00
/home/airflow/.local/lib/python3.7/site-packages/airflow/example_dags/tutorial_taskflow_api.py                                             1           0  0.05s           2026-03-03T01:16:00
/home/airflow/.local/lib/python3.7/site-packages/airflow/example_dags/tutorial.py                                                          1           0  0.06s           2026-03-03T01:16:01
/home/airflow/.local/lib/python3.7/site-packages/airflow/example_dags/example_params_ui_tutorial.py                                        1           0  0.10s           2026-03-03T01:16:01
/home/airflow/.local/lib/python3.7/site-packages/airflow/example_dags/example_branch_python_dop_operator_3.py                              1           0  0.07s           2026-03-03T01:16:01
/home/airflow/.local/lib/python3.7/site-packages/airflow/example_dags/tutorial_taskflow_api_virtualenv.py                                  1           0  0.05s           2026-03-03T01:16:01
/home/airflow/.local/lib/python3.7/site-packages/airflow/example_dags/example_kubernetes_executor.py                                       1           0  0.16s           2026-03-03T01:16:04
/home/airflow/.local/lib/python3.7/site-packages/airflow/example_dags/example_nested_branch_dag.py                                         1           0  0.08s           2026-03-03T01:16:02
/home/airflow/.local/lib/python3.7/site-packages/airflow/example_dags/example_external_task_marker_dag.py                                  2           0  0.07s           2026-03-03T01:15:55
/home/airflow/.local/lib/python3.7/site-packages/airflow/example_dags/example_xcomargs.py                                                  2           0  0.07s           2026-03-03T01:15:58
/home/airflow/.local/lib/python3.7/site-packages/airflow/example_dags/example_branch_datetime_operator.py                                  3           0  0.07s           2026-03-03T01:15:59
/home/airflow/.local/lib/python3.7/site-packages/airflow/example_dags/example_subdag_operator.py                                           3           0  0.10s           2026-03-03T01:16:02
/home/airflow/.local/lib/python3.7/site-packages/airflow/example_dags/example_datasets.py                                                  6           0  0.07s           2026-03-03T01:15:52
================================================================================
[2026-03-03T01:16:50.124+0000] {manager.py:889} INFO - 
================================================================================
DAG File Processing Stats

File Path                                                                                                         PID    Runtime      # DAGs    # Errors  Last Runtime    Last Run
----------------------------------------------------------------------------------------------------------------  -----  ---------  --------  ----------  --------------  -------------------
/home/airflow/.local/lib/python3.7/site-packages/airflow/example_dags/example_setup_teardown_taskflow.py                                   0           0  0.09s           2026-03-03T01:16:21
/home/airflow/.local/lib/python3.7/site-packages/airflow/example_dags/example_setup_teardown.py                                            0           0  0.08s           2026-03-03T01:16:24
/home/airflow/.local/lib/python3.7/site-packages/airflow/example_dags/plugins/listener_plugin.py                                           0           0  0.08s           2026-03-03T01:16:33
/home/airflow/.local/lib/python3.7/site-packages/airflow/example_dags/plugins/event_listener.py                                            0           0  0.08s           2026-03-03T01:16:33
/home/airflow/.local/lib/python3.7/site-packages/airflow/example_dags/plugins/workday.py                                                   0           0  0.51s           2026-03-03T01:16:35
/home/airflow/.local/lib/python3.7/site-packages/airflow/example_dags/subdags/subdag.py                                                    0           0  0.04s           2026-03-03T01:16:35
/home/airflow/.local/lib/python3.7/site-packages/airflow/example_dags/example_sla_dag.py                                                   1           0  0.28s           2026-03-03T01:16:21
/home/airflow/.local/lib/python3.7/site-packages/airflow/example_dags/example_task_group_decorator.py                                      1           0  0.29s           2026-03-03T01:16:21
/home/airflow/.local/lib/python3.7/site-packages/airflow/example_dags/example_local_kubernetes_executor.py                                 1           0  0.76s           2026-03-03T01:16:24
/home/airflow/.local/lib/python3.7/site-packages/airflow/example_dags/example_branch_labels.py                                             1           0  0.29s           2026-03-03T01:16:21
/home/airflow/.local/lib/python3.7/site-packages/airflow/example_dags/example_dynamic_task_mapping.py                                      1           0  0.26s           2026-03-03T01:16:21
/home/airflow/.local/lib/python3.7/site-packages/airflow/example_dags/example_passing_params_via_test_command.py                           1           0  0.27s           2026-03-03T01:16:22
/home/airflow/.local/lib/python3.7/site-packages/airflow/example_dags/example_task_group.py                                                1           0  0.24s           2026-03-03T01:16:22
/home/airflow/.local/lib/python3.7/site-packages/airflow/example_dags/example_sensor_decorator.py                                          1           0  0.24s           2026-03-03T01:16:24
/home/airflow/.local/lib/python3.7/site-packages/airflow/example_dags/example_xcom.py                                                      1           0  0.26s           2026-03-03T01:16:24
/home/airflow/.local/lib/python3.7/site-packages/airflow/example_dags/example_branch_operator_decorator.py                                 1           0  0.28s           2026-03-03T01:16:24
/home/airflow/.local/lib/python3.7/site-packages/airflow/example_dags/example_short_circuit_decorator.py                                   1           0  0.28s           2026-03-03T01:16:26
/home/airflow/.local/lib/python3.7/site-packages/airflow/example_dags/example_branch_day_of_week_operator.py                               1           0  0.29s           2026-03-03T01:16:26
/home/airflow/.local/lib/python3.7/site-packages/airflow/example_dags/example_skip_dag.py                                                  1           0  0.24s           2026-03-03T01:16:26
/home/airflow/.local/lib/python3.7/site-packages/airflow/example_dags/example_latest_only.py                                               1           0  0.28s           2026-03-03T01:16:26
/home/airflow/.local/lib/python3.7/site-packages/airflow/example_dags/tutorial_dag.py                                                      1           0  0.29s           2026-03-03T01:16:26
/home/airflow/.local/lib/python3.7/site-packages/airflow/example_dags/example_complex.py                                                   1           0  0.28s           2026-03-03T01:16:27
/home/airflow/.local/lib/python3.7/site-packages/airflow/example_dags/example_bash_operator.py                                             1           0  0.29s           2026-03-03T01:16:28
/home/airflow/.local/lib/python3.7/site-packages/airflow/example_dags/example_sensors.py                                                   1           0  0.26s           2026-03-03T01:16:28
/home/airflow/.local/lib/python3.7/site-packages/airflow/example_dags/example_time_delta_sensor_async.py                                   1           0  0.26s           2026-03-03T01:16:29
/home/airflow/.local/lib/python3.7/site-packages/airflow/example_dags/example_latest_only_with_trigger.py                                  1           0  0.24s           2026-03-03T01:16:30
/home/airflow/.local/lib/python3.7/site-packages/airflow/example_dags/example_trigger_controller_dag.py                                    1           0  0.23s           2026-03-03T01:16:30
/home/airflow/.local/lib/python3.7/site-packages/airflow/example_dags/example_short_circuit_operator.py                                    1           0  0.25s           2026-03-03T01:16:30
/home/airflow/.local/lib/python3.7/site-packages/airflow/example_dags/example_params_trigger_ui.py                                         1           0  0.40s           2026-03-03T01:16:30
/home/airflow/.local/lib/python3.7/site-packages/airflow/example_dags/example_dag_decorator.py                                             1           0  0.36s           2026-03-03T01:16:30
/home/airflow/.local/lib/python3.7/site-packages/airflow/example_dags/example_python_operator.py                                           1           0  0.26s           2026-03-03T01:16:30
/home/airflow/.local/lib/python3.7/site-packages/airflow/example_dags/example_trigger_target_dag.py                                        1           0  0.24s           2026-03-03T01:16:30
/home/airflow/.local/lib/python3.7/site-packages/airflow/example_dags/example_branch_operator.py                                           1           0  0.25s           2026-03-03T01:16:31
/home/airflow/.local/lib/python3.7/site-packages/airflow/example_dags/tutorial_taskflow_api.py                                             1           0  0.20s           2026-03-03T01:16:31
/home/airflow/.local/lib/python3.7/site-packages/airflow/example_dags/tutorial.py                                                          1           0  0.23s           2026-03-03T01:16:32
/home/airflow/.local/lib/python3.7/site-packages/airflow/example_dags/example_params_ui_tutorial.py                                        1           0  0.40s           2026-03-03T01:16:32
/home/airflow/.local/lib/python3.7/site-packages/airflow/example_dags/example_branch_python_dop_operator_3.py                              1           0  0.26s           2026-03-03T01:16:32
/home/airflow/.local/lib/python3.7/site-packages/airflow/example_dags/tutorial_taskflow_api_virtualenv.py                                  1           0  0.23s           2026-03-03T01:16:32
/home/airflow/.local/lib/python3.7/site-packages/airflow/example_dags/example_kubernetes_executor.py                                       1           0  0.47s           2026-03-03T01:16:35
/home/airflow/.local/lib/python3.7/site-packages/airflow/example_dags/example_nested_branch_dag.py                                         1           0  0.25s           2026-03-03T01:16:33
/home/airflow/.local/lib/python3.7/site-packages/airflow/example_dags/example_external_task_marker_dag.py                                  2           0  0.29s           2026-03-03T01:16:26
/home/airflow/.local/lib/python3.7/site-packages/airflow/example_dags/example_xcomargs.py                                                  2           0  0.25s           2026-03-03T01:16:28
/home/airflow/.local/lib/python3.7/site-packages/airflow/example_dags/example_branch_datetime_operator.py                                  3           0  0.28s           2026-03-03T01:16:30
/home/airflow/.local/lib/python3.7/site-packages/airflow/example_dags/example_subdag_operator.py                                           3           0  0.30s           2026-03-03T01:16:33
/home/airflow/.local/lib/python3.7/site-packages/airflow/example_dags/example_datasets.py                                                  6           0  0.38s           2026-03-03T01:16:23
================================================================================
[2026-03-03T01:17:09.936+0000] {manager.py:758} INFO - Searching for files in /opt/airflow/dags
[2026-03-03T01:17:09.959+0000] {manager.py:761} INFO - There are 45 files in /opt/airflow/dags
[2026-03-03T01:17:21.063+0000] {manager.py:889} INFO - 
================================================================================
DAG File Processing Stats

File Path                                                                                                         PID    Runtime      # DAGs    # Errors  Last Runtime    Last Run
----------------------------------------------------------------------------------------------------------------  -----  ---------  --------  ----------  --------------  -------------------
/home/airflow/.local/lib/python3.7/site-packages/airflow/example_dags/example_setup_teardown_taskflow.py                                   0           0  0.05s           2026-03-03T01:16:52
/home/airflow/.local/lib/python3.7/site-packages/airflow/example_dags/example_setup_teardown.py                                            0           0  0.05s           2026-03-03T01:16:55
/home/airflow/.local/lib/python3.7/site-packages/airflow/example_dags/plugins/listener_plugin.py                                           0           0  0.05s           2026-03-03T01:17:04
/home/airflow/.local/lib/python3.7/site-packages/airflow/example_dags/plugins/event_listener.py                                            0           0  0.05s           2026-03-03T01:17:04
/home/airflow/.local/lib/python3.7/site-packages/airflow/example_dags/plugins/workday.py                                                   0           0  0.70s           2026-03-03T01:17:06
/home/airflow/.local/lib/python3.7/site-packages/airflow/example_dags/subdags/subdag.py                                                    0           0  0.05s           2026-03-03T01:17:06
/home/airflow/.local/lib/python3.7/site-packages/airflow/example_dags/example_sla_dag.py                                                   1           0  0.18s           2026-03-03T01:16:52
/home/airflow/.local/lib/python3.7/site-packages/airflow/example_dags/example_task_group_decorator.py                                      1           0  0.19s           2026-03-03T01:16:52
/home/airflow/.local/lib/python3.7/site-packages/airflow/example_dags/example_local_kubernetes_executor.py                                 1           0  0.52s           2026-03-03T01:16:55
/home/airflow/.local/lib/python3.7/site-packages/airflow/example_dags/example_branch_labels.py                                             1           0  0.19s           2026-03-03T01:16:52
/home/airflow/.local/lib/python3.7/site-packages/airflow/example_dags/example_dynamic_task_mapping.py                                      1           0  0.18s           2026-03-03T01:16:52
/home/airflow/.local/lib/python3.7/site-packages/airflow/example_dags/example_passing_params_via_test_command.py                           1           0  0.18s           2026-03-03T01:16:53
/home/airflow/.local/lib/python3.7/site-packages/airflow/example_dags/example_task_group.py                                                1           0  0.16s           2026-03-03T01:16:53
/home/airflow/.local/lib/python3.7/site-packages/airflow/example_dags/example_sensor_decorator.py                                          1           0  0.17s           2026-03-03T01:16:54
/home/airflow/.local/lib/python3.7/site-packages/airflow/example_dags/example_xcom.py                                                      1           0  0.17s           2026-03-03T01:16:55
/home/airflow/.local/lib/python3.7/site-packages/airflow/example_dags/example_branch_operator_decorator.py                                 1           0  0.18s           2026-03-03T01:16:55
/home/airflow/.local/lib/python3.7/site-packages/airflow/example_dags/example_short_circuit_decorator.py                                   1           0  0.19s           2026-03-03T01:16:56
/home/airflow/.local/lib/python3.7/site-packages/airflow/example_dags/example_branch_day_of_week_operator.py                               1           0  0.17s           2026-03-03T01:16:56
/home/airflow/.local/lib/python3.7/site-packages/airflow/example_dags/example_skip_dag.py                                                  1           0  0.16s           2026-03-03T01:16:56
/home/airflow/.local/lib/python3.7/site-packages/airflow/example_dags/example_latest_only.py                                               1           0  0.16s           2026-03-03T01:16:56
/home/airflow/.local/lib/python3.7/site-packages/airflow/example_dags/tutorial_dag.py                                                      1           0  0.16s           2026-03-03T01:16:56
/home/airflow/.local/lib/python3.7/site-packages/airflow/example_dags/example_complex.py                                                   1           0  0.20s           2026-03-03T01:16:58
/home/airflow/.local/lib/python3.7/site-packages/airflow/example_dags/example_bash_operator.py                                             1           0  0.22s           2026-03-03T01:16:59
/home/airflow/.local/lib/python3.7/site-packages/airflow/example_dags/example_sensors.py                                                   1           0  0.18s           2026-03-03T01:16:59
/home/airflow/.local/lib/python3.7/site-packages/airflow/example_dags/example_time_delta_sensor_async.py                                   1           0  0.16s           2026-03-03T01:16:59
/home/airflow/.local/lib/python3.7/site-packages/airflow/example_dags/example_latest_only_with_trigger.py                                  1           0  0.17s           2026-03-03T01:17:00
/home/airflow/.local/lib/python3.7/site-packages/airflow/example_dags/example_trigger_controller_dag.py                                    1           0  0.16s           2026-03-03T01:17:00
/home/airflow/.local/lib/python3.7/site-packages/airflow/example_dags/example_short_circuit_operator.py                                    1           0  0.17s           2026-03-03T01:17:00
/home/airflow/.local/lib/python3.7/site-packages/airflow/example_dags/example_params_trigger_ui.py                                         1           0  0.30s           2026-03-03T01:17:00
/home/airflow/.local/lib/python3.7/site-packages/airflow/example_dags/example_dag_decorator.py                                             1           0  0.27s           2026-03-03T01:17:01
/home/airflow/.local/lib/python3.7/site-packages/airflow/example_dags/example_python_operator.py                                           1           0  0.19s           2026-03-03T01:17:01
/home/airflow/.local/lib/python3.7/site-packages/airflow/example_dags/example_trigger_target_dag.py                                        1           0  0.16s           2026-03-03T01:17:01
/home/airflow/.local/lib/python3.7/site-packages/airflow/example_dags/example_branch_operator.py                                           1           0  0.18s           2026-03-03T01:17:01
/home/airflow/.local/lib/python3.7/site-packages/airflow/example_dags/tutorial_taskflow_api.py                                             1           0  0.16s           2026-03-03T01:17:01
/home/airflow/.local/lib/python3.7/site-packages/airflow/example_dags/tutorial.py                                                          1           0  0.17s           2026-03-03T01:17:02
/home/airflow/.local/lib/python3.7/site-packages/airflow/example_dags/example_params_ui_tutorial.py                                        1           0  0.28s           2026-03-03T01:17:02
/home/airflow/.local/lib/python3.7/site-packages/airflow/example_dags/example_branch_python_dop_operator_3.py                              1           0  0.19s           2026-03-03T01:17:03
/home/airflow/.local/lib/python3.7/site-packages/airflow/example_dags/tutorial_taskflow_api_virtualenv.py                                  1           0  0.17s           2026-03-03T01:17:03
/home/airflow/.local/lib/python3.7/site-packages/airflow/example_dags/example_kubernetes_executor.py                                       1           0  0.58s           2026-03-03T01:17:06
/home/airflow/.local/lib/python3.7/site-packages/airflow/example_dags/example_nested_branch_dag.py                                         1           0  0.18s           2026-03-03T01:17:04
/home/airflow/.local/lib/python3.7/site-packages/airflow/example_dags/example_external_task_marker_dag.py                                  2           0  0.18s           2026-03-03T01:16:58
/home/airflow/.local/lib/python3.7/site-packages/airflow/example_dags/example_xcomargs.py                                                  2           0  0.18s           2026-03-03T01:16:59
/home/airflow/.local/lib/python3.7/site-packages/airflow/example_dags/example_branch_datetime_operator.py                                  3           0  0.20s           2026-03-03T01:17:01
/home/airflow/.local/lib/python3.7/site-packages/airflow/example_dags/example_subdag_operator.py                                           3           0  0.22s           2026-03-03T01:17:04
/home/airflow/.local/lib/python3.7/site-packages/airflow/example_dags/example_datasets.py                                                  6           0  0.25s           2026-03-03T01:16:53
================================================================================
[2026-03-03T01:17:51.991+0000] {manager.py:889} INFO - 
================================================================================
DAG File Processing Stats

File Path                                                                                                         PID    Runtime      # DAGs    # Errors  Last Runtime    Last Run
----------------------------------------------------------------------------------------------------------------  -----  ---------  --------  ----------  --------------  -------------------
/home/airflow/.local/lib/python3.7/site-packages/airflow/example_dags/example_setup_teardown_taskflow.py                                   0           0  0.02s           2026-03-03T01:17:23
/home/airflow/.local/lib/python3.7/site-packages/airflow/example_dags/example_setup_teardown.py                                            0           0  0.02s           2026-03-03T01:17:25
/home/airflow/.local/lib/python3.7/site-packages/airflow/example_dags/plugins/listener_plugin.py                                           0           0  0.02s           2026-03-03T01:17:34
/home/airflow/.local/lib/python3.7/site-packages/airflow/example_dags/plugins/event_listener.py                                            0           0  0.02s           2026-03-03T01:17:34
/home/airflow/.local/lib/python3.7/site-packages/airflow/example_dags/plugins/workday.py                                                   0           0  0.21s           2026-03-03T01:17:37
/home/airflow/.local/lib/python3.7/site-packages/airflow/example_dags/subdags/subdag.py                                                    0           0  0.02s           2026-03-03T01:17:37
/home/airflow/.local/lib/python3.7/site-packages/airflow/example_dags/example_sla_dag.py                                                   1           0  0.07s           2026-03-03T01:17:23
/home/airflow/.local/lib/python3.7/site-packages/airflow/example_dags/example_task_group_decorator.py                                      1           0  0.07s           2026-03-03T01:17:23
/home/airflow/.local/lib/python3.7/site-packages/airflow/example_dags/example_local_kubernetes_executor.py                                 1           0  0.17s           2026-03-03T01:17:25
/home/airflow/.local/lib/python3.7/site-packages/airflow/example_dags/example_branch_labels.py                                             1           0  0.05s           2026-03-03T01:17:23
/home/airflow/.local/lib/python3.7/site-packages/airflow/example_dags/example_dynamic_task_mapping.py                                      1           0  0.05s           2026-03-03T01:17:23
/home/airflow/.local/lib/python3.7/site-packages/airflow/example_dags/example_passing_params_via_test_command.py                           1           0  0.07s           2026-03-03T01:17:24
/home/airflow/.local/lib/python3.7/site-packages/airflow/example_dags/example_task_group.py                                                1           0  0.07s           2026-03-03T01:17:24
/home/airflow/.local/lib/python3.7/site-packages/airflow/example_dags/example_sensor_decorator.py                                          1           0  0.07s           2026-03-03T01:17:25
/home/airflow/.local/lib/python3.7/site-packages/airflow/example_dags/example_xcom.py                                                      1           0  0.05s           2026-03-03T01:17:25
/home/airflow/.local/lib/python3.7/site-packages/airflow/example_dags/example_branch_operator_decorator.py                                 1           0  0.06s           2026-03-03T01:17:25
/home/airflow/.local/lib/python3.7/site-packages/airflow/example_dags/example_short_circuit_decorator.py                                   1           0  0.05s           2026-03-03T01:17:27
/home/airflow/.local/lib/python3.7/site-packages/airflow/example_dags/example_branch_day_of_week_operator.py                               1           0  0.04s           2026-03-03T01:17:27
/home/airflow/.local/lib/python3.7/site-packages/airflow/example_dags/example_skip_dag.py                                                  1           0  0.04s           2026-03-03T01:17:27
/home/airflow/.local/lib/python3.7/site-packages/airflow/example_dags/example_latest_only.py                                               1           0  0.04s           2026-03-03T01:17:27
/home/airflow/.local/lib/python3.7/site-packages/airflow/example_dags/tutorial_dag.py                                                      1           0  0.04s           2026-03-03T01:17:27
/home/airflow/.local/lib/python3.7/site-packages/airflow/example_dags/example_complex.py                                                   1           0  0.05s           2026-03-03T01:17:28
/home/airflow/.local/lib/python3.7/site-packages/airflow/example_dags/example_bash_operator.py                                             1           0  0.06s           2026-03-03T01:17:29
/home/airflow/.local/lib/python3.7/site-packages/airflow/example_dags/example_sensors.py                                                   1           0  0.04s           2026-03-03T01:17:29
/home/airflow/.local/lib/python3.7/site-packages/airflow/example_dags/example_time_delta_sensor_async.py                                   1           0  0.04s           2026-03-03T01:17:29
/home/airflow/.local/lib/python3.7/site-packages/airflow/example_dags/example_latest_only_with_trigger.py                                  1           0  0.06s           2026-03-03T01:17:30
/home/airflow/.local/lib/python3.7/site-packages/airflow/example_dags/example_trigger_controller_dag.py                                    1           0  0.06s           2026-03-03T01:17:30
/home/airflow/.local/lib/python3.7/site-packages/airflow/example_dags/example_short_circuit_operator.py                                    1           0  0.07s           2026-03-03T01:17:31
/home/airflow/.local/lib/python3.7/site-packages/airflow/example_dags/example_params_trigger_ui.py                                         1           0  0.10s           2026-03-03T01:17:31
/home/airflow/.local/lib/python3.7/site-packages/airflow/example_dags/example_dag_decorator.py                                             1           0  0.07s           2026-03-03T01:17:31
/home/airflow/.local/lib/python3.7/site-packages/airflow/example_dags/example_python_operator.py                                           1           0  0.05s           2026-03-03T01:17:32
/home/airflow/.local/lib/python3.7/site-packages/airflow/example_dags/example_trigger_target_dag.py                                        1           0  0.04s           2026-03-03T01:17:32
/home/airflow/.local/lib/python3.7/site-packages/airflow/example_dags/example_branch_operator.py                                           1           0  0.05s           2026-03-03T01:17:32
/home/airflow/.local/lib/python3.7/site-packages/airflow/example_dags/tutorial_taskflow_api.py                                             1           0  0.04s           2026-03-03T01:17:32
/home/airflow/.local/lib/python3.7/site-packages/airflow/example_dags/tutorial.py                                                          1           0  0.23s           2026-03-03T01:17:33
/home/airflow/.local/lib/python3.7/site-packages/airflow/example_dags/example_params_ui_tutorial.py                                        1           0  0.40s           2026-03-03T01:17:33
/home/airflow/.local/lib/python3.7/site-packages/airflow/example_dags/example_branch_python_dop_operator_3.py                              1           0  0.21s           2026-03-03T01:17:33
/home/airflow/.local/lib/python3.7/site-packages/airflow/example_dags/tutorial_taskflow_api_virtualenv.py                                  1           0  0.08s           2026-03-03T01:17:33
/home/airflow/.local/lib/python3.7/site-packages/airflow/example_dags/example_kubernetes_executor.py                                       1           0  0.19s           2026-03-03T01:17:37
/home/airflow/.local/lib/python3.7/site-packages/airflow/example_dags/example_nested_branch_dag.py                                         1           0  0.06s           2026-03-03T01:17:34
/home/airflow/.local/lib/python3.7/site-packages/airflow/example_dags/example_external_task_marker_dag.py                                  2           0  0.05s           2026-03-03T01:17:28
/home/airflow/.local/lib/python3.7/site-packages/airflow/example_dags/example_xcomargs.py                                                  2           0  0.05s           2026-03-03T01:17:29
/home/airflow/.local/lib/python3.7/site-packages/airflow/example_dags/example_branch_datetime_operator.py                                  3           0  0.06s           2026-03-03T01:17:31
/home/airflow/.local/lib/python3.7/site-packages/airflow/example_dags/example_subdag_operator.py                                           3           0  0.09s           2026-03-03T01:17:34
/home/airflow/.local/lib/python3.7/site-packages/airflow/example_dags/example_datasets.py                                                  6           0  0.06s           2026-03-03T01:17:24
================================================================================
[2026-03-03T01:18:22.665+0000] {manager.py:889} INFO - 
================================================================================
DAG File Processing Stats

File Path                                                                                                         PID    Runtime      # DAGs    # Errors  Last Runtime    Last Run
----------------------------------------------------------------------------------------------------------------  -----  ---------  --------  ----------  --------------  -------------------
/home/airflow/.local/lib/python3.7/site-packages/airflow/example_dags/example_setup_teardown_taskflow.py                                   0           0  0.02s           2026-03-03T01:17:54
/home/airflow/.local/lib/python3.7/site-packages/airflow/example_dags/example_setup_teardown.py                                            0           0  0.02s           2026-03-03T01:17:56
/home/airflow/.local/lib/python3.7/site-packages/airflow/example_dags/plugins/listener_plugin.py                                           0           0  0.03s           2026-03-03T01:18:05
/home/airflow/.local/lib/python3.7/site-packages/airflow/example_dags/plugins/event_listener.py                                            0           0  0.02s           2026-03-03T01:18:05
/home/airflow/.local/lib/python3.7/site-packages/airflow/example_dags/plugins/workday.py                                                   0           0  0.22s           2026-03-03T01:18:08
/home/airflow/.local/lib/python3.7/site-packages/airflow/example_dags/subdags/subdag.py                                                    0           0  0.02s           2026-03-03T01:18:08
/home/airflow/.local/lib/python3.7/site-packages/airflow/example_dags/example_sla_dag.py                                                   1           0  0.07s           2026-03-03T01:17:54
/home/airflow/.local/lib/python3.7/site-packages/airflow/example_dags/example_task_group_decorator.py                                      1           0  0.07s           2026-03-03T01:17:54
/home/airflow/.local/lib/python3.7/site-packages/airflow/example_dags/example_local_kubernetes_executor.py                                 1           0  0.17s           2026-03-03T01:17:56
/home/airflow/.local/lib/python3.7/site-packages/airflow/example_dags/example_branch_labels.py                                             1           0  0.05s           2026-03-03T01:17:54
/home/airflow/.local/lib/python3.7/site-packages/airflow/example_dags/example_dynamic_task_mapping.py                                      1           0  0.05s           2026-03-03T01:17:54
/home/airflow/.local/lib/python3.7/site-packages/airflow/example_dags/example_passing_params_via_test_command.py                           1           0  0.07s           2026-03-03T01:17:55
/home/airflow/.local/lib/python3.7/site-packages/airflow/example_dags/example_task_group.py                                                1           0  0.06s           2026-03-03T01:17:55
/home/airflow/.local/lib/python3.7/site-packages/airflow/example_dags/example_sensor_decorator.py                                          1           0  0.07s           2026-03-03T01:17:56
/home/airflow/.local/lib/python3.7/site-packages/airflow/example_dags/example_xcom.py                                                      1           0  0.05s           2026-03-03T01:17:56
/home/airflow/.local/lib/python3.7/site-packages/airflow/example_dags/example_branch_operator_decorator.py                                 1           0  0.06s           2026-03-03T01:17:56
/home/airflow/.local/lib/python3.7/site-packages/airflow/example_dags/example_short_circuit_decorator.py                                   1           0  0.07s           2026-03-03T01:17:58
/home/airflow/.local/lib/python3.7/site-packages/airflow/example_dags/example_branch_day_of_week_operator.py                               1           0  0.07s           2026-03-03T01:17:58
/home/airflow/.local/lib/python3.7/site-packages/airflow/example_dags/example_skip_dag.py                                                  1           0  0.06s           2026-03-03T01:17:58
/home/airflow/.local/lib/python3.7/site-packages/airflow/example_dags/example_latest_only.py                                               1           0  0.06s           2026-03-03T01:17:58
/home/airflow/.local/lib/python3.7/site-packages/airflow/example_dags/tutorial_dag.py                                                      1           0  0.05s           2026-03-03T01:17:58
/home/airflow/.local/lib/python3.7/site-packages/airflow/example_dags/example_complex.py                                                   1           0  0.07s           2026-03-03T01:17:59
/home/airflow/.local/lib/python3.7/site-packages/airflow/example_dags/example_bash_operator.py                                             1           0  0.08s           2026-03-03T01:18:00
/home/airflow/.local/lib/python3.7/site-packages/airflow/example_dags/example_sensors.py                                                   1           0  0.06s           2026-03-03T01:18:00
/home/airflow/.local/lib/python3.7/site-packages/airflow/example_dags/example_time_delta_sensor_async.py                                   1           0  0.05s           2026-03-03T01:18:00
/home/airflow/.local/lib/python3.7/site-packages/airflow/example_dags/example_latest_only_with_trigger.py                                  1           0  0.07s           2026-03-03T01:18:01
/home/airflow/.local/lib/python3.7/site-packages/airflow/example_dags/example_trigger_controller_dag.py                                    1           0  0.06s           2026-03-03T01:18:01
/home/airflow/.local/lib/python3.7/site-packages/airflow/example_dags/example_short_circuit_operator.py                                    1           0  0.07s           2026-03-03T01:18:02
/home/airflow/.local/lib/python3.7/site-packages/airflow/example_dags/example_params_trigger_ui.py                                         1           0  0.10s           2026-03-03T01:18:02
/home/airflow/.local/lib/python3.7/site-packages/airflow/example_dags/example_dag_decorator.py                                             1           0  0.08s           2026-03-03T01:18:02
/home/airflow/.local/lib/python3.7/site-packages/airflow/example_dags/example_python_operator.py                                           1           0  0.06s           2026-03-03T01:18:03
/home/airflow/.local/lib/python3.7/site-packages/airflow/example_dags/example_trigger_target_dag.py                                        1           0  0.05s           2026-03-03T01:18:03
/home/airflow/.local/lib/python3.7/site-packages/airflow/example_dags/example_branch_operator.py                                           1           0  0.05s           2026-03-03T01:18:03
/home/airflow/.local/lib/python3.7/site-packages/airflow/example_dags/tutorial_taskflow_api.py                                             1           0  0.04s           2026-03-03T01:18:03
/home/airflow/.local/lib/python3.7/site-packages/airflow/example_dags/tutorial.py                                                          1           0  0.07s           2026-03-03T01:18:04
/home/airflow/.local/lib/python3.7/site-packages/airflow/example_dags/example_params_ui_tutorial.py                                        1           0  0.10s           2026-03-03T01:18:04
/home/airflow/.local/lib/python3.7/site-packages/airflow/example_dags/example_branch_python_dop_operator_3.py                              1           0  0.06s           2026-03-03T01:18:04
/home/airflow/.local/lib/python3.7/site-packages/airflow/example_dags/tutorial_taskflow_api_virtualenv.py                                  1           0  0.05s           2026-03-03T01:18:04
/home/airflow/.local/lib/python3.7/site-packages/airflow/example_dags/example_kubernetes_executor.py                                       1           0  0.20s           2026-03-03T01:18:08
/home/airflow/.local/lib/python3.7/site-packages/airflow/example_dags/example_nested_branch_dag.py                                         1           0  0.07s           2026-03-03T01:18:05
/home/airflow/.local/lib/python3.7/site-packages/airflow/example_dags/example_external_task_marker_dag.py                                  2           0  0.07s           2026-03-03T01:17:59
/home/airflow/.local/lib/python3.7/site-packages/airflow/example_dags/example_xcomargs.py                                                  2           0  0.07s           2026-03-03T01:18:00
/home/airflow/.local/lib/python3.7/site-packages/airflow/example_dags/example_branch_datetime_operator.py                                  3           0  0.07s           2026-03-03T01:18:02
/home/airflow/.local/lib/python3.7/site-packages/airflow/example_dags/example_subdag_operator.py                                           3           0  0.08s           2026-03-03T01:18:05
/home/airflow/.local/lib/python3.7/site-packages/airflow/example_dags/example_datasets.py                                                  6           0  0.06s           2026-03-03T01:17:55
================================================================================
[2026-03-03T01:18:53.440+0000] {manager.py:889} INFO - 
================================================================================
DAG File Processing Stats

File Path                                                                                                         PID    Runtime      # DAGs    # Errors  Last Runtime    Last Run
----------------------------------------------------------------------------------------------------------------  -----  ---------  --------  ----------  --------------  -------------------
/home/airflow/.local/lib/python3.7/site-packages/airflow/example_dags/example_setup_teardown_taskflow.py                                   0           0  0.07s           2026-03-03T01:18:25
/home/airflow/.local/lib/python3.7/site-packages/airflow/example_dags/example_setup_teardown.py                                            0           0  0.07s           2026-03-03T01:18:27
/home/airflow/.local/lib/python3.7/site-packages/airflow/example_dags/plugins/listener_plugin.py                                           0           0  0.07s           2026-03-03T01:18:36
/home/airflow/.local/lib/python3.7/site-packages/airflow/example_dags/plugins/event_listener.py                                            0           0  0.08s           2026-03-03T01:18:36
/home/airflow/.local/lib/python3.7/site-packages/airflow/example_dags/plugins/workday.py                                                   0           0  0.78s           2026-03-03T01:18:40
/home/airflow/.local/lib/python3.7/site-packages/airflow/example_dags/subdags/subdag.py                                                    0           0  0.06s           2026-03-03T01:18:40
/home/airflow/.local/lib/python3.7/site-packages/airflow/example_dags/example_sla_dag.py                                                   1           0  0.25s           2026-03-03T01:18:24
/home/airflow/.local/lib/python3.7/site-packages/airflow/example_dags/example_task_group_decorator.py                                      1           0  0.26s           2026-03-03T01:18:24
/home/airflow/.local/lib/python3.7/site-packages/airflow/example_dags/example_local_kubernetes_executor.py                                 1           0  0.74s           2026-03-03T01:18:27
/home/airflow/.local/lib/python3.7/site-packages/airflow/example_dags/example_branch_labels.py                                             1           0  0.22s           2026-03-03T01:18:25
/home/airflow/.local/lib/python3.7/site-packages/airflow/example_dags/example_dynamic_task_mapping.py                                      1           0  0.23s           2026-03-03T01:18:25
/home/airflow/.local/lib/python3.7/site-packages/airflow/example_dags/example_passing_params_via_test_command.py                           1           0  0.23s           2026-03-03T01:18:25
/home/airflow/.local/lib/python3.7/site-packages/airflow/example_dags/example_task_group.py                                                1           0  0.21s           2026-03-03T01:18:25
/home/airflow/.local/lib/python3.7/site-packages/airflow/example_dags/example_sensor_decorator.py                                          1           0  0.22s           2026-03-03T01:18:26
/home/airflow/.local/lib/python3.7/site-packages/airflow/example_dags/example_xcom.py                                                      1           0  0.29s           2026-03-03T01:18:27
/home/airflow/.local/lib/python3.7/site-packages/airflow/example_dags/example_branch_operator_decorator.py                                 1           0  0.24s           2026-03-03T01:18:27
/home/airflow/.local/lib/python3.7/site-packages/airflow/example_dags/example_short_circuit_decorator.py                                   1           0  0.22s           2026-03-03T01:18:28
/home/airflow/.local/lib/python3.7/site-packages/airflow/example_dags/example_branch_day_of_week_operator.py                               1           0  0.21s           2026-03-03T01:18:28
/home/airflow/.local/lib/python3.7/site-packages/airflow/example_dags/example_skip_dag.py                                                  1           0  0.22s           2026-03-03T01:18:29
/home/airflow/.local/lib/python3.7/site-packages/airflow/example_dags/example_latest_only.py                                               1           0  0.21s           2026-03-03T01:18:29
/home/airflow/.local/lib/python3.7/site-packages/airflow/example_dags/tutorial_dag.py                                                      1           0  0.20s           2026-03-03T01:18:29
/home/airflow/.local/lib/python3.7/site-packages/airflow/example_dags/example_complex.py                                                   1           0  0.25s           2026-03-03T01:18:30
/home/airflow/.local/lib/python3.7/site-packages/airflow/example_dags/example_bash_operator.py                                             1           0  0.26s           2026-03-03T01:18:31
/home/airflow/.local/lib/python3.7/site-packages/airflow/example_dags/example_sensors.py                                                   1           0  0.25s           2026-03-03T01:18:31
/home/airflow/.local/lib/python3.7/site-packages/airflow/example_dags/example_time_delta_sensor_async.py                                   1           0  0.24s           2026-03-03T01:18:31
/home/airflow/.local/lib/python3.7/site-packages/airflow/example_dags/example_latest_only_with_trigger.py                                  1           0  0.21s           2026-03-03T01:18:32
/home/airflow/.local/lib/python3.7/site-packages/airflow/example_dags/example_trigger_controller_dag.py                                    1           0  0.21s           2026-03-03T01:18:32
/home/airflow/.local/lib/python3.7/site-packages/airflow/example_dags/example_short_circuit_operator.py                                    1           0  0.24s           2026-03-03T01:18:33
/home/airflow/.local/lib/python3.7/site-packages/airflow/example_dags/example_params_trigger_ui.py                                         1           0  0.38s           2026-03-03T01:18:33
/home/airflow/.local/lib/python3.7/site-packages/airflow/example_dags/example_dag_decorator.py                                             1           0  0.35s           2026-03-03T01:18:33
/home/airflow/.local/lib/python3.7/site-packages/airflow/example_dags/example_python_operator.py                                           1           0  0.25s           2026-03-03T01:18:33
/home/airflow/.local/lib/python3.7/site-packages/airflow/example_dags/example_trigger_target_dag.py                                        1           0  0.24s           2026-03-03T01:18:34
/home/airflow/.local/lib/python3.7/site-packages/airflow/example_dags/example_branch_operator.py                                           1           0  0.26s           2026-03-03T01:18:34
/home/airflow/.local/lib/python3.7/site-packages/airflow/example_dags/tutorial_taskflow_api.py                                             1           0  0.26s           2026-03-03T01:18:34
/home/airflow/.local/lib/python3.7/site-packages/airflow/example_dags/tutorial.py                                                          1           0  0.25s           2026-03-03T01:18:34
/home/airflow/.local/lib/python3.7/site-packages/airflow/example_dags/example_params_ui_tutorial.py                                        1           0  0.40s           2026-03-03T01:18:34
/home/airflow/.local/lib/python3.7/site-packages/airflow/example_dags/example_branch_python_dop_operator_3.py                              1           0  0.25s           2026-03-03T01:18:34
/home/airflow/.local/lib/python3.7/site-packages/airflow/example_dags/tutorial_taskflow_api_virtualenv.py                                  1           0  0.23s           2026-03-03T01:18:34
/home/airflow/.local/lib/python3.7/site-packages/airflow/example_dags/example_kubernetes_executor.py                                       1           0  0.67s           2026-03-03T01:18:39
/home/airflow/.local/lib/python3.7/site-packages/airflow/example_dags/example_nested_branch_dag.py                                         1           0  0.24s           2026-03-03T01:18:36
/home/airflow/.local/lib/python3.7/site-packages/airflow/example_dags/example_external_task_marker_dag.py                                  2           0  0.23s           2026-03-03T01:18:30
/home/airflow/.local/lib/python3.7/site-packages/airflow/example_dags/example_xcomargs.py                                                  2           0  0.22s           2026-03-03T01:18:31
/home/airflow/.local/lib/python3.7/site-packages/airflow/example_dags/example_branch_datetime_operator.py                                  3           0  0.28s           2026-03-03T01:18:33
/home/airflow/.local/lib/python3.7/site-packages/airflow/example_dags/example_subdag_operator.py                                           3           0  0.30s           2026-03-03T01:18:36
/home/airflow/.local/lib/python3.7/site-packages/airflow/example_dags/example_datasets.py                                                  6           0  0.32s           2026-03-03T01:18:25
================================================================================
[2026-03-03T01:19:24.152+0000] {manager.py:889} INFO - 
================================================================================
DAG File Processing Stats

File Path                                                                                                         PID    Runtime      # DAGs    # Errors  Last Runtime    Last Run
----------------------------------------------------------------------------------------------------------------  -----  ---------  --------  ----------  --------------  -------------------
/home/airflow/.local/lib/python3.7/site-packages/airflow/example_dags/example_setup_teardown_taskflow.py                                   0           0  0.08s           2026-03-03T01:18:55
/home/airflow/.local/lib/python3.7/site-packages/airflow/example_dags/example_setup_teardown.py                                            0           0  0.07s           2026-03-03T01:18:58
/home/airflow/.local/lib/python3.7/site-packages/airflow/example_dags/plugins/listener_plugin.py                                           0           0  0.07s           2026-03-03T01:19:06
/home/airflow/.local/lib/python3.7/site-packages/airflow/example_dags/plugins/event_listener.py                                            0           0  0.07s           2026-03-03T01:19:06
/home/airflow/.local/lib/python3.7/site-packages/airflow/example_dags/plugins/workday.py                                                   0           0  0.45s           2026-03-03T01:19:11
/home/airflow/.local/lib/python3.7/site-packages/airflow/example_dags/subdags/subdag.py                                                    0           0  0.03s           2026-03-03T01:19:11
/home/airflow/.local/lib/python3.7/site-packages/airflow/example_dags/example_sla_dag.py                                                   1           0  0.22s           2026-03-03T01:18:55
/home/airflow/.local/lib/python3.7/site-packages/airflow/example_dags/example_task_group_decorator.py                                      1           0  0.25s           2026-03-03T01:18:55
/home/airflow/.local/lib/python3.7/site-packages/airflow/example_dags/example_local_kubernetes_executor.py                                 1           0  0.67s           2026-03-03T01:18:58
/home/airflow/.local/lib/python3.7/site-packages/airflow/example_dags/example_branch_labels.py                                             1           0  0.22s           2026-03-03T01:18:55
/home/airflow/.local/lib/python3.7/site-packages/airflow/example_dags/example_dynamic_task_mapping.py                                      1           0  0.20s           2026-03-03T01:18:56
/home/airflow/.local/lib/python3.7/site-packages/airflow/example_dags/example_passing_params_via_test_command.py                           1           0  0.23s           2026-03-03T01:18:56
/home/airflow/.local/lib/python3.7/site-packages/airflow/example_dags/example_task_group.py                                                1           0  0.22s           2026-03-03T01:18:56
/home/airflow/.local/lib/python3.7/site-packages/airflow/example_dags/example_sensor_decorator.py                                          1           0  0.19s           2026-03-03T01:18:57
/home/airflow/.local/lib/python3.7/site-packages/airflow/example_dags/example_xcom.py                                                      1           0  0.20s           2026-03-03T01:18:57
/home/airflow/.local/lib/python3.7/site-packages/airflow/example_dags/example_branch_operator_decorator.py                                 1           0  0.26s           2026-03-03T01:18:57
/home/airflow/.local/lib/python3.7/site-packages/airflow/example_dags/example_short_circuit_decorator.py                                   1           0  0.21s           2026-03-03T01:18:59
/home/airflow/.local/lib/python3.7/site-packages/airflow/example_dags/example_branch_day_of_week_operator.py                               1           0  0.19s           2026-03-03T01:18:59
/home/airflow/.local/lib/python3.7/site-packages/airflow/example_dags/example_skip_dag.py                                                  1           0  0.21s           2026-03-03T01:18:59
/home/airflow/.local/lib/python3.7/site-packages/airflow/example_dags/example_latest_only.py                                               1           0  0.20s           2026-03-03T01:18:59
/home/airflow/.local/lib/python3.7/site-packages/airflow/example_dags/tutorial_dag.py                                                      1           0  0.20s           2026-03-03T01:18:59
/home/airflow/.local/lib/python3.7/site-packages/airflow/example_dags/example_complex.py                                                   1           0  0.24s           2026-03-03T01:19:00
/home/airflow/.local/lib/python3.7/site-packages/airflow/example_dags/example_bash_operator.py                                             1           0  0.25s           2026-03-03T01:19:02
/home/airflow/.local/lib/python3.7/site-packages/airflow/example_dags/example_sensors.py                                                   1           0  0.20s           2026-03-03T01:19:02
/home/airflow/.local/lib/python3.7/site-packages/airflow/example_dags/example_time_delta_sensor_async.py                                   1           0  0.19s           2026-03-03T01:19:02
/home/airflow/.local/lib/python3.7/site-packages/airflow/example_dags/example_latest_only_with_trigger.py                                  1           0  0.18s           2026-03-03T01:19:02
/home/airflow/.local/lib/python3.7/site-packages/airflow/example_dags/example_trigger_controller_dag.py                                    1           0  0.18s           2026-03-03T01:19:02
/home/airflow/.local/lib/python3.7/site-packages/airflow/example_dags/example_short_circuit_operator.py                                    1           0  0.20s           2026-03-03T01:19:03
/home/airflow/.local/lib/python3.7/site-packages/airflow/example_dags/example_params_trigger_ui.py                                         1           0  0.33s           2026-03-03T01:19:03
/home/airflow/.local/lib/python3.7/site-packages/airflow/example_dags/example_dag_decorator.py                                             1           0  0.30s           2026-03-03T01:19:04
/home/airflow/.local/lib/python3.7/site-packages/airflow/example_dags/example_python_operator.py                                           1           0  0.22s           2026-03-03T01:19:04
/home/airflow/.local/lib/python3.7/site-packages/airflow/example_dags/example_trigger_target_dag.py                                        1           0  0.20s           2026-03-03T01:19:04
/home/airflow/.local/lib/python3.7/site-packages/airflow/example_dags/example_branch_operator.py                                           1           0  0.22s           2026-03-03T01:19:04
/home/airflow/.local/lib/python3.7/site-packages/airflow/example_dags/tutorial_taskflow_api.py                                             1           0  0.20s           2026-03-03T01:19:04
/home/airflow/.local/lib/python3.7/site-packages/airflow/example_dags/tutorial.py                                                          1           0  0.20s           2026-03-03T01:19:04
/home/airflow/.local/lib/python3.7/site-packages/airflow/example_dags/example_params_ui_tutorial.py                                        1           0  0.33s           2026-03-03T01:19:05
/home/airflow/.local/lib/python3.7/site-packages/airflow/example_dags/example_branch_python_dop_operator_3.py                              1           0  0.21s           2026-03-03T01:19:05
/home/airflow/.local/lib/python3.7/site-packages/airflow/example_dags/tutorial_taskflow_api_virtualenv.py                                  1           0  0.20s           2026-03-03T01:19:05
/home/airflow/.local/lib/python3.7/site-packages/airflow/example_dags/example_kubernetes_executor.py                                       1           0  0.43s           2026-03-03T01:19:11
/home/airflow/.local/lib/python3.7/site-packages/airflow/example_dags/example_nested_branch_dag.py                                         1           0  0.21s           2026-03-03T01:19:06
/home/airflow/.local/lib/python3.7/site-packages/airflow/example_dags/example_external_task_marker_dag.py                                  2           0  0.21s           2026-03-03T01:19:00
/home/airflow/.local/lib/python3.7/site-packages/airflow/example_dags/example_xcomargs.py                                                  2           0  0.21s           2026-03-03T01:19:01
/home/airflow/.local/lib/python3.7/site-packages/airflow/example_dags/example_branch_datetime_operator.py                                  3           0  0.23s           2026-03-03T01:19:04
/home/airflow/.local/lib/python3.7/site-packages/airflow/example_dags/example_subdag_operator.py                                           3           0  0.26s           2026-03-03T01:19:06
/home/airflow/.local/lib/python3.7/site-packages/airflow/example_dags/example_datasets.py                                                  6           0  0.31s           2026-03-03T01:18:56
================================================================================
[2026-03-03T01:19:54.953+0000] {manager.py:889} INFO - 
================================================================================
DAG File Processing Stats

File Path                                                                                                         PID    Runtime      # DAGs    # Errors  Last Runtime    Last Run
----------------------------------------------------------------------------------------------------------------  -----  ---------  --------  ----------  --------------  -------------------
/home/airflow/.local/lib/python3.7/site-packages/airflow/example_dags/example_setup_teardown_taskflow.py                                   0           0  0.03s           2026-03-03T01:19:26
/home/airflow/.local/lib/python3.7/site-packages/airflow/example_dags/example_setup_teardown.py                                            0           0  0.02s           2026-03-03T01:19:28
/home/airflow/.local/lib/python3.7/site-packages/airflow/example_dags/plugins/listener_plugin.py                                           0           0  0.02s           2026-03-03T01:19:36
/home/airflow/.local/lib/python3.7/site-packages/airflow/example_dags/plugins/event_listener.py                                            0           0  0.02s           2026-03-03T01:19:36
/home/airflow/.local/lib/python3.7/site-packages/airflow/example_dags/plugins/workday.py                                                   0           0  0.24s           2026-03-03T01:19:41
/home/airflow/.local/lib/python3.7/site-packages/airflow/example_dags/subdags/subdag.py                                                    0           0  0.02s           2026-03-03T01:19:41
/home/airflow/.local/lib/python3.7/site-packages/airflow/example_dags/example_sla_dag.py                                                   1           0  0.09s           2026-03-03T01:19:26
/home/airflow/.local/lib/python3.7/site-packages/airflow/example_dags/example_task_group_decorator.py                                      1           0  0.08s           2026-03-03T01:19:26
/home/airflow/.local/lib/python3.7/site-packages/airflow/example_dags/example_local_kubernetes_executor.py                                 1           0  0.16s           2026-03-03T01:19:28
/home/airflow/.local/lib/python3.7/site-packages/airflow/example_dags/example_branch_labels.py                                             1           0  0.07s           2026-03-03T01:19:26
/home/airflow/.local/lib/python3.7/site-packages/airflow/example_dags/example_dynamic_task_mapping.py                                      1           0  0.07s           2026-03-03T01:19:26
/home/airflow/.local/lib/python3.7/site-packages/airflow/example_dags/example_passing_params_via_test_command.py                           1           0  0.06s           2026-03-03T01:19:26
/home/airflow/.local/lib/python3.7/site-packages/airflow/example_dags/example_task_group.py                                                1           0  0.05s           2026-03-03T01:19:26
/home/airflow/.local/lib/python3.7/site-packages/airflow/example_dags/example_sensor_decorator.py                                          1           0  0.05s           2026-03-03T01:19:27
/home/airflow/.local/lib/python3.7/site-packages/airflow/example_dags/example_xcom.py                                                      1           0  0.06s           2026-03-03T01:19:28
/home/airflow/.local/lib/python3.7/site-packages/airflow/example_dags/example_branch_operator_decorator.py                                 1           0  0.06s           2026-03-03T01:19:28
/home/airflow/.local/lib/python3.7/site-packages/airflow/example_dags/example_short_circuit_decorator.py                                   1           0  0.08s           2026-03-03T01:19:29
/home/airflow/.local/lib/python3.7/site-packages/airflow/example_dags/example_branch_day_of_week_operator.py                               1           0  0.07s           2026-03-03T01:19:29
/home/airflow/.local/lib/python3.7/site-packages/airflow/example_dags/example_skip_dag.py                                                  1           0  0.05s           2026-03-03T01:19:29
/home/airflow/.local/lib/python3.7/site-packages/airflow/example_dags/example_latest_only.py                                               1           0  0.05s           2026-03-03T01:19:29
/home/airflow/.local/lib/python3.7/site-packages/airflow/example_dags/tutorial_dag.py                                                      1           0  0.04s           2026-03-03T01:19:29
/home/airflow/.local/lib/python3.7/site-packages/airflow/example_dags/example_complex.py                                                   1           0  0.06s           2026-03-03T01:19:30
/home/airflow/.local/lib/python3.7/site-packages/airflow/example_dags/example_bash_operator.py                                             1           0  0.07s           2026-03-03T01:19:33
/home/airflow/.local/lib/python3.7/site-packages/airflow/example_dags/example_sensors.py                                                   1           0  0.05s           2026-03-03T01:19:33
/home/airflow/.local/lib/python3.7/site-packages/airflow/example_dags/example_time_delta_sensor_async.py                                   1           0  0.05s           2026-03-03T01:19:33
/home/airflow/.local/lib/python3.7/site-packages/airflow/example_dags/example_latest_only_with_trigger.py                                  1           0  0.05s           2026-03-03T01:19:33
/home/airflow/.local/lib/python3.7/site-packages/airflow/example_dags/example_trigger_controller_dag.py                                    1           0  0.04s           2026-03-03T01:19:33
/home/airflow/.local/lib/python3.7/site-packages/airflow/example_dags/example_short_circuit_operator.py                                    1           0  0.07s           2026-03-03T01:19:34
/home/airflow/.local/lib/python3.7/site-packages/airflow/example_dags/example_params_trigger_ui.py                                         1           0  0.09s           2026-03-03T01:19:34
/home/airflow/.local/lib/python3.7/site-packages/airflow/example_dags/example_dag_decorator.py                                             1           0  0.09s           2026-03-03T01:19:35
/home/airflow/.local/lib/python3.7/site-packages/airflow/example_dags/example_python_operator.py                                           1           0  0.06s           2026-03-03T01:19:35
/home/airflow/.local/lib/python3.7/site-packages/airflow/example_dags/example_trigger_target_dag.py                                        1           0  0.06s           2026-03-03T01:19:35
/home/airflow/.local/lib/python3.7/site-packages/airflow/example_dags/example_branch_operator.py                                           1           0  0.06s           2026-03-03T01:19:35
/home/airflow/.local/lib/python3.7/site-packages/airflow/example_dags/tutorial_taskflow_api.py                                             1           0  0.05s           2026-03-03T01:19:35
/home/airflow/.local/lib/python3.7/site-packages/airflow/example_dags/tutorial.py                                                          1           0  0.05s           2026-03-03T01:19:35
/home/airflow/.local/lib/python3.7/site-packages/airflow/example_dags/example_params_ui_tutorial.py                                        1           0  0.08s           2026-03-03T01:19:35
/home/airflow/.local/lib/python3.7/site-packages/airflow/example_dags/example_branch_python_dop_operator_3.py                              1           0  0.04s           2026-03-03T01:19:35
/home/airflow/.local/lib/python3.7/site-packages/airflow/example_dags/tutorial_taskflow_api_virtualenv.py                                  1           0  0.04s           2026-03-03T01:19:35
/home/airflow/.local/lib/python3.7/site-packages/airflow/example_dags/example_kubernetes_executor.py                                       1           0  0.19s           2026-03-03T01:19:41
/home/airflow/.local/lib/python3.7/site-packages/airflow/example_dags/example_nested_branch_dag.py                                         1           0  0.06s           2026-03-03T01:19:36
/home/airflow/.local/lib/python3.7/site-packages/airflow/example_dags/example_external_task_marker_dag.py                                  2           0  0.06s           2026-03-03T01:19:30
/home/airflow/.local/lib/python3.7/site-packages/airflow/example_dags/example_xcomargs.py                                                  2           0  0.06s           2026-03-03T01:19:32
/home/airflow/.local/lib/python3.7/site-packages/airflow/example_dags/example_branch_datetime_operator.py                                  3           0  0.06s           2026-03-03T01:19:34
/home/airflow/.local/lib/python3.7/site-packages/airflow/example_dags/example_subdag_operator.py                                           3           0  0.08s           2026-03-03T01:19:36
/home/airflow/.local/lib/python3.7/site-packages/airflow/example_dags/example_datasets.py                                                  6           0  0.08s           2026-03-03T01:19:27
================================================================================
[2026-03-03T01:20:25.628+0000] {manager.py:889} INFO - 
================================================================================
DAG File Processing Stats

File Path                                                                                                         PID    Runtime      # DAGs    # Errors  Last Runtime    Last Run
----------------------------------------------------------------------------------------------------------------  -----  ---------  --------  ----------  --------------  -------------------
/home/airflow/.local/lib/python3.7/site-packages/airflow/example_dags/example_setup_teardown_taskflow.py                                   0           0  0.02s           2026-03-03T01:19:57
/home/airflow/.local/lib/python3.7/site-packages/airflow/example_dags/example_setup_teardown.py                                            0           0  0.02s           2026-03-03T01:19:59
/home/airflow/.local/lib/python3.7/site-packages/airflow/example_dags/plugins/listener_plugin.py                                           0           0  0.02s           2026-03-03T01:20:07
/home/airflow/.local/lib/python3.7/site-packages/airflow/example_dags/plugins/event_listener.py                                            0           0  0.02s           2026-03-03T01:20:07
/home/airflow/.local/lib/python3.7/site-packages/airflow/example_dags/plugins/workday.py                                                   0           0  0.23s           2026-03-03T01:20:12
/home/airflow/.local/lib/python3.7/site-packages/airflow/example_dags/subdags/subdag.py                                                    0           0  0.02s           2026-03-03T01:20:12
/home/airflow/.local/lib/python3.7/site-packages/airflow/example_dags/example_sla_dag.py                                                   1           0  0.07s           2026-03-03T01:19:57
/home/airflow/.local/lib/python3.7/site-packages/airflow/example_dags/example_task_group_decorator.py                                      1           0  0.07s           2026-03-03T01:19:57
/home/airflow/.local/lib/python3.7/site-packages/airflow/example_dags/example_local_kubernetes_executor.py                                 1           0  0.16s           2026-03-03T01:19:59
/home/airflow/.local/lib/python3.7/site-packages/airflow/example_dags/example_branch_labels.py                                             1           0  0.05s           2026-03-03T01:19:57
/home/airflow/.local/lib/python3.7/site-packages/airflow/example_dags/example_dynamic_task_mapping.py                                      1           0  0.05s           2026-03-03T01:19:57
/home/airflow/.local/lib/python3.7/site-packages/airflow/example_dags/example_passing_params_via_test_command.py                           1           0  0.05s           2026-03-03T01:19:57
/home/airflow/.local/lib/python3.7/site-packages/airflow/example_dags/example_task_group.py                                                1           0  0.05s           2026-03-03T01:19:57
/home/airflow/.local/lib/python3.7/site-packages/airflow/example_dags/example_sensor_decorator.py                                          1           0  0.06s           2026-03-03T01:19:58
/home/airflow/.local/lib/python3.7/site-packages/airflow/example_dags/example_xcom.py                                                      1           0  0.06s           2026-03-03T01:19:59
/home/airflow/.local/lib/python3.7/site-packages/airflow/example_dags/example_branch_operator_decorator.py                                 1           0  0.06s           2026-03-03T01:19:59
/home/airflow/.local/lib/python3.7/site-packages/airflow/example_dags/example_short_circuit_decorator.py                                   1           0  0.07s           2026-03-03T01:20:00
/home/airflow/.local/lib/python3.7/site-packages/airflow/example_dags/example_branch_day_of_week_operator.py                               1           0  0.06s           2026-03-03T01:20:00
/home/airflow/.local/lib/python3.7/site-packages/airflow/example_dags/example_skip_dag.py                                                  1           0  0.05s           2026-03-03T01:20:00
/home/airflow/.local/lib/python3.7/site-packages/airflow/example_dags/example_latest_only.py                                               1           0  0.05s           2026-03-03T01:20:00
/home/airflow/.local/lib/python3.7/site-packages/airflow/example_dags/tutorial_dag.py                                                      1           0  0.05s           2026-03-03T01:20:00
/home/airflow/.local/lib/python3.7/site-packages/airflow/example_dags/example_complex.py                                                   1           0  0.05s           2026-03-03T01:20:01
/home/airflow/.local/lib/python3.7/site-packages/airflow/example_dags/example_bash_operator.py                                             1           0  0.08s           2026-03-03T01:20:03
/home/airflow/.local/lib/python3.7/site-packages/airflow/example_dags/example_sensors.py                                                   1           0  0.05s           2026-03-03T01:20:03
/home/airflow/.local/lib/python3.7/site-packages/airflow/example_dags/example_time_delta_sensor_async.py                                   1           0  0.05s           2026-03-03T01:20:03
/home/airflow/.local/lib/python3.7/site-packages/airflow/example_dags/example_latest_only_with_trigger.py                                  1           0  0.05s           2026-03-03T01:20:03
/home/airflow/.local/lib/python3.7/site-packages/airflow/example_dags/example_trigger_controller_dag.py                                    1           0  0.04s           2026-03-03T01:20:03
/home/airflow/.local/lib/python3.7/site-packages/airflow/example_dags/example_short_circuit_operator.py                                    1           0  0.07s           2026-03-03T01:20:04
/home/airflow/.local/lib/python3.7/site-packages/airflow/example_dags/example_params_trigger_ui.py                                         1           0  0.09s           2026-03-03T01:20:04
/home/airflow/.local/lib/python3.7/site-packages/airflow/example_dags/example_dag_decorator.py                                             1           0  0.09s           2026-03-03T01:20:06
/home/airflow/.local/lib/python3.7/site-packages/airflow/example_dags/example_python_operator.py                                           1           0  0.06s           2026-03-03T01:20:05
/home/airflow/.local/lib/python3.7/site-packages/airflow/example_dags/example_trigger_target_dag.py                                        1           0  0.05s           2026-03-03T01:20:06
/home/airflow/.local/lib/python3.7/site-packages/airflow/example_dags/example_branch_operator.py                                           1           0  0.06s           2026-03-03T01:20:06
/home/airflow/.local/lib/python3.7/site-packages/airflow/example_dags/tutorial_taskflow_api.py                                             1           0  0.06s           2026-03-03T01:20:06
/home/airflow/.local/lib/python3.7/site-packages/airflow/example_dags/tutorial.py                                                          1           0  0.06s           2026-03-03T01:20:06
/home/airflow/.local/lib/python3.7/site-packages/airflow/example_dags/example_params_ui_tutorial.py                                        1           0  0.07s           2026-03-03T01:20:06
/home/airflow/.local/lib/python3.7/site-packages/airflow/example_dags/example_branch_python_dop_operator_3.py                              1           0  0.05s           2026-03-03T01:20:06
/home/airflow/.local/lib/python3.7/site-packages/airflow/example_dags/tutorial_taskflow_api_virtualenv.py                                  1           0  0.04s           2026-03-03T01:20:06
/home/airflow/.local/lib/python3.7/site-packages/airflow/example_dags/example_kubernetes_executor.py                                       1           0  0.20s           2026-03-03T01:20:12
/home/airflow/.local/lib/python3.7/site-packages/airflow/example_dags/example_nested_branch_dag.py                                         1           0  0.06s           2026-03-03T01:20:07
/home/airflow/.local/lib/python3.7/site-packages/airflow/example_dags/example_external_task_marker_dag.py                                  2           0  0.05s           2026-03-03T01:20:01
/home/airflow/.local/lib/python3.7/site-packages/airflow/example_dags/example_xcomargs.py                                                  2           0  0.07s           2026-03-03T01:20:03
/home/airflow/.local/lib/python3.7/site-packages/airflow/example_dags/example_branch_datetime_operator.py                                  3           0  0.06s           2026-03-03T01:20:04
/home/airflow/.local/lib/python3.7/site-packages/airflow/example_dags/example_subdag_operator.py                                           3           0  0.07s           2026-03-03T01:20:07
/home/airflow/.local/lib/python3.7/site-packages/airflow/example_dags/example_datasets.py                                                  6           0  0.08s           2026-03-03T01:19:58
================================================================================
[2026-03-03T01:20:56.357+0000] {manager.py:889} INFO - 
================================================================================
DAG File Processing Stats

File Path                                                                                                         PID    Runtime      # DAGs    # Errors  Last Runtime    Last Run
----------------------------------------------------------------------------------------------------------------  -----  ---------  --------  ----------  --------------  -------------------
/home/airflow/.local/lib/python3.7/site-packages/airflow/example_dags/example_setup_teardown_taskflow.py                                   0           0  0.02s           2026-03-03T01:20:27
/home/airflow/.local/lib/python3.7/site-packages/airflow/example_dags/example_setup_teardown.py                                            0           0  0.02s           2026-03-03T01:20:30
/home/airflow/.local/lib/python3.7/site-packages/airflow/example_dags/plugins/listener_plugin.py                                           0           0  0.02s           2026-03-03T01:20:38
/home/airflow/.local/lib/python3.7/site-packages/airflow/example_dags/plugins/event_listener.py                                            0           0  0.02s           2026-03-03T01:20:38
/home/airflow/.local/lib/python3.7/site-packages/airflow/example_dags/plugins/workday.py                                                   0           0  0.24s           2026-03-03T01:20:43
/home/airflow/.local/lib/python3.7/site-packages/airflow/example_dags/subdags/subdag.py                                                    0           0  0.02s           2026-03-03T01:20:43
/home/airflow/.local/lib/python3.7/site-packages/airflow/example_dags/example_sla_dag.py                                                   1           0  0.07s           2026-03-03T01:20:27
/home/airflow/.local/lib/python3.7/site-packages/airflow/example_dags/example_task_group_decorator.py                                      1           0  0.06s           2026-03-03T01:20:27
/home/airflow/.local/lib/python3.7/site-packages/airflow/example_dags/example_local_kubernetes_executor.py                                 1           0  0.17s           2026-03-03T01:20:30
/home/airflow/.local/lib/python3.7/site-packages/airflow/example_dags/example_branch_labels.py                                             1           0  0.06s           2026-03-03T01:20:27
/home/airflow/.local/lib/python3.7/site-packages/airflow/example_dags/example_dynamic_task_mapping.py                                      1           0  0.06s           2026-03-03T01:20:27
/home/airflow/.local/lib/python3.7/site-packages/airflow/example_dags/example_passing_params_via_test_command.py                           1           0  0.05s           2026-03-03T01:20:27
/home/airflow/.local/lib/python3.7/site-packages/airflow/example_dags/example_task_group.py                                                1           0  0.04s           2026-03-03T01:20:27
/home/airflow/.local/lib/python3.7/site-packages/airflow/example_dags/example_sensor_decorator.py                                          1           0  0.06s           2026-03-03T01:20:28
/home/airflow/.local/lib/python3.7/site-packages/airflow/example_dags/example_xcom.py                                                      1           0  0.06s           2026-03-03T01:20:30
/home/airflow/.local/lib/python3.7/site-packages/airflow/example_dags/example_branch_operator_decorator.py                                 1           0  0.06s           2026-03-03T01:20:30
/home/airflow/.local/lib/python3.7/site-packages/airflow/example_dags/example_short_circuit_decorator.py                                   1           0  0.07s           2026-03-03T01:20:31
/home/airflow/.local/lib/python3.7/site-packages/airflow/example_dags/example_branch_day_of_week_operator.py                               1           0  0.06s           2026-03-03T01:20:31
/home/airflow/.local/lib/python3.7/site-packages/airflow/example_dags/example_skip_dag.py                                                  1           0  0.05s           2026-03-03T01:20:31
/home/airflow/.local/lib/python3.7/site-packages/airflow/example_dags/example_latest_only.py                                               1           0  0.05s           2026-03-03T01:20:31
/home/airflow/.local/lib/python3.7/site-packages/airflow/example_dags/tutorial_dag.py                                                      1           0  0.05s           2026-03-03T01:20:31
/home/airflow/.local/lib/python3.7/site-packages/airflow/example_dags/example_complex.py                                                   1           0  0.05s           2026-03-03T01:20:32
/home/airflow/.local/lib/python3.7/site-packages/airflow/example_dags/example_bash_operator.py                                             1           0  0.08s           2026-03-03T01:20:34
/home/airflow/.local/lib/python3.7/site-packages/airflow/example_dags/example_sensors.py                                                   1           0  0.05s           2026-03-03T01:20:34
/home/airflow/.local/lib/python3.7/site-packages/airflow/example_dags/example_time_delta_sensor_async.py                                   1           0  0.05s           2026-03-03T01:20:34
/home/airflow/.local/lib/python3.7/site-packages/airflow/example_dags/example_latest_only_with_trigger.py                                  1           0  0.05s           2026-03-03T01:20:34
/home/airflow/.local/lib/python3.7/site-packages/airflow/example_dags/example_trigger_controller_dag.py                                    1           0  0.04s           2026-03-03T01:20:34
/home/airflow/.local/lib/python3.7/site-packages/airflow/example_dags/example_short_circuit_operator.py                                    1           0  0.08s           2026-03-03T01:20:35
/home/airflow/.local/lib/python3.7/site-packages/airflow/example_dags/example_params_trigger_ui.py                                         1           0  0.11s           2026-03-03T01:20:35
/home/airflow/.local/lib/python3.7/site-packages/airflow/example_dags/example_dag_decorator.py                                             1           0  0.09s           2026-03-03T01:20:36
/home/airflow/.local/lib/python3.7/site-packages/airflow/example_dags/example_python_operator.py                                           1           0  0.07s           2026-03-03T01:20:36
/home/airflow/.local/lib/python3.7/site-packages/airflow/example_dags/example_trigger_target_dag.py                                        1           0  0.05s           2026-03-03T01:20:36
/home/airflow/.local/lib/python3.7/site-packages/airflow/example_dags/example_branch_operator.py                                           1           0  0.06s           2026-03-03T01:20:36
/home/airflow/.local/lib/python3.7/site-packages/airflow/example_dags/tutorial_taskflow_api.py                                             1           0  0.06s           2026-03-03T01:20:36
/home/airflow/.local/lib/python3.7/site-packages/airflow/example_dags/tutorial.py                                                          1           0  0.05s           2026-03-03T01:20:36
/home/airflow/.local/lib/python3.7/site-packages/airflow/example_dags/example_params_ui_tutorial.py                                        1           0  0.08s           2026-03-03T01:20:36
/home/airflow/.local/lib/python3.7/site-packages/airflow/example_dags/example_branch_python_dop_operator_3.py                              1           0  0.04s           2026-03-03T01:20:36
/home/airflow/.local/lib/python3.7/site-packages/airflow/example_dags/tutorial_taskflow_api_virtualenv.py                                  1           0  0.05s           2026-03-03T01:20:36
/home/airflow/.local/lib/python3.7/site-packages/airflow/example_dags/example_kubernetes_executor.py                                       1           0  0.19s           2026-03-03T01:20:43
/home/airflow/.local/lib/python3.7/site-packages/airflow/example_dags/example_nested_branch_dag.py                                         1           0  0.06s           2026-03-03T01:20:37
/home/airflow/.local/lib/python3.7/site-packages/airflow/example_dags/example_external_task_marker_dag.py                                  2           0  0.05s           2026-03-03T01:20:32
/home/airflow/.local/lib/python3.7/site-packages/airflow/example_dags/example_xcomargs.py                                                  2           0  0.07s           2026-03-03T01:20:34
/home/airflow/.local/lib/python3.7/site-packages/airflow/example_dags/example_branch_datetime_operator.py                                  3           0  0.07s           2026-03-03T01:20:35
/home/airflow/.local/lib/python3.7/site-packages/airflow/example_dags/example_subdag_operator.py                                           3           0  0.07s           2026-03-03T01:20:37
/home/airflow/.local/lib/python3.7/site-packages/airflow/example_dags/example_datasets.py                                                  6           0  0.08s           2026-03-03T01:20:28
================================================================================
[2026-03-03T01:21:26.986+0000] {manager.py:889} INFO - 
================================================================================
DAG File Processing Stats

File Path                                                                                                         PID    Runtime      # DAGs    # Errors  Last Runtime    Last Run
----------------------------------------------------------------------------------------------------------------  -----  ---------  --------  ----------  --------------  -------------------
/home/airflow/.local/lib/python3.7/site-packages/airflow/example_dags/example_setup_teardown_taskflow.py                                   0           0  0.02s           2026-03-03T01:20:58
/home/airflow/.local/lib/python3.7/site-packages/airflow/example_dags/example_setup_teardown.py                                            0           0  0.02s           2026-03-03T01:21:00
/home/airflow/.local/lib/python3.7/site-packages/airflow/example_dags/plugins/listener_plugin.py                                           0           0  0.02s           2026-03-03T01:21:08
/home/airflow/.local/lib/python3.7/site-packages/airflow/example_dags/plugins/event_listener.py                                            0           0  0.02s           2026-03-03T01:21:08
/home/airflow/.local/lib/python3.7/site-packages/airflow/example_dags/plugins/workday.py                                                   0           0  0.25s           2026-03-03T01:21:13
/home/airflow/.local/lib/python3.7/site-packages/airflow/example_dags/subdags/subdag.py                                                    0           0  0.03s           2026-03-03T01:21:13
/home/airflow/.local/lib/python3.7/site-packages/airflow/example_dags/example_sla_dag.py                                                   1           0  0.07s           2026-03-03T01:20:58
/home/airflow/.local/lib/python3.7/site-packages/airflow/example_dags/example_task_group_decorator.py                                      1           0  0.06s           2026-03-03T01:20:58
/home/airflow/.local/lib/python3.7/site-packages/airflow/example_dags/example_local_kubernetes_executor.py                                 1           0  0.16s           2026-03-03T01:21:00
/home/airflow/.local/lib/python3.7/site-packages/airflow/example_dags/example_branch_labels.py                                             1           0  0.05s           2026-03-03T01:20:58
/home/airflow/.local/lib/python3.7/site-packages/airflow/example_dags/example_dynamic_task_mapping.py                                      1           0  0.05s           2026-03-03T01:20:58
/home/airflow/.local/lib/python3.7/site-packages/airflow/example_dags/example_passing_params_via_test_command.py                           1           0  0.05s           2026-03-03T01:20:58
/home/airflow/.local/lib/python3.7/site-packages/airflow/example_dags/example_task_group.py                                                1           0  0.05s           2026-03-03T01:20:58
/home/airflow/.local/lib/python3.7/site-packages/airflow/example_dags/example_sensor_decorator.py                                          1           0  0.06s           2026-03-03T01:20:59
/home/airflow/.local/lib/python3.7/site-packages/airflow/example_dags/example_xcom.py                                                      1           0  0.05s           2026-03-03T01:21:00
/home/airflow/.local/lib/python3.7/site-packages/airflow/example_dags/example_branch_operator_decorator.py                                 1           0  0.06s           2026-03-03T01:21:00
/home/airflow/.local/lib/python3.7/site-packages/airflow/example_dags/example_short_circuit_decorator.py                                   1           0  0.07s           2026-03-03T01:21:01
/home/airflow/.local/lib/python3.7/site-packages/airflow/example_dags/example_branch_day_of_week_operator.py                               1           0  0.06s           2026-03-03T01:21:01
/home/airflow/.local/lib/python3.7/site-packages/airflow/example_dags/example_skip_dag.py                                                  1           0  0.05s           2026-03-03T01:21:01
/home/airflow/.local/lib/python3.7/site-packages/airflow/example_dags/example_latest_only.py                                               1           0  0.05s           2026-03-03T01:21:01
/home/airflow/.local/lib/python3.7/site-packages/airflow/example_dags/tutorial_dag.py                                                      1           0  0.05s           2026-03-03T01:21:01
/home/airflow/.local/lib/python3.7/site-packages/airflow/example_dags/example_complex.py                                                   1           0  0.07s           2026-03-03T01:21:02
/home/airflow/.local/lib/python3.7/site-packages/airflow/example_dags/example_bash_operator.py                                             1           0  0.07s           2026-03-03T01:21:05
/home/airflow/.local/lib/python3.7/site-packages/airflow/example_dags/example_sensors.py                                                   1           0  0.05s           2026-03-03T01:21:05
/home/airflow/.local/lib/python3.7/site-packages/airflow/example_dags/example_time_delta_sensor_async.py                                   1           0  0.05s           2026-03-03T01:21:05
/home/airflow/.local/lib/python3.7/site-packages/airflow/example_dags/example_latest_only_with_trigger.py                                  1           0  0.05s           2026-03-03T01:21:05
/home/airflow/.local/lib/python3.7/site-packages/airflow/example_dags/example_trigger_controller_dag.py                                    1           0  0.05s           2026-03-03T01:21:05
/home/airflow/.local/lib/python3.7/site-packages/airflow/example_dags/example_short_circuit_operator.py                                    1           0  0.07s           2026-03-03T01:21:06
/home/airflow/.local/lib/python3.7/site-packages/airflow/example_dags/example_params_trigger_ui.py                                         1           0  0.09s           2026-03-03T01:21:06
/home/airflow/.local/lib/python3.7/site-packages/airflow/example_dags/example_dag_decorator.py                                             1           0  0.12s           2026-03-03T01:21:07
/home/airflow/.local/lib/python3.7/site-packages/airflow/example_dags/example_python_operator.py                                           1           0  0.06s           2026-03-03T01:21:07
/home/airflow/.local/lib/python3.7/site-packages/airflow/example_dags/example_trigger_target_dag.py                                        1           0  0.09s           2026-03-03T01:21:07
/home/airflow/.local/lib/python3.7/site-packages/airflow/example_dags/example_branch_operator.py                                           1           0  0.06s           2026-03-03T01:21:07
/home/airflow/.local/lib/python3.7/site-packages/airflow/example_dags/tutorial_taskflow_api.py                                             1           0  0.06s           2026-03-03T01:21:07
/home/airflow/.local/lib/python3.7/site-packages/airflow/example_dags/tutorial.py                                                          1           0  0.05s           2026-03-03T01:21:07
/home/airflow/.local/lib/python3.7/site-packages/airflow/example_dags/example_params_ui_tutorial.py                                        1           0  0.08s           2026-03-03T01:21:07
/home/airflow/.local/lib/python3.7/site-packages/airflow/example_dags/example_branch_python_dop_operator_3.py                              1           0  0.05s           2026-03-03T01:21:07
/home/airflow/.local/lib/python3.7/site-packages/airflow/example_dags/tutorial_taskflow_api_virtualenv.py                                  1           0  0.04s           2026-03-03T01:21:07
/home/airflow/.local/lib/python3.7/site-packages/airflow/example_dags/example_kubernetes_executor.py                                       1           0  0.18s           2026-03-03T01:21:13
/home/airflow/.local/lib/python3.7/site-packages/airflow/example_dags/example_nested_branch_dag.py                                         1           0  0.07s           2026-03-03T01:21:08
/home/airflow/.local/lib/python3.7/site-packages/airflow/example_dags/example_external_task_marker_dag.py                                  2           0  0.06s           2026-03-03T01:21:02
/home/airflow/.local/lib/python3.7/site-packages/airflow/example_dags/example_xcomargs.py                                                  2           0  0.07s           2026-03-03T01:21:05
/home/airflow/.local/lib/python3.7/site-packages/airflow/example_dags/example_branch_datetime_operator.py                                  3           0  0.08s           2026-03-03T01:21:06
/home/airflow/.local/lib/python3.7/site-packages/airflow/example_dags/example_subdag_operator.py                                           3           0  0.08s           2026-03-03T01:21:08
/home/airflow/.local/lib/python3.7/site-packages/airflow/example_dags/example_datasets.py                                                  6           0  0.08s           2026-03-03T01:20:59
================================================================================
[2026-03-03T01:21:57.571+0000] {manager.py:889} INFO - 
================================================================================
DAG File Processing Stats

File Path                                                                                                         PID    Runtime      # DAGs    # Errors  Last Runtime    Last Run
----------------------------------------------------------------------------------------------------------------  -----  ---------  --------  ----------  --------------  -------------------
/home/airflow/.local/lib/python3.7/site-packages/airflow/example_dags/example_setup_teardown_taskflow.py                                   0           0  0.02s           2026-03-03T01:21:29
/home/airflow/.local/lib/python3.7/site-packages/airflow/example_dags/example_setup_teardown.py                                            0           0  0.02s           2026-03-03T01:21:31
/home/airflow/.local/lib/python3.7/site-packages/airflow/example_dags/plugins/listener_plugin.py                                           0           0  0.10s           2026-03-03T01:21:40
/home/airflow/.local/lib/python3.7/site-packages/airflow/example_dags/plugins/event_listener.py                                            0           0  0.10s           2026-03-03T01:21:40
/home/airflow/.local/lib/python3.7/site-packages/airflow/example_dags/plugins/workday.py                                                   0           0  1.82s           2026-03-03T01:21:46
/home/airflow/.local/lib/python3.7/site-packages/airflow/example_dags/subdags/subdag.py                                                    0           0  0.24s           2026-03-03T01:21:46
/home/airflow/.local/lib/python3.7/site-packages/airflow/example_dags/example_sla_dag.py                                                   1           0  0.07s           2026-03-03T01:21:29
/home/airflow/.local/lib/python3.7/site-packages/airflow/example_dags/example_task_group_decorator.py                                      1           0  0.06s           2026-03-03T01:21:29
/home/airflow/.local/lib/python3.7/site-packages/airflow/example_dags/example_local_kubernetes_executor.py                                 1           0  0.17s           2026-03-03T01:21:31
/home/airflow/.local/lib/python3.7/site-packages/airflow/example_dags/example_branch_labels.py                                             1           0  0.05s           2026-03-03T01:21:29
/home/airflow/.local/lib/python3.7/site-packages/airflow/example_dags/example_dynamic_task_mapping.py                                      1           0  0.05s           2026-03-03T01:21:29
/home/airflow/.local/lib/python3.7/site-packages/airflow/example_dags/example_passing_params_via_test_command.py                           1           0  0.05s           2026-03-03T01:21:29
/home/airflow/.local/lib/python3.7/site-packages/airflow/example_dags/example_task_group.py                                                1           0  0.05s           2026-03-03T01:21:29
/home/airflow/.local/lib/python3.7/site-packages/airflow/example_dags/example_sensor_decorator.py                                          1           0  0.06s           2026-03-03T01:21:30
/home/airflow/.local/lib/python3.7/site-packages/airflow/example_dags/example_xcom.py                                                      1           0  0.06s           2026-03-03T01:21:31
/home/airflow/.local/lib/python3.7/site-packages/airflow/example_dags/example_branch_operator_decorator.py                                 1           0  0.05s           2026-03-03T01:21:31
/home/airflow/.local/lib/python3.7/site-packages/airflow/example_dags/example_short_circuit_decorator.py                                   1           0  0.08s           2026-03-03T01:21:32
/home/airflow/.local/lib/python3.7/site-packages/airflow/example_dags/example_branch_day_of_week_operator.py                               1           0  0.07s           2026-03-03T01:21:32
/home/airflow/.local/lib/python3.7/site-packages/airflow/example_dags/example_skip_dag.py                                                  1           0  0.05s           2026-03-03T01:21:32
/home/airflow/.local/lib/python3.7/site-packages/airflow/example_dags/example_latest_only.py                                               1           0  0.06s           2026-03-03T01:21:32
/home/airflow/.local/lib/python3.7/site-packages/airflow/example_dags/tutorial_dag.py                                                      1           0  0.05s           2026-03-03T01:21:32
/home/airflow/.local/lib/python3.7/site-packages/airflow/example_dags/example_complex.py                                                   1           0  0.08s           2026-03-03T01:21:33
/home/airflow/.local/lib/python3.7/site-packages/airflow/example_dags/example_bash_operator.py                                             1           0  0.08s           2026-03-03T01:21:35
/home/airflow/.local/lib/python3.7/site-packages/airflow/example_dags/example_sensors.py                                                   1           0  0.05s           2026-03-03T01:21:35
/home/airflow/.local/lib/python3.7/site-packages/airflow/example_dags/example_time_delta_sensor_async.py                                   1           0  0.06s           2026-03-03T01:21:35
/home/airflow/.local/lib/python3.7/site-packages/airflow/example_dags/example_latest_only_with_trigger.py                                  1           0  0.07s           2026-03-03T01:21:35
/home/airflow/.local/lib/python3.7/site-packages/airflow/example_dags/example_trigger_controller_dag.py                                    1           0  0.06s           2026-03-03T01:21:35
/home/airflow/.local/lib/python3.7/site-packages/airflow/example_dags/example_short_circuit_operator.py                                    1           0  0.06s           2026-03-03T01:21:36
/home/airflow/.local/lib/python3.7/site-packages/airflow/example_dags/example_params_trigger_ui.py                                         1           0  0.09s           2026-03-03T01:21:36
/home/airflow/.local/lib/python3.7/site-packages/airflow/example_dags/example_dag_decorator.py                                             1           0  4.86s           2026-03-03T01:21:42
/home/airflow/.local/lib/python3.7/site-packages/airflow/example_dags/example_python_operator.py                                           1           0  0.06s           2026-03-03T01:21:38
/home/airflow/.local/lib/python3.7/site-packages/airflow/example_dags/example_trigger_target_dag.py                                        1           0  0.06s           2026-03-03T01:21:38
/home/airflow/.local/lib/python3.7/site-packages/airflow/example_dags/example_branch_operator.py                                           1           0  0.09s           2026-03-03T01:21:38
/home/airflow/.local/lib/python3.7/site-packages/airflow/example_dags/tutorial_taskflow_api.py                                             1           0  0.21s           2026-03-03T01:21:38
/home/airflow/.local/lib/python3.7/site-packages/airflow/example_dags/tutorial.py                                                          1           0  0.29s           2026-03-03T01:21:38
/home/airflow/.local/lib/python3.7/site-packages/airflow/example_dags/example_params_ui_tutorial.py                                        1           0  0.46s           2026-03-03T01:21:39
/home/airflow/.local/lib/python3.7/site-packages/airflow/example_dags/example_branch_python_dop_operator_3.py                              1           0  0.31s           2026-03-03T01:21:39
/home/airflow/.local/lib/python3.7/site-packages/airflow/example_dags/tutorial_taskflow_api_virtualenv.py                                  1           0  0.31s           2026-03-03T01:21:39
/home/airflow/.local/lib/python3.7/site-packages/airflow/example_dags/example_kubernetes_executor.py                                       1           0  1.61s           2026-03-03T01:21:46
/home/airflow/.local/lib/python3.7/site-packages/airflow/example_dags/example_nested_branch_dag.py                                         1           0  0.29s           2026-03-03T01:21:40
/home/airflow/.local/lib/python3.7/site-packages/airflow/example_dags/example_external_task_marker_dag.py                                  2           0  0.08s           2026-03-03T01:21:33
/home/airflow/.local/lib/python3.7/site-packages/airflow/example_dags/example_xcomargs.py                                                  2           0  0.07s           2026-03-03T01:21:35
/home/airflow/.local/lib/python3.7/site-packages/airflow/example_dags/example_branch_datetime_operator.py                                  3           0  0.07s           2026-03-03T01:21:36
/home/airflow/.local/lib/python3.7/site-packages/airflow/example_dags/example_subdag_operator.py                                           3           0  0.40s           2026-03-03T01:21:40
/home/airflow/.local/lib/python3.7/site-packages/airflow/example_dags/example_datasets.py                                                  6           0  0.09s           2026-03-03T01:21:30
================================================================================
[2026-03-03T01:22:10.191+0000] {manager.py:758} INFO - Searching for files in /opt/airflow/dags
[2026-03-03T01:22:10.226+0000] {manager.py:761} INFO - There are 45 files in /opt/airflow/dags
[2026-03-03T01:22:27.732+0000] {manager.py:889} INFO - 
================================================================================
DAG File Processing Stats

File Path                                                                                                         PID    Runtime      # DAGs    # Errors  Last Runtime    Last Run
----------------------------------------------------------------------------------------------------------------  -----  ---------  --------  ----------  --------------  -------------------
/home/airflow/.local/lib/python3.7/site-packages/airflow/example_dags/example_setup_teardown_taskflow.py                                   0           0  0.07s           2026-03-03T01:21:59
/home/airflow/.local/lib/python3.7/site-packages/airflow/example_dags/example_setup_teardown.py                                            0           0  0.08s           2026-03-03T01:22:02
/home/airflow/.local/lib/python3.7/site-packages/airflow/example_dags/plugins/listener_plugin.py                                           0           0  0.07s           2026-03-03T01:22:11
/home/airflow/.local/lib/python3.7/site-packages/airflow/example_dags/plugins/event_listener.py                                            0           0  0.07s           2026-03-03T01:22:11
/home/airflow/.local/lib/python3.7/site-packages/airflow/example_dags/plugins/workday.py                                                   0           0  0.83s           2026-03-03T01:22:17
/home/airflow/.local/lib/python3.7/site-packages/airflow/example_dags/subdags/subdag.py                                                    0           0  0.07s           2026-03-03T01:22:17
/home/airflow/.local/lib/python3.7/site-packages/airflow/example_dags/example_sla_dag.py                                                   1           0  0.24s           2026-03-03T01:21:59
/home/airflow/.local/lib/python3.7/site-packages/airflow/example_dags/example_task_group_decorator.py                                      1           0  0.25s           2026-03-03T01:21:59
/home/airflow/.local/lib/python3.7/site-packages/airflow/example_dags/example_local_kubernetes_executor.py                                 1           0  0.69s           2026-03-03T01:22:02
/home/airflow/.local/lib/python3.7/site-packages/airflow/example_dags/example_branch_labels.py                                             1           0  0.24s           2026-03-03T01:22:00
/home/airflow/.local/lib/python3.7/site-packages/airflow/example_dags/example_dynamic_task_mapping.py                                      1           0  0.22s           2026-03-03T01:22:00
/home/airflow/.local/lib/python3.7/site-packages/airflow/example_dags/example_passing_params_via_test_command.py                           1           0  0.25s           2026-03-03T01:22:00
/home/airflow/.local/lib/python3.7/site-packages/airflow/example_dags/example_task_group.py                                                1           0  0.23s           2026-03-03T01:22:00
/home/airflow/.local/lib/python3.7/site-packages/airflow/example_dags/example_sensor_decorator.py                                          1           0  0.22s           2026-03-03T01:22:00
/home/airflow/.local/lib/python3.7/site-packages/airflow/example_dags/example_xcom.py                                                      1           0  0.23s           2026-03-03T01:22:02
/home/airflow/.local/lib/python3.7/site-packages/airflow/example_dags/example_branch_operator_decorator.py                                 1           0  0.25s           2026-03-03T01:22:02
/home/airflow/.local/lib/python3.7/site-packages/airflow/example_dags/example_short_circuit_decorator.py                                   1           0  0.24s           2026-03-03T01:22:02
/home/airflow/.local/lib/python3.7/site-packages/airflow/example_dags/example_branch_day_of_week_operator.py                               1           0  0.25s           2026-03-03T01:22:02
/home/airflow/.local/lib/python3.7/site-packages/airflow/example_dags/example_skip_dag.py                                                  1           0  0.21s           2026-03-03T01:22:02
/home/airflow/.local/lib/python3.7/site-packages/airflow/example_dags/example_latest_only.py                                               1           0  0.22s           2026-03-03T01:22:03
/home/airflow/.local/lib/python3.7/site-packages/airflow/example_dags/tutorial_dag.py                                                      1           0  0.22s           2026-03-03T01:22:03
/home/airflow/.local/lib/python3.7/site-packages/airflow/example_dags/example_complex.py                                                   1           0  0.26s           2026-03-03T01:22:04
/home/airflow/.local/lib/python3.7/site-packages/airflow/example_dags/example_bash_operator.py                                             1           0  0.30s           2026-03-03T01:22:06
/home/airflow/.local/lib/python3.7/site-packages/airflow/example_dags/example_sensors.py                                                   1           0  0.27s           2026-03-03T01:22:06
/home/airflow/.local/lib/python3.7/site-packages/airflow/example_dags/example_time_delta_sensor_async.py                                   1           0  0.24s           2026-03-03T01:22:06
/home/airflow/.local/lib/python3.7/site-packages/airflow/example_dags/example_latest_only_with_trigger.py                                  1           0  0.26s           2026-03-03T01:22:07
/home/airflow/.local/lib/python3.7/site-packages/airflow/example_dags/example_trigger_controller_dag.py                                    1           0  0.25s           2026-03-03T01:22:07
/home/airflow/.local/lib/python3.7/site-packages/airflow/example_dags/example_short_circuit_operator.py                                    1           0  0.27s           2026-03-03T01:22:07
/home/airflow/.local/lib/python3.7/site-packages/airflow/example_dags/example_params_trigger_ui.py                                         1           0  0.45s           2026-03-03T01:22:07
/home/airflow/.local/lib/python3.7/site-packages/airflow/example_dags/example_dag_decorator.py                                             1           0  0.36s           2026-03-03T01:22:13
/home/airflow/.local/lib/python3.7/site-packages/airflow/example_dags/example_python_operator.py                                           1           0  0.24s           2026-03-03T01:22:08
/home/airflow/.local/lib/python3.7/site-packages/airflow/example_dags/example_trigger_target_dag.py                                        1           0  0.25s           2026-03-03T01:22:08
/home/airflow/.local/lib/python3.7/site-packages/airflow/example_dags/example_branch_operator.py                                           1           0  0.26s           2026-03-03T01:22:09
/home/airflow/.local/lib/python3.7/site-packages/airflow/example_dags/tutorial_taskflow_api.py                                             1           0  0.26s           2026-03-03T01:22:09
/home/airflow/.local/lib/python3.7/site-packages/airflow/example_dags/tutorial.py                                                          1           0  0.23s           2026-03-03T01:22:09
/home/airflow/.local/lib/python3.7/site-packages/airflow/example_dags/example_params_ui_tutorial.py                                        1           0  0.48s           2026-03-03T01:22:09
/home/airflow/.local/lib/python3.7/site-packages/airflow/example_dags/example_branch_python_dop_operator_3.py                              1           0  0.36s           2026-03-03T01:22:10
/home/airflow/.local/lib/python3.7/site-packages/airflow/example_dags/tutorial_taskflow_api_virtualenv.py                                  1           0  0.27s           2026-03-03T01:22:10
/home/airflow/.local/lib/python3.7/site-packages/airflow/example_dags/example_kubernetes_executor.py                                       1           0  0.70s           2026-03-03T01:22:17
/home/airflow/.local/lib/python3.7/site-packages/airflow/example_dags/example_nested_branch_dag.py                                         1           0  0.28s           2026-03-03T01:22:11
/home/airflow/.local/lib/python3.7/site-packages/airflow/example_dags/example_external_task_marker_dag.py                                  2           0  0.23s           2026-03-03T01:22:04
/home/airflow/.local/lib/python3.7/site-packages/airflow/example_dags/example_xcomargs.py                                                  2           0  0.26s           2026-03-03T01:22:06
/home/airflow/.local/lib/python3.7/site-packages/airflow/example_dags/example_branch_datetime_operator.py                                  3           0  0.32s           2026-03-03T01:22:07
/home/airflow/.local/lib/python3.7/site-packages/airflow/example_dags/example_subdag_operator.py                                           3           0  0.33s           2026-03-03T01:22:11
/home/airflow/.local/lib/python3.7/site-packages/airflow/example_dags/example_datasets.py                                                  6           0  0.31s           2026-03-03T01:22:00
================================================================================
[2026-03-03T01:22:58.397+0000] {manager.py:889} INFO - 
================================================================================
DAG File Processing Stats

File Path                                                                                                         PID    Runtime      # DAGs    # Errors  Last Runtime    Last Run
----------------------------------------------------------------------------------------------------------------  -----  ---------  --------  ----------  --------------  -------------------
/home/airflow/.local/lib/python3.7/site-packages/airflow/example_dags/example_setup_teardown_taskflow.py                                   0           0  0.10s           2026-03-03T01:22:30
/home/airflow/.local/lib/python3.7/site-packages/airflow/example_dags/example_setup_teardown.py                                            0           0  0.09s           2026-03-03T01:22:32
/home/airflow/.local/lib/python3.7/site-packages/airflow/example_dags/plugins/listener_plugin.py                                           0           0  0.12s           2026-03-03T01:22:42
/home/airflow/.local/lib/python3.7/site-packages/airflow/example_dags/plugins/event_listener.py                                            0           0  0.09s           2026-03-03T01:22:42
/home/airflow/.local/lib/python3.7/site-packages/airflow/example_dags/plugins/workday.py                                                   0           0  0.23s           2026-03-03T01:22:48
/home/airflow/.local/lib/python3.7/site-packages/airflow/example_dags/subdags/subdag.py                                                    0           0  0.02s           2026-03-03T01:22:48
/home/airflow/.local/lib/python3.7/site-packages/airflow/example_dags/example_sla_dag.py                                                   1           0  0.30s           2026-03-03T01:22:30
/home/airflow/.local/lib/python3.7/site-packages/airflow/example_dags/example_task_group_decorator.py                                      1           0  0.34s           2026-03-03T01:22:30
/home/airflow/.local/lib/python3.7/site-packages/airflow/example_dags/example_local_kubernetes_executor.py                                 1           0  0.82s           2026-03-03T01:22:33
/home/airflow/.local/lib/python3.7/site-packages/airflow/example_dags/example_branch_labels.py                                             1           0  0.29s           2026-03-03T01:22:30
/home/airflow/.local/lib/python3.7/site-packages/airflow/example_dags/example_dynamic_task_mapping.py                                      1           0  0.28s           2026-03-03T01:22:30
/home/airflow/.local/lib/python3.7/site-packages/airflow/example_dags/example_passing_params_via_test_command.py                           1           0  0.32s           2026-03-03T01:22:30
/home/airflow/.local/lib/python3.7/site-packages/airflow/example_dags/example_task_group.py                                                1           0  0.29s           2026-03-03T01:22:31
/home/airflow/.local/lib/python3.7/site-packages/airflow/example_dags/example_sensor_decorator.py                                          1           0  0.29s           2026-03-03T01:22:31
/home/airflow/.local/lib/python3.7/site-packages/airflow/example_dags/example_xcom.py                                                      1           0  0.28s           2026-03-03T01:22:32
/home/airflow/.local/lib/python3.7/site-packages/airflow/example_dags/example_branch_operator_decorator.py                                 1           0  0.30s           2026-03-03T01:22:32
/home/airflow/.local/lib/python3.7/site-packages/airflow/example_dags/example_short_circuit_decorator.py                                   1           0  0.30s           2026-03-03T01:22:33
/home/airflow/.local/lib/python3.7/site-packages/airflow/example_dags/example_branch_day_of_week_operator.py                               1           0  0.29s           2026-03-03T01:22:33
/home/airflow/.local/lib/python3.7/site-packages/airflow/example_dags/example_skip_dag.py                                                  1           0  0.31s           2026-03-03T01:22:33
/home/airflow/.local/lib/python3.7/site-packages/airflow/example_dags/example_latest_only.py                                               1           0  0.29s           2026-03-03T01:22:33
/home/airflow/.local/lib/python3.7/site-packages/airflow/example_dags/tutorial_dag.py                                                      1           0  0.25s           2026-03-03T01:22:33
/home/airflow/.local/lib/python3.7/site-packages/airflow/example_dags/example_complex.py                                                   1           0  0.35s           2026-03-03T01:22:35
/home/airflow/.local/lib/python3.7/site-packages/airflow/example_dags/example_bash_operator.py                                             1           0  0.35s           2026-03-03T01:22:37
/home/airflow/.local/lib/python3.7/site-packages/airflow/example_dags/example_sensors.py                                                   1           0  0.34s           2026-03-03T01:22:37
/home/airflow/.local/lib/python3.7/site-packages/airflow/example_dags/example_time_delta_sensor_async.py                                   1           0  0.33s           2026-03-03T01:22:37
/home/airflow/.local/lib/python3.7/site-packages/airflow/example_dags/example_latest_only_with_trigger.py                                  1           0  0.35s           2026-03-03T01:22:38
/home/airflow/.local/lib/python3.7/site-packages/airflow/example_dags/example_trigger_controller_dag.py                                    1           0  0.26s           2026-03-03T01:22:38
/home/airflow/.local/lib/python3.7/site-packages/airflow/example_dags/example_short_circuit_operator.py                                    1           0  0.29s           2026-03-03T01:22:38
/home/airflow/.local/lib/python3.7/site-packages/airflow/example_dags/example_params_trigger_ui.py                                         1           0  0.47s           2026-03-03T01:22:39
/home/airflow/.local/lib/python3.7/site-packages/airflow/example_dags/example_dag_decorator.py                                             1           0  0.11s           2026-03-03T01:22:44
/home/airflow/.local/lib/python3.7/site-packages/airflow/example_dags/example_python_operator.py                                           1           0  0.46s           2026-03-03T01:22:39
/home/airflow/.local/lib/python3.7/site-packages/airflow/example_dags/example_trigger_target_dag.py                                        1           0  0.27s           2026-03-03T01:22:39
/home/airflow/.local/lib/python3.7/site-packages/airflow/example_dags/example_branch_operator.py                                           1           0  0.26s           2026-03-03T01:22:39
/home/airflow/.local/lib/python3.7/site-packages/airflow/example_dags/tutorial_taskflow_api.py                                             1           0  0.28s           2026-03-03T01:22:40
/home/airflow/.local/lib/python3.7/site-packages/airflow/example_dags/tutorial.py                                                          1           0  0.29s           2026-03-03T01:22:40
/home/airflow/.local/lib/python3.7/site-packages/airflow/example_dags/example_params_ui_tutorial.py                                        1           0  0.44s           2026-03-03T01:22:40
/home/airflow/.local/lib/python3.7/site-packages/airflow/example_dags/example_branch_python_dop_operator_3.py                              1           0  0.32s           2026-03-03T01:22:40
/home/airflow/.local/lib/python3.7/site-packages/airflow/example_dags/tutorial_taskflow_api_virtualenv.py                                  1           0  0.31s           2026-03-03T01:22:40
/home/airflow/.local/lib/python3.7/site-packages/airflow/example_dags/example_kubernetes_executor.py                                       1           0  0.18s           2026-03-03T01:22:48
/home/airflow/.local/lib/python3.7/site-packages/airflow/example_dags/example_nested_branch_dag.py                                         1           0  0.35s           2026-03-03T01:22:41
/home/airflow/.local/lib/python3.7/site-packages/airflow/example_dags/example_external_task_marker_dag.py                                  2           0  0.31s           2026-03-03T01:22:35
/home/airflow/.local/lib/python3.7/site-packages/airflow/example_dags/example_xcomargs.py                                                  2           0  0.32s           2026-03-03T01:22:37
/home/airflow/.local/lib/python3.7/site-packages/airflow/example_dags/example_branch_datetime_operator.py                                  3           0  0.34s           2026-03-03T01:22:39
/home/airflow/.local/lib/python3.7/site-packages/airflow/example_dags/example_subdag_operator.py                                           3           0  0.42s           2026-03-03T01:22:41
/home/airflow/.local/lib/python3.7/site-packages/airflow/example_dags/example_datasets.py                                                  6           0  0.56s           2026-03-03T01:22:31
================================================================================
[2026-03-03T01:23:28.957+0000] {manager.py:889} INFO - 
================================================================================
DAG File Processing Stats

File Path                                                                                                         PID    Runtime      # DAGs    # Errors  Last Runtime    Last Run
----------------------------------------------------------------------------------------------------------------  -----  ---------  --------  ----------  --------------  -------------------
/home/airflow/.local/lib/python3.7/site-packages/airflow/example_dags/example_setup_teardown_taskflow.py                                   0           0  0.02s           2026-03-03T01:23:00
/home/airflow/.local/lib/python3.7/site-packages/airflow/example_dags/example_setup_teardown.py                                            0           0  0.02s           2026-03-03T01:23:02
/home/airflow/.local/lib/python3.7/site-packages/airflow/example_dags/plugins/listener_plugin.py                                           0           0  0.08s           2026-03-03T01:23:12
/home/airflow/.local/lib/python3.7/site-packages/airflow/example_dags/plugins/event_listener.py                                            0           0  0.08s           2026-03-03T01:23:12
/home/airflow/.local/lib/python3.7/site-packages/airflow/example_dags/plugins/workday.py                                                   0           0  1.22s           2026-03-03T01:23:19
/home/airflow/.local/lib/python3.7/site-packages/airflow/example_dags/subdags/subdag.py                                                    0           0  0.09s           2026-03-03T01:23:19
/home/airflow/.local/lib/python3.7/site-packages/airflow/example_dags/example_sla_dag.py                                                   1           0  0.11s           2026-03-03T01:23:00
/home/airflow/.local/lib/python3.7/site-packages/airflow/example_dags/example_task_group_decorator.py                                      1           0  0.09s           2026-03-03T01:23:00
/home/airflow/.local/lib/python3.7/site-packages/airflow/example_dags/example_local_kubernetes_executor.py                                 1           0  1.31s           2026-03-03T01:23:05
/home/airflow/.local/lib/python3.7/site-packages/airflow/example_dags/example_branch_labels.py                                             1           0  0.07s           2026-03-03T01:23:01
/home/airflow/.local/lib/python3.7/site-packages/airflow/example_dags/example_dynamic_task_mapping.py                                      1           0  0.07s           2026-03-03T01:23:01
/home/airflow/.local/lib/python3.7/site-packages/airflow/example_dags/example_passing_params_via_test_command.py                           1           0  0.05s           2026-03-03T01:23:01
/home/airflow/.local/lib/python3.7/site-packages/airflow/example_dags/example_task_group.py                                                1           0  0.06s           2026-03-03T01:23:01
/home/airflow/.local/lib/python3.7/site-packages/airflow/example_dags/example_sensor_decorator.py                                          1           0  0.06s           2026-03-03T01:23:01
/home/airflow/.local/lib/python3.7/site-packages/airflow/example_dags/example_xcom.py                                                      1           0  0.07s           2026-03-03T01:23:02
/home/airflow/.local/lib/python3.7/site-packages/airflow/example_dags/example_branch_operator_decorator.py                                 1           0  0.08s           2026-03-03T01:23:02
/home/airflow/.local/lib/python3.7/site-packages/airflow/example_dags/example_short_circuit_decorator.py                                   1           0  0.30s           2026-03-03T01:23:04
/home/airflow/.local/lib/python3.7/site-packages/airflow/example_dags/example_branch_day_of_week_operator.py                               1           0  0.31s           2026-03-03T01:23:04
/home/airflow/.local/lib/python3.7/site-packages/airflow/example_dags/example_skip_dag.py                                                  1           0  0.34s           2026-03-03T01:23:04
/home/airflow/.local/lib/python3.7/site-packages/airflow/example_dags/example_latest_only.py                                               1           0  0.30s           2026-03-03T01:23:05
/home/airflow/.local/lib/python3.7/site-packages/airflow/example_dags/tutorial_dag.py                                                      1           0  0.25s           2026-03-03T01:23:05
/home/airflow/.local/lib/python3.7/site-packages/airflow/example_dags/example_complex.py                                                   1           0  0.30s           2026-03-03T01:23:06
/home/airflow/.local/lib/python3.7/site-packages/airflow/example_dags/example_bash_operator.py                                             1           0  0.37s           2026-03-03T01:23:08
/home/airflow/.local/lib/python3.7/site-packages/airflow/example_dags/example_sensors.py                                                   1           0  0.39s           2026-03-03T01:23:08
/home/airflow/.local/lib/python3.7/site-packages/airflow/example_dags/example_time_delta_sensor_async.py                                   1           0  0.32s           2026-03-03T01:23:08
/home/airflow/.local/lib/python3.7/site-packages/airflow/example_dags/example_latest_only_with_trigger.py                                  1           0  0.25s           2026-03-03T01:23:08
/home/airflow/.local/lib/python3.7/site-packages/airflow/example_dags/example_trigger_controller_dag.py                                    1           0  0.24s           2026-03-03T01:23:09
/home/airflow/.local/lib/python3.7/site-packages/airflow/example_dags/example_short_circuit_operator.py                                    1           0  0.28s           2026-03-03T01:23:09
/home/airflow/.local/lib/python3.7/site-packages/airflow/example_dags/example_params_trigger_ui.py                                         1           0  0.45s           2026-03-03T01:23:09
/home/airflow/.local/lib/python3.7/site-packages/airflow/example_dags/example_dag_decorator.py                                             1           0  0.39s           2026-03-03T01:23:14
/home/airflow/.local/lib/python3.7/site-packages/airflow/example_dags/example_python_operator.py                                           1           0  0.41s           2026-03-03T01:23:09
/home/airflow/.local/lib/python3.7/site-packages/airflow/example_dags/example_trigger_target_dag.py                                        1           0  0.35s           2026-03-03T01:23:10
/home/airflow/.local/lib/python3.7/site-packages/airflow/example_dags/example_branch_operator.py                                           1           0  0.31s           2026-03-03T01:23:10
/home/airflow/.local/lib/python3.7/site-packages/airflow/example_dags/tutorial_taskflow_api.py                                             1           0  0.29s           2026-03-03T01:23:10
/home/airflow/.local/lib/python3.7/site-packages/airflow/example_dags/tutorial.py                                                          1           0  0.28s           2026-03-03T01:23:10
/home/airflow/.local/lib/python3.7/site-packages/airflow/example_dags/example_params_ui_tutorial.py                                        1           0  0.39s           2026-03-03T01:23:10
/home/airflow/.local/lib/python3.7/site-packages/airflow/example_dags/example_branch_python_dop_operator_3.py                              1           0  0.30s           2026-03-03T01:23:11
/home/airflow/.local/lib/python3.7/site-packages/airflow/example_dags/tutorial_taskflow_api_virtualenv.py                                  1           0  0.28s           2026-03-03T01:23:11
/home/airflow/.local/lib/python3.7/site-packages/airflow/example_dags/example_kubernetes_executor.py                                       1           0  0.91s           2026-03-03T01:23:19
/home/airflow/.local/lib/python3.7/site-packages/airflow/example_dags/example_nested_branch_dag.py                                         1           0  0.30s           2026-03-03T01:23:12
/home/airflow/.local/lib/python3.7/site-packages/airflow/example_dags/example_external_task_marker_dag.py                                  2           0  0.27s           2026-03-03T01:23:05
/home/airflow/.local/lib/python3.7/site-packages/airflow/example_dags/example_xcomargs.py                                                  2           0  0.33s           2026-03-03T01:23:08
/home/airflow/.local/lib/python3.7/site-packages/airflow/example_dags/example_branch_datetime_operator.py                                  3           0  0.35s           2026-03-03T01:23:09
/home/airflow/.local/lib/python3.7/site-packages/airflow/example_dags/example_subdag_operator.py                                           3           0  0.34s           2026-03-03T01:23:12
/home/airflow/.local/lib/python3.7/site-packages/airflow/example_dags/example_datasets.py                                                  6           0  0.06s           2026-03-03T01:23:01
================================================================================
[2026-03-03T01:23:59.155+0000] {manager.py:889} INFO - 
================================================================================
DAG File Processing Stats

File Path                                                                                                         PID    Runtime      # DAGs    # Errors  Last Runtime    Last Run
----------------------------------------------------------------------------------------------------------------  -----  ---------  --------  ----------  --------------  -------------------
/home/airflow/.local/lib/python3.7/site-packages/airflow/example_dags/example_setup_teardown_taskflow.py                                   0           0  0.07s           2026-03-03T01:23:31
/home/airflow/.local/lib/python3.7/site-packages/airflow/example_dags/example_setup_teardown.py                                            0           0  0.09s           2026-03-03T01:23:33
/home/airflow/.local/lib/python3.7/site-packages/airflow/example_dags/plugins/listener_plugin.py                                           0           0  0.09s           2026-03-03T01:23:43
/home/airflow/.local/lib/python3.7/site-packages/airflow/example_dags/plugins/event_listener.py                                            0           0  0.08s           2026-03-03T01:23:43
/home/airflow/.local/lib/python3.7/site-packages/airflow/example_dags/plugins/workday.py                                                   0           0  0.95s           2026-03-03T01:23:50
/home/airflow/.local/lib/python3.7/site-packages/airflow/example_dags/subdags/subdag.py                                                    0           0  0.08s           2026-03-03T01:23:50
/home/airflow/.local/lib/python3.7/site-packages/airflow/example_dags/example_sla_dag.py                                                   1           0  0.26s           2026-03-03T01:23:31
/home/airflow/.local/lib/python3.7/site-packages/airflow/example_dags/example_task_group_decorator.py                                      1           0  0.29s           2026-03-03T01:23:31
/home/airflow/.local/lib/python3.7/site-packages/airflow/example_dags/example_local_kubernetes_executor.py                                 1           0  0.75s           2026-03-03T01:23:36
/home/airflow/.local/lib/python3.7/site-packages/airflow/example_dags/example_branch_labels.py                                             1           0  0.27s           2026-03-03T01:23:32
/home/airflow/.local/lib/python3.7/site-packages/airflow/example_dags/example_dynamic_task_mapping.py                                      1           0  0.28s           2026-03-03T01:23:32
/home/airflow/.local/lib/python3.7/site-packages/airflow/example_dags/example_passing_params_via_test_command.py                           1           0  0.25s           2026-03-03T01:23:32
/home/airflow/.local/lib/python3.7/site-packages/airflow/example_dags/example_task_group.py                                                1           0  0.26s           2026-03-03T01:23:33
/home/airflow/.local/lib/python3.7/site-packages/airflow/example_dags/example_sensor_decorator.py                                          1           0  0.25s           2026-03-03T01:23:33
/home/airflow/.local/lib/python3.7/site-packages/airflow/example_dags/example_xcom.py                                                      1           0  0.26s           2026-03-03T01:23:33
/home/airflow/.local/lib/python3.7/site-packages/airflow/example_dags/example_branch_operator_decorator.py                                 1           0  0.29s           2026-03-03T01:23:33
/home/airflow/.local/lib/python3.7/site-packages/airflow/example_dags/example_short_circuit_decorator.py                                   1           0  0.30s           2026-03-03T01:23:35
/home/airflow/.local/lib/python3.7/site-packages/airflow/example_dags/example_branch_day_of_week_operator.py                               1           0  0.27s           2026-03-03T01:23:35
/home/airflow/.local/lib/python3.7/site-packages/airflow/example_dags/example_skip_dag.py                                                  1           0  0.24s           2026-03-03T01:23:35
/home/airflow/.local/lib/python3.7/site-packages/airflow/example_dags/example_latest_only.py                                               1           0  0.25s           2026-03-03T01:23:35
/home/airflow/.local/lib/python3.7/site-packages/airflow/example_dags/tutorial_dag.py                                                      1           0  0.25s           2026-03-03T01:23:35
/home/airflow/.local/lib/python3.7/site-packages/airflow/example_dags/example_complex.py                                                   1           0  0.30s           2026-03-03T01:23:36
/home/airflow/.local/lib/python3.7/site-packages/airflow/example_dags/example_bash_operator.py                                             1           0  0.33s           2026-03-03T01:23:38
/home/airflow/.local/lib/python3.7/site-packages/airflow/example_dags/example_sensors.py                                                   1           0  0.30s           2026-03-03T01:23:39
/home/airflow/.local/lib/python3.7/site-packages/airflow/example_dags/example_time_delta_sensor_async.py                                   1           0  0.27s           2026-03-03T01:23:39
/home/airflow/.local/lib/python3.7/site-packages/airflow/example_dags/example_latest_only_with_trigger.py                                  1           0  0.24s           2026-03-03T01:23:39
/home/airflow/.local/lib/python3.7/site-packages/airflow/example_dags/example_trigger_controller_dag.py                                    1           0  0.26s           2026-03-03T01:23:39
/home/airflow/.local/lib/python3.7/site-packages/airflow/example_dags/example_short_circuit_operator.py                                    1           0  0.28s           2026-03-03T01:23:39
/home/airflow/.local/lib/python3.7/site-packages/airflow/example_dags/example_params_trigger_ui.py                                         1           0  0.45s           2026-03-03T01:23:40
/home/airflow/.local/lib/python3.7/site-packages/airflow/example_dags/example_dag_decorator.py                                             1           0  0.36s           2026-03-03T01:23:46
/home/airflow/.local/lib/python3.7/site-packages/airflow/example_dags/example_python_operator.py                                           1           0  0.31s           2026-03-03T01:23:40
/home/airflow/.local/lib/python3.7/site-packages/airflow/example_dags/example_trigger_target_dag.py                                        1           0  0.28s           2026-03-03T01:23:40
/home/airflow/.local/lib/python3.7/site-packages/airflow/example_dags/example_branch_operator.py                                           1           0  0.29s           2026-03-03T01:23:40
/home/airflow/.local/lib/python3.7/site-packages/airflow/example_dags/tutorial_taskflow_api.py                                             1           0  0.26s           2026-03-03T01:23:40
/home/airflow/.local/lib/python3.7/site-packages/airflow/example_dags/tutorial.py                                                          1           0  0.24s           2026-03-03T01:23:40
/home/airflow/.local/lib/python3.7/site-packages/airflow/example_dags/example_params_ui_tutorial.py                                        1           0  0.43s           2026-03-03T01:23:42
/home/airflow/.local/lib/python3.7/site-packages/airflow/example_dags/example_branch_python_dop_operator_3.py                              1           0  0.28s           2026-03-03T01:23:42
/home/airflow/.local/lib/python3.7/site-packages/airflow/example_dags/tutorial_taskflow_api_virtualenv.py                                  1           0  0.25s           2026-03-03T01:23:42
/home/airflow/.local/lib/python3.7/site-packages/airflow/example_dags/example_kubernetes_executor.py                                       1           0  0.80s           2026-03-03T01:23:50
/home/airflow/.local/lib/python3.7/site-packages/airflow/example_dags/example_nested_branch_dag.py                                         1           0  0.31s           2026-03-03T01:23:43
/home/airflow/.local/lib/python3.7/site-packages/airflow/example_dags/example_external_task_marker_dag.py                                  2           0  0.31s           2026-03-03T01:23:36
/home/airflow/.local/lib/python3.7/site-packages/airflow/example_dags/example_xcomargs.py                                                  2           0  0.31s           2026-03-03T01:23:38
/home/airflow/.local/lib/python3.7/site-packages/airflow/example_dags/example_branch_datetime_operator.py                                  3           0  0.31s           2026-03-03T01:23:40
/home/airflow/.local/lib/python3.7/site-packages/airflow/example_dags/example_subdag_operator.py                                           3           0  0.35s           2026-03-03T01:23:43
/home/airflow/.local/lib/python3.7/site-packages/airflow/example_dags/example_datasets.py                                                  6           0  0.41s           2026-03-03T01:23:33
================================================================================
[2026-03-03T01:24:29.217+0000] {manager.py:889} INFO - 
================================================================================
DAG File Processing Stats

File Path                                                                                                         PID    Runtime      # DAGs    # Errors  Last Runtime    Last Run
----------------------------------------------------------------------------------------------------------------  -----  ---------  --------  ----------  --------------  -------------------
/home/airflow/.local/lib/python3.7/site-packages/airflow/example_dags/example_setup_teardown_taskflow.py                                   0           0  0.08s           2026-03-03T01:24:02
/home/airflow/.local/lib/python3.7/site-packages/airflow/example_dags/example_setup_teardown.py                                            0           0  0.09s           2026-03-03T01:24:04
/home/airflow/.local/lib/python3.7/site-packages/airflow/example_dags/plugins/listener_plugin.py                                           0           0  0.03s           2026-03-03T01:24:14
/home/airflow/.local/lib/python3.7/site-packages/airflow/example_dags/plugins/event_listener.py                                            0           0  0.02s           2026-03-03T01:24:14
/home/airflow/.local/lib/python3.7/site-packages/airflow/example_dags/plugins/workday.py                                                   0           0  0.19s           2026-03-03T01:24:21
/home/airflow/.local/lib/python3.7/site-packages/airflow/example_dags/subdags/subdag.py                                                    0           0  0.03s           2026-03-03T01:24:21
/home/airflow/.local/lib/python3.7/site-packages/airflow/example_dags/example_sla_dag.py                                                   1           0  0.27s           2026-03-03T01:24:02
/home/airflow/.local/lib/python3.7/site-packages/airflow/example_dags/example_task_group_decorator.py                                      1           0  0.30s           2026-03-03T01:24:02
/home/airflow/.local/lib/python3.7/site-packages/airflow/example_dags/example_local_kubernetes_executor.py                                 1           0  0.68s           2026-03-03T01:24:07
/home/airflow/.local/lib/python3.7/site-packages/airflow/example_dags/example_branch_labels.py                                             1           0  0.27s           2026-03-03T01:24:03
/home/airflow/.local/lib/python3.7/site-packages/airflow/example_dags/example_dynamic_task_mapping.py                                      1           0  0.28s           2026-03-03T01:24:03
/home/airflow/.local/lib/python3.7/site-packages/airflow/example_dags/example_passing_params_via_test_command.py                           1           0  0.26s           2026-03-03T01:24:04
/home/airflow/.local/lib/python3.7/site-packages/airflow/example_dags/example_task_group.py                                                1           0  0.27s           2026-03-03T01:24:04
/home/airflow/.local/lib/python3.7/site-packages/airflow/example_dags/example_sensor_decorator.py                                          1           0  0.26s           2026-03-03T01:24:04
/home/airflow/.local/lib/python3.7/site-packages/airflow/example_dags/example_xcom.py                                                      1           0  0.28s           2026-03-03T01:24:04
/home/airflow/.local/lib/python3.7/site-packages/airflow/example_dags/example_branch_operator_decorator.py                                 1           0  0.27s           2026-03-03T01:24:04
/home/airflow/.local/lib/python3.7/site-packages/airflow/example_dags/example_short_circuit_decorator.py                                   1           0  0.27s           2026-03-03T01:24:06
/home/airflow/.local/lib/python3.7/site-packages/airflow/example_dags/example_branch_day_of_week_operator.py                               1           0  0.28s           2026-03-03T01:24:06
/home/airflow/.local/lib/python3.7/site-packages/airflow/example_dags/example_skip_dag.py                                                  1           0  0.23s           2026-03-03T01:24:06
/home/airflow/.local/lib/python3.7/site-packages/airflow/example_dags/example_latest_only.py                                               1           0  0.27s           2026-03-03T01:24:06
/home/airflow/.local/lib/python3.7/site-packages/airflow/example_dags/tutorial_dag.py                                                      1           0  0.27s           2026-03-03T01:24:06
/home/airflow/.local/lib/python3.7/site-packages/airflow/example_dags/example_complex.py                                                   1           0  0.32s           2026-03-03T01:24:07
/home/airflow/.local/lib/python3.7/site-packages/airflow/example_dags/example_bash_operator.py                                             1           0  0.34s           2026-03-03T01:24:09
/home/airflow/.local/lib/python3.7/site-packages/airflow/example_dags/example_sensors.py                                                   1           0  0.28s           2026-03-03T01:24:09
/home/airflow/.local/lib/python3.7/site-packages/airflow/example_dags/example_time_delta_sensor_async.py                                   1           0  0.25s           2026-03-03T01:24:09
/home/airflow/.local/lib/python3.7/site-packages/airflow/example_dags/example_latest_only_with_trigger.py                                  1           0  0.28s           2026-03-03T01:24:09
/home/airflow/.local/lib/python3.7/site-packages/airflow/example_dags/example_trigger_controller_dag.py                                    1           0  0.25s           2026-03-03T01:24:09
/home/airflow/.local/lib/python3.7/site-packages/airflow/example_dags/example_short_circuit_operator.py                                    1           0  0.25s           2026-03-03T01:24:10
/home/airflow/.local/lib/python3.7/site-packages/airflow/example_dags/example_params_trigger_ui.py                                         1           0  0.44s           2026-03-03T01:24:10
/home/airflow/.local/lib/python3.7/site-packages/airflow/example_dags/example_dag_decorator.py                                             1           0  0.09s           2026-03-03T01:24:16
/home/airflow/.local/lib/python3.7/site-packages/airflow/example_dags/example_python_operator.py                                           1           0  0.29s           2026-03-03T01:24:10
/home/airflow/.local/lib/python3.7/site-packages/airflow/example_dags/example_trigger_target_dag.py                                        1           0  0.25s           2026-03-03T01:24:10
/home/airflow/.local/lib/python3.7/site-packages/airflow/example_dags/example_branch_operator.py                                           1           0  0.27s           2026-03-03T01:24:11
/home/airflow/.local/lib/python3.7/site-packages/airflow/example_dags/tutorial_taskflow_api.py                                             1           0  0.25s           2026-03-03T01:24:11
/home/airflow/.local/lib/python3.7/site-packages/airflow/example_dags/tutorial.py                                                          1           0  0.24s           2026-03-03T01:24:11
/home/airflow/.local/lib/python3.7/site-packages/airflow/example_dags/example_params_ui_tutorial.py                                        1           0  0.24s           2026-03-03T01:24:12
/home/airflow/.local/lib/python3.7/site-packages/airflow/example_dags/example_branch_python_dop_operator_3.py                              1           0  0.21s           2026-03-03T01:24:12
/home/airflow/.local/lib/python3.7/site-packages/airflow/example_dags/tutorial_taskflow_api_virtualenv.py                                  1           0  0.05s           2026-03-03T01:24:12
/home/airflow/.local/lib/python3.7/site-packages/airflow/example_dags/example_kubernetes_executor.py                                       1           0  0.17s           2026-03-03T01:24:20
/home/airflow/.local/lib/python3.7/site-packages/airflow/example_dags/example_nested_branch_dag.py                                         1           0  0.09s           2026-03-03T01:24:14
/home/airflow/.local/lib/python3.7/site-packages/airflow/example_dags/example_external_task_marker_dag.py                                  2           0  0.30s           2026-03-03T01:24:07
/home/airflow/.local/lib/python3.7/site-packages/airflow/example_dags/example_xcomargs.py                                                  2           0  0.30s           2026-03-03T01:24:09
/home/airflow/.local/lib/python3.7/site-packages/airflow/example_dags/example_branch_datetime_operator.py                                  3           0  0.30s           2026-03-03T01:24:10
/home/airflow/.local/lib/python3.7/site-packages/airflow/example_dags/example_subdag_operator.py                                           3           0  0.11s           2026-03-03T01:24:14
/home/airflow/.local/lib/python3.7/site-packages/airflow/example_dags/example_datasets.py                                                  6           0  0.41s           2026-03-03T01:24:04
================================================================================
[2026-03-03T01:24:59.959+0000] {manager.py:889} INFO - 
================================================================================
DAG File Processing Stats

File Path                                                                                                         PID    Runtime      # DAGs    # Errors  Last Runtime    Last Run
----------------------------------------------------------------------------------------------------------------  -----  ---------  --------  ----------  --------------  -------------------
/home/airflow/.local/lib/python3.7/site-packages/airflow/example_dags/example_setup_teardown_taskflow.py                                   0           0  0.08s           2026-03-03T01:24:33
/home/airflow/.local/lib/python3.7/site-packages/airflow/example_dags/example_setup_teardown.py                                            0           0  0.06s           2026-03-03T01:24:35
/home/airflow/.local/lib/python3.7/site-packages/airflow/example_dags/plugins/listener_plugin.py                                           0           0  0.02s           2026-03-03T01:24:45
/home/airflow/.local/lib/python3.7/site-packages/airflow/example_dags/plugins/event_listener.py                                            0           0  0.02s           2026-03-03T01:24:45
/home/airflow/.local/lib/python3.7/site-packages/airflow/example_dags/plugins/workday.py                                                   0           0  0.25s           2026-03-03T01:24:51
/home/airflow/.local/lib/python3.7/site-packages/airflow/example_dags/subdags/subdag.py                                                    0           0  0.02s           2026-03-03T01:24:51
/home/airflow/.local/lib/python3.7/site-packages/airflow/example_dags/example_sla_dag.py                                                   1           0  0.24s           2026-03-03T01:24:33
/home/airflow/.local/lib/python3.7/site-packages/airflow/example_dags/example_task_group_decorator.py                                      1           0  0.28s           2026-03-03T01:24:33
/home/airflow/.local/lib/python3.7/site-packages/airflow/example_dags/example_local_kubernetes_executor.py                                 1           0  0.15s           2026-03-03T01:24:37
/home/airflow/.local/lib/python3.7/site-packages/airflow/example_dags/example_branch_labels.py                                             1           0  0.30s           2026-03-03T01:24:34
/home/airflow/.local/lib/python3.7/site-packages/airflow/example_dags/example_dynamic_task_mapping.py                                      1           0  0.27s           2026-03-03T01:24:34
/home/airflow/.local/lib/python3.7/site-packages/airflow/example_dags/example_passing_params_via_test_command.py                           1           0  0.25s           2026-03-03T01:24:34
/home/airflow/.local/lib/python3.7/site-packages/airflow/example_dags/example_task_group.py                                                1           0  0.24s           2026-03-03T01:24:35
/home/airflow/.local/lib/python3.7/site-packages/airflow/example_dags/example_sensor_decorator.py                                          1           0  0.27s           2026-03-03T01:24:35
/home/airflow/.local/lib/python3.7/site-packages/airflow/example_dags/example_xcom.py                                                      1           0  0.26s           2026-03-03T01:24:35
/home/airflow/.local/lib/python3.7/site-packages/airflow/example_dags/example_branch_operator_decorator.py                                 1           0  0.26s           2026-03-03T01:24:35
/home/airflow/.local/lib/python3.7/site-packages/airflow/example_dags/example_short_circuit_decorator.py                                   1           0  0.26s           2026-03-03T01:24:37
/home/airflow/.local/lib/python3.7/site-packages/airflow/example_dags/example_branch_day_of_week_operator.py                               1           0  0.26s           2026-03-03T01:24:37
/home/airflow/.local/lib/python3.7/site-packages/airflow/example_dags/example_skip_dag.py                                                  1           0  0.27s           2026-03-03T01:24:37
/home/airflow/.local/lib/python3.7/site-packages/airflow/example_dags/example_latest_only.py                                               1           0  0.31s           2026-03-03T01:24:37
/home/airflow/.local/lib/python3.7/site-packages/airflow/example_dags/tutorial_dag.py                                                      1           0  0.13s           2026-03-03T01:24:37
/home/airflow/.local/lib/python3.7/site-packages/airflow/example_dags/example_complex.py                                                   1           0  0.06s           2026-03-03T01:24:37
/home/airflow/.local/lib/python3.7/site-packages/airflow/example_dags/example_bash_operator.py                                             1           0  0.08s           2026-03-03T01:24:39
/home/airflow/.local/lib/python3.7/site-packages/airflow/example_dags/example_sensors.py                                                   1           0  0.04s           2026-03-03T01:24:40
/home/airflow/.local/lib/python3.7/site-packages/airflow/example_dags/example_time_delta_sensor_async.py                                   1           0  0.05s           2026-03-03T01:24:40
/home/airflow/.local/lib/python3.7/site-packages/airflow/example_dags/example_latest_only_with_trigger.py                                  1           0  0.05s           2026-03-03T01:24:40
/home/airflow/.local/lib/python3.7/site-packages/airflow/example_dags/example_trigger_controller_dag.py                                    1           0  0.04s           2026-03-03T01:24:40
/home/airflow/.local/lib/python3.7/site-packages/airflow/example_dags/example_short_circuit_operator.py                                    1           0  0.07s           2026-03-03T01:24:41
/home/airflow/.local/lib/python3.7/site-packages/airflow/example_dags/example_params_trigger_ui.py                                         1           0  0.10s           2026-03-03T01:24:41
/home/airflow/.local/lib/python3.7/site-packages/airflow/example_dags/example_dag_decorator.py                                             1           0  0.09s           2026-03-03T01:24:47
/home/airflow/.local/lib/python3.7/site-packages/airflow/example_dags/example_python_operator.py                                           1           0  0.06s           2026-03-03T01:24:41
/home/airflow/.local/lib/python3.7/site-packages/airflow/example_dags/example_trigger_target_dag.py                                        1           0  0.04s           2026-03-03T01:24:41
/home/airflow/.local/lib/python3.7/site-packages/airflow/example_dags/example_branch_operator.py                                           1           0  0.05s           2026-03-03T01:24:41
/home/airflow/.local/lib/python3.7/site-packages/airflow/example_dags/tutorial_taskflow_api.py                                             1           0  0.04s           2026-03-03T01:24:41
/home/airflow/.local/lib/python3.7/site-packages/airflow/example_dags/tutorial.py                                                          1           0  0.05s           2026-03-03T01:24:42
/home/airflow/.local/lib/python3.7/site-packages/airflow/example_dags/example_params_ui_tutorial.py                                        1           0  0.09s           2026-03-03T01:24:43
/home/airflow/.local/lib/python3.7/site-packages/airflow/example_dags/example_branch_python_dop_operator_3.py                              1           0  0.06s           2026-03-03T01:24:43
/home/airflow/.local/lib/python3.7/site-packages/airflow/example_dags/tutorial_taskflow_api_virtualenv.py                                  1           0  0.05s           2026-03-03T01:24:43
/home/airflow/.local/lib/python3.7/site-packages/airflow/example_dags/example_kubernetes_executor.py                                       1           0  0.23s           2026-03-03T01:24:51
/home/airflow/.local/lib/python3.7/site-packages/airflow/example_dags/example_nested_branch_dag.py                                         1           0  0.09s           2026-03-03T01:24:45
/home/airflow/.local/lib/python3.7/site-packages/airflow/example_dags/example_external_task_marker_dag.py                                  2           0  0.10s           2026-03-03T01:24:37
/home/airflow/.local/lib/python3.7/site-packages/airflow/example_dags/example_xcomargs.py                                                  2           0  0.07s           2026-03-03T01:24:39
/home/airflow/.local/lib/python3.7/site-packages/airflow/example_dags/example_branch_datetime_operator.py                                  3           0  0.06s           2026-03-03T01:24:41
/home/airflow/.local/lib/python3.7/site-packages/airflow/example_dags/example_subdag_operator.py                                           3           0  0.10s           2026-03-03T01:24:45
/home/airflow/.local/lib/python3.7/site-packages/airflow/example_dags/example_datasets.py                                                  6           0  0.42s           2026-03-03T01:24:35
================================================================================
[2026-03-03T01:25:30.746+0000] {manager.py:889} INFO - 
================================================================================
DAG File Processing Stats

File Path                                                                                                         PID    Runtime      # DAGs    # Errors  Last Runtime    Last Run
----------------------------------------------------------------------------------------------------------------  -----  ---------  --------  ----------  --------------  -------------------
/home/airflow/.local/lib/python3.7/site-packages/airflow/example_dags/example_setup_teardown_taskflow.py                                   0           0  0.08s           2026-03-03T01:25:04
/home/airflow/.local/lib/python3.7/site-packages/airflow/example_dags/example_setup_teardown.py                                            0           0  0.07s           2026-03-03T01:25:06
/home/airflow/.local/lib/python3.7/site-packages/airflow/example_dags/plugins/listener_plugin.py                                           0           0  0.08s           2026-03-03T01:25:16
/home/airflow/.local/lib/python3.7/site-packages/airflow/example_dags/plugins/event_listener.py                                            0           0  0.07s           2026-03-03T01:25:16
/home/airflow/.local/lib/python3.7/site-packages/airflow/example_dags/plugins/workday.py                                                   0           0  0.26s           2026-03-03T01:25:22
/home/airflow/.local/lib/python3.7/site-packages/airflow/example_dags/subdags/subdag.py                                                    0           0  0.02s           2026-03-03T01:25:22
/home/airflow/.local/lib/python3.7/site-packages/airflow/example_dags/example_sla_dag.py                                                   1           0  0.30s           2026-03-03T01:25:04
/home/airflow/.local/lib/python3.7/site-packages/airflow/example_dags/example_task_group_decorator.py                                      1           0  0.31s           2026-03-03T01:25:04
/home/airflow/.local/lib/python3.7/site-packages/airflow/example_dags/example_local_kubernetes_executor.py                                 1           0  0.75s           2026-03-03T01:25:08
/home/airflow/.local/lib/python3.7/site-packages/airflow/example_dags/example_branch_labels.py                                             1           0  0.28s           2026-03-03T01:25:05
/home/airflow/.local/lib/python3.7/site-packages/airflow/example_dags/example_dynamic_task_mapping.py                                      1           0  0.25s           2026-03-03T01:25:05
/home/airflow/.local/lib/python3.7/site-packages/airflow/example_dags/example_passing_params_via_test_command.py                           1           0  0.25s           2026-03-03T01:25:05
/home/airflow/.local/lib/python3.7/site-packages/airflow/example_dags/example_task_group.py                                                1           0  0.24s           2026-03-03T01:25:06
/home/airflow/.local/lib/python3.7/site-packages/airflow/example_dags/example_sensor_decorator.py                                          1           0  0.27s           2026-03-03T01:25:06
/home/airflow/.local/lib/python3.7/site-packages/airflow/example_dags/example_xcom.py                                                      1           0  0.24s           2026-03-03T01:25:06
/home/airflow/.local/lib/python3.7/site-packages/airflow/example_dags/example_branch_operator_decorator.py                                 1           0  0.23s           2026-03-03T01:25:06
/home/airflow/.local/lib/python3.7/site-packages/airflow/example_dags/example_short_circuit_decorator.py                                   1           0  0.27s           2026-03-03T01:25:08
/home/airflow/.local/lib/python3.7/site-packages/airflow/example_dags/example_branch_day_of_week_operator.py                               1           0  0.27s           2026-03-03T01:25:08
/home/airflow/.local/lib/python3.7/site-packages/airflow/example_dags/example_skip_dag.py                                                  1           0  0.28s           2026-03-03T01:25:08
/home/airflow/.local/lib/python3.7/site-packages/airflow/example_dags/example_latest_only.py                                               1           0  0.30s           2026-03-03T01:25:08
/home/airflow/.local/lib/python3.7/site-packages/airflow/example_dags/tutorial_dag.py                                                      1           0  0.28s           2026-03-03T01:25:08
/home/airflow/.local/lib/python3.7/site-packages/airflow/example_dags/example_complex.py                                                   1           0  0.26s           2026-03-03T01:25:09
/home/airflow/.local/lib/python3.7/site-packages/airflow/example_dags/example_bash_operator.py                                             1           0  0.09s           2026-03-03T01:25:10
/home/airflow/.local/lib/python3.7/site-packages/airflow/example_dags/example_sensors.py                                                   1           0  0.07s           2026-03-03T01:25:10
/home/airflow/.local/lib/python3.7/site-packages/airflow/example_dags/example_time_delta_sensor_async.py                                   1           0  0.07s           2026-03-03T01:25:10
/home/airflow/.local/lib/python3.7/site-packages/airflow/example_dags/example_latest_only_with_trigger.py                                  1           0  0.08s           2026-03-03T01:25:10
/home/airflow/.local/lib/python3.7/site-packages/airflow/example_dags/example_trigger_controller_dag.py                                    1           0  0.08s           2026-03-03T01:25:10
/home/airflow/.local/lib/python3.7/site-packages/airflow/example_dags/example_short_circuit_operator.py                                    1           0  0.22s           2026-03-03T01:25:11
/home/airflow/.local/lib/python3.7/site-packages/airflow/example_dags/example_params_trigger_ui.py                                         1           0  0.37s           2026-03-03T01:25:11
/home/airflow/.local/lib/python3.7/site-packages/airflow/example_dags/example_dag_decorator.py                                             1           0  0.11s           2026-03-03T01:25:18
/home/airflow/.local/lib/python3.7/site-packages/airflow/example_dags/example_python_operator.py                                           1           0  0.29s           2026-03-03T01:25:12
/home/airflow/.local/lib/python3.7/site-packages/airflow/example_dags/example_trigger_target_dag.py                                        1           0  0.25s           2026-03-03T01:25:12
/home/airflow/.local/lib/python3.7/site-packages/airflow/example_dags/example_branch_operator.py                                           1           0  0.25s           2026-03-03T01:25:12
/home/airflow/.local/lib/python3.7/site-packages/airflow/example_dags/tutorial_taskflow_api.py                                             1           0  0.22s           2026-03-03T01:25:12
/home/airflow/.local/lib/python3.7/site-packages/airflow/example_dags/tutorial.py                                                          1           0  0.22s           2026-03-03T01:25:12
/home/airflow/.local/lib/python3.7/site-packages/airflow/example_dags/example_params_ui_tutorial.py                                        1           0  0.40s           2026-03-03T01:25:13
/home/airflow/.local/lib/python3.7/site-packages/airflow/example_dags/example_branch_python_dop_operator_3.py                              1           0  0.24s           2026-03-03T01:25:13
/home/airflow/.local/lib/python3.7/site-packages/airflow/example_dags/tutorial_taskflow_api_virtualenv.py                                  1           0  0.25s           2026-03-03T01:25:14
/home/airflow/.local/lib/python3.7/site-packages/airflow/example_dags/example_kubernetes_executor.py                                       1           0  0.20s           2026-03-03T01:25:22
/home/airflow/.local/lib/python3.7/site-packages/airflow/example_dags/example_nested_branch_dag.py                                         1           0  0.25s           2026-03-03T01:25:16
/home/airflow/.local/lib/python3.7/site-packages/airflow/example_dags/example_external_task_marker_dag.py                                  2           0  0.32s           2026-03-03T01:25:09
/home/airflow/.local/lib/python3.7/site-packages/airflow/example_dags/example_xcomargs.py                                                  2           0  0.08s           2026-03-03T01:25:10
/home/airflow/.local/lib/python3.7/site-packages/airflow/example_dags/example_branch_datetime_operator.py                                  3           0  0.33s           2026-03-03T01:25:12
/home/airflow/.local/lib/python3.7/site-packages/airflow/example_dags/example_subdag_operator.py                                           3           0  0.29s           2026-03-03T01:25:16
/home/airflow/.local/lib/python3.7/site-packages/airflow/example_dags/example_datasets.py                                                  6           0  0.42s           2026-03-03T01:25:06
================================================================================
[2026-03-03T01:26:01.407+0000] {manager.py:889} INFO - 
================================================================================
DAG File Processing Stats

File Path                                                                                                         PID    Runtime      # DAGs    # Errors  Last Runtime    Last Run
----------------------------------------------------------------------------------------------------------------  -----  ---------  --------  ----------  --------------  -------------------
/home/airflow/.local/lib/python3.7/site-packages/airflow/example_dags/example_setup_teardown_taskflow.py                                   0           0  0.02s           2026-03-03T01:25:34
/home/airflow/.local/lib/python3.7/site-packages/airflow/example_dags/example_setup_teardown.py                                            0           0  0.02s           2026-03-03T01:25:37
/home/airflow/.local/lib/python3.7/site-packages/airflow/example_dags/plugins/listener_plugin.py                                           0           0  0.09s           2026-03-03T01:25:46
/home/airflow/.local/lib/python3.7/site-packages/airflow/example_dags/plugins/event_listener.py                                            0           0  0.07s           2026-03-03T01:25:46
/home/airflow/.local/lib/python3.7/site-packages/airflow/example_dags/plugins/workday.py                                                   0           0  0.89s           2026-03-03T01:25:54
/home/airflow/.local/lib/python3.7/site-packages/airflow/example_dags/subdags/subdag.py                                                    0           0  0.07s           2026-03-03T01:25:54
/home/airflow/.local/lib/python3.7/site-packages/airflow/example_dags/example_sla_dag.py                                                   1           0  0.09s           2026-03-03T01:25:34
/home/airflow/.local/lib/python3.7/site-packages/airflow/example_dags/example_task_group_decorator.py                                      1           0  0.09s           2026-03-03T01:25:34
/home/airflow/.local/lib/python3.7/site-packages/airflow/example_dags/example_local_kubernetes_executor.py                                 1           0  0.20s           2026-03-03T01:25:39
/home/airflow/.local/lib/python3.7/site-packages/airflow/example_dags/example_branch_labels.py                                             1           0  0.09s           2026-03-03T01:25:35
/home/airflow/.local/lib/python3.7/site-packages/airflow/example_dags/example_dynamic_task_mapping.py                                      1           0  0.09s           2026-03-03T01:25:35
/home/airflow/.local/lib/python3.7/site-packages/airflow/example_dags/example_passing_params_via_test_command.py                           1           0  0.05s           2026-03-03T01:25:36
/home/airflow/.local/lib/python3.7/site-packages/airflow/example_dags/example_task_group.py                                                1           0  0.06s           2026-03-03T01:25:37
/home/airflow/.local/lib/python3.7/site-packages/airflow/example_dags/example_sensor_decorator.py                                          1           0  0.05s           2026-03-03T01:25:37
/home/airflow/.local/lib/python3.7/site-packages/airflow/example_dags/example_xcom.py                                                      1           0  0.06s           2026-03-03T01:25:37
/home/airflow/.local/lib/python3.7/site-packages/airflow/example_dags/example_branch_operator_decorator.py                                 1           0  0.05s           2026-03-03T01:25:37
/home/airflow/.local/lib/python3.7/site-packages/airflow/example_dags/example_short_circuit_decorator.py                                   1           0  0.07s           2026-03-03T01:25:38
/home/airflow/.local/lib/python3.7/site-packages/airflow/example_dags/example_branch_day_of_week_operator.py                               1           0  0.08s           2026-03-03T01:25:39
/home/airflow/.local/lib/python3.7/site-packages/airflow/example_dags/example_skip_dag.py                                                  1           0  0.07s           2026-03-03T01:25:39
/home/airflow/.local/lib/python3.7/site-packages/airflow/example_dags/example_latest_only.py                                               1           0  0.06s           2026-03-03T01:25:39
/home/airflow/.local/lib/python3.7/site-packages/airflow/example_dags/tutorial_dag.py                                                      1           0  0.06s           2026-03-03T01:25:39
/home/airflow/.local/lib/python3.7/site-packages/airflow/example_dags/example_complex.py                                                   1           0  0.05s           2026-03-03T01:25:39
/home/airflow/.local/lib/python3.7/site-packages/airflow/example_dags/example_bash_operator.py                                             1           0  0.10s           2026-03-03T01:25:40
/home/airflow/.local/lib/python3.7/site-packages/airflow/example_dags/example_sensors.py                                                   1           0  0.05s           2026-03-03T01:25:40
/home/airflow/.local/lib/python3.7/site-packages/airflow/example_dags/example_time_delta_sensor_async.py                                   1           0  0.08s           2026-03-03T01:25:40
/home/airflow/.local/lib/python3.7/site-packages/airflow/example_dags/example_latest_only_with_trigger.py                                  1           0  0.08s           2026-03-03T01:25:40
/home/airflow/.local/lib/python3.7/site-packages/airflow/example_dags/example_trigger_controller_dag.py                                    1           0  0.04s           2026-03-03T01:25:40
/home/airflow/.local/lib/python3.7/site-packages/airflow/example_dags/example_short_circuit_operator.py                                    1           0  0.06s           2026-03-03T01:25:41
/home/airflow/.local/lib/python3.7/site-packages/airflow/example_dags/example_params_trigger_ui.py                                         1           0  0.41s           2026-03-03T01:25:43
/home/airflow/.local/lib/python3.7/site-packages/airflow/example_dags/example_dag_decorator.py                                             1           0  0.37s           2026-03-03T01:25:49
/home/airflow/.local/lib/python3.7/site-packages/airflow/example_dags/example_python_operator.py                                           1           0  0.28s           2026-03-03T01:25:43
/home/airflow/.local/lib/python3.7/site-packages/airflow/example_dags/example_trigger_target_dag.py                                        1           0  0.25s           2026-03-03T01:25:43
/home/airflow/.local/lib/python3.7/site-packages/airflow/example_dags/example_branch_operator.py                                           1           0  0.29s           2026-03-03T01:25:43
/home/airflow/.local/lib/python3.7/site-packages/airflow/example_dags/tutorial_taskflow_api.py                                             1           0  0.26s           2026-03-03T01:25:43
/home/airflow/.local/lib/python3.7/site-packages/airflow/example_dags/tutorial.py                                                          1           0  0.25s           2026-03-03T01:25:43
/home/airflow/.local/lib/python3.7/site-packages/airflow/example_dags/example_params_ui_tutorial.py                                        1           0  0.44s           2026-03-03T01:25:44
/home/airflow/.local/lib/python3.7/site-packages/airflow/example_dags/example_branch_python_dop_operator_3.py                              1           0  0.27s           2026-03-03T01:25:44
/home/airflow/.local/lib/python3.7/site-packages/airflow/example_dags/tutorial_taskflow_api_virtualenv.py                                  1           0  0.26s           2026-03-03T01:25:44
/home/airflow/.local/lib/python3.7/site-packages/airflow/example_dags/example_kubernetes_executor.py                                       1           0  0.76s           2026-03-03T01:25:54
/home/airflow/.local/lib/python3.7/site-packages/airflow/example_dags/example_nested_branch_dag.py                                         1           0  0.28s           2026-03-03T01:25:46
/home/airflow/.local/lib/python3.7/site-packages/airflow/example_dags/example_external_task_marker_dag.py                                  2           0  0.06s           2026-03-03T01:25:39
/home/airflow/.local/lib/python3.7/site-packages/airflow/example_dags/example_xcomargs.py                                                  2           0  0.09s           2026-03-03T01:25:40
/home/airflow/.local/lib/python3.7/site-packages/airflow/example_dags/example_branch_datetime_operator.py                                  3           0  0.28s           2026-03-03T01:25:43
/home/airflow/.local/lib/python3.7/site-packages/airflow/example_dags/example_subdag_operator.py                                           3           0  0.33s           2026-03-03T01:25:46
/home/airflow/.local/lib/python3.7/site-packages/airflow/example_dags/example_datasets.py                                                  6           0  0.08s           2026-03-03T01:25:37
================================================================================
[2026-03-03T01:26:31.470+0000] {manager.py:889} INFO - 
================================================================================
DAG File Processing Stats

File Path                                                                                                         PID    Runtime      # DAGs    # Errors  Last Runtime    Last Run
----------------------------------------------------------------------------------------------------------------  -----  ---------  --------  ----------  --------------  -------------------
/home/airflow/.local/lib/python3.7/site-packages/airflow/example_dags/example_setup_teardown_taskflow.py                                   0           0  0.02s           2026-03-03T01:26:05
/home/airflow/.local/lib/python3.7/site-packages/airflow/example_dags/example_setup_teardown.py                                            0           0  0.02s           2026-03-03T01:26:07
/home/airflow/.local/lib/python3.7/site-packages/airflow/example_dags/plugins/listener_plugin.py                                           0           0  0.09s           2026-03-03T01:26:18
/home/airflow/.local/lib/python3.7/site-packages/airflow/example_dags/plugins/event_listener.py                                            0           0  0.08s           2026-03-03T01:26:18
/home/airflow/.local/lib/python3.7/site-packages/airflow/example_dags/plugins/workday.py                                                   0           0  0.87s           2026-03-03T01:26:25
/home/airflow/.local/lib/python3.7/site-packages/airflow/example_dags/subdags/subdag.py                                                    0           0  0.08s           2026-03-03T01:26:25
/home/airflow/.local/lib/python3.7/site-packages/airflow/example_dags/example_sla_dag.py                                                   1           0  0.13s           2026-03-03T01:26:05
/home/airflow/.local/lib/python3.7/site-packages/airflow/example_dags/example_task_group_decorator.py                                      1           0  0.13s           2026-03-03T01:26:05
/home/airflow/.local/lib/python3.7/site-packages/airflow/example_dags/example_local_kubernetes_executor.py                                 1           0  0.15s           2026-03-03T01:26:10
/home/airflow/.local/lib/python3.7/site-packages/airflow/example_dags/example_branch_labels.py                                             1           0  0.07s           2026-03-03T01:26:06
/home/airflow/.local/lib/python3.7/site-packages/airflow/example_dags/example_dynamic_task_mapping.py                                      1           0  0.06s           2026-03-03T01:26:06
/home/airflow/.local/lib/python3.7/site-packages/airflow/example_dags/example_passing_params_via_test_command.py                           1           0  0.04s           2026-03-03T01:26:06
/home/airflow/.local/lib/python3.7/site-packages/airflow/example_dags/example_task_group.py                                                1           0  0.08s           2026-03-03T01:26:07
/home/airflow/.local/lib/python3.7/site-packages/airflow/example_dags/example_sensor_decorator.py                                          1           0  0.06s           2026-03-03T01:26:07
/home/airflow/.local/lib/python3.7/site-packages/airflow/example_dags/example_xcom.py                                                      1           0  0.06s           2026-03-03T01:26:07
/home/airflow/.local/lib/python3.7/site-packages/airflow/example_dags/example_branch_operator_decorator.py                                 1           0  0.05s           2026-03-03T01:26:07
/home/airflow/.local/lib/python3.7/site-packages/airflow/example_dags/example_short_circuit_decorator.py                                   1           0  0.05s           2026-03-03T01:26:08
/home/airflow/.local/lib/python3.7/site-packages/airflow/example_dags/example_branch_day_of_week_operator.py                               1           0  0.05s           2026-03-03T01:26:09
/home/airflow/.local/lib/python3.7/site-packages/airflow/example_dags/example_skip_dag.py                                                  1           0  0.04s           2026-03-03T01:26:10
/home/airflow/.local/lib/python3.7/site-packages/airflow/example_dags/example_latest_only.py                                               1           0  0.05s           2026-03-03T01:26:10
/home/airflow/.local/lib/python3.7/site-packages/airflow/example_dags/tutorial_dag.py                                                      1           0  0.05s           2026-03-03T01:26:10
/home/airflow/.local/lib/python3.7/site-packages/airflow/example_dags/example_complex.py                                                   1           0  0.05s           2026-03-03T01:26:10
/home/airflow/.local/lib/python3.7/site-packages/airflow/example_dags/example_bash_operator.py                                             1           0  0.07s           2026-03-03T01:26:11
/home/airflow/.local/lib/python3.7/site-packages/airflow/example_dags/example_sensors.py                                                   1           0  0.05s           2026-03-03T01:26:11
/home/airflow/.local/lib/python3.7/site-packages/airflow/example_dags/example_time_delta_sensor_async.py                                   1           0  0.05s           2026-03-03T01:26:11
/home/airflow/.local/lib/python3.7/site-packages/airflow/example_dags/example_latest_only_with_trigger.py                                  1           0  0.04s           2026-03-03T01:26:11
/home/airflow/.local/lib/python3.7/site-packages/airflow/example_dags/example_trigger_controller_dag.py                                    1           0  0.04s           2026-03-03T01:26:11
/home/airflow/.local/lib/python3.7/site-packages/airflow/example_dags/example_short_circuit_operator.py                                    1           0  0.14s           2026-03-03T01:26:12
/home/airflow/.local/lib/python3.7/site-packages/airflow/example_dags/example_params_trigger_ui.py                                         1           0  0.33s           2026-03-03T01:26:13
/home/airflow/.local/lib/python3.7/site-packages/airflow/example_dags/example_dag_decorator.py                                             1           0  0.35s           2026-03-03T01:26:20
/home/airflow/.local/lib/python3.7/site-packages/airflow/example_dags/example_python_operator.py                                           1           0  0.21s           2026-03-03T01:26:13
/home/airflow/.local/lib/python3.7/site-packages/airflow/example_dags/example_trigger_target_dag.py                                        1           0  0.18s           2026-03-03T01:26:13
/home/airflow/.local/lib/python3.7/site-packages/airflow/example_dags/example_branch_operator.py                                           1           0  0.20s           2026-03-03T01:26:14
/home/airflow/.local/lib/python3.7/site-packages/airflow/example_dags/tutorial_taskflow_api.py                                             1           0  0.18s           2026-03-03T01:26:14
/home/airflow/.local/lib/python3.7/site-packages/airflow/example_dags/tutorial.py                                                          1           0  0.17s           2026-03-03T01:26:14
/home/airflow/.local/lib/python3.7/site-packages/airflow/example_dags/example_params_ui_tutorial.py                                        1           0  0.52s           2026-03-03T01:26:15
/home/airflow/.local/lib/python3.7/site-packages/airflow/example_dags/example_branch_python_dop_operator_3.py                              1           0  0.36s           2026-03-03T01:26:15
/home/airflow/.local/lib/python3.7/site-packages/airflow/example_dags/tutorial_taskflow_api_virtualenv.py                                  1           0  0.25s           2026-03-03T01:26:15
/home/airflow/.local/lib/python3.7/site-packages/airflow/example_dags/example_kubernetes_executor.py                                       1           0  0.70s           2026-03-03T01:26:25
/home/airflow/.local/lib/python3.7/site-packages/airflow/example_dags/example_nested_branch_dag.py                                         1           0  0.28s           2026-03-03T01:26:18
/home/airflow/.local/lib/python3.7/site-packages/airflow/example_dags/example_external_task_marker_dag.py                                  2           0  0.05s           2026-03-03T01:26:10
/home/airflow/.local/lib/python3.7/site-packages/airflow/example_dags/example_xcomargs.py                                                  2           0  0.06s           2026-03-03T01:26:11
/home/airflow/.local/lib/python3.7/site-packages/airflow/example_dags/example_branch_datetime_operator.py                                  3           0  0.21s           2026-03-03T01:26:13
/home/airflow/.local/lib/python3.7/site-packages/airflow/example_dags/example_subdag_operator.py                                           3           0  0.35s           2026-03-03T01:26:18
/home/airflow/.local/lib/python3.7/site-packages/airflow/example_dags/example_datasets.py                                                  6           0  0.09s           2026-03-03T01:26:07
================================================================================
[2026-03-03T01:27:01.938+0000] {manager.py:889} INFO - 
================================================================================
DAG File Processing Stats

File Path                                                                                                         PID    Runtime      # DAGs    # Errors  Last Runtime    Last Run
----------------------------------------------------------------------------------------------------------------  -----  ---------  --------  ----------  --------------  -------------------
/home/airflow/.local/lib/python3.7/site-packages/airflow/example_dags/example_setup_teardown_taskflow.py                                   0           0  0.10s           2026-03-03T01:26:36
/home/airflow/.local/lib/python3.7/site-packages/airflow/example_dags/example_setup_teardown.py                                            0           0  0.03s           2026-03-03T01:26:38
/home/airflow/.local/lib/python3.7/site-packages/airflow/example_dags/plugins/listener_plugin.py                                           0           0  0.02s           2026-03-03T01:26:48
/home/airflow/.local/lib/python3.7/site-packages/airflow/example_dags/plugins/event_listener.py                                            0           0  0.02s           2026-03-03T01:26:48
/home/airflow/.local/lib/python3.7/site-packages/airflow/example_dags/plugins/workday.py                                                   0           0  0.23s           2026-03-03T01:26:55
/home/airflow/.local/lib/python3.7/site-packages/airflow/example_dags/subdags/subdag.py                                                    0           0  0.02s           2026-03-03T01:26:55
/home/airflow/.local/lib/python3.7/site-packages/airflow/example_dags/example_sla_dag.py                                                   1           0  0.30s           2026-03-03T01:26:36
/home/airflow/.local/lib/python3.7/site-packages/airflow/example_dags/example_task_group_decorator.py                                      1           0  0.33s           2026-03-03T01:26:36
/home/airflow/.local/lib/python3.7/site-packages/airflow/example_dags/example_local_kubernetes_executor.py                                 1           0  0.18s           2026-03-03T01:26:40
/home/airflow/.local/lib/python3.7/site-packages/airflow/example_dags/example_branch_labels.py                                             1           0  0.33s           2026-03-03T01:26:37
/home/airflow/.local/lib/python3.7/site-packages/airflow/example_dags/example_dynamic_task_mapping.py                                      1           0  0.32s           2026-03-03T01:26:37
/home/airflow/.local/lib/python3.7/site-packages/airflow/example_dags/example_passing_params_via_test_command.py                           1           0  0.23s           2026-03-03T01:26:37
/home/airflow/.local/lib/python3.7/site-packages/airflow/example_dags/example_task_group.py                                                1           0  0.08s           2026-03-03T01:26:38
/home/airflow/.local/lib/python3.7/site-packages/airflow/example_dags/example_sensor_decorator.py                                          1           0  0.06s           2026-03-03T01:26:38
/home/airflow/.local/lib/python3.7/site-packages/airflow/example_dags/example_xcom.py                                                      1           0  0.06s           2026-03-03T01:26:38
/home/airflow/.local/lib/python3.7/site-packages/airflow/example_dags/example_branch_operator_decorator.py                                 1           0  0.06s           2026-03-03T01:26:38
/home/airflow/.local/lib/python3.7/site-packages/airflow/example_dags/example_short_circuit_decorator.py                                   1           0  0.08s           2026-03-03T01:26:39
/home/airflow/.local/lib/python3.7/site-packages/airflow/example_dags/example_branch_day_of_week_operator.py                               1           0  0.07s           2026-03-03T01:26:40
/home/airflow/.local/lib/python3.7/site-packages/airflow/example_dags/example_skip_dag.py                                                  1           0  0.06s           2026-03-03T01:26:40
/home/airflow/.local/lib/python3.7/site-packages/airflow/example_dags/example_latest_only.py                                               1           0  0.07s           2026-03-03T01:26:40
/home/airflow/.local/lib/python3.7/site-packages/airflow/example_dags/tutorial_dag.py                                                      1           0  0.07s           2026-03-03T01:26:40
/home/airflow/.local/lib/python3.7/site-packages/airflow/example_dags/example_complex.py                                                   1           0  0.07s           2026-03-03T01:26:40
/home/airflow/.local/lib/python3.7/site-packages/airflow/example_dags/example_bash_operator.py                                             1           0  0.09s           2026-03-03T01:26:41
/home/airflow/.local/lib/python3.7/site-packages/airflow/example_dags/example_sensors.py                                                   1           0  0.05s           2026-03-03T01:26:41
/home/airflow/.local/lib/python3.7/site-packages/airflow/example_dags/example_time_delta_sensor_async.py                                   1           0  0.07s           2026-03-03T01:26:41
/home/airflow/.local/lib/python3.7/site-packages/airflow/example_dags/example_latest_only_with_trigger.py                                  1           0  0.07s           2026-03-03T01:26:41
/home/airflow/.local/lib/python3.7/site-packages/airflow/example_dags/example_trigger_controller_dag.py                                    1           0  0.04s           2026-03-03T01:26:42
/home/airflow/.local/lib/python3.7/site-packages/airflow/example_dags/example_short_circuit_operator.py                                    1           0  0.07s           2026-03-03T01:26:43
/home/airflow/.local/lib/python3.7/site-packages/airflow/example_dags/example_params_trigger_ui.py                                         1           0  0.12s           2026-03-03T01:26:44
/home/airflow/.local/lib/python3.7/site-packages/airflow/example_dags/example_dag_decorator.py                                             1           0  0.09s           2026-03-03T01:26:50
/home/airflow/.local/lib/python3.7/site-packages/airflow/example_dags/example_python_operator.py                                           1           0  0.08s           2026-03-03T01:26:44
/home/airflow/.local/lib/python3.7/site-packages/airflow/example_dags/example_trigger_target_dag.py                                        1           0  0.07s           2026-03-03T01:26:44
/home/airflow/.local/lib/python3.7/site-packages/airflow/example_dags/example_branch_operator.py                                           1           0  0.06s           2026-03-03T01:26:44
/home/airflow/.local/lib/python3.7/site-packages/airflow/example_dags/tutorial_taskflow_api.py                                             1           0  0.06s           2026-03-03T01:26:44
/home/airflow/.local/lib/python3.7/site-packages/airflow/example_dags/tutorial.py                                                          1           0  0.05s           2026-03-03T01:26:44
/home/airflow/.local/lib/python3.7/site-packages/airflow/example_dags/example_params_ui_tutorial.py                                        1           0  0.13s           2026-03-03T01:26:46
/home/airflow/.local/lib/python3.7/site-packages/airflow/example_dags/example_branch_python_dop_operator_3.py                              1           0  0.10s           2026-03-03T01:26:46
/home/airflow/.local/lib/python3.7/site-packages/airflow/example_dags/tutorial_taskflow_api_virtualenv.py                                  1           0  0.05s           2026-03-03T01:26:46
/home/airflow/.local/lib/python3.7/site-packages/airflow/example_dags/example_kubernetes_executor.py                                       1           0  0.18s           2026-03-03T01:26:55
/home/airflow/.local/lib/python3.7/site-packages/airflow/example_dags/example_nested_branch_dag.py                                         1           0  0.08s           2026-03-03T01:26:48
/home/airflow/.local/lib/python3.7/site-packages/airflow/example_dags/example_external_task_marker_dag.py                                  2           0  0.09s           2026-03-03T01:26:40
/home/airflow/.local/lib/python3.7/site-packages/airflow/example_dags/example_xcomargs.py                                                  2           0  0.09s           2026-03-03T01:26:41
/home/airflow/.local/lib/python3.7/site-packages/airflow/example_dags/example_branch_datetime_operator.py                                  3           0  0.08s           2026-03-03T01:26:44
/home/airflow/.local/lib/python3.7/site-packages/airflow/example_dags/example_subdag_operator.py                                           3           0  0.09s           2026-03-03T01:26:48
/home/airflow/.local/lib/python3.7/site-packages/airflow/example_dags/example_datasets.py                                                  6           0  0.09s           2026-03-03T01:26:38
================================================================================
[2026-03-03T01:27:10.340+0000] {manager.py:758} INFO - Searching for files in /opt/airflow/dags
[2026-03-03T01:27:10.357+0000] {manager.py:761} INFO - There are 45 files in /opt/airflow/dags
[2026-03-03T01:27:32.771+0000] {manager.py:889} INFO - 
================================================================================
DAG File Processing Stats

File Path                                                                                                         PID    Runtime      # DAGs    # Errors  Last Runtime    Last Run
----------------------------------------------------------------------------------------------------------------  -----  ---------  --------  ----------  --------------  -------------------
/home/airflow/.local/lib/python3.7/site-packages/airflow/example_dags/example_setup_teardown_taskflow.py                                   0           0  0.01s           2026-03-03T01:27:07
/home/airflow/.local/lib/python3.7/site-packages/airflow/example_dags/example_setup_teardown.py                                            0           0  0.01s           2026-03-03T01:27:09
/home/airflow/.local/lib/python3.7/site-packages/airflow/example_dags/plugins/listener_plugin.py                                           0           0  0.02s           2026-03-03T01:27:19
/home/airflow/.local/lib/python3.7/site-packages/airflow/example_dags/plugins/event_listener.py                                            0           0  0.02s           2026-03-03T01:27:19
/home/airflow/.local/lib/python3.7/site-packages/airflow/example_dags/plugins/workday.py                                                   0           0  0.23s           2026-03-03T01:27:26
/home/airflow/.local/lib/python3.7/site-packages/airflow/example_dags/subdags/subdag.py                                                    0           0  0.02s           2026-03-03T01:27:26
/home/airflow/.local/lib/python3.7/site-packages/airflow/example_dags/example_sla_dag.py                                                   1           0  0.07s           2026-03-03T01:27:07
/home/airflow/.local/lib/python3.7/site-packages/airflow/example_dags/example_task_group_decorator.py                                      1           0  0.06s           2026-03-03T01:27:07
/home/airflow/.local/lib/python3.7/site-packages/airflow/example_dags/example_local_kubernetes_executor.py                                 1           0  0.17s           2026-03-03T01:27:11
/home/airflow/.local/lib/python3.7/site-packages/airflow/example_dags/example_branch_labels.py                                             1           0  0.09s           2026-03-03T01:27:08
/home/airflow/.local/lib/python3.7/site-packages/airflow/example_dags/example_dynamic_task_mapping.py                                      1           0  0.08s           2026-03-03T01:27:08
/home/airflow/.local/lib/python3.7/site-packages/airflow/example_dags/example_passing_params_via_test_command.py                           1           0  0.07s           2026-03-03T01:27:08
/home/airflow/.local/lib/python3.7/site-packages/airflow/example_dags/example_task_group.py                                                1           0  0.06s           2026-03-03T01:27:09
/home/airflow/.local/lib/python3.7/site-packages/airflow/example_dags/example_sensor_decorator.py                                          1           0  0.05s           2026-03-03T01:27:09
/home/airflow/.local/lib/python3.7/site-packages/airflow/example_dags/example_xcom.py                                                      1           0  0.05s           2026-03-03T01:27:09
/home/airflow/.local/lib/python3.7/site-packages/airflow/example_dags/example_branch_operator_decorator.py                                 1           0  0.04s           2026-03-03T01:27:09
/home/airflow/.local/lib/python3.7/site-packages/airflow/example_dags/example_short_circuit_decorator.py                                   1           0  0.05s           2026-03-03T01:27:10
/home/airflow/.local/lib/python3.7/site-packages/airflow/example_dags/example_branch_day_of_week_operator.py                               1           0  0.07s           2026-03-03T01:27:11
/home/airflow/.local/lib/python3.7/site-packages/airflow/example_dags/example_skip_dag.py                                                  1           0  0.06s           2026-03-03T01:27:11
/home/airflow/.local/lib/python3.7/site-packages/airflow/example_dags/example_latest_only.py                                               1           0  0.06s           2026-03-03T01:27:11
/home/airflow/.local/lib/python3.7/site-packages/airflow/example_dags/tutorial_dag.py                                                      1           0  0.04s           2026-03-03T01:27:11
/home/airflow/.local/lib/python3.7/site-packages/airflow/example_dags/example_complex.py                                                   1           0  0.06s           2026-03-03T01:27:11
/home/airflow/.local/lib/python3.7/site-packages/airflow/example_dags/example_bash_operator.py                                             1           0  0.08s           2026-03-03T01:27:12
/home/airflow/.local/lib/python3.7/site-packages/airflow/example_dags/example_sensors.py                                                   1           0  0.05s           2026-03-03T01:27:12
/home/airflow/.local/lib/python3.7/site-packages/airflow/example_dags/example_time_delta_sensor_async.py                                   1           0  0.06s           2026-03-03T01:27:12
/home/airflow/.local/lib/python3.7/site-packages/airflow/example_dags/example_latest_only_with_trigger.py                                  1           0  0.06s           2026-03-03T01:27:12
/home/airflow/.local/lib/python3.7/site-packages/airflow/example_dags/example_trigger_controller_dag.py                                    1           0  0.04s           2026-03-03T01:27:12
/home/airflow/.local/lib/python3.7/site-packages/airflow/example_dags/example_short_circuit_operator.py                                    1           0  0.05s           2026-03-03T01:27:13
/home/airflow/.local/lib/python3.7/site-packages/airflow/example_dags/example_params_trigger_ui.py                                         1           0  0.10s           2026-03-03T01:27:14
/home/airflow/.local/lib/python3.7/site-packages/airflow/example_dags/example_dag_decorator.py                                             1           0  0.08s           2026-03-03T01:27:21
/home/airflow/.local/lib/python3.7/site-packages/airflow/example_dags/example_python_operator.py                                           1           0  0.07s           2026-03-03T01:27:15
/home/airflow/.local/lib/python3.7/site-packages/airflow/example_dags/example_trigger_target_dag.py                                        1           0  0.06s           2026-03-03T01:27:15
/home/airflow/.local/lib/python3.7/site-packages/airflow/example_dags/example_branch_operator.py                                           1           0  0.07s           2026-03-03T01:27:15
/home/airflow/.local/lib/python3.7/site-packages/airflow/example_dags/tutorial_taskflow_api.py                                             1           0  0.06s           2026-03-03T01:27:15
/home/airflow/.local/lib/python3.7/site-packages/airflow/example_dags/tutorial.py                                                          1           0  0.04s           2026-03-03T01:27:15
/home/airflow/.local/lib/python3.7/site-packages/airflow/example_dags/example_params_ui_tutorial.py                                        1           0  0.11s           2026-03-03T01:27:17
/home/airflow/.local/lib/python3.7/site-packages/airflow/example_dags/example_branch_python_dop_operator_3.py                              1           0  0.07s           2026-03-03T01:27:17
/home/airflow/.local/lib/python3.7/site-packages/airflow/example_dags/tutorial_taskflow_api_virtualenv.py                                  1           0  0.06s           2026-03-03T01:27:17
/home/airflow/.local/lib/python3.7/site-packages/airflow/example_dags/example_kubernetes_executor.py                                       1           0  0.21s           2026-03-03T01:27:26
/home/airflow/.local/lib/python3.7/site-packages/airflow/example_dags/example_nested_branch_dag.py                                         1           0  0.08s           2026-03-03T01:27:19
/home/airflow/.local/lib/python3.7/site-packages/airflow/example_dags/example_external_task_marker_dag.py                                  2           0  0.06s           2026-03-03T01:27:11
/home/airflow/.local/lib/python3.7/site-packages/airflow/example_dags/example_xcomargs.py                                                  2           0  0.07s           2026-03-03T01:27:12
/home/airflow/.local/lib/python3.7/site-packages/airflow/example_dags/example_branch_datetime_operator.py                                  3           0  0.09s           2026-03-03T01:27:14
/home/airflow/.local/lib/python3.7/site-packages/airflow/example_dags/example_subdag_operator.py                                           3           0  0.08s           2026-03-03T01:27:19
/home/airflow/.local/lib/python3.7/site-packages/airflow/example_dags/example_datasets.py                                                  6           0  0.07s           2026-03-03T01:27:09
================================================================================
[2026-03-03T01:28:03.288+0000] {manager.py:889} INFO - 
================================================================================
DAG File Processing Stats

File Path                                                                                                         PID    Runtime      # DAGs    # Errors  Last Runtime    Last Run
----------------------------------------------------------------------------------------------------------------  -----  ---------  --------  ----------  --------------  -------------------
/home/airflow/.local/lib/python3.7/site-packages/airflow/example_dags/example_setup_teardown_taskflow.py                                   0           0  0.08s           2026-03-03T01:27:38
/home/airflow/.local/lib/python3.7/site-packages/airflow/example_dags/example_setup_teardown.py                                            0           0  0.10s           2026-03-03T01:27:40
/home/airflow/.local/lib/python3.7/site-packages/airflow/example_dags/plugins/listener_plugin.py                                           0           0  0.02s           2026-03-03T01:27:49
/home/airflow/.local/lib/python3.7/site-packages/airflow/example_dags/plugins/event_listener.py                                            0           0  0.02s           2026-03-03T01:27:49
/home/airflow/.local/lib/python3.7/site-packages/airflow/example_dags/plugins/workday.py                                                   0           0  0.24s           2026-03-03T01:27:57
/home/airflow/.local/lib/python3.7/site-packages/airflow/example_dags/subdags/subdag.py                                                    0           0  0.02s           2026-03-03T01:27:57
/home/airflow/.local/lib/python3.7/site-packages/airflow/example_dags/example_sla_dag.py                                                   1           0  0.30s           2026-03-03T01:27:38
/home/airflow/.local/lib/python3.7/site-packages/airflow/example_dags/example_task_group_decorator.py                                      1           0  0.32s           2026-03-03T01:27:38
/home/airflow/.local/lib/python3.7/site-packages/airflow/example_dags/example_local_kubernetes_executor.py                                 1           0  0.81s           2026-03-03T01:27:42
/home/airflow/.local/lib/python3.7/site-packages/airflow/example_dags/example_branch_labels.py                                             1           0  0.26s           2026-03-03T01:27:38
/home/airflow/.local/lib/python3.7/site-packages/airflow/example_dags/example_dynamic_task_mapping.py                                      1           0  0.26s           2026-03-03T01:27:38
/home/airflow/.local/lib/python3.7/site-packages/airflow/example_dags/example_passing_params_via_test_command.py                           1           0  0.27s           2026-03-03T01:27:38
/home/airflow/.local/lib/python3.7/site-packages/airflow/example_dags/example_task_group.py                                                1           0  0.39s           2026-03-03T01:27:39
/home/airflow/.local/lib/python3.7/site-packages/airflow/example_dags/example_sensor_decorator.py                                          1           0  0.32s           2026-03-03T01:27:40
/home/airflow/.local/lib/python3.7/site-packages/airflow/example_dags/example_xcom.py                                                      1           0  0.38s           2026-03-03T01:27:40
/home/airflow/.local/lib/python3.7/site-packages/airflow/example_dags/example_branch_operator_decorator.py                                 1           0  0.39s           2026-03-03T01:27:40
/home/airflow/.local/lib/python3.7/site-packages/airflow/example_dags/example_short_circuit_decorator.py                                   1           0  0.28s           2026-03-03T01:27:40
/home/airflow/.local/lib/python3.7/site-packages/airflow/example_dags/example_branch_day_of_week_operator.py                               1           0  0.28s           2026-03-03T01:27:42
/home/airflow/.local/lib/python3.7/site-packages/airflow/example_dags/example_skip_dag.py                                                  1           0  0.27s           2026-03-03T01:27:42
/home/airflow/.local/lib/python3.7/site-packages/airflow/example_dags/example_latest_only.py                                               1           0  0.29s           2026-03-03T01:27:42
/home/airflow/.local/lib/python3.7/site-packages/airflow/example_dags/tutorial_dag.py                                                      1           0  0.29s           2026-03-03T01:27:42
/home/airflow/.local/lib/python3.7/site-packages/airflow/example_dags/example_complex.py                                                   1           0  0.33s           2026-03-03T01:27:43
/home/airflow/.local/lib/python3.7/site-packages/airflow/example_dags/example_bash_operator.py                                             1           0  0.33s           2026-03-03T01:27:43
/home/airflow/.local/lib/python3.7/site-packages/airflow/example_dags/example_sensors.py                                                   1           0  0.28s           2026-03-03T01:27:43
/home/airflow/.local/lib/python3.7/site-packages/airflow/example_dags/example_time_delta_sensor_async.py                                   1           0  0.26s           2026-03-03T01:27:43
/home/airflow/.local/lib/python3.7/site-packages/airflow/example_dags/example_latest_only_with_trigger.py                                  1           0  0.24s           2026-03-03T01:27:43
/home/airflow/.local/lib/python3.7/site-packages/airflow/example_dags/example_trigger_controller_dag.py                                    1           0  0.23s           2026-03-03T01:27:44
/home/airflow/.local/lib/python3.7/site-packages/airflow/example_dags/example_short_circuit_operator.py                                    1           0  0.28s           2026-03-03T01:27:44
/home/airflow/.local/lib/python3.7/site-packages/airflow/example_dags/example_params_trigger_ui.py                                         1           0  0.46s           2026-03-03T01:27:45
/home/airflow/.local/lib/python3.7/site-packages/airflow/example_dags/example_dag_decorator.py                                             1           0  0.08s           2026-03-03T01:27:51
/home/airflow/.local/lib/python3.7/site-packages/airflow/example_dags/example_python_operator.py                                           1           0  0.31s           2026-03-03T01:27:45
/home/airflow/.local/lib/python3.7/site-packages/airflow/example_dags/example_trigger_target_dag.py                                        1           0  0.24s           2026-03-03T01:27:45
/home/airflow/.local/lib/python3.7/site-packages/airflow/example_dags/example_branch_operator.py                                           1           0  0.27s           2026-03-03T01:27:46
/home/airflow/.local/lib/python3.7/site-packages/airflow/example_dags/tutorial_taskflow_api.py                                             1           0  0.25s           2026-03-03T01:27:46
/home/airflow/.local/lib/python3.7/site-packages/airflow/example_dags/tutorial.py                                                          1           0  0.22s           2026-03-03T01:27:46
/home/airflow/.local/lib/python3.7/site-packages/airflow/example_dags/example_params_ui_tutorial.py                                        1           0  0.44s           2026-03-03T01:27:47
/home/airflow/.local/lib/python3.7/site-packages/airflow/example_dags/example_branch_python_dop_operator_3.py                              1           0  0.27s           2026-03-03T01:27:47
/home/airflow/.local/lib/python3.7/site-packages/airflow/example_dags/tutorial_taskflow_api_virtualenv.py                                  1           0  0.24s           2026-03-03T01:27:47
/home/airflow/.local/lib/python3.7/site-packages/airflow/example_dags/example_kubernetes_executor.py                                       1           0  0.22s           2026-03-03T01:27:57
/home/airflow/.local/lib/python3.7/site-packages/airflow/example_dags/example_nested_branch_dag.py                                         1           0  0.08s           2026-03-03T01:27:49
/home/airflow/.local/lib/python3.7/site-packages/airflow/example_dags/example_external_task_marker_dag.py                                  2           0  0.32s           2026-03-03T01:27:42
/home/airflow/.local/lib/python3.7/site-packages/airflow/example_dags/example_xcomargs.py                                                  2           0  0.29s           2026-03-03T01:27:43
/home/airflow/.local/lib/python3.7/site-packages/airflow/example_dags/example_branch_datetime_operator.py                                  3           0  0.32s           2026-03-03T01:27:45
/home/airflow/.local/lib/python3.7/site-packages/airflow/example_dags/example_subdag_operator.py                                           3           0  0.09s           2026-03-03T01:27:49
/home/airflow/.local/lib/python3.7/site-packages/airflow/example_dags/example_datasets.py                                                  6           0  0.53s           2026-03-03T01:27:40
================================================================================
[2026-03-03T01:28:33.332+0000] {manager.py:889} INFO - 
================================================================================
DAG File Processing Stats

File Path                                                                                                         PID    Runtime      # DAGs    # Errors  Last Runtime    Last Run
----------------------------------------------------------------------------------------------------------------  -----  ---------  --------  ----------  --------------  -------------------
/home/airflow/.local/lib/python3.7/site-packages/airflow/example_dags/example_setup_teardown_taskflow.py                                   0           0  0.02s           2026-03-03T01:28:08
/home/airflow/.local/lib/python3.7/site-packages/airflow/example_dags/example_setup_teardown.py                                            0           0  0.03s           2026-03-03T01:28:10
/home/airflow/.local/lib/python3.7/site-packages/airflow/example_dags/plugins/listener_plugin.py                                           0           0  0.02s           2026-03-03T01:28:20
/home/airflow/.local/lib/python3.7/site-packages/airflow/example_dags/plugins/event_listener.py                                            0           0  0.02s           2026-03-03T01:28:20
/home/airflow/.local/lib/python3.7/site-packages/airflow/example_dags/plugins/workday.py                                                   0           0  0.19s           2026-03-03T01:28:28
/home/airflow/.local/lib/python3.7/site-packages/airflow/example_dags/subdags/subdag.py                                                    0           0  0.02s           2026-03-03T01:28:28
/home/airflow/.local/lib/python3.7/site-packages/airflow/example_dags/example_sla_dag.py                                                   1           0  0.08s           2026-03-03T01:28:08
/home/airflow/.local/lib/python3.7/site-packages/airflow/example_dags/example_task_group_decorator.py                                      1           0  0.08s           2026-03-03T01:28:08
/home/airflow/.local/lib/python3.7/site-packages/airflow/example_dags/example_local_kubernetes_executor.py                                 1           0  0.18s           2026-03-03T01:28:12
/home/airflow/.local/lib/python3.7/site-packages/airflow/example_dags/example_branch_labels.py                                             1           0  0.10s           2026-03-03T01:28:09
/home/airflow/.local/lib/python3.7/site-packages/airflow/example_dags/example_dynamic_task_mapping.py                                      1           0  0.09s           2026-03-03T01:28:09
/home/airflow/.local/lib/python3.7/site-packages/airflow/example_dags/example_passing_params_via_test_command.py                           1           0  0.06s           2026-03-03T01:28:09
/home/airflow/.local/lib/python3.7/site-packages/airflow/example_dags/example_task_group.py                                                1           0  0.09s           2026-03-03T01:28:10
/home/airflow/.local/lib/python3.7/site-packages/airflow/example_dags/example_sensor_decorator.py                                          1           0  0.06s           2026-03-03T01:28:10
/home/airflow/.local/lib/python3.7/site-packages/airflow/example_dags/example_xcom.py                                                      1           0  0.06s           2026-03-03T01:28:10
/home/airflow/.local/lib/python3.7/site-packages/airflow/example_dags/example_branch_operator_decorator.py                                 1           0  0.05s           2026-03-03T01:28:10
/home/airflow/.local/lib/python3.7/site-packages/airflow/example_dags/example_short_circuit_decorator.py                                   1           0  0.07s           2026-03-03T01:28:11
/home/airflow/.local/lib/python3.7/site-packages/airflow/example_dags/example_branch_day_of_week_operator.py                               1           0  0.07s           2026-03-03T01:28:12
/home/airflow/.local/lib/python3.7/site-packages/airflow/example_dags/example_skip_dag.py                                                  1           0  0.06s           2026-03-03T01:28:12
/home/airflow/.local/lib/python3.7/site-packages/airflow/example_dags/example_latest_only.py                                               1           0  0.07s           2026-03-03T01:28:13
/home/airflow/.local/lib/python3.7/site-packages/airflow/example_dags/tutorial_dag.py                                                      1           0  0.06s           2026-03-03T01:28:13
/home/airflow/.local/lib/python3.7/site-packages/airflow/example_dags/example_complex.py                                                   1           0  0.09s           2026-03-03T01:28:14
/home/airflow/.local/lib/python3.7/site-packages/airflow/example_dags/example_bash_operator.py                                             1           0  0.09s           2026-03-03T01:28:14
/home/airflow/.local/lib/python3.7/site-packages/airflow/example_dags/example_sensors.py                                                   1           0  0.06s           2026-03-03T01:28:14
/home/airflow/.local/lib/python3.7/site-packages/airflow/example_dags/example_time_delta_sensor_async.py                                   1           0  0.06s           2026-03-03T01:28:14
/home/airflow/.local/lib/python3.7/site-packages/airflow/example_dags/example_latest_only_with_trigger.py                                  1           0  0.04s           2026-03-03T01:28:14
/home/airflow/.local/lib/python3.7/site-packages/airflow/example_dags/example_trigger_controller_dag.py                                    1           0  0.04s           2026-03-03T01:28:14
/home/airflow/.local/lib/python3.7/site-packages/airflow/example_dags/example_short_circuit_operator.py                                    1           0  0.04s           2026-03-03T01:28:14
/home/airflow/.local/lib/python3.7/site-packages/airflow/example_dags/example_params_trigger_ui.py                                         1           0  0.11s           2026-03-03T01:28:16
/home/airflow/.local/lib/python3.7/site-packages/airflow/example_dags/example_dag_decorator.py                                             1           0  0.09s           2026-03-03T01:28:22
/home/airflow/.local/lib/python3.7/site-packages/airflow/example_dags/example_python_operator.py                                           1           0  0.06s           2026-03-03T01:28:16
/home/airflow/.local/lib/python3.7/site-packages/airflow/example_dags/example_trigger_target_dag.py                                        1           0  0.05s           2026-03-03T01:28:16
/home/airflow/.local/lib/python3.7/site-packages/airflow/example_dags/example_branch_operator.py                                           1           0  0.04s           2026-03-03T01:28:16
/home/airflow/.local/lib/python3.7/site-packages/airflow/example_dags/tutorial_taskflow_api.py                                             1           0  0.06s           2026-03-03T01:28:16
/home/airflow/.local/lib/python3.7/site-packages/airflow/example_dags/tutorial.py                                                          1           0  0.06s           2026-03-03T01:28:16
/home/airflow/.local/lib/python3.7/site-packages/airflow/example_dags/example_params_ui_tutorial.py                                        1           0  0.11s           2026-03-03T01:28:18
/home/airflow/.local/lib/python3.7/site-packages/airflow/example_dags/example_branch_python_dop_operator_3.py                              1           0  0.08s           2026-03-03T01:28:17
/home/airflow/.local/lib/python3.7/site-packages/airflow/example_dags/tutorial_taskflow_api_virtualenv.py                                  1           0  0.08s           2026-03-03T01:28:18
/home/airflow/.local/lib/python3.7/site-packages/airflow/example_dags/example_kubernetes_executor.py                                       1           0  0.16s           2026-03-03T01:28:28
/home/airflow/.local/lib/python3.7/site-packages/airflow/example_dags/example_nested_branch_dag.py                                         1           0  0.09s           2026-03-03T01:28:20
/home/airflow/.local/lib/python3.7/site-packages/airflow/example_dags/example_external_task_marker_dag.py                                  2           0  0.05s           2026-03-03T01:28:13
/home/airflow/.local/lib/python3.7/site-packages/airflow/example_dags/example_xcomargs.py                                                  2           0  0.05s           2026-03-03T01:28:14
/home/airflow/.local/lib/python3.7/site-packages/airflow/example_dags/example_branch_datetime_operator.py                                  3           0  0.09s           2026-03-03T01:28:16
/home/airflow/.local/lib/python3.7/site-packages/airflow/example_dags/example_subdag_operator.py                                           3           0  0.10s           2026-03-03T01:28:20
/home/airflow/.local/lib/python3.7/site-packages/airflow/example_dags/example_datasets.py                                                  6           0  0.10s           2026-03-03T01:28:10
================================================================================
[2026-03-03T01:29:04.223+0000] {manager.py:889} INFO - 
================================================================================
DAG File Processing Stats

File Path                                                                                                         PID    Runtime      # DAGs    # Errors  Last Runtime    Last Run
----------------------------------------------------------------------------------------------------------------  -----  ---------  --------  ----------  --------------  -------------------
/home/airflow/.local/lib/python3.7/site-packages/airflow/example_dags/example_setup_teardown_taskflow.py                                   0           0  0.07s           2026-03-03T01:28:38
/home/airflow/.local/lib/python3.7/site-packages/airflow/example_dags/example_setup_teardown.py                                            0           0  0.08s           2026-03-03T01:28:41
/home/airflow/.local/lib/python3.7/site-packages/airflow/example_dags/plugins/listener_plugin.py                                           0           0  0.07s           2026-03-03T01:28:52
/home/airflow/.local/lib/python3.7/site-packages/airflow/example_dags/plugins/event_listener.py                                            0           0  0.07s           2026-03-03T01:28:52
/home/airflow/.local/lib/python3.7/site-packages/airflow/example_dags/plugins/workday.py                                                   0           0  0.84s           2026-03-03T01:28:59
/home/airflow/.local/lib/python3.7/site-packages/airflow/example_dags/subdags/subdag.py                                                    0           0  0.07s           2026-03-03T01:28:59
/home/airflow/.local/lib/python3.7/site-packages/airflow/example_dags/example_sla_dag.py                                                   1           0  0.30s           2026-03-03T01:28:38
/home/airflow/.local/lib/python3.7/site-packages/airflow/example_dags/example_task_group_decorator.py                                      1           0  0.33s           2026-03-03T01:28:38
/home/airflow/.local/lib/python3.7/site-packages/airflow/example_dags/example_local_kubernetes_executor.py                                 1           0  0.65s           2026-03-03T01:28:43
/home/airflow/.local/lib/python3.7/site-packages/airflow/example_dags/example_branch_labels.py                                             1           0  0.30s           2026-03-03T01:28:40
/home/airflow/.local/lib/python3.7/site-packages/airflow/example_dags/example_dynamic_task_mapping.py                                      1           0  0.28s           2026-03-03T01:28:40
/home/airflow/.local/lib/python3.7/site-packages/airflow/example_dags/example_passing_params_via_test_command.py                           1           0  0.27s           2026-03-03T01:28:40
/home/airflow/.local/lib/python3.7/site-packages/airflow/example_dags/example_task_group.py                                                1           0  0.27s           2026-03-03T01:28:41
/home/airflow/.local/lib/python3.7/site-packages/airflow/example_dags/example_sensor_decorator.py                                          1           0  0.26s           2026-03-03T01:28:41
/home/airflow/.local/lib/python3.7/site-packages/airflow/example_dags/example_xcom.py                                                      1           0  0.25s           2026-03-03T01:28:41
/home/airflow/.local/lib/python3.7/site-packages/airflow/example_dags/example_branch_operator_decorator.py                                 1           0  0.25s           2026-03-03T01:28:42
/home/airflow/.local/lib/python3.7/site-packages/airflow/example_dags/example_short_circuit_decorator.py                                   1           0  0.23s           2026-03-03T01:28:42
/home/airflow/.local/lib/python3.7/site-packages/airflow/example_dags/example_branch_day_of_week_operator.py                               1           0  0.22s           2026-03-03T01:28:43
/home/airflow/.local/lib/python3.7/site-packages/airflow/example_dags/example_skip_dag.py                                                  1           0  0.23s           2026-03-03T01:28:43
/home/airflow/.local/lib/python3.7/site-packages/airflow/example_dags/example_latest_only.py                                               1           0  0.24s           2026-03-03T01:28:43
/home/airflow/.local/lib/python3.7/site-packages/airflow/example_dags/tutorial_dag.py                                                      1           0  0.23s           2026-03-03T01:28:43
/home/airflow/.local/lib/python3.7/site-packages/airflow/example_dags/example_complex.py                                                   1           0  0.31s           2026-03-03T01:28:45
/home/airflow/.local/lib/python3.7/site-packages/airflow/example_dags/example_bash_operator.py                                             1           0  0.31s           2026-03-03T01:28:45
/home/airflow/.local/lib/python3.7/site-packages/airflow/example_dags/example_sensors.py                                                   1           0  0.28s           2026-03-03T01:28:45
/home/airflow/.local/lib/python3.7/site-packages/airflow/example_dags/example_time_delta_sensor_async.py                                   1           0  0.25s           2026-03-03T01:28:45
/home/airflow/.local/lib/python3.7/site-packages/airflow/example_dags/example_latest_only_with_trigger.py                                  1           0  0.26s           2026-03-03T01:28:46
/home/airflow/.local/lib/python3.7/site-packages/airflow/example_dags/example_trigger_controller_dag.py                                    1           0  0.25s           2026-03-03T01:28:46
/home/airflow/.local/lib/python3.7/site-packages/airflow/example_dags/example_short_circuit_operator.py                                    1           0  0.23s           2026-03-03T01:28:46
/home/airflow/.local/lib/python3.7/site-packages/airflow/example_dags/example_params_trigger_ui.py                                         1           0  0.48s           2026-03-03T01:28:47
/home/airflow/.local/lib/python3.7/site-packages/airflow/example_dags/example_dag_decorator.py                                             1           0  0.34s           2026-03-03T01:28:53
/home/airflow/.local/lib/python3.7/site-packages/airflow/example_dags/example_python_operator.py                                           1           0  0.28s           2026-03-03T01:28:47
/home/airflow/.local/lib/python3.7/site-packages/airflow/example_dags/example_trigger_target_dag.py                                        1           0  0.23s           2026-03-03T01:28:47
/home/airflow/.local/lib/python3.7/site-packages/airflow/example_dags/example_branch_operator.py                                           1           0  0.27s           2026-03-03T01:28:48
/home/airflow/.local/lib/python3.7/site-packages/airflow/example_dags/tutorial_taskflow_api.py                                             1           0  0.24s           2026-03-03T01:28:48
/home/airflow/.local/lib/python3.7/site-packages/airflow/example_dags/tutorial.py                                                          1           0  0.25s           2026-03-03T01:28:48
/home/airflow/.local/lib/python3.7/site-packages/airflow/example_dags/example_params_ui_tutorial.py                                        1           0  0.39s           2026-03-03T01:28:49
/home/airflow/.local/lib/python3.7/site-packages/airflow/example_dags/example_branch_python_dop_operator_3.py                              1           0  0.26s           2026-03-03T01:28:48
/home/airflow/.local/lib/python3.7/site-packages/airflow/example_dags/tutorial_taskflow_api_virtualenv.py                                  1           0  0.23s           2026-03-03T01:28:49
/home/airflow/.local/lib/python3.7/site-packages/airflow/example_dags/example_kubernetes_executor.py                                       1           0  0.70s           2026-03-03T01:28:58
/home/airflow/.local/lib/python3.7/site-packages/airflow/example_dags/example_nested_branch_dag.py                                         1           0  0.26s           2026-03-03T01:28:51
/home/airflow/.local/lib/python3.7/site-packages/airflow/example_dags/example_external_task_marker_dag.py                                  2           0  0.24s           2026-03-03T01:28:44
/home/airflow/.local/lib/python3.7/site-packages/airflow/example_dags/example_xcomargs.py                                                  2           0  0.23s           2026-03-03T01:28:45
/home/airflow/.local/lib/python3.7/site-packages/airflow/example_dags/example_branch_datetime_operator.py                                  3           0  0.34s           2026-03-03T01:28:47
/home/airflow/.local/lib/python3.7/site-packages/airflow/example_dags/example_subdag_operator.py                                           3           0  0.32s           2026-03-03T01:28:51
/home/airflow/.local/lib/python3.7/site-packages/airflow/example_dags/example_datasets.py                                                  6           0  0.40s           2026-03-03T01:28:41
================================================================================
[2026-03-03T01:29:35.155+0000] {manager.py:889} INFO - 
================================================================================
DAG File Processing Stats

File Path                                                                                                         PID    Runtime      # DAGs    # Errors  Last Runtime    Last Run
----------------------------------------------------------------------------------------------------------------  -----  ---------  --------  ----------  --------------  -------------------
/home/airflow/.local/lib/python3.7/site-packages/airflow/example_dags/example_setup_teardown_taskflow.py                                   0           0  0.02s           2026-03-03T01:29:09
/home/airflow/.local/lib/python3.7/site-packages/airflow/example_dags/example_setup_teardown.py                                            0           0  0.03s           2026-03-03T01:29:12
/home/airflow/.local/lib/python3.7/site-packages/airflow/example_dags/plugins/listener_plugin.py                                           0           0  0.02s           2026-03-03T01:29:22
/home/airflow/.local/lib/python3.7/site-packages/airflow/example_dags/plugins/event_listener.py                                            0           0  0.02s           2026-03-03T01:29:22
/home/airflow/.local/lib/python3.7/site-packages/airflow/example_dags/plugins/workday.py                                                   0           0  0.22s           2026-03-03T01:29:30
/home/airflow/.local/lib/python3.7/site-packages/airflow/example_dags/subdags/subdag.py                                                    0           0  0.02s           2026-03-03T01:29:30
/home/airflow/.local/lib/python3.7/site-packages/airflow/example_dags/example_sla_dag.py                                                   1           0  0.07s           2026-03-03T01:29:09
/home/airflow/.local/lib/python3.7/site-packages/airflow/example_dags/example_task_group_decorator.py                                      1           0  0.07s           2026-03-03T01:29:09
/home/airflow/.local/lib/python3.7/site-packages/airflow/example_dags/example_local_kubernetes_executor.py                                 1           0  0.18s           2026-03-03T01:29:13
/home/airflow/.local/lib/python3.7/site-packages/airflow/example_dags/example_branch_labels.py                                             1           0  0.08s           2026-03-03T01:29:10
/home/airflow/.local/lib/python3.7/site-packages/airflow/example_dags/example_dynamic_task_mapping.py                                      1           0  0.08s           2026-03-03T01:29:10
/home/airflow/.local/lib/python3.7/site-packages/airflow/example_dags/example_passing_params_via_test_command.py                           1           0  0.05s           2026-03-03T01:29:10
/home/airflow/.local/lib/python3.7/site-packages/airflow/example_dags/example_task_group.py                                                1           0  0.07s           2026-03-03T01:29:11
/home/airflow/.local/lib/python3.7/site-packages/airflow/example_dags/example_sensor_decorator.py                                          1           0  0.07s           2026-03-03T01:29:12
/home/airflow/.local/lib/python3.7/site-packages/airflow/example_dags/example_xcom.py                                                      1           0  0.06s           2026-03-03T01:29:12
/home/airflow/.local/lib/python3.7/site-packages/airflow/example_dags/example_branch_operator_decorator.py                                 1           0  0.07s           2026-03-03T01:29:12
/home/airflow/.local/lib/python3.7/site-packages/airflow/example_dags/example_short_circuit_decorator.py                                   1           0  0.06s           2026-03-03T01:29:12
/home/airflow/.local/lib/python3.7/site-packages/airflow/example_dags/example_branch_day_of_week_operator.py                               1           0  0.07s           2026-03-03T01:29:13
/home/airflow/.local/lib/python3.7/site-packages/airflow/example_dags/example_skip_dag.py                                                  1           0  0.07s           2026-03-03T01:29:13
/home/airflow/.local/lib/python3.7/site-packages/airflow/example_dags/example_latest_only.py                                               1           0  0.05s           2026-03-03T01:29:13
/home/airflow/.local/lib/python3.7/site-packages/airflow/example_dags/tutorial_dag.py                                                      1           0  0.04s           2026-03-03T01:29:14
/home/airflow/.local/lib/python3.7/site-packages/airflow/example_dags/example_complex.py                                                   1           0  0.09s           2026-03-03T01:29:16
/home/airflow/.local/lib/python3.7/site-packages/airflow/example_dags/example_bash_operator.py                                             1           0  0.09s           2026-03-03T01:29:16
/home/airflow/.local/lib/python3.7/site-packages/airflow/example_dags/example_sensors.py                                                   1           0  0.07s           2026-03-03T01:29:16
/home/airflow/.local/lib/python3.7/site-packages/airflow/example_dags/example_time_delta_sensor_async.py                                   1           0  0.06s           2026-03-03T01:29:16
/home/airflow/.local/lib/python3.7/site-packages/airflow/example_dags/example_latest_only_with_trigger.py                                  1           0  0.06s           2026-03-03T01:29:16
/home/airflow/.local/lib/python3.7/site-packages/airflow/example_dags/example_trigger_controller_dag.py                                    1           0  0.04s           2026-03-03T01:29:16
/home/airflow/.local/lib/python3.7/site-packages/airflow/example_dags/example_short_circuit_operator.py                                    1           0  0.07s           2026-03-03T01:29:17
/home/airflow/.local/lib/python3.7/site-packages/airflow/example_dags/example_params_trigger_ui.py                                         1           0  0.12s           2026-03-03T01:29:18
/home/airflow/.local/lib/python3.7/site-packages/airflow/example_dags/example_dag_decorator.py                                             1           0  0.09s           2026-03-03T01:29:23
/home/airflow/.local/lib/python3.7/site-packages/airflow/example_dags/example_python_operator.py                                           1           0  0.07s           2026-03-03T01:29:18
/home/airflow/.local/lib/python3.7/site-packages/airflow/example_dags/example_trigger_target_dag.py                                        1           0  0.06s           2026-03-03T01:29:18
/home/airflow/.local/lib/python3.7/site-packages/airflow/example_dags/example_branch_operator.py                                           1           0  0.07s           2026-03-03T01:29:18
/home/airflow/.local/lib/python3.7/site-packages/airflow/example_dags/tutorial_taskflow_api.py                                             1           0  0.06s           2026-03-03T01:29:18
/home/airflow/.local/lib/python3.7/site-packages/airflow/example_dags/tutorial.py                                                          1           0  0.04s           2026-03-03T01:29:18
/home/airflow/.local/lib/python3.7/site-packages/airflow/example_dags/example_params_ui_tutorial.py                                        1           0  0.10s           2026-03-03T01:29:20
/home/airflow/.local/lib/python3.7/site-packages/airflow/example_dags/example_branch_python_dop_operator_3.py                              1           0  0.04s           2026-03-03T01:29:18
/home/airflow/.local/lib/python3.7/site-packages/airflow/example_dags/tutorial_taskflow_api_virtualenv.py                                  1           0  0.07s           2026-03-03T01:29:19
/home/airflow/.local/lib/python3.7/site-packages/airflow/example_dags/example_kubernetes_executor.py                                       1           0  0.18s           2026-03-03T01:29:30
/home/airflow/.local/lib/python3.7/site-packages/airflow/example_dags/example_nested_branch_dag.py                                         1           0  0.06s           2026-03-03T01:29:22
/home/airflow/.local/lib/python3.7/site-packages/airflow/example_dags/example_external_task_marker_dag.py                                  2           0  0.07s           2026-03-03T01:29:15
/home/airflow/.local/lib/python3.7/site-packages/airflow/example_dags/example_xcomargs.py                                                  2           0  0.07s           2026-03-03T01:29:16
/home/airflow/.local/lib/python3.7/site-packages/airflow/example_dags/example_branch_datetime_operator.py                                  3           0  0.09s           2026-03-03T01:29:18
/home/airflow/.local/lib/python3.7/site-packages/airflow/example_dags/example_subdag_operator.py                                           3           0  0.07s           2026-03-03T01:29:22
/home/airflow/.local/lib/python3.7/site-packages/airflow/example_dags/example_datasets.py                                                  6           0  0.11s           2026-03-03T01:29:12
================================================================================
[2026-03-03T01:30:05.192+0000] {manager.py:889} INFO - 
================================================================================
DAG File Processing Stats

File Path                                                                                                         PID    Runtime      # DAGs    # Errors  Last Runtime    Last Run
----------------------------------------------------------------------------------------------------------------  -----  ---------  --------  ----------  --------------  -------------------
/home/airflow/.local/lib/python3.7/site-packages/airflow/example_dags/example_setup_teardown_taskflow.py                                   0           0  0.09s           2026-03-03T01:29:40
/home/airflow/.local/lib/python3.7/site-packages/airflow/example_dags/example_setup_teardown.py                                            0           0  0.09s           2026-03-03T01:29:44
/home/airflow/.local/lib/python3.7/site-packages/airflow/example_dags/plugins/listener_plugin.py                                           0           0  0.09s           2026-03-03T01:29:53
/home/airflow/.local/lib/python3.7/site-packages/airflow/example_dags/plugins/event_listener.py                                            0           0  0.08s           2026-03-03T01:29:53
/home/airflow/.local/lib/python3.7/site-packages/airflow/example_dags/plugins/workday.py                                                   0           0  0.80s           2026-03-03T01:30:01
/home/airflow/.local/lib/python3.7/site-packages/airflow/example_dags/subdags/subdag.py                                                    0           0  0.07s           2026-03-03T01:30:01
/home/airflow/.local/lib/python3.7/site-packages/airflow/example_dags/example_sla_dag.py                                                   1           0  0.33s           2026-03-03T01:29:40
/home/airflow/.local/lib/python3.7/site-packages/airflow/example_dags/example_task_group_decorator.py                                      1           0  0.35s           2026-03-03T01:29:40
/home/airflow/.local/lib/python3.7/site-packages/airflow/example_dags/example_local_kubernetes_executor.py                                 1           0  0.79s           2026-03-03T01:29:45
/home/airflow/.local/lib/python3.7/site-packages/airflow/example_dags/example_branch_labels.py                                             1           0  0.30s           2026-03-03T01:29:40
/home/airflow/.local/lib/python3.7/site-packages/airflow/example_dags/example_dynamic_task_mapping.py                                      1           0  0.28s           2026-03-03T01:29:41
/home/airflow/.local/lib/python3.7/site-packages/airflow/example_dags/example_passing_params_via_test_command.py                           1           0  0.29s           2026-03-03T01:29:41
/home/airflow/.local/lib/python3.7/site-packages/airflow/example_dags/example_task_group.py                                                1           0  0.26s           2026-03-03T01:29:42
/home/airflow/.local/lib/python3.7/site-packages/airflow/example_dags/example_sensor_decorator.py                                          1           0  0.29s           2026-03-03T01:29:43
/home/airflow/.local/lib/python3.7/site-packages/airflow/example_dags/example_xcom.py                                                      1           0  0.29s           2026-03-03T01:29:43
/home/airflow/.local/lib/python3.7/site-packages/airflow/example_dags/example_branch_operator_decorator.py                                 1           0  0.30s           2026-03-03T01:29:44
/home/airflow/.local/lib/python3.7/site-packages/airflow/example_dags/example_short_circuit_decorator.py                                   1           0  0.31s           2026-03-03T01:29:44
/home/airflow/.local/lib/python3.7/site-packages/airflow/example_dags/example_branch_day_of_week_operator.py                               1           0  0.26s           2026-03-03T01:29:44
/home/airflow/.local/lib/python3.7/site-packages/airflow/example_dags/example_skip_dag.py                                                  1           0  0.29s           2026-03-03T01:29:44
/home/airflow/.local/lib/python3.7/site-packages/airflow/example_dags/example_latest_only.py                                               1           0  0.26s           2026-03-03T01:29:45
/home/airflow/.local/lib/python3.7/site-packages/airflow/example_dags/tutorial_dag.py                                                      1           0  0.28s           2026-03-03T01:29:45
/home/airflow/.local/lib/python3.7/site-packages/airflow/example_dags/example_complex.py                                                   1           0  0.07s           2026-03-03T01:29:46
/home/airflow/.local/lib/python3.7/site-packages/airflow/example_dags/example_bash_operator.py                                             1           0  0.07s           2026-03-03T01:29:46
/home/airflow/.local/lib/python3.7/site-packages/airflow/example_dags/example_sensors.py                                                   1           0  0.05s           2026-03-03T01:29:46
/home/airflow/.local/lib/python3.7/site-packages/airflow/example_dags/example_time_delta_sensor_async.py                                   1           0  0.05s           2026-03-03T01:29:46
/home/airflow/.local/lib/python3.7/site-packages/airflow/example_dags/example_latest_only_with_trigger.py                                  1           0  0.06s           2026-03-03T01:29:46
/home/airflow/.local/lib/python3.7/site-packages/airflow/example_dags/example_trigger_controller_dag.py                                    1           0  0.04s           2026-03-03T01:29:46
/home/airflow/.local/lib/python3.7/site-packages/airflow/example_dags/example_short_circuit_operator.py                                    1           0  0.04s           2026-03-03T01:29:47
/home/airflow/.local/lib/python3.7/site-packages/airflow/example_dags/example_params_trigger_ui.py                                         1           0  0.47s           2026-03-03T01:29:49
/home/airflow/.local/lib/python3.7/site-packages/airflow/example_dags/example_dag_decorator.py                                             1           0  0.38s           2026-03-03T01:29:55
/home/airflow/.local/lib/python3.7/site-packages/airflow/example_dags/example_python_operator.py                                           1           0  0.35s           2026-03-03T01:29:49
/home/airflow/.local/lib/python3.7/site-packages/airflow/example_dags/example_trigger_target_dag.py                                        1           0  0.33s           2026-03-03T01:29:49
/home/airflow/.local/lib/python3.7/site-packages/airflow/example_dags/example_branch_operator.py                                           1           0  0.33s           2026-03-03T01:29:49
/home/airflow/.local/lib/python3.7/site-packages/airflow/example_dags/tutorial_taskflow_api.py                                             1           0  0.28s           2026-03-03T01:29:49
/home/airflow/.local/lib/python3.7/site-packages/airflow/example_dags/tutorial.py                                                          1           0  0.28s           2026-03-03T01:29:49
/home/airflow/.local/lib/python3.7/site-packages/airflow/example_dags/example_params_ui_tutorial.py                                        1           0  0.41s           2026-03-03T01:29:51
/home/airflow/.local/lib/python3.7/site-packages/airflow/example_dags/example_branch_python_dop_operator_3.py                              1           0  0.32s           2026-03-03T01:29:50
/home/airflow/.local/lib/python3.7/site-packages/airflow/example_dags/tutorial_taskflow_api_virtualenv.py                                  1           0  0.27s           2026-03-03T01:29:50
/home/airflow/.local/lib/python3.7/site-packages/airflow/example_dags/example_kubernetes_executor.py                                       1           0  0.66s           2026-03-03T01:30:01
/home/airflow/.local/lib/python3.7/site-packages/airflow/example_dags/example_nested_branch_dag.py                                         1           0  0.32s           2026-03-03T01:29:53
/home/airflow/.local/lib/python3.7/site-packages/airflow/example_dags/example_external_task_marker_dag.py                                  2           0  0.29s           2026-03-03T01:29:45
/home/airflow/.local/lib/python3.7/site-packages/airflow/example_dags/example_xcomargs.py                                                  2           0  0.06s           2026-03-03T01:29:46
/home/airflow/.local/lib/python3.7/site-packages/airflow/example_dags/example_branch_datetime_operator.py                                  3           0  0.32s           2026-03-03T01:29:48
/home/airflow/.local/lib/python3.7/site-packages/airflow/example_dags/example_subdag_operator.py                                           3           0  0.37s           2026-03-03T01:29:53
/home/airflow/.local/lib/python3.7/site-packages/airflow/example_dags/example_datasets.py                                                  6           0  0.45s           2026-03-03T01:29:43
================================================================================
[2026-03-03T01:30:35.283+0000] {manager.py:889} INFO - 
================================================================================
DAG File Processing Stats

File Path                                                                                                         PID    Runtime      # DAGs    # Errors  Last Runtime    Last Run
----------------------------------------------------------------------------------------------------------------  -----  ---------  --------  ----------  --------------  -------------------
/home/airflow/.local/lib/python3.7/site-packages/airflow/example_dags/example_setup_teardown_taskflow.py                                   0           0  0.08s           2026-03-03T01:30:11
/home/airflow/.local/lib/python3.7/site-packages/airflow/example_dags/example_setup_teardown.py                                            0           0  0.08s           2026-03-03T01:30:14
/home/airflow/.local/lib/python3.7/site-packages/airflow/example_dags/plugins/listener_plugin.py                                           0           0  0.09s           2026-03-03T01:30:24
/home/airflow/.local/lib/python3.7/site-packages/airflow/example_dags/plugins/event_listener.py                                            0           0  0.08s           2026-03-03T01:30:24
/home/airflow/.local/lib/python3.7/site-packages/airflow/example_dags/plugins/workday.py                                                   0           0  0.93s           2026-03-03T01:30:32
/home/airflow/.local/lib/python3.7/site-packages/airflow/example_dags/subdags/subdag.py                                                    0           0  0.09s           2026-03-03T01:30:31
/home/airflow/.local/lib/python3.7/site-packages/airflow/example_dags/example_sla_dag.py                                                   1           0  0.29s           2026-03-03T01:30:11
/home/airflow/.local/lib/python3.7/site-packages/airflow/example_dags/example_task_group_decorator.py                                      1           0  0.31s           2026-03-03T01:30:11
/home/airflow/.local/lib/python3.7/site-packages/airflow/example_dags/example_local_kubernetes_executor.py                                 1           0  0.75s           2026-03-03T01:30:15
/home/airflow/.local/lib/python3.7/site-packages/airflow/example_dags/example_branch_labels.py                                             1           0  0.28s           2026-03-03T01:30:11
/home/airflow/.local/lib/python3.7/site-packages/airflow/example_dags/example_dynamic_task_mapping.py                                      1           0  0.28s           2026-03-03T01:30:11
/home/airflow/.local/lib/python3.7/site-packages/airflow/example_dags/example_passing_params_via_test_command.py                           1           0  0.32s           2026-03-03T01:30:12
/home/airflow/.local/lib/python3.7/site-packages/airflow/example_dags/example_task_group.py                                                1           0  0.24s           2026-03-03T01:30:13
/home/airflow/.local/lib/python3.7/site-packages/airflow/example_dags/example_sensor_decorator.py                                          1           0  0.27s           2026-03-03T01:30:14
/home/airflow/.local/lib/python3.7/site-packages/airflow/example_dags/example_xcom.py                                                      1           0  0.28s           2026-03-03T01:30:14
/home/airflow/.local/lib/python3.7/site-packages/airflow/example_dags/example_branch_operator_decorator.py                                 1           0  0.30s           2026-03-03T01:30:14
/home/airflow/.local/lib/python3.7/site-packages/airflow/example_dags/example_short_circuit_decorator.py                                   1           0  0.28s           2026-03-03T01:30:14
/home/airflow/.local/lib/python3.7/site-packages/airflow/example_dags/example_branch_day_of_week_operator.py                               1           0  0.26s           2026-03-03T01:30:15
/home/airflow/.local/lib/python3.7/site-packages/airflow/example_dags/example_skip_dag.py                                                  1           0  0.26s           2026-03-03T01:30:15
/home/airflow/.local/lib/python3.7/site-packages/airflow/example_dags/example_latest_only.py                                               1           0  0.24s           2026-03-03T01:30:15
/home/airflow/.local/lib/python3.7/site-packages/airflow/example_dags/tutorial_dag.py                                                      1           0  0.24s           2026-03-03T01:30:15
/home/airflow/.local/lib/python3.7/site-packages/airflow/example_dags/example_complex.py                                                   1           0  0.32s           2026-03-03T01:30:17
/home/airflow/.local/lib/python3.7/site-packages/airflow/example_dags/example_bash_operator.py                                             1           0  0.32s           2026-03-03T01:30:17
/home/airflow/.local/lib/python3.7/site-packages/airflow/example_dags/example_sensors.py                                                   1           0  0.28s           2026-03-03T01:30:17
/home/airflow/.local/lib/python3.7/site-packages/airflow/example_dags/example_time_delta_sensor_async.py                                   1           0  0.25s           2026-03-03T01:30:17
/home/airflow/.local/lib/python3.7/site-packages/airflow/example_dags/example_latest_only_with_trigger.py                                  1           0  0.23s           2026-03-03T01:30:18
/home/airflow/.local/lib/python3.7/site-packages/airflow/example_dags/example_trigger_controller_dag.py                                    1           0  0.23s           2026-03-03T01:30:18
/home/airflow/.local/lib/python3.7/site-packages/airflow/example_dags/example_short_circuit_operator.py                                    1           0  0.23s           2026-03-03T01:30:18
/home/airflow/.local/lib/python3.7/site-packages/airflow/example_dags/example_params_trigger_ui.py                                         1           0  0.47s           2026-03-03T01:30:19
/home/airflow/.local/lib/python3.7/site-packages/airflow/example_dags/example_dag_decorator.py                                             1           0  0.32s           2026-03-03T01:30:25
/home/airflow/.local/lib/python3.7/site-packages/airflow/example_dags/example_python_operator.py                                           1           0  0.30s           2026-03-03T01:30:20
/home/airflow/.local/lib/python3.7/site-packages/airflow/example_dags/example_trigger_target_dag.py                                        1           0  0.26s           2026-03-03T01:30:20
/home/airflow/.local/lib/python3.7/site-packages/airflow/example_dags/example_branch_operator.py                                           1           0  0.29s           2026-03-03T01:30:20
/home/airflow/.local/lib/python3.7/site-packages/airflow/example_dags/tutorial_taskflow_api.py                                             1           0  0.27s           2026-03-03T01:30:20
/home/airflow/.local/lib/python3.7/site-packages/airflow/example_dags/tutorial.py                                                          1           0  0.26s           2026-03-03T01:30:20
/home/airflow/.local/lib/python3.7/site-packages/airflow/example_dags/example_params_ui_tutorial.py                                        1           0  0.41s           2026-03-03T01:30:22
/home/airflow/.local/lib/python3.7/site-packages/airflow/example_dags/example_branch_python_dop_operator_3.py                              1           0  0.28s           2026-03-03T01:30:20
/home/airflow/.local/lib/python3.7/site-packages/airflow/example_dags/tutorial_taskflow_api_virtualenv.py                                  1           0  0.24s           2026-03-03T01:30:20
/home/airflow/.local/lib/python3.7/site-packages/airflow/example_dags/example_kubernetes_executor.py                                       1           0  0.81s           2026-03-03T01:30:31
/home/airflow/.local/lib/python3.7/site-packages/airflow/example_dags/example_nested_branch_dag.py                                         1           0  0.31s           2026-03-03T01:30:24
/home/airflow/.local/lib/python3.7/site-packages/airflow/example_dags/example_external_task_marker_dag.py                                  2           0  0.29s           2026-03-03T01:30:16
/home/airflow/.local/lib/python3.7/site-packages/airflow/example_dags/example_xcomargs.py                                                  2           0  0.26s           2026-03-03T01:30:17
/home/airflow/.local/lib/python3.7/site-packages/airflow/example_dags/example_branch_datetime_operator.py                                  3           0  0.34s           2026-03-03T01:30:19
/home/airflow/.local/lib/python3.7/site-packages/airflow/example_dags/example_subdag_operator.py                                           3           0  0.38s           2026-03-03T01:30:24
/home/airflow/.local/lib/python3.7/site-packages/airflow/example_dags/example_datasets.py                                                  6           0  0.43s           2026-03-03T01:30:14
================================================================================
[2026-03-03T01:31:06.136+0000] {manager.py:889} INFO - 
================================================================================
DAG File Processing Stats

File Path                                                                                                         PID    Runtime      # DAGs    # Errors  Last Runtime    Last Run
----------------------------------------------------------------------------------------------------------------  -----  ---------  --------  ----------  --------------  -------------------
/home/airflow/.local/lib/python3.7/site-packages/airflow/example_dags/example_setup_teardown_taskflow.py                                   0           0  0.10s           2026-03-03T01:30:42
/home/airflow/.local/lib/python3.7/site-packages/airflow/example_dags/example_setup_teardown.py                                            0           0  0.02s           2026-03-03T01:30:45
/home/airflow/.local/lib/python3.7/site-packages/airflow/example_dags/plugins/listener_plugin.py                                           0           0  0.02s           2026-03-03T01:30:54
/home/airflow/.local/lib/python3.7/site-packages/airflow/example_dags/plugins/event_listener.py                                            0           0  0.02s           2026-03-03T01:30:54
/home/airflow/.local/lib/python3.7/site-packages/airflow/example_dags/plugins/workday.py                                                   0           0  0.24s           2026-03-03T01:31:03
/home/airflow/.local/lib/python3.7/site-packages/airflow/example_dags/subdags/subdag.py                                                    0           0  0.04s           2026-03-03T01:31:01
/home/airflow/.local/lib/python3.7/site-packages/airflow/example_dags/example_sla_dag.py                                                   1           0  0.28s           2026-03-03T01:30:42
/home/airflow/.local/lib/python3.7/site-packages/airflow/example_dags/example_task_group_decorator.py                                      1           0  0.36s           2026-03-03T01:30:42
/home/airflow/.local/lib/python3.7/site-packages/airflow/example_dags/example_local_kubernetes_executor.py                                 1           0  0.19s           2026-03-03T01:30:46
/home/airflow/.local/lib/python3.7/site-packages/airflow/example_dags/example_branch_labels.py                                             1           0  0.12s           2026-03-03T01:30:42
/home/airflow/.local/lib/python3.7/site-packages/airflow/example_dags/example_dynamic_task_mapping.py                                      1           0  0.11s           2026-03-03T01:30:42
/home/airflow/.local/lib/python3.7/site-packages/airflow/example_dags/example_passing_params_via_test_command.py                           1           0  0.06s           2026-03-03T01:30:42
/home/airflow/.local/lib/python3.7/site-packages/airflow/example_dags/example_task_group.py                                                1           0  0.06s           2026-03-03T01:30:43
/home/airflow/.local/lib/python3.7/site-packages/airflow/example_dags/example_sensor_decorator.py                                          1           0  0.10s           2026-03-03T01:30:44
/home/airflow/.local/lib/python3.7/site-packages/airflow/example_dags/example_xcom.py                                                      1           0  0.09s           2026-03-03T01:30:45
/home/airflow/.local/lib/python3.7/site-packages/airflow/example_dags/example_branch_operator_decorator.py                                 1           0  0.09s           2026-03-03T01:30:45
/home/airflow/.local/lib/python3.7/site-packages/airflow/example_dags/example_short_circuit_decorator.py                                   1           0  0.07s           2026-03-03T01:30:45
/home/airflow/.local/lib/python3.7/site-packages/airflow/example_dags/example_branch_day_of_week_operator.py                               1           0  0.08s           2026-03-03T01:30:46
/home/airflow/.local/lib/python3.7/site-packages/airflow/example_dags/example_skip_dag.py                                                  1           0  0.06s           2026-03-03T01:30:46
/home/airflow/.local/lib/python3.7/site-packages/airflow/example_dags/example_latest_only.py                                               1           0  0.07s           2026-03-03T01:30:46
/home/airflow/.local/lib/python3.7/site-packages/airflow/example_dags/tutorial_dag.py                                                      1           0  0.05s           2026-03-03T01:30:46
/home/airflow/.local/lib/python3.7/site-packages/airflow/example_dags/example_complex.py                                                   1           0  0.10s           2026-03-03T01:30:47
/home/airflow/.local/lib/python3.7/site-packages/airflow/example_dags/example_bash_operator.py                                             1           0  0.09s           2026-03-03T01:30:47
/home/airflow/.local/lib/python3.7/site-packages/airflow/example_dags/example_sensors.py                                                   1           0  0.09s           2026-03-03T01:30:48
/home/airflow/.local/lib/python3.7/site-packages/airflow/example_dags/example_time_delta_sensor_async.py                                   1           0  0.05s           2026-03-03T01:30:48
/home/airflow/.local/lib/python3.7/site-packages/airflow/example_dags/example_latest_only_with_trigger.py                                  1           0  0.07s           2026-03-03T01:30:48
/home/airflow/.local/lib/python3.7/site-packages/airflow/example_dags/example_trigger_controller_dag.py                                    1           0  0.07s           2026-03-03T01:30:48
/home/airflow/.local/lib/python3.7/site-packages/airflow/example_dags/example_short_circuit_operator.py                                    1           0  0.05s           2026-03-03T01:30:48
/home/airflow/.local/lib/python3.7/site-packages/airflow/example_dags/example_params_trigger_ui.py                                         1           0  0.42s           2026-03-03T01:30:51
/home/airflow/.local/lib/python3.7/site-packages/airflow/example_dags/example_dag_decorator.py                                             1           0  0.07s           2026-03-03T01:30:56
/home/airflow/.local/lib/python3.7/site-packages/airflow/example_dags/example_python_operator.py                                           1           0  0.32s           2026-03-03T01:30:51
/home/airflow/.local/lib/python3.7/site-packages/airflow/example_dags/example_trigger_target_dag.py                                        1           0  0.27s           2026-03-03T01:30:51
/home/airflow/.local/lib/python3.7/site-packages/airflow/example_dags/example_branch_operator.py                                           1           0  0.21s           2026-03-03T01:30:51
/home/airflow/.local/lib/python3.7/site-packages/airflow/example_dags/tutorial_taskflow_api.py                                             1           0  0.16s           2026-03-03T01:30:51
/home/airflow/.local/lib/python3.7/site-packages/airflow/example_dags/tutorial.py                                                          1           0  0.11s           2026-03-03T01:30:51
/home/airflow/.local/lib/python3.7/site-packages/airflow/example_dags/example_params_ui_tutorial.py                                        1           0  0.09s           2026-03-03T01:30:52
/home/airflow/.local/lib/python3.7/site-packages/airflow/example_dags/example_branch_python_dop_operator_3.py                              1           0  0.09s           2026-03-03T01:30:51
/home/airflow/.local/lib/python3.7/site-packages/airflow/example_dags/tutorial_taskflow_api_virtualenv.py                                  1           0  0.05s           2026-03-03T01:30:51
/home/airflow/.local/lib/python3.7/site-packages/airflow/example_dags/example_kubernetes_executor.py                                       1           0  0.22s           2026-03-03T01:31:03
/home/airflow/.local/lib/python3.7/site-packages/airflow/example_dags/example_nested_branch_dag.py                                         1           0  0.09s           2026-03-03T01:30:54
/home/airflow/.local/lib/python3.7/site-packages/airflow/example_dags/example_external_task_marker_dag.py                                  2           0  0.05s           2026-03-03T01:30:46
/home/airflow/.local/lib/python3.7/site-packages/airflow/example_dags/example_xcomargs.py                                                  2           0  0.09s           2026-03-03T01:30:48
/home/airflow/.local/lib/python3.7/site-packages/airflow/example_dags/example_branch_datetime_operator.py                                  3           0  0.29s           2026-03-03T01:30:50
/home/airflow/.local/lib/python3.7/site-packages/airflow/example_dags/example_subdag_operator.py                                           3           0  0.10s           2026-03-03T01:30:54
/home/airflow/.local/lib/python3.7/site-packages/airflow/example_dags/example_datasets.py                                                  6           0  0.14s           2026-03-03T01:30:44
================================================================================
[2026-03-03T01:31:36.189+0000] {manager.py:889} INFO - 
================================================================================
DAG File Processing Stats

File Path                                                                                                         PID    Runtime      # DAGs    # Errors  Last Runtime    Last Run
----------------------------------------------------------------------------------------------------------------  -----  ---------  --------  ----------  --------------  -------------------
/home/airflow/.local/lib/python3.7/site-packages/airflow/example_dags/example_setup_teardown_taskflow.py                                   0           0  0.02s           2026-03-03T01:31:13
/home/airflow/.local/lib/python3.7/site-packages/airflow/example_dags/example_setup_teardown.py                                            0           0  0.02s           2026-03-03T01:31:15
/home/airflow/.local/lib/python3.7/site-packages/airflow/example_dags/plugins/listener_plugin.py                                           0           0  0.03s           2026-03-03T01:31:25
/home/airflow/.local/lib/python3.7/site-packages/airflow/example_dags/plugins/event_listener.py                                            0           0  0.04s           2026-03-03T01:31:25
/home/airflow/.local/lib/python3.7/site-packages/airflow/example_dags/plugins/workday.py                                                   0           0  0.22s           2026-03-03T01:31:34
/home/airflow/.local/lib/python3.7/site-packages/airflow/example_dags/subdags/subdag.py                                                    0           0  0.02s           2026-03-03T01:31:31
/home/airflow/.local/lib/python3.7/site-packages/airflow/example_dags/example_sla_dag.py                                                   1           0  0.09s           2026-03-03T01:31:13
/home/airflow/.local/lib/python3.7/site-packages/airflow/example_dags/example_task_group_decorator.py                                      1           0  0.09s           2026-03-03T01:31:13
/home/airflow/.local/lib/python3.7/site-packages/airflow/example_dags/example_local_kubernetes_executor.py                                 1           0  0.21s           2026-03-03T01:31:16
/home/airflow/.local/lib/python3.7/site-packages/airflow/example_dags/example_branch_labels.py                                             1           0  0.06s           2026-03-03T01:31:13
/home/airflow/.local/lib/python3.7/site-packages/airflow/example_dags/example_dynamic_task_mapping.py                                      1           0  0.06s           2026-03-03T01:31:13
/home/airflow/.local/lib/python3.7/site-packages/airflow/example_dags/example_passing_params_via_test_command.py                           1           0  0.05s           2026-03-03T01:31:13
/home/airflow/.local/lib/python3.7/site-packages/airflow/example_dags/example_task_group.py                                                1           0  0.06s           2026-03-03T01:31:14
/home/airflow/.local/lib/python3.7/site-packages/airflow/example_dags/example_sensor_decorator.py                                          1           0  0.08s           2026-03-03T01:31:15
/home/airflow/.local/lib/python3.7/site-packages/airflow/example_dags/example_xcom.py                                                      1           0  0.06s           2026-03-03T01:31:15
/home/airflow/.local/lib/python3.7/site-packages/airflow/example_dags/example_branch_operator_decorator.py                                 1           0  0.07s           2026-03-03T01:31:15
/home/airflow/.local/lib/python3.7/site-packages/airflow/example_dags/example_short_circuit_decorator.py                                   1           0  0.06s           2026-03-03T01:31:15
/home/airflow/.local/lib/python3.7/site-packages/airflow/example_dags/example_branch_day_of_week_operator.py                               1           0  0.08s           2026-03-03T01:31:16
/home/airflow/.local/lib/python3.7/site-packages/airflow/example_dags/example_skip_dag.py                                                  1           0  0.07s           2026-03-03T01:31:16
/home/airflow/.local/lib/python3.7/site-packages/airflow/example_dags/example_latest_only.py                                               1           0  0.08s           2026-03-03T01:31:16
/home/airflow/.local/lib/python3.7/site-packages/airflow/example_dags/tutorial_dag.py                                                      1           0  0.06s           2026-03-03T01:31:16
/home/airflow/.local/lib/python3.7/site-packages/airflow/example_dags/example_complex.py                                                   1           0  0.10s           2026-03-03T01:31:18
/home/airflow/.local/lib/python3.7/site-packages/airflow/example_dags/example_bash_operator.py                                             1           0  0.10s           2026-03-03T01:31:18
/home/airflow/.local/lib/python3.7/site-packages/airflow/example_dags/example_sensors.py                                                   1           0  0.08s           2026-03-03T01:31:19
/home/airflow/.local/lib/python3.7/site-packages/airflow/example_dags/example_time_delta_sensor_async.py                                   1           0  0.05s           2026-03-03T01:31:19
/home/airflow/.local/lib/python3.7/site-packages/airflow/example_dags/example_latest_only_with_trigger.py                                  1           0  0.07s           2026-03-03T01:31:19
/home/airflow/.local/lib/python3.7/site-packages/airflow/example_dags/example_trigger_controller_dag.py                                    1           0  0.07s           2026-03-03T01:31:19
/home/airflow/.local/lib/python3.7/site-packages/airflow/example_dags/example_short_circuit_operator.py                                    1           0  0.05s           2026-03-03T01:31:19
/home/airflow/.local/lib/python3.7/site-packages/airflow/example_dags/example_params_trigger_ui.py                                         1           0  0.11s           2026-03-03T01:31:21
/home/airflow/.local/lib/python3.7/site-packages/airflow/example_dags/example_dag_decorator.py                                             1           0  0.08s           2026-03-03T01:31:27
/home/airflow/.local/lib/python3.7/site-packages/airflow/example_dags/example_python_operator.py                                           1           0  0.09s           2026-03-03T01:31:21
/home/airflow/.local/lib/python3.7/site-packages/airflow/example_dags/example_trigger_target_dag.py                                        1           0  0.08s           2026-03-03T01:31:21
/home/airflow/.local/lib/python3.7/site-packages/airflow/example_dags/example_branch_operator.py                                           1           0  0.09s           2026-03-03T01:31:22
/home/airflow/.local/lib/python3.7/site-packages/airflow/example_dags/tutorial_taskflow_api.py                                             1           0  0.08s           2026-03-03T01:31:22
/home/airflow/.local/lib/python3.7/site-packages/airflow/example_dags/tutorial.py                                                          1           0  0.08s           2026-03-03T01:31:22
/home/airflow/.local/lib/python3.7/site-packages/airflow/example_dags/example_params_ui_tutorial.py                                        1           0  0.09s           2026-03-03T01:31:23
/home/airflow/.local/lib/python3.7/site-packages/airflow/example_dags/example_branch_python_dop_operator_3.py                              1           0  0.08s           2026-03-03T01:31:22
/home/airflow/.local/lib/python3.7/site-packages/airflow/example_dags/tutorial_taskflow_api_virtualenv.py                                  1           0  0.04s           2026-03-03T01:31:22
/home/airflow/.local/lib/python3.7/site-packages/airflow/example_dags/example_kubernetes_executor.py                                       1           0  0.17s           2026-03-03T01:31:34
/home/airflow/.local/lib/python3.7/site-packages/airflow/example_dags/example_nested_branch_dag.py                                         1           0  0.09s           2026-03-03T01:31:25
/home/airflow/.local/lib/python3.7/site-packages/airflow/example_dags/example_external_task_marker_dag.py                                  2           0  0.05s           2026-03-03T01:31:16
/home/airflow/.local/lib/python3.7/site-packages/airflow/example_dags/example_xcomargs.py                                                  2           0  0.08s           2026-03-03T01:31:19
/home/airflow/.local/lib/python3.7/site-packages/airflow/example_dags/example_branch_datetime_operator.py                                  3           0  0.09s           2026-03-03T01:31:21
/home/airflow/.local/lib/python3.7/site-packages/airflow/example_dags/example_subdag_operator.py                                           3           0  0.11s           2026-03-03T01:31:25
/home/airflow/.local/lib/python3.7/site-packages/airflow/example_dags/example_datasets.py                                                  6           0  0.12s           2026-03-03T01:31:15
================================================================================
