[2026-03-12T01:53:46.498+0000] {processor.py:156} INFO - Started process (PID=4402) to work on /opt/airflow/dags/dag.py
[2026-03-12T01:53:46.499+0000] {processor.py:799} INFO - Processing file /opt/airflow/dags/dag.py for tasks to queue
[2026-03-12T01:53:46.500+0000] {logging_mixin.py:149} INFO - [2026-03-12T01:53:46.499+0000] {dagbag.py:541} INFO - Filling up the DagBag from /opt/airflow/dags/dag.py
[2026-03-12T01:53:46.512+0000] {processor.py:809} INFO - DAG(s) dict_keys(['dag_check']) retrieved from /opt/airflow/dags/dag.py
[2026-03-12T01:53:46.600+0000] {logging_mixin.py:149} INFO - [2026-03-12T01:53:46.600+0000] {manager.py:504} INFO - Created Permission View: can delete on DAG:dag_check
[2026-03-12T01:53:46.602+0000] {logging_mixin.py:149} INFO - [2026-03-12T01:53:46.602+0000] {manager.py:504} INFO - Created Permission View: can read on DAG:dag_check
[2026-03-12T01:53:46.604+0000] {logging_mixin.py:149} INFO - [2026-03-12T01:53:46.604+0000] {manager.py:504} INFO - Created Permission View: can edit on DAG:dag_check
[2026-03-12T01:53:46.604+0000] {logging_mixin.py:149} INFO - [2026-03-12T01:53:46.604+0000] {dag.py:2726} INFO - Sync 1 DAGs
[2026-03-12T01:53:46.609+0000] {logging_mixin.py:149} INFO - [2026-03-12T01:53:46.609+0000] {dag.py:2747} INFO - Creating ORM DAG for dag_check
[2026-03-12T01:53:46.613+0000] {logging_mixin.py:149} INFO - [2026-03-12T01:53:46.613+0000] {dag.py:3490} INFO - Setting next_dagrun for dag_check to None, run_after=None
[2026-03-12T01:53:46.620+0000] {processor.py:178} INFO - Processing /opt/airflow/dags/dag.py took 0.124 seconds
[2026-03-12T01:54:16.799+0000] {processor.py:156} INFO - Started process (PID=4410) to work on /opt/airflow/dags/dag.py
[2026-03-12T01:54:16.800+0000] {processor.py:799} INFO - Processing file /opt/airflow/dags/dag.py for tasks to queue
[2026-03-12T01:54:16.800+0000] {logging_mixin.py:149} INFO - [2026-03-12T01:54:16.800+0000] {dagbag.py:541} INFO - Filling up the DagBag from /opt/airflow/dags/dag.py
[2026-03-12T01:54:16.808+0000] {processor.py:809} INFO - DAG(s) dict_keys(['dag_check']) retrieved from /opt/airflow/dags/dag.py
[2026-03-12T01:54:16.827+0000] {logging_mixin.py:149} INFO - [2026-03-12T01:54:16.827+0000] {dag.py:2726} INFO - Sync 1 DAGs
[2026-03-12T01:54:16.841+0000] {logging_mixin.py:149} INFO - [2026-03-12T01:54:16.841+0000] {dag.py:3490} INFO - Setting next_dagrun for dag_check to None, run_after=None
[2026-03-12T01:54:16.851+0000] {processor.py:178} INFO - Processing /opt/airflow/dags/dag.py took 0.055 seconds
[2026-03-12T01:54:47.138+0000] {processor.py:156} INFO - Started process (PID=4418) to work on /opt/airflow/dags/dag.py
[2026-03-12T01:54:47.139+0000] {processor.py:799} INFO - Processing file /opt/airflow/dags/dag.py for tasks to queue
[2026-03-12T01:54:47.140+0000] {logging_mixin.py:149} INFO - [2026-03-12T01:54:47.140+0000] {dagbag.py:541} INFO - Filling up the DagBag from /opt/airflow/dags/dag.py
[2026-03-12T01:54:47.147+0000] {processor.py:809} INFO - DAG(s) dict_keys(['dag_check']) retrieved from /opt/airflow/dags/dag.py
[2026-03-12T01:54:47.167+0000] {logging_mixin.py:149} INFO - [2026-03-12T01:54:47.167+0000] {dag.py:2726} INFO - Sync 1 DAGs
[2026-03-12T01:54:47.180+0000] {logging_mixin.py:149} INFO - [2026-03-12T01:54:47.180+0000] {dag.py:3490} INFO - Setting next_dagrun for dag_check to None, run_after=None
[2026-03-12T01:54:47.187+0000] {processor.py:178} INFO - Processing /opt/airflow/dags/dag.py took 0.053 seconds
[2026-03-12T01:55:17.432+0000] {processor.py:156} INFO - Started process (PID=4426) to work on /opt/airflow/dags/dag.py
[2026-03-12T01:55:17.432+0000] {processor.py:799} INFO - Processing file /opt/airflow/dags/dag.py for tasks to queue
[2026-03-12T01:55:17.432+0000] {logging_mixin.py:149} INFO - [2026-03-12T01:55:17.432+0000] {dagbag.py:541} INFO - Filling up the DagBag from /opt/airflow/dags/dag.py
[2026-03-12T01:55:17.436+0000] {processor.py:809} INFO - DAG(s) dict_keys(['dag_check']) retrieved from /opt/airflow/dags/dag.py
[2026-03-12T01:55:17.447+0000] {logging_mixin.py:149} INFO - [2026-03-12T01:55:17.447+0000] {dag.py:2726} INFO - Sync 1 DAGs
[2026-03-12T01:55:17.456+0000] {logging_mixin.py:149} INFO - [2026-03-12T01:55:17.456+0000] {dag.py:3490} INFO - Setting next_dagrun for dag_check to None, run_after=None
[2026-03-12T01:55:17.463+0000] {processor.py:178} INFO - Processing /opt/airflow/dags/dag.py took 0.033 seconds
[2026-03-12T01:55:47.692+0000] {processor.py:156} INFO - Started process (PID=4434) to work on /opt/airflow/dags/dag.py
[2026-03-12T01:55:47.693+0000] {processor.py:799} INFO - Processing file /opt/airflow/dags/dag.py for tasks to queue
[2026-03-12T01:55:47.693+0000] {logging_mixin.py:149} INFO - [2026-03-12T01:55:47.693+0000] {dagbag.py:541} INFO - Filling up the DagBag from /opt/airflow/dags/dag.py
[2026-03-12T01:55:47.697+0000] {processor.py:809} INFO - DAG(s) dict_keys(['dag_check']) retrieved from /opt/airflow/dags/dag.py
[2026-03-12T01:55:47.711+0000] {logging_mixin.py:149} INFO - [2026-03-12T01:55:47.711+0000] {dag.py:2726} INFO - Sync 1 DAGs
[2026-03-12T01:55:47.722+0000] {logging_mixin.py:149} INFO - [2026-03-12T01:55:47.722+0000] {dag.py:3490} INFO - Setting next_dagrun for dag_check to None, run_after=None
[2026-03-12T01:55:47.729+0000] {processor.py:178} INFO - Processing /opt/airflow/dags/dag.py took 0.039 seconds
[2026-03-12T01:56:17.970+0000] {processor.py:156} INFO - Started process (PID=4442) to work on /opt/airflow/dags/dag.py
[2026-03-12T01:56:17.972+0000] {processor.py:799} INFO - Processing file /opt/airflow/dags/dag.py for tasks to queue
[2026-03-12T01:56:17.972+0000] {logging_mixin.py:149} INFO - [2026-03-12T01:56:17.972+0000] {dagbag.py:541} INFO - Filling up the DagBag from /opt/airflow/dags/dag.py
[2026-03-12T01:56:17.980+0000] {processor.py:809} INFO - DAG(s) dict_keys(['dag_check']) retrieved from /opt/airflow/dags/dag.py
[2026-03-12T01:56:18.001+0000] {logging_mixin.py:149} INFO - [2026-03-12T01:56:18.001+0000] {dag.py:2726} INFO - Sync 1 DAGs
[2026-03-12T01:56:18.014+0000] {logging_mixin.py:149} INFO - [2026-03-12T01:56:18.014+0000] {dag.py:3490} INFO - Setting next_dagrun for dag_check to None, run_after=None
[2026-03-12T01:56:18.021+0000] {processor.py:178} INFO - Processing /opt/airflow/dags/dag.py took 0.057 seconds
[2026-03-12T01:56:48.224+0000] {processor.py:156} INFO - Started process (PID=4450) to work on /opt/airflow/dags/dag.py
[2026-03-12T01:56:48.225+0000] {processor.py:799} INFO - Processing file /opt/airflow/dags/dag.py for tasks to queue
[2026-03-12T01:56:48.226+0000] {logging_mixin.py:149} INFO - [2026-03-12T01:56:48.226+0000] {dagbag.py:541} INFO - Filling up the DagBag from /opt/airflow/dags/dag.py
[2026-03-12T01:56:48.231+0000] {processor.py:809} INFO - DAG(s) dict_keys(['dag_check']) retrieved from /opt/airflow/dags/dag.py
[2026-03-12T01:56:48.249+0000] {logging_mixin.py:149} INFO - [2026-03-12T01:56:48.249+0000] {dag.py:2726} INFO - Sync 1 DAGs
[2026-03-12T01:56:48.264+0000] {logging_mixin.py:149} INFO - [2026-03-12T01:56:48.264+0000] {dag.py:3490} INFO - Setting next_dagrun for dag_check to None, run_after=None
[2026-03-12T01:56:48.273+0000] {processor.py:178} INFO - Processing /opt/airflow/dags/dag.py took 0.053 seconds
[2026-03-12T01:57:18.496+0000] {processor.py:156} INFO - Started process (PID=4457) to work on /opt/airflow/dags/dag.py
[2026-03-12T01:57:18.497+0000] {processor.py:799} INFO - Processing file /opt/airflow/dags/dag.py for tasks to queue
[2026-03-12T01:57:18.498+0000] {logging_mixin.py:149} INFO - [2026-03-12T01:57:18.498+0000] {dagbag.py:541} INFO - Filling up the DagBag from /opt/airflow/dags/dag.py
[2026-03-12T01:57:18.507+0000] {processor.py:809} INFO - DAG(s) dict_keys(['dag_check']) retrieved from /opt/airflow/dags/dag.py
[2026-03-12T01:57:18.529+0000] {logging_mixin.py:149} INFO - [2026-03-12T01:57:18.529+0000] {dag.py:2726} INFO - Sync 1 DAGs
[2026-03-12T01:57:18.541+0000] {logging_mixin.py:149} INFO - [2026-03-12T01:57:18.541+0000] {dag.py:3490} INFO - Setting next_dagrun for dag_check to None, run_after=None
[2026-03-12T01:57:18.549+0000] {processor.py:178} INFO - Processing /opt/airflow/dags/dag.py took 0.056 seconds
[2026-03-12T01:57:48.771+0000] {processor.py:156} INFO - Started process (PID=4465) to work on /opt/airflow/dags/dag.py
[2026-03-12T01:57:48.772+0000] {processor.py:799} INFO - Processing file /opt/airflow/dags/dag.py for tasks to queue
[2026-03-12T01:57:48.772+0000] {logging_mixin.py:149} INFO - [2026-03-12T01:57:48.772+0000] {dagbag.py:541} INFO - Filling up the DagBag from /opt/airflow/dags/dag.py
[2026-03-12T01:57:48.778+0000] {processor.py:809} INFO - DAG(s) dict_keys(['dag_check']) retrieved from /opt/airflow/dags/dag.py
[2026-03-12T01:57:48.797+0000] {logging_mixin.py:149} INFO - [2026-03-12T01:57:48.797+0000] {dag.py:2726} INFO - Sync 1 DAGs
[2026-03-12T01:57:48.810+0000] {logging_mixin.py:149} INFO - [2026-03-12T01:57:48.810+0000] {dag.py:3490} INFO - Setting next_dagrun for dag_check to None, run_after=None
[2026-03-12T01:57:48.818+0000] {processor.py:178} INFO - Processing /opt/airflow/dags/dag.py took 0.051 seconds
[2026-03-12T01:58:19.076+0000] {processor.py:156} INFO - Started process (PID=4473) to work on /opt/airflow/dags/dag.py
[2026-03-12T01:58:19.077+0000] {processor.py:799} INFO - Processing file /opt/airflow/dags/dag.py for tasks to queue
[2026-03-12T01:58:19.077+0000] {logging_mixin.py:149} INFO - [2026-03-12T01:58:19.077+0000] {dagbag.py:541} INFO - Filling up the DagBag from /opt/airflow/dags/dag.py
[2026-03-12T01:58:19.085+0000] {processor.py:809} INFO - DAG(s) dict_keys(['dag_check']) retrieved from /opt/airflow/dags/dag.py
[2026-03-12T01:58:19.106+0000] {logging_mixin.py:149} INFO - [2026-03-12T01:58:19.106+0000] {dag.py:2726} INFO - Sync 1 DAGs
[2026-03-12T01:58:19.119+0000] {logging_mixin.py:149} INFO - [2026-03-12T01:58:19.119+0000] {dag.py:3490} INFO - Setting next_dagrun for dag_check to None, run_after=None
[2026-03-12T01:58:19.127+0000] {processor.py:178} INFO - Processing /opt/airflow/dags/dag.py took 0.055 seconds
[2026-03-12T01:58:49.383+0000] {processor.py:156} INFO - Started process (PID=4480) to work on /opt/airflow/dags/dag.py
[2026-03-12T01:58:49.384+0000] {processor.py:799} INFO - Processing file /opt/airflow/dags/dag.py for tasks to queue
[2026-03-12T01:58:49.385+0000] {logging_mixin.py:149} INFO - [2026-03-12T01:58:49.385+0000] {dagbag.py:541} INFO - Filling up the DagBag from /opt/airflow/dags/dag.py
[2026-03-12T01:58:49.393+0000] {processor.py:809} INFO - DAG(s) dict_keys(['dag_check']) retrieved from /opt/airflow/dags/dag.py
[2026-03-12T01:58:49.414+0000] {logging_mixin.py:149} INFO - [2026-03-12T01:58:49.414+0000] {dag.py:2726} INFO - Sync 1 DAGs
[2026-03-12T01:58:49.427+0000] {logging_mixin.py:149} INFO - [2026-03-12T01:58:49.427+0000] {dag.py:3490} INFO - Setting next_dagrun for dag_check to None, run_after=None
[2026-03-12T01:58:49.435+0000] {processor.py:178} INFO - Processing /opt/airflow/dags/dag.py took 0.055 seconds
[2026-03-12T01:59:19.641+0000] {processor.py:156} INFO - Started process (PID=4488) to work on /opt/airflow/dags/dag.py
[2026-03-12T01:59:19.642+0000] {processor.py:799} INFO - Processing file /opt/airflow/dags/dag.py for tasks to queue
[2026-03-12T01:59:19.643+0000] {logging_mixin.py:149} INFO - [2026-03-12T01:59:19.642+0000] {dagbag.py:541} INFO - Filling up the DagBag from /opt/airflow/dags/dag.py
[2026-03-12T01:59:19.651+0000] {processor.py:809} INFO - DAG(s) dict_keys(['dag_check']) retrieved from /opt/airflow/dags/dag.py
[2026-03-12T01:59:19.673+0000] {logging_mixin.py:149} INFO - [2026-03-12T01:59:19.673+0000] {dag.py:2726} INFO - Sync 1 DAGs
[2026-03-12T01:59:19.686+0000] {logging_mixin.py:149} INFO - [2026-03-12T01:59:19.686+0000] {dag.py:3490} INFO - Setting next_dagrun for dag_check to None, run_after=None
[2026-03-12T01:59:19.693+0000] {processor.py:178} INFO - Processing /opt/airflow/dags/dag.py took 0.056 seconds
[2026-03-12T01:59:49.938+0000] {processor.py:156} INFO - Started process (PID=4496) to work on /opt/airflow/dags/dag.py
[2026-03-12T01:59:49.939+0000] {processor.py:799} INFO - Processing file /opt/airflow/dags/dag.py for tasks to queue
[2026-03-12T01:59:49.940+0000] {logging_mixin.py:149} INFO - [2026-03-12T01:59:49.940+0000] {dagbag.py:541} INFO - Filling up the DagBag from /opt/airflow/dags/dag.py
[2026-03-12T01:59:49.947+0000] {processor.py:809} INFO - DAG(s) dict_keys(['dag_check']) retrieved from /opt/airflow/dags/dag.py
[2026-03-12T01:59:49.968+0000] {logging_mixin.py:149} INFO - [2026-03-12T01:59:49.967+0000] {dag.py:2726} INFO - Sync 1 DAGs
[2026-03-12T01:59:49.980+0000] {logging_mixin.py:149} INFO - [2026-03-12T01:59:49.980+0000] {dag.py:3490} INFO - Setting next_dagrun for dag_check to None, run_after=None
[2026-03-12T01:59:49.986+0000] {processor.py:178} INFO - Processing /opt/airflow/dags/dag.py took 0.052 seconds
[2026-03-12T02:00:43.784+0000] {processor.py:156} INFO - Started process (PID=32) to work on /opt/airflow/dags/dag.py
[2026-03-12T02:00:43.787+0000] {processor.py:799} INFO - Processing file /opt/airflow/dags/dag.py for tasks to queue
[2026-03-12T02:00:43.787+0000] {logging_mixin.py:149} INFO - [2026-03-12T02:00:43.787+0000] {dagbag.py:541} INFO - Filling up the DagBag from /opt/airflow/dags/dag.py
[2026-03-12T02:00:43.801+0000] {processor.py:809} INFO - DAG(s) dict_keys(['dag_check']) retrieved from /opt/airflow/dags/dag.py
[2026-03-12T02:00:43.912+0000] {logging_mixin.py:149} INFO - [2026-03-12T02:00:43.911+0000] {dag.py:2726} INFO - Sync 1 DAGs
[2026-03-12T02:00:43.920+0000] {logging_mixin.py:149} INFO - [2026-03-12T02:00:43.920+0000] {dag.py:3490} INFO - Setting next_dagrun for dag_check to None, run_after=None
[2026-03-12T02:00:43.927+0000] {processor.py:178} INFO - Processing /opt/airflow/dags/dag.py took 0.146 seconds
[2026-03-12T02:01:14.107+0000] {processor.py:156} INFO - Started process (PID=40) to work on /opt/airflow/dags/dag.py
[2026-03-12T02:01:14.108+0000] {processor.py:799} INFO - Processing file /opt/airflow/dags/dag.py for tasks to queue
[2026-03-12T02:01:14.108+0000] {logging_mixin.py:149} INFO - [2026-03-12T02:01:14.108+0000] {dagbag.py:541} INFO - Filling up the DagBag from /opt/airflow/dags/dag.py
[2026-03-12T02:01:14.114+0000] {processor.py:809} INFO - DAG(s) dict_keys(['dag_check']) retrieved from /opt/airflow/dags/dag.py
[2026-03-12T02:01:14.132+0000] {logging_mixin.py:149} INFO - [2026-03-12T02:01:14.132+0000] {dag.py:2726} INFO - Sync 1 DAGs
[2026-03-12T02:01:14.144+0000] {logging_mixin.py:149} INFO - [2026-03-12T02:01:14.144+0000] {dag.py:3490} INFO - Setting next_dagrun for dag_check to None, run_after=None
[2026-03-12T02:01:14.150+0000] {processor.py:178} INFO - Processing /opt/airflow/dags/dag.py took 0.046 seconds
[2026-03-12T02:01:44.356+0000] {processor.py:156} INFO - Started process (PID=48) to work on /opt/airflow/dags/dag.py
[2026-03-12T02:01:44.357+0000] {processor.py:799} INFO - Processing file /opt/airflow/dags/dag.py for tasks to queue
[2026-03-12T02:01:44.357+0000] {logging_mixin.py:149} INFO - [2026-03-12T02:01:44.357+0000] {dagbag.py:541} INFO - Filling up the DagBag from /opt/airflow/dags/dag.py
[2026-03-12T02:01:44.364+0000] {processor.py:809} INFO - DAG(s) dict_keys(['dag_check']) retrieved from /opt/airflow/dags/dag.py
[2026-03-12T02:01:44.382+0000] {logging_mixin.py:149} INFO - [2026-03-12T02:01:44.381+0000] {dag.py:2726} INFO - Sync 1 DAGs
[2026-03-12T02:01:44.395+0000] {logging_mixin.py:149} INFO - [2026-03-12T02:01:44.395+0000] {dag.py:3490} INFO - Setting next_dagrun for dag_check to None, run_after=None
[2026-03-12T02:01:44.402+0000] {processor.py:178} INFO - Processing /opt/airflow/dags/dag.py took 0.050 seconds
[2026-03-12T02:02:14.630+0000] {processor.py:156} INFO - Started process (PID=56) to work on /opt/airflow/dags/dag.py
[2026-03-12T02:02:14.631+0000] {processor.py:799} INFO - Processing file /opt/airflow/dags/dag.py for tasks to queue
[2026-03-12T02:02:14.632+0000] {logging_mixin.py:149} INFO - [2026-03-12T02:02:14.631+0000] {dagbag.py:541} INFO - Filling up the DagBag from /opt/airflow/dags/dag.py
[2026-03-12T02:02:14.640+0000] {processor.py:809} INFO - DAG(s) dict_keys(['dag_check']) retrieved from /opt/airflow/dags/dag.py
[2026-03-12T02:02:14.660+0000] {logging_mixin.py:149} INFO - [2026-03-12T02:02:14.660+0000] {dag.py:2726} INFO - Sync 1 DAGs
[2026-03-12T02:02:14.671+0000] {logging_mixin.py:149} INFO - [2026-03-12T02:02:14.671+0000] {dag.py:3490} INFO - Setting next_dagrun for dag_check to None, run_after=None
[2026-03-12T02:02:14.678+0000] {processor.py:178} INFO - Processing /opt/airflow/dags/dag.py took 0.052 seconds
[2026-03-12T02:02:44.896+0000] {processor.py:156} INFO - Started process (PID=64) to work on /opt/airflow/dags/dag.py
[2026-03-12T02:02:44.897+0000] {processor.py:799} INFO - Processing file /opt/airflow/dags/dag.py for tasks to queue
[2026-03-12T02:02:44.897+0000] {logging_mixin.py:149} INFO - [2026-03-12T02:02:44.897+0000] {dagbag.py:541} INFO - Filling up the DagBag from /opt/airflow/dags/dag.py
[2026-03-12T02:02:44.907+0000] {processor.py:809} INFO - DAG(s) dict_keys(['dag_check']) retrieved from /opt/airflow/dags/dag.py
[2026-03-12T02:02:44.922+0000] {logging_mixin.py:149} INFO - [2026-03-12T02:02:44.922+0000] {dag.py:2726} INFO - Sync 1 DAGs
[2026-03-12T02:02:44.934+0000] {logging_mixin.py:149} INFO - [2026-03-12T02:02:44.933+0000] {dag.py:3490} INFO - Setting next_dagrun for dag_check to None, run_after=None
[2026-03-12T02:02:44.941+0000] {processor.py:178} INFO - Processing /opt/airflow/dags/dag.py took 0.049 seconds
[2026-03-12T02:03:15.182+0000] {processor.py:156} INFO - Started process (PID=72) to work on /opt/airflow/dags/dag.py
[2026-03-12T02:03:15.183+0000] {processor.py:799} INFO - Processing file /opt/airflow/dags/dag.py for tasks to queue
[2026-03-12T02:03:15.184+0000] {logging_mixin.py:149} INFO - [2026-03-12T02:03:15.184+0000] {dagbag.py:541} INFO - Filling up the DagBag from /opt/airflow/dags/dag.py
[2026-03-12T02:03:15.193+0000] {processor.py:809} INFO - DAG(s) dict_keys(['dag_check']) retrieved from /opt/airflow/dags/dag.py
[2026-03-12T02:03:15.215+0000] {logging_mixin.py:149} INFO - [2026-03-12T02:03:15.215+0000] {dag.py:2726} INFO - Sync 1 DAGs
[2026-03-12T02:03:15.227+0000] {logging_mixin.py:149} INFO - [2026-03-12T02:03:15.227+0000] {dag.py:3490} INFO - Setting next_dagrun for dag_check to None, run_after=None
[2026-03-12T02:03:15.235+0000] {processor.py:178} INFO - Processing /opt/airflow/dags/dag.py took 0.057 seconds
[2026-03-12T02:03:38.360+0000] {processor.py:156} INFO - Started process (PID=80) to work on /opt/airflow/dags/dag.py
[2026-03-12T02:03:38.360+0000] {processor.py:799} INFO - Processing file /opt/airflow/dags/dag.py for tasks to queue
[2026-03-12T02:03:38.361+0000] {logging_mixin.py:149} INFO - [2026-03-12T02:03:38.361+0000] {dagbag.py:541} INFO - Filling up the DagBag from /opt/airflow/dags/dag.py
[2026-03-12T02:03:38.367+0000] {processor.py:809} INFO - DAG(s) dict_keys(['dag_check']) retrieved from /opt/airflow/dags/dag.py
[2026-03-12T02:03:38.379+0000] {logging_mixin.py:149} INFO - [2026-03-12T02:03:38.379+0000] {dag.py:2726} INFO - Sync 1 DAGs
[2026-03-12T02:03:38.388+0000] {logging_mixin.py:149} INFO - [2026-03-12T02:03:38.388+0000] {dag.py:3490} INFO - Setting next_dagrun for dag_check to None, run_after=None
[2026-03-12T02:03:38.395+0000] {processor.py:178} INFO - Processing /opt/airflow/dags/dag.py took 0.038 seconds
[2026-03-12T02:04:08.615+0000] {processor.py:156} INFO - Started process (PID=88) to work on /opt/airflow/dags/dag.py
[2026-03-12T02:04:08.616+0000] {processor.py:799} INFO - Processing file /opt/airflow/dags/dag.py for tasks to queue
[2026-03-12T02:04:08.616+0000] {logging_mixin.py:149} INFO - [2026-03-12T02:04:08.616+0000] {dagbag.py:541} INFO - Filling up the DagBag from /opt/airflow/dags/dag.py
[2026-03-12T02:04:08.622+0000] {processor.py:809} INFO - DAG(s) dict_keys(['dag_check']) retrieved from /opt/airflow/dags/dag.py
[2026-03-12T02:04:08.634+0000] {logging_mixin.py:149} INFO - [2026-03-12T02:04:08.634+0000] {dag.py:2726} INFO - Sync 1 DAGs
[2026-03-12T02:04:08.644+0000] {logging_mixin.py:149} INFO - [2026-03-12T02:04:08.644+0000] {dag.py:3490} INFO - Setting next_dagrun for dag_check to None, run_after=None
[2026-03-12T02:04:08.651+0000] {processor.py:178} INFO - Processing /opt/airflow/dags/dag.py took 0.039 seconds
[2026-03-12T02:04:38.886+0000] {processor.py:156} INFO - Started process (PID=96) to work on /opt/airflow/dags/dag.py
[2026-03-12T02:04:38.887+0000] {processor.py:799} INFO - Processing file /opt/airflow/dags/dag.py for tasks to queue
[2026-03-12T02:04:38.888+0000] {logging_mixin.py:149} INFO - [2026-03-12T02:04:38.888+0000] {dagbag.py:541} INFO - Filling up the DagBag from /opt/airflow/dags/dag.py
[2026-03-12T02:04:38.896+0000] {processor.py:809} INFO - DAG(s) dict_keys(['dag_check']) retrieved from /opt/airflow/dags/dag.py
[2026-03-12T02:04:38.918+0000] {logging_mixin.py:149} INFO - [2026-03-12T02:04:38.918+0000] {dag.py:2726} INFO - Sync 1 DAGs
[2026-03-12T02:04:38.929+0000] {logging_mixin.py:149} INFO - [2026-03-12T02:04:38.929+0000] {dag.py:3490} INFO - Setting next_dagrun for dag_check to None, run_after=None
[2026-03-12T02:04:38.936+0000] {processor.py:178} INFO - Processing /opt/airflow/dags/dag.py took 0.054 seconds
[2026-03-12T02:05:09.120+0000] {processor.py:156} INFO - Started process (PID=104) to work on /opt/airflow/dags/dag.py
[2026-03-12T02:05:09.121+0000] {processor.py:799} INFO - Processing file /opt/airflow/dags/dag.py for tasks to queue
[2026-03-12T02:05:09.122+0000] {logging_mixin.py:149} INFO - [2026-03-12T02:05:09.122+0000] {dagbag.py:541} INFO - Filling up the DagBag from /opt/airflow/dags/dag.py
[2026-03-12T02:05:09.130+0000] {processor.py:809} INFO - DAG(s) dict_keys(['dag_check']) retrieved from /opt/airflow/dags/dag.py
[2026-03-12T02:05:09.151+0000] {logging_mixin.py:149} INFO - [2026-03-12T02:05:09.151+0000] {dag.py:2726} INFO - Sync 1 DAGs
[2026-03-12T02:05:09.164+0000] {logging_mixin.py:149} INFO - [2026-03-12T02:05:09.164+0000] {dag.py:3490} INFO - Setting next_dagrun for dag_check to None, run_after=None
[2026-03-12T02:05:09.171+0000] {processor.py:178} INFO - Processing /opt/airflow/dags/dag.py took 0.054 seconds
[2026-03-12T02:05:39.371+0000] {processor.py:156} INFO - Started process (PID=112) to work on /opt/airflow/dags/dag.py
[2026-03-12T02:05:39.372+0000] {processor.py:799} INFO - Processing file /opt/airflow/dags/dag.py for tasks to queue
[2026-03-12T02:05:39.373+0000] {logging_mixin.py:149} INFO - [2026-03-12T02:05:39.373+0000] {dagbag.py:541} INFO - Filling up the DagBag from /opt/airflow/dags/dag.py
[2026-03-12T02:05:39.380+0000] {processor.py:809} INFO - DAG(s) dict_keys(['dag_check']) retrieved from /opt/airflow/dags/dag.py
[2026-03-12T02:05:39.401+0000] {logging_mixin.py:149} INFO - [2026-03-12T02:05:39.401+0000] {dag.py:2726} INFO - Sync 1 DAGs
[2026-03-12T02:05:39.413+0000] {logging_mixin.py:149} INFO - [2026-03-12T02:05:39.413+0000] {dag.py:3490} INFO - Setting next_dagrun for dag_check to None, run_after=None
[2026-03-12T02:05:39.421+0000] {processor.py:178} INFO - Processing /opt/airflow/dags/dag.py took 0.054 seconds
[2026-03-12T02:06:09.663+0000] {processor.py:156} INFO - Started process (PID=120) to work on /opt/airflow/dags/dag.py
[2026-03-12T02:06:09.664+0000] {processor.py:799} INFO - Processing file /opt/airflow/dags/dag.py for tasks to queue
[2026-03-12T02:06:09.665+0000] {logging_mixin.py:149} INFO - [2026-03-12T02:06:09.665+0000] {dagbag.py:541} INFO - Filling up the DagBag from /opt/airflow/dags/dag.py
[2026-03-12T02:06:09.673+0000] {processor.py:809} INFO - DAG(s) dict_keys(['dag_check']) retrieved from /opt/airflow/dags/dag.py
[2026-03-12T02:06:09.693+0000] {logging_mixin.py:149} INFO - [2026-03-12T02:06:09.693+0000] {dag.py:2726} INFO - Sync 1 DAGs
[2026-03-12T02:06:09.704+0000] {logging_mixin.py:149} INFO - [2026-03-12T02:06:09.704+0000] {dag.py:3490} INFO - Setting next_dagrun for dag_check to None, run_after=None
[2026-03-12T02:06:09.712+0000] {processor.py:178} INFO - Processing /opt/airflow/dags/dag.py took 0.053 seconds
[2026-03-12T02:06:39.935+0000] {processor.py:156} INFO - Started process (PID=128) to work on /opt/airflow/dags/dag.py
[2026-03-12T02:06:39.936+0000] {processor.py:799} INFO - Processing file /opt/airflow/dags/dag.py for tasks to queue
[2026-03-12T02:06:39.937+0000] {logging_mixin.py:149} INFO - [2026-03-12T02:06:39.937+0000] {dagbag.py:541} INFO - Filling up the DagBag from /opt/airflow/dags/dag.py
[2026-03-12T02:06:39.945+0000] {processor.py:809} INFO - DAG(s) dict_keys(['dag_check']) retrieved from /opt/airflow/dags/dag.py
[2026-03-12T02:06:39.966+0000] {logging_mixin.py:149} INFO - [2026-03-12T02:06:39.966+0000] {dag.py:2726} INFO - Sync 1 DAGs
[2026-03-12T02:06:39.977+0000] {logging_mixin.py:149} INFO - [2026-03-12T02:06:39.977+0000] {dag.py:3490} INFO - Setting next_dagrun for dag_check to None, run_after=None
[2026-03-12T02:06:39.984+0000] {processor.py:178} INFO - Processing /opt/airflow/dags/dag.py took 0.053 seconds
[2026-03-12T02:07:10.228+0000] {processor.py:156} INFO - Started process (PID=136) to work on /opt/airflow/dags/dag.py
[2026-03-12T02:07:10.229+0000] {processor.py:799} INFO - Processing file /opt/airflow/dags/dag.py for tasks to queue
[2026-03-12T02:07:10.231+0000] {logging_mixin.py:149} INFO - [2026-03-12T02:07:10.230+0000] {dagbag.py:541} INFO - Filling up the DagBag from /opt/airflow/dags/dag.py
[2026-03-12T02:07:10.238+0000] {processor.py:809} INFO - DAG(s) dict_keys(['dag_check']) retrieved from /opt/airflow/dags/dag.py
[2026-03-12T02:07:10.258+0000] {logging_mixin.py:149} INFO - [2026-03-12T02:07:10.257+0000] {dag.py:2726} INFO - Sync 1 DAGs
[2026-03-12T02:07:10.269+0000] {logging_mixin.py:149} INFO - [2026-03-12T02:07:10.269+0000] {dag.py:3490} INFO - Setting next_dagrun for dag_check to None, run_after=None
[2026-03-12T02:07:10.276+0000] {processor.py:178} INFO - Processing /opt/airflow/dags/dag.py took 0.052 seconds
[2026-03-12T02:07:40.533+0000] {processor.py:156} INFO - Started process (PID=144) to work on /opt/airflow/dags/dag.py
[2026-03-12T02:07:40.534+0000] {processor.py:799} INFO - Processing file /opt/airflow/dags/dag.py for tasks to queue
[2026-03-12T02:07:40.534+0000] {logging_mixin.py:149} INFO - [2026-03-12T02:07:40.534+0000] {dagbag.py:541} INFO - Filling up the DagBag from /opt/airflow/dags/dag.py
[2026-03-12T02:07:40.543+0000] {processor.py:809} INFO - DAG(s) dict_keys(['dag_check']) retrieved from /opt/airflow/dags/dag.py
[2026-03-12T02:07:40.564+0000] {logging_mixin.py:149} INFO - [2026-03-12T02:07:40.563+0000] {dag.py:2726} INFO - Sync 1 DAGs
[2026-03-12T02:07:40.575+0000] {logging_mixin.py:149} INFO - [2026-03-12T02:07:40.575+0000] {dag.py:3490} INFO - Setting next_dagrun for dag_check to None, run_after=None
[2026-03-12T02:07:40.583+0000] {processor.py:178} INFO - Processing /opt/airflow/dags/dag.py took 0.053 seconds
[2026-03-12T02:08:10.813+0000] {processor.py:156} INFO - Started process (PID=152) to work on /opt/airflow/dags/dag.py
[2026-03-12T02:08:10.813+0000] {processor.py:799} INFO - Processing file /opt/airflow/dags/dag.py for tasks to queue
[2026-03-12T02:08:10.814+0000] {logging_mixin.py:149} INFO - [2026-03-12T02:08:10.814+0000] {dagbag.py:541} INFO - Filling up the DagBag from /opt/airflow/dags/dag.py
[2026-03-12T02:08:10.822+0000] {processor.py:809} INFO - DAG(s) dict_keys(['dag_check']) retrieved from /opt/airflow/dags/dag.py
[2026-03-12T02:08:10.842+0000] {logging_mixin.py:149} INFO - [2026-03-12T02:08:10.842+0000] {dag.py:2726} INFO - Sync 1 DAGs
[2026-03-12T02:08:10.855+0000] {logging_mixin.py:149} INFO - [2026-03-12T02:08:10.855+0000] {dag.py:3490} INFO - Setting next_dagrun for dag_check to None, run_after=None
[2026-03-12T02:08:10.861+0000] {processor.py:178} INFO - Processing /opt/airflow/dags/dag.py took 0.052 seconds
[2026-03-12T02:08:41.114+0000] {processor.py:156} INFO - Started process (PID=160) to work on /opt/airflow/dags/dag.py
[2026-03-12T02:08:41.114+0000] {processor.py:799} INFO - Processing file /opt/airflow/dags/dag.py for tasks to queue
[2026-03-12T02:08:41.115+0000] {logging_mixin.py:149} INFO - [2026-03-12T02:08:41.115+0000] {dagbag.py:541} INFO - Filling up the DagBag from /opt/airflow/dags/dag.py
[2026-03-12T02:08:41.121+0000] {processor.py:809} INFO - DAG(s) dict_keys(['dag_check']) retrieved from /opt/airflow/dags/dag.py
[2026-03-12T02:08:41.140+0000] {logging_mixin.py:149} INFO - [2026-03-12T02:08:41.140+0000] {dag.py:2726} INFO - Sync 1 DAGs
[2026-03-12T02:08:41.151+0000] {logging_mixin.py:149} INFO - [2026-03-12T02:08:41.151+0000] {dag.py:3490} INFO - Setting next_dagrun for dag_check to None, run_after=None
[2026-03-12T02:08:41.159+0000] {processor.py:178} INFO - Processing /opt/airflow/dags/dag.py took 0.048 seconds
[2026-03-12T02:09:11.367+0000] {processor.py:156} INFO - Started process (PID=168) to work on /opt/airflow/dags/dag.py
[2026-03-12T02:09:11.368+0000] {processor.py:799} INFO - Processing file /opt/airflow/dags/dag.py for tasks to queue
[2026-03-12T02:09:11.369+0000] {logging_mixin.py:149} INFO - [2026-03-12T02:09:11.369+0000] {dagbag.py:541} INFO - Filling up the DagBag from /opt/airflow/dags/dag.py
[2026-03-12T02:09:11.377+0000] {processor.py:809} INFO - DAG(s) dict_keys(['dag_check']) retrieved from /opt/airflow/dags/dag.py
[2026-03-12T02:09:11.395+0000] {logging_mixin.py:149} INFO - [2026-03-12T02:09:11.394+0000] {dag.py:2726} INFO - Sync 1 DAGs
[2026-03-12T02:09:11.406+0000] {logging_mixin.py:149} INFO - [2026-03-12T02:09:11.406+0000] {dag.py:3490} INFO - Setting next_dagrun for dag_check to None, run_after=None
[2026-03-12T02:09:11.414+0000] {processor.py:178} INFO - Processing /opt/airflow/dags/dag.py took 0.050 seconds
[2026-03-12T02:09:41.602+0000] {processor.py:156} INFO - Started process (PID=176) to work on /opt/airflow/dags/dag.py
[2026-03-12T02:09:41.604+0000] {processor.py:799} INFO - Processing file /opt/airflow/dags/dag.py for tasks to queue
[2026-03-12T02:09:41.604+0000] {logging_mixin.py:149} INFO - [2026-03-12T02:09:41.604+0000] {dagbag.py:541} INFO - Filling up the DagBag from /opt/airflow/dags/dag.py
[2026-03-12T02:09:41.615+0000] {processor.py:809} INFO - DAG(s) dict_keys(['dag_check']) retrieved from /opt/airflow/dags/dag.py
[2026-03-12T02:09:41.633+0000] {logging_mixin.py:149} INFO - [2026-03-12T02:09:41.633+0000] {dag.py:2726} INFO - Sync 1 DAGs
[2026-03-12T02:09:41.645+0000] {logging_mixin.py:149} INFO - [2026-03-12T02:09:41.645+0000] {dag.py:3490} INFO - Setting next_dagrun for dag_check to None, run_after=None
[2026-03-12T02:09:41.653+0000] {processor.py:178} INFO - Processing /opt/airflow/dags/dag.py took 0.055 seconds
[2026-03-12T02:10:11.879+0000] {processor.py:156} INFO - Started process (PID=184) to work on /opt/airflow/dags/dag.py
[2026-03-12T02:10:11.880+0000] {processor.py:799} INFO - Processing file /opt/airflow/dags/dag.py for tasks to queue
[2026-03-12T02:10:11.881+0000] {logging_mixin.py:149} INFO - [2026-03-12T02:10:11.881+0000] {dagbag.py:541} INFO - Filling up the DagBag from /opt/airflow/dags/dag.py
[2026-03-12T02:10:11.888+0000] {processor.py:809} INFO - DAG(s) dict_keys(['dag_check']) retrieved from /opt/airflow/dags/dag.py
[2026-03-12T02:10:11.903+0000] {logging_mixin.py:149} INFO - [2026-03-12T02:10:11.903+0000] {dag.py:2726} INFO - Sync 1 DAGs
[2026-03-12T02:10:11.915+0000] {logging_mixin.py:149} INFO - [2026-03-12T02:10:11.915+0000] {dag.py:3490} INFO - Setting next_dagrun for dag_check to None, run_after=None
[2026-03-12T02:10:11.922+0000] {processor.py:178} INFO - Processing /opt/airflow/dags/dag.py took 0.047 seconds
[2026-03-12T02:10:42.120+0000] {processor.py:156} INFO - Started process (PID=192) to work on /opt/airflow/dags/dag.py
[2026-03-12T02:10:42.121+0000] {processor.py:799} INFO - Processing file /opt/airflow/dags/dag.py for tasks to queue
[2026-03-12T02:10:42.122+0000] {logging_mixin.py:149} INFO - [2026-03-12T02:10:42.122+0000] {dagbag.py:541} INFO - Filling up the DagBag from /opt/airflow/dags/dag.py
[2026-03-12T02:10:42.131+0000] {processor.py:809} INFO - DAG(s) dict_keys(['dag_check']) retrieved from /opt/airflow/dags/dag.py
[2026-03-12T02:10:42.154+0000] {logging_mixin.py:149} INFO - [2026-03-12T02:10:42.154+0000] {dag.py:2726} INFO - Sync 1 DAGs
[2026-03-12T02:10:42.167+0000] {logging_mixin.py:149} INFO - [2026-03-12T02:10:42.167+0000] {dag.py:3490} INFO - Setting next_dagrun for dag_check to None, run_after=None
[2026-03-12T02:10:42.175+0000] {processor.py:178} INFO - Processing /opt/airflow/dags/dag.py took 0.060 seconds
[2026-03-12T02:11:12.353+0000] {processor.py:156} INFO - Started process (PID=200) to work on /opt/airflow/dags/dag.py
[2026-03-12T02:11:12.354+0000] {processor.py:799} INFO - Processing file /opt/airflow/dags/dag.py for tasks to queue
[2026-03-12T02:11:12.355+0000] {logging_mixin.py:149} INFO - [2026-03-12T02:11:12.355+0000] {dagbag.py:541} INFO - Filling up the DagBag from /opt/airflow/dags/dag.py
[2026-03-12T02:11:12.363+0000] {processor.py:809} INFO - DAG(s) dict_keys(['dag_check']) retrieved from /opt/airflow/dags/dag.py
[2026-03-12T02:11:12.382+0000] {logging_mixin.py:149} INFO - [2026-03-12T02:11:12.382+0000] {dag.py:2726} INFO - Sync 1 DAGs
[2026-03-12T02:11:12.394+0000] {logging_mixin.py:149} INFO - [2026-03-12T02:11:12.394+0000] {dag.py:3490} INFO - Setting next_dagrun for dag_check to None, run_after=None
[2026-03-12T02:11:12.401+0000] {processor.py:178} INFO - Processing /opt/airflow/dags/dag.py took 0.051 seconds
[2026-03-12T02:11:42.635+0000] {processor.py:156} INFO - Started process (PID=208) to work on /opt/airflow/dags/dag.py
[2026-03-12T02:11:42.636+0000] {processor.py:799} INFO - Processing file /opt/airflow/dags/dag.py for tasks to queue
[2026-03-12T02:11:42.637+0000] {logging_mixin.py:149} INFO - [2026-03-12T02:11:42.637+0000] {dagbag.py:541} INFO - Filling up the DagBag from /opt/airflow/dags/dag.py
[2026-03-12T02:11:42.643+0000] {processor.py:809} INFO - DAG(s) dict_keys(['dag_check']) retrieved from /opt/airflow/dags/dag.py
[2026-03-12T02:11:42.660+0000] {logging_mixin.py:149} INFO - [2026-03-12T02:11:42.660+0000] {dag.py:2726} INFO - Sync 1 DAGs
[2026-03-12T02:11:42.672+0000] {logging_mixin.py:149} INFO - [2026-03-12T02:11:42.672+0000] {dag.py:3490} INFO - Setting next_dagrun for dag_check to None, run_after=None
[2026-03-12T02:11:42.681+0000] {processor.py:178} INFO - Processing /opt/airflow/dags/dag.py took 0.049 seconds
[2026-03-12T02:12:12.886+0000] {processor.py:156} INFO - Started process (PID=216) to work on /opt/airflow/dags/dag.py
[2026-03-12T02:12:12.887+0000] {processor.py:799} INFO - Processing file /opt/airflow/dags/dag.py for tasks to queue
[2026-03-12T02:12:12.887+0000] {logging_mixin.py:149} INFO - [2026-03-12T02:12:12.887+0000] {dagbag.py:541} INFO - Filling up the DagBag from /opt/airflow/dags/dag.py
[2026-03-12T02:12:12.895+0000] {processor.py:809} INFO - DAG(s) dict_keys(['dag_check']) retrieved from /opt/airflow/dags/dag.py
[2026-03-12T02:12:12.915+0000] {logging_mixin.py:149} INFO - [2026-03-12T02:12:12.915+0000] {dag.py:2726} INFO - Sync 1 DAGs
[2026-03-12T02:12:12.928+0000] {logging_mixin.py:149} INFO - [2026-03-12T02:12:12.927+0000] {dag.py:3490} INFO - Setting next_dagrun for dag_check to None, run_after=None
[2026-03-12T02:12:12.935+0000] {processor.py:178} INFO - Processing /opt/airflow/dags/dag.py took 0.053 seconds
[2026-03-12T02:12:43.140+0000] {processor.py:156} INFO - Started process (PID=224) to work on /opt/airflow/dags/dag.py
[2026-03-12T02:12:43.142+0000] {processor.py:799} INFO - Processing file /opt/airflow/dags/dag.py for tasks to queue
[2026-03-12T02:12:43.142+0000] {logging_mixin.py:149} INFO - [2026-03-12T02:12:43.142+0000] {dagbag.py:541} INFO - Filling up the DagBag from /opt/airflow/dags/dag.py
[2026-03-12T02:12:43.148+0000] {processor.py:809} INFO - DAG(s) dict_keys(['dag_check']) retrieved from /opt/airflow/dags/dag.py
[2026-03-12T02:12:43.165+0000] {logging_mixin.py:149} INFO - [2026-03-12T02:12:43.164+0000] {dag.py:2726} INFO - Sync 1 DAGs
[2026-03-12T02:12:43.177+0000] {logging_mixin.py:149} INFO - [2026-03-12T02:12:43.177+0000] {dag.py:3490} INFO - Setting next_dagrun for dag_check to None, run_after=None
[2026-03-12T02:12:43.186+0000] {processor.py:178} INFO - Processing /opt/airflow/dags/dag.py took 0.050 seconds
[2026-03-12T02:13:13.410+0000] {processor.py:156} INFO - Started process (PID=232) to work on /opt/airflow/dags/dag.py
[2026-03-12T02:13:13.411+0000] {processor.py:799} INFO - Processing file /opt/airflow/dags/dag.py for tasks to queue
[2026-03-12T02:13:13.412+0000] {logging_mixin.py:149} INFO - [2026-03-12T02:13:13.412+0000] {dagbag.py:541} INFO - Filling up the DagBag from /opt/airflow/dags/dag.py
[2026-03-12T02:13:13.419+0000] {processor.py:809} INFO - DAG(s) dict_keys(['dag_check']) retrieved from /opt/airflow/dags/dag.py
[2026-03-12T02:13:13.441+0000] {logging_mixin.py:149} INFO - [2026-03-12T02:13:13.441+0000] {dag.py:2726} INFO - Sync 1 DAGs
[2026-03-12T02:13:13.453+0000] {logging_mixin.py:149} INFO - [2026-03-12T02:13:13.453+0000] {dag.py:3490} INFO - Setting next_dagrun for dag_check to None, run_after=None
[2026-03-12T02:13:13.461+0000] {processor.py:178} INFO - Processing /opt/airflow/dags/dag.py took 0.055 seconds
[2026-03-12T02:13:43.653+0000] {processor.py:156} INFO - Started process (PID=240) to work on /opt/airflow/dags/dag.py
[2026-03-12T02:13:43.654+0000] {processor.py:799} INFO - Processing file /opt/airflow/dags/dag.py for tasks to queue
[2026-03-12T02:13:43.655+0000] {logging_mixin.py:149} INFO - [2026-03-12T02:13:43.655+0000] {dagbag.py:541} INFO - Filling up the DagBag from /opt/airflow/dags/dag.py
[2026-03-12T02:13:43.661+0000] {processor.py:809} INFO - DAG(s) dict_keys(['dag_check']) retrieved from /opt/airflow/dags/dag.py
[2026-03-12T02:13:43.680+0000] {logging_mixin.py:149} INFO - [2026-03-12T02:13:43.680+0000] {dag.py:2726} INFO - Sync 1 DAGs
[2026-03-12T02:13:43.694+0000] {logging_mixin.py:149} INFO - [2026-03-12T02:13:43.694+0000] {dag.py:3490} INFO - Setting next_dagrun for dag_check to None, run_after=None
[2026-03-12T02:13:43.701+0000] {processor.py:178} INFO - Processing /opt/airflow/dags/dag.py took 0.054 seconds
[2026-03-12T02:13:48.712+0000] {processor.py:156} INFO - Started process (PID=248) to work on /opt/airflow/dags/dag.py
[2026-03-12T02:13:48.713+0000] {processor.py:799} INFO - Processing file /opt/airflow/dags/dag.py for tasks to queue
[2026-03-12T02:13:48.714+0000] {logging_mixin.py:149} INFO - [2026-03-12T02:13:48.714+0000] {dagbag.py:541} INFO - Filling up the DagBag from /opt/airflow/dags/dag.py
[2026-03-12T02:13:48.723+0000] {processor.py:809} INFO - DAG(s) dict_keys(['dag_check']) retrieved from /opt/airflow/dags/dag.py
[2026-03-12T02:13:48.761+0000] {logging_mixin.py:149} INFO - [2026-03-12T02:13:48.761+0000] {dag.py:2726} INFO - Sync 1 DAGs
[2026-03-12T02:13:48.770+0000] {logging_mixin.py:149} INFO - [2026-03-12T02:13:48.770+0000] {dag.py:3490} INFO - Setting next_dagrun for dag_check to None, run_after=None
[2026-03-12T02:13:48.779+0000] {processor.py:178} INFO - Processing /opt/airflow/dags/dag.py took 0.071 seconds
[2026-03-12T02:14:19.014+0000] {processor.py:156} INFO - Started process (PID=256) to work on /opt/airflow/dags/dag.py
[2026-03-12T02:14:19.014+0000] {processor.py:799} INFO - Processing file /opt/airflow/dags/dag.py for tasks to queue
[2026-03-12T02:14:19.015+0000] {logging_mixin.py:149} INFO - [2026-03-12T02:14:19.015+0000] {dagbag.py:541} INFO - Filling up the DagBag from /opt/airflow/dags/dag.py
[2026-03-12T02:14:19.018+0000] {processor.py:809} INFO - DAG(s) dict_keys(['dag_check']) retrieved from /opt/airflow/dags/dag.py
[2026-03-12T02:14:19.031+0000] {logging_mixin.py:149} INFO - [2026-03-12T02:14:19.031+0000] {dag.py:2726} INFO - Sync 1 DAGs
[2026-03-12T02:14:19.042+0000] {logging_mixin.py:149} INFO - [2026-03-12T02:14:19.042+0000] {dag.py:3490} INFO - Setting next_dagrun for dag_check to None, run_after=None
[2026-03-12T02:14:19.049+0000] {processor.py:178} INFO - Processing /opt/airflow/dags/dag.py took 0.037 seconds
[2026-03-12T02:14:47.268+0000] {processor.py:156} INFO - Started process (PID=264) to work on /opt/airflow/dags/dag.py
[2026-03-12T02:14:47.269+0000] {processor.py:799} INFO - Processing file /opt/airflow/dags/dag.py for tasks to queue
[2026-03-12T02:14:47.270+0000] {logging_mixin.py:149} INFO - [2026-03-12T02:14:47.269+0000] {dagbag.py:541} INFO - Filling up the DagBag from /opt/airflow/dags/dag.py
[2026-03-12T02:14:47.277+0000] {processor.py:809} INFO - DAG(s) dict_keys(['dag_check']) retrieved from /opt/airflow/dags/dag.py
[2026-03-12T02:14:47.294+0000] {logging_mixin.py:149} INFO - [2026-03-12T02:14:47.294+0000] {dag.py:2726} INFO - Sync 1 DAGs
[2026-03-12T02:14:47.304+0000] {logging_mixin.py:149} INFO - [2026-03-12T02:14:47.304+0000] {dag.py:3490} INFO - Setting next_dagrun for dag_check to None, run_after=None
[2026-03-12T02:14:47.311+0000] {processor.py:178} INFO - Processing /opt/airflow/dags/dag.py took 0.046 seconds
[2026-03-12T02:15:17.535+0000] {processor.py:156} INFO - Started process (PID=272) to work on /opt/airflow/dags/dag.py
[2026-03-12T02:15:17.535+0000] {processor.py:799} INFO - Processing file /opt/airflow/dags/dag.py for tasks to queue
[2026-03-12T02:15:17.536+0000] {logging_mixin.py:149} INFO - [2026-03-12T02:15:17.536+0000] {dagbag.py:541} INFO - Filling up the DagBag from /opt/airflow/dags/dag.py
[2026-03-12T02:15:17.543+0000] {processor.py:809} INFO - DAG(s) dict_keys(['dag_check']) retrieved from /opt/airflow/dags/dag.py
[2026-03-12T02:15:17.563+0000] {logging_mixin.py:149} INFO - [2026-03-12T02:15:17.562+0000] {dag.py:2726} INFO - Sync 1 DAGs
[2026-03-12T02:15:17.576+0000] {logging_mixin.py:149} INFO - [2026-03-12T02:15:17.576+0000] {dag.py:3490} INFO - Setting next_dagrun for dag_check to None, run_after=None
[2026-03-12T02:15:17.583+0000] {processor.py:178} INFO - Processing /opt/airflow/dags/dag.py took 0.051 seconds
[2026-03-12T02:15:47.802+0000] {processor.py:156} INFO - Started process (PID=280) to work on /opt/airflow/dags/dag.py
[2026-03-12T02:15:47.803+0000] {processor.py:799} INFO - Processing file /opt/airflow/dags/dag.py for tasks to queue
[2026-03-12T02:15:47.804+0000] {logging_mixin.py:149} INFO - [2026-03-12T02:15:47.803+0000] {dagbag.py:541} INFO - Filling up the DagBag from /opt/airflow/dags/dag.py
[2026-03-12T02:15:47.812+0000] {processor.py:809} INFO - DAG(s) dict_keys(['dag_check']) retrieved from /opt/airflow/dags/dag.py
[2026-03-12T02:15:47.832+0000] {logging_mixin.py:149} INFO - [2026-03-12T02:15:47.832+0000] {dag.py:2726} INFO - Sync 1 DAGs
[2026-03-12T02:15:47.844+0000] {logging_mixin.py:149} INFO - [2026-03-12T02:15:47.844+0000] {dag.py:3490} INFO - Setting next_dagrun for dag_check to None, run_after=None
[2026-03-12T02:15:47.851+0000] {processor.py:178} INFO - Processing /opt/airflow/dags/dag.py took 0.053 seconds
[2026-03-12T02:16:18.046+0000] {processor.py:156} INFO - Started process (PID=288) to work on /opt/airflow/dags/dag.py
[2026-03-12T02:16:18.047+0000] {processor.py:799} INFO - Processing file /opt/airflow/dags/dag.py for tasks to queue
[2026-03-12T02:16:18.048+0000] {logging_mixin.py:149} INFO - [2026-03-12T02:16:18.048+0000] {dagbag.py:541} INFO - Filling up the DagBag from /opt/airflow/dags/dag.py
[2026-03-12T02:16:18.056+0000] {processor.py:809} INFO - DAG(s) dict_keys(['dag_check']) retrieved from /opt/airflow/dags/dag.py
[2026-03-12T02:16:18.074+0000] {logging_mixin.py:149} INFO - [2026-03-12T02:16:18.074+0000] {dag.py:2726} INFO - Sync 1 DAGs
[2026-03-12T02:16:18.086+0000] {logging_mixin.py:149} INFO - [2026-03-12T02:16:18.086+0000] {dag.py:3490} INFO - Setting next_dagrun for dag_check to None, run_after=None
[2026-03-12T02:16:18.094+0000] {processor.py:178} INFO - Processing /opt/airflow/dags/dag.py took 0.051 seconds
[2026-03-12T02:16:48.331+0000] {processor.py:156} INFO - Started process (PID=296) to work on /opt/airflow/dags/dag.py
[2026-03-12T02:16:48.332+0000] {processor.py:799} INFO - Processing file /opt/airflow/dags/dag.py for tasks to queue
[2026-03-12T02:16:48.333+0000] {logging_mixin.py:149} INFO - [2026-03-12T02:16:48.333+0000] {dagbag.py:541} INFO - Filling up the DagBag from /opt/airflow/dags/dag.py
[2026-03-12T02:16:48.341+0000] {processor.py:809} INFO - DAG(s) dict_keys(['dag_check']) retrieved from /opt/airflow/dags/dag.py
[2026-03-12T02:16:48.362+0000] {logging_mixin.py:149} INFO - [2026-03-12T02:16:48.362+0000] {dag.py:2726} INFO - Sync 1 DAGs
[2026-03-12T02:16:48.374+0000] {logging_mixin.py:149} INFO - [2026-03-12T02:16:48.374+0000] {dag.py:3490} INFO - Setting next_dagrun for dag_check to None, run_after=None
[2026-03-12T02:16:48.381+0000] {processor.py:178} INFO - Processing /opt/airflow/dags/dag.py took 0.054 seconds
[2026-03-12T02:17:18.611+0000] {processor.py:156} INFO - Started process (PID=304) to work on /opt/airflow/dags/dag.py
[2026-03-12T02:17:18.611+0000] {processor.py:799} INFO - Processing file /opt/airflow/dags/dag.py for tasks to queue
[2026-03-12T02:17:18.612+0000] {logging_mixin.py:149} INFO - [2026-03-12T02:17:18.612+0000] {dagbag.py:541} INFO - Filling up the DagBag from /opt/airflow/dags/dag.py
[2026-03-12T02:17:18.619+0000] {processor.py:809} INFO - DAG(s) dict_keys(['dag_check']) retrieved from /opt/airflow/dags/dag.py
[2026-03-12T02:17:18.636+0000] {logging_mixin.py:149} INFO - [2026-03-12T02:17:18.636+0000] {dag.py:2726} INFO - Sync 1 DAGs
[2026-03-12T02:17:18.649+0000] {logging_mixin.py:149} INFO - [2026-03-12T02:17:18.649+0000] {dag.py:3490} INFO - Setting next_dagrun for dag_check to None, run_after=None
[2026-03-12T02:17:18.658+0000] {processor.py:178} INFO - Processing /opt/airflow/dags/dag.py took 0.051 seconds
[2026-03-12T02:17:48.876+0000] {processor.py:156} INFO - Started process (PID=312) to work on /opt/airflow/dags/dag.py
[2026-03-12T02:17:48.877+0000] {processor.py:799} INFO - Processing file /opt/airflow/dags/dag.py for tasks to queue
[2026-03-12T02:17:48.878+0000] {logging_mixin.py:149} INFO - [2026-03-12T02:17:48.878+0000] {dagbag.py:541} INFO - Filling up the DagBag from /opt/airflow/dags/dag.py
[2026-03-12T02:17:48.888+0000] {processor.py:809} INFO - DAG(s) dict_keys(['dag_check']) retrieved from /opt/airflow/dags/dag.py
[2026-03-12T02:17:48.913+0000] {logging_mixin.py:149} INFO - [2026-03-12T02:17:48.913+0000] {dag.py:2726} INFO - Sync 1 DAGs
[2026-03-12T02:17:48.925+0000] {logging_mixin.py:149} INFO - [2026-03-12T02:17:48.925+0000] {dag.py:3490} INFO - Setting next_dagrun for dag_check to None, run_after=None
[2026-03-12T02:17:48.933+0000] {processor.py:178} INFO - Processing /opt/airflow/dags/dag.py took 0.063 seconds
[2026-03-12T02:18:19.158+0000] {processor.py:156} INFO - Started process (PID=320) to work on /opt/airflow/dags/dag.py
[2026-03-12T02:18:19.159+0000] {processor.py:799} INFO - Processing file /opt/airflow/dags/dag.py for tasks to queue
[2026-03-12T02:18:19.160+0000] {logging_mixin.py:149} INFO - [2026-03-12T02:18:19.160+0000] {dagbag.py:541} INFO - Filling up the DagBag from /opt/airflow/dags/dag.py
[2026-03-12T02:18:19.168+0000] {processor.py:809} INFO - DAG(s) dict_keys(['dag_check']) retrieved from /opt/airflow/dags/dag.py
[2026-03-12T02:18:19.189+0000] {logging_mixin.py:149} INFO - [2026-03-12T02:18:19.189+0000] {dag.py:2726} INFO - Sync 1 DAGs
[2026-03-12T02:18:19.202+0000] {logging_mixin.py:149} INFO - [2026-03-12T02:18:19.202+0000] {dag.py:3490} INFO - Setting next_dagrun for dag_check to None, run_after=None
[2026-03-12T02:18:19.209+0000] {processor.py:178} INFO - Processing /opt/airflow/dags/dag.py took 0.055 seconds
[2026-03-12T02:18:49.416+0000] {processor.py:156} INFO - Started process (PID=328) to work on /opt/airflow/dags/dag.py
[2026-03-12T02:18:49.417+0000] {processor.py:799} INFO - Processing file /opt/airflow/dags/dag.py for tasks to queue
[2026-03-12T02:18:49.418+0000] {logging_mixin.py:149} INFO - [2026-03-12T02:18:49.418+0000] {dagbag.py:541} INFO - Filling up the DagBag from /opt/airflow/dags/dag.py
[2026-03-12T02:18:49.425+0000] {processor.py:809} INFO - DAG(s) dict_keys(['dag_check']) retrieved from /opt/airflow/dags/dag.py
[2026-03-12T02:18:49.443+0000] {logging_mixin.py:149} INFO - [2026-03-12T02:18:49.443+0000] {dag.py:2726} INFO - Sync 1 DAGs
[2026-03-12T02:18:49.454+0000] {logging_mixin.py:149} INFO - [2026-03-12T02:18:49.454+0000] {dag.py:3490} INFO - Setting next_dagrun for dag_check to None, run_after=None
[2026-03-12T02:18:49.461+0000] {processor.py:178} INFO - Processing /opt/airflow/dags/dag.py took 0.047 seconds
[2026-03-12T02:19:19.693+0000] {processor.py:156} INFO - Started process (PID=336) to work on /opt/airflow/dags/dag.py
[2026-03-12T02:19:19.694+0000] {processor.py:799} INFO - Processing file /opt/airflow/dags/dag.py for tasks to queue
[2026-03-12T02:19:19.695+0000] {logging_mixin.py:149} INFO - [2026-03-12T02:19:19.695+0000] {dagbag.py:541} INFO - Filling up the DagBag from /opt/airflow/dags/dag.py
[2026-03-12T02:19:19.703+0000] {processor.py:809} INFO - DAG(s) dict_keys(['dag_check']) retrieved from /opt/airflow/dags/dag.py
[2026-03-12T02:19:19.723+0000] {logging_mixin.py:149} INFO - [2026-03-12T02:19:19.723+0000] {dag.py:2726} INFO - Sync 1 DAGs
[2026-03-12T02:19:19.735+0000] {logging_mixin.py:149} INFO - [2026-03-12T02:19:19.735+0000] {dag.py:3490} INFO - Setting next_dagrun for dag_check to None, run_after=None
[2026-03-12T02:19:19.741+0000] {processor.py:178} INFO - Processing /opt/airflow/dags/dag.py took 0.052 seconds
[2026-03-12T02:19:49.958+0000] {processor.py:156} INFO - Started process (PID=344) to work on /opt/airflow/dags/dag.py
[2026-03-12T02:19:49.959+0000] {processor.py:799} INFO - Processing file /opt/airflow/dags/dag.py for tasks to queue
[2026-03-12T02:19:49.960+0000] {logging_mixin.py:149} INFO - [2026-03-12T02:19:49.960+0000] {dagbag.py:541} INFO - Filling up the DagBag from /opt/airflow/dags/dag.py
[2026-03-12T02:19:49.968+0000] {processor.py:809} INFO - DAG(s) dict_keys(['dag_check']) retrieved from /opt/airflow/dags/dag.py
[2026-03-12T02:19:49.988+0000] {logging_mixin.py:149} INFO - [2026-03-12T02:19:49.988+0000] {dag.py:2726} INFO - Sync 1 DAGs
[2026-03-12T02:19:49.998+0000] {logging_mixin.py:149} INFO - [2026-03-12T02:19:49.998+0000] {dag.py:3490} INFO - Setting next_dagrun for dag_check to None, run_after=None
[2026-03-12T02:19:50.005+0000] {processor.py:178} INFO - Processing /opt/airflow/dags/dag.py took 0.050 seconds
[2026-03-12T02:20:20.233+0000] {processor.py:156} INFO - Started process (PID=352) to work on /opt/airflow/dags/dag.py
[2026-03-12T02:20:20.234+0000] {processor.py:799} INFO - Processing file /opt/airflow/dags/dag.py for tasks to queue
[2026-03-12T02:20:20.234+0000] {logging_mixin.py:149} INFO - [2026-03-12T02:20:20.234+0000] {dagbag.py:541} INFO - Filling up the DagBag from /opt/airflow/dags/dag.py
[2026-03-12T02:20:20.243+0000] {processor.py:809} INFO - DAG(s) dict_keys(['dag_check']) retrieved from /opt/airflow/dags/dag.py
[2026-03-12T02:20:20.262+0000] {logging_mixin.py:149} INFO - [2026-03-12T02:20:20.262+0000] {dag.py:2726} INFO - Sync 1 DAGs
[2026-03-12T02:20:20.273+0000] {logging_mixin.py:149} INFO - [2026-03-12T02:20:20.273+0000] {dag.py:3490} INFO - Setting next_dagrun for dag_check to None, run_after=None
[2026-03-12T02:20:20.280+0000] {processor.py:178} INFO - Processing /opt/airflow/dags/dag.py took 0.052 seconds
[2026-03-12T02:20:50.499+0000] {processor.py:156} INFO - Started process (PID=360) to work on /opt/airflow/dags/dag.py
[2026-03-12T02:20:50.500+0000] {processor.py:799} INFO - Processing file /opt/airflow/dags/dag.py for tasks to queue
[2026-03-12T02:20:50.501+0000] {logging_mixin.py:149} INFO - [2026-03-12T02:20:50.501+0000] {dagbag.py:541} INFO - Filling up the DagBag from /opt/airflow/dags/dag.py
[2026-03-12T02:20:50.509+0000] {processor.py:809} INFO - DAG(s) dict_keys(['dag_check']) retrieved from /opt/airflow/dags/dag.py
[2026-03-12T02:20:50.530+0000] {logging_mixin.py:149} INFO - [2026-03-12T02:20:50.530+0000] {dag.py:2726} INFO - Sync 1 DAGs
[2026-03-12T02:20:50.543+0000] {logging_mixin.py:149} INFO - [2026-03-12T02:20:50.543+0000] {dag.py:3490} INFO - Setting next_dagrun for dag_check to None, run_after=None
[2026-03-12T02:20:50.551+0000] {processor.py:178} INFO - Processing /opt/airflow/dags/dag.py took 0.055 seconds
[2026-03-12T02:21:20.741+0000] {processor.py:156} INFO - Started process (PID=368) to work on /opt/airflow/dags/dag.py
[2026-03-12T02:21:20.742+0000] {processor.py:799} INFO - Processing file /opt/airflow/dags/dag.py for tasks to queue
[2026-03-12T02:21:20.742+0000] {logging_mixin.py:149} INFO - [2026-03-12T02:21:20.742+0000] {dagbag.py:541} INFO - Filling up the DagBag from /opt/airflow/dags/dag.py
[2026-03-12T02:21:20.748+0000] {processor.py:809} INFO - DAG(s) dict_keys(['dag_check']) retrieved from /opt/airflow/dags/dag.py
[2026-03-12T02:21:20.760+0000] {logging_mixin.py:149} INFO - [2026-03-12T02:21:20.759+0000] {dag.py:2726} INFO - Sync 1 DAGs
[2026-03-12T02:21:20.769+0000] {logging_mixin.py:149} INFO - [2026-03-12T02:21:20.769+0000] {dag.py:3490} INFO - Setting next_dagrun for dag_check to None, run_after=None
[2026-03-12T02:21:20.776+0000] {processor.py:178} INFO - Processing /opt/airflow/dags/dag.py took 0.037 seconds
[2026-03-12T02:21:51.000+0000] {processor.py:156} INFO - Started process (PID=376) to work on /opt/airflow/dags/dag.py
[2026-03-12T02:21:51.002+0000] {processor.py:799} INFO - Processing file /opt/airflow/dags/dag.py for tasks to queue
[2026-03-12T02:21:51.002+0000] {logging_mixin.py:149} INFO - [2026-03-12T02:21:51.002+0000] {dagbag.py:541} INFO - Filling up the DagBag from /opt/airflow/dags/dag.py
[2026-03-12T02:21:51.010+0000] {processor.py:809} INFO - DAG(s) dict_keys(['dag_check']) retrieved from /opt/airflow/dags/dag.py
[2026-03-12T02:21:51.029+0000] {logging_mixin.py:149} INFO - [2026-03-12T02:21:51.029+0000] {dag.py:2726} INFO - Sync 1 DAGs
[2026-03-12T02:21:51.040+0000] {logging_mixin.py:149} INFO - [2026-03-12T02:21:51.040+0000] {dag.py:3490} INFO - Setting next_dagrun for dag_check to None, run_after=None
[2026-03-12T02:21:51.047+0000] {processor.py:178} INFO - Processing /opt/airflow/dags/dag.py took 0.050 seconds
[2026-03-12T02:22:21.273+0000] {processor.py:156} INFO - Started process (PID=384) to work on /opt/airflow/dags/dag.py
[2026-03-12T02:22:21.273+0000] {processor.py:799} INFO - Processing file /opt/airflow/dags/dag.py for tasks to queue
[2026-03-12T02:22:21.274+0000] {logging_mixin.py:149} INFO - [2026-03-12T02:22:21.274+0000] {dagbag.py:541} INFO - Filling up the DagBag from /opt/airflow/dags/dag.py
[2026-03-12T02:22:21.280+0000] {processor.py:809} INFO - DAG(s) dict_keys(['dag_check']) retrieved from /opt/airflow/dags/dag.py
[2026-03-12T02:22:21.295+0000] {logging_mixin.py:149} INFO - [2026-03-12T02:22:21.295+0000] {dag.py:2726} INFO - Sync 1 DAGs
[2026-03-12T02:22:21.307+0000] {logging_mixin.py:149} INFO - [2026-03-12T02:22:21.307+0000] {dag.py:3490} INFO - Setting next_dagrun for dag_check to None, run_after=None
[2026-03-12T02:22:21.313+0000] {processor.py:178} INFO - Processing /opt/airflow/dags/dag.py took 0.044 seconds
[2026-03-12T02:22:51.507+0000] {processor.py:156} INFO - Started process (PID=392) to work on /opt/airflow/dags/dag.py
[2026-03-12T02:22:51.507+0000] {processor.py:799} INFO - Processing file /opt/airflow/dags/dag.py for tasks to queue
[2026-03-12T02:22:51.507+0000] {logging_mixin.py:149} INFO - [2026-03-12T02:22:51.507+0000] {dagbag.py:541} INFO - Filling up the DagBag from /opt/airflow/dags/dag.py
[2026-03-12T02:22:51.511+0000] {processor.py:809} INFO - DAG(s) dict_keys(['dag_check']) retrieved from /opt/airflow/dags/dag.py
[2026-03-12T02:22:51.521+0000] {logging_mixin.py:149} INFO - [2026-03-12T02:22:51.521+0000] {dag.py:2726} INFO - Sync 1 DAGs
[2026-03-12T02:22:51.530+0000] {logging_mixin.py:149} INFO - [2026-03-12T02:22:51.530+0000] {dag.py:3490} INFO - Setting next_dagrun for dag_check to None, run_after=None
[2026-03-12T02:22:51.535+0000] {processor.py:178} INFO - Processing /opt/airflow/dags/dag.py took 0.030 seconds
[2026-03-12T02:23:21.765+0000] {processor.py:156} INFO - Started process (PID=400) to work on /opt/airflow/dags/dag.py
[2026-03-12T02:23:21.765+0000] {processor.py:799} INFO - Processing file /opt/airflow/dags/dag.py for tasks to queue
[2026-03-12T02:23:21.765+0000] {logging_mixin.py:149} INFO - [2026-03-12T02:23:21.765+0000] {dagbag.py:541} INFO - Filling up the DagBag from /opt/airflow/dags/dag.py
[2026-03-12T02:23:21.768+0000] {processor.py:809} INFO - DAG(s) dict_keys(['dag_check']) retrieved from /opt/airflow/dags/dag.py
[2026-03-12T02:23:21.780+0000] {logging_mixin.py:149} INFO - [2026-03-12T02:23:21.779+0000] {dag.py:2726} INFO - Sync 1 DAGs
[2026-03-12T02:23:21.790+0000] {logging_mixin.py:149} INFO - [2026-03-12T02:23:21.789+0000] {dag.py:3490} INFO - Setting next_dagrun for dag_check to None, run_after=None
[2026-03-12T02:23:21.797+0000] {processor.py:178} INFO - Processing /opt/airflow/dags/dag.py took 0.034 seconds
[2026-03-12T02:23:52.017+0000] {processor.py:156} INFO - Started process (PID=408) to work on /opt/airflow/dags/dag.py
[2026-03-12T02:23:52.017+0000] {processor.py:799} INFO - Processing file /opt/airflow/dags/dag.py for tasks to queue
[2026-03-12T02:23:52.018+0000] {logging_mixin.py:149} INFO - [2026-03-12T02:23:52.018+0000] {dagbag.py:541} INFO - Filling up the DagBag from /opt/airflow/dags/dag.py
[2026-03-12T02:23:52.024+0000] {processor.py:809} INFO - DAG(s) dict_keys(['dag_check']) retrieved from /opt/airflow/dags/dag.py
[2026-03-12T02:23:52.036+0000] {logging_mixin.py:149} INFO - [2026-03-12T02:23:52.036+0000] {dag.py:2726} INFO - Sync 1 DAGs
[2026-03-12T02:23:52.046+0000] {logging_mixin.py:149} INFO - [2026-03-12T02:23:52.046+0000] {dag.py:3490} INFO - Setting next_dagrun for dag_check to None, run_after=None
[2026-03-12T02:23:52.052+0000] {processor.py:178} INFO - Processing /opt/airflow/dags/dag.py took 0.038 seconds
[2026-03-12T02:24:22.295+0000] {processor.py:156} INFO - Started process (PID=416) to work on /opt/airflow/dags/dag.py
[2026-03-12T02:24:22.296+0000] {processor.py:799} INFO - Processing file /opt/airflow/dags/dag.py for tasks to queue
[2026-03-12T02:24:22.297+0000] {logging_mixin.py:149} INFO - [2026-03-12T02:24:22.297+0000] {dagbag.py:541} INFO - Filling up the DagBag from /opt/airflow/dags/dag.py
[2026-03-12T02:24:22.305+0000] {processor.py:809} INFO - DAG(s) dict_keys(['dag_check']) retrieved from /opt/airflow/dags/dag.py
[2026-03-12T02:24:22.324+0000] {logging_mixin.py:149} INFO - [2026-03-12T02:24:22.324+0000] {dag.py:2726} INFO - Sync 1 DAGs
[2026-03-12T02:24:22.336+0000] {logging_mixin.py:149} INFO - [2026-03-12T02:24:22.336+0000] {dag.py:3490} INFO - Setting next_dagrun for dag_check to None, run_after=None
[2026-03-12T02:24:22.344+0000] {processor.py:178} INFO - Processing /opt/airflow/dags/dag.py took 0.053 seconds
[2026-03-12T02:24:52.545+0000] {processor.py:156} INFO - Started process (PID=424) to work on /opt/airflow/dags/dag.py
[2026-03-12T02:24:52.546+0000] {processor.py:799} INFO - Processing file /opt/airflow/dags/dag.py for tasks to queue
[2026-03-12T02:24:52.546+0000] {logging_mixin.py:149} INFO - [2026-03-12T02:24:52.546+0000] {dagbag.py:541} INFO - Filling up the DagBag from /opt/airflow/dags/dag.py
[2026-03-12T02:24:52.550+0000] {processor.py:809} INFO - DAG(s) dict_keys(['dag_check']) retrieved from /opt/airflow/dags/dag.py
[2026-03-12T02:24:52.563+0000] {logging_mixin.py:149} INFO - [2026-03-12T02:24:52.563+0000] {dag.py:2726} INFO - Sync 1 DAGs
[2026-03-12T02:24:52.573+0000] {logging_mixin.py:149} INFO - [2026-03-12T02:24:52.573+0000] {dag.py:3490} INFO - Setting next_dagrun for dag_check to None, run_after=None
[2026-03-12T02:24:52.579+0000] {processor.py:178} INFO - Processing /opt/airflow/dags/dag.py took 0.036 seconds
[2026-03-12T02:25:33.894+0000] {processor.py:156} INFO - Started process (PID=31) to work on /opt/airflow/dags/dag.py
[2026-03-12T02:25:33.897+0000] {processor.py:799} INFO - Processing file /opt/airflow/dags/dag.py for tasks to queue
[2026-03-12T02:25:33.897+0000] {logging_mixin.py:149} INFO - [2026-03-12T02:25:33.897+0000] {dagbag.py:541} INFO - Filling up the DagBag from /opt/airflow/dags/dag.py
[2026-03-12T02:25:33.913+0000] {processor.py:809} INFO - DAG(s) dict_keys(['dag_check']) retrieved from /opt/airflow/dags/dag.py
[2026-03-12T02:25:34.048+0000] {logging_mixin.py:149} INFO - [2026-03-12T02:25:34.048+0000] {dag.py:2726} INFO - Sync 1 DAGs
[2026-03-12T02:25:34.058+0000] {logging_mixin.py:149} INFO - [2026-03-12T02:25:34.058+0000] {dag.py:3490} INFO - Setting next_dagrun for dag_check to None, run_after=None
[2026-03-12T02:25:34.065+0000] {processor.py:178} INFO - Processing /opt/airflow/dags/dag.py took 0.173 seconds
[2026-03-12T02:26:04.254+0000] {processor.py:156} INFO - Started process (PID=39) to work on /opt/airflow/dags/dag.py
[2026-03-12T02:26:04.256+0000] {processor.py:799} INFO - Processing file /opt/airflow/dags/dag.py for tasks to queue
[2026-03-12T02:26:04.256+0000] {logging_mixin.py:149} INFO - [2026-03-12T02:26:04.256+0000] {dagbag.py:541} INFO - Filling up the DagBag from /opt/airflow/dags/dag.py
[2026-03-12T02:26:04.261+0000] {processor.py:809} INFO - DAG(s) dict_keys(['dag_check']) retrieved from /opt/airflow/dags/dag.py
[2026-03-12T02:26:04.277+0000] {logging_mixin.py:149} INFO - [2026-03-12T02:26:04.276+0000] {dag.py:2726} INFO - Sync 1 DAGs
[2026-03-12T02:26:04.289+0000] {logging_mixin.py:149} INFO - [2026-03-12T02:26:04.289+0000] {dag.py:3490} INFO - Setting next_dagrun for dag_check to None, run_after=None
[2026-03-12T02:26:04.296+0000] {processor.py:178} INFO - Processing /opt/airflow/dags/dag.py took 0.044 seconds
[2026-03-12T02:26:34.559+0000] {processor.py:156} INFO - Started process (PID=47) to work on /opt/airflow/dags/dag.py
[2026-03-12T02:26:34.559+0000] {processor.py:799} INFO - Processing file /opt/airflow/dags/dag.py for tasks to queue
[2026-03-12T02:26:34.560+0000] {logging_mixin.py:149} INFO - [2026-03-12T02:26:34.560+0000] {dagbag.py:541} INFO - Filling up the DagBag from /opt/airflow/dags/dag.py
[2026-03-12T02:26:34.568+0000] {processor.py:809} INFO - DAG(s) dict_keys(['dag_check']) retrieved from /opt/airflow/dags/dag.py
[2026-03-12T02:26:34.588+0000] {logging_mixin.py:149} INFO - [2026-03-12T02:26:34.587+0000] {dag.py:2726} INFO - Sync 1 DAGs
[2026-03-12T02:26:34.600+0000] {logging_mixin.py:149} INFO - [2026-03-12T02:26:34.600+0000] {dag.py:3490} INFO - Setting next_dagrun for dag_check to None, run_after=None
[2026-03-12T02:26:34.607+0000] {processor.py:178} INFO - Processing /opt/airflow/dags/dag.py took 0.051 seconds
[2026-03-12T02:27:04.865+0000] {processor.py:156} INFO - Started process (PID=55) to work on /opt/airflow/dags/dag.py
[2026-03-12T02:27:04.866+0000] {processor.py:799} INFO - Processing file /opt/airflow/dags/dag.py for tasks to queue
[2026-03-12T02:27:04.866+0000] {logging_mixin.py:149} INFO - [2026-03-12T02:27:04.866+0000] {dagbag.py:541} INFO - Filling up the DagBag from /opt/airflow/dags/dag.py
[2026-03-12T02:27:04.877+0000] {processor.py:809} INFO - DAG(s) dict_keys(['dag_check']) retrieved from /opt/airflow/dags/dag.py
[2026-03-12T02:27:04.901+0000] {logging_mixin.py:149} INFO - [2026-03-12T02:27:04.901+0000] {dag.py:2726} INFO - Sync 1 DAGs
[2026-03-12T02:27:04.914+0000] {logging_mixin.py:149} INFO - [2026-03-12T02:27:04.914+0000] {dag.py:3490} INFO - Setting next_dagrun for dag_check to None, run_after=None
[2026-03-12T02:27:04.922+0000] {processor.py:178} INFO - Processing /opt/airflow/dags/dag.py took 0.061 seconds
[2026-03-12T02:27:35.150+0000] {processor.py:156} INFO - Started process (PID=70) to work on /opt/airflow/dags/dag.py
[2026-03-12T02:27:35.151+0000] {processor.py:799} INFO - Processing file /opt/airflow/dags/dag.py for tasks to queue
[2026-03-12T02:27:35.152+0000] {logging_mixin.py:149} INFO - [2026-03-12T02:27:35.152+0000] {dagbag.py:541} INFO - Filling up the DagBag from /opt/airflow/dags/dag.py
[2026-03-12T02:27:35.161+0000] {processor.py:809} INFO - DAG(s) dict_keys(['dag_check']) retrieved from /opt/airflow/dags/dag.py
[2026-03-12T02:27:35.184+0000] {logging_mixin.py:149} INFO - [2026-03-12T02:27:35.184+0000] {dag.py:2726} INFO - Sync 1 DAGs
[2026-03-12T02:27:35.197+0000] {logging_mixin.py:149} INFO - [2026-03-12T02:27:35.197+0000] {dag.py:3490} INFO - Setting next_dagrun for dag_check to None, run_after=None
[2026-03-12T02:27:35.205+0000] {processor.py:178} INFO - Processing /opt/airflow/dags/dag.py took 0.058 seconds
[2026-03-12T02:28:05.399+0000] {processor.py:156} INFO - Started process (PID=78) to work on /opt/airflow/dags/dag.py
[2026-03-12T02:28:05.400+0000] {processor.py:799} INFO - Processing file /opt/airflow/dags/dag.py for tasks to queue
[2026-03-12T02:28:05.401+0000] {logging_mixin.py:149} INFO - [2026-03-12T02:28:05.401+0000] {dagbag.py:541} INFO - Filling up the DagBag from /opt/airflow/dags/dag.py
[2026-03-12T02:28:05.409+0000] {processor.py:809} INFO - DAG(s) dict_keys(['dag_check']) retrieved from /opt/airflow/dags/dag.py
[2026-03-12T02:28:05.432+0000] {logging_mixin.py:149} INFO - [2026-03-12T02:28:05.432+0000] {dag.py:2726} INFO - Sync 1 DAGs
[2026-03-12T02:28:05.444+0000] {logging_mixin.py:149} INFO - [2026-03-12T02:28:05.444+0000] {dag.py:3490} INFO - Setting next_dagrun for dag_check to None, run_after=None
[2026-03-12T02:28:05.451+0000] {processor.py:178} INFO - Processing /opt/airflow/dags/dag.py took 0.056 seconds
[2026-03-12T02:28:35.709+0000] {processor.py:156} INFO - Started process (PID=86) to work on /opt/airflow/dags/dag.py
[2026-03-12T02:28:35.710+0000] {processor.py:799} INFO - Processing file /opt/airflow/dags/dag.py for tasks to queue
[2026-03-12T02:28:35.711+0000] {logging_mixin.py:149} INFO - [2026-03-12T02:28:35.711+0000] {dagbag.py:541} INFO - Filling up the DagBag from /opt/airflow/dags/dag.py
[2026-03-12T02:28:35.719+0000] {processor.py:809} INFO - DAG(s) dict_keys(['dag_check']) retrieved from /opt/airflow/dags/dag.py
[2026-03-12T02:28:35.739+0000] {logging_mixin.py:149} INFO - [2026-03-12T02:28:35.739+0000] {dag.py:2726} INFO - Sync 1 DAGs
[2026-03-12T02:28:35.751+0000] {logging_mixin.py:149} INFO - [2026-03-12T02:28:35.751+0000] {dag.py:3490} INFO - Setting next_dagrun for dag_check to None, run_after=None
[2026-03-12T02:28:35.758+0000] {processor.py:178} INFO - Processing /opt/airflow/dags/dag.py took 0.052 seconds
[2026-03-12T02:29:05.987+0000] {processor.py:156} INFO - Started process (PID=94) to work on /opt/airflow/dags/dag.py
[2026-03-12T02:29:05.988+0000] {processor.py:799} INFO - Processing file /opt/airflow/dags/dag.py for tasks to queue
[2026-03-12T02:29:05.989+0000] {logging_mixin.py:149} INFO - [2026-03-12T02:29:05.989+0000] {dagbag.py:541} INFO - Filling up the DagBag from /opt/airflow/dags/dag.py
[2026-03-12T02:29:05.996+0000] {processor.py:809} INFO - DAG(s) dict_keys(['dag_check']) retrieved from /opt/airflow/dags/dag.py
[2026-03-12T02:29:06.017+0000] {logging_mixin.py:149} INFO - [2026-03-12T02:29:06.017+0000] {dag.py:2726} INFO - Sync 1 DAGs
[2026-03-12T02:29:06.031+0000] {logging_mixin.py:149} INFO - [2026-03-12T02:29:06.030+0000] {dag.py:3490} INFO - Setting next_dagrun for dag_check to None, run_after=None
[2026-03-12T02:29:06.038+0000] {processor.py:178} INFO - Processing /opt/airflow/dags/dag.py took 0.054 seconds
[2026-03-12T02:29:36.256+0000] {processor.py:156} INFO - Started process (PID=102) to work on /opt/airflow/dags/dag.py
[2026-03-12T02:29:36.257+0000] {processor.py:799} INFO - Processing file /opt/airflow/dags/dag.py for tasks to queue
[2026-03-12T02:29:36.260+0000] {logging_mixin.py:149} INFO - [2026-03-12T02:29:36.259+0000] {dagbag.py:541} INFO - Filling up the DagBag from /opt/airflow/dags/dag.py
[2026-03-12T02:29:36.267+0000] {processor.py:809} INFO - DAG(s) dict_keys(['dag_check']) retrieved from /opt/airflow/dags/dag.py
[2026-03-12T02:29:36.283+0000] {logging_mixin.py:149} INFO - [2026-03-12T02:29:36.283+0000] {dag.py:2726} INFO - Sync 1 DAGs
[2026-03-12T02:29:36.295+0000] {logging_mixin.py:149} INFO - [2026-03-12T02:29:36.295+0000] {dag.py:3490} INFO - Setting next_dagrun for dag_check to None, run_after=None
[2026-03-12T02:29:36.302+0000] {processor.py:178} INFO - Processing /opt/airflow/dags/dag.py took 0.048 seconds
[2026-03-12T02:30:06.553+0000] {processor.py:156} INFO - Started process (PID=110) to work on /opt/airflow/dags/dag.py
[2026-03-12T02:30:06.554+0000] {processor.py:799} INFO - Processing file /opt/airflow/dags/dag.py for tasks to queue
[2026-03-12T02:30:06.555+0000] {logging_mixin.py:149} INFO - [2026-03-12T02:30:06.554+0000] {dagbag.py:541} INFO - Filling up the DagBag from /opt/airflow/dags/dag.py
[2026-03-12T02:30:06.561+0000] {processor.py:809} INFO - DAG(s) dict_keys(['dag_check']) retrieved from /opt/airflow/dags/dag.py
[2026-03-12T02:30:06.581+0000] {logging_mixin.py:149} INFO - [2026-03-12T02:30:06.581+0000] {dag.py:2726} INFO - Sync 1 DAGs
[2026-03-12T02:30:06.592+0000] {logging_mixin.py:149} INFO - [2026-03-12T02:30:06.592+0000] {dag.py:3490} INFO - Setting next_dagrun for dag_check to None, run_after=None
[2026-03-12T02:30:06.599+0000] {processor.py:178} INFO - Processing /opt/airflow/dags/dag.py took 0.048 seconds
[2026-03-12T02:30:36.843+0000] {processor.py:156} INFO - Started process (PID=118) to work on /opt/airflow/dags/dag.py
[2026-03-12T02:30:36.844+0000] {processor.py:799} INFO - Processing file /opt/airflow/dags/dag.py for tasks to queue
[2026-03-12T02:30:36.844+0000] {logging_mixin.py:149} INFO - [2026-03-12T02:30:36.844+0000] {dagbag.py:541} INFO - Filling up the DagBag from /opt/airflow/dags/dag.py
[2026-03-12T02:30:36.851+0000] {processor.py:809} INFO - DAG(s) dict_keys(['dag_check']) retrieved from /opt/airflow/dags/dag.py
[2026-03-12T02:30:36.871+0000] {logging_mixin.py:149} INFO - [2026-03-12T02:30:36.871+0000] {dag.py:2726} INFO - Sync 1 DAGs
[2026-03-12T02:30:36.882+0000] {logging_mixin.py:149} INFO - [2026-03-12T02:30:36.882+0000] {dag.py:3490} INFO - Setting next_dagrun for dag_check to None, run_after=None
[2026-03-12T02:30:36.889+0000] {processor.py:178} INFO - Processing /opt/airflow/dags/dag.py took 0.049 seconds
[2026-03-12T02:31:07.129+0000] {processor.py:156} INFO - Started process (PID=126) to work on /opt/airflow/dags/dag.py
[2026-03-12T02:31:07.130+0000] {processor.py:799} INFO - Processing file /opt/airflow/dags/dag.py for tasks to queue
[2026-03-12T02:31:07.131+0000] {logging_mixin.py:149} INFO - [2026-03-12T02:31:07.130+0000] {dagbag.py:541} INFO - Filling up the DagBag from /opt/airflow/dags/dag.py
[2026-03-12T02:31:07.140+0000] {processor.py:809} INFO - DAG(s) dict_keys(['dag_check']) retrieved from /opt/airflow/dags/dag.py
[2026-03-12T02:31:07.162+0000] {logging_mixin.py:149} INFO - [2026-03-12T02:31:07.162+0000] {dag.py:2726} INFO - Sync 1 DAGs
[2026-03-12T02:31:07.175+0000] {logging_mixin.py:149} INFO - [2026-03-12T02:31:07.175+0000] {dag.py:3490} INFO - Setting next_dagrun for dag_check to None, run_after=None
[2026-03-12T02:31:07.182+0000] {processor.py:178} INFO - Processing /opt/airflow/dags/dag.py took 0.058 seconds
[2026-03-12T02:31:37.398+0000] {processor.py:156} INFO - Started process (PID=134) to work on /opt/airflow/dags/dag.py
[2026-03-12T02:31:37.399+0000] {processor.py:799} INFO - Processing file /opt/airflow/dags/dag.py for tasks to queue
[2026-03-12T02:31:37.400+0000] {logging_mixin.py:149} INFO - [2026-03-12T02:31:37.399+0000] {dagbag.py:541} INFO - Filling up the DagBag from /opt/airflow/dags/dag.py
[2026-03-12T02:31:37.407+0000] {processor.py:809} INFO - DAG(s) dict_keys(['dag_check']) retrieved from /opt/airflow/dags/dag.py
[2026-03-12T02:31:37.425+0000] {logging_mixin.py:149} INFO - [2026-03-12T02:31:37.425+0000] {dag.py:2726} INFO - Sync 1 DAGs
[2026-03-12T02:31:37.438+0000] {logging_mixin.py:149} INFO - [2026-03-12T02:31:37.438+0000] {dag.py:3490} INFO - Setting next_dagrun for dag_check to None, run_after=None
[2026-03-12T02:31:37.445+0000] {processor.py:178} INFO - Processing /opt/airflow/dags/dag.py took 0.050 seconds
[2026-03-12T02:32:07.672+0000] {processor.py:156} INFO - Started process (PID=142) to work on /opt/airflow/dags/dag.py
[2026-03-12T02:32:07.673+0000] {processor.py:799} INFO - Processing file /opt/airflow/dags/dag.py for tasks to queue
[2026-03-12T02:32:07.674+0000] {logging_mixin.py:149} INFO - [2026-03-12T02:32:07.674+0000] {dagbag.py:541} INFO - Filling up the DagBag from /opt/airflow/dags/dag.py
[2026-03-12T02:32:07.681+0000] {processor.py:809} INFO - DAG(s) dict_keys(['dag_check']) retrieved from /opt/airflow/dags/dag.py
[2026-03-12T02:32:07.700+0000] {logging_mixin.py:149} INFO - [2026-03-12T02:32:07.700+0000] {dag.py:2726} INFO - Sync 1 DAGs
[2026-03-12T02:32:07.712+0000] {logging_mixin.py:149} INFO - [2026-03-12T02:32:07.712+0000] {dag.py:3490} INFO - Setting next_dagrun for dag_check to None, run_after=None
[2026-03-12T02:32:07.719+0000] {processor.py:178} INFO - Processing /opt/airflow/dags/dag.py took 0.051 seconds
[2026-03-12T02:32:37.960+0000] {processor.py:156} INFO - Started process (PID=150) to work on /opt/airflow/dags/dag.py
[2026-03-12T02:32:37.960+0000] {processor.py:799} INFO - Processing file /opt/airflow/dags/dag.py for tasks to queue
[2026-03-12T02:32:37.961+0000] {logging_mixin.py:149} INFO - [2026-03-12T02:32:37.961+0000] {dagbag.py:541} INFO - Filling up the DagBag from /opt/airflow/dags/dag.py
[2026-03-12T02:32:37.966+0000] {processor.py:809} INFO - DAG(s) dict_keys(['dag_check']) retrieved from /opt/airflow/dags/dag.py
[2026-03-12T02:32:37.984+0000] {logging_mixin.py:149} INFO - [2026-03-12T02:32:37.984+0000] {dag.py:2726} INFO - Sync 1 DAGs
[2026-03-12T02:32:37.997+0000] {logging_mixin.py:149} INFO - [2026-03-12T02:32:37.997+0000] {dag.py:3490} INFO - Setting next_dagrun for dag_check to None, run_after=None
[2026-03-12T02:32:38.004+0000] {processor.py:178} INFO - Processing /opt/airflow/dags/dag.py took 0.047 seconds
[2026-03-12T02:33:08.216+0000] {processor.py:156} INFO - Started process (PID=158) to work on /opt/airflow/dags/dag.py
[2026-03-12T02:33:08.218+0000] {processor.py:799} INFO - Processing file /opt/airflow/dags/dag.py for tasks to queue
[2026-03-12T02:33:08.218+0000] {logging_mixin.py:149} INFO - [2026-03-12T02:33:08.218+0000] {dagbag.py:541} INFO - Filling up the DagBag from /opt/airflow/dags/dag.py
[2026-03-12T02:33:08.227+0000] {processor.py:809} INFO - DAG(s) dict_keys(['dag_check']) retrieved from /opt/airflow/dags/dag.py
[2026-03-12T02:33:08.249+0000] {logging_mixin.py:149} INFO - [2026-03-12T02:33:08.249+0000] {dag.py:2726} INFO - Sync 1 DAGs
[2026-03-12T02:33:08.260+0000] {logging_mixin.py:149} INFO - [2026-03-12T02:33:08.260+0000] {dag.py:3490} INFO - Setting next_dagrun for dag_check to None, run_after=None
[2026-03-12T02:33:08.267+0000] {processor.py:178} INFO - Processing /opt/airflow/dags/dag.py took 0.055 seconds
[2026-03-12T02:33:38.477+0000] {processor.py:156} INFO - Started process (PID=166) to work on /opt/airflow/dags/dag.py
[2026-03-12T02:33:38.480+0000] {processor.py:799} INFO - Processing file /opt/airflow/dags/dag.py for tasks to queue
[2026-03-12T02:33:38.481+0000] {logging_mixin.py:149} INFO - [2026-03-12T02:33:38.480+0000] {dagbag.py:541} INFO - Filling up the DagBag from /opt/airflow/dags/dag.py
[2026-03-12T02:33:38.489+0000] {processor.py:809} INFO - DAG(s) dict_keys(['dag_check']) retrieved from /opt/airflow/dags/dag.py
[2026-03-12T02:33:38.509+0000] {logging_mixin.py:149} INFO - [2026-03-12T02:33:38.509+0000] {dag.py:2726} INFO - Sync 1 DAGs
[2026-03-12T02:33:38.521+0000] {logging_mixin.py:149} INFO - [2026-03-12T02:33:38.521+0000] {dag.py:3490} INFO - Setting next_dagrun for dag_check to None, run_after=None
[2026-03-12T02:33:38.527+0000] {processor.py:178} INFO - Processing /opt/airflow/dags/dag.py took 0.055 seconds
[2026-03-12T02:34:08.756+0000] {processor.py:156} INFO - Started process (PID=174) to work on /opt/airflow/dags/dag.py
[2026-03-12T02:34:08.757+0000] {processor.py:799} INFO - Processing file /opt/airflow/dags/dag.py for tasks to queue
[2026-03-12T02:34:08.758+0000] {logging_mixin.py:149} INFO - [2026-03-12T02:34:08.758+0000] {dagbag.py:541} INFO - Filling up the DagBag from /opt/airflow/dags/dag.py
[2026-03-12T02:34:08.766+0000] {processor.py:809} INFO - DAG(s) dict_keys(['dag_check']) retrieved from /opt/airflow/dags/dag.py
[2026-03-12T02:34:08.787+0000] {logging_mixin.py:149} INFO - [2026-03-12T02:34:08.787+0000] {dag.py:2726} INFO - Sync 1 DAGs
[2026-03-12T02:34:08.800+0000] {logging_mixin.py:149} INFO - [2026-03-12T02:34:08.800+0000] {dag.py:3490} INFO - Setting next_dagrun for dag_check to None, run_after=None
[2026-03-12T02:34:08.807+0000] {processor.py:178} INFO - Processing /opt/airflow/dags/dag.py took 0.055 seconds
[2026-03-12T02:34:39.047+0000] {processor.py:156} INFO - Started process (PID=182) to work on /opt/airflow/dags/dag.py
[2026-03-12T02:34:39.048+0000] {processor.py:799} INFO - Processing file /opt/airflow/dags/dag.py for tasks to queue
[2026-03-12T02:34:39.049+0000] {logging_mixin.py:149} INFO - [2026-03-12T02:34:39.048+0000] {dagbag.py:541} INFO - Filling up the DagBag from /opt/airflow/dags/dag.py
[2026-03-12T02:34:39.056+0000] {processor.py:809} INFO - DAG(s) dict_keys(['dag_check']) retrieved from /opt/airflow/dags/dag.py
[2026-03-12T02:34:39.077+0000] {logging_mixin.py:149} INFO - [2026-03-12T02:34:39.077+0000] {dag.py:2726} INFO - Sync 1 DAGs
[2026-03-12T02:34:39.099+0000] {logging_mixin.py:149} INFO - [2026-03-12T02:34:39.099+0000] {dag.py:3490} INFO - Setting next_dagrun for dag_check to None, run_after=None
[2026-03-12T02:34:39.111+0000] {processor.py:178} INFO - Processing /opt/airflow/dags/dag.py took 0.067 seconds
[2026-03-12T02:35:09.297+0000] {processor.py:156} INFO - Started process (PID=190) to work on /opt/airflow/dags/dag.py
[2026-03-12T02:35:09.299+0000] {processor.py:799} INFO - Processing file /opt/airflow/dags/dag.py for tasks to queue
[2026-03-12T02:35:09.300+0000] {logging_mixin.py:149} INFO - [2026-03-12T02:35:09.300+0000] {dagbag.py:541} INFO - Filling up the DagBag from /opt/airflow/dags/dag.py
[2026-03-12T02:35:09.307+0000] {processor.py:809} INFO - DAG(s) dict_keys(['dag_check']) retrieved from /opt/airflow/dags/dag.py
[2026-03-12T02:35:09.327+0000] {logging_mixin.py:149} INFO - [2026-03-12T02:35:09.327+0000] {dag.py:2726} INFO - Sync 1 DAGs
[2026-03-12T02:35:09.340+0000] {logging_mixin.py:149} INFO - [2026-03-12T02:35:09.340+0000] {dag.py:3490} INFO - Setting next_dagrun for dag_check to None, run_after=None
[2026-03-12T02:35:09.347+0000] {processor.py:178} INFO - Processing /opt/airflow/dags/dag.py took 0.053 seconds
[2026-03-12T02:35:39.613+0000] {processor.py:156} INFO - Started process (PID=198) to work on /opt/airflow/dags/dag.py
[2026-03-12T02:35:39.615+0000] {processor.py:799} INFO - Processing file /opt/airflow/dags/dag.py for tasks to queue
[2026-03-12T02:35:39.615+0000] {logging_mixin.py:149} INFO - [2026-03-12T02:35:39.615+0000] {dagbag.py:541} INFO - Filling up the DagBag from /opt/airflow/dags/dag.py
[2026-03-12T02:35:39.623+0000] {processor.py:809} INFO - DAG(s) dict_keys(['dag_check']) retrieved from /opt/airflow/dags/dag.py
[2026-03-12T02:35:39.644+0000] {logging_mixin.py:149} INFO - [2026-03-12T02:35:39.644+0000] {dag.py:2726} INFO - Sync 1 DAGs
[2026-03-12T02:35:39.656+0000] {logging_mixin.py:149} INFO - [2026-03-12T02:35:39.656+0000] {dag.py:3490} INFO - Setting next_dagrun for dag_check to None, run_after=None
[2026-03-12T02:35:39.664+0000] {processor.py:178} INFO - Processing /opt/airflow/dags/dag.py took 0.054 seconds
[2026-03-12T02:36:09.914+0000] {processor.py:156} INFO - Started process (PID=206) to work on /opt/airflow/dags/dag.py
[2026-03-12T02:36:09.915+0000] {processor.py:799} INFO - Processing file /opt/airflow/dags/dag.py for tasks to queue
[2026-03-12T02:36:09.916+0000] {logging_mixin.py:149} INFO - [2026-03-12T02:36:09.916+0000] {dagbag.py:541} INFO - Filling up the DagBag from /opt/airflow/dags/dag.py
[2026-03-12T02:36:09.925+0000] {processor.py:809} INFO - DAG(s) dict_keys(['dag_check']) retrieved from /opt/airflow/dags/dag.py
[2026-03-12T02:36:09.948+0000] {logging_mixin.py:149} INFO - [2026-03-12T02:36:09.948+0000] {dag.py:2726} INFO - Sync 1 DAGs
[2026-03-12T02:36:09.960+0000] {logging_mixin.py:149} INFO - [2026-03-12T02:36:09.960+0000] {dag.py:3490} INFO - Setting next_dagrun for dag_check to None, run_after=None
[2026-03-12T02:36:09.967+0000] {processor.py:178} INFO - Processing /opt/airflow/dags/dag.py took 0.057 seconds
[2026-03-12T02:36:40.185+0000] {processor.py:156} INFO - Started process (PID=214) to work on /opt/airflow/dags/dag.py
[2026-03-12T02:36:40.186+0000] {processor.py:799} INFO - Processing file /opt/airflow/dags/dag.py for tasks to queue
[2026-03-12T02:36:40.187+0000] {logging_mixin.py:149} INFO - [2026-03-12T02:36:40.187+0000] {dagbag.py:541} INFO - Filling up the DagBag from /opt/airflow/dags/dag.py
[2026-03-12T02:36:40.194+0000] {processor.py:809} INFO - DAG(s) dict_keys(['dag_check']) retrieved from /opt/airflow/dags/dag.py
[2026-03-12T02:36:40.216+0000] {logging_mixin.py:149} INFO - [2026-03-12T02:36:40.216+0000] {dag.py:2726} INFO - Sync 1 DAGs
[2026-03-12T02:36:40.229+0000] {logging_mixin.py:149} INFO - [2026-03-12T02:36:40.229+0000] {dag.py:3490} INFO - Setting next_dagrun for dag_check to None, run_after=None
[2026-03-12T02:36:40.236+0000] {processor.py:178} INFO - Processing /opt/airflow/dags/dag.py took 0.055 seconds
[2026-03-12T02:37:10.468+0000] {processor.py:156} INFO - Started process (PID=222) to work on /opt/airflow/dags/dag.py
[2026-03-12T02:37:10.470+0000] {processor.py:799} INFO - Processing file /opt/airflow/dags/dag.py for tasks to queue
[2026-03-12T02:37:10.471+0000] {logging_mixin.py:149} INFO - [2026-03-12T02:37:10.471+0000] {dagbag.py:541} INFO - Filling up the DagBag from /opt/airflow/dags/dag.py
[2026-03-12T02:37:10.479+0000] {processor.py:809} INFO - DAG(s) dict_keys(['dag_check']) retrieved from /opt/airflow/dags/dag.py
[2026-03-12T02:37:10.503+0000] {logging_mixin.py:149} INFO - [2026-03-12T02:37:10.503+0000] {dag.py:2726} INFO - Sync 1 DAGs
[2026-03-12T02:37:10.516+0000] {logging_mixin.py:149} INFO - [2026-03-12T02:37:10.516+0000] {dag.py:3490} INFO - Setting next_dagrun for dag_check to None, run_after=None
[2026-03-12T02:37:10.523+0000] {processor.py:178} INFO - Processing /opt/airflow/dags/dag.py took 0.059 seconds
[2026-03-12T02:37:40.786+0000] {processor.py:156} INFO - Started process (PID=230) to work on /opt/airflow/dags/dag.py
[2026-03-12T02:37:40.787+0000] {processor.py:799} INFO - Processing file /opt/airflow/dags/dag.py for tasks to queue
[2026-03-12T02:37:40.788+0000] {logging_mixin.py:149} INFO - [2026-03-12T02:37:40.788+0000] {dagbag.py:541} INFO - Filling up the DagBag from /opt/airflow/dags/dag.py
[2026-03-12T02:37:40.795+0000] {processor.py:809} INFO - DAG(s) dict_keys(['dag_check']) retrieved from /opt/airflow/dags/dag.py
[2026-03-12T02:37:40.817+0000] {logging_mixin.py:149} INFO - [2026-03-12T02:37:40.817+0000] {dag.py:2726} INFO - Sync 1 DAGs
[2026-03-12T02:37:40.829+0000] {logging_mixin.py:149} INFO - [2026-03-12T02:37:40.829+0000] {dag.py:3490} INFO - Setting next_dagrun for dag_check to None, run_after=None
[2026-03-12T02:37:40.836+0000] {processor.py:178} INFO - Processing /opt/airflow/dags/dag.py took 0.054 seconds
[2026-03-12T02:38:11.079+0000] {processor.py:156} INFO - Started process (PID=238) to work on /opt/airflow/dags/dag.py
[2026-03-12T02:38:11.080+0000] {processor.py:799} INFO - Processing file /opt/airflow/dags/dag.py for tasks to queue
[2026-03-12T02:38:11.081+0000] {logging_mixin.py:149} INFO - [2026-03-12T02:38:11.080+0000] {dagbag.py:541} INFO - Filling up the DagBag from /opt/airflow/dags/dag.py
[2026-03-12T02:38:11.089+0000] {processor.py:809} INFO - DAG(s) dict_keys(['dag_check']) retrieved from /opt/airflow/dags/dag.py
[2026-03-12T02:38:11.111+0000] {logging_mixin.py:149} INFO - [2026-03-12T02:38:11.111+0000] {dag.py:2726} INFO - Sync 1 DAGs
[2026-03-12T02:38:11.123+0000] {logging_mixin.py:149} INFO - [2026-03-12T02:38:11.123+0000] {dag.py:3490} INFO - Setting next_dagrun for dag_check to None, run_after=None
[2026-03-12T02:38:11.129+0000] {processor.py:178} INFO - Processing /opt/airflow/dags/dag.py took 0.054 seconds
[2026-03-12T02:38:41.320+0000] {processor.py:156} INFO - Started process (PID=246) to work on /opt/airflow/dags/dag.py
[2026-03-12T02:38:41.321+0000] {processor.py:799} INFO - Processing file /opt/airflow/dags/dag.py for tasks to queue
[2026-03-12T02:38:41.321+0000] {logging_mixin.py:149} INFO - [2026-03-12T02:38:41.321+0000] {dagbag.py:541} INFO - Filling up the DagBag from /opt/airflow/dags/dag.py
[2026-03-12T02:38:41.328+0000] {processor.py:809} INFO - DAG(s) dict_keys(['dag_check']) retrieved from /opt/airflow/dags/dag.py
[2026-03-12T02:38:41.348+0000] {logging_mixin.py:149} INFO - [2026-03-12T02:38:41.348+0000] {dag.py:2726} INFO - Sync 1 DAGs
[2026-03-12T02:38:41.359+0000] {logging_mixin.py:149} INFO - [2026-03-12T02:38:41.359+0000] {dag.py:3490} INFO - Setting next_dagrun for dag_check to None, run_after=None
[2026-03-12T02:38:41.366+0000] {processor.py:178} INFO - Processing /opt/airflow/dags/dag.py took 0.049 seconds
[2026-03-12T02:39:11.607+0000] {processor.py:156} INFO - Started process (PID=254) to work on /opt/airflow/dags/dag.py
[2026-03-12T02:39:11.609+0000] {processor.py:799} INFO - Processing file /opt/airflow/dags/dag.py for tasks to queue
[2026-03-12T02:39:11.610+0000] {logging_mixin.py:149} INFO - [2026-03-12T02:39:11.609+0000] {dagbag.py:541} INFO - Filling up the DagBag from /opt/airflow/dags/dag.py
[2026-03-12T02:39:11.617+0000] {processor.py:809} INFO - DAG(s) dict_keys(['dag_check']) retrieved from /opt/airflow/dags/dag.py
[2026-03-12T02:39:11.638+0000] {logging_mixin.py:149} INFO - [2026-03-12T02:39:11.638+0000] {dag.py:2726} INFO - Sync 1 DAGs
[2026-03-12T02:39:11.650+0000] {logging_mixin.py:149} INFO - [2026-03-12T02:39:11.650+0000] {dag.py:3490} INFO - Setting next_dagrun for dag_check to None, run_after=None
[2026-03-12T02:39:11.657+0000] {processor.py:178} INFO - Processing /opt/airflow/dags/dag.py took 0.053 seconds
[2026-03-12T02:39:41.888+0000] {processor.py:156} INFO - Started process (PID=262) to work on /opt/airflow/dags/dag.py
[2026-03-12T02:39:41.889+0000] {processor.py:799} INFO - Processing file /opt/airflow/dags/dag.py for tasks to queue
[2026-03-12T02:39:41.889+0000] {logging_mixin.py:149} INFO - [2026-03-12T02:39:41.889+0000] {dagbag.py:541} INFO - Filling up the DagBag from /opt/airflow/dags/dag.py
[2026-03-12T02:39:41.894+0000] {processor.py:809} INFO - DAG(s) dict_keys(['dag_check']) retrieved from /opt/airflow/dags/dag.py
[2026-03-12T02:39:41.907+0000] {logging_mixin.py:149} INFO - [2026-03-12T02:39:41.907+0000] {dag.py:2726} INFO - Sync 1 DAGs
[2026-03-12T02:39:41.916+0000] {logging_mixin.py:149} INFO - [2026-03-12T02:39:41.916+0000] {dag.py:3490} INFO - Setting next_dagrun for dag_check to None, run_after=None
[2026-03-12T02:39:41.923+0000] {processor.py:178} INFO - Processing /opt/airflow/dags/dag.py took 0.038 seconds
[2026-03-12T02:40:12.171+0000] {processor.py:156} INFO - Started process (PID=270) to work on /opt/airflow/dags/dag.py
[2026-03-12T02:40:12.172+0000] {processor.py:799} INFO - Processing file /opt/airflow/dags/dag.py for tasks to queue
[2026-03-12T02:40:12.173+0000] {logging_mixin.py:149} INFO - [2026-03-12T02:40:12.173+0000] {dagbag.py:541} INFO - Filling up the DagBag from /opt/airflow/dags/dag.py
[2026-03-12T02:40:12.181+0000] {processor.py:809} INFO - DAG(s) dict_keys(['dag_check']) retrieved from /opt/airflow/dags/dag.py
[2026-03-12T02:40:12.202+0000] {logging_mixin.py:149} INFO - [2026-03-12T02:40:12.202+0000] {dag.py:2726} INFO - Sync 1 DAGs
[2026-03-12T02:40:12.214+0000] {logging_mixin.py:149} INFO - [2026-03-12T02:40:12.214+0000] {dag.py:3490} INFO - Setting next_dagrun for dag_check to None, run_after=None
[2026-03-12T02:40:12.220+0000] {processor.py:178} INFO - Processing /opt/airflow/dags/dag.py took 0.054 seconds
[2026-03-12T02:40:42.482+0000] {processor.py:156} INFO - Started process (PID=278) to work on /opt/airflow/dags/dag.py
[2026-03-12T02:40:42.483+0000] {processor.py:799} INFO - Processing file /opt/airflow/dags/dag.py for tasks to queue
[2026-03-12T02:40:42.484+0000] {logging_mixin.py:149} INFO - [2026-03-12T02:40:42.484+0000] {dagbag.py:541} INFO - Filling up the DagBag from /opt/airflow/dags/dag.py
[2026-03-12T02:40:42.492+0000] {processor.py:809} INFO - DAG(s) dict_keys(['dag_check']) retrieved from /opt/airflow/dags/dag.py
[2026-03-12T02:40:42.509+0000] {logging_mixin.py:149} INFO - [2026-03-12T02:40:42.509+0000] {dag.py:2726} INFO - Sync 1 DAGs
[2026-03-12T02:40:42.521+0000] {logging_mixin.py:149} INFO - [2026-03-12T02:40:42.521+0000] {dag.py:3490} INFO - Setting next_dagrun for dag_check to None, run_after=None
[2026-03-12T02:40:42.528+0000] {processor.py:178} INFO - Processing /opt/airflow/dags/dag.py took 0.050 seconds
[2026-03-12T02:41:12.761+0000] {processor.py:156} INFO - Started process (PID=286) to work on /opt/airflow/dags/dag.py
[2026-03-12T02:41:12.763+0000] {processor.py:799} INFO - Processing file /opt/airflow/dags/dag.py for tasks to queue
[2026-03-12T02:41:12.763+0000] {logging_mixin.py:149} INFO - [2026-03-12T02:41:12.763+0000] {dagbag.py:541} INFO - Filling up the DagBag from /opt/airflow/dags/dag.py
[2026-03-12T02:41:12.773+0000] {processor.py:809} INFO - DAG(s) dict_keys(['dag_check']) retrieved from /opt/airflow/dags/dag.py
[2026-03-12T02:41:12.792+0000] {logging_mixin.py:149} INFO - [2026-03-12T02:41:12.791+0000] {dag.py:2726} INFO - Sync 1 DAGs
[2026-03-12T02:41:12.803+0000] {logging_mixin.py:149} INFO - [2026-03-12T02:41:12.803+0000] {dag.py:3490} INFO - Setting next_dagrun for dag_check to None, run_after=None
[2026-03-12T02:41:12.811+0000] {processor.py:178} INFO - Processing /opt/airflow/dags/dag.py took 0.054 seconds
[2026-03-12T02:41:43.044+0000] {processor.py:156} INFO - Started process (PID=293) to work on /opt/airflow/dags/dag.py
[2026-03-12T02:41:43.045+0000] {processor.py:799} INFO - Processing file /opt/airflow/dags/dag.py for tasks to queue
[2026-03-12T02:41:43.046+0000] {logging_mixin.py:149} INFO - [2026-03-12T02:41:43.046+0000] {dagbag.py:541} INFO - Filling up the DagBag from /opt/airflow/dags/dag.py
[2026-03-12T02:41:43.054+0000] {processor.py:809} INFO - DAG(s) dict_keys(['dag_check']) retrieved from /opt/airflow/dags/dag.py
[2026-03-12T02:41:43.075+0000] {logging_mixin.py:149} INFO - [2026-03-12T02:41:43.075+0000] {dag.py:2726} INFO - Sync 1 DAGs
[2026-03-12T02:41:43.086+0000] {logging_mixin.py:149} INFO - [2026-03-12T02:41:43.086+0000] {dag.py:3490} INFO - Setting next_dagrun for dag_check to None, run_after=None
[2026-03-12T02:41:43.093+0000] {processor.py:178} INFO - Processing /opt/airflow/dags/dag.py took 0.053 seconds
[2026-03-12T02:42:13.267+0000] {processor.py:156} INFO - Started process (PID=301) to work on /opt/airflow/dags/dag.py
[2026-03-12T02:42:13.269+0000] {processor.py:799} INFO - Processing file /opt/airflow/dags/dag.py for tasks to queue
[2026-03-12T02:42:13.269+0000] {logging_mixin.py:149} INFO - [2026-03-12T02:42:13.269+0000] {dagbag.py:541} INFO - Filling up the DagBag from /opt/airflow/dags/dag.py
[2026-03-12T02:42:13.275+0000] {processor.py:809} INFO - DAG(s) dict_keys(['dag_check']) retrieved from /opt/airflow/dags/dag.py
[2026-03-12T02:42:13.290+0000] {logging_mixin.py:149} INFO - [2026-03-12T02:42:13.290+0000] {dag.py:2726} INFO - Sync 1 DAGs
[2026-03-12T02:42:13.301+0000] {logging_mixin.py:149} INFO - [2026-03-12T02:42:13.301+0000] {dag.py:3490} INFO - Setting next_dagrun for dag_check to None, run_after=None
[2026-03-12T02:42:13.308+0000] {processor.py:178} INFO - Processing /opt/airflow/dags/dag.py took 0.043 seconds
[2026-03-12T02:42:43.555+0000] {processor.py:156} INFO - Started process (PID=309) to work on /opt/airflow/dags/dag.py
[2026-03-12T02:42:43.556+0000] {processor.py:799} INFO - Processing file /opt/airflow/dags/dag.py for tasks to queue
[2026-03-12T02:42:43.556+0000] {logging_mixin.py:149} INFO - [2026-03-12T02:42:43.556+0000] {dagbag.py:541} INFO - Filling up the DagBag from /opt/airflow/dags/dag.py
[2026-03-12T02:42:43.563+0000] {processor.py:809} INFO - DAG(s) dict_keys(['dag_check']) retrieved from /opt/airflow/dags/dag.py
[2026-03-12T02:42:43.579+0000] {logging_mixin.py:149} INFO - [2026-03-12T02:42:43.579+0000] {dag.py:2726} INFO - Sync 1 DAGs
[2026-03-12T02:42:43.590+0000] {logging_mixin.py:149} INFO - [2026-03-12T02:42:43.590+0000] {dag.py:3490} INFO - Setting next_dagrun for dag_check to None, run_after=None
[2026-03-12T02:42:43.598+0000] {processor.py:178} INFO - Processing /opt/airflow/dags/dag.py took 0.047 seconds
[2026-03-12T02:43:13.825+0000] {processor.py:156} INFO - Started process (PID=317) to work on /opt/airflow/dags/dag.py
[2026-03-12T02:43:13.826+0000] {processor.py:799} INFO - Processing file /opt/airflow/dags/dag.py for tasks to queue
[2026-03-12T02:43:13.827+0000] {logging_mixin.py:149} INFO - [2026-03-12T02:43:13.827+0000] {dagbag.py:541} INFO - Filling up the DagBag from /opt/airflow/dags/dag.py
[2026-03-12T02:43:13.833+0000] {processor.py:809} INFO - DAG(s) dict_keys(['dag_check']) retrieved from /opt/airflow/dags/dag.py
[2026-03-12T02:43:13.852+0000] {logging_mixin.py:149} INFO - [2026-03-12T02:43:13.851+0000] {dag.py:2726} INFO - Sync 1 DAGs
[2026-03-12T02:43:13.864+0000] {logging_mixin.py:149} INFO - [2026-03-12T02:43:13.864+0000] {dag.py:3490} INFO - Setting next_dagrun for dag_check to None, run_after=None
[2026-03-12T02:43:13.872+0000] {processor.py:178} INFO - Processing /opt/airflow/dags/dag.py took 0.049 seconds
[2026-03-12T02:43:44.067+0000] {processor.py:156} INFO - Started process (PID=325) to work on /opt/airflow/dags/dag.py
[2026-03-12T02:43:44.068+0000] {processor.py:799} INFO - Processing file /opt/airflow/dags/dag.py for tasks to queue
[2026-03-12T02:43:44.068+0000] {logging_mixin.py:149} INFO - [2026-03-12T02:43:44.068+0000] {dagbag.py:541} INFO - Filling up the DagBag from /opt/airflow/dags/dag.py
[2026-03-12T02:43:44.073+0000] {processor.py:809} INFO - DAG(s) dict_keys(['dag_check']) retrieved from /opt/airflow/dags/dag.py
[2026-03-12T02:43:44.085+0000] {logging_mixin.py:149} INFO - [2026-03-12T02:43:44.085+0000] {dag.py:2726} INFO - Sync 1 DAGs
[2026-03-12T02:43:44.095+0000] {logging_mixin.py:149} INFO - [2026-03-12T02:43:44.095+0000] {dag.py:3490} INFO - Setting next_dagrun for dag_check to None, run_after=None
[2026-03-12T02:43:44.101+0000] {processor.py:178} INFO - Processing /opt/airflow/dags/dag.py took 0.037 seconds
[2026-03-12T02:44:14.326+0000] {processor.py:156} INFO - Started process (PID=333) to work on /opt/airflow/dags/dag.py
[2026-03-12T02:44:14.328+0000] {processor.py:799} INFO - Processing file /opt/airflow/dags/dag.py for tasks to queue
[2026-03-12T02:44:14.328+0000] {logging_mixin.py:149} INFO - [2026-03-12T02:44:14.328+0000] {dagbag.py:541} INFO - Filling up the DagBag from /opt/airflow/dags/dag.py
[2026-03-12T02:44:14.333+0000] {processor.py:809} INFO - DAG(s) dict_keys(['dag_check']) retrieved from /opt/airflow/dags/dag.py
[2026-03-12T02:44:14.352+0000] {logging_mixin.py:149} INFO - [2026-03-12T02:44:14.352+0000] {dag.py:2726} INFO - Sync 1 DAGs
[2026-03-12T02:44:14.365+0000] {logging_mixin.py:149} INFO - [2026-03-12T02:44:14.365+0000] {dag.py:3490} INFO - Setting next_dagrun for dag_check to None, run_after=None
[2026-03-12T02:44:14.372+0000] {processor.py:178} INFO - Processing /opt/airflow/dags/dag.py took 0.050 seconds
[2026-03-12T02:44:44.591+0000] {processor.py:156} INFO - Started process (PID=341) to work on /opt/airflow/dags/dag.py
[2026-03-12T02:44:44.592+0000] {processor.py:799} INFO - Processing file /opt/airflow/dags/dag.py for tasks to queue
[2026-03-12T02:44:44.592+0000] {logging_mixin.py:149} INFO - [2026-03-12T02:44:44.592+0000] {dagbag.py:541} INFO - Filling up the DagBag from /opt/airflow/dags/dag.py
[2026-03-12T02:44:44.599+0000] {processor.py:809} INFO - DAG(s) dict_keys(['dag_check']) retrieved from /opt/airflow/dags/dag.py
[2026-03-12T02:44:44.615+0000] {logging_mixin.py:149} INFO - [2026-03-12T02:44:44.615+0000] {dag.py:2726} INFO - Sync 1 DAGs
[2026-03-12T02:44:44.627+0000] {logging_mixin.py:149} INFO - [2026-03-12T02:44:44.627+0000] {dag.py:3490} INFO - Setting next_dagrun for dag_check to None, run_after=None
[2026-03-12T02:44:44.634+0000] {processor.py:178} INFO - Processing /opt/airflow/dags/dag.py took 0.047 seconds
[2026-03-12T02:45:14.837+0000] {processor.py:156} INFO - Started process (PID=349) to work on /opt/airflow/dags/dag.py
[2026-03-12T02:45:14.838+0000] {processor.py:799} INFO - Processing file /opt/airflow/dags/dag.py for tasks to queue
[2026-03-12T02:45:14.839+0000] {logging_mixin.py:149} INFO - [2026-03-12T02:45:14.839+0000] {dagbag.py:541} INFO - Filling up the DagBag from /opt/airflow/dags/dag.py
[2026-03-12T02:45:14.846+0000] {processor.py:809} INFO - DAG(s) dict_keys(['dag_check']) retrieved from /opt/airflow/dags/dag.py
[2026-03-12T02:45:14.869+0000] {logging_mixin.py:149} INFO - [2026-03-12T02:45:14.869+0000] {dag.py:2726} INFO - Sync 1 DAGs
[2026-03-12T02:45:14.882+0000] {logging_mixin.py:149} INFO - [2026-03-12T02:45:14.882+0000] {dag.py:3490} INFO - Setting next_dagrun for dag_check to None, run_after=None
[2026-03-12T02:45:14.889+0000] {processor.py:178} INFO - Processing /opt/airflow/dags/dag.py took 0.056 seconds
[2026-03-12T02:45:45.096+0000] {processor.py:156} INFO - Started process (PID=357) to work on /opt/airflow/dags/dag.py
[2026-03-12T02:45:45.097+0000] {processor.py:799} INFO - Processing file /opt/airflow/dags/dag.py for tasks to queue
[2026-03-12T02:45:45.098+0000] {logging_mixin.py:149} INFO - [2026-03-12T02:45:45.098+0000] {dagbag.py:541} INFO - Filling up the DagBag from /opt/airflow/dags/dag.py
[2026-03-12T02:45:45.104+0000] {processor.py:809} INFO - DAG(s) dict_keys(['dag_check']) retrieved from /opt/airflow/dags/dag.py
[2026-03-12T02:45:45.121+0000] {logging_mixin.py:149} INFO - [2026-03-12T02:45:45.120+0000] {dag.py:2726} INFO - Sync 1 DAGs
[2026-03-12T02:45:45.135+0000] {logging_mixin.py:149} INFO - [2026-03-12T02:45:45.135+0000] {dag.py:3490} INFO - Setting next_dagrun for dag_check to None, run_after=None
[2026-03-12T02:45:45.143+0000] {processor.py:178} INFO - Processing /opt/airflow/dags/dag.py took 0.050 seconds
[2026-03-12T02:46:15.325+0000] {processor.py:156} INFO - Started process (PID=365) to work on /opt/airflow/dags/dag.py
[2026-03-12T02:46:15.325+0000] {processor.py:799} INFO - Processing file /opt/airflow/dags/dag.py for tasks to queue
[2026-03-12T02:46:15.326+0000] {logging_mixin.py:149} INFO - [2026-03-12T02:46:15.326+0000] {dagbag.py:541} INFO - Filling up the DagBag from /opt/airflow/dags/dag.py
[2026-03-12T02:46:15.330+0000] {processor.py:809} INFO - DAG(s) dict_keys(['dag_check']) retrieved from /opt/airflow/dags/dag.py
[2026-03-12T02:46:15.342+0000] {logging_mixin.py:149} INFO - [2026-03-12T02:46:15.342+0000] {dag.py:2726} INFO - Sync 1 DAGs
[2026-03-12T02:46:15.353+0000] {logging_mixin.py:149} INFO - [2026-03-12T02:46:15.353+0000] {dag.py:3490} INFO - Setting next_dagrun for dag_check to None, run_after=None
[2026-03-12T02:46:15.362+0000] {processor.py:178} INFO - Processing /opt/airflow/dags/dag.py took 0.040 seconds
[2026-03-12T02:46:45.567+0000] {processor.py:156} INFO - Started process (PID=373) to work on /opt/airflow/dags/dag.py
[2026-03-12T02:46:45.568+0000] {processor.py:799} INFO - Processing file /opt/airflow/dags/dag.py for tasks to queue
[2026-03-12T02:46:45.569+0000] {logging_mixin.py:149} INFO - [2026-03-12T02:46:45.569+0000] {dagbag.py:541} INFO - Filling up the DagBag from /opt/airflow/dags/dag.py
[2026-03-12T02:46:45.576+0000] {processor.py:809} INFO - DAG(s) dict_keys(['dag_check']) retrieved from /opt/airflow/dags/dag.py
[2026-03-12T02:46:45.595+0000] {logging_mixin.py:149} INFO - [2026-03-12T02:46:45.595+0000] {dag.py:2726} INFO - Sync 1 DAGs
[2026-03-12T02:46:45.607+0000] {logging_mixin.py:149} INFO - [2026-03-12T02:46:45.606+0000] {dag.py:3490} INFO - Setting next_dagrun for dag_check to None, run_after=None
[2026-03-12T02:46:45.613+0000] {processor.py:178} INFO - Processing /opt/airflow/dags/dag.py took 0.049 seconds
[2026-03-12T02:47:15.808+0000] {processor.py:156} INFO - Started process (PID=381) to work on /opt/airflow/dags/dag.py
[2026-03-12T02:47:15.809+0000] {processor.py:799} INFO - Processing file /opt/airflow/dags/dag.py for tasks to queue
[2026-03-12T02:47:15.810+0000] {logging_mixin.py:149} INFO - [2026-03-12T02:47:15.810+0000] {dagbag.py:541} INFO - Filling up the DagBag from /opt/airflow/dags/dag.py
[2026-03-12T02:47:15.817+0000] {processor.py:809} INFO - DAG(s) dict_keys(['dag_check']) retrieved from /opt/airflow/dags/dag.py
[2026-03-12T02:47:15.837+0000] {logging_mixin.py:149} INFO - [2026-03-12T02:47:15.836+0000] {dag.py:2726} INFO - Sync 1 DAGs
[2026-03-12T02:47:15.848+0000] {logging_mixin.py:149} INFO - [2026-03-12T02:47:15.848+0000] {dag.py:3490} INFO - Setting next_dagrun for dag_check to None, run_after=None
[2026-03-12T02:47:15.854+0000] {processor.py:178} INFO - Processing /opt/airflow/dags/dag.py took 0.049 seconds
[2026-03-12T02:47:46.086+0000] {processor.py:156} INFO - Started process (PID=389) to work on /opt/airflow/dags/dag.py
[2026-03-12T02:47:46.088+0000] {processor.py:799} INFO - Processing file /opt/airflow/dags/dag.py for tasks to queue
[2026-03-12T02:47:46.088+0000] {logging_mixin.py:149} INFO - [2026-03-12T02:47:46.088+0000] {dagbag.py:541} INFO - Filling up the DagBag from /opt/airflow/dags/dag.py
[2026-03-12T02:47:46.095+0000] {processor.py:809} INFO - DAG(s) dict_keys(['dag_check']) retrieved from /opt/airflow/dags/dag.py
[2026-03-12T02:47:46.116+0000] {logging_mixin.py:149} INFO - [2026-03-12T02:47:46.115+0000] {dag.py:2726} INFO - Sync 1 DAGs
[2026-03-12T02:47:46.127+0000] {logging_mixin.py:149} INFO - [2026-03-12T02:47:46.127+0000] {dag.py:3490} INFO - Setting next_dagrun for dag_check to None, run_after=None
[2026-03-12T02:47:46.133+0000] {processor.py:178} INFO - Processing /opt/airflow/dags/dag.py took 0.050 seconds
[2026-03-12T02:48:16.335+0000] {processor.py:156} INFO - Started process (PID=397) to work on /opt/airflow/dags/dag.py
[2026-03-12T02:48:16.336+0000] {processor.py:799} INFO - Processing file /opt/airflow/dags/dag.py for tasks to queue
[2026-03-12T02:48:16.337+0000] {logging_mixin.py:149} INFO - [2026-03-12T02:48:16.337+0000] {dagbag.py:541} INFO - Filling up the DagBag from /opt/airflow/dags/dag.py
[2026-03-12T02:48:16.343+0000] {processor.py:809} INFO - DAG(s) dict_keys(['dag_check']) retrieved from /opt/airflow/dags/dag.py
[2026-03-12T02:48:16.361+0000] {logging_mixin.py:149} INFO - [2026-03-12T02:48:16.361+0000] {dag.py:2726} INFO - Sync 1 DAGs
[2026-03-12T02:48:16.373+0000] {logging_mixin.py:149} INFO - [2026-03-12T02:48:16.373+0000] {dag.py:3490} INFO - Setting next_dagrun for dag_check to None, run_after=None
[2026-03-12T02:48:16.380+0000] {processor.py:178} INFO - Processing /opt/airflow/dags/dag.py took 0.048 seconds
[2026-03-12T02:48:46.602+0000] {processor.py:156} INFO - Started process (PID=405) to work on /opt/airflow/dags/dag.py
[2026-03-12T02:48:46.603+0000] {processor.py:799} INFO - Processing file /opt/airflow/dags/dag.py for tasks to queue
[2026-03-12T02:48:46.604+0000] {logging_mixin.py:149} INFO - [2026-03-12T02:48:46.604+0000] {dagbag.py:541} INFO - Filling up the DagBag from /opt/airflow/dags/dag.py
[2026-03-12T02:48:46.613+0000] {processor.py:809} INFO - DAG(s) dict_keys(['dag_check']) retrieved from /opt/airflow/dags/dag.py
[2026-03-12T02:48:46.634+0000] {logging_mixin.py:149} INFO - [2026-03-12T02:48:46.634+0000] {dag.py:2726} INFO - Sync 1 DAGs
[2026-03-12T02:48:46.646+0000] {logging_mixin.py:149} INFO - [2026-03-12T02:48:46.646+0000] {dag.py:3490} INFO - Setting next_dagrun for dag_check to None, run_after=None
[2026-03-12T02:48:46.653+0000] {processor.py:178} INFO - Processing /opt/airflow/dags/dag.py took 0.054 seconds
[2026-03-12T02:50:37.547+0000] {processor.py:156} INFO - Started process (PID=434) to work on /opt/airflow/dags/dag.py
[2026-03-12T02:50:37.547+0000] {processor.py:799} INFO - Processing file /opt/airflow/dags/dag.py for tasks to queue
[2026-03-12T02:50:37.548+0000] {logging_mixin.py:149} INFO - [2026-03-12T02:50:37.548+0000] {dagbag.py:541} INFO - Filling up the DagBag from /opt/airflow/dags/dag.py
[2026-03-12T02:50:37.552+0000] {processor.py:809} INFO - DAG(s) dict_keys(['dag_postgres_10_batches_from_api_group_4']) retrieved from /opt/airflow/dags/dag.py
[2026-03-12T02:50:37.631+0000] {logging_mixin.py:149} INFO - [2026-03-12T02:50:37.631+0000] {manager.py:504} INFO - Created Permission View: can read on DAG:dag_postgres_10_batches_from_api_group_4
[2026-03-12T02:50:37.634+0000] {logging_mixin.py:149} INFO - [2026-03-12T02:50:37.634+0000] {manager.py:504} INFO - Created Permission View: can delete on DAG:dag_postgres_10_batches_from_api_group_4
[2026-03-12T02:50:37.636+0000] {logging_mixin.py:149} INFO - [2026-03-12T02:50:37.635+0000] {manager.py:504} INFO - Created Permission View: can edit on DAG:dag_postgres_10_batches_from_api_group_4
[2026-03-12T02:50:37.636+0000] {logging_mixin.py:149} INFO - [2026-03-12T02:50:37.636+0000] {dag.py:2726} INFO - Sync 1 DAGs
[2026-03-12T02:50:37.641+0000] {logging_mixin.py:149} INFO - [2026-03-12T02:50:37.641+0000] {dag.py:2747} INFO - Creating ORM DAG for dag_postgres_10_batches_from_api_group_4
[2026-03-12T02:50:37.645+0000] {logging_mixin.py:149} INFO - [2026-03-12T02:50:37.645+0000] {dag.py:3490} INFO - Setting next_dagrun for dag_postgres_10_batches_from_api_group_4 to None, run_after=None
[2026-03-12T02:50:37.654+0000] {processor.py:178} INFO - Processing /opt/airflow/dags/dag.py took 0.109 seconds
[2026-03-12T02:51:07.804+0000] {processor.py:156} INFO - Started process (PID=442) to work on /opt/airflow/dags/dag.py
[2026-03-12T02:51:07.806+0000] {processor.py:799} INFO - Processing file /opt/airflow/dags/dag.py for tasks to queue
[2026-03-12T02:51:07.806+0000] {logging_mixin.py:149} INFO - [2026-03-12T02:51:07.806+0000] {dagbag.py:541} INFO - Filling up the DagBag from /opt/airflow/dags/dag.py
[2026-03-12T02:51:07.813+0000] {processor.py:809} INFO - DAG(s) dict_keys(['dag_postgres_10_batches_from_api_group_4']) retrieved from /opt/airflow/dags/dag.py
[2026-03-12T02:51:07.829+0000] {logging_mixin.py:149} INFO - [2026-03-12T02:51:07.829+0000] {dag.py:2726} INFO - Sync 1 DAGs
[2026-03-12T02:51:07.842+0000] {logging_mixin.py:149} INFO - [2026-03-12T02:51:07.842+0000] {dag.py:3490} INFO - Setting next_dagrun for dag_postgres_10_batches_from_api_group_4 to None, run_after=None
[2026-03-12T02:51:07.850+0000] {processor.py:178} INFO - Processing /opt/airflow/dags/dag.py took 0.050 seconds
[2026-03-12T02:51:38.060+0000] {processor.py:156} INFO - Started process (PID=450) to work on /opt/airflow/dags/dag.py
[2026-03-12T02:51:38.061+0000] {processor.py:799} INFO - Processing file /opt/airflow/dags/dag.py for tasks to queue
[2026-03-12T02:51:38.061+0000] {logging_mixin.py:149} INFO - [2026-03-12T02:51:38.061+0000] {dagbag.py:541} INFO - Filling up the DagBag from /opt/airflow/dags/dag.py
[2026-03-12T02:51:38.069+0000] {processor.py:809} INFO - DAG(s) dict_keys(['dag_postgres_10_batches_from_api_group_4']) retrieved from /opt/airflow/dags/dag.py
[2026-03-12T02:51:38.087+0000] {logging_mixin.py:149} INFO - [2026-03-12T02:51:38.087+0000] {dag.py:2726} INFO - Sync 1 DAGs
[2026-03-12T02:51:38.100+0000] {logging_mixin.py:149} INFO - [2026-03-12T02:51:38.100+0000] {dag.py:3490} INFO - Setting next_dagrun for dag_postgres_10_batches_from_api_group_4 to None, run_after=None
[2026-03-12T02:51:38.108+0000] {processor.py:178} INFO - Processing /opt/airflow/dags/dag.py took 0.051 seconds
[2026-03-12T02:52:08.298+0000] {processor.py:156} INFO - Started process (PID=458) to work on /opt/airflow/dags/dag.py
[2026-03-12T02:52:08.299+0000] {processor.py:799} INFO - Processing file /opt/airflow/dags/dag.py for tasks to queue
[2026-03-12T02:52:08.299+0000] {logging_mixin.py:149} INFO - [2026-03-12T02:52:08.299+0000] {dagbag.py:541} INFO - Filling up the DagBag from /opt/airflow/dags/dag.py
[2026-03-12T02:52:08.305+0000] {processor.py:809} INFO - DAG(s) dict_keys(['dag_postgres_10_batches_from_api_group_4']) retrieved from /opt/airflow/dags/dag.py
[2026-03-12T02:52:08.318+0000] {logging_mixin.py:149} INFO - [2026-03-12T02:52:08.317+0000] {dag.py:2726} INFO - Sync 1 DAGs
[2026-03-12T02:52:08.330+0000] {logging_mixin.py:149} INFO - [2026-03-12T02:52:08.330+0000] {dag.py:3490} INFO - Setting next_dagrun for dag_postgres_10_batches_from_api_group_4 to None, run_after=None
[2026-03-12T02:52:08.338+0000] {processor.py:178} INFO - Processing /opt/airflow/dags/dag.py took 0.042 seconds
[2026-03-12T02:55:38.111+0000] {processor.py:156} INFO - Started process (PID=507) to work on /opt/airflow/dags/dag.py
[2026-03-12T02:55:38.112+0000] {processor.py:799} INFO - Processing file /opt/airflow/dags/dag.py for tasks to queue
[2026-03-12T02:55:38.113+0000] {logging_mixin.py:149} INFO - [2026-03-12T02:55:38.112+0000] {dagbag.py:541} INFO - Filling up the DagBag from /opt/airflow/dags/dag.py
[2026-03-12T02:55:38.120+0000] {processor.py:809} INFO - DAG(s) dict_keys(['dag_postgres_single_api_test']) retrieved from /opt/airflow/dags/dag.py
[2026-03-12T02:55:38.178+0000] {logging_mixin.py:149} INFO - [2026-03-12T02:55:38.178+0000] {manager.py:504} INFO - Created Permission View: can read on DAG:dag_postgres_single_api_test
[2026-03-12T02:55:38.181+0000] {logging_mixin.py:149} INFO - [2026-03-12T02:55:38.181+0000] {manager.py:504} INFO - Created Permission View: can delete on DAG:dag_postgres_single_api_test
[2026-03-12T02:55:38.183+0000] {logging_mixin.py:149} INFO - [2026-03-12T02:55:38.183+0000] {manager.py:504} INFO - Created Permission View: can edit on DAG:dag_postgres_single_api_test
[2026-03-12T02:55:38.183+0000] {logging_mixin.py:149} INFO - [2026-03-12T02:55:38.183+0000] {dag.py:2726} INFO - Sync 1 DAGs
[2026-03-12T02:55:38.189+0000] {logging_mixin.py:149} INFO - [2026-03-12T02:55:38.189+0000] {dag.py:2747} INFO - Creating ORM DAG for dag_postgres_single_api_test
[2026-03-12T02:55:38.194+0000] {logging_mixin.py:149} INFO - [2026-03-12T02:55:38.194+0000] {dag.py:3490} INFO - Setting next_dagrun for dag_postgres_single_api_test to None, run_after=None
[2026-03-12T02:55:38.202+0000] {processor.py:178} INFO - Processing /opt/airflow/dags/dag.py took 0.093 seconds
[2026-03-12T02:56:08.356+0000] {processor.py:156} INFO - Started process (PID=516) to work on /opt/airflow/dags/dag.py
[2026-03-12T02:56:08.357+0000] {processor.py:799} INFO - Processing file /opt/airflow/dags/dag.py for tasks to queue
[2026-03-12T02:56:08.358+0000] {logging_mixin.py:149} INFO - [2026-03-12T02:56:08.358+0000] {dagbag.py:541} INFO - Filling up the DagBag from /opt/airflow/dags/dag.py
[2026-03-12T02:56:08.367+0000] {processor.py:809} INFO - DAG(s) dict_keys(['dag_postgres_single_api_test']) retrieved from /opt/airflow/dags/dag.py
[2026-03-12T02:56:08.391+0000] {logging_mixin.py:149} INFO - [2026-03-12T02:56:08.391+0000] {dag.py:2726} INFO - Sync 1 DAGs
[2026-03-12T02:56:08.403+0000] {logging_mixin.py:149} INFO - [2026-03-12T02:56:08.403+0000] {dag.py:3490} INFO - Setting next_dagrun for dag_postgres_single_api_test to None, run_after=None
[2026-03-12T02:56:08.413+0000] {processor.py:178} INFO - Processing /opt/airflow/dags/dag.py took 0.063 seconds
[2026-03-12T02:56:38.644+0000] {processor.py:156} INFO - Started process (PID=524) to work on /opt/airflow/dags/dag.py
[2026-03-12T02:56:38.645+0000] {processor.py:799} INFO - Processing file /opt/airflow/dags/dag.py for tasks to queue
[2026-03-12T02:56:38.646+0000] {logging_mixin.py:149} INFO - [2026-03-12T02:56:38.646+0000] {dagbag.py:541} INFO - Filling up the DagBag from /opt/airflow/dags/dag.py
[2026-03-12T02:56:38.654+0000] {processor.py:809} INFO - DAG(s) dict_keys(['dag_postgres_single_api_test']) retrieved from /opt/airflow/dags/dag.py
[2026-03-12T02:56:38.677+0000] {logging_mixin.py:149} INFO - [2026-03-12T02:56:38.677+0000] {dag.py:2726} INFO - Sync 1 DAGs
[2026-03-12T02:56:38.692+0000] {logging_mixin.py:149} INFO - [2026-03-12T02:56:38.692+0000] {dag.py:3490} INFO - Setting next_dagrun for dag_postgres_single_api_test to None, run_after=None
[2026-03-12T02:56:38.700+0000] {processor.py:178} INFO - Processing /opt/airflow/dags/dag.py took 0.060 seconds
[2026-03-12T02:57:08.877+0000] {processor.py:156} INFO - Started process (PID=532) to work on /opt/airflow/dags/dag.py
[2026-03-12T02:57:08.882+0000] {processor.py:799} INFO - Processing file /opt/airflow/dags/dag.py for tasks to queue
[2026-03-12T02:57:08.886+0000] {logging_mixin.py:149} INFO - [2026-03-12T02:57:08.886+0000] {dagbag.py:541} INFO - Filling up the DagBag from /opt/airflow/dags/dag.py
[2026-03-12T02:57:08.895+0000] {processor.py:809} INFO - DAG(s) dict_keys(['dag_postgres_single_api_test']) retrieved from /opt/airflow/dags/dag.py
[2026-03-12T02:57:08.916+0000] {logging_mixin.py:149} INFO - [2026-03-12T02:57:08.916+0000] {dag.py:2726} INFO - Sync 1 DAGs
[2026-03-12T02:57:08.928+0000] {logging_mixin.py:149} INFO - [2026-03-12T02:57:08.928+0000] {dag.py:3490} INFO - Setting next_dagrun for dag_postgres_single_api_test to None, run_after=None
[2026-03-12T02:57:08.935+0000] {processor.py:178} INFO - Processing /opt/airflow/dags/dag.py took 0.063 seconds
[2026-03-12T02:57:39.149+0000] {processor.py:156} INFO - Started process (PID=540) to work on /opt/airflow/dags/dag.py
[2026-03-12T02:57:39.150+0000] {processor.py:799} INFO - Processing file /opt/airflow/dags/dag.py for tasks to queue
[2026-03-12T02:57:39.151+0000] {logging_mixin.py:149} INFO - [2026-03-12T02:57:39.151+0000] {dagbag.py:541} INFO - Filling up the DagBag from /opt/airflow/dags/dag.py
[2026-03-12T02:57:39.158+0000] {processor.py:809} INFO - DAG(s) dict_keys(['dag_postgres_single_api_test']) retrieved from /opt/airflow/dags/dag.py
[2026-03-12T02:57:39.177+0000] {logging_mixin.py:149} INFO - [2026-03-12T02:57:39.177+0000] {dag.py:2726} INFO - Sync 1 DAGs
[2026-03-12T02:57:39.190+0000] {logging_mixin.py:149} INFO - [2026-03-12T02:57:39.190+0000] {dag.py:3490} INFO - Setting next_dagrun for dag_postgres_single_api_test to None, run_after=None
[2026-03-12T02:57:39.198+0000] {processor.py:178} INFO - Processing /opt/airflow/dags/dag.py took 0.051 seconds
[2026-03-12T02:58:09.408+0000] {processor.py:156} INFO - Started process (PID=548) to work on /opt/airflow/dags/dag.py
[2026-03-12T02:58:09.409+0000] {processor.py:799} INFO - Processing file /opt/airflow/dags/dag.py for tasks to queue
[2026-03-12T02:58:09.409+0000] {logging_mixin.py:149} INFO - [2026-03-12T02:58:09.409+0000] {dagbag.py:541} INFO - Filling up the DagBag from /opt/airflow/dags/dag.py
[2026-03-12T02:58:09.419+0000] {processor.py:809} INFO - DAG(s) dict_keys(['dag_postgres_single_api_test']) retrieved from /opt/airflow/dags/dag.py
[2026-03-12T02:58:09.441+0000] {logging_mixin.py:149} INFO - [2026-03-12T02:58:09.441+0000] {dag.py:2726} INFO - Sync 1 DAGs
[2026-03-12T02:58:09.453+0000] {logging_mixin.py:149} INFO - [2026-03-12T02:58:09.453+0000] {dag.py:3490} INFO - Setting next_dagrun for dag_postgres_single_api_test to None, run_after=None
[2026-03-12T02:58:09.460+0000] {processor.py:178} INFO - Processing /opt/airflow/dags/dag.py took 0.057 seconds
[2026-03-12T02:58:39.676+0000] {processor.py:156} INFO - Started process (PID=556) to work on /opt/airflow/dags/dag.py
[2026-03-12T02:58:39.677+0000] {processor.py:799} INFO - Processing file /opt/airflow/dags/dag.py for tasks to queue
[2026-03-12T02:58:39.677+0000] {logging_mixin.py:149} INFO - [2026-03-12T02:58:39.677+0000] {dagbag.py:541} INFO - Filling up the DagBag from /opt/airflow/dags/dag.py
[2026-03-12T02:58:39.686+0000] {processor.py:809} INFO - DAG(s) dict_keys(['dag_postgres_single_api_test']) retrieved from /opt/airflow/dags/dag.py
[2026-03-12T02:58:39.709+0000] {logging_mixin.py:149} INFO - [2026-03-12T02:58:39.709+0000] {dag.py:2726} INFO - Sync 1 DAGs
[2026-03-12T02:58:39.721+0000] {logging_mixin.py:149} INFO - [2026-03-12T02:58:39.721+0000] {dag.py:3490} INFO - Setting next_dagrun for dag_postgres_single_api_test to None, run_after=None
[2026-03-12T02:58:39.729+0000] {processor.py:178} INFO - Processing /opt/airflow/dags/dag.py took 0.058 seconds
[2026-03-12T02:59:09.984+0000] {processor.py:156} INFO - Started process (PID=564) to work on /opt/airflow/dags/dag.py
[2026-03-12T02:59:09.985+0000] {processor.py:799} INFO - Processing file /opt/airflow/dags/dag.py for tasks to queue
[2026-03-12T02:59:09.986+0000] {logging_mixin.py:149} INFO - [2026-03-12T02:59:09.986+0000] {dagbag.py:541} INFO - Filling up the DagBag from /opt/airflow/dags/dag.py
[2026-03-12T02:59:09.994+0000] {processor.py:809} INFO - DAG(s) dict_keys(['dag_postgres_single_api_test']) retrieved from /opt/airflow/dags/dag.py
[2026-03-12T02:59:10.015+0000] {logging_mixin.py:149} INFO - [2026-03-12T02:59:10.015+0000] {dag.py:2726} INFO - Sync 1 DAGs
[2026-03-12T02:59:10.028+0000] {logging_mixin.py:149} INFO - [2026-03-12T02:59:10.028+0000] {dag.py:3490} INFO - Setting next_dagrun for dag_postgres_single_api_test to None, run_after=None
[2026-03-12T02:59:10.035+0000] {processor.py:178} INFO - Processing /opt/airflow/dags/dag.py took 0.054 seconds
[2026-03-12T02:59:40.256+0000] {processor.py:156} INFO - Started process (PID=572) to work on /opt/airflow/dags/dag.py
[2026-03-12T02:59:40.257+0000] {processor.py:799} INFO - Processing file /opt/airflow/dags/dag.py for tasks to queue
[2026-03-12T02:59:40.258+0000] {logging_mixin.py:149} INFO - [2026-03-12T02:59:40.258+0000] {dagbag.py:541} INFO - Filling up the DagBag from /opt/airflow/dags/dag.py
[2026-03-12T02:59:40.267+0000] {processor.py:809} INFO - DAG(s) dict_keys(['dag_postgres_single_api_test']) retrieved from /opt/airflow/dags/dag.py
[2026-03-12T02:59:40.288+0000] {logging_mixin.py:149} INFO - [2026-03-12T02:59:40.288+0000] {dag.py:2726} INFO - Sync 1 DAGs
[2026-03-12T02:59:40.300+0000] {logging_mixin.py:149} INFO - [2026-03-12T02:59:40.300+0000] {dag.py:3490} INFO - Setting next_dagrun for dag_postgres_single_api_test to None, run_after=None
[2026-03-12T02:59:40.308+0000] {processor.py:178} INFO - Processing /opt/airflow/dags/dag.py took 0.055 seconds
[2026-03-12T03:00:10.514+0000] {processor.py:156} INFO - Started process (PID=580) to work on /opt/airflow/dags/dag.py
[2026-03-12T03:00:10.515+0000] {processor.py:799} INFO - Processing file /opt/airflow/dags/dag.py for tasks to queue
[2026-03-12T03:00:10.515+0000] {logging_mixin.py:149} INFO - [2026-03-12T03:00:10.515+0000] {dagbag.py:541} INFO - Filling up the DagBag from /opt/airflow/dags/dag.py
[2026-03-12T03:00:10.522+0000] {processor.py:809} INFO - DAG(s) dict_keys(['dag_postgres_single_api_test']) retrieved from /opt/airflow/dags/dag.py
[2026-03-12T03:00:10.540+0000] {logging_mixin.py:149} INFO - [2026-03-12T03:00:10.540+0000] {dag.py:2726} INFO - Sync 1 DAGs
[2026-03-12T03:00:10.550+0000] {logging_mixin.py:149} INFO - [2026-03-12T03:00:10.550+0000] {dag.py:3490} INFO - Setting next_dagrun for dag_postgres_single_api_test to None, run_after=None
[2026-03-12T03:00:10.557+0000] {processor.py:178} INFO - Processing /opt/airflow/dags/dag.py took 0.045 seconds
[2026-03-12T03:00:40.743+0000] {processor.py:156} INFO - Started process (PID=588) to work on /opt/airflow/dags/dag.py
[2026-03-12T03:00:40.745+0000] {processor.py:799} INFO - Processing file /opt/airflow/dags/dag.py for tasks to queue
[2026-03-12T03:00:40.745+0000] {logging_mixin.py:149} INFO - [2026-03-12T03:00:40.745+0000] {dagbag.py:541} INFO - Filling up the DagBag from /opt/airflow/dags/dag.py
[2026-03-12T03:00:40.752+0000] {processor.py:809} INFO - DAG(s) dict_keys(['dag_postgres_single_api_test']) retrieved from /opt/airflow/dags/dag.py
[2026-03-12T03:00:40.771+0000] {logging_mixin.py:149} INFO - [2026-03-12T03:00:40.771+0000] {dag.py:2726} INFO - Sync 1 DAGs
[2026-03-12T03:00:40.784+0000] {logging_mixin.py:149} INFO - [2026-03-12T03:00:40.784+0000] {dag.py:3490} INFO - Setting next_dagrun for dag_postgres_single_api_test to None, run_after=None
[2026-03-12T03:00:40.794+0000] {processor.py:178} INFO - Processing /opt/airflow/dags/dag.py took 0.054 seconds
[2026-03-12T03:01:10.995+0000] {processor.py:156} INFO - Started process (PID=596) to work on /opt/airflow/dags/dag.py
[2026-03-12T03:01:10.996+0000] {processor.py:799} INFO - Processing file /opt/airflow/dags/dag.py for tasks to queue
[2026-03-12T03:01:10.996+0000] {logging_mixin.py:149} INFO - [2026-03-12T03:01:10.996+0000] {dagbag.py:541} INFO - Filling up the DagBag from /opt/airflow/dags/dag.py
[2026-03-12T03:01:11.002+0000] {processor.py:809} INFO - DAG(s) dict_keys(['dag_postgres_single_api_test']) retrieved from /opt/airflow/dags/dag.py
[2026-03-12T03:01:11.015+0000] {logging_mixin.py:149} INFO - [2026-03-12T03:01:11.015+0000] {dag.py:2726} INFO - Sync 1 DAGs
[2026-03-12T03:01:11.027+0000] {logging_mixin.py:149} INFO - [2026-03-12T03:01:11.026+0000] {dag.py:3490} INFO - Setting next_dagrun for dag_postgres_single_api_test to None, run_after=None
[2026-03-12T03:01:11.036+0000] {processor.py:178} INFO - Processing /opt/airflow/dags/dag.py took 0.043 seconds
[2026-03-12T03:01:41.293+0000] {processor.py:156} INFO - Started process (PID=604) to work on /opt/airflow/dags/dag.py
[2026-03-12T03:01:41.294+0000] {processor.py:799} INFO - Processing file /opt/airflow/dags/dag.py for tasks to queue
[2026-03-12T03:01:41.294+0000] {logging_mixin.py:149} INFO - [2026-03-12T03:01:41.294+0000] {dagbag.py:541} INFO - Filling up the DagBag from /opt/airflow/dags/dag.py
[2026-03-12T03:01:41.302+0000] {processor.py:809} INFO - DAG(s) dict_keys(['dag_postgres_single_api_test']) retrieved from /opt/airflow/dags/dag.py
[2026-03-12T03:01:41.323+0000] {logging_mixin.py:149} INFO - [2026-03-12T03:01:41.323+0000] {dag.py:2726} INFO - Sync 1 DAGs
[2026-03-12T03:01:41.335+0000] {logging_mixin.py:149} INFO - [2026-03-12T03:01:41.335+0000] {dag.py:3490} INFO - Setting next_dagrun for dag_postgres_single_api_test to None, run_after=None
[2026-03-12T03:01:41.342+0000] {processor.py:178} INFO - Processing /opt/airflow/dags/dag.py took 0.054 seconds
[2026-03-12T03:02:11.569+0000] {processor.py:156} INFO - Started process (PID=612) to work on /opt/airflow/dags/dag.py
[2026-03-12T03:02:11.570+0000] {processor.py:799} INFO - Processing file /opt/airflow/dags/dag.py for tasks to queue
[2026-03-12T03:02:11.571+0000] {logging_mixin.py:149} INFO - [2026-03-12T03:02:11.571+0000] {dagbag.py:541} INFO - Filling up the DagBag from /opt/airflow/dags/dag.py
[2026-03-12T03:02:11.580+0000] {processor.py:809} INFO - DAG(s) dict_keys(['dag_postgres_single_api_test']) retrieved from /opt/airflow/dags/dag.py
[2026-03-12T03:02:11.602+0000] {logging_mixin.py:149} INFO - [2026-03-12T03:02:11.601+0000] {dag.py:2726} INFO - Sync 1 DAGs
[2026-03-12T03:02:11.615+0000] {logging_mixin.py:149} INFO - [2026-03-12T03:02:11.615+0000] {dag.py:3490} INFO - Setting next_dagrun for dag_postgres_single_api_test to None, run_after=None
[2026-03-12T03:02:11.622+0000] {processor.py:178} INFO - Processing /opt/airflow/dags/dag.py took 0.057 seconds
[2026-03-12T03:02:41.852+0000] {processor.py:156} INFO - Started process (PID=619) to work on /opt/airflow/dags/dag.py
[2026-03-12T03:02:41.853+0000] {processor.py:799} INFO - Processing file /opt/airflow/dags/dag.py for tasks to queue
[2026-03-12T03:02:41.854+0000] {logging_mixin.py:149} INFO - [2026-03-12T03:02:41.854+0000] {dagbag.py:541} INFO - Filling up the DagBag from /opt/airflow/dags/dag.py
[2026-03-12T03:02:41.863+0000] {processor.py:809} INFO - DAG(s) dict_keys(['dag_postgres_single_api_test']) retrieved from /opt/airflow/dags/dag.py
[2026-03-12T03:02:41.886+0000] {logging_mixin.py:149} INFO - [2026-03-12T03:02:41.886+0000] {dag.py:2726} INFO - Sync 1 DAGs
[2026-03-12T03:02:41.898+0000] {logging_mixin.py:149} INFO - [2026-03-12T03:02:41.898+0000] {dag.py:3490} INFO - Setting next_dagrun for dag_postgres_single_api_test to None, run_after=None
[2026-03-12T03:02:41.905+0000] {processor.py:178} INFO - Processing /opt/airflow/dags/dag.py took 0.058 seconds
[2026-03-12T03:03:12.152+0000] {processor.py:156} INFO - Started process (PID=627) to work on /opt/airflow/dags/dag.py
[2026-03-12T03:03:12.152+0000] {processor.py:799} INFO - Processing file /opt/airflow/dags/dag.py for tasks to queue
[2026-03-12T03:03:12.153+0000] {logging_mixin.py:149} INFO - [2026-03-12T03:03:12.153+0000] {dagbag.py:541} INFO - Filling up the DagBag from /opt/airflow/dags/dag.py
[2026-03-12T03:03:12.161+0000] {processor.py:809} INFO - DAG(s) dict_keys(['dag_postgres_single_api_test']) retrieved from /opt/airflow/dags/dag.py
[2026-03-12T03:03:12.183+0000] {logging_mixin.py:149} INFO - [2026-03-12T03:03:12.182+0000] {dag.py:2726} INFO - Sync 1 DAGs
[2026-03-12T03:03:12.195+0000] {logging_mixin.py:149} INFO - [2026-03-12T03:03:12.195+0000] {dag.py:3490} INFO - Setting next_dagrun for dag_postgres_single_api_test to None, run_after=None
[2026-03-12T03:03:12.203+0000] {processor.py:178} INFO - Processing /opt/airflow/dags/dag.py took 0.055 seconds
[2026-03-12T03:03:42.404+0000] {processor.py:156} INFO - Started process (PID=635) to work on /opt/airflow/dags/dag.py
[2026-03-12T03:03:42.405+0000] {processor.py:799} INFO - Processing file /opt/airflow/dags/dag.py for tasks to queue
[2026-03-12T03:03:42.407+0000] {logging_mixin.py:149} INFO - [2026-03-12T03:03:42.406+0000] {dagbag.py:541} INFO - Filling up the DagBag from /opt/airflow/dags/dag.py
[2026-03-12T03:03:42.415+0000] {processor.py:809} INFO - DAG(s) dict_keys(['dag_postgres_single_api_test']) retrieved from /opt/airflow/dags/dag.py
[2026-03-12T03:03:42.435+0000] {logging_mixin.py:149} INFO - [2026-03-12T03:03:42.435+0000] {dag.py:2726} INFO - Sync 1 DAGs
[2026-03-12T03:03:42.448+0000] {logging_mixin.py:149} INFO - [2026-03-12T03:03:42.448+0000] {dag.py:3490} INFO - Setting next_dagrun for dag_postgres_single_api_test to None, run_after=None
[2026-03-12T03:03:42.456+0000] {processor.py:178} INFO - Processing /opt/airflow/dags/dag.py took 0.056 seconds
[2026-03-12T03:04:12.669+0000] {processor.py:156} INFO - Started process (PID=643) to work on /opt/airflow/dags/dag.py
[2026-03-12T03:04:12.670+0000] {processor.py:799} INFO - Processing file /opt/airflow/dags/dag.py for tasks to queue
[2026-03-12T03:04:12.671+0000] {logging_mixin.py:149} INFO - [2026-03-12T03:04:12.670+0000] {dagbag.py:541} INFO - Filling up the DagBag from /opt/airflow/dags/dag.py
[2026-03-12T03:04:12.681+0000] {processor.py:809} INFO - DAG(s) dict_keys(['dag_postgres_single_api_test']) retrieved from /opt/airflow/dags/dag.py
[2026-03-12T03:04:12.701+0000] {logging_mixin.py:149} INFO - [2026-03-12T03:04:12.701+0000] {dag.py:2726} INFO - Sync 1 DAGs
[2026-03-12T03:04:12.712+0000] {logging_mixin.py:149} INFO - [2026-03-12T03:04:12.712+0000] {dag.py:3490} INFO - Setting next_dagrun for dag_postgres_single_api_test to None, run_after=None
[2026-03-12T03:04:12.719+0000] {processor.py:178} INFO - Processing /opt/airflow/dags/dag.py took 0.055 seconds
[2026-03-12T03:04:42.934+0000] {processor.py:156} INFO - Started process (PID=652) to work on /opt/airflow/dags/dag.py
[2026-03-12T03:04:42.935+0000] {processor.py:799} INFO - Processing file /opt/airflow/dags/dag.py for tasks to queue
[2026-03-12T03:04:42.936+0000] {logging_mixin.py:149} INFO - [2026-03-12T03:04:42.936+0000] {dagbag.py:541} INFO - Filling up the DagBag from /opt/airflow/dags/dag.py
[2026-03-12T03:04:42.942+0000] {processor.py:809} INFO - DAG(s) dict_keys(['dag_postgres_single_api_test']) retrieved from /opt/airflow/dags/dag.py
[2026-03-12T03:04:42.961+0000] {logging_mixin.py:149} INFO - [2026-03-12T03:04:42.961+0000] {dag.py:2726} INFO - Sync 1 DAGs
[2026-03-12T03:04:42.975+0000] {logging_mixin.py:149} INFO - [2026-03-12T03:04:42.975+0000] {dag.py:3490} INFO - Setting next_dagrun for dag_postgres_single_api_test to None, run_after=None
[2026-03-12T03:04:42.983+0000] {processor.py:178} INFO - Processing /opt/airflow/dags/dag.py took 0.051 seconds
[2026-03-12T03:05:13.211+0000] {processor.py:156} INFO - Started process (PID=660) to work on /opt/airflow/dags/dag.py
[2026-03-12T03:05:13.212+0000] {processor.py:799} INFO - Processing file /opt/airflow/dags/dag.py for tasks to queue
[2026-03-12T03:05:13.213+0000] {logging_mixin.py:149} INFO - [2026-03-12T03:05:13.213+0000] {dagbag.py:541} INFO - Filling up the DagBag from /opt/airflow/dags/dag.py
[2026-03-12T03:05:13.221+0000] {processor.py:809} INFO - DAG(s) dict_keys(['dag_postgres_single_api_test']) retrieved from /opt/airflow/dags/dag.py
[2026-03-12T03:05:13.243+0000] {logging_mixin.py:149} INFO - [2026-03-12T03:05:13.243+0000] {dag.py:2726} INFO - Sync 1 DAGs
[2026-03-12T03:05:13.255+0000] {logging_mixin.py:149} INFO - [2026-03-12T03:05:13.255+0000] {dag.py:3490} INFO - Setting next_dagrun for dag_postgres_single_api_test to None, run_after=None
[2026-03-12T03:05:13.262+0000] {processor.py:178} INFO - Processing /opt/airflow/dags/dag.py took 0.055 seconds
[2026-03-12T03:05:43.481+0000] {processor.py:156} INFO - Started process (PID=668) to work on /opt/airflow/dags/dag.py
[2026-03-12T03:05:43.482+0000] {processor.py:799} INFO - Processing file /opt/airflow/dags/dag.py for tasks to queue
[2026-03-12T03:05:43.483+0000] {logging_mixin.py:149} INFO - [2026-03-12T03:05:43.483+0000] {dagbag.py:541} INFO - Filling up the DagBag from /opt/airflow/dags/dag.py
[2026-03-12T03:05:43.490+0000] {processor.py:809} INFO - DAG(s) dict_keys(['dag_postgres_single_api_test']) retrieved from /opt/airflow/dags/dag.py
[2026-03-12T03:05:43.506+0000] {logging_mixin.py:149} INFO - [2026-03-12T03:05:43.505+0000] {dag.py:2726} INFO - Sync 1 DAGs
[2026-03-12T03:05:43.517+0000] {logging_mixin.py:149} INFO - [2026-03-12T03:05:43.516+0000] {dag.py:3490} INFO - Setting next_dagrun for dag_postgres_single_api_test to None, run_after=None
[2026-03-12T03:05:43.524+0000] {processor.py:178} INFO - Processing /opt/airflow/dags/dag.py took 0.047 seconds
[2026-03-12T03:06:13.739+0000] {processor.py:156} INFO - Started process (PID=676) to work on /opt/airflow/dags/dag.py
[2026-03-12T03:06:13.739+0000] {processor.py:799} INFO - Processing file /opt/airflow/dags/dag.py for tasks to queue
[2026-03-12T03:06:13.740+0000] {logging_mixin.py:149} INFO - [2026-03-12T03:06:13.740+0000] {dagbag.py:541} INFO - Filling up the DagBag from /opt/airflow/dags/dag.py
[2026-03-12T03:06:13.745+0000] {processor.py:809} INFO - DAG(s) dict_keys(['dag_postgres_single_api_test']) retrieved from /opt/airflow/dags/dag.py
[2026-03-12T03:06:13.758+0000] {logging_mixin.py:149} INFO - [2026-03-12T03:06:13.758+0000] {dag.py:2726} INFO - Sync 1 DAGs
[2026-03-12T03:06:13.768+0000] {logging_mixin.py:149} INFO - [2026-03-12T03:06:13.767+0000] {dag.py:3490} INFO - Setting next_dagrun for dag_postgres_single_api_test to None, run_after=None
[2026-03-12T03:06:13.774+0000] {processor.py:178} INFO - Processing /opt/airflow/dags/dag.py took 0.037 seconds
[2026-03-12T03:06:44.038+0000] {processor.py:156} INFO - Started process (PID=684) to work on /opt/airflow/dags/dag.py
[2026-03-12T03:06:44.039+0000] {processor.py:799} INFO - Processing file /opt/airflow/dags/dag.py for tasks to queue
[2026-03-12T03:06:44.040+0000] {logging_mixin.py:149} INFO - [2026-03-12T03:06:44.039+0000] {dagbag.py:541} INFO - Filling up the DagBag from /opt/airflow/dags/dag.py
[2026-03-12T03:06:44.051+0000] {processor.py:809} INFO - DAG(s) dict_keys(['dag_postgres_single_api_test']) retrieved from /opt/airflow/dags/dag.py
[2026-03-12T03:06:44.074+0000] {logging_mixin.py:149} INFO - [2026-03-12T03:06:44.074+0000] {dag.py:2726} INFO - Sync 1 DAGs
[2026-03-12T03:06:44.086+0000] {logging_mixin.py:149} INFO - [2026-03-12T03:06:44.086+0000] {dag.py:3490} INFO - Setting next_dagrun for dag_postgres_single_api_test to None, run_after=None
[2026-03-12T03:06:44.095+0000] {processor.py:178} INFO - Processing /opt/airflow/dags/dag.py took 0.061 seconds
[2026-03-12T03:07:14.288+0000] {processor.py:156} INFO - Started process (PID=692) to work on /opt/airflow/dags/dag.py
[2026-03-12T03:07:14.289+0000] {processor.py:799} INFO - Processing file /opt/airflow/dags/dag.py for tasks to queue
[2026-03-12T03:07:14.290+0000] {logging_mixin.py:149} INFO - [2026-03-12T03:07:14.290+0000] {dagbag.py:541} INFO - Filling up the DagBag from /opt/airflow/dags/dag.py
[2026-03-12T03:07:14.298+0000] {processor.py:809} INFO - DAG(s) dict_keys(['dag_postgres_single_api_test']) retrieved from /opt/airflow/dags/dag.py
[2026-03-12T03:07:14.319+0000] {logging_mixin.py:149} INFO - [2026-03-12T03:07:14.319+0000] {dag.py:2726} INFO - Sync 1 DAGs
[2026-03-12T03:07:14.331+0000] {logging_mixin.py:149} INFO - [2026-03-12T03:07:14.331+0000] {dag.py:3490} INFO - Setting next_dagrun for dag_postgres_single_api_test to None, run_after=None
[2026-03-12T03:07:14.338+0000] {processor.py:178} INFO - Processing /opt/airflow/dags/dag.py took 0.054 seconds
[2026-03-12T03:07:44.564+0000] {processor.py:156} INFO - Started process (PID=700) to work on /opt/airflow/dags/dag.py
[2026-03-12T03:07:44.565+0000] {processor.py:799} INFO - Processing file /opt/airflow/dags/dag.py for tasks to queue
[2026-03-12T03:07:44.566+0000] {logging_mixin.py:149} INFO - [2026-03-12T03:07:44.566+0000] {dagbag.py:541} INFO - Filling up the DagBag from /opt/airflow/dags/dag.py
[2026-03-12T03:07:44.573+0000] {processor.py:809} INFO - DAG(s) dict_keys(['dag_postgres_single_api_test']) retrieved from /opt/airflow/dags/dag.py
[2026-03-12T03:07:44.593+0000] {logging_mixin.py:149} INFO - [2026-03-12T03:07:44.592+0000] {dag.py:2726} INFO - Sync 1 DAGs
[2026-03-12T03:07:44.603+0000] {logging_mixin.py:149} INFO - [2026-03-12T03:07:44.603+0000] {dag.py:3490} INFO - Setting next_dagrun for dag_postgres_single_api_test to None, run_after=None
[2026-03-12T03:07:44.610+0000] {processor.py:178} INFO - Processing /opt/airflow/dags/dag.py took 0.049 seconds
[2026-03-12T03:08:14.809+0000] {processor.py:156} INFO - Started process (PID=708) to work on /opt/airflow/dags/dag.py
[2026-03-12T03:08:14.809+0000] {processor.py:799} INFO - Processing file /opt/airflow/dags/dag.py for tasks to queue
[2026-03-12T03:08:14.810+0000] {logging_mixin.py:149} INFO - [2026-03-12T03:08:14.810+0000] {dagbag.py:541} INFO - Filling up the DagBag from /opt/airflow/dags/dag.py
[2026-03-12T03:08:14.815+0000] {processor.py:809} INFO - DAG(s) dict_keys(['dag_postgres_single_api_test']) retrieved from /opt/airflow/dags/dag.py
[2026-03-12T03:08:14.829+0000] {logging_mixin.py:149} INFO - [2026-03-12T03:08:14.829+0000] {dag.py:2726} INFO - Sync 1 DAGs
[2026-03-12T03:08:14.840+0000] {logging_mixin.py:149} INFO - [2026-03-12T03:08:14.840+0000] {dag.py:3490} INFO - Setting next_dagrun for dag_postgres_single_api_test to None, run_after=None
[2026-03-12T03:08:14.847+0000] {processor.py:178} INFO - Processing /opt/airflow/dags/dag.py took 0.040 seconds
[2026-03-12T03:08:45.092+0000] {processor.py:156} INFO - Started process (PID=716) to work on /opt/airflow/dags/dag.py
[2026-03-12T03:08:45.093+0000] {processor.py:799} INFO - Processing file /opt/airflow/dags/dag.py for tasks to queue
[2026-03-12T03:08:45.093+0000] {logging_mixin.py:149} INFO - [2026-03-12T03:08:45.093+0000] {dagbag.py:541} INFO - Filling up the DagBag from /opt/airflow/dags/dag.py
[2026-03-12T03:08:45.102+0000] {processor.py:809} INFO - DAG(s) dict_keys(['dag_postgres_single_api_test']) retrieved from /opt/airflow/dags/dag.py
[2026-03-12T03:08:45.124+0000] {logging_mixin.py:149} INFO - [2026-03-12T03:08:45.124+0000] {dag.py:2726} INFO - Sync 1 DAGs
[2026-03-12T03:08:45.135+0000] {logging_mixin.py:149} INFO - [2026-03-12T03:08:45.135+0000] {dag.py:3490} INFO - Setting next_dagrun for dag_postgres_single_api_test to None, run_after=None
[2026-03-12T03:08:45.142+0000] {processor.py:178} INFO - Processing /opt/airflow/dags/dag.py took 0.053 seconds
[2026-03-12T03:09:15.378+0000] {processor.py:156} INFO - Started process (PID=724) to work on /opt/airflow/dags/dag.py
[2026-03-12T03:09:15.379+0000] {processor.py:799} INFO - Processing file /opt/airflow/dags/dag.py for tasks to queue
[2026-03-12T03:09:15.380+0000] {logging_mixin.py:149} INFO - [2026-03-12T03:09:15.379+0000] {dagbag.py:541} INFO - Filling up the DagBag from /opt/airflow/dags/dag.py
[2026-03-12T03:09:15.387+0000] {processor.py:809} INFO - DAG(s) dict_keys(['dag_postgres_single_api_test']) retrieved from /opt/airflow/dags/dag.py
[2026-03-12T03:09:15.406+0000] {logging_mixin.py:149} INFO - [2026-03-12T03:09:15.406+0000] {dag.py:2726} INFO - Sync 1 DAGs
[2026-03-12T03:09:15.418+0000] {logging_mixin.py:149} INFO - [2026-03-12T03:09:15.418+0000] {dag.py:3490} INFO - Setting next_dagrun for dag_postgres_single_api_test to None, run_after=None
[2026-03-12T03:09:15.426+0000] {processor.py:178} INFO - Processing /opt/airflow/dags/dag.py took 0.050 seconds
[2026-03-12T03:09:45.646+0000] {processor.py:156} INFO - Started process (PID=732) to work on /opt/airflow/dags/dag.py
[2026-03-12T03:09:45.647+0000] {processor.py:799} INFO - Processing file /opt/airflow/dags/dag.py for tasks to queue
[2026-03-12T03:09:45.648+0000] {logging_mixin.py:149} INFO - [2026-03-12T03:09:45.648+0000] {dagbag.py:541} INFO - Filling up the DagBag from /opt/airflow/dags/dag.py
[2026-03-12T03:09:45.655+0000] {processor.py:809} INFO - DAG(s) dict_keys(['dag_postgres_single_api_test']) retrieved from /opt/airflow/dags/dag.py
[2026-03-12T03:09:45.674+0000] {logging_mixin.py:149} INFO - [2026-03-12T03:09:45.673+0000] {dag.py:2726} INFO - Sync 1 DAGs
[2026-03-12T03:09:45.688+0000] {logging_mixin.py:149} INFO - [2026-03-12T03:09:45.687+0000] {dag.py:3490} INFO - Setting next_dagrun for dag_postgres_single_api_test to None, run_after=None
[2026-03-12T03:09:45.697+0000] {processor.py:178} INFO - Processing /opt/airflow/dags/dag.py took 0.055 seconds
[2026-03-12T03:10:15.912+0000] {processor.py:156} INFO - Started process (PID=740) to work on /opt/airflow/dags/dag.py
[2026-03-12T03:10:15.913+0000] {processor.py:799} INFO - Processing file /opt/airflow/dags/dag.py for tasks to queue
[2026-03-12T03:10:15.913+0000] {logging_mixin.py:149} INFO - [2026-03-12T03:10:15.913+0000] {dagbag.py:541} INFO - Filling up the DagBag from /opt/airflow/dags/dag.py
[2026-03-12T03:10:15.921+0000] {processor.py:809} INFO - DAG(s) dict_keys(['dag_postgres_single_api_test']) retrieved from /opt/airflow/dags/dag.py
[2026-03-12T03:10:15.942+0000] {logging_mixin.py:149} INFO - [2026-03-12T03:10:15.942+0000] {dag.py:2726} INFO - Sync 1 DAGs
[2026-03-12T03:10:15.956+0000] {logging_mixin.py:149} INFO - [2026-03-12T03:10:15.956+0000] {dag.py:3490} INFO - Setting next_dagrun for dag_postgres_single_api_test to None, run_after=None
[2026-03-12T03:10:15.963+0000] {processor.py:178} INFO - Processing /opt/airflow/dags/dag.py took 0.055 seconds
[2026-03-12T03:10:46.219+0000] {processor.py:156} INFO - Started process (PID=748) to work on /opt/airflow/dags/dag.py
[2026-03-12T03:10:46.220+0000] {processor.py:799} INFO - Processing file /opt/airflow/dags/dag.py for tasks to queue
[2026-03-12T03:10:46.221+0000] {logging_mixin.py:149} INFO - [2026-03-12T03:10:46.221+0000] {dagbag.py:541} INFO - Filling up the DagBag from /opt/airflow/dags/dag.py
[2026-03-12T03:10:46.230+0000] {processor.py:809} INFO - DAG(s) dict_keys(['dag_postgres_single_api_test']) retrieved from /opt/airflow/dags/dag.py
[2026-03-12T03:10:46.252+0000] {logging_mixin.py:149} INFO - [2026-03-12T03:10:46.252+0000] {dag.py:2726} INFO - Sync 1 DAGs
[2026-03-12T03:10:46.264+0000] {logging_mixin.py:149} INFO - [2026-03-12T03:10:46.264+0000] {dag.py:3490} INFO - Setting next_dagrun for dag_postgres_single_api_test to None, run_after=None
[2026-03-12T03:10:46.272+0000] {processor.py:178} INFO - Processing /opt/airflow/dags/dag.py took 0.057 seconds
[2026-03-12T03:11:16.454+0000] {processor.py:156} INFO - Started process (PID=756) to work on /opt/airflow/dags/dag.py
[2026-03-12T03:11:16.454+0000] {processor.py:799} INFO - Processing file /opt/airflow/dags/dag.py for tasks to queue
[2026-03-12T03:11:16.455+0000] {logging_mixin.py:149} INFO - [2026-03-12T03:11:16.455+0000] {dagbag.py:541} INFO - Filling up the DagBag from /opt/airflow/dags/dag.py
[2026-03-12T03:11:16.462+0000] {processor.py:809} INFO - DAG(s) dict_keys(['dag_postgres_single_api_test']) retrieved from /opt/airflow/dags/dag.py
[2026-03-12T03:11:16.481+0000] {logging_mixin.py:149} INFO - [2026-03-12T03:11:16.481+0000] {dag.py:2726} INFO - Sync 1 DAGs
[2026-03-12T03:11:16.491+0000] {logging_mixin.py:149} INFO - [2026-03-12T03:11:16.491+0000] {dag.py:3490} INFO - Setting next_dagrun for dag_postgres_single_api_test to None, run_after=None
[2026-03-12T03:11:16.498+0000] {processor.py:178} INFO - Processing /opt/airflow/dags/dag.py took 0.047 seconds
[2026-03-12T03:11:46.707+0000] {processor.py:156} INFO - Started process (PID=764) to work on /opt/airflow/dags/dag.py
[2026-03-12T03:11:46.708+0000] {processor.py:799} INFO - Processing file /opt/airflow/dags/dag.py for tasks to queue
[2026-03-12T03:11:46.709+0000] {logging_mixin.py:149} INFO - [2026-03-12T03:11:46.709+0000] {dagbag.py:541} INFO - Filling up the DagBag from /opt/airflow/dags/dag.py
[2026-03-12T03:11:46.717+0000] {processor.py:809} INFO - DAG(s) dict_keys(['dag_postgres_single_api_test']) retrieved from /opt/airflow/dags/dag.py
[2026-03-12T03:11:46.739+0000] {logging_mixin.py:149} INFO - [2026-03-12T03:11:46.739+0000] {dag.py:2726} INFO - Sync 1 DAGs
[2026-03-12T03:11:46.750+0000] {logging_mixin.py:149} INFO - [2026-03-12T03:11:46.750+0000] {dag.py:3490} INFO - Setting next_dagrun for dag_postgres_single_api_test to None, run_after=None
[2026-03-12T03:11:46.758+0000] {processor.py:178} INFO - Processing /opt/airflow/dags/dag.py took 0.055 seconds
[2026-03-12T03:12:16.967+0000] {processor.py:156} INFO - Started process (PID=772) to work on /opt/airflow/dags/dag.py
[2026-03-12T03:12:16.968+0000] {processor.py:799} INFO - Processing file /opt/airflow/dags/dag.py for tasks to queue
[2026-03-12T03:12:16.968+0000] {logging_mixin.py:149} INFO - [2026-03-12T03:12:16.968+0000] {dagbag.py:541} INFO - Filling up the DagBag from /opt/airflow/dags/dag.py
[2026-03-12T03:12:16.977+0000] {processor.py:809} INFO - DAG(s) dict_keys(['dag_postgres_single_api_test']) retrieved from /opt/airflow/dags/dag.py
[2026-03-12T03:12:16.998+0000] {logging_mixin.py:149} INFO - [2026-03-12T03:12:16.998+0000] {dag.py:2726} INFO - Sync 1 DAGs
[2026-03-12T03:12:17.010+0000] {logging_mixin.py:149} INFO - [2026-03-12T03:12:17.010+0000] {dag.py:3490} INFO - Setting next_dagrun for dag_postgres_single_api_test to None, run_after=None
[2026-03-12T03:12:17.017+0000] {processor.py:178} INFO - Processing /opt/airflow/dags/dag.py took 0.055 seconds
[2026-03-12T03:12:47.262+0000] {processor.py:156} INFO - Started process (PID=780) to work on /opt/airflow/dags/dag.py
[2026-03-12T03:12:47.263+0000] {processor.py:799} INFO - Processing file /opt/airflow/dags/dag.py for tasks to queue
[2026-03-12T03:12:47.263+0000] {logging_mixin.py:149} INFO - [2026-03-12T03:12:47.263+0000] {dagbag.py:541} INFO - Filling up the DagBag from /opt/airflow/dags/dag.py
[2026-03-12T03:12:47.271+0000] {processor.py:809} INFO - DAG(s) dict_keys(['dag_postgres_single_api_test']) retrieved from /opt/airflow/dags/dag.py
[2026-03-12T03:12:47.292+0000] {logging_mixin.py:149} INFO - [2026-03-12T03:12:47.292+0000] {dag.py:2726} INFO - Sync 1 DAGs
[2026-03-12T03:12:47.304+0000] {logging_mixin.py:149} INFO - [2026-03-12T03:12:47.304+0000] {dag.py:3490} INFO - Setting next_dagrun for dag_postgres_single_api_test to None, run_after=None
[2026-03-12T03:12:47.310+0000] {processor.py:178} INFO - Processing /opt/airflow/dags/dag.py took 0.052 seconds
[2026-03-12T03:13:17.598+0000] {processor.py:156} INFO - Started process (PID=788) to work on /opt/airflow/dags/dag.py
[2026-03-12T03:13:17.599+0000] {processor.py:799} INFO - Processing file /opt/airflow/dags/dag.py for tasks to queue
[2026-03-12T03:13:17.599+0000] {logging_mixin.py:149} INFO - [2026-03-12T03:13:17.599+0000] {dagbag.py:541} INFO - Filling up the DagBag from /opt/airflow/dags/dag.py
[2026-03-12T03:13:17.607+0000] {processor.py:809} INFO - DAG(s) dict_keys(['dag_postgres_single_api_test']) retrieved from /opt/airflow/dags/dag.py
[2026-03-12T03:13:17.628+0000] {logging_mixin.py:149} INFO - [2026-03-12T03:13:17.628+0000] {dag.py:2726} INFO - Sync 1 DAGs
[2026-03-12T03:13:17.639+0000] {logging_mixin.py:149} INFO - [2026-03-12T03:13:17.639+0000] {dag.py:3490} INFO - Setting next_dagrun for dag_postgres_single_api_test to None, run_after=None
[2026-03-12T03:13:17.646+0000] {processor.py:178} INFO - Processing /opt/airflow/dags/dag.py took 0.051 seconds
[2026-03-12T03:13:47.885+0000] {processor.py:156} INFO - Started process (PID=796) to work on /opt/airflow/dags/dag.py
[2026-03-12T03:13:47.886+0000] {processor.py:799} INFO - Processing file /opt/airflow/dags/dag.py for tasks to queue
[2026-03-12T03:13:47.887+0000] {logging_mixin.py:149} INFO - [2026-03-12T03:13:47.887+0000] {dagbag.py:541} INFO - Filling up the DagBag from /opt/airflow/dags/dag.py
[2026-03-12T03:13:47.895+0000] {processor.py:809} INFO - DAG(s) dict_keys(['dag_postgres_single_api_test']) retrieved from /opt/airflow/dags/dag.py
[2026-03-12T03:13:47.917+0000] {logging_mixin.py:149} INFO - [2026-03-12T03:13:47.917+0000] {dag.py:2726} INFO - Sync 1 DAGs
[2026-03-12T03:13:47.929+0000] {logging_mixin.py:149} INFO - [2026-03-12T03:13:47.929+0000] {dag.py:3490} INFO - Setting next_dagrun for dag_postgres_single_api_test to None, run_after=None
[2026-03-12T03:13:47.936+0000] {processor.py:178} INFO - Processing /opt/airflow/dags/dag.py took 0.055 seconds
[2026-03-12T03:14:18.172+0000] {processor.py:156} INFO - Started process (PID=804) to work on /opt/airflow/dags/dag.py
[2026-03-12T03:14:18.173+0000] {processor.py:799} INFO - Processing file /opt/airflow/dags/dag.py for tasks to queue
[2026-03-12T03:14:18.173+0000] {logging_mixin.py:149} INFO - [2026-03-12T03:14:18.173+0000] {dagbag.py:541} INFO - Filling up the DagBag from /opt/airflow/dags/dag.py
[2026-03-12T03:14:18.182+0000] {processor.py:809} INFO - DAG(s) dict_keys(['dag_postgres_single_api_test']) retrieved from /opt/airflow/dags/dag.py
[2026-03-12T03:14:18.201+0000] {logging_mixin.py:149} INFO - [2026-03-12T03:14:18.201+0000] {dag.py:2726} INFO - Sync 1 DAGs
[2026-03-12T03:14:18.212+0000] {logging_mixin.py:149} INFO - [2026-03-12T03:14:18.212+0000] {dag.py:3490} INFO - Setting next_dagrun for dag_postgres_single_api_test to None, run_after=None
[2026-03-12T03:14:18.219+0000] {processor.py:178} INFO - Processing /opt/airflow/dags/dag.py took 0.051 seconds
[2026-03-12T03:14:48.421+0000] {processor.py:156} INFO - Started process (PID=812) to work on /opt/airflow/dags/dag.py
[2026-03-12T03:14:48.422+0000] {processor.py:799} INFO - Processing file /opt/airflow/dags/dag.py for tasks to queue
[2026-03-12T03:14:48.422+0000] {logging_mixin.py:149} INFO - [2026-03-12T03:14:48.422+0000] {dagbag.py:541} INFO - Filling up the DagBag from /opt/airflow/dags/dag.py
[2026-03-12T03:14:48.426+0000] {processor.py:809} INFO - DAG(s) dict_keys(['dag_postgres_single_api_test']) retrieved from /opt/airflow/dags/dag.py
[2026-03-12T03:14:48.438+0000] {logging_mixin.py:149} INFO - [2026-03-12T03:14:48.438+0000] {dag.py:2726} INFO - Sync 1 DAGs
[2026-03-12T03:14:48.448+0000] {logging_mixin.py:149} INFO - [2026-03-12T03:14:48.448+0000] {dag.py:3490} INFO - Setting next_dagrun for dag_postgres_single_api_test to None, run_after=None
[2026-03-12T03:14:48.455+0000] {processor.py:178} INFO - Processing /opt/airflow/dags/dag.py took 0.035 seconds
[2026-03-12T03:15:18.744+0000] {processor.py:156} INFO - Started process (PID=820) to work on /opt/airflow/dags/dag.py
[2026-03-12T03:15:18.746+0000] {processor.py:799} INFO - Processing file /opt/airflow/dags/dag.py for tasks to queue
[2026-03-12T03:15:18.746+0000] {logging_mixin.py:149} INFO - [2026-03-12T03:15:18.746+0000] {dagbag.py:541} INFO - Filling up the DagBag from /opt/airflow/dags/dag.py
[2026-03-12T03:15:18.758+0000] {processor.py:809} INFO - DAG(s) dict_keys(['dag_postgres_single_api_test']) retrieved from /opt/airflow/dags/dag.py
[2026-03-12T03:15:18.783+0000] {logging_mixin.py:149} INFO - [2026-03-12T03:15:18.783+0000] {dag.py:2726} INFO - Sync 1 DAGs
[2026-03-12T03:15:18.796+0000] {logging_mixin.py:149} INFO - [2026-03-12T03:15:18.796+0000] {dag.py:3490} INFO - Setting next_dagrun for dag_postgres_single_api_test to None, run_after=None
[2026-03-12T03:15:18.803+0000] {processor.py:178} INFO - Processing /opt/airflow/dags/dag.py took 0.064 seconds
[2026-03-12T03:15:49.016+0000] {processor.py:156} INFO - Started process (PID=828) to work on /opt/airflow/dags/dag.py
[2026-03-12T03:15:49.017+0000] {processor.py:799} INFO - Processing file /opt/airflow/dags/dag.py for tasks to queue
[2026-03-12T03:15:49.017+0000] {logging_mixin.py:149} INFO - [2026-03-12T03:15:49.017+0000] {dagbag.py:541} INFO - Filling up the DagBag from /opt/airflow/dags/dag.py
[2026-03-12T03:15:49.025+0000] {processor.py:809} INFO - DAG(s) dict_keys(['dag_postgres_single_api_test']) retrieved from /opt/airflow/dags/dag.py
[2026-03-12T03:15:49.046+0000] {logging_mixin.py:149} INFO - [2026-03-12T03:15:49.046+0000] {dag.py:2726} INFO - Sync 1 DAGs
[2026-03-12T03:15:49.058+0000] {logging_mixin.py:149} INFO - [2026-03-12T03:15:49.058+0000] {dag.py:3490} INFO - Setting next_dagrun for dag_postgres_single_api_test to None, run_after=None
[2026-03-12T03:15:49.066+0000] {processor.py:178} INFO - Processing /opt/airflow/dags/dag.py took 0.054 seconds
[2026-03-12T03:16:19.267+0000] {processor.py:156} INFO - Started process (PID=836) to work on /opt/airflow/dags/dag.py
[2026-03-12T03:16:19.268+0000] {processor.py:799} INFO - Processing file /opt/airflow/dags/dag.py for tasks to queue
[2026-03-12T03:16:19.268+0000] {logging_mixin.py:149} INFO - [2026-03-12T03:16:19.268+0000] {dagbag.py:541} INFO - Filling up the DagBag from /opt/airflow/dags/dag.py
[2026-03-12T03:16:19.275+0000] {processor.py:809} INFO - DAG(s) dict_keys(['dag_postgres_single_api_test']) retrieved from /opt/airflow/dags/dag.py
[2026-03-12T03:16:19.296+0000] {logging_mixin.py:149} INFO - [2026-03-12T03:16:19.295+0000] {dag.py:2726} INFO - Sync 1 DAGs
[2026-03-12T03:16:19.310+0000] {logging_mixin.py:149} INFO - [2026-03-12T03:16:19.310+0000] {dag.py:3490} INFO - Setting next_dagrun for dag_postgres_single_api_test to None, run_after=None
[2026-03-12T03:16:19.320+0000] {processor.py:178} INFO - Processing /opt/airflow/dags/dag.py took 0.057 seconds
[2026-03-12T03:16:49.531+0000] {processor.py:156} INFO - Started process (PID=844) to work on /opt/airflow/dags/dag.py
[2026-03-12T03:16:49.532+0000] {processor.py:799} INFO - Processing file /opt/airflow/dags/dag.py for tasks to queue
[2026-03-12T03:16:49.533+0000] {logging_mixin.py:149} INFO - [2026-03-12T03:16:49.533+0000] {dagbag.py:541} INFO - Filling up the DagBag from /opt/airflow/dags/dag.py
[2026-03-12T03:16:49.538+0000] {processor.py:809} INFO - DAG(s) dict_keys(['dag_postgres_single_api_test']) retrieved from /opt/airflow/dags/dag.py
[2026-03-12T03:16:49.556+0000] {logging_mixin.py:149} INFO - [2026-03-12T03:16:49.556+0000] {dag.py:2726} INFO - Sync 1 DAGs
[2026-03-12T03:16:49.569+0000] {logging_mixin.py:149} INFO - [2026-03-12T03:16:49.569+0000] {dag.py:3490} INFO - Setting next_dagrun for dag_postgres_single_api_test to None, run_after=None
[2026-03-12T03:16:49.577+0000] {processor.py:178} INFO - Processing /opt/airflow/dags/dag.py took 0.048 seconds
[2026-03-12T03:17:19.801+0000] {processor.py:156} INFO - Started process (PID=852) to work on /opt/airflow/dags/dag.py
[2026-03-12T03:17:19.802+0000] {processor.py:799} INFO - Processing file /opt/airflow/dags/dag.py for tasks to queue
[2026-03-12T03:17:19.803+0000] {logging_mixin.py:149} INFO - [2026-03-12T03:17:19.803+0000] {dagbag.py:541} INFO - Filling up the DagBag from /opt/airflow/dags/dag.py
[2026-03-12T03:17:19.813+0000] {processor.py:809} INFO - DAG(s) dict_keys(['dag_postgres_single_api_test']) retrieved from /opt/airflow/dags/dag.py
[2026-03-12T03:17:19.836+0000] {logging_mixin.py:149} INFO - [2026-03-12T03:17:19.836+0000] {dag.py:2726} INFO - Sync 1 DAGs
[2026-03-12T03:17:19.848+0000] {logging_mixin.py:149} INFO - [2026-03-12T03:17:19.848+0000] {dag.py:3490} INFO - Setting next_dagrun for dag_postgres_single_api_test to None, run_after=None
[2026-03-12T03:17:19.856+0000] {processor.py:178} INFO - Processing /opt/airflow/dags/dag.py took 0.059 seconds
[2026-03-12T03:17:50.044+0000] {processor.py:156} INFO - Started process (PID=860) to work on /opt/airflow/dags/dag.py
[2026-03-12T03:17:50.045+0000] {processor.py:799} INFO - Processing file /opt/airflow/dags/dag.py for tasks to queue
[2026-03-12T03:17:50.046+0000] {logging_mixin.py:149} INFO - [2026-03-12T03:17:50.046+0000] {dagbag.py:541} INFO - Filling up the DagBag from /opt/airflow/dags/dag.py
[2026-03-12T03:17:50.052+0000] {processor.py:809} INFO - DAG(s) dict_keys(['dag_postgres_single_api_test']) retrieved from /opt/airflow/dags/dag.py
[2026-03-12T03:17:50.071+0000] {logging_mixin.py:149} INFO - [2026-03-12T03:17:50.070+0000] {dag.py:2726} INFO - Sync 1 DAGs
[2026-03-12T03:17:50.084+0000] {logging_mixin.py:149} INFO - [2026-03-12T03:17:50.084+0000] {dag.py:3490} INFO - Setting next_dagrun for dag_postgres_single_api_test to None, run_after=None
[2026-03-12T03:17:50.093+0000] {processor.py:178} INFO - Processing /opt/airflow/dags/dag.py took 0.053 seconds
[2026-03-12T03:18:20.266+0000] {processor.py:156} INFO - Started process (PID=868) to work on /opt/airflow/dags/dag.py
[2026-03-12T03:18:20.267+0000] {processor.py:799} INFO - Processing file /opt/airflow/dags/dag.py for tasks to queue
[2026-03-12T03:18:20.267+0000] {logging_mixin.py:149} INFO - [2026-03-12T03:18:20.267+0000] {dagbag.py:541} INFO - Filling up the DagBag from /opt/airflow/dags/dag.py
[2026-03-12T03:18:20.272+0000] {processor.py:809} INFO - DAG(s) dict_keys(['dag_postgres_single_api_test']) retrieved from /opt/airflow/dags/dag.py
[2026-03-12T03:18:20.287+0000] {logging_mixin.py:149} INFO - [2026-03-12T03:18:20.287+0000] {dag.py:2726} INFO - Sync 1 DAGs
[2026-03-12T03:18:20.299+0000] {logging_mixin.py:149} INFO - [2026-03-12T03:18:20.299+0000] {dag.py:3490} INFO - Setting next_dagrun for dag_postgres_single_api_test to None, run_after=None
[2026-03-12T03:18:20.306+0000] {processor.py:178} INFO - Processing /opt/airflow/dags/dag.py took 0.042 seconds
[2026-03-12T03:18:50.540+0000] {processor.py:156} INFO - Started process (PID=876) to work on /opt/airflow/dags/dag.py
[2026-03-12T03:18:50.540+0000] {processor.py:799} INFO - Processing file /opt/airflow/dags/dag.py for tasks to queue
[2026-03-12T03:18:50.541+0000] {logging_mixin.py:149} INFO - [2026-03-12T03:18:50.541+0000] {dagbag.py:541} INFO - Filling up the DagBag from /opt/airflow/dags/dag.py
[2026-03-12T03:18:50.548+0000] {processor.py:809} INFO - DAG(s) dict_keys(['dag_postgres_single_api_test']) retrieved from /opt/airflow/dags/dag.py
[2026-03-12T03:18:50.568+0000] {logging_mixin.py:149} INFO - [2026-03-12T03:18:50.568+0000] {dag.py:2726} INFO - Sync 1 DAGs
[2026-03-12T03:18:50.579+0000] {logging_mixin.py:149} INFO - [2026-03-12T03:18:50.579+0000] {dag.py:3490} INFO - Setting next_dagrun for dag_postgres_single_api_test to None, run_after=None
[2026-03-12T03:18:50.586+0000] {processor.py:178} INFO - Processing /opt/airflow/dags/dag.py took 0.049 seconds
[2026-03-12T03:19:20.831+0000] {processor.py:156} INFO - Started process (PID=884) to work on /opt/airflow/dags/dag.py
[2026-03-12T03:19:20.833+0000] {processor.py:799} INFO - Processing file /opt/airflow/dags/dag.py for tasks to queue
[2026-03-12T03:19:20.833+0000] {logging_mixin.py:149} INFO - [2026-03-12T03:19:20.833+0000] {dagbag.py:541} INFO - Filling up the DagBag from /opt/airflow/dags/dag.py
[2026-03-12T03:19:20.842+0000] {processor.py:809} INFO - DAG(s) dict_keys(['dag_postgres_single_api_test']) retrieved from /opt/airflow/dags/dag.py
[2026-03-12T03:19:20.865+0000] {logging_mixin.py:149} INFO - [2026-03-12T03:19:20.865+0000] {dag.py:2726} INFO - Sync 1 DAGs
[2026-03-12T03:19:20.877+0000] {logging_mixin.py:149} INFO - [2026-03-12T03:19:20.877+0000] {dag.py:3490} INFO - Setting next_dagrun for dag_postgres_single_api_test to None, run_after=None
[2026-03-12T03:19:20.885+0000] {processor.py:178} INFO - Processing /opt/airflow/dags/dag.py took 0.057 seconds
[2026-03-12T03:19:51.060+0000] {processor.py:156} INFO - Started process (PID=892) to work on /opt/airflow/dags/dag.py
[2026-03-12T03:19:51.061+0000] {processor.py:799} INFO - Processing file /opt/airflow/dags/dag.py for tasks to queue
[2026-03-12T03:19:51.062+0000] {logging_mixin.py:149} INFO - [2026-03-12T03:19:51.062+0000] {dagbag.py:541} INFO - Filling up the DagBag from /opt/airflow/dags/dag.py
[2026-03-12T03:19:51.072+0000] {processor.py:809} INFO - DAG(s) dict_keys(['dag_postgres_single_api_test']) retrieved from /opt/airflow/dags/dag.py
[2026-03-12T03:19:51.093+0000] {logging_mixin.py:149} INFO - [2026-03-12T03:19:51.093+0000] {dag.py:2726} INFO - Sync 1 DAGs
[2026-03-12T03:19:51.104+0000] {logging_mixin.py:149} INFO - [2026-03-12T03:19:51.104+0000] {dag.py:3490} INFO - Setting next_dagrun for dag_postgres_single_api_test to None, run_after=None
[2026-03-12T03:19:51.111+0000] {processor.py:178} INFO - Processing /opt/airflow/dags/dag.py took 0.056 seconds
[2026-03-12T03:20:21.336+0000] {processor.py:156} INFO - Started process (PID=900) to work on /opt/airflow/dags/dag.py
[2026-03-12T03:20:21.337+0000] {processor.py:799} INFO - Processing file /opt/airflow/dags/dag.py for tasks to queue
[2026-03-12T03:20:21.337+0000] {logging_mixin.py:149} INFO - [2026-03-12T03:20:21.337+0000] {dagbag.py:541} INFO - Filling up the DagBag from /opt/airflow/dags/dag.py
[2026-03-12T03:20:21.342+0000] {processor.py:809} INFO - DAG(s) dict_keys(['dag_postgres_single_api_test']) retrieved from /opt/airflow/dags/dag.py
[2026-03-12T03:20:21.355+0000] {logging_mixin.py:149} INFO - [2026-03-12T03:20:21.355+0000] {dag.py:2726} INFO - Sync 1 DAGs
[2026-03-12T03:20:21.364+0000] {logging_mixin.py:149} INFO - [2026-03-12T03:20:21.364+0000] {dag.py:3490} INFO - Setting next_dagrun for dag_postgres_single_api_test to None, run_after=None
[2026-03-12T03:20:21.371+0000] {processor.py:178} INFO - Processing /opt/airflow/dags/dag.py took 0.038 seconds
[2026-03-12T03:20:51.626+0000] {processor.py:156} INFO - Started process (PID=908) to work on /opt/airflow/dags/dag.py
[2026-03-12T03:20:51.627+0000] {processor.py:799} INFO - Processing file /opt/airflow/dags/dag.py for tasks to queue
[2026-03-12T03:20:51.627+0000] {logging_mixin.py:149} INFO - [2026-03-12T03:20:51.627+0000] {dagbag.py:541} INFO - Filling up the DagBag from /opt/airflow/dags/dag.py
[2026-03-12T03:20:51.633+0000] {processor.py:809} INFO - DAG(s) dict_keys(['dag_postgres_single_api_test']) retrieved from /opt/airflow/dags/dag.py
[2026-03-12T03:20:51.645+0000] {logging_mixin.py:149} INFO - [2026-03-12T03:20:51.645+0000] {dag.py:2726} INFO - Sync 1 DAGs
[2026-03-12T03:20:51.658+0000] {logging_mixin.py:149} INFO - [2026-03-12T03:20:51.658+0000] {dag.py:3490} INFO - Setting next_dagrun for dag_postgres_single_api_test to None, run_after=None
[2026-03-12T03:20:51.667+0000] {processor.py:178} INFO - Processing /opt/airflow/dags/dag.py took 0.044 seconds
[2026-03-12T03:21:21.906+0000] {processor.py:156} INFO - Started process (PID=916) to work on /opt/airflow/dags/dag.py
[2026-03-12T03:21:21.907+0000] {processor.py:799} INFO - Processing file /opt/airflow/dags/dag.py for tasks to queue
[2026-03-12T03:21:21.907+0000] {logging_mixin.py:149} INFO - [2026-03-12T03:21:21.907+0000] {dagbag.py:541} INFO - Filling up the DagBag from /opt/airflow/dags/dag.py
[2026-03-12T03:21:21.916+0000] {processor.py:809} INFO - DAG(s) dict_keys(['dag_postgres_single_api_test']) retrieved from /opt/airflow/dags/dag.py
[2026-03-12T03:21:21.938+0000] {logging_mixin.py:149} INFO - [2026-03-12T03:21:21.938+0000] {dag.py:2726} INFO - Sync 1 DAGs
[2026-03-12T03:21:21.950+0000] {logging_mixin.py:149} INFO - [2026-03-12T03:21:21.950+0000] {dag.py:3490} INFO - Setting next_dagrun for dag_postgres_single_api_test to None, run_after=None
[2026-03-12T03:21:21.957+0000] {processor.py:178} INFO - Processing /opt/airflow/dags/dag.py took 0.057 seconds
[2026-03-12T03:21:52.153+0000] {processor.py:156} INFO - Started process (PID=924) to work on /opt/airflow/dags/dag.py
[2026-03-12T03:21:52.154+0000] {processor.py:799} INFO - Processing file /opt/airflow/dags/dag.py for tasks to queue
[2026-03-12T03:21:52.154+0000] {logging_mixin.py:149} INFO - [2026-03-12T03:21:52.154+0000] {dagbag.py:541} INFO - Filling up the DagBag from /opt/airflow/dags/dag.py
[2026-03-12T03:21:52.160+0000] {processor.py:809} INFO - DAG(s) dict_keys(['dag_postgres_single_api_test']) retrieved from /opt/airflow/dags/dag.py
[2026-03-12T03:21:52.176+0000] {logging_mixin.py:149} INFO - [2026-03-12T03:21:52.176+0000] {dag.py:2726} INFO - Sync 1 DAGs
[2026-03-12T03:21:52.189+0000] {logging_mixin.py:149} INFO - [2026-03-12T03:21:52.189+0000] {dag.py:3490} INFO - Setting next_dagrun for dag_postgres_single_api_test to None, run_after=None
[2026-03-12T03:21:52.196+0000] {processor.py:178} INFO - Processing /opt/airflow/dags/dag.py took 0.047 seconds
[2026-03-12T03:22:22.388+0000] {processor.py:156} INFO - Started process (PID=932) to work on /opt/airflow/dags/dag.py
[2026-03-12T03:22:22.390+0000] {processor.py:799} INFO - Processing file /opt/airflow/dags/dag.py for tasks to queue
[2026-03-12T03:22:22.391+0000] {logging_mixin.py:149} INFO - [2026-03-12T03:22:22.391+0000] {dagbag.py:541} INFO - Filling up the DagBag from /opt/airflow/dags/dag.py
[2026-03-12T03:22:22.399+0000] {processor.py:809} INFO - DAG(s) dict_keys(['dag_postgres_single_api_test']) retrieved from /opt/airflow/dags/dag.py
[2026-03-12T03:22:22.418+0000] {logging_mixin.py:149} INFO - [2026-03-12T03:22:22.418+0000] {dag.py:2726} INFO - Sync 1 DAGs
[2026-03-12T03:22:22.431+0000] {logging_mixin.py:149} INFO - [2026-03-12T03:22:22.431+0000] {dag.py:3490} INFO - Setting next_dagrun for dag_postgres_single_api_test to None, run_after=None
[2026-03-12T03:22:22.441+0000] {processor.py:178} INFO - Processing /opt/airflow/dags/dag.py took 0.057 seconds
[2026-03-12T03:24:01.288+0000] {processor.py:156} INFO - Started process (PID=31) to work on /opt/airflow/dags/dag.py
[2026-03-12T03:24:01.291+0000] {processor.py:799} INFO - Processing file /opt/airflow/dags/dag.py for tasks to queue
[2026-03-12T03:24:01.294+0000] {logging_mixin.py:149} INFO - [2026-03-12T03:24:01.294+0000] {dagbag.py:541} INFO - Filling up the DagBag from /opt/airflow/dags/dag.py
[2026-03-12T03:24:01.302+0000] {processor.py:809} INFO - DAG(s) dict_keys(['dag_postgres_10_batches_from_api_group_4']) retrieved from /opt/airflow/dags/dag.py
[2026-03-12T03:24:01.363+0000] {logging_mixin.py:149} INFO - [2026-03-12T03:24:01.363+0000] {dag.py:2726} INFO - Sync 1 DAGs
[2026-03-12T03:24:01.375+0000] {logging_mixin.py:149} INFO - [2026-03-12T03:24:01.375+0000] {dag.py:3490} INFO - Setting next_dagrun for dag_postgres_10_batches_from_api_group_4 to None, run_after=None
[2026-03-12T03:24:01.389+0000] {processor.py:178} INFO - Processing /opt/airflow/dags/dag.py took 0.106 seconds
[2026-03-12T03:24:31.484+0000] {processor.py:156} INFO - Started process (PID=38) to work on /opt/airflow/dags/dag.py
[2026-03-12T03:24:31.485+0000] {processor.py:799} INFO - Processing file /opt/airflow/dags/dag.py for tasks to queue
[2026-03-12T03:24:31.485+0000] {logging_mixin.py:149} INFO - [2026-03-12T03:24:31.485+0000] {dagbag.py:541} INFO - Filling up the DagBag from /opt/airflow/dags/dag.py
[2026-03-12T03:24:31.489+0000] {processor.py:809} INFO - DAG(s) dict_keys(['dag_postgres_10_batches_from_api_group_4']) retrieved from /opt/airflow/dags/dag.py
[2026-03-12T03:24:31.502+0000] {logging_mixin.py:149} INFO - [2026-03-12T03:24:31.501+0000] {dag.py:2726} INFO - Sync 1 DAGs
[2026-03-12T03:24:31.512+0000] {logging_mixin.py:149} INFO - [2026-03-12T03:24:31.511+0000] {dag.py:3490} INFO - Setting next_dagrun for dag_postgres_10_batches_from_api_group_4 to None, run_after=None
[2026-03-12T03:24:31.519+0000] {processor.py:178} INFO - Processing /opt/airflow/dags/dag.py took 0.036 seconds
[2026-03-12T03:25:01.719+0000] {processor.py:156} INFO - Started process (PID=46) to work on /opt/airflow/dags/dag.py
[2026-03-12T03:25:01.719+0000] {processor.py:799} INFO - Processing file /opt/airflow/dags/dag.py for tasks to queue
[2026-03-12T03:25:01.720+0000] {logging_mixin.py:149} INFO - [2026-03-12T03:25:01.720+0000] {dagbag.py:541} INFO - Filling up the DagBag from /opt/airflow/dags/dag.py
[2026-03-12T03:25:01.725+0000] {processor.py:809} INFO - DAG(s) dict_keys(['dag_postgres_10_batches_from_api_group_4']) retrieved from /opt/airflow/dags/dag.py
[2026-03-12T03:25:01.740+0000] {logging_mixin.py:149} INFO - [2026-03-12T03:25:01.740+0000] {dag.py:2726} INFO - Sync 1 DAGs
[2026-03-12T03:25:01.751+0000] {logging_mixin.py:149} INFO - [2026-03-12T03:25:01.751+0000] {dag.py:3490} INFO - Setting next_dagrun for dag_postgres_10_batches_from_api_group_4 to None, run_after=None
[2026-03-12T03:25:01.757+0000] {processor.py:178} INFO - Processing /opt/airflow/dags/dag.py took 0.041 seconds
[2026-03-12T03:25:31.972+0000] {processor.py:156} INFO - Started process (PID=54) to work on /opt/airflow/dags/dag.py
[2026-03-12T03:25:31.973+0000] {processor.py:799} INFO - Processing file /opt/airflow/dags/dag.py for tasks to queue
[2026-03-12T03:25:31.974+0000] {logging_mixin.py:149} INFO - [2026-03-12T03:25:31.974+0000] {dagbag.py:541} INFO - Filling up the DagBag from /opt/airflow/dags/dag.py
[2026-03-12T03:25:31.982+0000] {processor.py:809} INFO - DAG(s) dict_keys(['dag_postgres_10_batches_from_api_group_4']) retrieved from /opt/airflow/dags/dag.py
[2026-03-12T03:25:31.998+0000] {logging_mixin.py:149} INFO - [2026-03-12T03:25:31.998+0000] {dag.py:2726} INFO - Sync 1 DAGs
[2026-03-12T03:25:32.010+0000] {logging_mixin.py:149} INFO - [2026-03-12T03:25:32.010+0000] {dag.py:3490} INFO - Setting next_dagrun for dag_postgres_10_batches_from_api_group_4 to None, run_after=None
[2026-03-12T03:25:32.017+0000] {processor.py:178} INFO - Processing /opt/airflow/dags/dag.py took 0.048 seconds
[2026-03-12T03:26:02.260+0000] {processor.py:156} INFO - Started process (PID=62) to work on /opt/airflow/dags/dag.py
[2026-03-12T03:26:02.261+0000] {processor.py:799} INFO - Processing file /opt/airflow/dags/dag.py for tasks to queue
[2026-03-12T03:26:02.262+0000] {logging_mixin.py:149} INFO - [2026-03-12T03:26:02.262+0000] {dagbag.py:541} INFO - Filling up the DagBag from /opt/airflow/dags/dag.py
[2026-03-12T03:26:02.270+0000] {processor.py:809} INFO - DAG(s) dict_keys(['dag_postgres_10_batches_from_api_group_4']) retrieved from /opt/airflow/dags/dag.py
[2026-03-12T03:26:02.288+0000] {logging_mixin.py:149} INFO - [2026-03-12T03:26:02.288+0000] {dag.py:2726} INFO - Sync 1 DAGs
[2026-03-12T03:26:02.300+0000] {logging_mixin.py:149} INFO - [2026-03-12T03:26:02.300+0000] {dag.py:3490} INFO - Setting next_dagrun for dag_postgres_10_batches_from_api_group_4 to None, run_after=None
[2026-03-12T03:26:02.306+0000] {processor.py:178} INFO - Processing /opt/airflow/dags/dag.py took 0.050 seconds
[2026-03-12T03:26:32.543+0000] {processor.py:156} INFO - Started process (PID=70) to work on /opt/airflow/dags/dag.py
[2026-03-12T03:26:32.544+0000] {processor.py:799} INFO - Processing file /opt/airflow/dags/dag.py for tasks to queue
[2026-03-12T03:26:32.545+0000] {logging_mixin.py:149} INFO - [2026-03-12T03:26:32.545+0000] {dagbag.py:541} INFO - Filling up the DagBag from /opt/airflow/dags/dag.py
[2026-03-12T03:26:32.553+0000] {processor.py:809} INFO - DAG(s) dict_keys(['dag_postgres_10_batches_from_api_group_4']) retrieved from /opt/airflow/dags/dag.py
[2026-03-12T03:26:32.576+0000] {logging_mixin.py:149} INFO - [2026-03-12T03:26:32.576+0000] {dag.py:2726} INFO - Sync 1 DAGs
[2026-03-12T03:26:32.588+0000] {logging_mixin.py:149} INFO - [2026-03-12T03:26:32.588+0000] {dag.py:3490} INFO - Setting next_dagrun for dag_postgres_10_batches_from_api_group_4 to None, run_after=None
[2026-03-12T03:26:32.595+0000] {processor.py:178} INFO - Processing /opt/airflow/dags/dag.py took 0.056 seconds
[2026-03-12T03:27:02.830+0000] {processor.py:156} INFO - Started process (PID=78) to work on /opt/airflow/dags/dag.py
[2026-03-12T03:27:02.830+0000] {processor.py:799} INFO - Processing file /opt/airflow/dags/dag.py for tasks to queue
[2026-03-12T03:27:02.831+0000] {logging_mixin.py:149} INFO - [2026-03-12T03:27:02.831+0000] {dagbag.py:541} INFO - Filling up the DagBag from /opt/airflow/dags/dag.py
[2026-03-12T03:27:02.836+0000] {processor.py:809} INFO - DAG(s) dict_keys(['dag_postgres_10_batches_from_api_group_4']) retrieved from /opt/airflow/dags/dag.py
[2026-03-12T03:27:02.848+0000] {logging_mixin.py:149} INFO - [2026-03-12T03:27:02.848+0000] {dag.py:2726} INFO - Sync 1 DAGs
[2026-03-12T03:27:02.860+0000] {logging_mixin.py:149} INFO - [2026-03-12T03:27:02.859+0000] {dag.py:3490} INFO - Setting next_dagrun for dag_postgres_10_batches_from_api_group_4 to None, run_after=None
[2026-03-12T03:27:02.935+0000] {processor.py:178} INFO - Processing /opt/airflow/dags/dag.py took 0.108 seconds
[2026-03-12T03:27:33.071+0000] {processor.py:156} INFO - Started process (PID=86) to work on /opt/airflow/dags/dag.py
[2026-03-12T03:27:33.071+0000] {processor.py:799} INFO - Processing file /opt/airflow/dags/dag.py for tasks to queue
[2026-03-12T03:27:33.071+0000] {logging_mixin.py:149} INFO - [2026-03-12T03:27:33.071+0000] {dagbag.py:541} INFO - Filling up the DagBag from /opt/airflow/dags/dag.py
[2026-03-12T03:27:33.075+0000] {processor.py:809} INFO - DAG(s) dict_keys(['dag_postgres_10_batches_from_api_group_4']) retrieved from /opt/airflow/dags/dag.py
[2026-03-12T03:27:33.090+0000] {logging_mixin.py:149} INFO - [2026-03-12T03:27:33.090+0000] {dag.py:2726} INFO - Sync 1 DAGs
[2026-03-12T03:27:33.154+0000] {logging_mixin.py:149} INFO - [2026-03-12T03:27:33.154+0000] {dag.py:3490} INFO - Setting next_dagrun for dag_postgres_10_batches_from_api_group_4 to None, run_after=None
[2026-03-12T03:27:33.160+0000] {processor.py:178} INFO - Processing /opt/airflow/dags/dag.py took 0.092 seconds
[2026-03-12T03:28:03.364+0000] {processor.py:156} INFO - Started process (PID=94) to work on /opt/airflow/dags/dag.py
[2026-03-12T03:28:03.365+0000] {processor.py:799} INFO - Processing file /opt/airflow/dags/dag.py for tasks to queue
[2026-03-12T03:28:03.366+0000] {logging_mixin.py:149} INFO - [2026-03-12T03:28:03.366+0000] {dagbag.py:541} INFO - Filling up the DagBag from /opt/airflow/dags/dag.py
[2026-03-12T03:28:03.376+0000] {processor.py:809} INFO - DAG(s) dict_keys(['dag_postgres_10_batches_from_api_group_4']) retrieved from /opt/airflow/dags/dag.py
[2026-03-12T03:28:03.459+0000] {logging_mixin.py:149} INFO - [2026-03-12T03:28:03.459+0000] {dag.py:2726} INFO - Sync 1 DAGs
[2026-03-12T03:28:03.468+0000] {logging_mixin.py:149} INFO - [2026-03-12T03:28:03.468+0000] {dag.py:3490} INFO - Setting next_dagrun for dag_postgres_10_batches_from_api_group_4 to None, run_after=None
[2026-03-12T03:28:03.473+0000] {processor.py:178} INFO - Processing /opt/airflow/dags/dag.py took 0.113 seconds
[2026-03-12T03:28:33.637+0000] {processor.py:156} INFO - Started process (PID=102) to work on /opt/airflow/dags/dag.py
[2026-03-12T03:28:33.638+0000] {processor.py:799} INFO - Processing file /opt/airflow/dags/dag.py for tasks to queue
[2026-03-12T03:28:33.639+0000] {logging_mixin.py:149} INFO - [2026-03-12T03:28:33.639+0000] {dagbag.py:541} INFO - Filling up the DagBag from /opt/airflow/dags/dag.py
[2026-03-12T03:28:33.717+0000] {processor.py:809} INFO - DAG(s) dict_keys(['dag_postgres_10_batches_from_api_group_4']) retrieved from /opt/airflow/dags/dag.py
[2026-03-12T03:28:33.727+0000] {logging_mixin.py:149} INFO - [2026-03-12T03:28:33.727+0000] {dag.py:2726} INFO - Sync 1 DAGs
[2026-03-12T03:28:33.736+0000] {logging_mixin.py:149} INFO - [2026-03-12T03:28:33.736+0000] {dag.py:3490} INFO - Setting next_dagrun for dag_postgres_10_batches_from_api_group_4 to None, run_after=None
[2026-03-12T03:28:33.741+0000] {processor.py:178} INFO - Processing /opt/airflow/dags/dag.py took 0.109 seconds
[2026-03-12T03:29:03.916+0000] {processor.py:156} INFO - Started process (PID=110) to work on /opt/airflow/dags/dag.py
[2026-03-12T03:29:03.916+0000] {processor.py:799} INFO - Processing file /opt/airflow/dags/dag.py for tasks to queue
[2026-03-12T03:29:03.917+0000] {logging_mixin.py:149} INFO - [2026-03-12T03:29:03.917+0000] {dagbag.py:541} INFO - Filling up the DagBag from /opt/airflow/dags/dag.py
[2026-03-12T03:29:03.924+0000] {processor.py:809} INFO - DAG(s) dict_keys(['dag_postgres_10_batches_from_api_group_4']) retrieved from /opt/airflow/dags/dag.py
[2026-03-12T03:29:03.941+0000] {logging_mixin.py:149} INFO - [2026-03-12T03:29:03.941+0000] {dag.py:2726} INFO - Sync 1 DAGs
[2026-03-12T03:29:03.952+0000] {logging_mixin.py:149} INFO - [2026-03-12T03:29:03.952+0000] {dag.py:3490} INFO - Setting next_dagrun for dag_postgres_10_batches_from_api_group_4 to None, run_after=None
[2026-03-12T03:29:03.959+0000] {processor.py:178} INFO - Processing /opt/airflow/dags/dag.py took 0.046 seconds
[2026-03-12T03:29:34.167+0000] {processor.py:156} INFO - Started process (PID=118) to work on /opt/airflow/dags/dag.py
[2026-03-12T03:29:34.170+0000] {processor.py:799} INFO - Processing file /opt/airflow/dags/dag.py for tasks to queue
[2026-03-12T03:29:34.171+0000] {logging_mixin.py:149} INFO - [2026-03-12T03:29:34.170+0000] {dagbag.py:541} INFO - Filling up the DagBag from /opt/airflow/dags/dag.py
[2026-03-12T03:29:34.179+0000] {processor.py:809} INFO - DAG(s) dict_keys(['dag_postgres_10_batches_from_api_group_4']) retrieved from /opt/airflow/dags/dag.py
[2026-03-12T03:29:34.199+0000] {logging_mixin.py:149} INFO - [2026-03-12T03:29:34.199+0000] {dag.py:2726} INFO - Sync 1 DAGs
[2026-03-12T03:29:34.211+0000] {logging_mixin.py:149} INFO - [2026-03-12T03:29:34.211+0000] {dag.py:3490} INFO - Setting next_dagrun for dag_postgres_10_batches_from_api_group_4 to None, run_after=None
[2026-03-12T03:29:34.218+0000] {processor.py:178} INFO - Processing /opt/airflow/dags/dag.py took 0.055 seconds
[2026-03-12T03:30:04.424+0000] {processor.py:156} INFO - Started process (PID=127) to work on /opt/airflow/dags/dag.py
[2026-03-12T03:30:04.425+0000] {processor.py:799} INFO - Processing file /opt/airflow/dags/dag.py for tasks to queue
[2026-03-12T03:30:04.425+0000] {logging_mixin.py:149} INFO - [2026-03-12T03:30:04.425+0000] {dagbag.py:541} INFO - Filling up the DagBag from /opt/airflow/dags/dag.py
[2026-03-12T03:30:04.431+0000] {processor.py:809} INFO - DAG(s) dict_keys(['dag_postgres_10_batches_from_api_group_4']) retrieved from /opt/airflow/dags/dag.py
[2026-03-12T03:30:04.449+0000] {logging_mixin.py:149} INFO - [2026-03-12T03:30:04.448+0000] {dag.py:2726} INFO - Sync 1 DAGs
[2026-03-12T03:30:04.460+0000] {logging_mixin.py:149} INFO - [2026-03-12T03:30:04.460+0000] {dag.py:3490} INFO - Setting next_dagrun for dag_postgres_10_batches_from_api_group_4 to None, run_after=None
[2026-03-12T03:30:04.467+0000] {processor.py:178} INFO - Processing /opt/airflow/dags/dag.py took 0.045 seconds
[2026-03-12T03:30:34.698+0000] {processor.py:156} INFO - Started process (PID=142) to work on /opt/airflow/dags/dag.py
[2026-03-12T03:30:34.699+0000] {processor.py:799} INFO - Processing file /opt/airflow/dags/dag.py for tasks to queue
[2026-03-12T03:30:34.700+0000] {logging_mixin.py:149} INFO - [2026-03-12T03:30:34.700+0000] {dagbag.py:541} INFO - Filling up the DagBag from /opt/airflow/dags/dag.py
[2026-03-12T03:30:34.708+0000] {processor.py:809} INFO - DAG(s) dict_keys(['dag_postgres_10_batches_from_api_group_4']) retrieved from /opt/airflow/dags/dag.py
[2026-03-12T03:30:34.729+0000] {logging_mixin.py:149} INFO - [2026-03-12T03:30:34.729+0000] {dag.py:2726} INFO - Sync 1 DAGs
[2026-03-12T03:30:34.741+0000] {logging_mixin.py:149} INFO - [2026-03-12T03:30:34.741+0000] {dag.py:3490} INFO - Setting next_dagrun for dag_postgres_10_batches_from_api_group_4 to None, run_after=None
[2026-03-12T03:30:34.748+0000] {processor.py:178} INFO - Processing /opt/airflow/dags/dag.py took 0.055 seconds
[2026-03-12T03:31:04.984+0000] {processor.py:156} INFO - Started process (PID=150) to work on /opt/airflow/dags/dag.py
[2026-03-12T03:31:04.985+0000] {processor.py:799} INFO - Processing file /opt/airflow/dags/dag.py for tasks to queue
[2026-03-12T03:31:04.985+0000] {logging_mixin.py:149} INFO - [2026-03-12T03:31:04.985+0000] {dagbag.py:541} INFO - Filling up the DagBag from /opt/airflow/dags/dag.py
[2026-03-12T03:31:04.992+0000] {processor.py:809} INFO - DAG(s) dict_keys(['dag_postgres_10_batches_from_api_group_4']) retrieved from /opt/airflow/dags/dag.py
[2026-03-12T03:31:05.010+0000] {logging_mixin.py:149} INFO - [2026-03-12T03:31:05.009+0000] {dag.py:2726} INFO - Sync 1 DAGs
[2026-03-12T03:31:05.023+0000] {logging_mixin.py:149} INFO - [2026-03-12T03:31:05.023+0000] {dag.py:3490} INFO - Setting next_dagrun for dag_postgres_10_batches_from_api_group_4 to None, run_after=None
[2026-03-12T03:31:05.033+0000] {processor.py:178} INFO - Processing /opt/airflow/dags/dag.py took 0.051 seconds
[2026-03-12T03:31:35.240+0000] {processor.py:156} INFO - Started process (PID=159) to work on /opt/airflow/dags/dag.py
[2026-03-12T03:31:35.241+0000] {processor.py:799} INFO - Processing file /opt/airflow/dags/dag.py for tasks to queue
[2026-03-12T03:31:35.241+0000] {logging_mixin.py:149} INFO - [2026-03-12T03:31:35.241+0000] {dagbag.py:541} INFO - Filling up the DagBag from /opt/airflow/dags/dag.py
[2026-03-12T03:31:35.246+0000] {processor.py:809} INFO - DAG(s) dict_keys(['dag_postgres_10_batches_from_api_group_4']) retrieved from /opt/airflow/dags/dag.py
[2026-03-12T03:31:35.260+0000] {logging_mixin.py:149} INFO - [2026-03-12T03:31:35.260+0000] {dag.py:2726} INFO - Sync 1 DAGs
[2026-03-12T03:31:35.272+0000] {logging_mixin.py:149} INFO - [2026-03-12T03:31:35.272+0000] {dag.py:3490} INFO - Setting next_dagrun for dag_postgres_10_batches_from_api_group_4 to None, run_after=None
[2026-03-12T03:31:35.280+0000] {processor.py:178} INFO - Processing /opt/airflow/dags/dag.py took 0.043 seconds
[2026-03-12T03:33:22.969+0000] {processor.py:156} INFO - Started process (PID=31) to work on /opt/airflow/dags/dag.py
[2026-03-12T03:33:22.972+0000] {processor.py:799} INFO - Processing file /opt/airflow/dags/dag.py for tasks to queue
[2026-03-12T03:33:22.972+0000] {logging_mixin.py:149} INFO - [2026-03-12T03:33:22.972+0000] {dagbag.py:541} INFO - Filling up the DagBag from /opt/airflow/dags/dag.py
[2026-03-12T03:33:22.976+0000] {processor.py:809} INFO - DAG(s) dict_keys(['dag_postgres_single_api_test']) retrieved from /opt/airflow/dags/dag.py
[2026-03-12T03:33:23.012+0000] {logging_mixin.py:149} INFO - [2026-03-12T03:33:23.012+0000] {dag.py:2726} INFO - Sync 1 DAGs
[2026-03-12T03:33:23.022+0000] {logging_mixin.py:149} INFO - [2026-03-12T03:33:23.022+0000] {dag.py:3490} INFO - Setting next_dagrun for dag_postgres_single_api_test to None, run_after=None
[2026-03-12T03:33:23.033+0000] {processor.py:178} INFO - Processing /opt/airflow/dags/dag.py took 0.065 seconds
[2026-03-12T03:33:53.163+0000] {processor.py:156} INFO - Started process (PID=39) to work on /opt/airflow/dags/dag.py
[2026-03-12T03:33:53.164+0000] {processor.py:799} INFO - Processing file /opt/airflow/dags/dag.py for tasks to queue
[2026-03-12T03:33:53.164+0000] {logging_mixin.py:149} INFO - [2026-03-12T03:33:53.164+0000] {dagbag.py:541} INFO - Filling up the DagBag from /opt/airflow/dags/dag.py
[2026-03-12T03:33:53.168+0000] {processor.py:809} INFO - DAG(s) dict_keys(['dag_postgres_single_api_test']) retrieved from /opt/airflow/dags/dag.py
[2026-03-12T03:33:53.180+0000] {logging_mixin.py:149} INFO - [2026-03-12T03:33:53.180+0000] {dag.py:2726} INFO - Sync 1 DAGs
[2026-03-12T03:33:53.191+0000] {logging_mixin.py:149} INFO - [2026-03-12T03:33:53.191+0000] {dag.py:3490} INFO - Setting next_dagrun for dag_postgres_single_api_test to None, run_after=None
[2026-03-12T03:33:53.197+0000] {processor.py:178} INFO - Processing /opt/airflow/dags/dag.py took 0.035 seconds
[2026-03-12T03:34:23.426+0000] {processor.py:156} INFO - Started process (PID=47) to work on /opt/airflow/dags/dag.py
[2026-03-12T03:34:23.427+0000] {processor.py:799} INFO - Processing file /opt/airflow/dags/dag.py for tasks to queue
[2026-03-12T03:34:23.427+0000] {logging_mixin.py:149} INFO - [2026-03-12T03:34:23.427+0000] {dagbag.py:541} INFO - Filling up the DagBag from /opt/airflow/dags/dag.py
[2026-03-12T03:34:23.432+0000] {processor.py:809} INFO - DAG(s) dict_keys(['dag_postgres_single_api_test']) retrieved from /opt/airflow/dags/dag.py
[2026-03-12T03:34:23.445+0000] {logging_mixin.py:149} INFO - [2026-03-12T03:34:23.445+0000] {dag.py:2726} INFO - Sync 1 DAGs
[2026-03-12T03:34:23.456+0000] {logging_mixin.py:149} INFO - [2026-03-12T03:34:23.456+0000] {dag.py:3490} INFO - Setting next_dagrun for dag_postgres_single_api_test to None, run_after=None
[2026-03-12T03:34:23.462+0000] {processor.py:178} INFO - Processing /opt/airflow/dags/dag.py took 0.038 seconds
[2026-03-12T03:34:53.678+0000] {processor.py:156} INFO - Started process (PID=55) to work on /opt/airflow/dags/dag.py
[2026-03-12T03:34:53.679+0000] {processor.py:799} INFO - Processing file /opt/airflow/dags/dag.py for tasks to queue
[2026-03-12T03:34:53.679+0000] {logging_mixin.py:149} INFO - [2026-03-12T03:34:53.679+0000] {dagbag.py:541} INFO - Filling up the DagBag from /opt/airflow/dags/dag.py
[2026-03-12T03:34:53.687+0000] {processor.py:809} INFO - DAG(s) dict_keys(['dag_postgres_single_api_test']) retrieved from /opt/airflow/dags/dag.py
[2026-03-12T03:34:53.708+0000] {logging_mixin.py:149} INFO - [2026-03-12T03:34:53.708+0000] {dag.py:2726} INFO - Sync 1 DAGs
[2026-03-12T03:34:53.722+0000] {logging_mixin.py:149} INFO - [2026-03-12T03:34:53.722+0000] {dag.py:3490} INFO - Setting next_dagrun for dag_postgres_single_api_test to None, run_after=None
[2026-03-12T03:34:53.729+0000] {processor.py:178} INFO - Processing /opt/airflow/dags/dag.py took 0.055 seconds
[2026-03-12T03:35:23.928+0000] {processor.py:156} INFO - Started process (PID=63) to work on /opt/airflow/dags/dag.py
[2026-03-12T03:35:23.929+0000] {processor.py:799} INFO - Processing file /opt/airflow/dags/dag.py for tasks to queue
[2026-03-12T03:35:23.930+0000] {logging_mixin.py:149} INFO - [2026-03-12T03:35:23.930+0000] {dagbag.py:541} INFO - Filling up the DagBag from /opt/airflow/dags/dag.py
[2026-03-12T03:35:23.936+0000] {processor.py:809} INFO - DAG(s) dict_keys(['dag_postgres_single_api_test']) retrieved from /opt/airflow/dags/dag.py
[2026-03-12T03:35:23.956+0000] {logging_mixin.py:149} INFO - [2026-03-12T03:35:23.956+0000] {dag.py:2726} INFO - Sync 1 DAGs
[2026-03-12T03:35:23.969+0000] {logging_mixin.py:149} INFO - [2026-03-12T03:35:23.969+0000] {dag.py:3490} INFO - Setting next_dagrun for dag_postgres_single_api_test to None, run_after=None
[2026-03-12T03:35:23.977+0000] {processor.py:178} INFO - Processing /opt/airflow/dags/dag.py took 0.051 seconds
[2026-03-12T03:35:54.223+0000] {processor.py:156} INFO - Started process (PID=71) to work on /opt/airflow/dags/dag.py
[2026-03-12T03:35:54.224+0000] {processor.py:799} INFO - Processing file /opt/airflow/dags/dag.py for tasks to queue
[2026-03-12T03:35:54.225+0000] {logging_mixin.py:149} INFO - [2026-03-12T03:35:54.225+0000] {dagbag.py:541} INFO - Filling up the DagBag from /opt/airflow/dags/dag.py
[2026-03-12T03:35:54.233+0000] {processor.py:809} INFO - DAG(s) dict_keys(['dag_postgres_single_api_test']) retrieved from /opt/airflow/dags/dag.py
[2026-03-12T03:35:54.254+0000] {logging_mixin.py:149} INFO - [2026-03-12T03:35:54.254+0000] {dag.py:2726} INFO - Sync 1 DAGs
[2026-03-12T03:35:54.265+0000] {logging_mixin.py:149} INFO - [2026-03-12T03:35:54.265+0000] {dag.py:3490} INFO - Setting next_dagrun for dag_postgres_single_api_test to None, run_after=None
[2026-03-12T03:35:54.273+0000] {processor.py:178} INFO - Processing /opt/airflow/dags/dag.py took 0.054 seconds
[2026-03-12T03:36:24.484+0000] {processor.py:156} INFO - Started process (PID=78) to work on /opt/airflow/dags/dag.py
[2026-03-12T03:36:24.484+0000] {processor.py:799} INFO - Processing file /opt/airflow/dags/dag.py for tasks to queue
[2026-03-12T03:36:24.484+0000] {logging_mixin.py:149} INFO - [2026-03-12T03:36:24.484+0000] {dagbag.py:541} INFO - Filling up the DagBag from /opt/airflow/dags/dag.py
[2026-03-12T03:36:24.490+0000] {processor.py:809} INFO - DAG(s) dict_keys(['dag_postgres_single_api_test']) retrieved from /opt/airflow/dags/dag.py
[2026-03-12T03:36:24.504+0000] {logging_mixin.py:149} INFO - [2026-03-12T03:36:24.504+0000] {dag.py:2726} INFO - Sync 1 DAGs
[2026-03-12T03:36:24.515+0000] {logging_mixin.py:149} INFO - [2026-03-12T03:36:24.515+0000] {dag.py:3490} INFO - Setting next_dagrun for dag_postgres_single_api_test to None, run_after=None
[2026-03-12T03:36:24.588+0000] {processor.py:178} INFO - Processing /opt/airflow/dags/dag.py took 0.106 seconds
[2026-03-12T03:36:54.764+0000] {processor.py:156} INFO - Started process (PID=86) to work on /opt/airflow/dags/dag.py
[2026-03-12T03:36:54.765+0000] {processor.py:799} INFO - Processing file /opt/airflow/dags/dag.py for tasks to queue
[2026-03-12T03:36:54.765+0000] {logging_mixin.py:149} INFO - [2026-03-12T03:36:54.765+0000] {dagbag.py:541} INFO - Filling up the DagBag from /opt/airflow/dags/dag.py
[2026-03-12T03:36:54.771+0000] {processor.py:809} INFO - DAG(s) dict_keys(['dag_postgres_single_api_test']) retrieved from /opt/airflow/dags/dag.py
[2026-03-12T03:36:54.785+0000] {logging_mixin.py:149} INFO - [2026-03-12T03:36:54.785+0000] {dag.py:2726} INFO - Sync 1 DAGs
[2026-03-12T03:36:54.860+0000] {logging_mixin.py:149} INFO - [2026-03-12T03:36:54.860+0000] {dag.py:3490} INFO - Setting next_dagrun for dag_postgres_single_api_test to None, run_after=None
[2026-03-12T03:36:54.869+0000] {processor.py:178} INFO - Processing /opt/airflow/dags/dag.py took 0.107 seconds
[2026-03-12T03:37:25.042+0000] {processor.py:156} INFO - Started process (PID=93) to work on /opt/airflow/dags/dag.py
[2026-03-12T03:37:25.043+0000] {processor.py:799} INFO - Processing file /opt/airflow/dags/dag.py for tasks to queue
[2026-03-12T03:37:25.044+0000] {logging_mixin.py:149} INFO - [2026-03-12T03:37:25.044+0000] {dagbag.py:541} INFO - Filling up the DagBag from /opt/airflow/dags/dag.py
[2026-03-12T03:37:25.051+0000] {processor.py:809} INFO - DAG(s) dict_keys(['dag_postgres_single_api_test']) retrieved from /opt/airflow/dags/dag.py
[2026-03-12T03:37:25.071+0000] {logging_mixin.py:149} INFO - [2026-03-12T03:37:25.071+0000] {dag.py:2726} INFO - Sync 1 DAGs
[2026-03-12T03:37:25.143+0000] {logging_mixin.py:149} INFO - [2026-03-12T03:37:25.143+0000] {dag.py:3490} INFO - Setting next_dagrun for dag_postgres_single_api_test to None, run_after=None
[2026-03-12T03:37:25.150+0000] {processor.py:178} INFO - Processing /opt/airflow/dags/dag.py took 0.111 seconds
[2026-03-12T03:38:23.692+0000] {processor.py:156} INFO - Started process (PID=108) to work on /opt/airflow/dags/dag.py
[2026-03-12T03:38:23.693+0000] {processor.py:799} INFO - Processing file /opt/airflow/dags/dag.py for tasks to queue
[2026-03-12T03:38:23.693+0000] {logging_mixin.py:149} INFO - [2026-03-12T03:38:23.693+0000] {dagbag.py:541} INFO - Filling up the DagBag from /opt/airflow/dags/dag.py
[2026-03-12T03:38:23.697+0000] {processor.py:809} INFO - DAG(s) dict_keys(['dag_postgres_single_api_test']) retrieved from /opt/airflow/dags/dag.py
[2026-03-12T03:38:23.722+0000] {logging_mixin.py:149} INFO - [2026-03-12T03:38:23.722+0000] {dag.py:2726} INFO - Sync 1 DAGs
[2026-03-12T03:38:23.730+0000] {logging_mixin.py:149} INFO - [2026-03-12T03:38:23.730+0000] {dag.py:3490} INFO - Setting next_dagrun for dag_postgres_single_api_test to None, run_after=None
[2026-03-12T03:38:23.738+0000] {processor.py:178} INFO - Processing /opt/airflow/dags/dag.py took 0.047 seconds
[2026-03-12T03:38:53.995+0000] {processor.py:156} INFO - Started process (PID=116) to work on /opt/airflow/dags/dag.py
[2026-03-12T03:38:53.996+0000] {processor.py:799} INFO - Processing file /opt/airflow/dags/dag.py for tasks to queue
[2026-03-12T03:38:53.996+0000] {logging_mixin.py:149} INFO - [2026-03-12T03:38:53.996+0000] {dagbag.py:541} INFO - Filling up the DagBag from /opt/airflow/dags/dag.py
[2026-03-12T03:38:54.005+0000] {processor.py:809} INFO - DAG(s) dict_keys(['dag_postgres_single_api_test']) retrieved from /opt/airflow/dags/dag.py
[2026-03-12T03:38:54.023+0000] {logging_mixin.py:149} INFO - [2026-03-12T03:38:54.023+0000] {dag.py:2726} INFO - Sync 1 DAGs
[2026-03-12T03:38:54.037+0000] {logging_mixin.py:149} INFO - [2026-03-12T03:38:54.036+0000] {dag.py:3490} INFO - Setting next_dagrun for dag_postgres_single_api_test to None, run_after=None
[2026-03-12T03:38:54.044+0000] {processor.py:178} INFO - Processing /opt/airflow/dags/dag.py took 0.052 seconds
[2026-03-12T03:39:24.256+0000] {processor.py:156} INFO - Started process (PID=124) to work on /opt/airflow/dags/dag.py
[2026-03-12T03:39:24.257+0000] {processor.py:799} INFO - Processing file /opt/airflow/dags/dag.py for tasks to queue
[2026-03-12T03:39:24.258+0000] {logging_mixin.py:149} INFO - [2026-03-12T03:39:24.258+0000] {dagbag.py:541} INFO - Filling up the DagBag from /opt/airflow/dags/dag.py
[2026-03-12T03:39:24.268+0000] {processor.py:809} INFO - DAG(s) dict_keys(['dag_postgres_single_api_test']) retrieved from /opt/airflow/dags/dag.py
[2026-03-12T03:39:24.297+0000] {logging_mixin.py:149} INFO - [2026-03-12T03:39:24.297+0000] {dag.py:2726} INFO - Sync 1 DAGs
[2026-03-12T03:39:24.313+0000] {logging_mixin.py:149} INFO - [2026-03-12T03:39:24.313+0000] {dag.py:3490} INFO - Setting next_dagrun for dag_postgres_single_api_test to None, run_after=None
[2026-03-12T03:39:24.320+0000] {processor.py:178} INFO - Processing /opt/airflow/dags/dag.py took 0.067 seconds
[2026-03-12T03:39:54.562+0000] {processor.py:156} INFO - Started process (PID=132) to work on /opt/airflow/dags/dag.py
[2026-03-12T03:39:54.562+0000] {processor.py:799} INFO - Processing file /opt/airflow/dags/dag.py for tasks to queue
[2026-03-12T03:39:54.563+0000] {logging_mixin.py:149} INFO - [2026-03-12T03:39:54.563+0000] {dagbag.py:541} INFO - Filling up the DagBag from /opt/airflow/dags/dag.py
[2026-03-12T03:39:54.569+0000] {processor.py:809} INFO - DAG(s) dict_keys(['dag_postgres_single_api_test']) retrieved from /opt/airflow/dags/dag.py
[2026-03-12T03:39:54.582+0000] {logging_mixin.py:149} INFO - [2026-03-12T03:39:54.582+0000] {dag.py:2726} INFO - Sync 1 DAGs
[2026-03-12T03:39:54.593+0000] {logging_mixin.py:149} INFO - [2026-03-12T03:39:54.593+0000] {dag.py:3490} INFO - Setting next_dagrun for dag_postgres_single_api_test to None, run_after=None
[2026-03-12T03:39:54.599+0000] {processor.py:178} INFO - Processing /opt/airflow/dags/dag.py took 0.040 seconds
[2026-03-12T03:40:20.573+0000] {processor.py:156} INFO - Started process (PID=32) to work on /opt/airflow/dags/dag.py
[2026-03-12T03:40:20.573+0000] {processor.py:799} INFO - Processing file /opt/airflow/dags/dag.py for tasks to queue
[2026-03-12T03:40:20.574+0000] {logging_mixin.py:149} INFO - [2026-03-12T03:40:20.574+0000] {dagbag.py:541} INFO - Filling up the DagBag from /opt/airflow/dags/dag.py
[2026-03-12T03:40:20.587+0000] {processor.py:809} INFO - DAG(s) dict_keys(['dag_postgres_single_api_test']) retrieved from /opt/airflow/dags/dag.py
[2026-03-12T03:40:20.623+0000] {logging_mixin.py:149} INFO - [2026-03-12T03:40:20.623+0000] {dag.py:2726} INFO - Sync 1 DAGs
[2026-03-12T03:40:20.633+0000] {logging_mixin.py:149} INFO - [2026-03-12T03:40:20.633+0000] {dag.py:3490} INFO - Setting next_dagrun for dag_postgres_single_api_test to None, run_after=None
[2026-03-12T03:40:20.641+0000] {processor.py:178} INFO - Processing /opt/airflow/dags/dag.py took 0.070 seconds
[2026-03-12T03:40:50.804+0000] {processor.py:156} INFO - Started process (PID=39) to work on /opt/airflow/dags/dag.py
[2026-03-12T03:40:50.806+0000] {processor.py:799} INFO - Processing file /opt/airflow/dags/dag.py for tasks to queue
[2026-03-12T03:40:50.806+0000] {logging_mixin.py:149} INFO - [2026-03-12T03:40:50.806+0000] {dagbag.py:541} INFO - Filling up the DagBag from /opt/airflow/dags/dag.py
[2026-03-12T03:40:50.814+0000] {processor.py:809} INFO - DAG(s) dict_keys(['dag_postgres_single_api_test']) retrieved from /opt/airflow/dags/dag.py
[2026-03-12T03:40:50.834+0000] {logging_mixin.py:149} INFO - [2026-03-12T03:40:50.833+0000] {dag.py:2726} INFO - Sync 1 DAGs
[2026-03-12T03:40:50.844+0000] {logging_mixin.py:149} INFO - [2026-03-12T03:40:50.844+0000] {dag.py:3490} INFO - Setting next_dagrun for dag_postgres_single_api_test to None, run_after=None
[2026-03-12T03:40:50.851+0000] {processor.py:178} INFO - Processing /opt/airflow/dags/dag.py took 0.050 seconds
[2026-03-12T03:41:21.086+0000] {processor.py:156} INFO - Started process (PID=47) to work on /opt/airflow/dags/dag.py
[2026-03-12T03:41:21.087+0000] {processor.py:799} INFO - Processing file /opt/airflow/dags/dag.py for tasks to queue
[2026-03-12T03:41:21.087+0000] {logging_mixin.py:149} INFO - [2026-03-12T03:41:21.087+0000] {dagbag.py:541} INFO - Filling up the DagBag from /opt/airflow/dags/dag.py
[2026-03-12T03:41:21.092+0000] {processor.py:809} INFO - DAG(s) dict_keys(['dag_postgres_single_api_test']) retrieved from /opt/airflow/dags/dag.py
[2026-03-12T03:41:21.105+0000] {logging_mixin.py:149} INFO - [2026-03-12T03:41:21.105+0000] {dag.py:2726} INFO - Sync 1 DAGs
[2026-03-12T03:41:21.115+0000] {logging_mixin.py:149} INFO - [2026-03-12T03:41:21.115+0000] {dag.py:3490} INFO - Setting next_dagrun for dag_postgres_single_api_test to None, run_after=None
[2026-03-12T03:41:21.122+0000] {processor.py:178} INFO - Processing /opt/airflow/dags/dag.py took 0.038 seconds
[2026-03-12T03:41:51.349+0000] {processor.py:156} INFO - Started process (PID=55) to work on /opt/airflow/dags/dag.py
[2026-03-12T03:41:51.350+0000] {processor.py:799} INFO - Processing file /opt/airflow/dags/dag.py for tasks to queue
[2026-03-12T03:41:51.351+0000] {logging_mixin.py:149} INFO - [2026-03-12T03:41:51.351+0000] {dagbag.py:541} INFO - Filling up the DagBag from /opt/airflow/dags/dag.py
[2026-03-12T03:41:51.360+0000] {processor.py:809} INFO - DAG(s) dict_keys(['dag_postgres_single_api_test']) retrieved from /opt/airflow/dags/dag.py
[2026-03-12T03:41:51.381+0000] {logging_mixin.py:149} INFO - [2026-03-12T03:41:51.381+0000] {dag.py:2726} INFO - Sync 1 DAGs
[2026-03-12T03:41:51.399+0000] {logging_mixin.py:149} INFO - [2026-03-12T03:41:51.399+0000] {dag.py:3490} INFO - Setting next_dagrun for dag_postgres_single_api_test to None, run_after=None
[2026-03-12T03:41:51.407+0000] {processor.py:178} INFO - Processing /opt/airflow/dags/dag.py took 0.062 seconds
[2026-03-12T03:42:21.596+0000] {processor.py:156} INFO - Started process (PID=63) to work on /opt/airflow/dags/dag.py
[2026-03-12T03:42:21.596+0000] {processor.py:799} INFO - Processing file /opt/airflow/dags/dag.py for tasks to queue
[2026-03-12T03:42:21.597+0000] {logging_mixin.py:149} INFO - [2026-03-12T03:42:21.597+0000] {dagbag.py:541} INFO - Filling up the DagBag from /opt/airflow/dags/dag.py
[2026-03-12T03:42:21.607+0000] {processor.py:809} INFO - DAG(s) dict_keys(['dag_postgres_single_api_test']) retrieved from /opt/airflow/dags/dag.py
[2026-03-12T03:42:21.629+0000] {logging_mixin.py:149} INFO - [2026-03-12T03:42:21.628+0000] {dag.py:2726} INFO - Sync 1 DAGs
[2026-03-12T03:42:21.641+0000] {logging_mixin.py:149} INFO - [2026-03-12T03:42:21.641+0000] {dag.py:3490} INFO - Setting next_dagrun for dag_postgres_single_api_test to None, run_after=None
[2026-03-12T03:42:21.649+0000] {processor.py:178} INFO - Processing /opt/airflow/dags/dag.py took 0.057 seconds
[2026-03-12T03:42:51.867+0000] {processor.py:156} INFO - Started process (PID=71) to work on /opt/airflow/dags/dag.py
[2026-03-12T03:42:51.868+0000] {processor.py:799} INFO - Processing file /opt/airflow/dags/dag.py for tasks to queue
[2026-03-12T03:42:51.869+0000] {logging_mixin.py:149} INFO - [2026-03-12T03:42:51.869+0000] {dagbag.py:541} INFO - Filling up the DagBag from /opt/airflow/dags/dag.py
[2026-03-12T03:42:51.879+0000] {processor.py:809} INFO - DAG(s) dict_keys(['dag_postgres_single_api_test']) retrieved from /opt/airflow/dags/dag.py
[2026-03-12T03:42:51.896+0000] {logging_mixin.py:149} INFO - [2026-03-12T03:42:51.896+0000] {dag.py:2726} INFO - Sync 1 DAGs
[2026-03-12T03:42:51.908+0000] {logging_mixin.py:149} INFO - [2026-03-12T03:42:51.908+0000] {dag.py:3490} INFO - Setting next_dagrun for dag_postgres_single_api_test to None, run_after=None
[2026-03-12T03:42:51.916+0000] {processor.py:178} INFO - Processing /opt/airflow/dags/dag.py took 0.054 seconds
[2026-03-12T03:43:22.117+0000] {processor.py:156} INFO - Started process (PID=86) to work on /opt/airflow/dags/dag.py
[2026-03-12T03:43:22.118+0000] {processor.py:799} INFO - Processing file /opt/airflow/dags/dag.py for tasks to queue
[2026-03-12T03:43:22.118+0000] {logging_mixin.py:149} INFO - [2026-03-12T03:43:22.118+0000] {dagbag.py:541} INFO - Filling up the DagBag from /opt/airflow/dags/dag.py
[2026-03-12T03:43:22.124+0000] {processor.py:809} INFO - DAG(s) dict_keys(['dag_postgres_single_api_test']) retrieved from /opt/airflow/dags/dag.py
[2026-03-12T03:43:22.140+0000] {logging_mixin.py:149} INFO - [2026-03-12T03:43:22.140+0000] {dag.py:2726} INFO - Sync 1 DAGs
[2026-03-12T03:43:22.153+0000] {logging_mixin.py:149} INFO - [2026-03-12T03:43:22.153+0000] {dag.py:3490} INFO - Setting next_dagrun for dag_postgres_single_api_test to None, run_after=None
[2026-03-12T03:43:22.161+0000] {processor.py:178} INFO - Processing /opt/airflow/dags/dag.py took 0.046 seconds
[2026-03-12T03:43:49.645+0000] {processor.py:156} INFO - Started process (PID=32) to work on /opt/airflow/dags/dag.py
[2026-03-12T03:43:49.646+0000] {processor.py:799} INFO - Processing file /opt/airflow/dags/dag.py for tasks to queue
[2026-03-12T03:43:49.646+0000] {logging_mixin.py:149} INFO - [2026-03-12T03:43:49.646+0000] {dagbag.py:541} INFO - Filling up the DagBag from /opt/airflow/dags/dag.py
[2026-03-12T03:43:49.659+0000] {processor.py:809} INFO - DAG(s) dict_keys(['dag_postgres_single_api_test']) retrieved from /opt/airflow/dags/dag.py
[2026-03-12T03:43:49.700+0000] {logging_mixin.py:149} INFO - [2026-03-12T03:43:49.700+0000] {dag.py:2726} INFO - Sync 1 DAGs
[2026-03-12T03:43:49.705+0000] {logging_mixin.py:149} INFO - [2026-03-12T03:43:49.705+0000] {dag.py:2747} INFO - Creating ORM DAG for dag_postgres_single_api_test
[2026-03-12T03:43:49.710+0000] {logging_mixin.py:149} INFO - [2026-03-12T03:43:49.710+0000] {dag.py:3490} INFO - Setting next_dagrun for dag_postgres_single_api_test to None, run_after=None
[2026-03-12T03:43:49.718+0000] {processor.py:178} INFO - Processing /opt/airflow/dags/dag.py took 0.074 seconds
[2026-03-12T03:44:19.903+0000] {processor.py:156} INFO - Started process (PID=40) to work on /opt/airflow/dags/dag.py
[2026-03-12T03:44:19.904+0000] {processor.py:799} INFO - Processing file /opt/airflow/dags/dag.py for tasks to queue
[2026-03-12T03:44:19.905+0000] {logging_mixin.py:149} INFO - [2026-03-12T03:44:19.904+0000] {dagbag.py:541} INFO - Filling up the DagBag from /opt/airflow/dags/dag.py
[2026-03-12T03:44:19.913+0000] {processor.py:809} INFO - DAG(s) dict_keys(['dag_postgres_single_api_test']) retrieved from /opt/airflow/dags/dag.py
[2026-03-12T03:44:19.936+0000] {logging_mixin.py:149} INFO - [2026-03-12T03:44:19.936+0000] {dag.py:2726} INFO - Sync 1 DAGs
[2026-03-12T03:44:19.948+0000] {logging_mixin.py:149} INFO - [2026-03-12T03:44:19.947+0000] {dag.py:3490} INFO - Setting next_dagrun for dag_postgres_single_api_test to None, run_after=None
[2026-03-12T03:44:19.955+0000] {processor.py:178} INFO - Processing /opt/airflow/dags/dag.py took 0.055 seconds
[2026-03-12T03:44:50.192+0000] {processor.py:156} INFO - Started process (PID=48) to work on /opt/airflow/dags/dag.py
[2026-03-12T03:44:50.193+0000] {processor.py:799} INFO - Processing file /opt/airflow/dags/dag.py for tasks to queue
[2026-03-12T03:44:50.194+0000] {logging_mixin.py:149} INFO - [2026-03-12T03:44:50.193+0000] {dagbag.py:541} INFO - Filling up the DagBag from /opt/airflow/dags/dag.py
[2026-03-12T03:44:50.199+0000] {processor.py:809} INFO - DAG(s) dict_keys(['dag_postgres_single_api_test']) retrieved from /opt/airflow/dags/dag.py
[2026-03-12T03:44:50.212+0000] {logging_mixin.py:149} INFO - [2026-03-12T03:44:50.211+0000] {dag.py:2726} INFO - Sync 1 DAGs
[2026-03-12T03:44:50.222+0000] {logging_mixin.py:149} INFO - [2026-03-12T03:44:50.222+0000] {dag.py:3490} INFO - Setting next_dagrun for dag_postgres_single_api_test to None, run_after=None
[2026-03-12T03:44:50.229+0000] {processor.py:178} INFO - Processing /opt/airflow/dags/dag.py took 0.039 seconds
[2026-03-12T03:45:20.463+0000] {processor.py:156} INFO - Started process (PID=56) to work on /opt/airflow/dags/dag.py
[2026-03-12T03:45:20.464+0000] {processor.py:799} INFO - Processing file /opt/airflow/dags/dag.py for tasks to queue
[2026-03-12T03:45:20.464+0000] {logging_mixin.py:149} INFO - [2026-03-12T03:45:20.464+0000] {dagbag.py:541} INFO - Filling up the DagBag from /opt/airflow/dags/dag.py
[2026-03-12T03:45:20.473+0000] {processor.py:809} INFO - DAG(s) dict_keys(['dag_postgres_single_api_test']) retrieved from /opt/airflow/dags/dag.py
[2026-03-12T03:45:20.493+0000] {logging_mixin.py:149} INFO - [2026-03-12T03:45:20.493+0000] {dag.py:2726} INFO - Sync 1 DAGs
[2026-03-12T03:45:20.505+0000] {logging_mixin.py:149} INFO - [2026-03-12T03:45:20.505+0000] {dag.py:3490} INFO - Setting next_dagrun for dag_postgres_single_api_test to None, run_after=None
[2026-03-12T03:45:20.512+0000] {processor.py:178} INFO - Processing /opt/airflow/dags/dag.py took 0.053 seconds
[2026-03-12T03:45:50.737+0000] {processor.py:156} INFO - Started process (PID=64) to work on /opt/airflow/dags/dag.py
[2026-03-12T03:45:50.738+0000] {processor.py:799} INFO - Processing file /opt/airflow/dags/dag.py for tasks to queue
[2026-03-12T03:45:50.739+0000] {logging_mixin.py:149} INFO - [2026-03-12T03:45:50.739+0000] {dagbag.py:541} INFO - Filling up the DagBag from /opt/airflow/dags/dag.py
[2026-03-12T03:45:50.747+0000] {processor.py:809} INFO - DAG(s) dict_keys(['dag_postgres_single_api_test']) retrieved from /opt/airflow/dags/dag.py
[2026-03-12T03:45:50.767+0000] {logging_mixin.py:149} INFO - [2026-03-12T03:45:50.767+0000] {dag.py:2726} INFO - Sync 1 DAGs
[2026-03-12T03:45:50.779+0000] {logging_mixin.py:149} INFO - [2026-03-12T03:45:50.779+0000] {dag.py:3490} INFO - Setting next_dagrun for dag_postgres_single_api_test to None, run_after=None
[2026-03-12T03:45:50.787+0000] {processor.py:178} INFO - Processing /opt/airflow/dags/dag.py took 0.053 seconds
[2026-03-12T03:46:21.041+0000] {processor.py:156} INFO - Started process (PID=79) to work on /opt/airflow/dags/dag.py
[2026-03-12T03:46:21.042+0000] {processor.py:799} INFO - Processing file /opt/airflow/dags/dag.py for tasks to queue
[2026-03-12T03:46:21.043+0000] {logging_mixin.py:149} INFO - [2026-03-12T03:46:21.043+0000] {dagbag.py:541} INFO - Filling up the DagBag from /opt/airflow/dags/dag.py
[2026-03-12T03:46:21.052+0000] {processor.py:809} INFO - DAG(s) dict_keys(['dag_postgres_single_api_test']) retrieved from /opt/airflow/dags/dag.py
[2026-03-12T03:46:21.072+0000] {logging_mixin.py:149} INFO - [2026-03-12T03:46:21.072+0000] {dag.py:2726} INFO - Sync 1 DAGs
[2026-03-12T03:46:21.084+0000] {logging_mixin.py:149} INFO - [2026-03-12T03:46:21.084+0000] {dag.py:3490} INFO - Setting next_dagrun for dag_postgres_single_api_test to None, run_after=None
[2026-03-12T03:46:21.093+0000] {processor.py:178} INFO - Processing /opt/airflow/dags/dag.py took 0.056 seconds
[2026-03-12T03:46:51.308+0000] {processor.py:156} INFO - Started process (PID=87) to work on /opt/airflow/dags/dag.py
[2026-03-12T03:46:51.309+0000] {processor.py:799} INFO - Processing file /opt/airflow/dags/dag.py for tasks to queue
[2026-03-12T03:46:51.310+0000] {logging_mixin.py:149} INFO - [2026-03-12T03:46:51.310+0000] {dagbag.py:541} INFO - Filling up the DagBag from /opt/airflow/dags/dag.py
[2026-03-12T03:46:51.320+0000] {processor.py:809} INFO - DAG(s) dict_keys(['dag_postgres_single_api_test']) retrieved from /opt/airflow/dags/dag.py
[2026-03-12T03:46:51.346+0000] {logging_mixin.py:149} INFO - [2026-03-12T03:46:51.346+0000] {dag.py:2726} INFO - Sync 1 DAGs
[2026-03-12T03:46:51.357+0000] {logging_mixin.py:149} INFO - [2026-03-12T03:46:51.357+0000] {dag.py:3490} INFO - Setting next_dagrun for dag_postgres_single_api_test to None, run_after=None
[2026-03-12T03:46:51.365+0000] {processor.py:178} INFO - Processing /opt/airflow/dags/dag.py took 0.060 seconds
[2026-03-12T03:47:21.577+0000] {processor.py:156} INFO - Started process (PID=95) to work on /opt/airflow/dags/dag.py
[2026-03-12T03:47:21.578+0000] {processor.py:799} INFO - Processing file /opt/airflow/dags/dag.py for tasks to queue
[2026-03-12T03:47:21.579+0000] {logging_mixin.py:149} INFO - [2026-03-12T03:47:21.578+0000] {dagbag.py:541} INFO - Filling up the DagBag from /opt/airflow/dags/dag.py
[2026-03-12T03:47:21.588+0000] {processor.py:809} INFO - DAG(s) dict_keys(['dag_postgres_single_api_test']) retrieved from /opt/airflow/dags/dag.py
[2026-03-12T03:47:21.607+0000] {logging_mixin.py:149} INFO - [2026-03-12T03:47:21.607+0000] {dag.py:2726} INFO - Sync 1 DAGs
[2026-03-12T03:47:21.618+0000] {logging_mixin.py:149} INFO - [2026-03-12T03:47:21.618+0000] {dag.py:3490} INFO - Setting next_dagrun for dag_postgres_single_api_test to None, run_after=None
[2026-03-12T03:47:21.624+0000] {processor.py:178} INFO - Processing /opt/airflow/dags/dag.py took 0.050 seconds
[2026-03-12T03:47:51.894+0000] {processor.py:156} INFO - Started process (PID=103) to work on /opt/airflow/dags/dag.py
[2026-03-12T03:47:51.895+0000] {processor.py:799} INFO - Processing file /opt/airflow/dags/dag.py for tasks to queue
[2026-03-12T03:47:51.896+0000] {logging_mixin.py:149} INFO - [2026-03-12T03:47:51.895+0000] {dagbag.py:541} INFO - Filling up the DagBag from /opt/airflow/dags/dag.py
[2026-03-12T03:47:51.904+0000] {processor.py:809} INFO - DAG(s) dict_keys(['dag_postgres_single_api_test']) retrieved from /opt/airflow/dags/dag.py
[2026-03-12T03:47:51.923+0000] {logging_mixin.py:149} INFO - [2026-03-12T03:47:51.923+0000] {dag.py:2726} INFO - Sync 1 DAGs
[2026-03-12T03:47:51.935+0000] {logging_mixin.py:149} INFO - [2026-03-12T03:47:51.935+0000] {dag.py:3490} INFO - Setting next_dagrun for dag_postgres_single_api_test to None, run_after=None
[2026-03-12T03:47:51.942+0000] {processor.py:178} INFO - Processing /opt/airflow/dags/dag.py took 0.051 seconds
[2026-03-12T03:48:22.174+0000] {processor.py:156} INFO - Started process (PID=111) to work on /opt/airflow/dags/dag.py
[2026-03-12T03:48:22.175+0000] {processor.py:799} INFO - Processing file /opt/airflow/dags/dag.py for tasks to queue
[2026-03-12T03:48:22.175+0000] {logging_mixin.py:149} INFO - [2026-03-12T03:48:22.175+0000] {dagbag.py:541} INFO - Filling up the DagBag from /opt/airflow/dags/dag.py
[2026-03-12T03:48:22.181+0000] {processor.py:809} INFO - DAG(s) dict_keys(['dag_postgres_single_api_test']) retrieved from /opt/airflow/dags/dag.py
[2026-03-12T03:48:22.195+0000] {logging_mixin.py:149} INFO - [2026-03-12T03:48:22.195+0000] {dag.py:2726} INFO - Sync 1 DAGs
[2026-03-12T03:48:22.206+0000] {logging_mixin.py:149} INFO - [2026-03-12T03:48:22.206+0000] {dag.py:3490} INFO - Setting next_dagrun for dag_postgres_single_api_test to None, run_after=None
[2026-03-12T03:48:22.212+0000] {processor.py:178} INFO - Processing /opt/airflow/dags/dag.py took 0.040 seconds
[2026-03-12T03:48:52.470+0000] {processor.py:156} INFO - Started process (PID=119) to work on /opt/airflow/dags/dag.py
[2026-03-12T03:48:52.471+0000] {processor.py:799} INFO - Processing file /opt/airflow/dags/dag.py for tasks to queue
[2026-03-12T03:48:52.472+0000] {logging_mixin.py:149} INFO - [2026-03-12T03:48:52.472+0000] {dagbag.py:541} INFO - Filling up the DagBag from /opt/airflow/dags/dag.py
[2026-03-12T03:48:52.480+0000] {processor.py:809} INFO - DAG(s) dict_keys(['dag_postgres_single_api_test']) retrieved from /opt/airflow/dags/dag.py
[2026-03-12T03:48:52.501+0000] {logging_mixin.py:149} INFO - [2026-03-12T03:48:52.501+0000] {dag.py:2726} INFO - Sync 1 DAGs
[2026-03-12T03:48:52.513+0000] {logging_mixin.py:149} INFO - [2026-03-12T03:48:52.513+0000] {dag.py:3490} INFO - Setting next_dagrun for dag_postgres_single_api_test to None, run_after=None
[2026-03-12T03:48:52.521+0000] {processor.py:178} INFO - Processing /opt/airflow/dags/dag.py took 0.054 seconds
[2026-03-12T03:49:22.751+0000] {processor.py:156} INFO - Started process (PID=127) to work on /opt/airflow/dags/dag.py
[2026-03-12T03:49:22.753+0000] {processor.py:799} INFO - Processing file /opt/airflow/dags/dag.py for tasks to queue
[2026-03-12T03:49:22.754+0000] {logging_mixin.py:149} INFO - [2026-03-12T03:49:22.754+0000] {dagbag.py:541} INFO - Filling up the DagBag from /opt/airflow/dags/dag.py
[2026-03-12T03:49:22.763+0000] {processor.py:809} INFO - DAG(s) dict_keys(['dag_postgres_single_api_test']) retrieved from /opt/airflow/dags/dag.py
[2026-03-12T03:49:22.789+0000] {logging_mixin.py:149} INFO - [2026-03-12T03:49:22.789+0000] {dag.py:2726} INFO - Sync 1 DAGs
[2026-03-12T03:49:22.800+0000] {logging_mixin.py:149} INFO - [2026-03-12T03:49:22.800+0000] {dag.py:3490} INFO - Setting next_dagrun for dag_postgres_single_api_test to None, run_after=None
[2026-03-12T03:49:22.808+0000] {processor.py:178} INFO - Processing /opt/airflow/dags/dag.py took 0.061 seconds
[2026-03-12T03:49:53.032+0000] {processor.py:156} INFO - Started process (PID=135) to work on /opt/airflow/dags/dag.py
[2026-03-12T03:49:53.033+0000] {processor.py:799} INFO - Processing file /opt/airflow/dags/dag.py for tasks to queue
[2026-03-12T03:49:53.034+0000] {logging_mixin.py:149} INFO - [2026-03-12T03:49:53.034+0000] {dagbag.py:541} INFO - Filling up the DagBag from /opt/airflow/dags/dag.py
[2026-03-12T03:49:53.047+0000] {processor.py:809} INFO - DAG(s) dict_keys(['dag_postgres_single_api_test']) retrieved from /opt/airflow/dags/dag.py
[2026-03-12T03:49:53.072+0000] {logging_mixin.py:149} INFO - [2026-03-12T03:49:53.072+0000] {dag.py:2726} INFO - Sync 1 DAGs
[2026-03-12T03:49:53.084+0000] {logging_mixin.py:149} INFO - [2026-03-12T03:49:53.084+0000] {dag.py:3490} INFO - Setting next_dagrun for dag_postgres_single_api_test to None, run_after=None
[2026-03-12T03:49:53.092+0000] {processor.py:178} INFO - Processing /opt/airflow/dags/dag.py took 0.065 seconds
[2026-03-12T03:50:23.331+0000] {processor.py:156} INFO - Started process (PID=143) to work on /opt/airflow/dags/dag.py
[2026-03-12T03:50:23.332+0000] {processor.py:799} INFO - Processing file /opt/airflow/dags/dag.py for tasks to queue
[2026-03-12T03:50:23.333+0000] {logging_mixin.py:149} INFO - [2026-03-12T03:50:23.333+0000] {dagbag.py:541} INFO - Filling up the DagBag from /opt/airflow/dags/dag.py
[2026-03-12T03:50:23.343+0000] {processor.py:809} INFO - DAG(s) dict_keys(['dag_postgres_single_api_test']) retrieved from /opt/airflow/dags/dag.py
[2026-03-12T03:50:23.367+0000] {logging_mixin.py:149} INFO - [2026-03-12T03:50:23.367+0000] {dag.py:2726} INFO - Sync 1 DAGs
[2026-03-12T03:50:23.379+0000] {logging_mixin.py:149} INFO - [2026-03-12T03:50:23.379+0000] {dag.py:3490} INFO - Setting next_dagrun for dag_postgres_single_api_test to None, run_after=None
[2026-03-12T03:50:23.386+0000] {processor.py:178} INFO - Processing /opt/airflow/dags/dag.py took 0.059 seconds
[2026-03-12T03:50:53.637+0000] {processor.py:156} INFO - Started process (PID=151) to work on /opt/airflow/dags/dag.py
[2026-03-12T03:50:53.638+0000] {processor.py:799} INFO - Processing file /opt/airflow/dags/dag.py for tasks to queue
[2026-03-12T03:50:53.639+0000] {logging_mixin.py:149} INFO - [2026-03-12T03:50:53.639+0000] {dagbag.py:541} INFO - Filling up the DagBag from /opt/airflow/dags/dag.py
[2026-03-12T03:50:53.646+0000] {processor.py:809} INFO - DAG(s) dict_keys(['dag_postgres_single_api_test']) retrieved from /opt/airflow/dags/dag.py
[2026-03-12T03:50:53.667+0000] {logging_mixin.py:149} INFO - [2026-03-12T03:50:53.667+0000] {dag.py:2726} INFO - Sync 1 DAGs
[2026-03-12T03:50:53.678+0000] {logging_mixin.py:149} INFO - [2026-03-12T03:50:53.678+0000] {dag.py:3490} INFO - Setting next_dagrun for dag_postgres_single_api_test to None, run_after=None
[2026-03-12T03:50:53.685+0000] {processor.py:178} INFO - Processing /opt/airflow/dags/dag.py took 0.052 seconds
[2026-03-12T03:51:23.937+0000] {processor.py:156} INFO - Started process (PID=159) to work on /opt/airflow/dags/dag.py
[2026-03-12T03:51:23.939+0000] {processor.py:799} INFO - Processing file /opt/airflow/dags/dag.py for tasks to queue
[2026-03-12T03:51:23.939+0000] {logging_mixin.py:149} INFO - [2026-03-12T03:51:23.939+0000] {dagbag.py:541} INFO - Filling up the DagBag from /opt/airflow/dags/dag.py
[2026-03-12T03:51:23.948+0000] {processor.py:809} INFO - DAG(s) dict_keys(['dag_postgres_single_api_test']) retrieved from /opt/airflow/dags/dag.py
[2026-03-12T03:51:23.969+0000] {logging_mixin.py:149} INFO - [2026-03-12T03:51:23.969+0000] {dag.py:2726} INFO - Sync 1 DAGs
[2026-03-12T03:51:23.981+0000] {logging_mixin.py:149} INFO - [2026-03-12T03:51:23.981+0000] {dag.py:3490} INFO - Setting next_dagrun for dag_postgres_single_api_test to None, run_after=None
[2026-03-12T03:51:23.989+0000] {processor.py:178} INFO - Processing /opt/airflow/dags/dag.py took 0.056 seconds
[2026-03-12T03:51:54.213+0000] {processor.py:156} INFO - Started process (PID=167) to work on /opt/airflow/dags/dag.py
[2026-03-12T03:51:54.213+0000] {processor.py:799} INFO - Processing file /opt/airflow/dags/dag.py for tasks to queue
[2026-03-12T03:51:54.214+0000] {logging_mixin.py:149} INFO - [2026-03-12T03:51:54.214+0000] {dagbag.py:541} INFO - Filling up the DagBag from /opt/airflow/dags/dag.py
[2026-03-12T03:51:54.222+0000] {processor.py:809} INFO - DAG(s) dict_keys(['dag_postgres_single_api_test']) retrieved from /opt/airflow/dags/dag.py
[2026-03-12T03:51:54.242+0000] {logging_mixin.py:149} INFO - [2026-03-12T03:51:54.241+0000] {dag.py:2726} INFO - Sync 1 DAGs
[2026-03-12T03:51:54.253+0000] {logging_mixin.py:149} INFO - [2026-03-12T03:51:54.253+0000] {dag.py:3490} INFO - Setting next_dagrun for dag_postgres_single_api_test to None, run_after=None
[2026-03-12T03:51:54.260+0000] {processor.py:178} INFO - Processing /opt/airflow/dags/dag.py took 0.050 seconds
[2026-03-12T03:52:24.505+0000] {processor.py:156} INFO - Started process (PID=175) to work on /opt/airflow/dags/dag.py
[2026-03-12T03:52:24.506+0000] {processor.py:799} INFO - Processing file /opt/airflow/dags/dag.py for tasks to queue
[2026-03-12T03:52:24.507+0000] {logging_mixin.py:149} INFO - [2026-03-12T03:52:24.507+0000] {dagbag.py:541} INFO - Filling up the DagBag from /opt/airflow/dags/dag.py
[2026-03-12T03:52:24.514+0000] {processor.py:809} INFO - DAG(s) dict_keys(['dag_postgres_single_api_test']) retrieved from /opt/airflow/dags/dag.py
[2026-03-12T03:52:24.534+0000] {logging_mixin.py:149} INFO - [2026-03-12T03:52:24.534+0000] {dag.py:2726} INFO - Sync 1 DAGs
[2026-03-12T03:52:24.546+0000] {logging_mixin.py:149} INFO - [2026-03-12T03:52:24.546+0000] {dag.py:3490} INFO - Setting next_dagrun for dag_postgres_single_api_test to None, run_after=None
[2026-03-12T03:52:24.553+0000] {processor.py:178} INFO - Processing /opt/airflow/dags/dag.py took 0.052 seconds
[2026-03-12T03:52:54.793+0000] {processor.py:156} INFO - Started process (PID=183) to work on /opt/airflow/dags/dag.py
[2026-03-12T03:52:54.794+0000] {processor.py:799} INFO - Processing file /opt/airflow/dags/dag.py for tasks to queue
[2026-03-12T03:52:54.794+0000] {logging_mixin.py:149} INFO - [2026-03-12T03:52:54.794+0000] {dagbag.py:541} INFO - Filling up the DagBag from /opt/airflow/dags/dag.py
[2026-03-12T03:52:54.799+0000] {processor.py:809} INFO - DAG(s) dict_keys(['dag_postgres_single_api_test']) retrieved from /opt/airflow/dags/dag.py
[2026-03-12T03:52:54.810+0000] {logging_mixin.py:149} INFO - [2026-03-12T03:52:54.809+0000] {dag.py:2726} INFO - Sync 1 DAGs
[2026-03-12T03:52:54.819+0000] {logging_mixin.py:149} INFO - [2026-03-12T03:52:54.818+0000] {dag.py:3490} INFO - Setting next_dagrun for dag_postgres_single_api_test to None, run_after=None
[2026-03-12T03:52:54.825+0000] {processor.py:178} INFO - Processing /opt/airflow/dags/dag.py took 0.033 seconds
[2026-03-12T03:53:25.085+0000] {processor.py:156} INFO - Started process (PID=191) to work on /opt/airflow/dags/dag.py
[2026-03-12T03:53:25.086+0000] {processor.py:799} INFO - Processing file /opt/airflow/dags/dag.py for tasks to queue
[2026-03-12T03:53:25.087+0000] {logging_mixin.py:149} INFO - [2026-03-12T03:53:25.087+0000] {dagbag.py:541} INFO - Filling up the DagBag from /opt/airflow/dags/dag.py
[2026-03-12T03:53:25.095+0000] {processor.py:809} INFO - DAG(s) dict_keys(['dag_postgres_single_api_test']) retrieved from /opt/airflow/dags/dag.py
[2026-03-12T03:53:25.116+0000] {logging_mixin.py:149} INFO - [2026-03-12T03:53:25.116+0000] {dag.py:2726} INFO - Sync 1 DAGs
[2026-03-12T03:53:25.128+0000] {logging_mixin.py:149} INFO - [2026-03-12T03:53:25.128+0000] {dag.py:3490} INFO - Setting next_dagrun for dag_postgres_single_api_test to None, run_after=None
[2026-03-12T03:53:25.135+0000] {processor.py:178} INFO - Processing /opt/airflow/dags/dag.py took 0.054 seconds
[2026-03-12T03:53:55.359+0000] {processor.py:156} INFO - Started process (PID=199) to work on /opt/airflow/dags/dag.py
[2026-03-12T03:53:55.360+0000] {processor.py:799} INFO - Processing file /opt/airflow/dags/dag.py for tasks to queue
[2026-03-12T03:53:55.361+0000] {logging_mixin.py:149} INFO - [2026-03-12T03:53:55.361+0000] {dagbag.py:541} INFO - Filling up the DagBag from /opt/airflow/dags/dag.py
[2026-03-12T03:53:55.369+0000] {processor.py:809} INFO - DAG(s) dict_keys(['dag_postgres_single_api_test']) retrieved from /opt/airflow/dags/dag.py
[2026-03-12T03:53:55.388+0000] {logging_mixin.py:149} INFO - [2026-03-12T03:53:55.388+0000] {dag.py:2726} INFO - Sync 1 DAGs
[2026-03-12T03:53:55.400+0000] {logging_mixin.py:149} INFO - [2026-03-12T03:53:55.400+0000] {dag.py:3490} INFO - Setting next_dagrun for dag_postgres_single_api_test to None, run_after=None
[2026-03-12T03:53:55.408+0000] {processor.py:178} INFO - Processing /opt/airflow/dags/dag.py took 0.053 seconds
[2026-03-12T03:54:25.675+0000] {processor.py:156} INFO - Started process (PID=207) to work on /opt/airflow/dags/dag.py
[2026-03-12T03:54:25.676+0000] {processor.py:799} INFO - Processing file /opt/airflow/dags/dag.py for tasks to queue
[2026-03-12T03:54:25.677+0000] {logging_mixin.py:149} INFO - [2026-03-12T03:54:25.677+0000] {dagbag.py:541} INFO - Filling up the DagBag from /opt/airflow/dags/dag.py
[2026-03-12T03:54:25.686+0000] {processor.py:809} INFO - DAG(s) dict_keys(['dag_postgres_single_api_test']) retrieved from /opt/airflow/dags/dag.py
[2026-03-12T03:54:25.707+0000] {logging_mixin.py:149} INFO - [2026-03-12T03:54:25.706+0000] {dag.py:2726} INFO - Sync 1 DAGs
[2026-03-12T03:54:25.719+0000] {logging_mixin.py:149} INFO - [2026-03-12T03:54:25.719+0000] {dag.py:3490} INFO - Setting next_dagrun for dag_postgres_single_api_test to None, run_after=None
[2026-03-12T03:54:25.726+0000] {processor.py:178} INFO - Processing /opt/airflow/dags/dag.py took 0.056 seconds
[2026-03-12T03:54:55.917+0000] {processor.py:156} INFO - Started process (PID=215) to work on /opt/airflow/dags/dag.py
[2026-03-12T03:54:55.918+0000] {processor.py:799} INFO - Processing file /opt/airflow/dags/dag.py for tasks to queue
[2026-03-12T03:54:55.919+0000] {logging_mixin.py:149} INFO - [2026-03-12T03:54:55.919+0000] {dagbag.py:541} INFO - Filling up the DagBag from /opt/airflow/dags/dag.py
[2026-03-12T03:54:55.926+0000] {processor.py:809} INFO - DAG(s) dict_keys(['dag_postgres_single_api_test']) retrieved from /opt/airflow/dags/dag.py
[2026-03-12T03:54:55.948+0000] {logging_mixin.py:149} INFO - [2026-03-12T03:54:55.948+0000] {dag.py:2726} INFO - Sync 1 DAGs
[2026-03-12T03:54:55.959+0000] {logging_mixin.py:149} INFO - [2026-03-12T03:54:55.959+0000] {dag.py:3490} INFO - Setting next_dagrun for dag_postgres_single_api_test to None, run_after=None
[2026-03-12T03:54:55.966+0000] {processor.py:178} INFO - Processing /opt/airflow/dags/dag.py took 0.052 seconds
[2026-03-12T03:55:26.252+0000] {processor.py:156} INFO - Started process (PID=223) to work on /opt/airflow/dags/dag.py
[2026-03-12T03:55:26.254+0000] {processor.py:799} INFO - Processing file /opt/airflow/dags/dag.py for tasks to queue
[2026-03-12T03:55:26.254+0000] {logging_mixin.py:149} INFO - [2026-03-12T03:55:26.254+0000] {dagbag.py:541} INFO - Filling up the DagBag from /opt/airflow/dags/dag.py
[2026-03-12T03:55:26.263+0000] {processor.py:809} INFO - DAG(s) dict_keys(['dag_postgres_single_api_test']) retrieved from /opt/airflow/dags/dag.py
[2026-03-12T03:55:26.283+0000] {logging_mixin.py:149} INFO - [2026-03-12T03:55:26.283+0000] {dag.py:2726} INFO - Sync 1 DAGs
[2026-03-12T03:55:26.296+0000] {logging_mixin.py:149} INFO - [2026-03-12T03:55:26.295+0000] {dag.py:3490} INFO - Setting next_dagrun for dag_postgres_single_api_test to None, run_after=None
[2026-03-12T03:55:26.303+0000] {processor.py:178} INFO - Processing /opt/airflow/dags/dag.py took 0.054 seconds
[2026-03-12T03:55:56.554+0000] {processor.py:156} INFO - Started process (PID=231) to work on /opt/airflow/dags/dag.py
[2026-03-12T03:55:56.555+0000] {processor.py:799} INFO - Processing file /opt/airflow/dags/dag.py for tasks to queue
[2026-03-12T03:55:56.555+0000] {logging_mixin.py:149} INFO - [2026-03-12T03:55:56.555+0000] {dagbag.py:541} INFO - Filling up the DagBag from /opt/airflow/dags/dag.py
[2026-03-12T03:55:56.563+0000] {processor.py:809} INFO - DAG(s) dict_keys(['dag_postgres_single_api_test']) retrieved from /opt/airflow/dags/dag.py
[2026-03-12T03:55:56.583+0000] {logging_mixin.py:149} INFO - [2026-03-12T03:55:56.583+0000] {dag.py:2726} INFO - Sync 1 DAGs
[2026-03-12T03:55:56.595+0000] {logging_mixin.py:149} INFO - [2026-03-12T03:55:56.595+0000] {dag.py:3490} INFO - Setting next_dagrun for dag_postgres_single_api_test to None, run_after=None
[2026-03-12T03:55:56.602+0000] {processor.py:178} INFO - Processing /opt/airflow/dags/dag.py took 0.052 seconds
[2026-03-12T03:56:26.825+0000] {processor.py:156} INFO - Started process (PID=239) to work on /opt/airflow/dags/dag.py
[2026-03-12T03:56:26.826+0000] {processor.py:799} INFO - Processing file /opt/airflow/dags/dag.py for tasks to queue
[2026-03-12T03:56:26.827+0000] {logging_mixin.py:149} INFO - [2026-03-12T03:56:26.826+0000] {dagbag.py:541} INFO - Filling up the DagBag from /opt/airflow/dags/dag.py
[2026-03-12T03:56:26.834+0000] {processor.py:809} INFO - DAG(s) dict_keys(['dag_postgres_single_api_test']) retrieved from /opt/airflow/dags/dag.py
[2026-03-12T03:56:26.850+0000] {logging_mixin.py:149} INFO - [2026-03-12T03:56:26.849+0000] {dag.py:2726} INFO - Sync 1 DAGs
[2026-03-12T03:56:26.861+0000] {logging_mixin.py:149} INFO - [2026-03-12T03:56:26.861+0000] {dag.py:3490} INFO - Setting next_dagrun for dag_postgres_single_api_test to None, run_after=None
[2026-03-12T03:56:26.868+0000] {processor.py:178} INFO - Processing /opt/airflow/dags/dag.py took 0.046 seconds
[2026-03-12T03:56:57.092+0000] {processor.py:156} INFO - Started process (PID=247) to work on /opt/airflow/dags/dag.py
[2026-03-12T03:56:57.093+0000] {processor.py:799} INFO - Processing file /opt/airflow/dags/dag.py for tasks to queue
[2026-03-12T03:56:57.094+0000] {logging_mixin.py:149} INFO - [2026-03-12T03:56:57.094+0000] {dagbag.py:541} INFO - Filling up the DagBag from /opt/airflow/dags/dag.py
[2026-03-12T03:56:57.104+0000] {processor.py:809} INFO - DAG(s) dict_keys(['dag_postgres_single_api_test']) retrieved from /opt/airflow/dags/dag.py
[2026-03-12T03:56:57.121+0000] {logging_mixin.py:149} INFO - [2026-03-12T03:56:57.121+0000] {dag.py:2726} INFO - Sync 1 DAGs
[2026-03-12T03:56:57.133+0000] {logging_mixin.py:149} INFO - [2026-03-12T03:56:57.132+0000] {dag.py:3490} INFO - Setting next_dagrun for dag_postgres_single_api_test to None, run_after=None
[2026-03-12T03:56:57.140+0000] {processor.py:178} INFO - Processing /opt/airflow/dags/dag.py took 0.051 seconds
[2026-03-12T03:57:27.364+0000] {processor.py:156} INFO - Started process (PID=255) to work on /opt/airflow/dags/dag.py
[2026-03-12T03:57:27.365+0000] {processor.py:799} INFO - Processing file /opt/airflow/dags/dag.py for tasks to queue
[2026-03-12T03:57:27.365+0000] {logging_mixin.py:149} INFO - [2026-03-12T03:57:27.365+0000] {dagbag.py:541} INFO - Filling up the DagBag from /opt/airflow/dags/dag.py
[2026-03-12T03:57:27.371+0000] {processor.py:809} INFO - DAG(s) dict_keys(['dag_postgres_single_api_test']) retrieved from /opt/airflow/dags/dag.py
[2026-03-12T03:57:27.387+0000] {logging_mixin.py:149} INFO - [2026-03-12T03:57:27.387+0000] {dag.py:2726} INFO - Sync 1 DAGs
[2026-03-12T03:57:27.399+0000] {logging_mixin.py:149} INFO - [2026-03-12T03:57:27.399+0000] {dag.py:3490} INFO - Setting next_dagrun for dag_postgres_single_api_test to None, run_after=None
[2026-03-12T03:57:27.408+0000] {processor.py:178} INFO - Processing /opt/airflow/dags/dag.py took 0.045 seconds
[2026-03-12T03:57:57.656+0000] {processor.py:156} INFO - Started process (PID=263) to work on /opt/airflow/dags/dag.py
[2026-03-12T03:57:57.657+0000] {processor.py:799} INFO - Processing file /opt/airflow/dags/dag.py for tasks to queue
[2026-03-12T03:57:57.658+0000] {logging_mixin.py:149} INFO - [2026-03-12T03:57:57.658+0000] {dagbag.py:541} INFO - Filling up the DagBag from /opt/airflow/dags/dag.py
[2026-03-12T03:57:57.667+0000] {processor.py:809} INFO - DAG(s) dict_keys(['dag_postgres_single_api_test']) retrieved from /opt/airflow/dags/dag.py
[2026-03-12T03:57:57.686+0000] {logging_mixin.py:149} INFO - [2026-03-12T03:57:57.686+0000] {dag.py:2726} INFO - Sync 1 DAGs
[2026-03-12T03:57:57.698+0000] {logging_mixin.py:149} INFO - [2026-03-12T03:57:57.698+0000] {dag.py:3490} INFO - Setting next_dagrun for dag_postgres_single_api_test to None, run_after=None
[2026-03-12T03:57:57.705+0000] {processor.py:178} INFO - Processing /opt/airflow/dags/dag.py took 0.053 seconds
[2026-03-12T03:58:27.918+0000] {processor.py:156} INFO - Started process (PID=271) to work on /opt/airflow/dags/dag.py
[2026-03-12T03:58:27.919+0000] {processor.py:799} INFO - Processing file /opt/airflow/dags/dag.py for tasks to queue
[2026-03-12T03:58:27.920+0000] {logging_mixin.py:149} INFO - [2026-03-12T03:58:27.920+0000] {dagbag.py:541} INFO - Filling up the DagBag from /opt/airflow/dags/dag.py
[2026-03-12T03:58:27.929+0000] {processor.py:809} INFO - DAG(s) dict_keys(['dag_postgres_single_api_test']) retrieved from /opt/airflow/dags/dag.py
[2026-03-12T03:58:27.948+0000] {logging_mixin.py:149} INFO - [2026-03-12T03:58:27.948+0000] {dag.py:2726} INFO - Sync 1 DAGs
[2026-03-12T03:58:27.960+0000] {logging_mixin.py:149} INFO - [2026-03-12T03:58:27.960+0000] {dag.py:3490} INFO - Setting next_dagrun for dag_postgres_single_api_test to None, run_after=None
[2026-03-12T03:58:27.967+0000] {processor.py:178} INFO - Processing /opt/airflow/dags/dag.py took 0.052 seconds
[2026-03-12T03:58:58.220+0000] {processor.py:156} INFO - Started process (PID=279) to work on /opt/airflow/dags/dag.py
[2026-03-12T03:58:58.221+0000] {processor.py:799} INFO - Processing file /opt/airflow/dags/dag.py for tasks to queue
[2026-03-12T03:58:58.222+0000] {logging_mixin.py:149} INFO - [2026-03-12T03:58:58.222+0000] {dagbag.py:541} INFO - Filling up the DagBag from /opt/airflow/dags/dag.py
[2026-03-12T03:58:58.230+0000] {processor.py:809} INFO - DAG(s) dict_keys(['dag_postgres_single_api_test']) retrieved from /opt/airflow/dags/dag.py
[2026-03-12T03:58:58.245+0000] {logging_mixin.py:149} INFO - [2026-03-12T03:58:58.245+0000] {dag.py:2726} INFO - Sync 1 DAGs
[2026-03-12T03:58:58.257+0000] {logging_mixin.py:149} INFO - [2026-03-12T03:58:58.257+0000] {dag.py:3490} INFO - Setting next_dagrun for dag_postgres_single_api_test to None, run_after=None
[2026-03-12T03:58:58.264+0000] {processor.py:178} INFO - Processing /opt/airflow/dags/dag.py took 0.047 seconds
