[2026-03-03T00:56:04.653+0000] {processor.py:156} INFO - Started process (PID=64) to work on /home/airflow/.local/lib/python3.7/site-packages/airflow/example_dags/example_trigger_controller_dag.py
[2026-03-03T00:56:04.655+0000] {processor.py:799} INFO - Processing file /home/airflow/.local/lib/python3.7/site-packages/airflow/example_dags/example_trigger_controller_dag.py for tasks to queue
[2026-03-03T00:56:04.656+0000] {logging_mixin.py:149} INFO - [2026-03-03T00:56:04.655+0000] {dagbag.py:541} INFO - Filling up the DagBag from /home/airflow/.local/lib/python3.7/site-packages/airflow/example_dags/example_trigger_controller_dag.py
[2026-03-03T00:56:04.662+0000] {processor.py:809} INFO - DAG(s) dict_keys(['example_trigger_controller_dag']) retrieved from /home/airflow/.local/lib/python3.7/site-packages/airflow/example_dags/example_trigger_controller_dag.py
[2026-03-03T00:56:04.675+0000] {logging_mixin.py:149} INFO - [2026-03-03T00:56:04.675+0000] {dag.py:2726} INFO - Sync 1 DAGs
[2026-03-03T00:56:04.696+0000] {logging_mixin.py:149} INFO - [2026-03-03T00:56:04.695+0000] {dag.py:3490} INFO - Setting next_dagrun for example_trigger_controller_dag to 2021-01-01T00:00:00+00:00, run_after=2021-01-01T00:00:00+00:00
[2026-03-03T00:56:04.713+0000] {processor.py:178} INFO - Processing /home/airflow/.local/lib/python3.7/site-packages/airflow/example_dags/example_trigger_controller_dag.py took 0.063 seconds
[2026-03-03T00:56:36.957+0000] {processor.py:156} INFO - Started process (PID=126) to work on /home/airflow/.local/lib/python3.7/site-packages/airflow/example_dags/example_trigger_controller_dag.py
[2026-03-03T00:56:36.959+0000] {processor.py:799} INFO - Processing file /home/airflow/.local/lib/python3.7/site-packages/airflow/example_dags/example_trigger_controller_dag.py for tasks to queue
[2026-03-03T00:56:36.959+0000] {logging_mixin.py:149} INFO - [2026-03-03T00:56:36.959+0000] {dagbag.py:541} INFO - Filling up the DagBag from /home/airflow/.local/lib/python3.7/site-packages/airflow/example_dags/example_trigger_controller_dag.py
[2026-03-03T00:56:36.961+0000] {processor.py:809} INFO - DAG(s) dict_keys(['example_trigger_controller_dag']) retrieved from /home/airflow/.local/lib/python3.7/site-packages/airflow/example_dags/example_trigger_controller_dag.py
[2026-03-03T00:56:36.999+0000] {logging_mixin.py:149} INFO - [2026-03-03T00:56:36.987+0000] {dag.py:2726} INFO - Sync 1 DAGs
[2026-03-03T00:56:37.043+0000] {logging_mixin.py:149} INFO - [2026-03-03T00:56:37.042+0000] {dag.py:3490} INFO - Setting next_dagrun for example_trigger_controller_dag to 2021-01-01T00:00:00+00:00, run_after=2021-01-01T00:00:00+00:00
[2026-03-03T00:56:37.062+0000] {processor.py:178} INFO - Processing /home/airflow/.local/lib/python3.7/site-packages/airflow/example_dags/example_trigger_controller_dag.py took 0.107 seconds
[2026-03-03T00:57:07.973+0000] {processor.py:156} INFO - Started process (PID=188) to work on /home/airflow/.local/lib/python3.7/site-packages/airflow/example_dags/example_trigger_controller_dag.py
[2026-03-03T00:57:07.974+0000] {processor.py:799} INFO - Processing file /home/airflow/.local/lib/python3.7/site-packages/airflow/example_dags/example_trigger_controller_dag.py for tasks to queue
[2026-03-03T00:57:07.975+0000] {logging_mixin.py:149} INFO - [2026-03-03T00:57:07.975+0000] {dagbag.py:541} INFO - Filling up the DagBag from /home/airflow/.local/lib/python3.7/site-packages/airflow/example_dags/example_trigger_controller_dag.py
[2026-03-03T00:57:07.977+0000] {processor.py:809} INFO - DAG(s) dict_keys(['example_trigger_controller_dag']) retrieved from /home/airflow/.local/lib/python3.7/site-packages/airflow/example_dags/example_trigger_controller_dag.py
[2026-03-03T00:57:07.994+0000] {logging_mixin.py:149} INFO - [2026-03-03T00:57:07.994+0000] {dag.py:2726} INFO - Sync 1 DAGs
[2026-03-03T00:57:08.013+0000] {logging_mixin.py:149} INFO - [2026-03-03T00:57:08.013+0000] {dag.py:3490} INFO - Setting next_dagrun for example_trigger_controller_dag to 2021-01-01T00:00:00+00:00, run_after=2021-01-01T00:00:00+00:00
[2026-03-03T00:57:08.027+0000] {processor.py:178} INFO - Processing /home/airflow/.local/lib/python3.7/site-packages/airflow/example_dags/example_trigger_controller_dag.py took 0.056 seconds
[2026-03-03T00:57:38.869+0000] {processor.py:156} INFO - Started process (PID=250) to work on /home/airflow/.local/lib/python3.7/site-packages/airflow/example_dags/example_trigger_controller_dag.py
[2026-03-03T00:57:38.870+0000] {processor.py:799} INFO - Processing file /home/airflow/.local/lib/python3.7/site-packages/airflow/example_dags/example_trigger_controller_dag.py for tasks to queue
[2026-03-03T00:57:38.872+0000] {logging_mixin.py:149} INFO - [2026-03-03T00:57:38.872+0000] {dagbag.py:541} INFO - Filling up the DagBag from /home/airflow/.local/lib/python3.7/site-packages/airflow/example_dags/example_trigger_controller_dag.py
[2026-03-03T00:57:38.875+0000] {processor.py:809} INFO - DAG(s) dict_keys(['example_trigger_controller_dag']) retrieved from /home/airflow/.local/lib/python3.7/site-packages/airflow/example_dags/example_trigger_controller_dag.py
[2026-03-03T00:57:38.896+0000] {logging_mixin.py:149} INFO - [2026-03-03T00:57:38.896+0000] {dag.py:2726} INFO - Sync 1 DAGs
[2026-03-03T00:57:38.915+0000] {logging_mixin.py:149} INFO - [2026-03-03T00:57:38.914+0000] {dag.py:3490} INFO - Setting next_dagrun for example_trigger_controller_dag to 2021-01-01T00:00:00+00:00, run_after=2021-01-01T00:00:00+00:00
[2026-03-03T00:57:38.930+0000] {processor.py:178} INFO - Processing /home/airflow/.local/lib/python3.7/site-packages/airflow/example_dags/example_trigger_controller_dag.py took 0.065 seconds
[2026-03-03T00:58:09.172+0000] {processor.py:156} INFO - Started process (PID=312) to work on /home/airflow/.local/lib/python3.7/site-packages/airflow/example_dags/example_trigger_controller_dag.py
[2026-03-03T00:58:09.174+0000] {processor.py:799} INFO - Processing file /home/airflow/.local/lib/python3.7/site-packages/airflow/example_dags/example_trigger_controller_dag.py for tasks to queue
[2026-03-03T00:58:09.174+0000] {logging_mixin.py:149} INFO - [2026-03-03T00:58:09.174+0000] {dagbag.py:541} INFO - Filling up the DagBag from /home/airflow/.local/lib/python3.7/site-packages/airflow/example_dags/example_trigger_controller_dag.py
[2026-03-03T00:58:09.177+0000] {processor.py:809} INFO - DAG(s) dict_keys(['example_trigger_controller_dag']) retrieved from /home/airflow/.local/lib/python3.7/site-packages/airflow/example_dags/example_trigger_controller_dag.py
[2026-03-03T00:58:09.197+0000] {logging_mixin.py:149} INFO - [2026-03-03T00:58:09.197+0000] {dag.py:2726} INFO - Sync 1 DAGs
[2026-03-03T00:58:09.258+0000] {logging_mixin.py:149} INFO - [2026-03-03T00:58:09.258+0000] {dag.py:3490} INFO - Setting next_dagrun for example_trigger_controller_dag to 2021-01-01T00:00:00+00:00, run_after=2021-01-01T00:00:00+00:00
[2026-03-03T00:58:09.277+0000] {processor.py:178} INFO - Processing /home/airflow/.local/lib/python3.7/site-packages/airflow/example_dags/example_trigger_controller_dag.py took 0.109 seconds
[2026-03-03T00:58:40.114+0000] {processor.py:156} INFO - Started process (PID=374) to work on /home/airflow/.local/lib/python3.7/site-packages/airflow/example_dags/example_trigger_controller_dag.py
[2026-03-03T00:58:40.115+0000] {processor.py:799} INFO - Processing file /home/airflow/.local/lib/python3.7/site-packages/airflow/example_dags/example_trigger_controller_dag.py for tasks to queue
[2026-03-03T00:58:40.116+0000] {logging_mixin.py:149} INFO - [2026-03-03T00:58:40.116+0000] {dagbag.py:541} INFO - Filling up the DagBag from /home/airflow/.local/lib/python3.7/site-packages/airflow/example_dags/example_trigger_controller_dag.py
[2026-03-03T00:58:40.119+0000] {processor.py:809} INFO - DAG(s) dict_keys(['example_trigger_controller_dag']) retrieved from /home/airflow/.local/lib/python3.7/site-packages/airflow/example_dags/example_trigger_controller_dag.py
[2026-03-03T00:58:40.139+0000] {logging_mixin.py:149} INFO - [2026-03-03T00:58:40.139+0000] {dag.py:2726} INFO - Sync 1 DAGs
[2026-03-03T00:58:40.154+0000] {logging_mixin.py:149} INFO - [2026-03-03T00:58:40.154+0000] {dag.py:3490} INFO - Setting next_dagrun for example_trigger_controller_dag to 2021-01-01T00:00:00+00:00, run_after=2021-01-01T00:00:00+00:00
[2026-03-03T00:58:40.167+0000] {processor.py:178} INFO - Processing /home/airflow/.local/lib/python3.7/site-packages/airflow/example_dags/example_trigger_controller_dag.py took 0.055 seconds
[2026-03-03T00:59:11.243+0000] {processor.py:156} INFO - Started process (PID=436) to work on /home/airflow/.local/lib/python3.7/site-packages/airflow/example_dags/example_trigger_controller_dag.py
[2026-03-03T00:59:11.244+0000] {processor.py:799} INFO - Processing file /home/airflow/.local/lib/python3.7/site-packages/airflow/example_dags/example_trigger_controller_dag.py for tasks to queue
[2026-03-03T00:59:11.244+0000] {logging_mixin.py:149} INFO - [2026-03-03T00:59:11.244+0000] {dagbag.py:541} INFO - Filling up the DagBag from /home/airflow/.local/lib/python3.7/site-packages/airflow/example_dags/example_trigger_controller_dag.py
[2026-03-03T00:59:11.246+0000] {processor.py:809} INFO - DAG(s) dict_keys(['example_trigger_controller_dag']) retrieved from /home/airflow/.local/lib/python3.7/site-packages/airflow/example_dags/example_trigger_controller_dag.py
[2026-03-03T00:59:11.261+0000] {logging_mixin.py:149} INFO - [2026-03-03T00:59:11.261+0000] {dag.py:2726} INFO - Sync 1 DAGs
[2026-03-03T00:59:11.273+0000] {logging_mixin.py:149} INFO - [2026-03-03T00:59:11.273+0000] {dag.py:3490} INFO - Setting next_dagrun for example_trigger_controller_dag to 2021-01-01T00:00:00+00:00, run_after=2021-01-01T00:00:00+00:00
[2026-03-03T00:59:11.289+0000] {processor.py:178} INFO - Processing /home/airflow/.local/lib/python3.7/site-packages/airflow/example_dags/example_trigger_controller_dag.py took 0.047 seconds
[2026-03-03T00:59:42.007+0000] {processor.py:156} INFO - Started process (PID=498) to work on /home/airflow/.local/lib/python3.7/site-packages/airflow/example_dags/example_trigger_controller_dag.py
[2026-03-03T00:59:42.008+0000] {processor.py:799} INFO - Processing file /home/airflow/.local/lib/python3.7/site-packages/airflow/example_dags/example_trigger_controller_dag.py for tasks to queue
[2026-03-03T00:59:42.008+0000] {logging_mixin.py:149} INFO - [2026-03-03T00:59:42.008+0000] {dagbag.py:541} INFO - Filling up the DagBag from /home/airflow/.local/lib/python3.7/site-packages/airflow/example_dags/example_trigger_controller_dag.py
[2026-03-03T00:59:42.010+0000] {processor.py:809} INFO - DAG(s) dict_keys(['example_trigger_controller_dag']) retrieved from /home/airflow/.local/lib/python3.7/site-packages/airflow/example_dags/example_trigger_controller_dag.py
[2026-03-03T00:59:42.021+0000] {logging_mixin.py:149} INFO - [2026-03-03T00:59:42.021+0000] {dag.py:2726} INFO - Sync 1 DAGs
[2026-03-03T00:59:42.032+0000] {logging_mixin.py:149} INFO - [2026-03-03T00:59:42.031+0000] {dag.py:3490} INFO - Setting next_dagrun for example_trigger_controller_dag to 2021-01-01T00:00:00+00:00, run_after=2021-01-01T00:00:00+00:00
[2026-03-03T00:59:42.041+0000] {processor.py:178} INFO - Processing /home/airflow/.local/lib/python3.7/site-packages/airflow/example_dags/example_trigger_controller_dag.py took 0.035 seconds
[2026-03-03T01:00:13.019+0000] {processor.py:156} INFO - Started process (PID=560) to work on /home/airflow/.local/lib/python3.7/site-packages/airflow/example_dags/example_trigger_controller_dag.py
[2026-03-03T01:00:13.024+0000] {processor.py:799} INFO - Processing file /home/airflow/.local/lib/python3.7/site-packages/airflow/example_dags/example_trigger_controller_dag.py for tasks to queue
[2026-03-03T01:00:13.026+0000] {logging_mixin.py:149} INFO - [2026-03-03T01:00:13.026+0000] {dagbag.py:541} INFO - Filling up the DagBag from /home/airflow/.local/lib/python3.7/site-packages/airflow/example_dags/example_trigger_controller_dag.py
[2026-03-03T01:00:13.035+0000] {processor.py:809} INFO - DAG(s) dict_keys(['example_trigger_controller_dag']) retrieved from /home/airflow/.local/lib/python3.7/site-packages/airflow/example_dags/example_trigger_controller_dag.py
[2026-03-03T01:00:13.099+0000] {logging_mixin.py:149} INFO - [2026-03-03T01:00:13.098+0000] {dag.py:2726} INFO - Sync 1 DAGs
[2026-03-03T01:00:13.183+0000] {logging_mixin.py:149} INFO - [2026-03-03T01:00:13.183+0000] {dag.py:3490} INFO - Setting next_dagrun for example_trigger_controller_dag to 2021-01-01T00:00:00+00:00, run_after=2021-01-01T00:00:00+00:00
[2026-03-03T01:00:13.250+0000] {processor.py:178} INFO - Processing /home/airflow/.local/lib/python3.7/site-packages/airflow/example_dags/example_trigger_controller_dag.py took 0.238 seconds
[2026-03-03T01:00:44.296+0000] {processor.py:156} INFO - Started process (PID=622) to work on /home/airflow/.local/lib/python3.7/site-packages/airflow/example_dags/example_trigger_controller_dag.py
[2026-03-03T01:00:44.301+0000] {processor.py:799} INFO - Processing file /home/airflow/.local/lib/python3.7/site-packages/airflow/example_dags/example_trigger_controller_dag.py for tasks to queue
[2026-03-03T01:00:44.302+0000] {logging_mixin.py:149} INFO - [2026-03-03T01:00:44.302+0000] {dagbag.py:541} INFO - Filling up the DagBag from /home/airflow/.local/lib/python3.7/site-packages/airflow/example_dags/example_trigger_controller_dag.py
[2026-03-03T01:00:44.313+0000] {processor.py:809} INFO - DAG(s) dict_keys(['example_trigger_controller_dag']) retrieved from /home/airflow/.local/lib/python3.7/site-packages/airflow/example_dags/example_trigger_controller_dag.py
[2026-03-03T01:00:44.378+0000] {logging_mixin.py:149} INFO - [2026-03-03T01:00:44.377+0000] {dag.py:2726} INFO - Sync 1 DAGs
[2026-03-03T01:00:44.452+0000] {logging_mixin.py:149} INFO - [2026-03-03T01:00:44.451+0000] {dag.py:3490} INFO - Setting next_dagrun for example_trigger_controller_dag to 2021-01-01T00:00:00+00:00, run_after=2021-01-01T00:00:00+00:00
[2026-03-03T01:00:44.508+0000] {processor.py:178} INFO - Processing /home/airflow/.local/lib/python3.7/site-packages/airflow/example_dags/example_trigger_controller_dag.py took 0.220 seconds
[2026-03-03T01:01:14.832+0000] {processor.py:156} INFO - Started process (PID=684) to work on /home/airflow/.local/lib/python3.7/site-packages/airflow/example_dags/example_trigger_controller_dag.py
[2026-03-03T01:01:14.832+0000] {processor.py:799} INFO - Processing file /home/airflow/.local/lib/python3.7/site-packages/airflow/example_dags/example_trigger_controller_dag.py for tasks to queue
[2026-03-03T01:01:14.833+0000] {logging_mixin.py:149} INFO - [2026-03-03T01:01:14.833+0000] {dagbag.py:541} INFO - Filling up the DagBag from /home/airflow/.local/lib/python3.7/site-packages/airflow/example_dags/example_trigger_controller_dag.py
[2026-03-03T01:01:14.835+0000] {processor.py:809} INFO - DAG(s) dict_keys(['example_trigger_controller_dag']) retrieved from /home/airflow/.local/lib/python3.7/site-packages/airflow/example_dags/example_trigger_controller_dag.py
[2026-03-03T01:01:14.850+0000] {logging_mixin.py:149} INFO - [2026-03-03T01:01:14.850+0000] {dag.py:2726} INFO - Sync 1 DAGs
[2026-03-03T01:01:14.863+0000] {logging_mixin.py:149} INFO - [2026-03-03T01:01:14.863+0000] {dag.py:3490} INFO - Setting next_dagrun for example_trigger_controller_dag to 2021-01-01T00:00:00+00:00, run_after=2021-01-01T00:00:00+00:00
[2026-03-03T01:01:14.871+0000] {processor.py:178} INFO - Processing /home/airflow/.local/lib/python3.7/site-packages/airflow/example_dags/example_trigger_controller_dag.py took 0.041 seconds
[2026-03-03T01:01:45.583+0000] {processor.py:156} INFO - Started process (PID=746) to work on /home/airflow/.local/lib/python3.7/site-packages/airflow/example_dags/example_trigger_controller_dag.py
[2026-03-03T01:01:45.584+0000] {processor.py:799} INFO - Processing file /home/airflow/.local/lib/python3.7/site-packages/airflow/example_dags/example_trigger_controller_dag.py for tasks to queue
[2026-03-03T01:01:45.584+0000] {logging_mixin.py:149} INFO - [2026-03-03T01:01:45.584+0000] {dagbag.py:541} INFO - Filling up the DagBag from /home/airflow/.local/lib/python3.7/site-packages/airflow/example_dags/example_trigger_controller_dag.py
[2026-03-03T01:01:45.586+0000] {processor.py:809} INFO - DAG(s) dict_keys(['example_trigger_controller_dag']) retrieved from /home/airflow/.local/lib/python3.7/site-packages/airflow/example_dags/example_trigger_controller_dag.py
[2026-03-03T01:01:45.601+0000] {logging_mixin.py:149} INFO - [2026-03-03T01:01:45.601+0000] {dag.py:2726} INFO - Sync 1 DAGs
[2026-03-03T01:01:45.613+0000] {logging_mixin.py:149} INFO - [2026-03-03T01:01:45.612+0000] {dag.py:3490} INFO - Setting next_dagrun for example_trigger_controller_dag to 2021-01-01T00:00:00+00:00, run_after=2021-01-01T00:00:00+00:00
[2026-03-03T01:01:45.620+0000] {processor.py:178} INFO - Processing /home/airflow/.local/lib/python3.7/site-packages/airflow/example_dags/example_trigger_controller_dag.py took 0.039 seconds
[2026-03-03T01:02:16.416+0000] {processor.py:156} INFO - Started process (PID=808) to work on /home/airflow/.local/lib/python3.7/site-packages/airflow/example_dags/example_trigger_controller_dag.py
[2026-03-03T01:02:16.417+0000] {processor.py:799} INFO - Processing file /home/airflow/.local/lib/python3.7/site-packages/airflow/example_dags/example_trigger_controller_dag.py for tasks to queue
[2026-03-03T01:02:16.418+0000] {logging_mixin.py:149} INFO - [2026-03-03T01:02:16.418+0000] {dagbag.py:541} INFO - Filling up the DagBag from /home/airflow/.local/lib/python3.7/site-packages/airflow/example_dags/example_trigger_controller_dag.py
[2026-03-03T01:02:16.421+0000] {processor.py:809} INFO - DAG(s) dict_keys(['example_trigger_controller_dag']) retrieved from /home/airflow/.local/lib/python3.7/site-packages/airflow/example_dags/example_trigger_controller_dag.py
[2026-03-03T01:02:16.435+0000] {logging_mixin.py:149} INFO - [2026-03-03T01:02:16.435+0000] {dag.py:2726} INFO - Sync 1 DAGs
[2026-03-03T01:02:16.449+0000] {logging_mixin.py:149} INFO - [2026-03-03T01:02:16.449+0000] {dag.py:3490} INFO - Setting next_dagrun for example_trigger_controller_dag to 2021-01-01T00:00:00+00:00, run_after=2021-01-01T00:00:00+00:00
[2026-03-03T01:02:16.460+0000] {processor.py:178} INFO - Processing /home/airflow/.local/lib/python3.7/site-packages/airflow/example_dags/example_trigger_controller_dag.py took 0.046 seconds
[2026-03-03T01:02:47.149+0000] {processor.py:156} INFO - Started process (PID=870) to work on /home/airflow/.local/lib/python3.7/site-packages/airflow/example_dags/example_trigger_controller_dag.py
[2026-03-03T01:02:47.149+0000] {processor.py:799} INFO - Processing file /home/airflow/.local/lib/python3.7/site-packages/airflow/example_dags/example_trigger_controller_dag.py for tasks to queue
[2026-03-03T01:02:47.150+0000] {logging_mixin.py:149} INFO - [2026-03-03T01:02:47.150+0000] {dagbag.py:541} INFO - Filling up the DagBag from /home/airflow/.local/lib/python3.7/site-packages/airflow/example_dags/example_trigger_controller_dag.py
[2026-03-03T01:02:47.151+0000] {processor.py:809} INFO - DAG(s) dict_keys(['example_trigger_controller_dag']) retrieved from /home/airflow/.local/lib/python3.7/site-packages/airflow/example_dags/example_trigger_controller_dag.py
[2026-03-03T01:02:47.164+0000] {logging_mixin.py:149} INFO - [2026-03-03T01:02:47.164+0000] {dag.py:2726} INFO - Sync 1 DAGs
[2026-03-03T01:02:47.175+0000] {logging_mixin.py:149} INFO - [2026-03-03T01:02:47.175+0000] {dag.py:3490} INFO - Setting next_dagrun for example_trigger_controller_dag to 2021-01-01T00:00:00+00:00, run_after=2021-01-01T00:00:00+00:00
[2026-03-03T01:02:47.183+0000] {processor.py:178} INFO - Processing /home/airflow/.local/lib/python3.7/site-packages/airflow/example_dags/example_trigger_controller_dag.py took 0.035 seconds
[2026-03-03T01:03:17.954+0000] {processor.py:156} INFO - Started process (PID=932) to work on /home/airflow/.local/lib/python3.7/site-packages/airflow/example_dags/example_trigger_controller_dag.py
[2026-03-03T01:03:17.954+0000] {processor.py:799} INFO - Processing file /home/airflow/.local/lib/python3.7/site-packages/airflow/example_dags/example_trigger_controller_dag.py for tasks to queue
[2026-03-03T01:03:17.955+0000] {logging_mixin.py:149} INFO - [2026-03-03T01:03:17.955+0000] {dagbag.py:541} INFO - Filling up the DagBag from /home/airflow/.local/lib/python3.7/site-packages/airflow/example_dags/example_trigger_controller_dag.py
[2026-03-03T01:03:17.957+0000] {processor.py:809} INFO - DAG(s) dict_keys(['example_trigger_controller_dag']) retrieved from /home/airflow/.local/lib/python3.7/site-packages/airflow/example_dags/example_trigger_controller_dag.py
[2026-03-03T01:03:17.970+0000] {logging_mixin.py:149} INFO - [2026-03-03T01:03:17.969+0000] {dag.py:2726} INFO - Sync 1 DAGs
[2026-03-03T01:03:17.980+0000] {logging_mixin.py:149} INFO - [2026-03-03T01:03:17.980+0000] {dag.py:3490} INFO - Setting next_dagrun for example_trigger_controller_dag to 2021-01-01T00:00:00+00:00, run_after=2021-01-01T00:00:00+00:00
[2026-03-03T01:03:17.987+0000] {processor.py:178} INFO - Processing /home/airflow/.local/lib/python3.7/site-packages/airflow/example_dags/example_trigger_controller_dag.py took 0.035 seconds
[2026-03-03T01:03:48.702+0000] {processor.py:156} INFO - Started process (PID=994) to work on /home/airflow/.local/lib/python3.7/site-packages/airflow/example_dags/example_trigger_controller_dag.py
[2026-03-03T01:03:48.705+0000] {processor.py:799} INFO - Processing file /home/airflow/.local/lib/python3.7/site-packages/airflow/example_dags/example_trigger_controller_dag.py for tasks to queue
[2026-03-03T01:03:48.705+0000] {logging_mixin.py:149} INFO - [2026-03-03T01:03:48.705+0000] {dagbag.py:541} INFO - Filling up the DagBag from /home/airflow/.local/lib/python3.7/site-packages/airflow/example_dags/example_trigger_controller_dag.py
[2026-03-03T01:03:48.707+0000] {processor.py:809} INFO - DAG(s) dict_keys(['example_trigger_controller_dag']) retrieved from /home/airflow/.local/lib/python3.7/site-packages/airflow/example_dags/example_trigger_controller_dag.py
[2026-03-03T01:03:48.723+0000] {logging_mixin.py:149} INFO - [2026-03-03T01:03:48.723+0000] {dag.py:2726} INFO - Sync 1 DAGs
[2026-03-03T01:03:48.738+0000] {logging_mixin.py:149} INFO - [2026-03-03T01:03:48.738+0000] {dag.py:3490} INFO - Setting next_dagrun for example_trigger_controller_dag to 2021-01-01T00:00:00+00:00, run_after=2021-01-01T00:00:00+00:00
[2026-03-03T01:03:48.755+0000] {processor.py:178} INFO - Processing /home/airflow/.local/lib/python3.7/site-packages/airflow/example_dags/example_trigger_controller_dag.py took 0.055 seconds
[2026-03-03T01:04:19.403+0000] {processor.py:156} INFO - Started process (PID=1056) to work on /home/airflow/.local/lib/python3.7/site-packages/airflow/example_dags/example_trigger_controller_dag.py
[2026-03-03T01:04:19.404+0000] {processor.py:799} INFO - Processing file /home/airflow/.local/lib/python3.7/site-packages/airflow/example_dags/example_trigger_controller_dag.py for tasks to queue
[2026-03-03T01:04:19.404+0000] {logging_mixin.py:149} INFO - [2026-03-03T01:04:19.404+0000] {dagbag.py:541} INFO - Filling up the DagBag from /home/airflow/.local/lib/python3.7/site-packages/airflow/example_dags/example_trigger_controller_dag.py
[2026-03-03T01:04:19.406+0000] {processor.py:809} INFO - DAG(s) dict_keys(['example_trigger_controller_dag']) retrieved from /home/airflow/.local/lib/python3.7/site-packages/airflow/example_dags/example_trigger_controller_dag.py
[2026-03-03T01:04:19.422+0000] {logging_mixin.py:149} INFO - [2026-03-03T01:04:19.422+0000] {dag.py:2726} INFO - Sync 1 DAGs
[2026-03-03T01:04:19.434+0000] {logging_mixin.py:149} INFO - [2026-03-03T01:04:19.434+0000] {dag.py:3490} INFO - Setting next_dagrun for example_trigger_controller_dag to 2021-01-01T00:00:00+00:00, run_after=2021-01-01T00:00:00+00:00
[2026-03-03T01:04:19.441+0000] {processor.py:178} INFO - Processing /home/airflow/.local/lib/python3.7/site-packages/airflow/example_dags/example_trigger_controller_dag.py took 0.039 seconds
[2026-03-03T01:04:49.998+0000] {processor.py:156} INFO - Started process (PID=1118) to work on /home/airflow/.local/lib/python3.7/site-packages/airflow/example_dags/example_trigger_controller_dag.py
[2026-03-03T01:04:49.998+0000] {processor.py:799} INFO - Processing file /home/airflow/.local/lib/python3.7/site-packages/airflow/example_dags/example_trigger_controller_dag.py for tasks to queue
[2026-03-03T01:04:49.998+0000] {logging_mixin.py:149} INFO - [2026-03-03T01:04:49.998+0000] {dagbag.py:541} INFO - Filling up the DagBag from /home/airflow/.local/lib/python3.7/site-packages/airflow/example_dags/example_trigger_controller_dag.py
[2026-03-03T01:04:50.000+0000] {processor.py:809} INFO - DAG(s) dict_keys(['example_trigger_controller_dag']) retrieved from /home/airflow/.local/lib/python3.7/site-packages/airflow/example_dags/example_trigger_controller_dag.py
[2026-03-03T01:04:50.013+0000] {logging_mixin.py:149} INFO - [2026-03-03T01:04:50.013+0000] {dag.py:2726} INFO - Sync 1 DAGs
[2026-03-03T01:04:50.024+0000] {logging_mixin.py:149} INFO - [2026-03-03T01:04:50.024+0000] {dag.py:3490} INFO - Setting next_dagrun for example_trigger_controller_dag to 2021-01-01T00:00:00+00:00, run_after=2021-01-01T00:00:00+00:00
[2026-03-03T01:04:50.033+0000] {processor.py:178} INFO - Processing /home/airflow/.local/lib/python3.7/site-packages/airflow/example_dags/example_trigger_controller_dag.py took 0.037 seconds
[2026-03-03T01:05:20.809+0000] {processor.py:156} INFO - Started process (PID=1180) to work on /home/airflow/.local/lib/python3.7/site-packages/airflow/example_dags/example_trigger_controller_dag.py
[2026-03-03T01:05:20.810+0000] {processor.py:799} INFO - Processing file /home/airflow/.local/lib/python3.7/site-packages/airflow/example_dags/example_trigger_controller_dag.py for tasks to queue
[2026-03-03T01:05:20.810+0000] {logging_mixin.py:149} INFO - [2026-03-03T01:05:20.810+0000] {dagbag.py:541} INFO - Filling up the DagBag from /home/airflow/.local/lib/python3.7/site-packages/airflow/example_dags/example_trigger_controller_dag.py
[2026-03-03T01:05:20.812+0000] {processor.py:809} INFO - DAG(s) dict_keys(['example_trigger_controller_dag']) retrieved from /home/airflow/.local/lib/python3.7/site-packages/airflow/example_dags/example_trigger_controller_dag.py
[2026-03-03T01:05:20.829+0000] {logging_mixin.py:149} INFO - [2026-03-03T01:05:20.829+0000] {dag.py:2726} INFO - Sync 1 DAGs
[2026-03-03T01:05:20.841+0000] {logging_mixin.py:149} INFO - [2026-03-03T01:05:20.841+0000] {dag.py:3490} INFO - Setting next_dagrun for example_trigger_controller_dag to 2021-01-01T00:00:00+00:00, run_after=2021-01-01T00:00:00+00:00
[2026-03-03T01:05:20.850+0000] {processor.py:178} INFO - Processing /home/airflow/.local/lib/python3.7/site-packages/airflow/example_dags/example_trigger_controller_dag.py took 0.042 seconds
[2026-03-03T01:05:51.537+0000] {processor.py:156} INFO - Started process (PID=1242) to work on /home/airflow/.local/lib/python3.7/site-packages/airflow/example_dags/example_trigger_controller_dag.py
[2026-03-03T01:05:51.537+0000] {processor.py:799} INFO - Processing file /home/airflow/.local/lib/python3.7/site-packages/airflow/example_dags/example_trigger_controller_dag.py for tasks to queue
[2026-03-03T01:05:51.537+0000] {logging_mixin.py:149} INFO - [2026-03-03T01:05:51.537+0000] {dagbag.py:541} INFO - Filling up the DagBag from /home/airflow/.local/lib/python3.7/site-packages/airflow/example_dags/example_trigger_controller_dag.py
[2026-03-03T01:05:51.539+0000] {processor.py:809} INFO - DAG(s) dict_keys(['example_trigger_controller_dag']) retrieved from /home/airflow/.local/lib/python3.7/site-packages/airflow/example_dags/example_trigger_controller_dag.py
[2026-03-03T01:05:51.552+0000] {logging_mixin.py:149} INFO - [2026-03-03T01:05:51.552+0000] {dag.py:2726} INFO - Sync 1 DAGs
[2026-03-03T01:05:51.563+0000] {logging_mixin.py:149} INFO - [2026-03-03T01:05:51.563+0000] {dag.py:3490} INFO - Setting next_dagrun for example_trigger_controller_dag to 2021-01-01T00:00:00+00:00, run_after=2021-01-01T00:00:00+00:00
[2026-03-03T01:05:51.570+0000] {processor.py:178} INFO - Processing /home/airflow/.local/lib/python3.7/site-packages/airflow/example_dags/example_trigger_controller_dag.py took 0.035 seconds
[2026-03-03T01:06:22.018+0000] {processor.py:156} INFO - Started process (PID=1304) to work on /home/airflow/.local/lib/python3.7/site-packages/airflow/example_dags/example_trigger_controller_dag.py
[2026-03-03T01:06:22.018+0000] {processor.py:799} INFO - Processing file /home/airflow/.local/lib/python3.7/site-packages/airflow/example_dags/example_trigger_controller_dag.py for tasks to queue
[2026-03-03T01:06:22.018+0000] {logging_mixin.py:149} INFO - [2026-03-03T01:06:22.018+0000] {dagbag.py:541} INFO - Filling up the DagBag from /home/airflow/.local/lib/python3.7/site-packages/airflow/example_dags/example_trigger_controller_dag.py
[2026-03-03T01:06:22.020+0000] {processor.py:809} INFO - DAG(s) dict_keys(['example_trigger_controller_dag']) retrieved from /home/airflow/.local/lib/python3.7/site-packages/airflow/example_dags/example_trigger_controller_dag.py
[2026-03-03T01:06:22.033+0000] {logging_mixin.py:149} INFO - [2026-03-03T01:06:22.033+0000] {dag.py:2726} INFO - Sync 1 DAGs
[2026-03-03T01:06:22.043+0000] {logging_mixin.py:149} INFO - [2026-03-03T01:06:22.043+0000] {dag.py:3490} INFO - Setting next_dagrun for example_trigger_controller_dag to 2021-01-01T00:00:00+00:00, run_after=2021-01-01T00:00:00+00:00
[2026-03-03T01:06:22.051+0000] {processor.py:178} INFO - Processing /home/airflow/.local/lib/python3.7/site-packages/airflow/example_dags/example_trigger_controller_dag.py took 0.035 seconds
[2026-03-03T01:07:09.704+0000] {processor.py:156} INFO - Started process (PID=56) to work on /home/airflow/.local/lib/python3.7/site-packages/airflow/example_dags/example_trigger_controller_dag.py
[2026-03-03T01:07:09.707+0000] {processor.py:799} INFO - Processing file /home/airflow/.local/lib/python3.7/site-packages/airflow/example_dags/example_trigger_controller_dag.py for tasks to queue
[2026-03-03T01:07:09.709+0000] {logging_mixin.py:149} INFO - [2026-03-03T01:07:09.709+0000] {dagbag.py:541} INFO - Filling up the DagBag from /home/airflow/.local/lib/python3.7/site-packages/airflow/example_dags/example_trigger_controller_dag.py
[2026-03-03T01:07:09.712+0000] {processor.py:809} INFO - DAG(s) dict_keys(['example_trigger_controller_dag']) retrieved from /home/airflow/.local/lib/python3.7/site-packages/airflow/example_dags/example_trigger_controller_dag.py
[2026-03-03T01:07:09.732+0000] {logging_mixin.py:149} INFO - [2026-03-03T01:07:09.732+0000] {dag.py:2726} INFO - Sync 1 DAGs
[2026-03-03T01:07:09.760+0000] {logging_mixin.py:149} INFO - [2026-03-03T01:07:09.760+0000] {dag.py:3490} INFO - Setting next_dagrun for example_trigger_controller_dag to 2021-01-01T00:00:00+00:00, run_after=2021-01-01T00:00:00+00:00
[2026-03-03T01:07:09.784+0000] {processor.py:178} INFO - Processing /home/airflow/.local/lib/python3.7/site-packages/airflow/example_dags/example_trigger_controller_dag.py took 0.084 seconds
[2026-03-03T01:07:39.816+0000] {processor.py:156} INFO - Started process (PID=118) to work on /home/airflow/.local/lib/python3.7/site-packages/airflow/example_dags/example_trigger_controller_dag.py
[2026-03-03T01:07:39.816+0000] {processor.py:799} INFO - Processing file /home/airflow/.local/lib/python3.7/site-packages/airflow/example_dags/example_trigger_controller_dag.py for tasks to queue
[2026-03-03T01:07:39.816+0000] {logging_mixin.py:149} INFO - [2026-03-03T01:07:39.816+0000] {dagbag.py:541} INFO - Filling up the DagBag from /home/airflow/.local/lib/python3.7/site-packages/airflow/example_dags/example_trigger_controller_dag.py
[2026-03-03T01:07:39.818+0000] {processor.py:809} INFO - DAG(s) dict_keys(['example_trigger_controller_dag']) retrieved from /home/airflow/.local/lib/python3.7/site-packages/airflow/example_dags/example_trigger_controller_dag.py
[2026-03-03T01:07:39.830+0000] {logging_mixin.py:149} INFO - [2026-03-03T01:07:39.830+0000] {dag.py:2726} INFO - Sync 1 DAGs
[2026-03-03T01:07:39.840+0000] {logging_mixin.py:149} INFO - [2026-03-03T01:07:39.840+0000] {dag.py:3490} INFO - Setting next_dagrun for example_trigger_controller_dag to 2021-01-01T00:00:00+00:00, run_after=2021-01-01T00:00:00+00:00
[2026-03-03T01:07:39.847+0000] {processor.py:178} INFO - Processing /home/airflow/.local/lib/python3.7/site-packages/airflow/example_dags/example_trigger_controller_dag.py took 0.033 seconds
[2026-03-03T01:08:17.301+0000] {processor.py:156} INFO - Started process (PID=187) to work on /home/airflow/.local/lib/python3.7/site-packages/airflow/example_dags/example_trigger_controller_dag.py
[2026-03-03T01:08:17.305+0000] {processor.py:799} INFO - Processing file /home/airflow/.local/lib/python3.7/site-packages/airflow/example_dags/example_trigger_controller_dag.py for tasks to queue
[2026-03-03T01:08:17.307+0000] {logging_mixin.py:149} INFO - [2026-03-03T01:08:17.306+0000] {dagbag.py:541} INFO - Filling up the DagBag from /home/airflow/.local/lib/python3.7/site-packages/airflow/example_dags/example_trigger_controller_dag.py
[2026-03-03T01:08:17.316+0000] {processor.py:809} INFO - DAG(s) dict_keys(['example_trigger_controller_dag']) retrieved from /home/airflow/.local/lib/python3.7/site-packages/airflow/example_dags/example_trigger_controller_dag.py
[2026-03-03T01:08:17.380+0000] {logging_mixin.py:149} INFO - [2026-03-03T01:08:17.379+0000] {dag.py:2726} INFO - Sync 1 DAGs
[2026-03-03T01:08:17.789+0000] {logging_mixin.py:149} INFO - [2026-03-03T01:08:17.788+0000] {dag.py:3490} INFO - Setting next_dagrun for example_trigger_controller_dag to 2021-01-01T00:00:00+00:00, run_after=2021-01-01T00:00:00+00:00
[2026-03-03T01:08:17.844+0000] {processor.py:178} INFO - Processing /home/airflow/.local/lib/python3.7/site-packages/airflow/example_dags/example_trigger_controller_dag.py took 0.550 seconds
[2026-03-03T01:08:48.218+0000] {processor.py:156} INFO - Started process (PID=249) to work on /home/airflow/.local/lib/python3.7/site-packages/airflow/example_dags/example_trigger_controller_dag.py
[2026-03-03T01:08:48.219+0000] {processor.py:799} INFO - Processing file /home/airflow/.local/lib/python3.7/site-packages/airflow/example_dags/example_trigger_controller_dag.py for tasks to queue
[2026-03-03T01:08:48.220+0000] {logging_mixin.py:149} INFO - [2026-03-03T01:08:48.220+0000] {dagbag.py:541} INFO - Filling up the DagBag from /home/airflow/.local/lib/python3.7/site-packages/airflow/example_dags/example_trigger_controller_dag.py
[2026-03-03T01:08:48.223+0000] {processor.py:809} INFO - DAG(s) dict_keys(['example_trigger_controller_dag']) retrieved from /home/airflow/.local/lib/python3.7/site-packages/airflow/example_dags/example_trigger_controller_dag.py
[2026-03-03T01:08:48.243+0000] {logging_mixin.py:149} INFO - [2026-03-03T01:08:48.243+0000] {dag.py:2726} INFO - Sync 1 DAGs
[2026-03-03T01:08:48.258+0000] {logging_mixin.py:149} INFO - [2026-03-03T01:08:48.258+0000] {dag.py:3490} INFO - Setting next_dagrun for example_trigger_controller_dag to 2021-01-01T00:00:00+00:00, run_after=2021-01-01T00:00:00+00:00
[2026-03-03T01:08:48.270+0000] {processor.py:178} INFO - Processing /home/airflow/.local/lib/python3.7/site-packages/airflow/example_dags/example_trigger_controller_dag.py took 0.055 seconds
[2026-03-03T01:09:19.186+0000] {processor.py:156} INFO - Started process (PID=311) to work on /home/airflow/.local/lib/python3.7/site-packages/airflow/example_dags/example_trigger_controller_dag.py
[2026-03-03T01:09:19.186+0000] {processor.py:799} INFO - Processing file /home/airflow/.local/lib/python3.7/site-packages/airflow/example_dags/example_trigger_controller_dag.py for tasks to queue
[2026-03-03T01:09:19.187+0000] {logging_mixin.py:149} INFO - [2026-03-03T01:09:19.187+0000] {dagbag.py:541} INFO - Filling up the DagBag from /home/airflow/.local/lib/python3.7/site-packages/airflow/example_dags/example_trigger_controller_dag.py
[2026-03-03T01:09:19.191+0000] {processor.py:809} INFO - DAG(s) dict_keys(['example_trigger_controller_dag']) retrieved from /home/airflow/.local/lib/python3.7/site-packages/airflow/example_dags/example_trigger_controller_dag.py
[2026-03-03T01:09:19.210+0000] {logging_mixin.py:149} INFO - [2026-03-03T01:09:19.210+0000] {dag.py:2726} INFO - Sync 1 DAGs
[2026-03-03T01:09:19.227+0000] {logging_mixin.py:149} INFO - [2026-03-03T01:09:19.227+0000] {dag.py:3490} INFO - Setting next_dagrun for example_trigger_controller_dag to 2021-01-01T00:00:00+00:00, run_after=2021-01-01T00:00:00+00:00
[2026-03-03T01:09:19.242+0000] {processor.py:178} INFO - Processing /home/airflow/.local/lib/python3.7/site-packages/airflow/example_dags/example_trigger_controller_dag.py took 0.059 seconds
[2026-03-03T01:09:49.504+0000] {processor.py:156} INFO - Started process (PID=373) to work on /home/airflow/.local/lib/python3.7/site-packages/airflow/example_dags/example_trigger_controller_dag.py
[2026-03-03T01:09:49.506+0000] {processor.py:799} INFO - Processing file /home/airflow/.local/lib/python3.7/site-packages/airflow/example_dags/example_trigger_controller_dag.py for tasks to queue
[2026-03-03T01:09:49.508+0000] {logging_mixin.py:149} INFO - [2026-03-03T01:09:49.507+0000] {dagbag.py:541} INFO - Filling up the DagBag from /home/airflow/.local/lib/python3.7/site-packages/airflow/example_dags/example_trigger_controller_dag.py
[2026-03-03T01:09:49.519+0000] {processor.py:809} INFO - DAG(s) dict_keys(['example_trigger_controller_dag']) retrieved from /home/airflow/.local/lib/python3.7/site-packages/airflow/example_dags/example_trigger_controller_dag.py
[2026-03-03T01:09:49.589+0000] {logging_mixin.py:149} INFO - [2026-03-03T01:09:49.589+0000] {dag.py:2726} INFO - Sync 1 DAGs
[2026-03-03T01:09:49.704+0000] {logging_mixin.py:149} INFO - [2026-03-03T01:09:49.704+0000] {dag.py:3490} INFO - Setting next_dagrun for example_trigger_controller_dag to 2021-01-01T00:00:00+00:00, run_after=2021-01-01T00:00:00+00:00
[2026-03-03T01:09:49.723+0000] {processor.py:178} INFO - Processing /home/airflow/.local/lib/python3.7/site-packages/airflow/example_dags/example_trigger_controller_dag.py took 0.225 seconds
[2026-03-03T01:10:20.331+0000] {processor.py:156} INFO - Started process (PID=435) to work on /home/airflow/.local/lib/python3.7/site-packages/airflow/example_dags/example_trigger_controller_dag.py
[2026-03-03T01:10:20.335+0000] {processor.py:799} INFO - Processing file /home/airflow/.local/lib/python3.7/site-packages/airflow/example_dags/example_trigger_controller_dag.py for tasks to queue
[2026-03-03T01:10:20.337+0000] {logging_mixin.py:149} INFO - [2026-03-03T01:10:20.337+0000] {dagbag.py:541} INFO - Filling up the DagBag from /home/airflow/.local/lib/python3.7/site-packages/airflow/example_dags/example_trigger_controller_dag.py
[2026-03-03T01:10:20.349+0000] {processor.py:809} INFO - DAG(s) dict_keys(['example_trigger_controller_dag']) retrieved from /home/airflow/.local/lib/python3.7/site-packages/airflow/example_dags/example_trigger_controller_dag.py
[2026-03-03T01:10:20.408+0000] {logging_mixin.py:149} INFO - [2026-03-03T01:10:20.407+0000] {dag.py:2726} INFO - Sync 1 DAGs
[2026-03-03T01:10:20.474+0000] {logging_mixin.py:149} INFO - [2026-03-03T01:10:20.473+0000] {dag.py:3490} INFO - Setting next_dagrun for example_trigger_controller_dag to 2021-01-01T00:00:00+00:00, run_after=2021-01-01T00:00:00+00:00
[2026-03-03T01:10:20.533+0000] {processor.py:178} INFO - Processing /home/airflow/.local/lib/python3.7/site-packages/airflow/example_dags/example_trigger_controller_dag.py took 0.210 seconds
[2026-03-03T01:10:51.351+0000] {processor.py:156} INFO - Started process (PID=497) to work on /home/airflow/.local/lib/python3.7/site-packages/airflow/example_dags/example_trigger_controller_dag.py
[2026-03-03T01:10:51.353+0000] {processor.py:799} INFO - Processing file /home/airflow/.local/lib/python3.7/site-packages/airflow/example_dags/example_trigger_controller_dag.py for tasks to queue
[2026-03-03T01:10:51.354+0000] {logging_mixin.py:149} INFO - [2026-03-03T01:10:51.354+0000] {dagbag.py:541} INFO - Filling up the DagBag from /home/airflow/.local/lib/python3.7/site-packages/airflow/example_dags/example_trigger_controller_dag.py
[2026-03-03T01:10:51.362+0000] {processor.py:809} INFO - DAG(s) dict_keys(['example_trigger_controller_dag']) retrieved from /home/airflow/.local/lib/python3.7/site-packages/airflow/example_dags/example_trigger_controller_dag.py
[2026-03-03T01:10:51.408+0000] {logging_mixin.py:149} INFO - [2026-03-03T01:10:51.408+0000] {dag.py:2726} INFO - Sync 1 DAGs
[2026-03-03T01:10:51.470+0000] {logging_mixin.py:149} INFO - [2026-03-03T01:10:51.469+0000] {dag.py:3490} INFO - Setting next_dagrun for example_trigger_controller_dag to 2021-01-01T00:00:00+00:00, run_after=2021-01-01T00:00:00+00:00
[2026-03-03T01:10:51.514+0000] {processor.py:178} INFO - Processing /home/airflow/.local/lib/python3.7/site-packages/airflow/example_dags/example_trigger_controller_dag.py took 0.169 seconds
[2026-03-03T01:11:22.045+0000] {processor.py:156} INFO - Started process (PID=559) to work on /home/airflow/.local/lib/python3.7/site-packages/airflow/example_dags/example_trigger_controller_dag.py
[2026-03-03T01:11:22.047+0000] {processor.py:799} INFO - Processing file /home/airflow/.local/lib/python3.7/site-packages/airflow/example_dags/example_trigger_controller_dag.py for tasks to queue
[2026-03-03T01:11:22.047+0000] {logging_mixin.py:149} INFO - [2026-03-03T01:11:22.047+0000] {dagbag.py:541} INFO - Filling up the DagBag from /home/airflow/.local/lib/python3.7/site-packages/airflow/example_dags/example_trigger_controller_dag.py
[2026-03-03T01:11:22.050+0000] {processor.py:809} INFO - DAG(s) dict_keys(['example_trigger_controller_dag']) retrieved from /home/airflow/.local/lib/python3.7/site-packages/airflow/example_dags/example_trigger_controller_dag.py
[2026-03-03T01:11:22.069+0000] {logging_mixin.py:149} INFO - [2026-03-03T01:11:22.068+0000] {dag.py:2726} INFO - Sync 1 DAGs
[2026-03-03T01:11:22.083+0000] {logging_mixin.py:149} INFO - [2026-03-03T01:11:22.082+0000] {dag.py:3490} INFO - Setting next_dagrun for example_trigger_controller_dag to 2021-01-01T00:00:00+00:00, run_after=2021-01-01T00:00:00+00:00
[2026-03-03T01:11:22.096+0000] {processor.py:178} INFO - Processing /home/airflow/.local/lib/python3.7/site-packages/airflow/example_dags/example_trigger_controller_dag.py took 0.053 seconds
[2026-03-03T01:11:53.477+0000] {processor.py:156} INFO - Started process (PID=621) to work on /home/airflow/.local/lib/python3.7/site-packages/airflow/example_dags/example_trigger_controller_dag.py
[2026-03-03T01:11:53.480+0000] {processor.py:799} INFO - Processing file /home/airflow/.local/lib/python3.7/site-packages/airflow/example_dags/example_trigger_controller_dag.py for tasks to queue
[2026-03-03T01:11:53.482+0000] {logging_mixin.py:149} INFO - [2026-03-03T01:11:53.482+0000] {dagbag.py:541} INFO - Filling up the DagBag from /home/airflow/.local/lib/python3.7/site-packages/airflow/example_dags/example_trigger_controller_dag.py
[2026-03-03T01:11:53.490+0000] {processor.py:809} INFO - DAG(s) dict_keys(['example_trigger_controller_dag']) retrieved from /home/airflow/.local/lib/python3.7/site-packages/airflow/example_dags/example_trigger_controller_dag.py
[2026-03-03T01:11:53.550+0000] {logging_mixin.py:149} INFO - [2026-03-03T01:11:53.550+0000] {dag.py:2726} INFO - Sync 1 DAGs
[2026-03-03T01:11:53.619+0000] {logging_mixin.py:149} INFO - [2026-03-03T01:11:53.619+0000] {dag.py:3490} INFO - Setting next_dagrun for example_trigger_controller_dag to 2021-01-01T00:00:00+00:00, run_after=2021-01-01T00:00:00+00:00
[2026-03-03T01:11:53.671+0000] {processor.py:178} INFO - Processing /home/airflow/.local/lib/python3.7/site-packages/airflow/example_dags/example_trigger_controller_dag.py took 0.200 seconds
[2026-03-03T01:12:24.218+0000] {processor.py:156} INFO - Started process (PID=683) to work on /home/airflow/.local/lib/python3.7/site-packages/airflow/example_dags/example_trigger_controller_dag.py
[2026-03-03T01:12:24.220+0000] {processor.py:799} INFO - Processing file /home/airflow/.local/lib/python3.7/site-packages/airflow/example_dags/example_trigger_controller_dag.py for tasks to queue
[2026-03-03T01:12:24.222+0000] {logging_mixin.py:149} INFO - [2026-03-03T01:12:24.222+0000] {dagbag.py:541} INFO - Filling up the DagBag from /home/airflow/.local/lib/python3.7/site-packages/airflow/example_dags/example_trigger_controller_dag.py
[2026-03-03T01:12:24.231+0000] {processor.py:809} INFO - DAG(s) dict_keys(['example_trigger_controller_dag']) retrieved from /home/airflow/.local/lib/python3.7/site-packages/airflow/example_dags/example_trigger_controller_dag.py
[2026-03-03T01:12:24.279+0000] {logging_mixin.py:149} INFO - [2026-03-03T01:12:24.279+0000] {dag.py:2726} INFO - Sync 1 DAGs
[2026-03-03T01:12:24.331+0000] {logging_mixin.py:149} INFO - [2026-03-03T01:12:24.330+0000] {dag.py:3490} INFO - Setting next_dagrun for example_trigger_controller_dag to 2021-01-01T00:00:00+00:00, run_after=2021-01-01T00:00:00+00:00
[2026-03-03T01:12:24.372+0000] {processor.py:178} INFO - Processing /home/airflow/.local/lib/python3.7/site-packages/airflow/example_dags/example_trigger_controller_dag.py took 0.160 seconds
[2026-03-03T01:12:55.048+0000] {processor.py:156} INFO - Started process (PID=745) to work on /home/airflow/.local/lib/python3.7/site-packages/airflow/example_dags/example_trigger_controller_dag.py
[2026-03-03T01:12:55.049+0000] {processor.py:799} INFO - Processing file /home/airflow/.local/lib/python3.7/site-packages/airflow/example_dags/example_trigger_controller_dag.py for tasks to queue
[2026-03-03T01:12:55.049+0000] {logging_mixin.py:149} INFO - [2026-03-03T01:12:55.049+0000] {dagbag.py:541} INFO - Filling up the DagBag from /home/airflow/.local/lib/python3.7/site-packages/airflow/example_dags/example_trigger_controller_dag.py
[2026-03-03T01:12:55.051+0000] {processor.py:809} INFO - DAG(s) dict_keys(['example_trigger_controller_dag']) retrieved from /home/airflow/.local/lib/python3.7/site-packages/airflow/example_dags/example_trigger_controller_dag.py
[2026-03-03T01:12:55.066+0000] {logging_mixin.py:149} INFO - [2026-03-03T01:12:55.066+0000] {dag.py:2726} INFO - Sync 1 DAGs
[2026-03-03T01:12:55.078+0000] {logging_mixin.py:149} INFO - [2026-03-03T01:12:55.078+0000] {dag.py:3490} INFO - Setting next_dagrun for example_trigger_controller_dag to 2021-01-01T00:00:00+00:00, run_after=2021-01-01T00:00:00+00:00
[2026-03-03T01:12:55.089+0000] {processor.py:178} INFO - Processing /home/airflow/.local/lib/python3.7/site-packages/airflow/example_dags/example_trigger_controller_dag.py took 0.042 seconds
[2026-03-03T01:13:25.505+0000] {processor.py:156} INFO - Started process (PID=807) to work on /home/airflow/.local/lib/python3.7/site-packages/airflow/example_dags/example_trigger_controller_dag.py
[2026-03-03T01:13:25.506+0000] {processor.py:799} INFO - Processing file /home/airflow/.local/lib/python3.7/site-packages/airflow/example_dags/example_trigger_controller_dag.py for tasks to queue
[2026-03-03T01:13:25.506+0000] {logging_mixin.py:149} INFO - [2026-03-03T01:13:25.506+0000] {dagbag.py:541} INFO - Filling up the DagBag from /home/airflow/.local/lib/python3.7/site-packages/airflow/example_dags/example_trigger_controller_dag.py
[2026-03-03T01:13:25.508+0000] {processor.py:809} INFO - DAG(s) dict_keys(['example_trigger_controller_dag']) retrieved from /home/airflow/.local/lib/python3.7/site-packages/airflow/example_dags/example_trigger_controller_dag.py
[2026-03-03T01:13:25.521+0000] {logging_mixin.py:149} INFO - [2026-03-03T01:13:25.521+0000] {dag.py:2726} INFO - Sync 1 DAGs
[2026-03-03T01:13:25.534+0000] {logging_mixin.py:149} INFO - [2026-03-03T01:13:25.534+0000] {dag.py:3490} INFO - Setting next_dagrun for example_trigger_controller_dag to 2021-01-01T00:00:00+00:00, run_after=2021-01-01T00:00:00+00:00
[2026-03-03T01:13:25.544+0000] {processor.py:178} INFO - Processing /home/airflow/.local/lib/python3.7/site-packages/airflow/example_dags/example_trigger_controller_dag.py took 0.041 seconds
[2026-03-03T01:13:56.208+0000] {processor.py:156} INFO - Started process (PID=869) to work on /home/airflow/.local/lib/python3.7/site-packages/airflow/example_dags/example_trigger_controller_dag.py
[2026-03-03T01:13:56.209+0000] {processor.py:799} INFO - Processing file /home/airflow/.local/lib/python3.7/site-packages/airflow/example_dags/example_trigger_controller_dag.py for tasks to queue
[2026-03-03T01:13:56.209+0000] {logging_mixin.py:149} INFO - [2026-03-03T01:13:56.209+0000] {dagbag.py:541} INFO - Filling up the DagBag from /home/airflow/.local/lib/python3.7/site-packages/airflow/example_dags/example_trigger_controller_dag.py
[2026-03-03T01:13:56.212+0000] {processor.py:809} INFO - DAG(s) dict_keys(['example_trigger_controller_dag']) retrieved from /home/airflow/.local/lib/python3.7/site-packages/airflow/example_dags/example_trigger_controller_dag.py
[2026-03-03T01:13:56.225+0000] {logging_mixin.py:149} INFO - [2026-03-03T01:13:56.225+0000] {dag.py:2726} INFO - Sync 1 DAGs
[2026-03-03T01:13:56.238+0000] {logging_mixin.py:149} INFO - [2026-03-03T01:13:56.238+0000] {dag.py:3490} INFO - Setting next_dagrun for example_trigger_controller_dag to 2021-01-01T00:00:00+00:00, run_after=2021-01-01T00:00:00+00:00
[2026-03-03T01:13:56.249+0000] {processor.py:178} INFO - Processing /home/airflow/.local/lib/python3.7/site-packages/airflow/example_dags/example_trigger_controller_dag.py took 0.043 seconds
[2026-03-03T01:14:26.959+0000] {processor.py:156} INFO - Started process (PID=931) to work on /home/airflow/.local/lib/python3.7/site-packages/airflow/example_dags/example_trigger_controller_dag.py
[2026-03-03T01:14:26.959+0000] {processor.py:799} INFO - Processing file /home/airflow/.local/lib/python3.7/site-packages/airflow/example_dags/example_trigger_controller_dag.py for tasks to queue
[2026-03-03T01:14:26.959+0000] {logging_mixin.py:149} INFO - [2026-03-03T01:14:26.959+0000] {dagbag.py:541} INFO - Filling up the DagBag from /home/airflow/.local/lib/python3.7/site-packages/airflow/example_dags/example_trigger_controller_dag.py
[2026-03-03T01:14:26.963+0000] {processor.py:809} INFO - DAG(s) dict_keys(['example_trigger_controller_dag']) retrieved from /home/airflow/.local/lib/python3.7/site-packages/airflow/example_dags/example_trigger_controller_dag.py
[2026-03-03T01:14:26.980+0000] {logging_mixin.py:149} INFO - [2026-03-03T01:14:26.980+0000] {dag.py:2726} INFO - Sync 1 DAGs
[2026-03-03T01:14:26.994+0000] {logging_mixin.py:149} INFO - [2026-03-03T01:14:26.994+0000] {dag.py:3490} INFO - Setting next_dagrun for example_trigger_controller_dag to 2021-01-01T00:00:00+00:00, run_after=2021-01-01T00:00:00+00:00
[2026-03-03T01:14:27.006+0000] {processor.py:178} INFO - Processing /home/airflow/.local/lib/python3.7/site-packages/airflow/example_dags/example_trigger_controller_dag.py took 0.050 seconds
[2026-03-03T01:14:57.420+0000] {processor.py:156} INFO - Started process (PID=993) to work on /home/airflow/.local/lib/python3.7/site-packages/airflow/example_dags/example_trigger_controller_dag.py
[2026-03-03T01:14:57.422+0000] {processor.py:799} INFO - Processing file /home/airflow/.local/lib/python3.7/site-packages/airflow/example_dags/example_trigger_controller_dag.py for tasks to queue
[2026-03-03T01:14:57.424+0000] {logging_mixin.py:149} INFO - [2026-03-03T01:14:57.424+0000] {dagbag.py:541} INFO - Filling up the DagBag from /home/airflow/.local/lib/python3.7/site-packages/airflow/example_dags/example_trigger_controller_dag.py
[2026-03-03T01:14:57.440+0000] {processor.py:809} INFO - DAG(s) dict_keys(['example_trigger_controller_dag']) retrieved from /home/airflow/.local/lib/python3.7/site-packages/airflow/example_dags/example_trigger_controller_dag.py
[2026-03-03T01:14:57.510+0000] {logging_mixin.py:149} INFO - [2026-03-03T01:14:57.509+0000] {dag.py:2726} INFO - Sync 1 DAGs
[2026-03-03T01:14:57.574+0000] {logging_mixin.py:149} INFO - [2026-03-03T01:14:57.574+0000] {dag.py:3490} INFO - Setting next_dagrun for example_trigger_controller_dag to 2021-01-01T00:00:00+00:00, run_after=2021-01-01T00:00:00+00:00
[2026-03-03T01:14:57.640+0000] {processor.py:178} INFO - Processing /home/airflow/.local/lib/python3.7/site-packages/airflow/example_dags/example_trigger_controller_dag.py took 0.229 seconds
[2026-03-03T01:15:28.347+0000] {processor.py:156} INFO - Started process (PID=1055) to work on /home/airflow/.local/lib/python3.7/site-packages/airflow/example_dags/example_trigger_controller_dag.py
[2026-03-03T01:15:28.348+0000] {processor.py:799} INFO - Processing file /home/airflow/.local/lib/python3.7/site-packages/airflow/example_dags/example_trigger_controller_dag.py for tasks to queue
[2026-03-03T01:15:28.348+0000] {logging_mixin.py:149} INFO - [2026-03-03T01:15:28.348+0000] {dagbag.py:541} INFO - Filling up the DagBag from /home/airflow/.local/lib/python3.7/site-packages/airflow/example_dags/example_trigger_controller_dag.py
[2026-03-03T01:15:28.352+0000] {processor.py:809} INFO - DAG(s) dict_keys(['example_trigger_controller_dag']) retrieved from /home/airflow/.local/lib/python3.7/site-packages/airflow/example_dags/example_trigger_controller_dag.py
[2026-03-03T01:15:28.371+0000] {logging_mixin.py:149} INFO - [2026-03-03T01:15:28.371+0000] {dag.py:2726} INFO - Sync 1 DAGs
[2026-03-03T01:15:28.385+0000] {logging_mixin.py:149} INFO - [2026-03-03T01:15:28.385+0000] {dag.py:3490} INFO - Setting next_dagrun for example_trigger_controller_dag to 2021-01-01T00:00:00+00:00, run_after=2021-01-01T00:00:00+00:00
[2026-03-03T01:15:28.396+0000] {processor.py:178} INFO - Processing /home/airflow/.local/lib/python3.7/site-packages/airflow/example_dags/example_trigger_controller_dag.py took 0.051 seconds
[2026-03-03T01:15:59.130+0000] {processor.py:156} INFO - Started process (PID=1116) to work on /home/airflow/.local/lib/python3.7/site-packages/airflow/example_dags/example_trigger_controller_dag.py
[2026-03-03T01:15:59.130+0000] {processor.py:799} INFO - Processing file /home/airflow/.local/lib/python3.7/site-packages/airflow/example_dags/example_trigger_controller_dag.py for tasks to queue
[2026-03-03T01:15:59.131+0000] {logging_mixin.py:149} INFO - [2026-03-03T01:15:59.131+0000] {dagbag.py:541} INFO - Filling up the DagBag from /home/airflow/.local/lib/python3.7/site-packages/airflow/example_dags/example_trigger_controller_dag.py
[2026-03-03T01:15:59.135+0000] {processor.py:809} INFO - DAG(s) dict_keys(['example_trigger_controller_dag']) retrieved from /home/airflow/.local/lib/python3.7/site-packages/airflow/example_dags/example_trigger_controller_dag.py
[2026-03-03T01:15:59.151+0000] {logging_mixin.py:149} INFO - [2026-03-03T01:15:59.151+0000] {dag.py:2726} INFO - Sync 1 DAGs
[2026-03-03T01:15:59.168+0000] {logging_mixin.py:149} INFO - [2026-03-03T01:15:59.168+0000] {dag.py:3490} INFO - Setting next_dagrun for example_trigger_controller_dag to 2021-01-01T00:00:00+00:00, run_after=2021-01-01T00:00:00+00:00
[2026-03-03T01:15:59.178+0000] {processor.py:178} INFO - Processing /home/airflow/.local/lib/python3.7/site-packages/airflow/example_dags/example_trigger_controller_dag.py took 0.051 seconds
[2026-03-03T01:16:29.809+0000] {processor.py:156} INFO - Started process (PID=1178) to work on /home/airflow/.local/lib/python3.7/site-packages/airflow/example_dags/example_trigger_controller_dag.py
[2026-03-03T01:16:29.811+0000] {processor.py:799} INFO - Processing file /home/airflow/.local/lib/python3.7/site-packages/airflow/example_dags/example_trigger_controller_dag.py for tasks to queue
[2026-03-03T01:16:29.814+0000] {logging_mixin.py:149} INFO - [2026-03-03T01:16:29.813+0000] {dagbag.py:541} INFO - Filling up the DagBag from /home/airflow/.local/lib/python3.7/site-packages/airflow/example_dags/example_trigger_controller_dag.py
[2026-03-03T01:16:29.828+0000] {processor.py:809} INFO - DAG(s) dict_keys(['example_trigger_controller_dag']) retrieved from /home/airflow/.local/lib/python3.7/site-packages/airflow/example_dags/example_trigger_controller_dag.py
[2026-03-03T01:16:29.881+0000] {logging_mixin.py:149} INFO - [2026-03-03T01:16:29.881+0000] {dag.py:2726} INFO - Sync 1 DAGs
[2026-03-03T01:16:29.945+0000] {logging_mixin.py:149} INFO - [2026-03-03T01:16:29.944+0000] {dag.py:3490} INFO - Setting next_dagrun for example_trigger_controller_dag to 2021-01-01T00:00:00+00:00, run_after=2021-01-01T00:00:00+00:00
[2026-03-03T01:16:29.993+0000] {processor.py:178} INFO - Processing /home/airflow/.local/lib/python3.7/site-packages/airflow/example_dags/example_trigger_controller_dag.py took 0.199 seconds
[2026-03-03T01:17:00.502+0000] {processor.py:156} INFO - Started process (PID=1240) to work on /home/airflow/.local/lib/python3.7/site-packages/airflow/example_dags/example_trigger_controller_dag.py
[2026-03-03T01:17:00.503+0000] {processor.py:799} INFO - Processing file /home/airflow/.local/lib/python3.7/site-packages/airflow/example_dags/example_trigger_controller_dag.py for tasks to queue
[2026-03-03T01:17:00.505+0000] {logging_mixin.py:149} INFO - [2026-03-03T01:17:00.504+0000] {dagbag.py:541} INFO - Filling up the DagBag from /home/airflow/.local/lib/python3.7/site-packages/airflow/example_dags/example_trigger_controller_dag.py
[2026-03-03T01:17:00.511+0000] {processor.py:809} INFO - DAG(s) dict_keys(['example_trigger_controller_dag']) retrieved from /home/airflow/.local/lib/python3.7/site-packages/airflow/example_dags/example_trigger_controller_dag.py
[2026-03-03T01:17:00.550+0000] {logging_mixin.py:149} INFO - [2026-03-03T01:17:00.549+0000] {dag.py:2726} INFO - Sync 1 DAGs
[2026-03-03T01:17:00.599+0000] {logging_mixin.py:149} INFO - [2026-03-03T01:17:00.598+0000] {dag.py:3490} INFO - Setting next_dagrun for example_trigger_controller_dag to 2021-01-01T00:00:00+00:00, run_after=2021-01-01T00:00:00+00:00
[2026-03-03T01:17:00.635+0000] {processor.py:178} INFO - Processing /home/airflow/.local/lib/python3.7/site-packages/airflow/example_dags/example_trigger_controller_dag.py took 0.138 seconds
[2026-03-03T01:17:30.762+0000] {processor.py:156} INFO - Started process (PID=1302) to work on /home/airflow/.local/lib/python3.7/site-packages/airflow/example_dags/example_trigger_controller_dag.py
[2026-03-03T01:17:30.763+0000] {processor.py:799} INFO - Processing file /home/airflow/.local/lib/python3.7/site-packages/airflow/example_dags/example_trigger_controller_dag.py for tasks to queue
[2026-03-03T01:17:30.763+0000] {logging_mixin.py:149} INFO - [2026-03-03T01:17:30.763+0000] {dagbag.py:541} INFO - Filling up the DagBag from /home/airflow/.local/lib/python3.7/site-packages/airflow/example_dags/example_trigger_controller_dag.py
[2026-03-03T01:17:30.765+0000] {processor.py:809} INFO - DAG(s) dict_keys(['example_trigger_controller_dag']) retrieved from /home/airflow/.local/lib/python3.7/site-packages/airflow/example_dags/example_trigger_controller_dag.py
[2026-03-03T01:17:30.780+0000] {logging_mixin.py:149} INFO - [2026-03-03T01:17:30.780+0000] {dag.py:2726} INFO - Sync 1 DAGs
[2026-03-03T01:17:30.794+0000] {logging_mixin.py:149} INFO - [2026-03-03T01:17:30.794+0000] {dag.py:3490} INFO - Setting next_dagrun for example_trigger_controller_dag to 2021-01-01T00:00:00+00:00, run_after=2021-01-01T00:00:00+00:00
[2026-03-03T01:17:30.804+0000] {processor.py:178} INFO - Processing /home/airflow/.local/lib/python3.7/site-packages/airflow/example_dags/example_trigger_controller_dag.py took 0.045 seconds
[2026-03-03T01:18:01.752+0000] {processor.py:156} INFO - Started process (PID=1364) to work on /home/airflow/.local/lib/python3.7/site-packages/airflow/example_dags/example_trigger_controller_dag.py
[2026-03-03T01:18:01.753+0000] {processor.py:799} INFO - Processing file /home/airflow/.local/lib/python3.7/site-packages/airflow/example_dags/example_trigger_controller_dag.py for tasks to queue
[2026-03-03T01:18:01.753+0000] {logging_mixin.py:149} INFO - [2026-03-03T01:18:01.753+0000] {dagbag.py:541} INFO - Filling up the DagBag from /home/airflow/.local/lib/python3.7/site-packages/airflow/example_dags/example_trigger_controller_dag.py
[2026-03-03T01:18:01.756+0000] {processor.py:809} INFO - DAG(s) dict_keys(['example_trigger_controller_dag']) retrieved from /home/airflow/.local/lib/python3.7/site-packages/airflow/example_dags/example_trigger_controller_dag.py
[2026-03-03T01:18:01.772+0000] {logging_mixin.py:149} INFO - [2026-03-03T01:18:01.772+0000] {dag.py:2726} INFO - Sync 1 DAGs
[2026-03-03T01:18:01.789+0000] {logging_mixin.py:149} INFO - [2026-03-03T01:18:01.789+0000] {dag.py:3490} INFO - Setting next_dagrun for example_trigger_controller_dag to 2021-01-01T00:00:00+00:00, run_after=2021-01-01T00:00:00+00:00
[2026-03-03T01:18:01.799+0000] {processor.py:178} INFO - Processing /home/airflow/.local/lib/python3.7/site-packages/airflow/example_dags/example_trigger_controller_dag.py took 0.051 seconds
[2026-03-03T01:18:32.094+0000] {processor.py:156} INFO - Started process (PID=1426) to work on /home/airflow/.local/lib/python3.7/site-packages/airflow/example_dags/example_trigger_controller_dag.py
[2026-03-03T01:18:32.096+0000] {processor.py:799} INFO - Processing file /home/airflow/.local/lib/python3.7/site-packages/airflow/example_dags/example_trigger_controller_dag.py for tasks to queue
[2026-03-03T01:18:32.098+0000] {logging_mixin.py:149} INFO - [2026-03-03T01:18:32.098+0000] {dagbag.py:541} INFO - Filling up the DagBag from /home/airflow/.local/lib/python3.7/site-packages/airflow/example_dags/example_trigger_controller_dag.py
[2026-03-03T01:18:32.106+0000] {processor.py:809} INFO - DAG(s) dict_keys(['example_trigger_controller_dag']) retrieved from /home/airflow/.local/lib/python3.7/site-packages/airflow/example_dags/example_trigger_controller_dag.py
[2026-03-03T01:18:32.160+0000] {logging_mixin.py:149} INFO - [2026-03-03T01:18:32.160+0000] {dag.py:2726} INFO - Sync 1 DAGs
[2026-03-03T01:18:32.218+0000] {logging_mixin.py:149} INFO - [2026-03-03T01:18:32.217+0000] {dag.py:3490} INFO - Setting next_dagrun for example_trigger_controller_dag to 2021-01-01T00:00:00+00:00, run_after=2021-01-01T00:00:00+00:00
[2026-03-03T01:18:32.269+0000] {processor.py:178} INFO - Processing /home/airflow/.local/lib/python3.7/site-packages/airflow/example_dags/example_trigger_controller_dag.py took 0.183 seconds
[2026-03-03T01:19:02.408+0000] {processor.py:156} INFO - Started process (PID=1488) to work on /home/airflow/.local/lib/python3.7/site-packages/airflow/example_dags/example_trigger_controller_dag.py
[2026-03-03T01:19:02.410+0000] {processor.py:799} INFO - Processing file /home/airflow/.local/lib/python3.7/site-packages/airflow/example_dags/example_trigger_controller_dag.py for tasks to queue
[2026-03-03T01:19:02.411+0000] {logging_mixin.py:149} INFO - [2026-03-03T01:19:02.411+0000] {dagbag.py:541} INFO - Filling up the DagBag from /home/airflow/.local/lib/python3.7/site-packages/airflow/example_dags/example_trigger_controller_dag.py
[2026-03-03T01:19:02.419+0000] {processor.py:809} INFO - DAG(s) dict_keys(['example_trigger_controller_dag']) retrieved from /home/airflow/.local/lib/python3.7/site-packages/airflow/example_dags/example_trigger_controller_dag.py
[2026-03-03T01:19:02.469+0000] {logging_mixin.py:149} INFO - [2026-03-03T01:19:02.469+0000] {dag.py:2726} INFO - Sync 1 DAGs
[2026-03-03T01:19:02.519+0000] {logging_mixin.py:149} INFO - [2026-03-03T01:19:02.518+0000] {dag.py:3490} INFO - Setting next_dagrun for example_trigger_controller_dag to 2021-01-01T00:00:00+00:00, run_after=2021-01-01T00:00:00+00:00
[2026-03-03T01:19:02.561+0000] {processor.py:178} INFO - Processing /home/airflow/.local/lib/python3.7/site-packages/airflow/example_dags/example_trigger_controller_dag.py took 0.159 seconds
[2026-03-03T01:19:33.106+0000] {processor.py:156} INFO - Started process (PID=1550) to work on /home/airflow/.local/lib/python3.7/site-packages/airflow/example_dags/example_trigger_controller_dag.py
[2026-03-03T01:19:33.106+0000] {processor.py:799} INFO - Processing file /home/airflow/.local/lib/python3.7/site-packages/airflow/example_dags/example_trigger_controller_dag.py for tasks to queue
[2026-03-03T01:19:33.107+0000] {logging_mixin.py:149} INFO - [2026-03-03T01:19:33.106+0000] {dagbag.py:541} INFO - Filling up the DagBag from /home/airflow/.local/lib/python3.7/site-packages/airflow/example_dags/example_trigger_controller_dag.py
[2026-03-03T01:19:33.109+0000] {processor.py:809} INFO - DAG(s) dict_keys(['example_trigger_controller_dag']) retrieved from /home/airflow/.local/lib/python3.7/site-packages/airflow/example_dags/example_trigger_controller_dag.py
[2026-03-03T01:19:33.120+0000] {logging_mixin.py:149} INFO - [2026-03-03T01:19:33.120+0000] {dag.py:2726} INFO - Sync 1 DAGs
[2026-03-03T01:19:33.131+0000] {logging_mixin.py:149} INFO - [2026-03-03T01:19:33.131+0000] {dag.py:3490} INFO - Setting next_dagrun for example_trigger_controller_dag to 2021-01-01T00:00:00+00:00, run_after=2021-01-01T00:00:00+00:00
[2026-03-03T01:19:33.138+0000] {processor.py:178} INFO - Processing /home/airflow/.local/lib/python3.7/site-packages/airflow/example_dags/example_trigger_controller_dag.py took 0.034 seconds
[2026-03-03T01:20:03.789+0000] {processor.py:156} INFO - Started process (PID=1612) to work on /home/airflow/.local/lib/python3.7/site-packages/airflow/example_dags/example_trigger_controller_dag.py
[2026-03-03T01:20:03.790+0000] {processor.py:799} INFO - Processing file /home/airflow/.local/lib/python3.7/site-packages/airflow/example_dags/example_trigger_controller_dag.py for tasks to queue
[2026-03-03T01:20:03.790+0000] {logging_mixin.py:149} INFO - [2026-03-03T01:20:03.790+0000] {dagbag.py:541} INFO - Filling up the DagBag from /home/airflow/.local/lib/python3.7/site-packages/airflow/example_dags/example_trigger_controller_dag.py
[2026-03-03T01:20:03.793+0000] {processor.py:809} INFO - DAG(s) dict_keys(['example_trigger_controller_dag']) retrieved from /home/airflow/.local/lib/python3.7/site-packages/airflow/example_dags/example_trigger_controller_dag.py
[2026-03-03T01:20:03.805+0000] {logging_mixin.py:149} INFO - [2026-03-03T01:20:03.805+0000] {dag.py:2726} INFO - Sync 1 DAGs
[2026-03-03T01:20:03.815+0000] {logging_mixin.py:149} INFO - [2026-03-03T01:20:03.815+0000] {dag.py:3490} INFO - Setting next_dagrun for example_trigger_controller_dag to 2021-01-01T00:00:00+00:00, run_after=2021-01-01T00:00:00+00:00
[2026-03-03T01:20:03.823+0000] {processor.py:178} INFO - Processing /home/airflow/.local/lib/python3.7/site-packages/airflow/example_dags/example_trigger_controller_dag.py took 0.036 seconds
[2026-03-03T01:20:34.486+0000] {processor.py:156} INFO - Started process (PID=1674) to work on /home/airflow/.local/lib/python3.7/site-packages/airflow/example_dags/example_trigger_controller_dag.py
[2026-03-03T01:20:34.487+0000] {processor.py:799} INFO - Processing file /home/airflow/.local/lib/python3.7/site-packages/airflow/example_dags/example_trigger_controller_dag.py for tasks to queue
[2026-03-03T01:20:34.487+0000] {logging_mixin.py:149} INFO - [2026-03-03T01:20:34.487+0000] {dagbag.py:541} INFO - Filling up the DagBag from /home/airflow/.local/lib/python3.7/site-packages/airflow/example_dags/example_trigger_controller_dag.py
[2026-03-03T01:20:34.490+0000] {processor.py:809} INFO - DAG(s) dict_keys(['example_trigger_controller_dag']) retrieved from /home/airflow/.local/lib/python3.7/site-packages/airflow/example_dags/example_trigger_controller_dag.py
[2026-03-03T01:20:34.503+0000] {logging_mixin.py:149} INFO - [2026-03-03T01:20:34.503+0000] {dag.py:2726} INFO - Sync 1 DAGs
[2026-03-03T01:20:34.514+0000] {logging_mixin.py:149} INFO - [2026-03-03T01:20:34.514+0000] {dag.py:3490} INFO - Setting next_dagrun for example_trigger_controller_dag to 2021-01-01T00:00:00+00:00, run_after=2021-01-01T00:00:00+00:00
[2026-03-03T01:20:34.521+0000] {processor.py:178} INFO - Processing /home/airflow/.local/lib/python3.7/site-packages/airflow/example_dags/example_trigger_controller_dag.py took 0.037 seconds
[2026-03-03T01:21:05.101+0000] {processor.py:156} INFO - Started process (PID=1736) to work on /home/airflow/.local/lib/python3.7/site-packages/airflow/example_dags/example_trigger_controller_dag.py
[2026-03-03T01:21:05.101+0000] {processor.py:799} INFO - Processing file /home/airflow/.local/lib/python3.7/site-packages/airflow/example_dags/example_trigger_controller_dag.py for tasks to queue
[2026-03-03T01:21:05.102+0000] {logging_mixin.py:149} INFO - [2026-03-03T01:21:05.101+0000] {dagbag.py:541} INFO - Filling up the DagBag from /home/airflow/.local/lib/python3.7/site-packages/airflow/example_dags/example_trigger_controller_dag.py
[2026-03-03T01:21:05.104+0000] {processor.py:809} INFO - DAG(s) dict_keys(['example_trigger_controller_dag']) retrieved from /home/airflow/.local/lib/python3.7/site-packages/airflow/example_dags/example_trigger_controller_dag.py
[2026-03-03T01:21:05.117+0000] {logging_mixin.py:149} INFO - [2026-03-03T01:21:05.117+0000] {dag.py:2726} INFO - Sync 1 DAGs
[2026-03-03T01:21:05.130+0000] {logging_mixin.py:149} INFO - [2026-03-03T01:21:05.130+0000] {dag.py:3490} INFO - Setting next_dagrun for example_trigger_controller_dag to 2021-01-01T00:00:00+00:00, run_after=2021-01-01T00:00:00+00:00
[2026-03-03T01:21:05.140+0000] {processor.py:178} INFO - Processing /home/airflow/.local/lib/python3.7/site-packages/airflow/example_dags/example_trigger_controller_dag.py took 0.041 seconds
[2026-03-03T01:21:35.843+0000] {processor.py:156} INFO - Started process (PID=1798) to work on /home/airflow/.local/lib/python3.7/site-packages/airflow/example_dags/example_trigger_controller_dag.py
[2026-03-03T01:21:35.844+0000] {processor.py:799} INFO - Processing file /home/airflow/.local/lib/python3.7/site-packages/airflow/example_dags/example_trigger_controller_dag.py for tasks to queue
[2026-03-03T01:21:35.845+0000] {logging_mixin.py:149} INFO - [2026-03-03T01:21:35.844+0000] {dagbag.py:541} INFO - Filling up the DagBag from /home/airflow/.local/lib/python3.7/site-packages/airflow/example_dags/example_trigger_controller_dag.py
[2026-03-03T01:21:35.848+0000] {processor.py:809} INFO - DAG(s) dict_keys(['example_trigger_controller_dag']) retrieved from /home/airflow/.local/lib/python3.7/site-packages/airflow/example_dags/example_trigger_controller_dag.py
[2026-03-03T01:21:35.866+0000] {logging_mixin.py:149} INFO - [2026-03-03T01:21:35.866+0000] {dag.py:2726} INFO - Sync 1 DAGs
[2026-03-03T01:21:35.882+0000] {logging_mixin.py:149} INFO - [2026-03-03T01:21:35.882+0000] {dag.py:3490} INFO - Setting next_dagrun for example_trigger_controller_dag to 2021-01-01T00:00:00+00:00, run_after=2021-01-01T00:00:00+00:00
[2026-03-03T01:21:35.893+0000] {processor.py:178} INFO - Processing /home/airflow/.local/lib/python3.7/site-packages/airflow/example_dags/example_trigger_controller_dag.py took 0.052 seconds
[2026-03-03T01:22:06.879+0000] {processor.py:156} INFO - Started process (PID=1860) to work on /home/airflow/.local/lib/python3.7/site-packages/airflow/example_dags/example_trigger_controller_dag.py
[2026-03-03T01:22:06.881+0000] {processor.py:799} INFO - Processing file /home/airflow/.local/lib/python3.7/site-packages/airflow/example_dags/example_trigger_controller_dag.py for tasks to queue
[2026-03-03T01:22:06.884+0000] {logging_mixin.py:149} INFO - [2026-03-03T01:22:06.883+0000] {dagbag.py:541} INFO - Filling up the DagBag from /home/airflow/.local/lib/python3.7/site-packages/airflow/example_dags/example_trigger_controller_dag.py
[2026-03-03T01:22:06.894+0000] {processor.py:809} INFO - DAG(s) dict_keys(['example_trigger_controller_dag']) retrieved from /home/airflow/.local/lib/python3.7/site-packages/airflow/example_dags/example_trigger_controller_dag.py
[2026-03-03T01:22:06.955+0000] {logging_mixin.py:149} INFO - [2026-03-03T01:22:06.954+0000] {dag.py:2726} INFO - Sync 1 DAGs
[2026-03-03T01:22:07.020+0000] {logging_mixin.py:149} INFO - [2026-03-03T01:22:07.019+0000] {dag.py:3490} INFO - Setting next_dagrun for example_trigger_controller_dag to 2021-01-01T00:00:00+00:00, run_after=2021-01-01T00:00:00+00:00
[2026-03-03T01:22:07.087+0000] {processor.py:178} INFO - Processing /home/airflow/.local/lib/python3.7/site-packages/airflow/example_dags/example_trigger_controller_dag.py took 0.216 seconds
[2026-03-03T01:22:38.267+0000] {processor.py:156} INFO - Started process (PID=1922) to work on /home/airflow/.local/lib/python3.7/site-packages/airflow/example_dags/example_trigger_controller_dag.py
[2026-03-03T01:22:38.270+0000] {processor.py:799} INFO - Processing file /home/airflow/.local/lib/python3.7/site-packages/airflow/example_dags/example_trigger_controller_dag.py for tasks to queue
[2026-03-03T01:22:38.275+0000] {logging_mixin.py:149} INFO - [2026-03-03T01:22:38.273+0000] {dagbag.py:541} INFO - Filling up the DagBag from /home/airflow/.local/lib/python3.7/site-packages/airflow/example_dags/example_trigger_controller_dag.py
[2026-03-03T01:22:38.297+0000] {processor.py:809} INFO - DAG(s) dict_keys(['example_trigger_controller_dag']) retrieved from /home/airflow/.local/lib/python3.7/site-packages/airflow/example_dags/example_trigger_controller_dag.py
[2026-03-03T01:22:38.363+0000] {logging_mixin.py:149} INFO - [2026-03-03T01:22:38.362+0000] {dag.py:2726} INFO - Sync 1 DAGs
[2026-03-03T01:22:38.431+0000] {logging_mixin.py:149} INFO - [2026-03-03T01:22:38.430+0000] {dag.py:3490} INFO - Setting next_dagrun for example_trigger_controller_dag to 2021-01-01T00:00:00+00:00, run_after=2021-01-01T00:00:00+00:00
[2026-03-03T01:22:38.488+0000] {processor.py:178} INFO - Processing /home/airflow/.local/lib/python3.7/site-packages/airflow/example_dags/example_trigger_controller_dag.py took 0.229 seconds
[2026-03-03T01:23:08.865+0000] {processor.py:156} INFO - Started process (PID=1984) to work on /home/airflow/.local/lib/python3.7/site-packages/airflow/example_dags/example_trigger_controller_dag.py
[2026-03-03T01:23:08.868+0000] {processor.py:799} INFO - Processing file /home/airflow/.local/lib/python3.7/site-packages/airflow/example_dags/example_trigger_controller_dag.py for tasks to queue
[2026-03-03T01:23:08.870+0000] {logging_mixin.py:149} INFO - [2026-03-03T01:23:08.870+0000] {dagbag.py:541} INFO - Filling up the DagBag from /home/airflow/.local/lib/python3.7/site-packages/airflow/example_dags/example_trigger_controller_dag.py
[2026-03-03T01:23:08.879+0000] {processor.py:809} INFO - DAG(s) dict_keys(['example_trigger_controller_dag']) retrieved from /home/airflow/.local/lib/python3.7/site-packages/airflow/example_dags/example_trigger_controller_dag.py
[2026-03-03T01:23:08.935+0000] {logging_mixin.py:149} INFO - [2026-03-03T01:23:08.935+0000] {dag.py:2726} INFO - Sync 1 DAGs
[2026-03-03T01:23:09.009+0000] {logging_mixin.py:149} INFO - [2026-03-03T01:23:09.009+0000] {dag.py:3490} INFO - Setting next_dagrun for example_trigger_controller_dag to 2021-01-01T00:00:00+00:00, run_after=2021-01-01T00:00:00+00:00
[2026-03-03T01:23:09.063+0000] {processor.py:178} INFO - Processing /home/airflow/.local/lib/python3.7/site-packages/airflow/example_dags/example_trigger_controller_dag.py took 0.207 seconds
[2026-03-03T01:23:39.364+0000] {processor.py:156} INFO - Started process (PID=2046) to work on /home/airflow/.local/lib/python3.7/site-packages/airflow/example_dags/example_trigger_controller_dag.py
[2026-03-03T01:23:39.366+0000] {processor.py:799} INFO - Processing file /home/airflow/.local/lib/python3.7/site-packages/airflow/example_dags/example_trigger_controller_dag.py for tasks to queue
[2026-03-03T01:23:39.368+0000] {logging_mixin.py:149} INFO - [2026-03-03T01:23:39.368+0000] {dagbag.py:541} INFO - Filling up the DagBag from /home/airflow/.local/lib/python3.7/site-packages/airflow/example_dags/example_trigger_controller_dag.py
[2026-03-03T01:23:39.378+0000] {processor.py:809} INFO - DAG(s) dict_keys(['example_trigger_controller_dag']) retrieved from /home/airflow/.local/lib/python3.7/site-packages/airflow/example_dags/example_trigger_controller_dag.py
[2026-03-03T01:23:39.455+0000] {logging_mixin.py:149} INFO - [2026-03-03T01:23:39.455+0000] {dag.py:2726} INFO - Sync 1 DAGs
[2026-03-03T01:23:39.525+0000] {logging_mixin.py:149} INFO - [2026-03-03T01:23:39.524+0000] {dag.py:3490} INFO - Setting next_dagrun for example_trigger_controller_dag to 2021-01-01T00:00:00+00:00, run_after=2021-01-01T00:00:00+00:00
[2026-03-03T01:23:39.581+0000] {processor.py:178} INFO - Processing /home/airflow/.local/lib/python3.7/site-packages/airflow/example_dags/example_trigger_controller_dag.py took 0.225 seconds
[2026-03-03T01:24:09.758+0000] {processor.py:156} INFO - Started process (PID=2108) to work on /home/airflow/.local/lib/python3.7/site-packages/airflow/example_dags/example_trigger_controller_dag.py
[2026-03-03T01:24:09.761+0000] {processor.py:799} INFO - Processing file /home/airflow/.local/lib/python3.7/site-packages/airflow/example_dags/example_trigger_controller_dag.py for tasks to queue
[2026-03-03T01:24:09.763+0000] {logging_mixin.py:149} INFO - [2026-03-03T01:24:09.763+0000] {dagbag.py:541} INFO - Filling up the DagBag from /home/airflow/.local/lib/python3.7/site-packages/airflow/example_dags/example_trigger_controller_dag.py
[2026-03-03T01:24:09.777+0000] {processor.py:809} INFO - DAG(s) dict_keys(['example_trigger_controller_dag']) retrieved from /home/airflow/.local/lib/python3.7/site-packages/airflow/example_dags/example_trigger_controller_dag.py
[2026-03-03T01:24:09.844+0000] {logging_mixin.py:149} INFO - [2026-03-03T01:24:09.843+0000] {dag.py:2726} INFO - Sync 1 DAGs
[2026-03-03T01:24:09.912+0000] {logging_mixin.py:149} INFO - [2026-03-03T01:24:09.911+0000] {dag.py:3490} INFO - Setting next_dagrun for example_trigger_controller_dag to 2021-01-01T00:00:00+00:00, run_after=2021-01-01T00:00:00+00:00
[2026-03-03T01:24:09.970+0000] {processor.py:178} INFO - Processing /home/airflow/.local/lib/python3.7/site-packages/airflow/example_dags/example_trigger_controller_dag.py took 0.218 seconds
[2026-03-03T01:24:40.070+0000] {processor.py:156} INFO - Started process (PID=2170) to work on /home/airflow/.local/lib/python3.7/site-packages/airflow/example_dags/example_trigger_controller_dag.py
[2026-03-03T01:24:40.070+0000] {processor.py:799} INFO - Processing file /home/airflow/.local/lib/python3.7/site-packages/airflow/example_dags/example_trigger_controller_dag.py for tasks to queue
[2026-03-03T01:24:40.070+0000] {logging_mixin.py:149} INFO - [2026-03-03T01:24:40.070+0000] {dagbag.py:541} INFO - Filling up the DagBag from /home/airflow/.local/lib/python3.7/site-packages/airflow/example_dags/example_trigger_controller_dag.py
[2026-03-03T01:24:40.072+0000] {processor.py:809} INFO - DAG(s) dict_keys(['example_trigger_controller_dag']) retrieved from /home/airflow/.local/lib/python3.7/site-packages/airflow/example_dags/example_trigger_controller_dag.py
[2026-03-03T01:24:40.082+0000] {logging_mixin.py:149} INFO - [2026-03-03T01:24:40.082+0000] {dag.py:2726} INFO - Sync 1 DAGs
[2026-03-03T01:24:40.094+0000] {logging_mixin.py:149} INFO - [2026-03-03T01:24:40.094+0000] {dag.py:3490} INFO - Setting next_dagrun for example_trigger_controller_dag to 2021-01-01T00:00:00+00:00, run_after=2021-01-01T00:00:00+00:00
[2026-03-03T01:24:40.102+0000] {processor.py:178} INFO - Processing /home/airflow/.local/lib/python3.7/site-packages/airflow/example_dags/example_trigger_controller_dag.py took 0.034 seconds
[2026-03-03T01:25:10.361+0000] {processor.py:156} INFO - Started process (PID=2232) to work on /home/airflow/.local/lib/python3.7/site-packages/airflow/example_dags/example_trigger_controller_dag.py
[2026-03-03T01:25:10.362+0000] {processor.py:799} INFO - Processing file /home/airflow/.local/lib/python3.7/site-packages/airflow/example_dags/example_trigger_controller_dag.py for tasks to queue
[2026-03-03T01:25:10.362+0000] {logging_mixin.py:149} INFO - [2026-03-03T01:25:10.362+0000] {dagbag.py:541} INFO - Filling up the DagBag from /home/airflow/.local/lib/python3.7/site-packages/airflow/example_dags/example_trigger_controller_dag.py
[2026-03-03T01:25:10.365+0000] {processor.py:809} INFO - DAG(s) dict_keys(['example_trigger_controller_dag']) retrieved from /home/airflow/.local/lib/python3.7/site-packages/airflow/example_dags/example_trigger_controller_dag.py
[2026-03-03T01:25:10.386+0000] {logging_mixin.py:149} INFO - [2026-03-03T01:25:10.386+0000] {dag.py:2726} INFO - Sync 1 DAGs
[2026-03-03T01:25:10.408+0000] {logging_mixin.py:149} INFO - [2026-03-03T01:25:10.408+0000] {dag.py:3490} INFO - Setting next_dagrun for example_trigger_controller_dag to 2021-01-01T00:00:00+00:00, run_after=2021-01-01T00:00:00+00:00
[2026-03-03T01:25:10.429+0000] {processor.py:178} INFO - Processing /home/airflow/.local/lib/python3.7/site-packages/airflow/example_dags/example_trigger_controller_dag.py took 0.070 seconds
[2026-03-03T01:25:40.735+0000] {processor.py:156} INFO - Started process (PID=2294) to work on /home/airflow/.local/lib/python3.7/site-packages/airflow/example_dags/example_trigger_controller_dag.py
[2026-03-03T01:25:40.736+0000] {processor.py:799} INFO - Processing file /home/airflow/.local/lib/python3.7/site-packages/airflow/example_dags/example_trigger_controller_dag.py for tasks to queue
[2026-03-03T01:25:40.736+0000] {logging_mixin.py:149} INFO - [2026-03-03T01:25:40.736+0000] {dagbag.py:541} INFO - Filling up the DagBag from /home/airflow/.local/lib/python3.7/site-packages/airflow/example_dags/example_trigger_controller_dag.py
[2026-03-03T01:25:40.739+0000] {processor.py:809} INFO - DAG(s) dict_keys(['example_trigger_controller_dag']) retrieved from /home/airflow/.local/lib/python3.7/site-packages/airflow/example_dags/example_trigger_controller_dag.py
[2026-03-03T01:25:40.751+0000] {logging_mixin.py:149} INFO - [2026-03-03T01:25:40.751+0000] {dag.py:2726} INFO - Sync 1 DAGs
[2026-03-03T01:25:40.762+0000] {logging_mixin.py:149} INFO - [2026-03-03T01:25:40.762+0000] {dag.py:3490} INFO - Setting next_dagrun for example_trigger_controller_dag to 2021-01-01T00:00:00+00:00, run_after=2021-01-01T00:00:00+00:00
[2026-03-03T01:25:40.769+0000] {processor.py:178} INFO - Processing /home/airflow/.local/lib/python3.7/site-packages/airflow/example_dags/example_trigger_controller_dag.py took 0.035 seconds
[2026-03-03T01:26:11.327+0000] {processor.py:156} INFO - Started process (PID=2356) to work on /home/airflow/.local/lib/python3.7/site-packages/airflow/example_dags/example_trigger_controller_dag.py
[2026-03-03T01:26:11.327+0000] {processor.py:799} INFO - Processing file /home/airflow/.local/lib/python3.7/site-packages/airflow/example_dags/example_trigger_controller_dag.py for tasks to queue
[2026-03-03T01:26:11.327+0000] {logging_mixin.py:149} INFO - [2026-03-03T01:26:11.327+0000] {dagbag.py:541} INFO - Filling up the DagBag from /home/airflow/.local/lib/python3.7/site-packages/airflow/example_dags/example_trigger_controller_dag.py
[2026-03-03T01:26:11.329+0000] {processor.py:809} INFO - DAG(s) dict_keys(['example_trigger_controller_dag']) retrieved from /home/airflow/.local/lib/python3.7/site-packages/airflow/example_dags/example_trigger_controller_dag.py
[2026-03-03T01:26:11.338+0000] {logging_mixin.py:149} INFO - [2026-03-03T01:26:11.338+0000] {dag.py:2726} INFO - Sync 1 DAGs
[2026-03-03T01:26:11.348+0000] {logging_mixin.py:149} INFO - [2026-03-03T01:26:11.348+0000] {dag.py:3490} INFO - Setting next_dagrun for example_trigger_controller_dag to 2021-01-01T00:00:00+00:00, run_after=2021-01-01T00:00:00+00:00
[2026-03-03T01:26:11.356+0000] {processor.py:178} INFO - Processing /home/airflow/.local/lib/python3.7/site-packages/airflow/example_dags/example_trigger_controller_dag.py took 0.030 seconds
[2026-03-03T01:26:41.997+0000] {processor.py:156} INFO - Started process (PID=2418) to work on /home/airflow/.local/lib/python3.7/site-packages/airflow/example_dags/example_trigger_controller_dag.py
[2026-03-03T01:26:41.998+0000] {processor.py:799} INFO - Processing file /home/airflow/.local/lib/python3.7/site-packages/airflow/example_dags/example_trigger_controller_dag.py for tasks to queue
[2026-03-03T01:26:41.998+0000] {logging_mixin.py:149} INFO - [2026-03-03T01:26:41.998+0000] {dagbag.py:541} INFO - Filling up the DagBag from /home/airflow/.local/lib/python3.7/site-packages/airflow/example_dags/example_trigger_controller_dag.py
[2026-03-03T01:26:42.000+0000] {processor.py:809} INFO - DAG(s) dict_keys(['example_trigger_controller_dag']) retrieved from /home/airflow/.local/lib/python3.7/site-packages/airflow/example_dags/example_trigger_controller_dag.py
[2026-03-03T01:26:42.011+0000] {logging_mixin.py:149} INFO - [2026-03-03T01:26:42.011+0000] {dag.py:2726} INFO - Sync 1 DAGs
[2026-03-03T01:26:42.021+0000] {logging_mixin.py:149} INFO - [2026-03-03T01:26:42.021+0000] {dag.py:3490} INFO - Setting next_dagrun for example_trigger_controller_dag to 2021-01-01T00:00:00+00:00, run_after=2021-01-01T00:00:00+00:00
[2026-03-03T01:26:42.028+0000] {processor.py:178} INFO - Processing /home/airflow/.local/lib/python3.7/site-packages/airflow/example_dags/example_trigger_controller_dag.py took 0.033 seconds
[2026-03-03T01:27:12.842+0000] {processor.py:156} INFO - Started process (PID=2479) to work on /home/airflow/.local/lib/python3.7/site-packages/airflow/example_dags/example_trigger_controller_dag.py
[2026-03-03T01:27:12.842+0000] {processor.py:799} INFO - Processing file /home/airflow/.local/lib/python3.7/site-packages/airflow/example_dags/example_trigger_controller_dag.py for tasks to queue
[2026-03-03T01:27:12.843+0000] {logging_mixin.py:149} INFO - [2026-03-03T01:27:12.842+0000] {dagbag.py:541} INFO - Filling up the DagBag from /home/airflow/.local/lib/python3.7/site-packages/airflow/example_dags/example_trigger_controller_dag.py
[2026-03-03T01:27:12.844+0000] {processor.py:809} INFO - DAG(s) dict_keys(['example_trigger_controller_dag']) retrieved from /home/airflow/.local/lib/python3.7/site-packages/airflow/example_dags/example_trigger_controller_dag.py
[2026-03-03T01:27:12.856+0000] {logging_mixin.py:149} INFO - [2026-03-03T01:27:12.856+0000] {dag.py:2726} INFO - Sync 1 DAGs
[2026-03-03T01:27:12.866+0000] {logging_mixin.py:149} INFO - [2026-03-03T01:27:12.866+0000] {dag.py:3490} INFO - Setting next_dagrun for example_trigger_controller_dag to 2021-01-01T00:00:00+00:00, run_after=2021-01-01T00:00:00+00:00
[2026-03-03T01:27:12.873+0000] {processor.py:178} INFO - Processing /home/airflow/.local/lib/python3.7/site-packages/airflow/example_dags/example_trigger_controller_dag.py took 0.033 seconds
[2026-03-03T01:27:43.807+0000] {processor.py:156} INFO - Started process (PID=2541) to work on /home/airflow/.local/lib/python3.7/site-packages/airflow/example_dags/example_trigger_controller_dag.py
[2026-03-03T01:27:43.810+0000] {processor.py:799} INFO - Processing file /home/airflow/.local/lib/python3.7/site-packages/airflow/example_dags/example_trigger_controller_dag.py for tasks to queue
[2026-03-03T01:27:43.812+0000] {logging_mixin.py:149} INFO - [2026-03-03T01:27:43.812+0000] {dagbag.py:541} INFO - Filling up the DagBag from /home/airflow/.local/lib/python3.7/site-packages/airflow/example_dags/example_trigger_controller_dag.py
[2026-03-03T01:27:43.819+0000] {processor.py:809} INFO - DAG(s) dict_keys(['example_trigger_controller_dag']) retrieved from /home/airflow/.local/lib/python3.7/site-packages/airflow/example_dags/example_trigger_controller_dag.py
[2026-03-03T01:27:43.882+0000] {logging_mixin.py:149} INFO - [2026-03-03T01:27:43.882+0000] {dag.py:2726} INFO - Sync 1 DAGs
[2026-03-03T01:27:43.948+0000] {logging_mixin.py:149} INFO - [2026-03-03T01:27:43.947+0000] {dag.py:3490} INFO - Setting next_dagrun for example_trigger_controller_dag to 2021-01-01T00:00:00+00:00, run_after=2021-01-01T00:00:00+00:00
[2026-03-03T01:27:43.998+0000] {processor.py:178} INFO - Processing /home/airflow/.local/lib/python3.7/site-packages/airflow/example_dags/example_trigger_controller_dag.py took 0.199 seconds
[2026-03-03T01:28:14.306+0000] {processor.py:156} INFO - Started process (PID=2603) to work on /home/airflow/.local/lib/python3.7/site-packages/airflow/example_dags/example_trigger_controller_dag.py
[2026-03-03T01:28:14.306+0000] {processor.py:799} INFO - Processing file /home/airflow/.local/lib/python3.7/site-packages/airflow/example_dags/example_trigger_controller_dag.py for tasks to queue
[2026-03-03T01:28:14.307+0000] {logging_mixin.py:149} INFO - [2026-03-03T01:28:14.307+0000] {dagbag.py:541} INFO - Filling up the DagBag from /home/airflow/.local/lib/python3.7/site-packages/airflow/example_dags/example_trigger_controller_dag.py
[2026-03-03T01:28:14.309+0000] {processor.py:809} INFO - DAG(s) dict_keys(['example_trigger_controller_dag']) retrieved from /home/airflow/.local/lib/python3.7/site-packages/airflow/example_dags/example_trigger_controller_dag.py
[2026-03-03T01:28:14.321+0000] {logging_mixin.py:149} INFO - [2026-03-03T01:28:14.321+0000] {dag.py:2726} INFO - Sync 1 DAGs
[2026-03-03T01:28:14.331+0000] {logging_mixin.py:149} INFO - [2026-03-03T01:28:14.331+0000] {dag.py:3490} INFO - Setting next_dagrun for example_trigger_controller_dag to 2021-01-01T00:00:00+00:00, run_after=2021-01-01T00:00:00+00:00
[2026-03-03T01:28:14.338+0000] {processor.py:178} INFO - Processing /home/airflow/.local/lib/python3.7/site-packages/airflow/example_dags/example_trigger_controller_dag.py took 0.033 seconds
[2026-03-03T01:28:45.882+0000] {processor.py:156} INFO - Started process (PID=2672) to work on /home/airflow/.local/lib/python3.7/site-packages/airflow/example_dags/example_trigger_controller_dag.py
[2026-03-03T01:28:45.885+0000] {processor.py:799} INFO - Processing file /home/airflow/.local/lib/python3.7/site-packages/airflow/example_dags/example_trigger_controller_dag.py for tasks to queue
[2026-03-03T01:28:45.887+0000] {logging_mixin.py:149} INFO - [2026-03-03T01:28:45.887+0000] {dagbag.py:541} INFO - Filling up the DagBag from /home/airflow/.local/lib/python3.7/site-packages/airflow/example_dags/example_trigger_controller_dag.py
[2026-03-03T01:28:45.896+0000] {processor.py:809} INFO - DAG(s) dict_keys(['example_trigger_controller_dag']) retrieved from /home/airflow/.local/lib/python3.7/site-packages/airflow/example_dags/example_trigger_controller_dag.py
[2026-03-03T01:28:45.958+0000] {logging_mixin.py:149} INFO - [2026-03-03T01:28:45.957+0000] {dag.py:2726} INFO - Sync 1 DAGs
[2026-03-03T01:28:46.041+0000] {logging_mixin.py:149} INFO - [2026-03-03T01:28:46.040+0000] {dag.py:3490} INFO - Setting next_dagrun for example_trigger_controller_dag to 2021-01-01T00:00:00+00:00, run_after=2021-01-01T00:00:00+00:00
[2026-03-03T01:28:46.094+0000] {processor.py:178} INFO - Processing /home/airflow/.local/lib/python3.7/site-packages/airflow/example_dags/example_trigger_controller_dag.py took 0.222 seconds
[2026-03-03T01:29:16.269+0000] {processor.py:156} INFO - Started process (PID=2734) to work on /home/airflow/.local/lib/python3.7/site-packages/airflow/example_dags/example_trigger_controller_dag.py
[2026-03-03T01:29:16.270+0000] {processor.py:799} INFO - Processing file /home/airflow/.local/lib/python3.7/site-packages/airflow/example_dags/example_trigger_controller_dag.py for tasks to queue
[2026-03-03T01:29:16.271+0000] {logging_mixin.py:149} INFO - [2026-03-03T01:29:16.271+0000] {dagbag.py:541} INFO - Filling up the DagBag from /home/airflow/.local/lib/python3.7/site-packages/airflow/example_dags/example_trigger_controller_dag.py
[2026-03-03T01:29:16.274+0000] {processor.py:809} INFO - DAG(s) dict_keys(['example_trigger_controller_dag']) retrieved from /home/airflow/.local/lib/python3.7/site-packages/airflow/example_dags/example_trigger_controller_dag.py
[2026-03-03T01:29:16.284+0000] {logging_mixin.py:149} INFO - [2026-03-03T01:29:16.284+0000] {dag.py:2726} INFO - Sync 1 DAGs
[2026-03-03T01:29:16.295+0000] {logging_mixin.py:149} INFO - [2026-03-03T01:29:16.295+0000] {dag.py:3490} INFO - Setting next_dagrun for example_trigger_controller_dag to 2021-01-01T00:00:00+00:00, run_after=2021-01-01T00:00:00+00:00
[2026-03-03T01:29:16.301+0000] {processor.py:178} INFO - Processing /home/airflow/.local/lib/python3.7/site-packages/airflow/example_dags/example_trigger_controller_dag.py took 0.034 seconds
[2026-03-03T01:29:46.528+0000] {processor.py:156} INFO - Started process (PID=2795) to work on /home/airflow/.local/lib/python3.7/site-packages/airflow/example_dags/example_trigger_controller_dag.py
[2026-03-03T01:29:46.529+0000] {processor.py:799} INFO - Processing file /home/airflow/.local/lib/python3.7/site-packages/airflow/example_dags/example_trigger_controller_dag.py for tasks to queue
[2026-03-03T01:29:46.530+0000] {logging_mixin.py:149} INFO - [2026-03-03T01:29:46.530+0000] {dagbag.py:541} INFO - Filling up the DagBag from /home/airflow/.local/lib/python3.7/site-packages/airflow/example_dags/example_trigger_controller_dag.py
[2026-03-03T01:29:46.533+0000] {processor.py:809} INFO - DAG(s) dict_keys(['example_trigger_controller_dag']) retrieved from /home/airflow/.local/lib/python3.7/site-packages/airflow/example_dags/example_trigger_controller_dag.py
[2026-03-03T01:29:46.543+0000] {logging_mixin.py:149} INFO - [2026-03-03T01:29:46.543+0000] {dag.py:2726} INFO - Sync 1 DAGs
[2026-03-03T01:29:46.553+0000] {logging_mixin.py:149} INFO - [2026-03-03T01:29:46.553+0000] {dag.py:3490} INFO - Setting next_dagrun for example_trigger_controller_dag to 2021-01-01T00:00:00+00:00, run_after=2021-01-01T00:00:00+00:00
[2026-03-03T01:29:46.561+0000] {processor.py:178} INFO - Processing /home/airflow/.local/lib/python3.7/site-packages/airflow/example_dags/example_trigger_controller_dag.py took 0.035 seconds
[2026-03-03T01:30:18.123+0000] {processor.py:156} INFO - Started process (PID=2857) to work on /home/airflow/.local/lib/python3.7/site-packages/airflow/example_dags/example_trigger_controller_dag.py
[2026-03-03T01:30:18.125+0000] {processor.py:799} INFO - Processing file /home/airflow/.local/lib/python3.7/site-packages/airflow/example_dags/example_trigger_controller_dag.py for tasks to queue
[2026-03-03T01:30:18.126+0000] {logging_mixin.py:149} INFO - [2026-03-03T01:30:18.126+0000] {dagbag.py:541} INFO - Filling up the DagBag from /home/airflow/.local/lib/python3.7/site-packages/airflow/example_dags/example_trigger_controller_dag.py
[2026-03-03T01:30:18.137+0000] {processor.py:809} INFO - DAG(s) dict_keys(['example_trigger_controller_dag']) retrieved from /home/airflow/.local/lib/python3.7/site-packages/airflow/example_dags/example_trigger_controller_dag.py
[2026-03-03T01:30:18.196+0000] {logging_mixin.py:149} INFO - [2026-03-03T01:30:18.196+0000] {dag.py:2726} INFO - Sync 1 DAGs
[2026-03-03T01:30:18.263+0000] {logging_mixin.py:149} INFO - [2026-03-03T01:30:18.262+0000] {dag.py:3490} INFO - Setting next_dagrun for example_trigger_controller_dag to 2021-01-01T00:00:00+00:00, run_after=2021-01-01T00:00:00+00:00
[2026-03-03T01:30:18.316+0000] {processor.py:178} INFO - Processing /home/airflow/.local/lib/python3.7/site-packages/airflow/example_dags/example_trigger_controller_dag.py took 0.200 seconds
[2026-03-03T01:30:48.547+0000] {processor.py:156} INFO - Started process (PID=2919) to work on /home/airflow/.local/lib/python3.7/site-packages/airflow/example_dags/example_trigger_controller_dag.py
[2026-03-03T01:30:48.549+0000] {processor.py:799} INFO - Processing file /home/airflow/.local/lib/python3.7/site-packages/airflow/example_dags/example_trigger_controller_dag.py for tasks to queue
[2026-03-03T01:30:48.550+0000] {logging_mixin.py:149} INFO - [2026-03-03T01:30:48.550+0000] {dagbag.py:541} INFO - Filling up the DagBag from /home/airflow/.local/lib/python3.7/site-packages/airflow/example_dags/example_trigger_controller_dag.py
[2026-03-03T01:30:48.554+0000] {processor.py:809} INFO - DAG(s) dict_keys(['example_trigger_controller_dag']) retrieved from /home/airflow/.local/lib/python3.7/site-packages/airflow/example_dags/example_trigger_controller_dag.py
[2026-03-03T01:30:48.573+0000] {logging_mixin.py:149} INFO - [2026-03-03T01:30:48.572+0000] {dag.py:2726} INFO - Sync 1 DAGs
[2026-03-03T01:30:48.591+0000] {logging_mixin.py:149} INFO - [2026-03-03T01:30:48.591+0000] {dag.py:3490} INFO - Setting next_dagrun for example_trigger_controller_dag to 2021-01-01T00:00:00+00:00, run_after=2021-01-01T00:00:00+00:00
[2026-03-03T01:30:48.605+0000] {processor.py:178} INFO - Processing /home/airflow/.local/lib/python3.7/site-packages/airflow/example_dags/example_trigger_controller_dag.py took 0.060 seconds
[2026-03-03T01:31:19.201+0000] {processor.py:156} INFO - Started process (PID=2981) to work on /home/airflow/.local/lib/python3.7/site-packages/airflow/example_dags/example_trigger_controller_dag.py
[2026-03-03T01:31:19.202+0000] {processor.py:799} INFO - Processing file /home/airflow/.local/lib/python3.7/site-packages/airflow/example_dags/example_trigger_controller_dag.py for tasks to queue
[2026-03-03T01:31:19.203+0000] {logging_mixin.py:149} INFO - [2026-03-03T01:31:19.203+0000] {dagbag.py:541} INFO - Filling up the DagBag from /home/airflow/.local/lib/python3.7/site-packages/airflow/example_dags/example_trigger_controller_dag.py
[2026-03-03T01:31:19.206+0000] {processor.py:809} INFO - DAG(s) dict_keys(['example_trigger_controller_dag']) retrieved from /home/airflow/.local/lib/python3.7/site-packages/airflow/example_dags/example_trigger_controller_dag.py
[2026-03-03T01:31:19.225+0000] {logging_mixin.py:149} INFO - [2026-03-03T01:31:19.225+0000] {dag.py:2726} INFO - Sync 1 DAGs
[2026-03-03T01:31:19.241+0000] {logging_mixin.py:149} INFO - [2026-03-03T01:31:19.241+0000] {dag.py:3490} INFO - Setting next_dagrun for example_trigger_controller_dag to 2021-01-01T00:00:00+00:00, run_after=2021-01-01T00:00:00+00:00
[2026-03-03T01:31:19.255+0000] {processor.py:178} INFO - Processing /home/airflow/.local/lib/python3.7/site-packages/airflow/example_dags/example_trigger_controller_dag.py took 0.055 seconds
[2026-03-03T02:20:52.617+0000] {processor.py:156} INFO - Started process (PID=92) to work on /home/airflow/.local/lib/python3.7/site-packages/airflow/example_dags/example_trigger_controller_dag.py
[2026-03-03T02:20:52.620+0000] {processor.py:799} INFO - Processing file /home/airflow/.local/lib/python3.7/site-packages/airflow/example_dags/example_trigger_controller_dag.py for tasks to queue
[2026-03-03T02:20:52.621+0000] {logging_mixin.py:149} INFO - [2026-03-03T02:20:52.621+0000] {dagbag.py:541} INFO - Filling up the DagBag from /home/airflow/.local/lib/python3.7/site-packages/airflow/example_dags/example_trigger_controller_dag.py
[2026-03-03T02:20:52.632+0000] {processor.py:809} INFO - DAG(s) dict_keys(['example_trigger_controller_dag']) retrieved from /home/airflow/.local/lib/python3.7/site-packages/airflow/example_dags/example_trigger_controller_dag.py
[2026-03-03T02:20:52.714+0000] {logging_mixin.py:149} INFO - [2026-03-03T02:20:52.714+0000] {dag.py:2726} INFO - Sync 1 DAGs
[2026-03-03T02:20:52.779+0000] {logging_mixin.py:149} INFO - [2026-03-03T02:20:52.779+0000] {dag.py:3490} INFO - Setting next_dagrun for example_trigger_controller_dag to 2021-01-01T00:00:00+00:00, run_after=2021-01-01T00:00:00+00:00
[2026-03-03T02:20:52.865+0000] {processor.py:178} INFO - Processing /home/airflow/.local/lib/python3.7/site-packages/airflow/example_dags/example_trigger_controller_dag.py took 0.265 seconds
[2026-03-03T02:21:23.856+0000] {processor.py:156} INFO - Started process (PID=161) to work on /home/airflow/.local/lib/python3.7/site-packages/airflow/example_dags/example_trigger_controller_dag.py
[2026-03-03T02:21:23.857+0000] {processor.py:799} INFO - Processing file /home/airflow/.local/lib/python3.7/site-packages/airflow/example_dags/example_trigger_controller_dag.py for tasks to queue
[2026-03-03T02:21:23.858+0000] {logging_mixin.py:149} INFO - [2026-03-03T02:21:23.858+0000] {dagbag.py:541} INFO - Filling up the DagBag from /home/airflow/.local/lib/python3.7/site-packages/airflow/example_dags/example_trigger_controller_dag.py
[2026-03-03T02:21:23.862+0000] {processor.py:809} INFO - DAG(s) dict_keys(['example_trigger_controller_dag']) retrieved from /home/airflow/.local/lib/python3.7/site-packages/airflow/example_dags/example_trigger_controller_dag.py
[2026-03-03T02:21:23.889+0000] {logging_mixin.py:149} INFO - [2026-03-03T02:21:23.889+0000] {dag.py:2726} INFO - Sync 1 DAGs
[2026-03-03T02:21:23.911+0000] {logging_mixin.py:149} INFO - [2026-03-03T02:21:23.911+0000] {dag.py:3490} INFO - Setting next_dagrun for example_trigger_controller_dag to 2021-01-01T00:00:00+00:00, run_after=2021-01-01T00:00:00+00:00
[2026-03-03T02:21:23.929+0000] {processor.py:178} INFO - Processing /home/airflow/.local/lib/python3.7/site-packages/airflow/example_dags/example_trigger_controller_dag.py took 0.078 seconds
[2026-03-03T02:21:54.040+0000] {processor.py:156} INFO - Started process (PID=224) to work on /home/airflow/.local/lib/python3.7/site-packages/airflow/example_dags/example_trigger_controller_dag.py
[2026-03-03T02:21:54.041+0000] {processor.py:799} INFO - Processing file /home/airflow/.local/lib/python3.7/site-packages/airflow/example_dags/example_trigger_controller_dag.py for tasks to queue
[2026-03-03T02:21:54.042+0000] {logging_mixin.py:149} INFO - [2026-03-03T02:21:54.042+0000] {dagbag.py:541} INFO - Filling up the DagBag from /home/airflow/.local/lib/python3.7/site-packages/airflow/example_dags/example_trigger_controller_dag.py
[2026-03-03T02:21:54.046+0000] {processor.py:809} INFO - DAG(s) dict_keys(['example_trigger_controller_dag']) retrieved from /home/airflow/.local/lib/python3.7/site-packages/airflow/example_dags/example_trigger_controller_dag.py
[2026-03-03T02:21:54.080+0000] {logging_mixin.py:149} INFO - [2026-03-03T02:21:54.079+0000] {dag.py:2726} INFO - Sync 1 DAGs
[2026-03-03T02:21:54.098+0000] {logging_mixin.py:149} INFO - [2026-03-03T02:21:54.098+0000] {dag.py:3490} INFO - Setting next_dagrun for example_trigger_controller_dag to 2021-01-01T00:00:00+00:00, run_after=2021-01-01T00:00:00+00:00
[2026-03-03T02:21:54.115+0000] {processor.py:178} INFO - Processing /home/airflow/.local/lib/python3.7/site-packages/airflow/example_dags/example_trigger_controller_dag.py took 0.079 seconds
[2026-03-03T02:22:24.138+0000] {processor.py:156} INFO - Started process (PID=287) to work on /home/airflow/.local/lib/python3.7/site-packages/airflow/example_dags/example_trigger_controller_dag.py
[2026-03-03T02:22:24.139+0000] {processor.py:799} INFO - Processing file /home/airflow/.local/lib/python3.7/site-packages/airflow/example_dags/example_trigger_controller_dag.py for tasks to queue
[2026-03-03T02:22:24.140+0000] {logging_mixin.py:149} INFO - [2026-03-03T02:22:24.140+0000] {dagbag.py:541} INFO - Filling up the DagBag from /home/airflow/.local/lib/python3.7/site-packages/airflow/example_dags/example_trigger_controller_dag.py
[2026-03-03T02:22:24.145+0000] {processor.py:809} INFO - DAG(s) dict_keys(['example_trigger_controller_dag']) retrieved from /home/airflow/.local/lib/python3.7/site-packages/airflow/example_dags/example_trigger_controller_dag.py
[2026-03-03T02:22:24.167+0000] {logging_mixin.py:149} INFO - [2026-03-03T02:22:24.167+0000] {dag.py:2726} INFO - Sync 1 DAGs
[2026-03-03T02:22:24.184+0000] {logging_mixin.py:149} INFO - [2026-03-03T02:22:24.183+0000] {dag.py:3490} INFO - Setting next_dagrun for example_trigger_controller_dag to 2021-01-01T00:00:00+00:00, run_after=2021-01-01T00:00:00+00:00
[2026-03-03T02:22:24.193+0000] {processor.py:178} INFO - Processing /home/airflow/.local/lib/python3.7/site-packages/airflow/example_dags/example_trigger_controller_dag.py took 0.060 seconds
[2026-03-03T02:22:55.186+0000] {processor.py:156} INFO - Started process (PID=356) to work on /home/airflow/.local/lib/python3.7/site-packages/airflow/example_dags/example_trigger_controller_dag.py
[2026-03-03T02:22:55.187+0000] {processor.py:799} INFO - Processing file /home/airflow/.local/lib/python3.7/site-packages/airflow/example_dags/example_trigger_controller_dag.py for tasks to queue
[2026-03-03T02:22:55.188+0000] {logging_mixin.py:149} INFO - [2026-03-03T02:22:55.188+0000] {dagbag.py:541} INFO - Filling up the DagBag from /home/airflow/.local/lib/python3.7/site-packages/airflow/example_dags/example_trigger_controller_dag.py
[2026-03-03T02:22:55.193+0000] {processor.py:809} INFO - DAG(s) dict_keys(['example_trigger_controller_dag']) retrieved from /home/airflow/.local/lib/python3.7/site-packages/airflow/example_dags/example_trigger_controller_dag.py
[2026-03-03T02:22:55.219+0000] {logging_mixin.py:149} INFO - [2026-03-03T02:22:55.218+0000] {dag.py:2726} INFO - Sync 1 DAGs
[2026-03-03T02:22:55.235+0000] {logging_mixin.py:149} INFO - [2026-03-03T02:22:55.235+0000] {dag.py:3490} INFO - Setting next_dagrun for example_trigger_controller_dag to 2021-01-01T00:00:00+00:00, run_after=2021-01-01T00:00:00+00:00
[2026-03-03T02:22:55.253+0000] {processor.py:178} INFO - Processing /home/airflow/.local/lib/python3.7/site-packages/airflow/example_dags/example_trigger_controller_dag.py took 0.071 seconds
[2026-03-03T02:23:26.113+0000] {processor.py:156} INFO - Started process (PID=425) to work on /home/airflow/.local/lib/python3.7/site-packages/airflow/example_dags/example_trigger_controller_dag.py
[2026-03-03T02:23:26.114+0000] {processor.py:799} INFO - Processing file /home/airflow/.local/lib/python3.7/site-packages/airflow/example_dags/example_trigger_controller_dag.py for tasks to queue
[2026-03-03T02:23:26.114+0000] {logging_mixin.py:149} INFO - [2026-03-03T02:23:26.114+0000] {dagbag.py:541} INFO - Filling up the DagBag from /home/airflow/.local/lib/python3.7/site-packages/airflow/example_dags/example_trigger_controller_dag.py
[2026-03-03T02:23:26.118+0000] {processor.py:809} INFO - DAG(s) dict_keys(['example_trigger_controller_dag']) retrieved from /home/airflow/.local/lib/python3.7/site-packages/airflow/example_dags/example_trigger_controller_dag.py
[2026-03-03T02:23:26.146+0000] {logging_mixin.py:149} INFO - [2026-03-03T02:23:26.146+0000] {dag.py:2726} INFO - Sync 1 DAGs
[2026-03-03T02:23:26.167+0000] {logging_mixin.py:149} INFO - [2026-03-03T02:23:26.167+0000] {dag.py:3490} INFO - Setting next_dagrun for example_trigger_controller_dag to 2021-01-01T00:00:00+00:00, run_after=2021-01-01T00:00:00+00:00
[2026-03-03T02:23:26.186+0000] {processor.py:178} INFO - Processing /home/airflow/.local/lib/python3.7/site-packages/airflow/example_dags/example_trigger_controller_dag.py took 0.077 seconds
[2026-03-03T02:23:56.794+0000] {processor.py:156} INFO - Started process (PID=506) to work on /home/airflow/.local/lib/python3.7/site-packages/airflow/example_dags/example_trigger_controller_dag.py
[2026-03-03T02:23:56.795+0000] {processor.py:799} INFO - Processing file /home/airflow/.local/lib/python3.7/site-packages/airflow/example_dags/example_trigger_controller_dag.py for tasks to queue
[2026-03-03T02:23:56.795+0000] {logging_mixin.py:149} INFO - [2026-03-03T02:23:56.795+0000] {dagbag.py:541} INFO - Filling up the DagBag from /home/airflow/.local/lib/python3.7/site-packages/airflow/example_dags/example_trigger_controller_dag.py
[2026-03-03T02:23:56.798+0000] {processor.py:809} INFO - DAG(s) dict_keys(['example_trigger_controller_dag']) retrieved from /home/airflow/.local/lib/python3.7/site-packages/airflow/example_dags/example_trigger_controller_dag.py
[2026-03-03T02:23:56.817+0000] {logging_mixin.py:149} INFO - [2026-03-03T02:23:56.816+0000] {dag.py:2726} INFO - Sync 1 DAGs
[2026-03-03T02:23:56.828+0000] {logging_mixin.py:149} INFO - [2026-03-03T02:23:56.828+0000] {dag.py:3490} INFO - Setting next_dagrun for example_trigger_controller_dag to 2021-01-01T00:00:00+00:00, run_after=2021-01-01T00:00:00+00:00
[2026-03-03T02:23:56.842+0000] {processor.py:178} INFO - Processing /home/airflow/.local/lib/python3.7/site-packages/airflow/example_dags/example_trigger_controller_dag.py took 0.052 seconds
[2026-03-03T02:24:27.557+0000] {processor.py:156} INFO - Started process (PID=569) to work on /home/airflow/.local/lib/python3.7/site-packages/airflow/example_dags/example_trigger_controller_dag.py
[2026-03-03T02:24:27.558+0000] {processor.py:799} INFO - Processing file /home/airflow/.local/lib/python3.7/site-packages/airflow/example_dags/example_trigger_controller_dag.py for tasks to queue
[2026-03-03T02:24:27.559+0000] {logging_mixin.py:149} INFO - [2026-03-03T02:24:27.559+0000] {dagbag.py:541} INFO - Filling up the DagBag from /home/airflow/.local/lib/python3.7/site-packages/airflow/example_dags/example_trigger_controller_dag.py
[2026-03-03T02:24:27.564+0000] {processor.py:809} INFO - DAG(s) dict_keys(['example_trigger_controller_dag']) retrieved from /home/airflow/.local/lib/python3.7/site-packages/airflow/example_dags/example_trigger_controller_dag.py
[2026-03-03T02:24:27.585+0000] {logging_mixin.py:149} INFO - [2026-03-03T02:24:27.585+0000] {dag.py:2726} INFO - Sync 1 DAGs
[2026-03-03T02:24:27.600+0000] {logging_mixin.py:149} INFO - [2026-03-03T02:24:27.600+0000] {dag.py:3490} INFO - Setting next_dagrun for example_trigger_controller_dag to 2021-01-01T00:00:00+00:00, run_after=2021-01-01T00:00:00+00:00
[2026-03-03T02:24:27.616+0000] {processor.py:178} INFO - Processing /home/airflow/.local/lib/python3.7/site-packages/airflow/example_dags/example_trigger_controller_dag.py took 0.064 seconds
[2026-03-03T02:24:57.679+0000] {processor.py:156} INFO - Started process (PID=632) to work on /home/airflow/.local/lib/python3.7/site-packages/airflow/example_dags/example_trigger_controller_dag.py
[2026-03-03T02:24:57.680+0000] {processor.py:799} INFO - Processing file /home/airflow/.local/lib/python3.7/site-packages/airflow/example_dags/example_trigger_controller_dag.py for tasks to queue
[2026-03-03T02:24:57.681+0000] {logging_mixin.py:149} INFO - [2026-03-03T02:24:57.681+0000] {dagbag.py:541} INFO - Filling up the DagBag from /home/airflow/.local/lib/python3.7/site-packages/airflow/example_dags/example_trigger_controller_dag.py
[2026-03-03T02:24:57.686+0000] {processor.py:809} INFO - DAG(s) dict_keys(['example_trigger_controller_dag']) retrieved from /home/airflow/.local/lib/python3.7/site-packages/airflow/example_dags/example_trigger_controller_dag.py
[2026-03-03T02:24:57.709+0000] {logging_mixin.py:149} INFO - [2026-03-03T02:24:57.708+0000] {dag.py:2726} INFO - Sync 1 DAGs
[2026-03-03T02:24:57.728+0000] {logging_mixin.py:149} INFO - [2026-03-03T02:24:57.728+0000] {dag.py:3490} INFO - Setting next_dagrun for example_trigger_controller_dag to 2021-01-01T00:00:00+00:00, run_after=2021-01-01T00:00:00+00:00
[2026-03-03T02:24:57.743+0000] {processor.py:178} INFO - Processing /home/airflow/.local/lib/python3.7/site-packages/airflow/example_dags/example_trigger_controller_dag.py took 0.071 seconds
[2026-03-03T02:25:28.549+0000] {processor.py:156} INFO - Started process (PID=695) to work on /home/airflow/.local/lib/python3.7/site-packages/airflow/example_dags/example_trigger_controller_dag.py
[2026-03-03T02:25:28.551+0000] {processor.py:799} INFO - Processing file /home/airflow/.local/lib/python3.7/site-packages/airflow/example_dags/example_trigger_controller_dag.py for tasks to queue
[2026-03-03T02:25:28.551+0000] {logging_mixin.py:149} INFO - [2026-03-03T02:25:28.551+0000] {dagbag.py:541} INFO - Filling up the DagBag from /home/airflow/.local/lib/python3.7/site-packages/airflow/example_dags/example_trigger_controller_dag.py
[2026-03-03T02:25:28.553+0000] {processor.py:809} INFO - DAG(s) dict_keys(['example_trigger_controller_dag']) retrieved from /home/airflow/.local/lib/python3.7/site-packages/airflow/example_dags/example_trigger_controller_dag.py
[2026-03-03T02:25:28.572+0000] {logging_mixin.py:149} INFO - [2026-03-03T02:25:28.571+0000] {dag.py:2726} INFO - Sync 1 DAGs
[2026-03-03T02:25:28.585+0000] {logging_mixin.py:149} INFO - [2026-03-03T02:25:28.585+0000] {dag.py:3490} INFO - Setting next_dagrun for example_trigger_controller_dag to 2021-01-01T00:00:00+00:00, run_after=2021-01-01T00:00:00+00:00
[2026-03-03T02:25:28.598+0000] {processor.py:178} INFO - Processing /home/airflow/.local/lib/python3.7/site-packages/airflow/example_dags/example_trigger_controller_dag.py took 0.050 seconds
[2026-03-03T02:25:59.387+0000] {processor.py:156} INFO - Started process (PID=758) to work on /home/airflow/.local/lib/python3.7/site-packages/airflow/example_dags/example_trigger_controller_dag.py
[2026-03-03T02:25:59.388+0000] {processor.py:799} INFO - Processing file /home/airflow/.local/lib/python3.7/site-packages/airflow/example_dags/example_trigger_controller_dag.py for tasks to queue
[2026-03-03T02:25:59.388+0000] {logging_mixin.py:149} INFO - [2026-03-03T02:25:59.388+0000] {dagbag.py:541} INFO - Filling up the DagBag from /home/airflow/.local/lib/python3.7/site-packages/airflow/example_dags/example_trigger_controller_dag.py
[2026-03-03T02:25:59.390+0000] {processor.py:809} INFO - DAG(s) dict_keys(['example_trigger_controller_dag']) retrieved from /home/airflow/.local/lib/python3.7/site-packages/airflow/example_dags/example_trigger_controller_dag.py
[2026-03-03T02:25:59.409+0000] {logging_mixin.py:149} INFO - [2026-03-03T02:25:59.409+0000] {dag.py:2726} INFO - Sync 1 DAGs
[2026-03-03T02:25:59.421+0000] {logging_mixin.py:149} INFO - [2026-03-03T02:25:59.421+0000] {dag.py:3490} INFO - Setting next_dagrun for example_trigger_controller_dag to 2021-01-01T00:00:00+00:00, run_after=2021-01-01T00:00:00+00:00
[2026-03-03T02:25:59.434+0000] {processor.py:178} INFO - Processing /home/airflow/.local/lib/python3.7/site-packages/airflow/example_dags/example_trigger_controller_dag.py took 0.048 seconds
[2026-03-03T02:26:30.369+0000] {processor.py:156} INFO - Started process (PID=821) to work on /home/airflow/.local/lib/python3.7/site-packages/airflow/example_dags/example_trigger_controller_dag.py
[2026-03-03T02:26:30.370+0000] {processor.py:799} INFO - Processing file /home/airflow/.local/lib/python3.7/site-packages/airflow/example_dags/example_trigger_controller_dag.py for tasks to queue
[2026-03-03T02:26:30.370+0000] {logging_mixin.py:149} INFO - [2026-03-03T02:26:30.370+0000] {dagbag.py:541} INFO - Filling up the DagBag from /home/airflow/.local/lib/python3.7/site-packages/airflow/example_dags/example_trigger_controller_dag.py
[2026-03-03T02:26:30.375+0000] {processor.py:809} INFO - DAG(s) dict_keys(['example_trigger_controller_dag']) retrieved from /home/airflow/.local/lib/python3.7/site-packages/airflow/example_dags/example_trigger_controller_dag.py
[2026-03-03T02:26:30.402+0000] {logging_mixin.py:149} INFO - [2026-03-03T02:26:30.402+0000] {dag.py:2726} INFO - Sync 1 DAGs
[2026-03-03T02:26:30.424+0000] {logging_mixin.py:149} INFO - [2026-03-03T02:26:30.423+0000] {dag.py:3490} INFO - Setting next_dagrun for example_trigger_controller_dag to 2021-01-01T00:00:00+00:00, run_after=2021-01-01T00:00:00+00:00
[2026-03-03T02:26:30.439+0000] {processor.py:178} INFO - Processing /home/airflow/.local/lib/python3.7/site-packages/airflow/example_dags/example_trigger_controller_dag.py took 0.073 seconds
[2026-03-03T02:27:01.281+0000] {processor.py:156} INFO - Started process (PID=884) to work on /home/airflow/.local/lib/python3.7/site-packages/airflow/example_dags/example_trigger_controller_dag.py
[2026-03-03T02:27:01.282+0000] {processor.py:799} INFO - Processing file /home/airflow/.local/lib/python3.7/site-packages/airflow/example_dags/example_trigger_controller_dag.py for tasks to queue
[2026-03-03T02:27:01.282+0000] {logging_mixin.py:149} INFO - [2026-03-03T02:27:01.282+0000] {dagbag.py:541} INFO - Filling up the DagBag from /home/airflow/.local/lib/python3.7/site-packages/airflow/example_dags/example_trigger_controller_dag.py
[2026-03-03T02:27:01.285+0000] {processor.py:809} INFO - DAG(s) dict_keys(['example_trigger_controller_dag']) retrieved from /home/airflow/.local/lib/python3.7/site-packages/airflow/example_dags/example_trigger_controller_dag.py
[2026-03-03T02:27:01.308+0000] {logging_mixin.py:149} INFO - [2026-03-03T02:27:01.308+0000] {dag.py:2726} INFO - Sync 1 DAGs
[2026-03-03T02:27:01.323+0000] {logging_mixin.py:149} INFO - [2026-03-03T02:27:01.322+0000] {dag.py:3490} INFO - Setting next_dagrun for example_trigger_controller_dag to 2021-01-01T00:00:00+00:00, run_after=2021-01-01T00:00:00+00:00
[2026-03-03T02:27:01.339+0000] {processor.py:178} INFO - Processing /home/airflow/.local/lib/python3.7/site-packages/airflow/example_dags/example_trigger_controller_dag.py took 0.060 seconds
[2026-03-03T02:28:43.304+0000] {processor.py:156} INFO - Started process (PID=123) to work on /home/airflow/.local/lib/python3.7/site-packages/airflow/example_dags/example_trigger_controller_dag.py
[2026-03-03T02:28:43.305+0000] {processor.py:799} INFO - Processing file /home/airflow/.local/lib/python3.7/site-packages/airflow/example_dags/example_trigger_controller_dag.py for tasks to queue
[2026-03-03T02:28:43.305+0000] {logging_mixin.py:149} INFO - [2026-03-03T02:28:43.305+0000] {dagbag.py:541} INFO - Filling up the DagBag from /home/airflow/.local/lib/python3.7/site-packages/airflow/example_dags/example_trigger_controller_dag.py
[2026-03-03T02:28:43.311+0000] {processor.py:809} INFO - DAG(s) dict_keys(['example_trigger_controller_dag']) retrieved from /home/airflow/.local/lib/python3.7/site-packages/airflow/example_dags/example_trigger_controller_dag.py
[2026-03-03T02:28:43.334+0000] {logging_mixin.py:149} INFO - [2026-03-03T02:28:43.334+0000] {dag.py:2726} INFO - Sync 1 DAGs
[2026-03-03T02:28:43.352+0000] {logging_mixin.py:149} INFO - [2026-03-03T02:28:43.352+0000] {dag.py:3490} INFO - Setting next_dagrun for example_trigger_controller_dag to 2021-01-01T00:00:00+00:00, run_after=2021-01-01T00:00:00+00:00
[2026-03-03T02:28:43.375+0000] {processor.py:178} INFO - Processing /home/airflow/.local/lib/python3.7/site-packages/airflow/example_dags/example_trigger_controller_dag.py took 0.074 seconds
[2026-03-03T02:29:13.499+0000] {processor.py:156} INFO - Started process (PID=195) to work on /home/airflow/.local/lib/python3.7/site-packages/airflow/example_dags/example_trigger_controller_dag.py
[2026-03-03T02:29:13.500+0000] {processor.py:799} INFO - Processing file /home/airflow/.local/lib/python3.7/site-packages/airflow/example_dags/example_trigger_controller_dag.py for tasks to queue
[2026-03-03T02:29:13.500+0000] {logging_mixin.py:149} INFO - [2026-03-03T02:29:13.500+0000] {dagbag.py:541} INFO - Filling up the DagBag from /home/airflow/.local/lib/python3.7/site-packages/airflow/example_dags/example_trigger_controller_dag.py
[2026-03-03T02:29:13.502+0000] {processor.py:809} INFO - DAG(s) dict_keys(['example_trigger_controller_dag']) retrieved from /home/airflow/.local/lib/python3.7/site-packages/airflow/example_dags/example_trigger_controller_dag.py
[2026-03-03T02:29:13.517+0000] {logging_mixin.py:149} INFO - [2026-03-03T02:29:13.517+0000] {dag.py:2726} INFO - Sync 1 DAGs
[2026-03-03T02:29:13.531+0000] {logging_mixin.py:149} INFO - [2026-03-03T02:29:13.531+0000] {dag.py:3490} INFO - Setting next_dagrun for example_trigger_controller_dag to 2021-01-01T00:00:00+00:00, run_after=2021-01-01T00:00:00+00:00
[2026-03-03T02:29:13.547+0000] {processor.py:178} INFO - Processing /home/airflow/.local/lib/python3.7/site-packages/airflow/example_dags/example_trigger_controller_dag.py took 0.049 seconds
[2026-03-03T02:29:47.365+0000] {processor.py:156} INFO - Started process (PID=268) to work on /home/airflow/.local/lib/python3.7/site-packages/airflow/example_dags/example_trigger_controller_dag.py
[2026-03-03T02:29:47.367+0000] {processor.py:799} INFO - Processing file /home/airflow/.local/lib/python3.7/site-packages/airflow/example_dags/example_trigger_controller_dag.py for tasks to queue
[2026-03-03T02:29:47.368+0000] {logging_mixin.py:149} INFO - [2026-03-03T02:29:47.368+0000] {dagbag.py:541} INFO - Filling up the DagBag from /home/airflow/.local/lib/python3.7/site-packages/airflow/example_dags/example_trigger_controller_dag.py
[2026-03-03T02:29:47.375+0000] {processor.py:809} INFO - DAG(s) dict_keys(['example_trigger_controller_dag']) retrieved from /home/airflow/.local/lib/python3.7/site-packages/airflow/example_dags/example_trigger_controller_dag.py
[2026-03-03T02:29:47.424+0000] {logging_mixin.py:149} INFO - [2026-03-03T02:29:47.424+0000] {dag.py:2726} INFO - Sync 1 DAGs
[2026-03-03T02:29:47.476+0000] {logging_mixin.py:149} INFO - [2026-03-03T02:29:47.476+0000] {dag.py:3490} INFO - Setting next_dagrun for example_trigger_controller_dag to 2021-01-01T00:00:00+00:00, run_after=2021-01-01T00:00:00+00:00
[2026-03-03T02:29:47.526+0000] {processor.py:178} INFO - Processing /home/airflow/.local/lib/python3.7/site-packages/airflow/example_dags/example_trigger_controller_dag.py took 0.167 seconds
[2026-03-03T02:30:17.943+0000] {processor.py:156} INFO - Started process (PID=341) to work on /home/airflow/.local/lib/python3.7/site-packages/airflow/example_dags/example_trigger_controller_dag.py
[2026-03-03T02:30:17.946+0000] {processor.py:799} INFO - Processing file /home/airflow/.local/lib/python3.7/site-packages/airflow/example_dags/example_trigger_controller_dag.py for tasks to queue
[2026-03-03T02:30:17.948+0000] {logging_mixin.py:149} INFO - [2026-03-03T02:30:17.948+0000] {dagbag.py:541} INFO - Filling up the DagBag from /home/airflow/.local/lib/python3.7/site-packages/airflow/example_dags/example_trigger_controller_dag.py
[2026-03-03T02:30:17.956+0000] {processor.py:809} INFO - DAG(s) dict_keys(['example_trigger_controller_dag']) retrieved from /home/airflow/.local/lib/python3.7/site-packages/airflow/example_dags/example_trigger_controller_dag.py
[2026-03-03T02:30:18.008+0000] {logging_mixin.py:149} INFO - [2026-03-03T02:30:18.008+0000] {dag.py:2726} INFO - Sync 1 DAGs
[2026-03-03T02:30:18.064+0000] {logging_mixin.py:149} INFO - [2026-03-03T02:30:18.063+0000] {dag.py:3490} INFO - Setting next_dagrun for example_trigger_controller_dag to 2021-01-01T00:00:00+00:00, run_after=2021-01-01T00:00:00+00:00
[2026-03-03T02:30:18.111+0000] {processor.py:178} INFO - Processing /home/airflow/.local/lib/python3.7/site-packages/airflow/example_dags/example_trigger_controller_dag.py took 0.175 seconds
[2026-03-03T02:30:48.754+0000] {processor.py:156} INFO - Started process (PID=402) to work on /home/airflow/.local/lib/python3.7/site-packages/airflow/example_dags/example_trigger_controller_dag.py
[2026-03-03T02:30:48.758+0000] {processor.py:799} INFO - Processing file /home/airflow/.local/lib/python3.7/site-packages/airflow/example_dags/example_trigger_controller_dag.py for tasks to queue
[2026-03-03T02:30:48.760+0000] {logging_mixin.py:149} INFO - [2026-03-03T02:30:48.759+0000] {dagbag.py:541} INFO - Filling up the DagBag from /home/airflow/.local/lib/python3.7/site-packages/airflow/example_dags/example_trigger_controller_dag.py
[2026-03-03T02:30:48.769+0000] {processor.py:809} INFO - DAG(s) dict_keys(['example_trigger_controller_dag']) retrieved from /home/airflow/.local/lib/python3.7/site-packages/airflow/example_dags/example_trigger_controller_dag.py
[2026-03-03T02:30:48.824+0000] {logging_mixin.py:149} INFO - [2026-03-03T02:30:48.823+0000] {dag.py:2726} INFO - Sync 1 DAGs
[2026-03-03T02:30:48.882+0000] {logging_mixin.py:149} INFO - [2026-03-03T02:30:48.881+0000] {dag.py:3490} INFO - Setting next_dagrun for example_trigger_controller_dag to 2021-01-01T00:00:00+00:00, run_after=2021-01-01T00:00:00+00:00
[2026-03-03T02:30:48.949+0000] {processor.py:178} INFO - Processing /home/airflow/.local/lib/python3.7/site-packages/airflow/example_dags/example_trigger_controller_dag.py took 0.201 seconds
