[2026-03-03T00:56:04.703+0000] {processor.py:156} INFO - Started process (PID=65) to work on /home/airflow/.local/lib/python3.7/site-packages/airflow/example_dags/example_short_circuit_operator.py
[2026-03-03T00:56:04.705+0000] {processor.py:799} INFO - Processing file /home/airflow/.local/lib/python3.7/site-packages/airflow/example_dags/example_short_circuit_operator.py for tasks to queue
[2026-03-03T00:56:04.706+0000] {logging_mixin.py:149} INFO - [2026-03-03T00:56:04.706+0000] {dagbag.py:541} INFO - Filling up the DagBag from /home/airflow/.local/lib/python3.7/site-packages/airflow/example_dags/example_short_circuit_operator.py
[2026-03-03T00:56:04.714+0000] {processor.py:809} INFO - DAG(s) dict_keys(['example_short_circuit_operator']) retrieved from /home/airflow/.local/lib/python3.7/site-packages/airflow/example_dags/example_short_circuit_operator.py
[2026-03-03T00:56:04.724+0000] {logging_mixin.py:149} INFO - [2026-03-03T00:56:04.724+0000] {dag.py:2726} INFO - Sync 1 DAGs
[2026-03-03T00:56:04.751+0000] {logging_mixin.py:149} INFO - [2026-03-03T00:56:04.750+0000] {dag.py:3490} INFO - Setting next_dagrun for example_short_circuit_operator to 2026-03-02T00:56:04.750759+00:00, run_after=2026-03-03T00:56:04.750759+00:00
[2026-03-03T00:56:04.778+0000] {processor.py:178} INFO - Processing /home/airflow/.local/lib/python3.7/site-packages/airflow/example_dags/example_short_circuit_operator.py took 0.077 seconds
[2026-03-03T00:56:36.958+0000] {processor.py:156} INFO - Started process (PID=127) to work on /home/airflow/.local/lib/python3.7/site-packages/airflow/example_dags/example_short_circuit_operator.py
[2026-03-03T00:56:36.959+0000] {processor.py:799} INFO - Processing file /home/airflow/.local/lib/python3.7/site-packages/airflow/example_dags/example_short_circuit_operator.py for tasks to queue
[2026-03-03T00:56:36.959+0000] {logging_mixin.py:149} INFO - [2026-03-03T00:56:36.959+0000] {dagbag.py:541} INFO - Filling up the DagBag from /home/airflow/.local/lib/python3.7/site-packages/airflow/example_dags/example_short_circuit_operator.py
[2026-03-03T00:56:36.964+0000] {processor.py:809} INFO - DAG(s) dict_keys(['example_short_circuit_operator']) retrieved from /home/airflow/.local/lib/python3.7/site-packages/airflow/example_dags/example_short_circuit_operator.py
[2026-03-03T00:56:37.022+0000] {logging_mixin.py:149} INFO - [2026-03-03T00:56:37.022+0000] {dag.py:2726} INFO - Sync 1 DAGs
[2026-03-03T00:56:37.053+0000] {logging_mixin.py:149} INFO - [2026-03-03T00:56:37.052+0000] {dag.py:3490} INFO - Setting next_dagrun for example_short_circuit_operator to 2026-03-02T00:56:37.052680+00:00, run_after=2026-03-03T00:56:37.052680+00:00
[2026-03-03T00:56:37.066+0000] {processor.py:178} INFO - Processing /home/airflow/.local/lib/python3.7/site-packages/airflow/example_dags/example_short_circuit_operator.py took 0.110 seconds
[2026-03-03T00:57:07.974+0000] {processor.py:156} INFO - Started process (PID=189) to work on /home/airflow/.local/lib/python3.7/site-packages/airflow/example_dags/example_short_circuit_operator.py
[2026-03-03T00:57:07.977+0000] {processor.py:799} INFO - Processing file /home/airflow/.local/lib/python3.7/site-packages/airflow/example_dags/example_short_circuit_operator.py for tasks to queue
[2026-03-03T00:57:07.977+0000] {logging_mixin.py:149} INFO - [2026-03-03T00:57:07.977+0000] {dagbag.py:541} INFO - Filling up the DagBag from /home/airflow/.local/lib/python3.7/site-packages/airflow/example_dags/example_short_circuit_operator.py
[2026-03-03T00:57:07.981+0000] {processor.py:809} INFO - DAG(s) dict_keys(['example_short_circuit_operator']) retrieved from /home/airflow/.local/lib/python3.7/site-packages/airflow/example_dags/example_short_circuit_operator.py
[2026-03-03T00:57:07.997+0000] {logging_mixin.py:149} INFO - [2026-03-03T00:57:07.996+0000] {dag.py:2726} INFO - Sync 1 DAGs
[2026-03-03T00:57:08.009+0000] {logging_mixin.py:149} INFO - [2026-03-03T00:57:08.009+0000] {dag.py:3490} INFO - Setting next_dagrun for example_short_circuit_operator to 2026-03-02T00:57:08.009050+00:00, run_after=2026-03-03T00:57:08.009050+00:00
[2026-03-03T00:57:08.023+0000] {processor.py:178} INFO - Processing /home/airflow/.local/lib/python3.7/site-packages/airflow/example_dags/example_short_circuit_operator.py took 0.051 seconds
[2026-03-03T00:57:38.871+0000] {processor.py:156} INFO - Started process (PID=251) to work on /home/airflow/.local/lib/python3.7/site-packages/airflow/example_dags/example_short_circuit_operator.py
[2026-03-03T00:57:38.875+0000] {processor.py:799} INFO - Processing file /home/airflow/.local/lib/python3.7/site-packages/airflow/example_dags/example_short_circuit_operator.py for tasks to queue
[2026-03-03T00:57:38.875+0000] {logging_mixin.py:149} INFO - [2026-03-03T00:57:38.875+0000] {dagbag.py:541} INFO - Filling up the DagBag from /home/airflow/.local/lib/python3.7/site-packages/airflow/example_dags/example_short_circuit_operator.py
[2026-03-03T00:57:38.882+0000] {processor.py:809} INFO - DAG(s) dict_keys(['example_short_circuit_operator']) retrieved from /home/airflow/.local/lib/python3.7/site-packages/airflow/example_dags/example_short_circuit_operator.py
[2026-03-03T00:57:38.907+0000] {logging_mixin.py:149} INFO - [2026-03-03T00:57:38.907+0000] {dag.py:2726} INFO - Sync 1 DAGs
[2026-03-03T00:57:38.925+0000] {logging_mixin.py:149} INFO - [2026-03-03T00:57:38.925+0000] {dag.py:3490} INFO - Setting next_dagrun for example_short_circuit_operator to 2026-03-02T00:57:38.925289+00:00, run_after=2026-03-03T00:57:38.925289+00:00
[2026-03-03T00:57:38.940+0000] {processor.py:178} INFO - Processing /home/airflow/.local/lib/python3.7/site-packages/airflow/example_dags/example_short_circuit_operator.py took 0.070 seconds
[2026-03-03T00:58:09.177+0000] {processor.py:156} INFO - Started process (PID=313) to work on /home/airflow/.local/lib/python3.7/site-packages/airflow/example_dags/example_short_circuit_operator.py
[2026-03-03T00:58:09.178+0000] {processor.py:799} INFO - Processing file /home/airflow/.local/lib/python3.7/site-packages/airflow/example_dags/example_short_circuit_operator.py for tasks to queue
[2026-03-03T00:58:09.179+0000] {logging_mixin.py:149} INFO - [2026-03-03T00:58:09.179+0000] {dagbag.py:541} INFO - Filling up the DagBag from /home/airflow/.local/lib/python3.7/site-packages/airflow/example_dags/example_short_circuit_operator.py
[2026-03-03T00:58:09.190+0000] {processor.py:809} INFO - DAG(s) dict_keys(['example_short_circuit_operator']) retrieved from /home/airflow/.local/lib/python3.7/site-packages/airflow/example_dags/example_short_circuit_operator.py
[2026-03-03T00:58:09.255+0000] {logging_mixin.py:149} INFO - [2026-03-03T00:58:09.255+0000] {dag.py:2726} INFO - Sync 1 DAGs
[2026-03-03T00:58:09.281+0000] {logging_mixin.py:149} INFO - [2026-03-03T00:58:09.281+0000] {dag.py:3490} INFO - Setting next_dagrun for example_short_circuit_operator to 2026-03-02T00:58:09.280999+00:00, run_after=2026-03-03T00:58:09.280999+00:00
[2026-03-03T00:58:09.298+0000] {processor.py:178} INFO - Processing /home/airflow/.local/lib/python3.7/site-packages/airflow/example_dags/example_short_circuit_operator.py took 0.123 seconds
[2026-03-03T00:58:40.174+0000] {processor.py:156} INFO - Started process (PID=375) to work on /home/airflow/.local/lib/python3.7/site-packages/airflow/example_dags/example_short_circuit_operator.py
[2026-03-03T00:58:40.174+0000] {processor.py:799} INFO - Processing file /home/airflow/.local/lib/python3.7/site-packages/airflow/example_dags/example_short_circuit_operator.py for tasks to queue
[2026-03-03T00:58:40.174+0000] {logging_mixin.py:149} INFO - [2026-03-03T00:58:40.174+0000] {dagbag.py:541} INFO - Filling up the DagBag from /home/airflow/.local/lib/python3.7/site-packages/airflow/example_dags/example_short_circuit_operator.py
[2026-03-03T00:58:40.179+0000] {processor.py:809} INFO - DAG(s) dict_keys(['example_short_circuit_operator']) retrieved from /home/airflow/.local/lib/python3.7/site-packages/airflow/example_dags/example_short_circuit_operator.py
[2026-03-03T00:58:40.193+0000] {logging_mixin.py:149} INFO - [2026-03-03T00:58:40.193+0000] {dag.py:2726} INFO - Sync 1 DAGs
[2026-03-03T00:58:40.207+0000] {logging_mixin.py:149} INFO - [2026-03-03T00:58:40.207+0000] {dag.py:3490} INFO - Setting next_dagrun for example_short_circuit_operator to 2026-03-02T00:58:40.207148+00:00, run_after=2026-03-03T00:58:40.207148+00:00
[2026-03-03T00:58:40.225+0000] {processor.py:178} INFO - Processing /home/airflow/.local/lib/python3.7/site-packages/airflow/example_dags/example_short_circuit_operator.py took 0.053 seconds
[2026-03-03T00:59:11.245+0000] {processor.py:156} INFO - Started process (PID=437) to work on /home/airflow/.local/lib/python3.7/site-packages/airflow/example_dags/example_short_circuit_operator.py
[2026-03-03T00:59:11.246+0000] {processor.py:799} INFO - Processing file /home/airflow/.local/lib/python3.7/site-packages/airflow/example_dags/example_short_circuit_operator.py for tasks to queue
[2026-03-03T00:59:11.246+0000] {logging_mixin.py:149} INFO - [2026-03-03T00:59:11.246+0000] {dagbag.py:541} INFO - Filling up the DagBag from /home/airflow/.local/lib/python3.7/site-packages/airflow/example_dags/example_short_circuit_operator.py
[2026-03-03T00:59:11.250+0000] {processor.py:809} INFO - DAG(s) dict_keys(['example_short_circuit_operator']) retrieved from /home/airflow/.local/lib/python3.7/site-packages/airflow/example_dags/example_short_circuit_operator.py
[2026-03-03T00:59:11.267+0000] {logging_mixin.py:149} INFO - [2026-03-03T00:59:11.267+0000] {dag.py:2726} INFO - Sync 1 DAGs
[2026-03-03T00:59:11.280+0000] {logging_mixin.py:149} INFO - [2026-03-03T00:59:11.280+0000] {dag.py:3490} INFO - Setting next_dagrun for example_short_circuit_operator to 2026-03-02T00:59:11.280276+00:00, run_after=2026-03-03T00:59:11.280276+00:00
[2026-03-03T00:59:11.294+0000] {processor.py:178} INFO - Processing /home/airflow/.local/lib/python3.7/site-packages/airflow/example_dags/example_short_circuit_operator.py took 0.050 seconds
[2026-03-03T00:59:42.050+0000] {processor.py:156} INFO - Started process (PID=499) to work on /home/airflow/.local/lib/python3.7/site-packages/airflow/example_dags/example_short_circuit_operator.py
[2026-03-03T00:59:42.050+0000] {processor.py:799} INFO - Processing file /home/airflow/.local/lib/python3.7/site-packages/airflow/example_dags/example_short_circuit_operator.py for tasks to queue
[2026-03-03T00:59:42.051+0000] {logging_mixin.py:149} INFO - [2026-03-03T00:59:42.051+0000] {dagbag.py:541} INFO - Filling up the DagBag from /home/airflow/.local/lib/python3.7/site-packages/airflow/example_dags/example_short_circuit_operator.py
[2026-03-03T00:59:42.055+0000] {processor.py:809} INFO - DAG(s) dict_keys(['example_short_circuit_operator']) retrieved from /home/airflow/.local/lib/python3.7/site-packages/airflow/example_dags/example_short_circuit_operator.py
[2026-03-03T00:59:42.070+0000] {logging_mixin.py:149} INFO - [2026-03-03T00:59:42.070+0000] {dag.py:2726} INFO - Sync 1 DAGs
[2026-03-03T00:59:42.086+0000] {logging_mixin.py:149} INFO - [2026-03-03T00:59:42.086+0000] {dag.py:3490} INFO - Setting next_dagrun for example_short_circuit_operator to 2026-03-02T00:59:42.086544+00:00, run_after=2026-03-03T00:59:42.086544+00:00
[2026-03-03T00:59:42.095+0000] {processor.py:178} INFO - Processing /home/airflow/.local/lib/python3.7/site-packages/airflow/example_dags/example_short_circuit_operator.py took 0.048 seconds
[2026-03-03T01:00:13.266+0000] {processor.py:156} INFO - Started process (PID=561) to work on /home/airflow/.local/lib/python3.7/site-packages/airflow/example_dags/example_short_circuit_operator.py
[2026-03-03T01:00:13.268+0000] {processor.py:799} INFO - Processing file /home/airflow/.local/lib/python3.7/site-packages/airflow/example_dags/example_short_circuit_operator.py for tasks to queue
[2026-03-03T01:00:13.269+0000] {logging_mixin.py:149} INFO - [2026-03-03T01:00:13.269+0000] {dagbag.py:541} INFO - Filling up the DagBag from /home/airflow/.local/lib/python3.7/site-packages/airflow/example_dags/example_short_circuit_operator.py
[2026-03-03T01:00:13.292+0000] {processor.py:809} INFO - DAG(s) dict_keys(['example_short_circuit_operator']) retrieved from /home/airflow/.local/lib/python3.7/site-packages/airflow/example_dags/example_short_circuit_operator.py
[2026-03-03T01:00:13.359+0000] {logging_mixin.py:149} INFO - [2026-03-03T01:00:13.358+0000] {dag.py:2726} INFO - Sync 1 DAGs
[2026-03-03T01:00:13.433+0000] {logging_mixin.py:149} INFO - [2026-03-03T01:00:13.433+0000] {dag.py:3490} INFO - Setting next_dagrun for example_short_circuit_operator to 2026-03-02T01:00:13.432634+00:00, run_after=2026-03-03T01:00:13.432634+00:00
[2026-03-03T01:00:13.487+0000] {processor.py:178} INFO - Processing /home/airflow/.local/lib/python3.7/site-packages/airflow/example_dags/example_short_circuit_operator.py took 0.229 seconds
[2026-03-03T01:00:44.467+0000] {processor.py:156} INFO - Started process (PID=623) to work on /home/airflow/.local/lib/python3.7/site-packages/airflow/example_dags/example_short_circuit_operator.py
[2026-03-03T01:00:44.470+0000] {processor.py:799} INFO - Processing file /home/airflow/.local/lib/python3.7/site-packages/airflow/example_dags/example_short_circuit_operator.py for tasks to queue
[2026-03-03T01:00:44.472+0000] {logging_mixin.py:149} INFO - [2026-03-03T01:00:44.472+0000] {dagbag.py:541} INFO - Filling up the DagBag from /home/airflow/.local/lib/python3.7/site-packages/airflow/example_dags/example_short_circuit_operator.py
[2026-03-03T01:00:44.495+0000] {processor.py:809} INFO - DAG(s) dict_keys(['example_short_circuit_operator']) retrieved from /home/airflow/.local/lib/python3.7/site-packages/airflow/example_dags/example_short_circuit_operator.py
[2026-03-03T01:00:44.563+0000] {logging_mixin.py:149} INFO - [2026-03-03T01:00:44.563+0000] {dag.py:2726} INFO - Sync 1 DAGs
[2026-03-03T01:00:44.636+0000] {logging_mixin.py:149} INFO - [2026-03-03T01:00:44.635+0000] {dag.py:3490} INFO - Setting next_dagrun for example_short_circuit_operator to 2026-03-02T01:00:44.634436+00:00, run_after=2026-03-03T01:00:44.634436+00:00
[2026-03-03T01:00:44.699+0000] {processor.py:178} INFO - Processing /home/airflow/.local/lib/python3.7/site-packages/airflow/example_dags/example_short_circuit_operator.py took 0.240 seconds
[2026-03-03T01:01:14.849+0000] {processor.py:156} INFO - Started process (PID=685) to work on /home/airflow/.local/lib/python3.7/site-packages/airflow/example_dags/example_short_circuit_operator.py
[2026-03-03T01:01:14.850+0000] {processor.py:799} INFO - Processing file /home/airflow/.local/lib/python3.7/site-packages/airflow/example_dags/example_short_circuit_operator.py for tasks to queue
[2026-03-03T01:01:14.850+0000] {logging_mixin.py:149} INFO - [2026-03-03T01:01:14.850+0000] {dagbag.py:541} INFO - Filling up the DagBag from /home/airflow/.local/lib/python3.7/site-packages/airflow/example_dags/example_short_circuit_operator.py
[2026-03-03T01:01:14.855+0000] {processor.py:809} INFO - DAG(s) dict_keys(['example_short_circuit_operator']) retrieved from /home/airflow/.local/lib/python3.7/site-packages/airflow/example_dags/example_short_circuit_operator.py
[2026-03-03T01:01:14.869+0000] {logging_mixin.py:149} INFO - [2026-03-03T01:01:14.869+0000] {dag.py:2726} INFO - Sync 1 DAGs
[2026-03-03T01:01:14.880+0000] {logging_mixin.py:149} INFO - [2026-03-03T01:01:14.880+0000] {dag.py:3490} INFO - Setting next_dagrun for example_short_circuit_operator to 2026-03-02T01:01:14.880811+00:00, run_after=2026-03-03T01:01:14.880811+00:00
[2026-03-03T01:01:14.888+0000] {processor.py:178} INFO - Processing /home/airflow/.local/lib/python3.7/site-packages/airflow/example_dags/example_short_circuit_operator.py took 0.041 seconds
[2026-03-03T01:01:45.630+0000] {processor.py:156} INFO - Started process (PID=747) to work on /home/airflow/.local/lib/python3.7/site-packages/airflow/example_dags/example_short_circuit_operator.py
[2026-03-03T01:01:45.630+0000] {processor.py:799} INFO - Processing file /home/airflow/.local/lib/python3.7/site-packages/airflow/example_dags/example_short_circuit_operator.py for tasks to queue
[2026-03-03T01:01:45.630+0000] {logging_mixin.py:149} INFO - [2026-03-03T01:01:45.630+0000] {dagbag.py:541} INFO - Filling up the DagBag from /home/airflow/.local/lib/python3.7/site-packages/airflow/example_dags/example_short_circuit_operator.py
[2026-03-03T01:01:45.634+0000] {processor.py:809} INFO - DAG(s) dict_keys(['example_short_circuit_operator']) retrieved from /home/airflow/.local/lib/python3.7/site-packages/airflow/example_dags/example_short_circuit_operator.py
[2026-03-03T01:01:45.645+0000] {logging_mixin.py:149} INFO - [2026-03-03T01:01:45.645+0000] {dag.py:2726} INFO - Sync 1 DAGs
[2026-03-03T01:01:45.656+0000] {logging_mixin.py:149} INFO - [2026-03-03T01:01:45.656+0000] {dag.py:3490} INFO - Setting next_dagrun for example_short_circuit_operator to 2026-03-02T01:01:45.656709+00:00, run_after=2026-03-03T01:01:45.656709+00:00
[2026-03-03T01:01:45.666+0000] {processor.py:178} INFO - Processing /home/airflow/.local/lib/python3.7/site-packages/airflow/example_dags/example_short_circuit_operator.py took 0.038 seconds
[2026-03-03T01:02:16.428+0000] {processor.py:156} INFO - Started process (PID=809) to work on /home/airflow/.local/lib/python3.7/site-packages/airflow/example_dags/example_short_circuit_operator.py
[2026-03-03T01:02:16.429+0000] {processor.py:799} INFO - Processing file /home/airflow/.local/lib/python3.7/site-packages/airflow/example_dags/example_short_circuit_operator.py for tasks to queue
[2026-03-03T01:02:16.429+0000] {logging_mixin.py:149} INFO - [2026-03-03T01:02:16.429+0000] {dagbag.py:541} INFO - Filling up the DagBag from /home/airflow/.local/lib/python3.7/site-packages/airflow/example_dags/example_short_circuit_operator.py
[2026-03-03T01:02:16.433+0000] {processor.py:809} INFO - DAG(s) dict_keys(['example_short_circuit_operator']) retrieved from /home/airflow/.local/lib/python3.7/site-packages/airflow/example_dags/example_short_circuit_operator.py
[2026-03-03T01:02:16.449+0000] {logging_mixin.py:149} INFO - [2026-03-03T01:02:16.448+0000] {dag.py:2726} INFO - Sync 1 DAGs
[2026-03-03T01:02:16.462+0000] {logging_mixin.py:149} INFO - [2026-03-03T01:02:16.462+0000] {dag.py:3490} INFO - Setting next_dagrun for example_short_circuit_operator to 2026-03-02T01:02:16.462156+00:00, run_after=2026-03-03T01:02:16.462156+00:00
[2026-03-03T01:02:16.470+0000] {processor.py:178} INFO - Processing /home/airflow/.local/lib/python3.7/site-packages/airflow/example_dags/example_short_circuit_operator.py took 0.044 seconds
[2026-03-03T01:02:47.192+0000] {processor.py:156} INFO - Started process (PID=871) to work on /home/airflow/.local/lib/python3.7/site-packages/airflow/example_dags/example_short_circuit_operator.py
[2026-03-03T01:02:47.192+0000] {processor.py:799} INFO - Processing file /home/airflow/.local/lib/python3.7/site-packages/airflow/example_dags/example_short_circuit_operator.py for tasks to queue
[2026-03-03T01:02:47.193+0000] {logging_mixin.py:149} INFO - [2026-03-03T01:02:47.193+0000] {dagbag.py:541} INFO - Filling up the DagBag from /home/airflow/.local/lib/python3.7/site-packages/airflow/example_dags/example_short_circuit_operator.py
[2026-03-03T01:02:47.197+0000] {processor.py:809} INFO - DAG(s) dict_keys(['example_short_circuit_operator']) retrieved from /home/airflow/.local/lib/python3.7/site-packages/airflow/example_dags/example_short_circuit_operator.py
[2026-03-03T01:02:47.208+0000] {logging_mixin.py:149} INFO - [2026-03-03T01:02:47.208+0000] {dag.py:2726} INFO - Sync 1 DAGs
[2026-03-03T01:02:47.218+0000] {logging_mixin.py:149} INFO - [2026-03-03T01:02:47.218+0000] {dag.py:3490} INFO - Setting next_dagrun for example_short_circuit_operator to 2026-03-02T01:02:47.218626+00:00, run_after=2026-03-03T01:02:47.218626+00:00
[2026-03-03T01:02:47.225+0000] {processor.py:178} INFO - Processing /home/airflow/.local/lib/python3.7/site-packages/airflow/example_dags/example_short_circuit_operator.py took 0.035 seconds
[2026-03-03T01:03:17.956+0000] {processor.py:156} INFO - Started process (PID=933) to work on /home/airflow/.local/lib/python3.7/site-packages/airflow/example_dags/example_short_circuit_operator.py
[2026-03-03T01:03:17.956+0000] {processor.py:799} INFO - Processing file /home/airflow/.local/lib/python3.7/site-packages/airflow/example_dags/example_short_circuit_operator.py for tasks to queue
[2026-03-03T01:03:17.956+0000] {logging_mixin.py:149} INFO - [2026-03-03T01:03:17.956+0000] {dagbag.py:541} INFO - Filling up the DagBag from /home/airflow/.local/lib/python3.7/site-packages/airflow/example_dags/example_short_circuit_operator.py
[2026-03-03T01:03:17.961+0000] {processor.py:809} INFO - DAG(s) dict_keys(['example_short_circuit_operator']) retrieved from /home/airflow/.local/lib/python3.7/site-packages/airflow/example_dags/example_short_circuit_operator.py
[2026-03-03T01:03:17.972+0000] {logging_mixin.py:149} INFO - [2026-03-03T01:03:17.972+0000] {dag.py:2726} INFO - Sync 1 DAGs
[2026-03-03T01:03:17.983+0000] {logging_mixin.py:149} INFO - [2026-03-03T01:03:17.983+0000] {dag.py:3490} INFO - Setting next_dagrun for example_short_circuit_operator to 2026-03-02T01:03:17.983372+00:00, run_after=2026-03-03T01:03:17.983372+00:00
[2026-03-03T01:03:17.990+0000] {processor.py:178} INFO - Processing /home/airflow/.local/lib/python3.7/site-packages/airflow/example_dags/example_short_circuit_operator.py took 0.036 seconds
[2026-03-03T01:03:48.719+0000] {processor.py:156} INFO - Started process (PID=995) to work on /home/airflow/.local/lib/python3.7/site-packages/airflow/example_dags/example_short_circuit_operator.py
[2026-03-03T01:03:48.720+0000] {processor.py:799} INFO - Processing file /home/airflow/.local/lib/python3.7/site-packages/airflow/example_dags/example_short_circuit_operator.py for tasks to queue
[2026-03-03T01:03:48.720+0000] {logging_mixin.py:149} INFO - [2026-03-03T01:03:48.720+0000] {dagbag.py:541} INFO - Filling up the DagBag from /home/airflow/.local/lib/python3.7/site-packages/airflow/example_dags/example_short_circuit_operator.py
[2026-03-03T01:03:48.725+0000] {processor.py:809} INFO - DAG(s) dict_keys(['example_short_circuit_operator']) retrieved from /home/airflow/.local/lib/python3.7/site-packages/airflow/example_dags/example_short_circuit_operator.py
[2026-03-03T01:03:48.740+0000] {logging_mixin.py:149} INFO - [2026-03-03T01:03:48.740+0000] {dag.py:2726} INFO - Sync 1 DAGs
[2026-03-03T01:03:48.761+0000] {logging_mixin.py:149} INFO - [2026-03-03T01:03:48.761+0000] {dag.py:3490} INFO - Setting next_dagrun for example_short_circuit_operator to 2026-03-02T01:03:48.761291+00:00, run_after=2026-03-03T01:03:48.761291+00:00
[2026-03-03T01:03:48.769+0000] {processor.py:178} INFO - Processing /home/airflow/.local/lib/python3.7/site-packages/airflow/example_dags/example_short_circuit_operator.py took 0.052 seconds
[2026-03-03T01:04:19.418+0000] {processor.py:156} INFO - Started process (PID=1057) to work on /home/airflow/.local/lib/python3.7/site-packages/airflow/example_dags/example_short_circuit_operator.py
[2026-03-03T01:04:19.419+0000] {processor.py:799} INFO - Processing file /home/airflow/.local/lib/python3.7/site-packages/airflow/example_dags/example_short_circuit_operator.py for tasks to queue
[2026-03-03T01:04:19.419+0000] {logging_mixin.py:149} INFO - [2026-03-03T01:04:19.419+0000] {dagbag.py:541} INFO - Filling up the DagBag from /home/airflow/.local/lib/python3.7/site-packages/airflow/example_dags/example_short_circuit_operator.py
[2026-03-03T01:04:19.424+0000] {processor.py:809} INFO - DAG(s) dict_keys(['example_short_circuit_operator']) retrieved from /home/airflow/.local/lib/python3.7/site-packages/airflow/example_dags/example_short_circuit_operator.py
[2026-03-03T01:04:19.437+0000] {logging_mixin.py:149} INFO - [2026-03-03T01:04:19.437+0000] {dag.py:2726} INFO - Sync 1 DAGs
[2026-03-03T01:04:19.448+0000] {logging_mixin.py:149} INFO - [2026-03-03T01:04:19.448+0000] {dag.py:3490} INFO - Setting next_dagrun for example_short_circuit_operator to 2026-03-02T01:04:19.448147+00:00, run_after=2026-03-03T01:04:19.448147+00:00
[2026-03-03T01:04:19.455+0000] {processor.py:178} INFO - Processing /home/airflow/.local/lib/python3.7/site-packages/airflow/example_dags/example_short_circuit_operator.py took 0.038 seconds
[2026-03-03T01:04:50.041+0000] {processor.py:156} INFO - Started process (PID=1119) to work on /home/airflow/.local/lib/python3.7/site-packages/airflow/example_dags/example_short_circuit_operator.py
[2026-03-03T01:04:50.042+0000] {processor.py:799} INFO - Processing file /home/airflow/.local/lib/python3.7/site-packages/airflow/example_dags/example_short_circuit_operator.py for tasks to queue
[2026-03-03T01:04:50.042+0000] {logging_mixin.py:149} INFO - [2026-03-03T01:04:50.042+0000] {dagbag.py:541} INFO - Filling up the DagBag from /home/airflow/.local/lib/python3.7/site-packages/airflow/example_dags/example_short_circuit_operator.py
[2026-03-03T01:04:50.046+0000] {processor.py:809} INFO - DAG(s) dict_keys(['example_short_circuit_operator']) retrieved from /home/airflow/.local/lib/python3.7/site-packages/airflow/example_dags/example_short_circuit_operator.py
[2026-03-03T01:04:50.057+0000] {logging_mixin.py:149} INFO - [2026-03-03T01:04:50.057+0000] {dag.py:2726} INFO - Sync 1 DAGs
[2026-03-03T01:04:50.067+0000] {logging_mixin.py:149} INFO - [2026-03-03T01:04:50.067+0000] {dag.py:3490} INFO - Setting next_dagrun for example_short_circuit_operator to 2026-03-02T01:04:50.067732+00:00, run_after=2026-03-03T01:04:50.067732+00:00
[2026-03-03T01:04:50.074+0000] {processor.py:178} INFO - Processing /home/airflow/.local/lib/python3.7/site-packages/airflow/example_dags/example_short_circuit_operator.py took 0.034 seconds
[2026-03-03T01:05:20.859+0000] {processor.py:156} INFO - Started process (PID=1181) to work on /home/airflow/.local/lib/python3.7/site-packages/airflow/example_dags/example_short_circuit_operator.py
[2026-03-03T01:05:20.860+0000] {processor.py:799} INFO - Processing file /home/airflow/.local/lib/python3.7/site-packages/airflow/example_dags/example_short_circuit_operator.py for tasks to queue
[2026-03-03T01:05:20.860+0000] {logging_mixin.py:149} INFO - [2026-03-03T01:05:20.860+0000] {dagbag.py:541} INFO - Filling up the DagBag from /home/airflow/.local/lib/python3.7/site-packages/airflow/example_dags/example_short_circuit_operator.py
[2026-03-03T01:05:20.864+0000] {processor.py:809} INFO - DAG(s) dict_keys(['example_short_circuit_operator']) retrieved from /home/airflow/.local/lib/python3.7/site-packages/airflow/example_dags/example_short_circuit_operator.py
[2026-03-03T01:05:20.876+0000] {logging_mixin.py:149} INFO - [2026-03-03T01:05:20.876+0000] {dag.py:2726} INFO - Sync 1 DAGs
[2026-03-03T01:05:20.886+0000] {logging_mixin.py:149} INFO - [2026-03-03T01:05:20.886+0000] {dag.py:3490} INFO - Setting next_dagrun for example_short_circuit_operator to 2026-03-02T01:05:20.886592+00:00, run_after=2026-03-03T01:05:20.886592+00:00
[2026-03-03T01:05:20.893+0000] {processor.py:178} INFO - Processing /home/airflow/.local/lib/python3.7/site-packages/airflow/example_dags/example_short_circuit_operator.py took 0.036 seconds
[2026-03-03T01:05:51.538+0000] {processor.py:156} INFO - Started process (PID=1243) to work on /home/airflow/.local/lib/python3.7/site-packages/airflow/example_dags/example_short_circuit_operator.py
[2026-03-03T01:05:51.539+0000] {processor.py:799} INFO - Processing file /home/airflow/.local/lib/python3.7/site-packages/airflow/example_dags/example_short_circuit_operator.py for tasks to queue
[2026-03-03T01:05:51.539+0000] {logging_mixin.py:149} INFO - [2026-03-03T01:05:51.539+0000] {dagbag.py:541} INFO - Filling up the DagBag from /home/airflow/.local/lib/python3.7/site-packages/airflow/example_dags/example_short_circuit_operator.py
[2026-03-03T01:05:51.543+0000] {processor.py:809} INFO - DAG(s) dict_keys(['example_short_circuit_operator']) retrieved from /home/airflow/.local/lib/python3.7/site-packages/airflow/example_dags/example_short_circuit_operator.py
[2026-03-03T01:05:51.556+0000] {logging_mixin.py:149} INFO - [2026-03-03T01:05:51.556+0000] {dag.py:2726} INFO - Sync 1 DAGs
[2026-03-03T01:05:51.567+0000] {logging_mixin.py:149} INFO - [2026-03-03T01:05:51.567+0000] {dag.py:3490} INFO - Setting next_dagrun for example_short_circuit_operator to 2026-03-02T01:05:51.566951+00:00, run_after=2026-03-03T01:05:51.566951+00:00
[2026-03-03T01:05:51.575+0000] {processor.py:178} INFO - Processing /home/airflow/.local/lib/python3.7/site-packages/airflow/example_dags/example_short_circuit_operator.py took 0.038 seconds
[2026-03-03T01:06:22.019+0000] {processor.py:156} INFO - Started process (PID=1305) to work on /home/airflow/.local/lib/python3.7/site-packages/airflow/example_dags/example_short_circuit_operator.py
[2026-03-03T01:06:22.020+0000] {processor.py:799} INFO - Processing file /home/airflow/.local/lib/python3.7/site-packages/airflow/example_dags/example_short_circuit_operator.py for tasks to queue
[2026-03-03T01:06:22.020+0000] {logging_mixin.py:149} INFO - [2026-03-03T01:06:22.020+0000] {dagbag.py:541} INFO - Filling up the DagBag from /home/airflow/.local/lib/python3.7/site-packages/airflow/example_dags/example_short_circuit_operator.py
[2026-03-03T01:06:22.023+0000] {processor.py:809} INFO - DAG(s) dict_keys(['example_short_circuit_operator']) retrieved from /home/airflow/.local/lib/python3.7/site-packages/airflow/example_dags/example_short_circuit_operator.py
[2026-03-03T01:06:22.037+0000] {logging_mixin.py:149} INFO - [2026-03-03T01:06:22.036+0000] {dag.py:2726} INFO - Sync 1 DAGs
[2026-03-03T01:06:22.048+0000] {logging_mixin.py:149} INFO - [2026-03-03T01:06:22.047+0000] {dag.py:3490} INFO - Setting next_dagrun for example_short_circuit_operator to 2026-03-02T01:06:22.047833+00:00, run_after=2026-03-03T01:06:22.047833+00:00
[2026-03-03T01:06:22.055+0000] {processor.py:178} INFO - Processing /home/airflow/.local/lib/python3.7/site-packages/airflow/example_dags/example_short_circuit_operator.py took 0.037 seconds
[2026-03-03T01:07:09.774+0000] {processor.py:156} INFO - Started process (PID=57) to work on /home/airflow/.local/lib/python3.7/site-packages/airflow/example_dags/example_short_circuit_operator.py
[2026-03-03T01:07:09.776+0000] {processor.py:799} INFO - Processing file /home/airflow/.local/lib/python3.7/site-packages/airflow/example_dags/example_short_circuit_operator.py for tasks to queue
[2026-03-03T01:07:09.778+0000] {logging_mixin.py:149} INFO - [2026-03-03T01:07:09.777+0000] {dagbag.py:541} INFO - Filling up the DagBag from /home/airflow/.local/lib/python3.7/site-packages/airflow/example_dags/example_short_circuit_operator.py
[2026-03-03T01:07:09.786+0000] {processor.py:809} INFO - DAG(s) dict_keys(['example_short_circuit_operator']) retrieved from /home/airflow/.local/lib/python3.7/site-packages/airflow/example_dags/example_short_circuit_operator.py
[2026-03-03T01:07:09.800+0000] {logging_mixin.py:149} INFO - [2026-03-03T01:07:09.800+0000] {dag.py:2726} INFO - Sync 1 DAGs
[2026-03-03T01:07:09.818+0000] {logging_mixin.py:149} INFO - [2026-03-03T01:07:09.818+0000] {dag.py:3490} INFO - Setting next_dagrun for example_short_circuit_operator to 2026-03-02T01:07:09.818037+00:00, run_after=2026-03-03T01:07:09.818037+00:00
[2026-03-03T01:07:09.838+0000] {processor.py:178} INFO - Processing /home/airflow/.local/lib/python3.7/site-packages/airflow/example_dags/example_short_circuit_operator.py took 0.066 seconds
[2026-03-03T01:07:39.856+0000] {processor.py:156} INFO - Started process (PID=119) to work on /home/airflow/.local/lib/python3.7/site-packages/airflow/example_dags/example_short_circuit_operator.py
[2026-03-03T01:07:39.856+0000] {processor.py:799} INFO - Processing file /home/airflow/.local/lib/python3.7/site-packages/airflow/example_dags/example_short_circuit_operator.py for tasks to queue
[2026-03-03T01:07:39.857+0000] {logging_mixin.py:149} INFO - [2026-03-03T01:07:39.857+0000] {dagbag.py:541} INFO - Filling up the DagBag from /home/airflow/.local/lib/python3.7/site-packages/airflow/example_dags/example_short_circuit_operator.py
[2026-03-03T01:07:39.860+0000] {processor.py:809} INFO - DAG(s) dict_keys(['example_short_circuit_operator']) retrieved from /home/airflow/.local/lib/python3.7/site-packages/airflow/example_dags/example_short_circuit_operator.py
[2026-03-03T01:07:39.873+0000] {logging_mixin.py:149} INFO - [2026-03-03T01:07:39.873+0000] {dag.py:2726} INFO - Sync 1 DAGs
[2026-03-03T01:07:39.884+0000] {logging_mixin.py:149} INFO - [2026-03-03T01:07:39.884+0000] {dag.py:3490} INFO - Setting next_dagrun for example_short_circuit_operator to 2026-03-02T01:07:39.884632+00:00, run_after=2026-03-03T01:07:39.884632+00:00
[2026-03-03T01:07:39.892+0000] {processor.py:178} INFO - Processing /home/airflow/.local/lib/python3.7/site-packages/airflow/example_dags/example_short_circuit_operator.py took 0.038 seconds
[2026-03-03T01:08:17.440+0000] {processor.py:156} INFO - Started process (PID=188) to work on /home/airflow/.local/lib/python3.7/site-packages/airflow/example_dags/example_short_circuit_operator.py
[2026-03-03T01:08:17.443+0000] {processor.py:799} INFO - Processing file /home/airflow/.local/lib/python3.7/site-packages/airflow/example_dags/example_short_circuit_operator.py for tasks to queue
[2026-03-03T01:08:17.445+0000] {logging_mixin.py:149} INFO - [2026-03-03T01:08:17.445+0000] {dagbag.py:541} INFO - Filling up the DagBag from /home/airflow/.local/lib/python3.7/site-packages/airflow/example_dags/example_short_circuit_operator.py
[2026-03-03T01:08:17.466+0000] {processor.py:809} INFO - DAG(s) dict_keys(['example_short_circuit_operator']) retrieved from /home/airflow/.local/lib/python3.7/site-packages/airflow/example_dags/example_short_circuit_operator.py
[2026-03-03T01:08:17.535+0000] {logging_mixin.py:149} INFO - [2026-03-03T01:08:17.534+0000] {dag.py:2726} INFO - Sync 1 DAGs
[2026-03-03T01:08:17.933+0000] {logging_mixin.py:149} INFO - [2026-03-03T01:08:17.933+0000] {dag.py:3490} INFO - Setting next_dagrun for example_short_circuit_operator to 2026-03-02T01:08:17.932650+00:00, run_after=2026-03-03T01:08:17.932650+00:00
[2026-03-03T01:08:17.995+0000] {processor.py:178} INFO - Processing /home/airflow/.local/lib/python3.7/site-packages/airflow/example_dags/example_short_circuit_operator.py took 0.564 seconds
[2026-03-03T01:08:48.232+0000] {processor.py:156} INFO - Started process (PID=250) to work on /home/airflow/.local/lib/python3.7/site-packages/airflow/example_dags/example_short_circuit_operator.py
[2026-03-03T01:08:48.233+0000] {processor.py:799} INFO - Processing file /home/airflow/.local/lib/python3.7/site-packages/airflow/example_dags/example_short_circuit_operator.py for tasks to queue
[2026-03-03T01:08:48.234+0000] {logging_mixin.py:149} INFO - [2026-03-03T01:08:48.234+0000] {dagbag.py:541} INFO - Filling up the DagBag from /home/airflow/.local/lib/python3.7/site-packages/airflow/example_dags/example_short_circuit_operator.py
[2026-03-03T01:08:48.244+0000] {processor.py:809} INFO - DAG(s) dict_keys(['example_short_circuit_operator']) retrieved from /home/airflow/.local/lib/python3.7/site-packages/airflow/example_dags/example_short_circuit_operator.py
[2026-03-03T01:08:48.261+0000] {logging_mixin.py:149} INFO - [2026-03-03T01:08:48.261+0000] {dag.py:2726} INFO - Sync 1 DAGs
[2026-03-03T01:08:48.280+0000] {logging_mixin.py:149} INFO - [2026-03-03T01:08:48.280+0000] {dag.py:3490} INFO - Setting next_dagrun for example_short_circuit_operator to 2026-03-02T01:08:48.280170+00:00, run_after=2026-03-03T01:08:48.280170+00:00
[2026-03-03T01:08:48.288+0000] {processor.py:178} INFO - Processing /home/airflow/.local/lib/python3.7/site-packages/airflow/example_dags/example_short_circuit_operator.py took 0.059 seconds
[2026-03-03T01:09:19.193+0000] {processor.py:156} INFO - Started process (PID=312) to work on /home/airflow/.local/lib/python3.7/site-packages/airflow/example_dags/example_short_circuit_operator.py
[2026-03-03T01:09:19.194+0000] {processor.py:799} INFO - Processing file /home/airflow/.local/lib/python3.7/site-packages/airflow/example_dags/example_short_circuit_operator.py for tasks to queue
[2026-03-03T01:09:19.194+0000] {logging_mixin.py:149} INFO - [2026-03-03T01:09:19.194+0000] {dagbag.py:541} INFO - Filling up the DagBag from /home/airflow/.local/lib/python3.7/site-packages/airflow/example_dags/example_short_circuit_operator.py
[2026-03-03T01:09:19.202+0000] {processor.py:809} INFO - DAG(s) dict_keys(['example_short_circuit_operator']) retrieved from /home/airflow/.local/lib/python3.7/site-packages/airflow/example_dags/example_short_circuit_operator.py
[2026-03-03T01:09:19.224+0000] {logging_mixin.py:149} INFO - [2026-03-03T01:09:19.224+0000] {dag.py:2726} INFO - Sync 1 DAGs
[2026-03-03T01:09:19.239+0000] {logging_mixin.py:149} INFO - [2026-03-03T01:09:19.239+0000] {dag.py:3490} INFO - Setting next_dagrun for example_short_circuit_operator to 2026-03-02T01:09:19.239342+00:00, run_after=2026-03-03T01:09:19.239342+00:00
[2026-03-03T01:09:19.250+0000] {processor.py:178} INFO - Processing /home/airflow/.local/lib/python3.7/site-packages/airflow/example_dags/example_short_circuit_operator.py took 0.058 seconds
[2026-03-03T01:09:49.533+0000] {processor.py:156} INFO - Started process (PID=374) to work on /home/airflow/.local/lib/python3.7/site-packages/airflow/example_dags/example_short_circuit_operator.py
[2026-03-03T01:09:49.535+0000] {processor.py:799} INFO - Processing file /home/airflow/.local/lib/python3.7/site-packages/airflow/example_dags/example_short_circuit_operator.py for tasks to queue
[2026-03-03T01:09:49.538+0000] {logging_mixin.py:149} INFO - [2026-03-03T01:09:49.538+0000] {dagbag.py:541} INFO - Filling up the DagBag from /home/airflow/.local/lib/python3.7/site-packages/airflow/example_dags/example_short_circuit_operator.py
[2026-03-03T01:09:49.560+0000] {processor.py:809} INFO - DAG(s) dict_keys(['example_short_circuit_operator']) retrieved from /home/airflow/.local/lib/python3.7/site-packages/airflow/example_dags/example_short_circuit_operator.py
[2026-03-03T01:09:49.626+0000] {logging_mixin.py:149} INFO - [2026-03-03T01:09:49.625+0000] {dag.py:2726} INFO - Sync 1 DAGs
[2026-03-03T01:09:49.714+0000] {logging_mixin.py:149} INFO - [2026-03-03T01:09:49.713+0000] {dag.py:3490} INFO - Setting next_dagrun for example_short_circuit_operator to 2026-03-02T01:09:49.713416+00:00, run_after=2026-03-03T01:09:49.713416+00:00
[2026-03-03T01:09:49.730+0000] {processor.py:178} INFO - Processing /home/airflow/.local/lib/python3.7/site-packages/airflow/example_dags/example_short_circuit_operator.py took 0.207 seconds
[2026-03-03T01:10:20.569+0000] {processor.py:156} INFO - Started process (PID=436) to work on /home/airflow/.local/lib/python3.7/site-packages/airflow/example_dags/example_short_circuit_operator.py
[2026-03-03T01:10:20.572+0000] {processor.py:799} INFO - Processing file /home/airflow/.local/lib/python3.7/site-packages/airflow/example_dags/example_short_circuit_operator.py for tasks to queue
[2026-03-03T01:10:20.574+0000] {logging_mixin.py:149} INFO - [2026-03-03T01:10:20.574+0000] {dagbag.py:541} INFO - Filling up the DagBag from /home/airflow/.local/lib/python3.7/site-packages/airflow/example_dags/example_short_circuit_operator.py
[2026-03-03T01:10:20.591+0000] {processor.py:809} INFO - DAG(s) dict_keys(['example_short_circuit_operator']) retrieved from /home/airflow/.local/lib/python3.7/site-packages/airflow/example_dags/example_short_circuit_operator.py
[2026-03-03T01:10:20.650+0000] {logging_mixin.py:149} INFO - [2026-03-03T01:10:20.650+0000] {dag.py:2726} INFO - Sync 1 DAGs
[2026-03-03T01:10:20.717+0000] {logging_mixin.py:149} INFO - [2026-03-03T01:10:20.716+0000] {dag.py:3490} INFO - Setting next_dagrun for example_short_circuit_operator to 2026-03-02T01:10:20.716170+00:00, run_after=2026-03-03T01:10:20.716170+00:00
[2026-03-03T01:10:20.774+0000] {processor.py:178} INFO - Processing /home/airflow/.local/lib/python3.7/site-packages/airflow/example_dags/example_short_circuit_operator.py took 0.213 seconds
[2026-03-03T01:10:51.560+0000] {processor.py:156} INFO - Started process (PID=498) to work on /home/airflow/.local/lib/python3.7/site-packages/airflow/example_dags/example_short_circuit_operator.py
[2026-03-03T01:10:51.562+0000] {processor.py:799} INFO - Processing file /home/airflow/.local/lib/python3.7/site-packages/airflow/example_dags/example_short_circuit_operator.py for tasks to queue
[2026-03-03T01:10:51.564+0000] {logging_mixin.py:149} INFO - [2026-03-03T01:10:51.564+0000] {dagbag.py:541} INFO - Filling up the DagBag from /home/airflow/.local/lib/python3.7/site-packages/airflow/example_dags/example_short_circuit_operator.py
[2026-03-03T01:10:51.581+0000] {processor.py:809} INFO - DAG(s) dict_keys(['example_short_circuit_operator']) retrieved from /home/airflow/.local/lib/python3.7/site-packages/airflow/example_dags/example_short_circuit_operator.py
[2026-03-03T01:10:51.631+0000] {logging_mixin.py:149} INFO - [2026-03-03T01:10:51.631+0000] {dag.py:2726} INFO - Sync 1 DAGs
[2026-03-03T01:10:51.689+0000] {logging_mixin.py:149} INFO - [2026-03-03T01:10:51.688+0000] {dag.py:3490} INFO - Setting next_dagrun for example_short_circuit_operator to 2026-03-02T01:10:51.688270+00:00, run_after=2026-03-03T01:10:51.688270+00:00
[2026-03-03T01:10:51.738+0000] {processor.py:178} INFO - Processing /home/airflow/.local/lib/python3.7/site-packages/airflow/example_dags/example_short_circuit_operator.py took 0.185 seconds
[2026-03-03T01:11:22.047+0000] {processor.py:156} INFO - Started process (PID=560) to work on /home/airflow/.local/lib/python3.7/site-packages/airflow/example_dags/example_short_circuit_operator.py
[2026-03-03T01:11:22.050+0000] {processor.py:799} INFO - Processing file /home/airflow/.local/lib/python3.7/site-packages/airflow/example_dags/example_short_circuit_operator.py for tasks to queue
[2026-03-03T01:11:22.050+0000] {logging_mixin.py:149} INFO - [2026-03-03T01:11:22.050+0000] {dagbag.py:541} INFO - Filling up the DagBag from /home/airflow/.local/lib/python3.7/site-packages/airflow/example_dags/example_short_circuit_operator.py
[2026-03-03T01:11:22.054+0000] {processor.py:809} INFO - DAG(s) dict_keys(['example_short_circuit_operator']) retrieved from /home/airflow/.local/lib/python3.7/site-packages/airflow/example_dags/example_short_circuit_operator.py
[2026-03-03T01:11:22.074+0000] {logging_mixin.py:149} INFO - [2026-03-03T01:11:22.074+0000] {dag.py:2726} INFO - Sync 1 DAGs
[2026-03-03T01:11:22.086+0000] {logging_mixin.py:149} INFO - [2026-03-03T01:11:22.086+0000] {dag.py:3490} INFO - Setting next_dagrun for example_short_circuit_operator to 2026-03-02T01:11:22.086252+00:00, run_after=2026-03-03T01:11:22.086252+00:00
[2026-03-03T01:11:22.098+0000] {processor.py:178} INFO - Processing /home/airflow/.local/lib/python3.7/site-packages/airflow/example_dags/example_short_circuit_operator.py took 0.053 seconds
[2026-03-03T01:11:53.503+0000] {processor.py:156} INFO - Started process (PID=622) to work on /home/airflow/.local/lib/python3.7/site-packages/airflow/example_dags/example_short_circuit_operator.py
[2026-03-03T01:11:53.504+0000] {processor.py:799} INFO - Processing file /home/airflow/.local/lib/python3.7/site-packages/airflow/example_dags/example_short_circuit_operator.py for tasks to queue
[2026-03-03T01:11:53.508+0000] {logging_mixin.py:149} INFO - [2026-03-03T01:11:53.508+0000] {dagbag.py:541} INFO - Filling up the DagBag from /home/airflow/.local/lib/python3.7/site-packages/airflow/example_dags/example_short_circuit_operator.py
[2026-03-03T01:11:53.533+0000] {processor.py:809} INFO - DAG(s) dict_keys(['example_short_circuit_operator']) retrieved from /home/airflow/.local/lib/python3.7/site-packages/airflow/example_dags/example_short_circuit_operator.py
[2026-03-03T01:11:53.600+0000] {logging_mixin.py:149} INFO - [2026-03-03T01:11:53.599+0000] {dag.py:2726} INFO - Sync 1 DAGs
[2026-03-03T01:11:53.670+0000] {logging_mixin.py:149} INFO - [2026-03-03T01:11:53.669+0000] {dag.py:3490} INFO - Setting next_dagrun for example_short_circuit_operator to 2026-03-02T01:11:53.669424+00:00, run_after=2026-03-03T01:11:53.669424+00:00
[2026-03-03T01:11:53.722+0000] {processor.py:178} INFO - Processing /home/airflow/.local/lib/python3.7/site-packages/airflow/example_dags/example_short_circuit_operator.py took 0.226 seconds
[2026-03-03T01:12:24.231+0000] {processor.py:156} INFO - Started process (PID=684) to work on /home/airflow/.local/lib/python3.7/site-packages/airflow/example_dags/example_short_circuit_operator.py
[2026-03-03T01:12:24.233+0000] {processor.py:799} INFO - Processing file /home/airflow/.local/lib/python3.7/site-packages/airflow/example_dags/example_short_circuit_operator.py for tasks to queue
[2026-03-03T01:12:24.234+0000] {logging_mixin.py:149} INFO - [2026-03-03T01:12:24.234+0000] {dagbag.py:541} INFO - Filling up the DagBag from /home/airflow/.local/lib/python3.7/site-packages/airflow/example_dags/example_short_circuit_operator.py
[2026-03-03T01:12:24.250+0000] {processor.py:809} INFO - DAG(s) dict_keys(['example_short_circuit_operator']) retrieved from /home/airflow/.local/lib/python3.7/site-packages/airflow/example_dags/example_short_circuit_operator.py
[2026-03-03T01:12:24.301+0000] {logging_mixin.py:149} INFO - [2026-03-03T01:12:24.301+0000] {dag.py:2726} INFO - Sync 1 DAGs
[2026-03-03T01:12:24.353+0000] {logging_mixin.py:149} INFO - [2026-03-03T01:12:24.353+0000] {dag.py:3490} INFO - Setting next_dagrun for example_short_circuit_operator to 2026-03-02T01:12:24.352576+00:00, run_after=2026-03-03T01:12:24.352576+00:00
[2026-03-03T01:12:24.398+0000] {processor.py:178} INFO - Processing /home/airflow/.local/lib/python3.7/site-packages/airflow/example_dags/example_short_circuit_operator.py took 0.175 seconds
[2026-03-03T01:12:55.101+0000] {processor.py:156} INFO - Started process (PID=746) to work on /home/airflow/.local/lib/python3.7/site-packages/airflow/example_dags/example_short_circuit_operator.py
[2026-03-03T01:12:55.101+0000] {processor.py:799} INFO - Processing file /home/airflow/.local/lib/python3.7/site-packages/airflow/example_dags/example_short_circuit_operator.py for tasks to queue
[2026-03-03T01:12:55.102+0000] {logging_mixin.py:149} INFO - [2026-03-03T01:12:55.102+0000] {dagbag.py:541} INFO - Filling up the DagBag from /home/airflow/.local/lib/python3.7/site-packages/airflow/example_dags/example_short_circuit_operator.py
[2026-03-03T01:12:55.106+0000] {processor.py:809} INFO - DAG(s) dict_keys(['example_short_circuit_operator']) retrieved from /home/airflow/.local/lib/python3.7/site-packages/airflow/example_dags/example_short_circuit_operator.py
[2026-03-03T01:12:55.118+0000] {logging_mixin.py:149} INFO - [2026-03-03T01:12:55.118+0000] {dag.py:2726} INFO - Sync 1 DAGs
[2026-03-03T01:12:55.129+0000] {logging_mixin.py:149} INFO - [2026-03-03T01:12:55.129+0000] {dag.py:3490} INFO - Setting next_dagrun for example_short_circuit_operator to 2026-03-02T01:12:55.129192+00:00, run_after=2026-03-03T01:12:55.129192+00:00
[2026-03-03T01:12:55.136+0000] {processor.py:178} INFO - Processing /home/airflow/.local/lib/python3.7/site-packages/airflow/example_dags/example_short_circuit_operator.py took 0.037 seconds
[2026-03-03T01:13:25.553+0000] {processor.py:156} INFO - Started process (PID=808) to work on /home/airflow/.local/lib/python3.7/site-packages/airflow/example_dags/example_short_circuit_operator.py
[2026-03-03T01:13:25.553+0000] {processor.py:799} INFO - Processing file /home/airflow/.local/lib/python3.7/site-packages/airflow/example_dags/example_short_circuit_operator.py for tasks to queue
[2026-03-03T01:13:25.553+0000] {logging_mixin.py:149} INFO - [2026-03-03T01:13:25.553+0000] {dagbag.py:541} INFO - Filling up the DagBag from /home/airflow/.local/lib/python3.7/site-packages/airflow/example_dags/example_short_circuit_operator.py
[2026-03-03T01:13:25.558+0000] {processor.py:809} INFO - DAG(s) dict_keys(['example_short_circuit_operator']) retrieved from /home/airflow/.local/lib/python3.7/site-packages/airflow/example_dags/example_short_circuit_operator.py
[2026-03-03T01:13:25.569+0000] {logging_mixin.py:149} INFO - [2026-03-03T01:13:25.569+0000] {dag.py:2726} INFO - Sync 1 DAGs
[2026-03-03T01:13:25.580+0000] {logging_mixin.py:149} INFO - [2026-03-03T01:13:25.580+0000] {dag.py:3490} INFO - Setting next_dagrun for example_short_circuit_operator to 2026-03-02T01:13:25.579925+00:00, run_after=2026-03-03T01:13:25.579925+00:00
[2026-03-03T01:13:25.586+0000] {processor.py:178} INFO - Processing /home/airflow/.local/lib/python3.7/site-packages/airflow/example_dags/example_short_circuit_operator.py took 0.035 seconds
[2026-03-03T01:13:56.259+0000] {processor.py:156} INFO - Started process (PID=870) to work on /home/airflow/.local/lib/python3.7/site-packages/airflow/example_dags/example_short_circuit_operator.py
[2026-03-03T01:13:56.260+0000] {processor.py:799} INFO - Processing file /home/airflow/.local/lib/python3.7/site-packages/airflow/example_dags/example_short_circuit_operator.py for tasks to queue
[2026-03-03T01:13:56.260+0000] {logging_mixin.py:149} INFO - [2026-03-03T01:13:56.260+0000] {dagbag.py:541} INFO - Filling up the DagBag from /home/airflow/.local/lib/python3.7/site-packages/airflow/example_dags/example_short_circuit_operator.py
[2026-03-03T01:13:56.264+0000] {processor.py:809} INFO - DAG(s) dict_keys(['example_short_circuit_operator']) retrieved from /home/airflow/.local/lib/python3.7/site-packages/airflow/example_dags/example_short_circuit_operator.py
[2026-03-03T01:13:56.277+0000] {logging_mixin.py:149} INFO - [2026-03-03T01:13:56.277+0000] {dag.py:2726} INFO - Sync 1 DAGs
[2026-03-03T01:13:56.288+0000] {logging_mixin.py:149} INFO - [2026-03-03T01:13:56.287+0000] {dag.py:3490} INFO - Setting next_dagrun for example_short_circuit_operator to 2026-03-02T01:13:56.287850+00:00, run_after=2026-03-03T01:13:56.287850+00:00
[2026-03-03T01:13:56.295+0000] {processor.py:178} INFO - Processing /home/airflow/.local/lib/python3.7/site-packages/airflow/example_dags/example_short_circuit_operator.py took 0.037 seconds
[2026-03-03T01:14:27.019+0000] {processor.py:156} INFO - Started process (PID=932) to work on /home/airflow/.local/lib/python3.7/site-packages/airflow/example_dags/example_short_circuit_operator.py
[2026-03-03T01:14:27.020+0000] {processor.py:799} INFO - Processing file /home/airflow/.local/lib/python3.7/site-packages/airflow/example_dags/example_short_circuit_operator.py for tasks to queue
[2026-03-03T01:14:27.020+0000] {logging_mixin.py:149} INFO - [2026-03-03T01:14:27.020+0000] {dagbag.py:541} INFO - Filling up the DagBag from /home/airflow/.local/lib/python3.7/site-packages/airflow/example_dags/example_short_circuit_operator.py
[2026-03-03T01:14:27.025+0000] {processor.py:809} INFO - DAG(s) dict_keys(['example_short_circuit_operator']) retrieved from /home/airflow/.local/lib/python3.7/site-packages/airflow/example_dags/example_short_circuit_operator.py
[2026-03-03T01:14:27.040+0000] {logging_mixin.py:149} INFO - [2026-03-03T01:14:27.040+0000] {dag.py:2726} INFO - Sync 1 DAGs
[2026-03-03T01:14:27.052+0000] {logging_mixin.py:149} INFO - [2026-03-03T01:14:27.052+0000] {dag.py:3490} INFO - Setting next_dagrun for example_short_circuit_operator to 2026-03-02T01:14:27.052466+00:00, run_after=2026-03-03T01:14:27.052466+00:00
[2026-03-03T01:14:27.061+0000] {processor.py:178} INFO - Processing /home/airflow/.local/lib/python3.7/site-packages/airflow/example_dags/example_short_circuit_operator.py took 0.045 seconds
[2026-03-03T01:14:57.677+0000] {processor.py:156} INFO - Started process (PID=994) to work on /home/airflow/.local/lib/python3.7/site-packages/airflow/example_dags/example_short_circuit_operator.py
[2026-03-03T01:14:57.679+0000] {processor.py:799} INFO - Processing file /home/airflow/.local/lib/python3.7/site-packages/airflow/example_dags/example_short_circuit_operator.py for tasks to queue
[2026-03-03T01:14:57.681+0000] {logging_mixin.py:149} INFO - [2026-03-03T01:14:57.680+0000] {dagbag.py:541} INFO - Filling up the DagBag from /home/airflow/.local/lib/python3.7/site-packages/airflow/example_dags/example_short_circuit_operator.py
[2026-03-03T01:14:57.697+0000] {processor.py:809} INFO - DAG(s) dict_keys(['example_short_circuit_operator']) retrieved from /home/airflow/.local/lib/python3.7/site-packages/airflow/example_dags/example_short_circuit_operator.py
[2026-03-03T01:14:57.752+0000] {logging_mixin.py:149} INFO - [2026-03-03T01:14:57.751+0000] {dag.py:2726} INFO - Sync 1 DAGs
[2026-03-03T01:14:57.806+0000] {logging_mixin.py:149} INFO - [2026-03-03T01:14:57.806+0000] {dag.py:3490} INFO - Setting next_dagrun for example_short_circuit_operator to 2026-03-02T01:14:57.805747+00:00, run_after=2026-03-03T01:14:57.805747+00:00
[2026-03-03T01:14:57.856+0000] {processor.py:178} INFO - Processing /home/airflow/.local/lib/python3.7/site-packages/airflow/example_dags/example_short_circuit_operator.py took 0.185 seconds
[2026-03-03T01:15:28.408+0000] {processor.py:156} INFO - Started process (PID=1056) to work on /home/airflow/.local/lib/python3.7/site-packages/airflow/example_dags/example_short_circuit_operator.py
[2026-03-03T01:15:28.408+0000] {processor.py:799} INFO - Processing file /home/airflow/.local/lib/python3.7/site-packages/airflow/example_dags/example_short_circuit_operator.py for tasks to queue
[2026-03-03T01:15:28.409+0000] {logging_mixin.py:149} INFO - [2026-03-03T01:15:28.408+0000] {dagbag.py:541} INFO - Filling up the DagBag from /home/airflow/.local/lib/python3.7/site-packages/airflow/example_dags/example_short_circuit_operator.py
[2026-03-03T01:15:28.414+0000] {processor.py:809} INFO - DAG(s) dict_keys(['example_short_circuit_operator']) retrieved from /home/airflow/.local/lib/python3.7/site-packages/airflow/example_dags/example_short_circuit_operator.py
[2026-03-03T01:15:28.429+0000] {logging_mixin.py:149} INFO - [2026-03-03T01:15:28.429+0000] {dag.py:2726} INFO - Sync 1 DAGs
[2026-03-03T01:15:28.441+0000] {logging_mixin.py:149} INFO - [2026-03-03T01:15:28.441+0000] {dag.py:3490} INFO - Setting next_dagrun for example_short_circuit_operator to 2026-03-02T01:15:28.441332+00:00, run_after=2026-03-03T01:15:28.441332+00:00
[2026-03-03T01:15:28.454+0000] {processor.py:178} INFO - Processing /home/airflow/.local/lib/python3.7/site-packages/airflow/example_dags/example_short_circuit_operator.py took 0.049 seconds
[2026-03-03T01:15:59.190+0000] {processor.py:156} INFO - Started process (PID=1117) to work on /home/airflow/.local/lib/python3.7/site-packages/airflow/example_dags/example_short_circuit_operator.py
[2026-03-03T01:15:59.190+0000] {processor.py:799} INFO - Processing file /home/airflow/.local/lib/python3.7/site-packages/airflow/example_dags/example_short_circuit_operator.py for tasks to queue
[2026-03-03T01:15:59.191+0000] {logging_mixin.py:149} INFO - [2026-03-03T01:15:59.191+0000] {dagbag.py:541} INFO - Filling up the DagBag from /home/airflow/.local/lib/python3.7/site-packages/airflow/example_dags/example_short_circuit_operator.py
[2026-03-03T01:15:59.196+0000] {processor.py:809} INFO - DAG(s) dict_keys(['example_short_circuit_operator']) retrieved from /home/airflow/.local/lib/python3.7/site-packages/airflow/example_dags/example_short_circuit_operator.py
[2026-03-03T01:15:59.211+0000] {logging_mixin.py:149} INFO - [2026-03-03T01:15:59.210+0000] {dag.py:2726} INFO - Sync 1 DAGs
[2026-03-03T01:15:59.223+0000] {logging_mixin.py:149} INFO - [2026-03-03T01:15:59.223+0000] {dag.py:3490} INFO - Setting next_dagrun for example_short_circuit_operator to 2026-03-02T01:15:59.223676+00:00, run_after=2026-03-03T01:15:59.223676+00:00
[2026-03-03T01:15:59.233+0000] {processor.py:178} INFO - Processing /home/airflow/.local/lib/python3.7/site-packages/airflow/example_dags/example_short_circuit_operator.py took 0.045 seconds
[2026-03-03T01:16:30.040+0000] {processor.py:156} INFO - Started process (PID=1179) to work on /home/airflow/.local/lib/python3.7/site-packages/airflow/example_dags/example_short_circuit_operator.py
[2026-03-03T01:16:30.042+0000] {processor.py:799} INFO - Processing file /home/airflow/.local/lib/python3.7/site-packages/airflow/example_dags/example_short_circuit_operator.py for tasks to queue
[2026-03-03T01:16:30.044+0000] {logging_mixin.py:149} INFO - [2026-03-03T01:16:30.044+0000] {dagbag.py:541} INFO - Filling up the DagBag from /home/airflow/.local/lib/python3.7/site-packages/airflow/example_dags/example_short_circuit_operator.py
[2026-03-03T01:16:30.062+0000] {processor.py:809} INFO - DAG(s) dict_keys(['example_short_circuit_operator']) retrieved from /home/airflow/.local/lib/python3.7/site-packages/airflow/example_dags/example_short_circuit_operator.py
[2026-03-03T01:16:30.127+0000] {logging_mixin.py:149} INFO - [2026-03-03T01:16:30.126+0000] {dag.py:2726} INFO - Sync 1 DAGs
[2026-03-03T01:16:30.195+0000] {logging_mixin.py:149} INFO - [2026-03-03T01:16:30.195+0000] {dag.py:3490} INFO - Setting next_dagrun for example_short_circuit_operator to 2026-03-02T01:16:30.194576+00:00, run_after=2026-03-03T01:16:30.194576+00:00
[2026-03-03T01:16:30.253+0000] {processor.py:178} INFO - Processing /home/airflow/.local/lib/python3.7/site-packages/airflow/example_dags/example_short_circuit_operator.py took 0.221 seconds
[2026-03-03T01:17:00.663+0000] {processor.py:156} INFO - Started process (PID=1241) to work on /home/airflow/.local/lib/python3.7/site-packages/airflow/example_dags/example_short_circuit_operator.py
[2026-03-03T01:17:00.665+0000] {processor.py:799} INFO - Processing file /home/airflow/.local/lib/python3.7/site-packages/airflow/example_dags/example_short_circuit_operator.py for tasks to queue
[2026-03-03T01:17:00.667+0000] {logging_mixin.py:149} INFO - [2026-03-03T01:17:00.667+0000] {dagbag.py:541} INFO - Filling up the DagBag from /home/airflow/.local/lib/python3.7/site-packages/airflow/example_dags/example_short_circuit_operator.py
[2026-03-03T01:17:00.681+0000] {processor.py:809} INFO - DAG(s) dict_keys(['example_short_circuit_operator']) retrieved from /home/airflow/.local/lib/python3.7/site-packages/airflow/example_dags/example_short_circuit_operator.py
[2026-03-03T01:17:00.726+0000] {logging_mixin.py:149} INFO - [2026-03-03T01:17:00.726+0000] {dag.py:2726} INFO - Sync 1 DAGs
[2026-03-03T01:17:00.776+0000] {logging_mixin.py:149} INFO - [2026-03-03T01:17:00.775+0000] {dag.py:3490} INFO - Setting next_dagrun for example_short_circuit_operator to 2026-03-02T01:17:00.775353+00:00, run_after=2026-03-03T01:17:00.775353+00:00
[2026-03-03T01:17:00.814+0000] {processor.py:178} INFO - Processing /home/airflow/.local/lib/python3.7/site-packages/airflow/example_dags/example_short_circuit_operator.py took 0.157 seconds
[2026-03-03T01:17:31.825+0000] {processor.py:156} INFO - Started process (PID=1303) to work on /home/airflow/.local/lib/python3.7/site-packages/airflow/example_dags/example_short_circuit_operator.py
[2026-03-03T01:17:31.828+0000] {processor.py:799} INFO - Processing file /home/airflow/.local/lib/python3.7/site-packages/airflow/example_dags/example_short_circuit_operator.py for tasks to queue
[2026-03-03T01:17:31.828+0000] {logging_mixin.py:149} INFO - [2026-03-03T01:17:31.828+0000] {dagbag.py:541} INFO - Filling up the DagBag from /home/airflow/.local/lib/python3.7/site-packages/airflow/example_dags/example_short_circuit_operator.py
[2026-03-03T01:17:31.836+0000] {processor.py:809} INFO - DAG(s) dict_keys(['example_short_circuit_operator']) retrieved from /home/airflow/.local/lib/python3.7/site-packages/airflow/example_dags/example_short_circuit_operator.py
[2026-03-03T01:17:31.854+0000] {logging_mixin.py:149} INFO - [2026-03-03T01:17:31.854+0000] {dag.py:2726} INFO - Sync 1 DAGs
[2026-03-03T01:17:31.869+0000] {logging_mixin.py:149} INFO - [2026-03-03T01:17:31.868+0000] {dag.py:3490} INFO - Setting next_dagrun for example_short_circuit_operator to 2026-03-02T01:17:31.868782+00:00, run_after=2026-03-03T01:17:31.868782+00:00
[2026-03-03T01:17:31.880+0000] {processor.py:178} INFO - Processing /home/airflow/.local/lib/python3.7/site-packages/airflow/example_dags/example_short_circuit_operator.py took 0.059 seconds
[2026-03-03T01:18:02.803+0000] {processor.py:156} INFO - Started process (PID=1365) to work on /home/airflow/.local/lib/python3.7/site-packages/airflow/example_dags/example_short_circuit_operator.py
[2026-03-03T01:18:02.804+0000] {processor.py:799} INFO - Processing file /home/airflow/.local/lib/python3.7/site-packages/airflow/example_dags/example_short_circuit_operator.py for tasks to queue
[2026-03-03T01:18:02.805+0000] {logging_mixin.py:149} INFO - [2026-03-03T01:18:02.805+0000] {dagbag.py:541} INFO - Filling up the DagBag from /home/airflow/.local/lib/python3.7/site-packages/airflow/example_dags/example_short_circuit_operator.py
[2026-03-03T01:18:02.815+0000] {processor.py:809} INFO - DAG(s) dict_keys(['example_short_circuit_operator']) retrieved from /home/airflow/.local/lib/python3.7/site-packages/airflow/example_dags/example_short_circuit_operator.py
[2026-03-03T01:18:02.834+0000] {logging_mixin.py:149} INFO - [2026-03-03T01:18:02.834+0000] {dag.py:2726} INFO - Sync 1 DAGs
[2026-03-03T01:18:02.850+0000] {logging_mixin.py:149} INFO - [2026-03-03T01:18:02.850+0000] {dag.py:3490} INFO - Setting next_dagrun for example_short_circuit_operator to 2026-03-02T01:18:02.849985+00:00, run_after=2026-03-03T01:18:02.849985+00:00
[2026-03-03T01:18:02.861+0000] {processor.py:178} INFO - Processing /home/airflow/.local/lib/python3.7/site-packages/airflow/example_dags/example_short_circuit_operator.py took 0.062 seconds
[2026-03-03T01:18:33.121+0000] {processor.py:156} INFO - Started process (PID=1427) to work on /home/airflow/.local/lib/python3.7/site-packages/airflow/example_dags/example_short_circuit_operator.py
[2026-03-03T01:18:33.123+0000] {processor.py:799} INFO - Processing file /home/airflow/.local/lib/python3.7/site-packages/airflow/example_dags/example_short_circuit_operator.py for tasks to queue
[2026-03-03T01:18:33.125+0000] {logging_mixin.py:149} INFO - [2026-03-03T01:18:33.124+0000] {dagbag.py:541} INFO - Filling up the DagBag from /home/airflow/.local/lib/python3.7/site-packages/airflow/example_dags/example_short_circuit_operator.py
[2026-03-03T01:18:33.146+0000] {processor.py:809} INFO - DAG(s) dict_keys(['example_short_circuit_operator']) retrieved from /home/airflow/.local/lib/python3.7/site-packages/airflow/example_dags/example_short_circuit_operator.py
[2026-03-03T01:18:33.209+0000] {logging_mixin.py:149} INFO - [2026-03-03T01:18:33.208+0000] {dag.py:2726} INFO - Sync 1 DAGs
[2026-03-03T01:18:33.269+0000] {logging_mixin.py:149} INFO - [2026-03-03T01:18:33.269+0000] {dag.py:3490} INFO - Setting next_dagrun for example_short_circuit_operator to 2026-03-02T01:18:33.268125+00:00, run_after=2026-03-03T01:18:33.268125+00:00
[2026-03-03T01:18:33.331+0000] {processor.py:178} INFO - Processing /home/airflow/.local/lib/python3.7/site-packages/airflow/example_dags/example_short_circuit_operator.py took 0.217 seconds
[2026-03-03T01:19:03.442+0000] {processor.py:156} INFO - Started process (PID=1489) to work on /home/airflow/.local/lib/python3.7/site-packages/airflow/example_dags/example_short_circuit_operator.py
[2026-03-03T01:19:03.444+0000] {processor.py:799} INFO - Processing file /home/airflow/.local/lib/python3.7/site-packages/airflow/example_dags/example_short_circuit_operator.py for tasks to queue
[2026-03-03T01:19:03.446+0000] {logging_mixin.py:149} INFO - [2026-03-03T01:19:03.446+0000] {dagbag.py:541} INFO - Filling up the DagBag from /home/airflow/.local/lib/python3.7/site-packages/airflow/example_dags/example_short_circuit_operator.py
[2026-03-03T01:19:03.462+0000] {processor.py:809} INFO - DAG(s) dict_keys(['example_short_circuit_operator']) retrieved from /home/airflow/.local/lib/python3.7/site-packages/airflow/example_dags/example_short_circuit_operator.py
[2026-03-03T01:19:03.517+0000] {logging_mixin.py:149} INFO - [2026-03-03T01:19:03.517+0000] {dag.py:2726} INFO - Sync 1 DAGs
[2026-03-03T01:19:03.567+0000] {logging_mixin.py:149} INFO - [2026-03-03T01:19:03.567+0000] {dag.py:3490} INFO - Setting next_dagrun for example_short_circuit_operator to 2026-03-02T01:19:03.566899+00:00, run_after=2026-03-03T01:19:03.566899+00:00
[2026-03-03T01:19:03.612+0000] {processor.py:178} INFO - Processing /home/airflow/.local/lib/python3.7/site-packages/airflow/example_dags/example_short_circuit_operator.py took 0.175 seconds
[2026-03-03T01:19:34.125+0000] {processor.py:156} INFO - Started process (PID=1551) to work on /home/airflow/.local/lib/python3.7/site-packages/airflow/example_dags/example_short_circuit_operator.py
[2026-03-03T01:19:34.126+0000] {processor.py:799} INFO - Processing file /home/airflow/.local/lib/python3.7/site-packages/airflow/example_dags/example_short_circuit_operator.py for tasks to queue
[2026-03-03T01:19:34.127+0000] {logging_mixin.py:149} INFO - [2026-03-03T01:19:34.127+0000] {dagbag.py:541} INFO - Filling up the DagBag from /home/airflow/.local/lib/python3.7/site-packages/airflow/example_dags/example_short_circuit_operator.py
[2026-03-03T01:19:34.133+0000] {processor.py:809} INFO - DAG(s) dict_keys(['example_short_circuit_operator']) retrieved from /home/airflow/.local/lib/python3.7/site-packages/airflow/example_dags/example_short_circuit_operator.py
[2026-03-03T01:19:34.151+0000] {logging_mixin.py:149} INFO - [2026-03-03T01:19:34.151+0000] {dag.py:2726} INFO - Sync 1 DAGs
[2026-03-03T01:19:34.165+0000] {logging_mixin.py:149} INFO - [2026-03-03T01:19:34.165+0000] {dag.py:3490} INFO - Setting next_dagrun for example_short_circuit_operator to 2026-03-02T01:19:34.165138+00:00, run_after=2026-03-03T01:19:34.165138+00:00
[2026-03-03T01:19:34.174+0000] {processor.py:178} INFO - Processing /home/airflow/.local/lib/python3.7/site-packages/airflow/example_dags/example_short_circuit_operator.py took 0.052 seconds
[2026-03-03T01:20:04.809+0000] {processor.py:156} INFO - Started process (PID=1613) to work on /home/airflow/.local/lib/python3.7/site-packages/airflow/example_dags/example_short_circuit_operator.py
[2026-03-03T01:20:04.811+0000] {processor.py:799} INFO - Processing file /home/airflow/.local/lib/python3.7/site-packages/airflow/example_dags/example_short_circuit_operator.py for tasks to queue
[2026-03-03T01:20:04.811+0000] {logging_mixin.py:149} INFO - [2026-03-03T01:20:04.811+0000] {dagbag.py:541} INFO - Filling up the DagBag from /home/airflow/.local/lib/python3.7/site-packages/airflow/example_dags/example_short_circuit_operator.py
[2026-03-03T01:20:04.817+0000] {processor.py:809} INFO - DAG(s) dict_keys(['example_short_circuit_operator']) retrieved from /home/airflow/.local/lib/python3.7/site-packages/airflow/example_dags/example_short_circuit_operator.py
[2026-03-03T01:20:04.836+0000] {logging_mixin.py:149} INFO - [2026-03-03T01:20:04.835+0000] {dag.py:2726} INFO - Sync 1 DAGs
[2026-03-03T01:20:04.849+0000] {logging_mixin.py:149} INFO - [2026-03-03T01:20:04.849+0000] {dag.py:3490} INFO - Setting next_dagrun for example_short_circuit_operator to 2026-03-02T01:20:04.849366+00:00, run_after=2026-03-03T01:20:04.849366+00:00
[2026-03-03T01:20:04.860+0000] {processor.py:178} INFO - Processing /home/airflow/.local/lib/python3.7/site-packages/airflow/example_dags/example_short_circuit_operator.py took 0.053 seconds
[2026-03-03T01:20:35.509+0000] {processor.py:156} INFO - Started process (PID=1675) to work on /home/airflow/.local/lib/python3.7/site-packages/airflow/example_dags/example_short_circuit_operator.py
[2026-03-03T01:20:35.510+0000] {processor.py:799} INFO - Processing file /home/airflow/.local/lib/python3.7/site-packages/airflow/example_dags/example_short_circuit_operator.py for tasks to queue
[2026-03-03T01:20:35.510+0000] {logging_mixin.py:149} INFO - [2026-03-03T01:20:35.510+0000] {dagbag.py:541} INFO - Filling up the DagBag from /home/airflow/.local/lib/python3.7/site-packages/airflow/example_dags/example_short_circuit_operator.py
[2026-03-03T01:20:35.515+0000] {processor.py:809} INFO - DAG(s) dict_keys(['example_short_circuit_operator']) retrieved from /home/airflow/.local/lib/python3.7/site-packages/airflow/example_dags/example_short_circuit_operator.py
[2026-03-03T01:20:35.537+0000] {logging_mixin.py:149} INFO - [2026-03-03T01:20:35.537+0000] {dag.py:2726} INFO - Sync 1 DAGs
[2026-03-03T01:20:35.555+0000] {logging_mixin.py:149} INFO - [2026-03-03T01:20:35.555+0000] {dag.py:3490} INFO - Setting next_dagrun for example_short_circuit_operator to 2026-03-02T01:20:35.555448+00:00, run_after=2026-03-03T01:20:35.555448+00:00
[2026-03-03T01:20:35.568+0000] {processor.py:178} INFO - Processing /home/airflow/.local/lib/python3.7/site-packages/airflow/example_dags/example_short_circuit_operator.py took 0.063 seconds
[2026-03-03T01:21:06.120+0000] {processor.py:156} INFO - Started process (PID=1737) to work on /home/airflow/.local/lib/python3.7/site-packages/airflow/example_dags/example_short_circuit_operator.py
[2026-03-03T01:21:06.121+0000] {processor.py:799} INFO - Processing file /home/airflow/.local/lib/python3.7/site-packages/airflow/example_dags/example_short_circuit_operator.py for tasks to queue
[2026-03-03T01:21:06.122+0000] {logging_mixin.py:149} INFO - [2026-03-03T01:21:06.122+0000] {dagbag.py:541} INFO - Filling up the DagBag from /home/airflow/.local/lib/python3.7/site-packages/airflow/example_dags/example_short_circuit_operator.py
[2026-03-03T01:21:06.127+0000] {processor.py:809} INFO - DAG(s) dict_keys(['example_short_circuit_operator']) retrieved from /home/airflow/.local/lib/python3.7/site-packages/airflow/example_dags/example_short_circuit_operator.py
[2026-03-03T01:21:06.145+0000] {logging_mixin.py:149} INFO - [2026-03-03T01:21:06.145+0000] {dag.py:2726} INFO - Sync 1 DAGs
[2026-03-03T01:21:06.163+0000] {logging_mixin.py:149} INFO - [2026-03-03T01:21:06.162+0000] {dag.py:3490} INFO - Setting next_dagrun for example_short_circuit_operator to 2026-03-02T01:21:06.162759+00:00, run_after=2026-03-03T01:21:06.162759+00:00
[2026-03-03T01:21:06.173+0000] {processor.py:178} INFO - Processing /home/airflow/.local/lib/python3.7/site-packages/airflow/example_dags/example_short_circuit_operator.py took 0.057 seconds
[2026-03-03T01:21:36.854+0000] {processor.py:156} INFO - Started process (PID=1799) to work on /home/airflow/.local/lib/python3.7/site-packages/airflow/example_dags/example_short_circuit_operator.py
[2026-03-03T01:21:36.855+0000] {processor.py:799} INFO - Processing file /home/airflow/.local/lib/python3.7/site-packages/airflow/example_dags/example_short_circuit_operator.py for tasks to queue
[2026-03-03T01:21:36.855+0000] {logging_mixin.py:149} INFO - [2026-03-03T01:21:36.855+0000] {dagbag.py:541} INFO - Filling up the DagBag from /home/airflow/.local/lib/python3.7/site-packages/airflow/example_dags/example_short_circuit_operator.py
[2026-03-03T01:21:36.860+0000] {processor.py:809} INFO - DAG(s) dict_keys(['example_short_circuit_operator']) retrieved from /home/airflow/.local/lib/python3.7/site-packages/airflow/example_dags/example_short_circuit_operator.py
[2026-03-03T01:21:36.875+0000] {logging_mixin.py:149} INFO - [2026-03-03T01:21:36.875+0000] {dag.py:2726} INFO - Sync 1 DAGs
[2026-03-03T01:21:36.889+0000] {logging_mixin.py:149} INFO - [2026-03-03T01:21:36.889+0000] {dag.py:3490} INFO - Setting next_dagrun for example_short_circuit_operator to 2026-03-02T01:21:36.888889+00:00, run_after=2026-03-03T01:21:36.888889+00:00
[2026-03-03T01:21:36.905+0000] {processor.py:178} INFO - Processing /home/airflow/.local/lib/python3.7/site-packages/airflow/example_dags/example_short_circuit_operator.py took 0.052 seconds
[2026-03-03T01:22:07.137+0000] {processor.py:156} INFO - Started process (PID=1861) to work on /home/airflow/.local/lib/python3.7/site-packages/airflow/example_dags/example_short_circuit_operator.py
[2026-03-03T01:22:07.139+0000] {processor.py:799} INFO - Processing file /home/airflow/.local/lib/python3.7/site-packages/airflow/example_dags/example_short_circuit_operator.py for tasks to queue
[2026-03-03T01:22:07.141+0000] {logging_mixin.py:149} INFO - [2026-03-03T01:22:07.140+0000] {dagbag.py:541} INFO - Filling up the DagBag from /home/airflow/.local/lib/python3.7/site-packages/airflow/example_dags/example_short_circuit_operator.py
[2026-03-03T01:22:07.162+0000] {processor.py:809} INFO - DAG(s) dict_keys(['example_short_circuit_operator']) retrieved from /home/airflow/.local/lib/python3.7/site-packages/airflow/example_dags/example_short_circuit_operator.py
[2026-03-03T01:22:07.235+0000] {logging_mixin.py:149} INFO - [2026-03-03T01:22:07.235+0000] {dag.py:2726} INFO - Sync 1 DAGs
[2026-03-03T01:22:07.308+0000] {logging_mixin.py:149} INFO - [2026-03-03T01:22:07.307+0000] {dag.py:3490} INFO - Setting next_dagrun for example_short_circuit_operator to 2026-03-02T01:22:07.307217+00:00, run_after=2026-03-03T01:22:07.307217+00:00
[2026-03-03T01:22:07.370+0000] {processor.py:178} INFO - Processing /home/airflow/.local/lib/python3.7/site-packages/airflow/example_dags/example_short_circuit_operator.py took 0.242 seconds
[2026-03-03T01:22:38.540+0000] {processor.py:156} INFO - Started process (PID=1923) to work on /home/airflow/.local/lib/python3.7/site-packages/airflow/example_dags/example_short_circuit_operator.py
[2026-03-03T01:22:38.543+0000] {processor.py:799} INFO - Processing file /home/airflow/.local/lib/python3.7/site-packages/airflow/example_dags/example_short_circuit_operator.py for tasks to queue
[2026-03-03T01:22:38.545+0000] {logging_mixin.py:149} INFO - [2026-03-03T01:22:38.544+0000] {dagbag.py:541} INFO - Filling up the DagBag from /home/airflow/.local/lib/python3.7/site-packages/airflow/example_dags/example_short_circuit_operator.py
[2026-03-03T01:22:38.569+0000] {processor.py:809} INFO - DAG(s) dict_keys(['example_short_circuit_operator']) retrieved from /home/airflow/.local/lib/python3.7/site-packages/airflow/example_dags/example_short_circuit_operator.py
[2026-03-03T01:22:38.644+0000] {logging_mixin.py:149} INFO - [2026-03-03T01:22:38.644+0000] {dag.py:2726} INFO - Sync 1 DAGs
[2026-03-03T01:22:38.728+0000] {logging_mixin.py:149} INFO - [2026-03-03T01:22:38.727+0000] {dag.py:3490} INFO - Setting next_dagrun for example_short_circuit_operator to 2026-03-02T01:22:38.727284+00:00, run_after=2026-03-03T01:22:38.727284+00:00
[2026-03-03T01:22:38.792+0000] {processor.py:178} INFO - Processing /home/airflow/.local/lib/python3.7/site-packages/airflow/example_dags/example_short_circuit_operator.py took 0.261 seconds
[2026-03-03T01:23:09.111+0000] {processor.py:156} INFO - Started process (PID=1985) to work on /home/airflow/.local/lib/python3.7/site-packages/airflow/example_dags/example_short_circuit_operator.py
[2026-03-03T01:23:09.113+0000] {processor.py:799} INFO - Processing file /home/airflow/.local/lib/python3.7/site-packages/airflow/example_dags/example_short_circuit_operator.py for tasks to queue
[2026-03-03T01:23:09.115+0000] {logging_mixin.py:149} INFO - [2026-03-03T01:23:09.115+0000] {dagbag.py:541} INFO - Filling up the DagBag from /home/airflow/.local/lib/python3.7/site-packages/airflow/example_dags/example_short_circuit_operator.py
[2026-03-03T01:23:09.138+0000] {processor.py:809} INFO - DAG(s) dict_keys(['example_short_circuit_operator']) retrieved from /home/airflow/.local/lib/python3.7/site-packages/airflow/example_dags/example_short_circuit_operator.py
[2026-03-03T01:23:09.216+0000] {logging_mixin.py:149} INFO - [2026-03-03T01:23:09.214+0000] {dag.py:2726} INFO - Sync 1 DAGs
[2026-03-03T01:23:09.298+0000] {logging_mixin.py:149} INFO - [2026-03-03T01:23:09.297+0000] {dag.py:3490} INFO - Setting next_dagrun for example_short_circuit_operator to 2026-03-02T01:23:09.296956+00:00, run_after=2026-03-03T01:23:09.296956+00:00
[2026-03-03T01:23:09.353+0000] {processor.py:178} INFO - Processing /home/airflow/.local/lib/python3.7/site-packages/airflow/example_dags/example_short_circuit_operator.py took 0.248 seconds
[2026-03-03T01:23:39.634+0000] {processor.py:156} INFO - Started process (PID=2047) to work on /home/airflow/.local/lib/python3.7/site-packages/airflow/example_dags/example_short_circuit_operator.py
[2026-03-03T01:23:39.636+0000] {processor.py:799} INFO - Processing file /home/airflow/.local/lib/python3.7/site-packages/airflow/example_dags/example_short_circuit_operator.py for tasks to queue
[2026-03-03T01:23:39.637+0000] {logging_mixin.py:149} INFO - [2026-03-03T01:23:39.637+0000] {dagbag.py:541} INFO - Filling up the DagBag from /home/airflow/.local/lib/python3.7/site-packages/airflow/example_dags/example_short_circuit_operator.py
[2026-03-03T01:23:39.657+0000] {processor.py:809} INFO - DAG(s) dict_keys(['example_short_circuit_operator']) retrieved from /home/airflow/.local/lib/python3.7/site-packages/airflow/example_dags/example_short_circuit_operator.py
[2026-03-03T01:23:39.733+0000] {logging_mixin.py:149} INFO - [2026-03-03T01:23:39.732+0000] {dag.py:2726} INFO - Sync 1 DAGs
[2026-03-03T01:23:39.813+0000] {logging_mixin.py:149} INFO - [2026-03-03T01:23:39.812+0000] {dag.py:3490} INFO - Setting next_dagrun for example_short_circuit_operator to 2026-03-02T01:23:39.812264+00:00, run_after=2026-03-03T01:23:39.812264+00:00
[2026-03-03T01:23:39.873+0000] {processor.py:178} INFO - Processing /home/airflow/.local/lib/python3.7/site-packages/airflow/example_dags/example_short_circuit_operator.py took 0.247 seconds
[2026-03-03T01:24:10.022+0000] {processor.py:156} INFO - Started process (PID=2109) to work on /home/airflow/.local/lib/python3.7/site-packages/airflow/example_dags/example_short_circuit_operator.py
[2026-03-03T01:24:10.024+0000] {processor.py:799} INFO - Processing file /home/airflow/.local/lib/python3.7/site-packages/airflow/example_dags/example_short_circuit_operator.py for tasks to queue
[2026-03-03T01:24:10.027+0000] {logging_mixin.py:149} INFO - [2026-03-03T01:24:10.026+0000] {dagbag.py:541} INFO - Filling up the DagBag from /home/airflow/.local/lib/python3.7/site-packages/airflow/example_dags/example_short_circuit_operator.py
[2026-03-03T01:24:10.048+0000] {processor.py:809} INFO - DAG(s) dict_keys(['example_short_circuit_operator']) retrieved from /home/airflow/.local/lib/python3.7/site-packages/airflow/example_dags/example_short_circuit_operator.py
[2026-03-03T01:24:10.118+0000] {logging_mixin.py:149} INFO - [2026-03-03T01:24:10.118+0000] {dag.py:2726} INFO - Sync 1 DAGs
[2026-03-03T01:24:10.185+0000] {logging_mixin.py:149} INFO - [2026-03-03T01:24:10.185+0000] {dag.py:3490} INFO - Setting next_dagrun for example_short_circuit_operator to 2026-03-02T01:24:10.184622+00:00, run_after=2026-03-03T01:24:10.184622+00:00
[2026-03-03T01:24:10.239+0000] {processor.py:178} INFO - Processing /home/airflow/.local/lib/python3.7/site-packages/airflow/example_dags/example_short_circuit_operator.py took 0.225 seconds
[2026-03-03T01:24:41.084+0000] {processor.py:156} INFO - Started process (PID=2171) to work on /home/airflow/.local/lib/python3.7/site-packages/airflow/example_dags/example_short_circuit_operator.py
[2026-03-03T01:24:41.086+0000] {processor.py:799} INFO - Processing file /home/airflow/.local/lib/python3.7/site-packages/airflow/example_dags/example_short_circuit_operator.py for tasks to queue
[2026-03-03T01:24:41.086+0000] {logging_mixin.py:149} INFO - [2026-03-03T01:24:41.086+0000] {dagbag.py:541} INFO - Filling up the DagBag from /home/airflow/.local/lib/python3.7/site-packages/airflow/example_dags/example_short_circuit_operator.py
[2026-03-03T01:24:41.092+0000] {processor.py:809} INFO - DAG(s) dict_keys(['example_short_circuit_operator']) retrieved from /home/airflow/.local/lib/python3.7/site-packages/airflow/example_dags/example_short_circuit_operator.py
[2026-03-03T01:24:41.114+0000] {logging_mixin.py:149} INFO - [2026-03-03T01:24:41.114+0000] {dag.py:2726} INFO - Sync 1 DAGs
[2026-03-03T01:24:41.133+0000] {logging_mixin.py:149} INFO - [2026-03-03T01:24:41.133+0000] {dag.py:3490} INFO - Setting next_dagrun for example_short_circuit_operator to 2026-03-02T01:24:41.133520+00:00, run_after=2026-03-03T01:24:41.133520+00:00
[2026-03-03T01:24:41.143+0000] {processor.py:178} INFO - Processing /home/airflow/.local/lib/python3.7/site-packages/airflow/example_dags/example_short_circuit_operator.py took 0.062 seconds
[2026-03-03T01:25:11.461+0000] {processor.py:156} INFO - Started process (PID=2233) to work on /home/airflow/.local/lib/python3.7/site-packages/airflow/example_dags/example_short_circuit_operator.py
[2026-03-03T01:25:11.463+0000] {processor.py:799} INFO - Processing file /home/airflow/.local/lib/python3.7/site-packages/airflow/example_dags/example_short_circuit_operator.py for tasks to queue
[2026-03-03T01:25:11.465+0000] {logging_mixin.py:149} INFO - [2026-03-03T01:25:11.465+0000] {dagbag.py:541} INFO - Filling up the DagBag from /home/airflow/.local/lib/python3.7/site-packages/airflow/example_dags/example_short_circuit_operator.py
[2026-03-03T01:25:11.484+0000] {processor.py:809} INFO - DAG(s) dict_keys(['example_short_circuit_operator']) retrieved from /home/airflow/.local/lib/python3.7/site-packages/airflow/example_dags/example_short_circuit_operator.py
[2026-03-03T01:25:11.545+0000] {logging_mixin.py:149} INFO - [2026-03-03T01:25:11.545+0000] {dag.py:2726} INFO - Sync 1 DAGs
[2026-03-03T01:25:11.603+0000] {logging_mixin.py:149} INFO - [2026-03-03T01:25:11.603+0000] {dag.py:3490} INFO - Setting next_dagrun for example_short_circuit_operator to 2026-03-02T01:25:11.602934+00:00, run_after=2026-03-03T01:25:11.602934+00:00
[2026-03-03T01:25:11.653+0000] {processor.py:178} INFO - Processing /home/airflow/.local/lib/python3.7/site-packages/airflow/example_dags/example_short_circuit_operator.py took 0.199 seconds
[2026-03-03T01:25:41.750+0000] {processor.py:156} INFO - Started process (PID=2295) to work on /home/airflow/.local/lib/python3.7/site-packages/airflow/example_dags/example_short_circuit_operator.py
[2026-03-03T01:25:41.751+0000] {processor.py:799} INFO - Processing file /home/airflow/.local/lib/python3.7/site-packages/airflow/example_dags/example_short_circuit_operator.py for tasks to queue
[2026-03-03T01:25:41.752+0000] {logging_mixin.py:149} INFO - [2026-03-03T01:25:41.752+0000] {dagbag.py:541} INFO - Filling up the DagBag from /home/airflow/.local/lib/python3.7/site-packages/airflow/example_dags/example_short_circuit_operator.py
[2026-03-03T01:25:41.759+0000] {processor.py:809} INFO - DAG(s) dict_keys(['example_short_circuit_operator']) retrieved from /home/airflow/.local/lib/python3.7/site-packages/airflow/example_dags/example_short_circuit_operator.py
[2026-03-03T01:25:41.777+0000] {logging_mixin.py:149} INFO - [2026-03-03T01:25:41.777+0000] {dag.py:2726} INFO - Sync 1 DAGs
[2026-03-03T01:25:41.791+0000] {logging_mixin.py:149} INFO - [2026-03-03T01:25:41.790+0000] {dag.py:3490} INFO - Setting next_dagrun for example_short_circuit_operator to 2026-03-02T01:25:41.790590+00:00, run_after=2026-03-03T01:25:41.790590+00:00
[2026-03-03T01:25:41.799+0000] {processor.py:178} INFO - Processing /home/airflow/.local/lib/python3.7/site-packages/airflow/example_dags/example_short_circuit_operator.py took 0.052 seconds
[2026-03-03T01:26:12.378+0000] {processor.py:156} INFO - Started process (PID=2357) to work on /home/airflow/.local/lib/python3.7/site-packages/airflow/example_dags/example_short_circuit_operator.py
[2026-03-03T01:26:12.380+0000] {processor.py:799} INFO - Processing file /home/airflow/.local/lib/python3.7/site-packages/airflow/example_dags/example_short_circuit_operator.py for tasks to queue
[2026-03-03T01:26:12.381+0000] {logging_mixin.py:149} INFO - [2026-03-03T01:26:12.381+0000] {dagbag.py:541} INFO - Filling up the DagBag from /home/airflow/.local/lib/python3.7/site-packages/airflow/example_dags/example_short_circuit_operator.py
[2026-03-03T01:26:12.394+0000] {processor.py:809} INFO - DAG(s) dict_keys(['example_short_circuit_operator']) retrieved from /home/airflow/.local/lib/python3.7/site-packages/airflow/example_dags/example_short_circuit_operator.py
[2026-03-03T01:26:12.429+0000] {logging_mixin.py:149} INFO - [2026-03-03T01:26:12.429+0000] {dag.py:2726} INFO - Sync 1 DAGs
[2026-03-03T01:26:12.472+0000] {logging_mixin.py:149} INFO - [2026-03-03T01:26:12.472+0000] {dag.py:3490} INFO - Setting next_dagrun for example_short_circuit_operator to 2026-03-02T01:26:12.471622+00:00, run_after=2026-03-03T01:26:12.471622+00:00
[2026-03-03T01:26:12.499+0000] {processor.py:178} INFO - Processing /home/airflow/.local/lib/python3.7/site-packages/airflow/example_dags/example_short_circuit_operator.py took 0.124 seconds
[2026-03-03T01:26:43.018+0000] {processor.py:156} INFO - Started process (PID=2419) to work on /home/airflow/.local/lib/python3.7/site-packages/airflow/example_dags/example_short_circuit_operator.py
[2026-03-03T01:26:43.020+0000] {processor.py:799} INFO - Processing file /home/airflow/.local/lib/python3.7/site-packages/airflow/example_dags/example_short_circuit_operator.py for tasks to queue
[2026-03-03T01:26:43.020+0000] {logging_mixin.py:149} INFO - [2026-03-03T01:26:43.020+0000] {dagbag.py:541} INFO - Filling up the DagBag from /home/airflow/.local/lib/python3.7/site-packages/airflow/example_dags/example_short_circuit_operator.py
[2026-03-03T01:26:43.025+0000] {processor.py:809} INFO - DAG(s) dict_keys(['example_short_circuit_operator']) retrieved from /home/airflow/.local/lib/python3.7/site-packages/airflow/example_dags/example_short_circuit_operator.py
[2026-03-03T01:26:43.044+0000] {logging_mixin.py:149} INFO - [2026-03-03T01:26:43.044+0000] {dag.py:2726} INFO - Sync 1 DAGs
[2026-03-03T01:26:43.059+0000] {logging_mixin.py:149} INFO - [2026-03-03T01:26:43.059+0000] {dag.py:3490} INFO - Setting next_dagrun for example_short_circuit_operator to 2026-03-02T01:26:43.059376+00:00, run_after=2026-03-03T01:26:43.059376+00:00
[2026-03-03T01:26:43.069+0000] {processor.py:178} INFO - Processing /home/airflow/.local/lib/python3.7/site-packages/airflow/example_dags/example_short_circuit_operator.py took 0.055 seconds
[2026-03-03T01:27:13.855+0000] {processor.py:156} INFO - Started process (PID=2480) to work on /home/airflow/.local/lib/python3.7/site-packages/airflow/example_dags/example_short_circuit_operator.py
[2026-03-03T01:27:13.855+0000] {processor.py:799} INFO - Processing file /home/airflow/.local/lib/python3.7/site-packages/airflow/example_dags/example_short_circuit_operator.py for tasks to queue
[2026-03-03T01:27:13.855+0000] {logging_mixin.py:149} INFO - [2026-03-03T01:27:13.855+0000] {dagbag.py:541} INFO - Filling up the DagBag from /home/airflow/.local/lib/python3.7/site-packages/airflow/example_dags/example_short_circuit_operator.py
[2026-03-03T01:27:13.861+0000] {processor.py:809} INFO - DAG(s) dict_keys(['example_short_circuit_operator']) retrieved from /home/airflow/.local/lib/python3.7/site-packages/airflow/example_dags/example_short_circuit_operator.py
[2026-03-03T01:27:13.876+0000] {logging_mixin.py:149} INFO - [2026-03-03T01:27:13.876+0000] {dag.py:2726} INFO - Sync 1 DAGs
[2026-03-03T01:27:13.888+0000] {logging_mixin.py:149} INFO - [2026-03-03T01:27:13.888+0000] {dag.py:3490} INFO - Setting next_dagrun for example_short_circuit_operator to 2026-03-02T01:27:13.888226+00:00, run_after=2026-03-03T01:27:13.888226+00:00
[2026-03-03T01:27:13.897+0000] {processor.py:178} INFO - Processing /home/airflow/.local/lib/python3.7/site-packages/airflow/example_dags/example_short_circuit_operator.py took 0.044 seconds
[2026-03-03T01:27:44.043+0000] {processor.py:156} INFO - Started process (PID=2542) to work on /home/airflow/.local/lib/python3.7/site-packages/airflow/example_dags/example_short_circuit_operator.py
[2026-03-03T01:27:44.045+0000] {processor.py:799} INFO - Processing file /home/airflow/.local/lib/python3.7/site-packages/airflow/example_dags/example_short_circuit_operator.py for tasks to queue
[2026-03-03T01:27:44.047+0000] {logging_mixin.py:149} INFO - [2026-03-03T01:27:44.047+0000] {dagbag.py:541} INFO - Filling up the DagBag from /home/airflow/.local/lib/python3.7/site-packages/airflow/example_dags/example_short_circuit_operator.py
[2026-03-03T01:27:44.066+0000] {processor.py:809} INFO - DAG(s) dict_keys(['example_short_circuit_operator']) retrieved from /home/airflow/.local/lib/python3.7/site-packages/airflow/example_dags/example_short_circuit_operator.py
[2026-03-03T01:27:44.135+0000] {logging_mixin.py:149} INFO - [2026-03-03T01:27:44.135+0000] {dag.py:2726} INFO - Sync 1 DAGs
[2026-03-03T01:27:44.214+0000] {logging_mixin.py:149} INFO - [2026-03-03T01:27:44.214+0000] {dag.py:3490} INFO - Setting next_dagrun for example_short_circuit_operator to 2026-03-02T01:27:44.213572+00:00, run_after=2026-03-03T01:27:44.213572+00:00
[2026-03-03T01:27:44.283+0000] {processor.py:178} INFO - Processing /home/airflow/.local/lib/python3.7/site-packages/airflow/example_dags/example_short_circuit_operator.py took 0.248 seconds
[2026-03-03T01:28:14.347+0000] {processor.py:156} INFO - Started process (PID=2610) to work on /home/airflow/.local/lib/python3.7/site-packages/airflow/example_dags/example_short_circuit_operator.py
[2026-03-03T01:28:14.348+0000] {processor.py:799} INFO - Processing file /home/airflow/.local/lib/python3.7/site-packages/airflow/example_dags/example_short_circuit_operator.py for tasks to queue
[2026-03-03T01:28:14.348+0000] {logging_mixin.py:149} INFO - [2026-03-03T01:28:14.348+0000] {dagbag.py:541} INFO - Filling up the DagBag from /home/airflow/.local/lib/python3.7/site-packages/airflow/example_dags/example_short_circuit_operator.py
[2026-03-03T01:28:14.352+0000] {processor.py:809} INFO - DAG(s) dict_keys(['example_short_circuit_operator']) retrieved from /home/airflow/.local/lib/python3.7/site-packages/airflow/example_dags/example_short_circuit_operator.py
[2026-03-03T01:28:14.365+0000] {logging_mixin.py:149} INFO - [2026-03-03T01:28:14.364+0000] {dag.py:2726} INFO - Sync 1 DAGs
[2026-03-03T01:28:14.374+0000] {logging_mixin.py:149} INFO - [2026-03-03T01:28:14.374+0000] {dag.py:3490} INFO - Setting next_dagrun for example_short_circuit_operator to 2026-03-02T01:28:14.374249+00:00, run_after=2026-03-03T01:28:14.374249+00:00
[2026-03-03T01:28:14.381+0000] {processor.py:178} INFO - Processing /home/airflow/.local/lib/python3.7/site-packages/airflow/example_dags/example_short_circuit_operator.py took 0.036 seconds
[2026-03-03T01:28:46.122+0000] {processor.py:156} INFO - Started process (PID=2673) to work on /home/airflow/.local/lib/python3.7/site-packages/airflow/example_dags/example_short_circuit_operator.py
[2026-03-03T01:28:46.124+0000] {processor.py:799} INFO - Processing file /home/airflow/.local/lib/python3.7/site-packages/airflow/example_dags/example_short_circuit_operator.py for tasks to queue
[2026-03-03T01:28:46.125+0000] {logging_mixin.py:149} INFO - [2026-03-03T01:28:46.125+0000] {dagbag.py:541} INFO - Filling up the DagBag from /home/airflow/.local/lib/python3.7/site-packages/airflow/example_dags/example_short_circuit_operator.py
[2026-03-03T01:28:46.142+0000] {processor.py:809} INFO - DAG(s) dict_keys(['example_short_circuit_operator']) retrieved from /home/airflow/.local/lib/python3.7/site-packages/airflow/example_dags/example_short_circuit_operator.py
[2026-03-03T01:28:46.202+0000] {logging_mixin.py:149} INFO - [2026-03-03T01:28:46.202+0000] {dag.py:2726} INFO - Sync 1 DAGs
[2026-03-03T01:28:46.262+0000] {logging_mixin.py:149} INFO - [2026-03-03T01:28:46.261+0000] {dag.py:3490} INFO - Setting next_dagrun for example_short_circuit_operator to 2026-03-02T01:28:46.260927+00:00, run_after=2026-03-03T01:28:46.260927+00:00
[2026-03-03T01:28:46.321+0000] {processor.py:178} INFO - Processing /home/airflow/.local/lib/python3.7/site-packages/airflow/example_dags/example_short_circuit_operator.py took 0.206 seconds
[2026-03-03T01:29:17.304+0000] {processor.py:156} INFO - Started process (PID=2735) to work on /home/airflow/.local/lib/python3.7/site-packages/airflow/example_dags/example_short_circuit_operator.py
[2026-03-03T01:29:17.306+0000] {processor.py:799} INFO - Processing file /home/airflow/.local/lib/python3.7/site-packages/airflow/example_dags/example_short_circuit_operator.py for tasks to queue
[2026-03-03T01:29:17.306+0000] {logging_mixin.py:149} INFO - [2026-03-03T01:29:17.306+0000] {dagbag.py:541} INFO - Filling up the DagBag from /home/airflow/.local/lib/python3.7/site-packages/airflow/example_dags/example_short_circuit_operator.py
[2026-03-03T01:29:17.313+0000] {processor.py:809} INFO - DAG(s) dict_keys(['example_short_circuit_operator']) retrieved from /home/airflow/.local/lib/python3.7/site-packages/airflow/example_dags/example_short_circuit_operator.py
[2026-03-03T01:29:17.332+0000] {logging_mixin.py:149} INFO - [2026-03-03T01:29:17.331+0000] {dag.py:2726} INFO - Sync 1 DAGs
[2026-03-03T01:29:17.348+0000] {logging_mixin.py:149} INFO - [2026-03-03T01:29:17.347+0000] {dag.py:3490} INFO - Setting next_dagrun for example_short_circuit_operator to 2026-03-02T01:29:17.347730+00:00, run_after=2026-03-03T01:29:17.347730+00:00
[2026-03-03T01:29:17.356+0000] {processor.py:178} INFO - Processing /home/airflow/.local/lib/python3.7/site-packages/airflow/example_dags/example_short_circuit_operator.py took 0.057 seconds
[2026-03-03T01:29:47.553+0000] {processor.py:156} INFO - Started process (PID=2796) to work on /home/airflow/.local/lib/python3.7/site-packages/airflow/example_dags/example_short_circuit_operator.py
[2026-03-03T01:29:47.554+0000] {processor.py:799} INFO - Processing file /home/airflow/.local/lib/python3.7/site-packages/airflow/example_dags/example_short_circuit_operator.py for tasks to queue
[2026-03-03T01:29:47.554+0000] {logging_mixin.py:149} INFO - [2026-03-03T01:29:47.554+0000] {dagbag.py:541} INFO - Filling up the DagBag from /home/airflow/.local/lib/python3.7/site-packages/airflow/example_dags/example_short_circuit_operator.py
[2026-03-03T01:29:47.560+0000] {processor.py:809} INFO - DAG(s) dict_keys(['example_short_circuit_operator']) retrieved from /home/airflow/.local/lib/python3.7/site-packages/airflow/example_dags/example_short_circuit_operator.py
[2026-03-03T01:29:47.570+0000] {logging_mixin.py:149} INFO - [2026-03-03T01:29:47.570+0000] {dag.py:2726} INFO - Sync 1 DAGs
[2026-03-03T01:29:47.580+0000] {logging_mixin.py:149} INFO - [2026-03-03T01:29:47.580+0000] {dag.py:3490} INFO - Setting next_dagrun for example_short_circuit_operator to 2026-03-02T01:29:47.580499+00:00, run_after=2026-03-03T01:29:47.580499+00:00
[2026-03-03T01:29:47.587+0000] {processor.py:178} INFO - Processing /home/airflow/.local/lib/python3.7/site-packages/airflow/example_dags/example_short_circuit_operator.py took 0.036 seconds
[2026-03-03T01:30:18.362+0000] {processor.py:156} INFO - Started process (PID=2858) to work on /home/airflow/.local/lib/python3.7/site-packages/airflow/example_dags/example_short_circuit_operator.py
[2026-03-03T01:30:18.364+0000] {processor.py:799} INFO - Processing file /home/airflow/.local/lib/python3.7/site-packages/airflow/example_dags/example_short_circuit_operator.py for tasks to queue
[2026-03-03T01:30:18.366+0000] {logging_mixin.py:149} INFO - [2026-03-03T01:30:18.366+0000] {dagbag.py:541} INFO - Filling up the DagBag from /home/airflow/.local/lib/python3.7/site-packages/airflow/example_dags/example_short_circuit_operator.py
[2026-03-03T01:30:18.382+0000] {processor.py:809} INFO - DAG(s) dict_keys(['example_short_circuit_operator']) retrieved from /home/airflow/.local/lib/python3.7/site-packages/airflow/example_dags/example_short_circuit_operator.py
[2026-03-03T01:30:18.438+0000] {logging_mixin.py:149} INFO - [2026-03-03T01:30:18.437+0000] {dag.py:2726} INFO - Sync 1 DAGs
[2026-03-03T01:30:18.499+0000] {logging_mixin.py:149} INFO - [2026-03-03T01:30:18.498+0000] {dag.py:3490} INFO - Setting next_dagrun for example_short_circuit_operator to 2026-03-02T01:30:18.497540+00:00, run_after=2026-03-03T01:30:18.497540+00:00
[2026-03-03T01:30:18.558+0000] {processor.py:178} INFO - Processing /home/airflow/.local/lib/python3.7/site-packages/airflow/example_dags/example_short_circuit_operator.py took 0.203 seconds
[2026-03-03T01:30:48.619+0000] {processor.py:156} INFO - Started process (PID=2920) to work on /home/airflow/.local/lib/python3.7/site-packages/airflow/example_dags/example_short_circuit_operator.py
[2026-03-03T01:30:48.620+0000] {processor.py:799} INFO - Processing file /home/airflow/.local/lib/python3.7/site-packages/airflow/example_dags/example_short_circuit_operator.py for tasks to queue
[2026-03-03T01:30:48.620+0000] {logging_mixin.py:149} INFO - [2026-03-03T01:30:48.620+0000] {dagbag.py:541} INFO - Filling up the DagBag from /home/airflow/.local/lib/python3.7/site-packages/airflow/example_dags/example_short_circuit_operator.py
[2026-03-03T01:30:48.625+0000] {processor.py:809} INFO - DAG(s) dict_keys(['example_short_circuit_operator']) retrieved from /home/airflow/.local/lib/python3.7/site-packages/airflow/example_dags/example_short_circuit_operator.py
[2026-03-03T01:30:48.639+0000] {logging_mixin.py:149} INFO - [2026-03-03T01:30:48.639+0000] {dag.py:2726} INFO - Sync 1 DAGs
[2026-03-03T01:30:48.650+0000] {logging_mixin.py:149} INFO - [2026-03-03T01:30:48.650+0000] {dag.py:3490} INFO - Setting next_dagrun for example_short_circuit_operator to 2026-03-02T01:30:48.650459+00:00, run_after=2026-03-03T01:30:48.650459+00:00
[2026-03-03T01:30:48.658+0000] {processor.py:178} INFO - Processing /home/airflow/.local/lib/python3.7/site-packages/airflow/example_dags/example_short_circuit_operator.py took 0.042 seconds
[2026-03-03T01:31:19.267+0000] {processor.py:156} INFO - Started process (PID=2982) to work on /home/airflow/.local/lib/python3.7/site-packages/airflow/example_dags/example_short_circuit_operator.py
[2026-03-03T01:31:19.267+0000] {processor.py:799} INFO - Processing file /home/airflow/.local/lib/python3.7/site-packages/airflow/example_dags/example_short_circuit_operator.py for tasks to queue
[2026-03-03T01:31:19.268+0000] {logging_mixin.py:149} INFO - [2026-03-03T01:31:19.268+0000] {dagbag.py:541} INFO - Filling up the DagBag from /home/airflow/.local/lib/python3.7/site-packages/airflow/example_dags/example_short_circuit_operator.py
[2026-03-03T01:31:19.272+0000] {processor.py:809} INFO - DAG(s) dict_keys(['example_short_circuit_operator']) retrieved from /home/airflow/.local/lib/python3.7/site-packages/airflow/example_dags/example_short_circuit_operator.py
[2026-03-03T01:31:19.285+0000] {logging_mixin.py:149} INFO - [2026-03-03T01:31:19.285+0000] {dag.py:2726} INFO - Sync 1 DAGs
[2026-03-03T01:31:19.298+0000] {logging_mixin.py:149} INFO - [2026-03-03T01:31:19.298+0000] {dag.py:3490} INFO - Setting next_dagrun for example_short_circuit_operator to 2026-03-02T01:31:19.298578+00:00, run_after=2026-03-03T01:31:19.298578+00:00
[2026-03-03T01:31:19.307+0000] {processor.py:178} INFO - Processing /home/airflow/.local/lib/python3.7/site-packages/airflow/example_dags/example_short_circuit_operator.py took 0.042 seconds
[2026-03-03T02:20:52.650+0000] {processor.py:156} INFO - Started process (PID=93) to work on /home/airflow/.local/lib/python3.7/site-packages/airflow/example_dags/example_short_circuit_operator.py
[2026-03-03T02:20:52.652+0000] {processor.py:799} INFO - Processing file /home/airflow/.local/lib/python3.7/site-packages/airflow/example_dags/example_short_circuit_operator.py for tasks to queue
[2026-03-03T02:20:52.655+0000] {logging_mixin.py:149} INFO - [2026-03-03T02:20:52.654+0000] {dagbag.py:541} INFO - Filling up the DagBag from /home/airflow/.local/lib/python3.7/site-packages/airflow/example_dags/example_short_circuit_operator.py
[2026-03-03T02:20:52.690+0000] {processor.py:809} INFO - DAG(s) dict_keys(['example_short_circuit_operator']) retrieved from /home/airflow/.local/lib/python3.7/site-packages/airflow/example_dags/example_short_circuit_operator.py
[2026-03-03T02:20:52.765+0000] {logging_mixin.py:149} INFO - [2026-03-03T02:20:52.764+0000] {dag.py:2726} INFO - Sync 1 DAGs
[2026-03-03T02:20:52.847+0000] {logging_mixin.py:149} INFO - [2026-03-03T02:20:52.847+0000] {dag.py:3490} INFO - Setting next_dagrun for example_short_circuit_operator to 2026-03-02T02:20:52.846350+00:00, run_after=2026-03-03T02:20:52.846350+00:00
[2026-03-03T02:20:52.920+0000] {processor.py:178} INFO - Processing /home/airflow/.local/lib/python3.7/site-packages/airflow/example_dags/example_short_circuit_operator.py took 0.278 seconds
[2026-03-03T02:21:23.863+0000] {processor.py:156} INFO - Started process (PID=162) to work on /home/airflow/.local/lib/python3.7/site-packages/airflow/example_dags/example_short_circuit_operator.py
[2026-03-03T02:21:23.865+0000] {processor.py:799} INFO - Processing file /home/airflow/.local/lib/python3.7/site-packages/airflow/example_dags/example_short_circuit_operator.py for tasks to queue
[2026-03-03T02:21:23.866+0000] {logging_mixin.py:149} INFO - [2026-03-03T02:21:23.866+0000] {dagbag.py:541} INFO - Filling up the DagBag from /home/airflow/.local/lib/python3.7/site-packages/airflow/example_dags/example_short_circuit_operator.py
[2026-03-03T02:21:23.878+0000] {processor.py:809} INFO - DAG(s) dict_keys(['example_short_circuit_operator']) retrieved from /home/airflow/.local/lib/python3.7/site-packages/airflow/example_dags/example_short_circuit_operator.py
[2026-03-03T02:21:23.902+0000] {logging_mixin.py:149} INFO - [2026-03-03T02:21:23.902+0000] {dag.py:2726} INFO - Sync 1 DAGs
[2026-03-03T02:21:23.919+0000] {logging_mixin.py:149} INFO - [2026-03-03T02:21:23.919+0000] {dag.py:3490} INFO - Setting next_dagrun for example_short_circuit_operator to 2026-03-02T02:21:23.919291+00:00, run_after=2026-03-03T02:21:23.919291+00:00
[2026-03-03T02:21:23.934+0000] {processor.py:178} INFO - Processing /home/airflow/.local/lib/python3.7/site-packages/airflow/example_dags/example_short_circuit_operator.py took 0.075 seconds
[2026-03-03T02:21:54.045+0000] {processor.py:156} INFO - Started process (PID=225) to work on /home/airflow/.local/lib/python3.7/site-packages/airflow/example_dags/example_short_circuit_operator.py
[2026-03-03T02:21:54.046+0000] {processor.py:799} INFO - Processing file /home/airflow/.local/lib/python3.7/site-packages/airflow/example_dags/example_short_circuit_operator.py for tasks to queue
[2026-03-03T02:21:54.047+0000] {logging_mixin.py:149} INFO - [2026-03-03T02:21:54.047+0000] {dagbag.py:541} INFO - Filling up the DagBag from /home/airflow/.local/lib/python3.7/site-packages/airflow/example_dags/example_short_circuit_operator.py
[2026-03-03T02:21:54.060+0000] {processor.py:809} INFO - DAG(s) dict_keys(['example_short_circuit_operator']) retrieved from /home/airflow/.local/lib/python3.7/site-packages/airflow/example_dags/example_short_circuit_operator.py
[2026-03-03T02:21:54.088+0000] {logging_mixin.py:149} INFO - [2026-03-03T02:21:54.088+0000] {dag.py:2726} INFO - Sync 1 DAGs
[2026-03-03T02:21:54.108+0000] {logging_mixin.py:149} INFO - [2026-03-03T02:21:54.108+0000] {dag.py:3490} INFO - Setting next_dagrun for example_short_circuit_operator to 2026-03-02T02:21:54.108392+00:00, run_after=2026-03-03T02:21:54.108392+00:00
[2026-03-03T02:21:54.127+0000] {processor.py:178} INFO - Processing /home/airflow/.local/lib/python3.7/site-packages/airflow/example_dags/example_short_circuit_operator.py took 0.085 seconds
[2026-03-03T02:22:24.205+0000] {processor.py:156} INFO - Started process (PID=288) to work on /home/airflow/.local/lib/python3.7/site-packages/airflow/example_dags/example_short_circuit_operator.py
[2026-03-03T02:22:24.206+0000] {processor.py:799} INFO - Processing file /home/airflow/.local/lib/python3.7/site-packages/airflow/example_dags/example_short_circuit_operator.py for tasks to queue
[2026-03-03T02:22:24.206+0000] {logging_mixin.py:149} INFO - [2026-03-03T02:22:24.206+0000] {dagbag.py:541} INFO - Filling up the DagBag from /home/airflow/.local/lib/python3.7/site-packages/airflow/example_dags/example_short_circuit_operator.py
[2026-03-03T02:22:24.211+0000] {processor.py:809} INFO - DAG(s) dict_keys(['example_short_circuit_operator']) retrieved from /home/airflow/.local/lib/python3.7/site-packages/airflow/example_dags/example_short_circuit_operator.py
[2026-03-03T02:22:24.225+0000] {logging_mixin.py:149} INFO - [2026-03-03T02:22:24.225+0000] {dag.py:2726} INFO - Sync 1 DAGs
[2026-03-03T02:22:24.237+0000] {logging_mixin.py:149} INFO - [2026-03-03T02:22:24.237+0000] {dag.py:3490} INFO - Setting next_dagrun for example_short_circuit_operator to 2026-03-02T02:22:24.237440+00:00, run_after=2026-03-03T02:22:24.237440+00:00
[2026-03-03T02:22:24.246+0000] {processor.py:178} INFO - Processing /home/airflow/.local/lib/python3.7/site-packages/airflow/example_dags/example_short_circuit_operator.py took 0.043 seconds
[2026-03-03T02:22:55.192+0000] {processor.py:156} INFO - Started process (PID=357) to work on /home/airflow/.local/lib/python3.7/site-packages/airflow/example_dags/example_short_circuit_operator.py
[2026-03-03T02:22:55.194+0000] {processor.py:799} INFO - Processing file /home/airflow/.local/lib/python3.7/site-packages/airflow/example_dags/example_short_circuit_operator.py for tasks to queue
[2026-03-03T02:22:55.194+0000] {logging_mixin.py:149} INFO - [2026-03-03T02:22:55.194+0000] {dagbag.py:541} INFO - Filling up the DagBag from /home/airflow/.local/lib/python3.7/site-packages/airflow/example_dags/example_short_circuit_operator.py
[2026-03-03T02:22:55.204+0000] {processor.py:809} INFO - DAG(s) dict_keys(['example_short_circuit_operator']) retrieved from /home/airflow/.local/lib/python3.7/site-packages/airflow/example_dags/example_short_circuit_operator.py
[2026-03-03T02:22:55.226+0000] {logging_mixin.py:149} INFO - [2026-03-03T02:22:55.226+0000] {dag.py:2726} INFO - Sync 1 DAGs
[2026-03-03T02:22:55.245+0000] {logging_mixin.py:149} INFO - [2026-03-03T02:22:55.244+0000] {dag.py:3490} INFO - Setting next_dagrun for example_short_circuit_operator to 2026-03-02T02:22:55.244509+00:00, run_after=2026-03-03T02:22:55.244509+00:00
[2026-03-03T02:22:55.259+0000] {processor.py:178} INFO - Processing /home/airflow/.local/lib/python3.7/site-packages/airflow/example_dags/example_short_circuit_operator.py took 0.071 seconds
[2026-03-03T02:23:26.118+0000] {processor.py:156} INFO - Started process (PID=426) to work on /home/airflow/.local/lib/python3.7/site-packages/airflow/example_dags/example_short_circuit_operator.py
[2026-03-03T02:23:26.122+0000] {processor.py:799} INFO - Processing file /home/airflow/.local/lib/python3.7/site-packages/airflow/example_dags/example_short_circuit_operator.py for tasks to queue
[2026-03-03T02:23:26.123+0000] {logging_mixin.py:149} INFO - [2026-03-03T02:23:26.122+0000] {dagbag.py:541} INFO - Filling up the DagBag from /home/airflow/.local/lib/python3.7/site-packages/airflow/example_dags/example_short_circuit_operator.py
[2026-03-03T02:23:26.129+0000] {processor.py:809} INFO - DAG(s) dict_keys(['example_short_circuit_operator']) retrieved from /home/airflow/.local/lib/python3.7/site-packages/airflow/example_dags/example_short_circuit_operator.py
[2026-03-03T02:23:26.165+0000] {logging_mixin.py:149} INFO - [2026-03-03T02:23:26.165+0000] {dag.py:2726} INFO - Sync 1 DAGs
[2026-03-03T02:23:26.184+0000] {logging_mixin.py:149} INFO - [2026-03-03T02:23:26.184+0000] {dag.py:3490} INFO - Setting next_dagrun for example_short_circuit_operator to 2026-03-02T02:23:26.184341+00:00, run_after=2026-03-03T02:23:26.184341+00:00
[2026-03-03T02:23:26.200+0000] {processor.py:178} INFO - Processing /home/airflow/.local/lib/python3.7/site-packages/airflow/example_dags/example_short_circuit_operator.py took 0.085 seconds
[2026-03-03T02:23:56.798+0000] {processor.py:156} INFO - Started process (PID=507) to work on /home/airflow/.local/lib/python3.7/site-packages/airflow/example_dags/example_short_circuit_operator.py
[2026-03-03T02:23:56.799+0000] {processor.py:799} INFO - Processing file /home/airflow/.local/lib/python3.7/site-packages/airflow/example_dags/example_short_circuit_operator.py for tasks to queue
[2026-03-03T02:23:56.800+0000] {logging_mixin.py:149} INFO - [2026-03-03T02:23:56.800+0000] {dagbag.py:541} INFO - Filling up the DagBag from /home/airflow/.local/lib/python3.7/site-packages/airflow/example_dags/example_short_circuit_operator.py
[2026-03-03T02:23:56.804+0000] {processor.py:809} INFO - DAG(s) dict_keys(['example_short_circuit_operator']) retrieved from /home/airflow/.local/lib/python3.7/site-packages/airflow/example_dags/example_short_circuit_operator.py
[2026-03-03T02:23:56.822+0000] {logging_mixin.py:149} INFO - [2026-03-03T02:23:56.822+0000] {dag.py:2726} INFO - Sync 1 DAGs
[2026-03-03T02:23:56.836+0000] {logging_mixin.py:149} INFO - [2026-03-03T02:23:56.836+0000] {dag.py:3490} INFO - Setting next_dagrun for example_short_circuit_operator to 2026-03-02T02:23:56.836212+00:00, run_after=2026-03-03T02:23:56.836212+00:00
[2026-03-03T02:23:56.848+0000] {processor.py:178} INFO - Processing /home/airflow/.local/lib/python3.7/site-packages/airflow/example_dags/example_short_circuit_operator.py took 0.053 seconds
[2026-03-03T02:24:27.562+0000] {processor.py:156} INFO - Started process (PID=570) to work on /home/airflow/.local/lib/python3.7/site-packages/airflow/example_dags/example_short_circuit_operator.py
[2026-03-03T02:24:27.562+0000] {processor.py:799} INFO - Processing file /home/airflow/.local/lib/python3.7/site-packages/airflow/example_dags/example_short_circuit_operator.py for tasks to queue
[2026-03-03T02:24:27.563+0000] {logging_mixin.py:149} INFO - [2026-03-03T02:24:27.563+0000] {dagbag.py:541} INFO - Filling up the DagBag from /home/airflow/.local/lib/python3.7/site-packages/airflow/example_dags/example_short_circuit_operator.py
[2026-03-03T02:24:27.569+0000] {processor.py:809} INFO - DAG(s) dict_keys(['example_short_circuit_operator']) retrieved from /home/airflow/.local/lib/python3.7/site-packages/airflow/example_dags/example_short_circuit_operator.py
[2026-03-03T02:24:27.590+0000] {logging_mixin.py:149} INFO - [2026-03-03T02:24:27.590+0000] {dag.py:2726} INFO - Sync 1 DAGs
[2026-03-03T02:24:27.605+0000] {logging_mixin.py:149} INFO - [2026-03-03T02:24:27.604+0000] {dag.py:3490} INFO - Setting next_dagrun for example_short_circuit_operator to 2026-03-02T02:24:27.604852+00:00, run_after=2026-03-03T02:24:27.604852+00:00
[2026-03-03T02:24:27.621+0000] {processor.py:178} INFO - Processing /home/airflow/.local/lib/python3.7/site-packages/airflow/example_dags/example_short_circuit_operator.py took 0.062 seconds
[2026-03-03T02:24:57.684+0000] {processor.py:156} INFO - Started process (PID=633) to work on /home/airflow/.local/lib/python3.7/site-packages/airflow/example_dags/example_short_circuit_operator.py
[2026-03-03T02:24:57.685+0000] {processor.py:799} INFO - Processing file /home/airflow/.local/lib/python3.7/site-packages/airflow/example_dags/example_short_circuit_operator.py for tasks to queue
[2026-03-03T02:24:57.685+0000] {logging_mixin.py:149} INFO - [2026-03-03T02:24:57.685+0000] {dagbag.py:541} INFO - Filling up the DagBag from /home/airflow/.local/lib/python3.7/site-packages/airflow/example_dags/example_short_circuit_operator.py
[2026-03-03T02:24:57.692+0000] {processor.py:809} INFO - DAG(s) dict_keys(['example_short_circuit_operator']) retrieved from /home/airflow/.local/lib/python3.7/site-packages/airflow/example_dags/example_short_circuit_operator.py
[2026-03-03T02:24:57.714+0000] {logging_mixin.py:149} INFO - [2026-03-03T02:24:57.714+0000] {dag.py:2726} INFO - Sync 1 DAGs
[2026-03-03T02:24:57.732+0000] {logging_mixin.py:149} INFO - [2026-03-03T02:24:57.732+0000] {dag.py:3490} INFO - Setting next_dagrun for example_short_circuit_operator to 2026-03-02T02:24:57.732029+00:00, run_after=2026-03-03T02:24:57.732029+00:00
[2026-03-03T02:24:57.746+0000] {processor.py:178} INFO - Processing /home/airflow/.local/lib/python3.7/site-packages/airflow/example_dags/example_short_circuit_operator.py took 0.065 seconds
[2026-03-03T02:25:28.551+0000] {processor.py:156} INFO - Started process (PID=696) to work on /home/airflow/.local/lib/python3.7/site-packages/airflow/example_dags/example_short_circuit_operator.py
[2026-03-03T02:25:28.553+0000] {processor.py:799} INFO - Processing file /home/airflow/.local/lib/python3.7/site-packages/airflow/example_dags/example_short_circuit_operator.py for tasks to queue
[2026-03-03T02:25:28.554+0000] {logging_mixin.py:149} INFO - [2026-03-03T02:25:28.554+0000] {dagbag.py:541} INFO - Filling up the DagBag from /home/airflow/.local/lib/python3.7/site-packages/airflow/example_dags/example_short_circuit_operator.py
[2026-03-03T02:25:28.557+0000] {processor.py:809} INFO - DAG(s) dict_keys(['example_short_circuit_operator']) retrieved from /home/airflow/.local/lib/python3.7/site-packages/airflow/example_dags/example_short_circuit_operator.py
[2026-03-03T02:25:28.573+0000] {logging_mixin.py:149} INFO - [2026-03-03T02:25:28.572+0000] {dag.py:2726} INFO - Sync 1 DAGs
[2026-03-03T02:25:28.585+0000] {logging_mixin.py:149} INFO - [2026-03-03T02:25:28.585+0000] {dag.py:3490} INFO - Setting next_dagrun for example_short_circuit_operator to 2026-03-02T02:25:28.585040+00:00, run_after=2026-03-03T02:25:28.585040+00:00
[2026-03-03T02:25:28.597+0000] {processor.py:178} INFO - Processing /home/airflow/.local/lib/python3.7/site-packages/airflow/example_dags/example_short_circuit_operator.py took 0.048 seconds
[2026-03-03T02:25:59.389+0000] {processor.py:156} INFO - Started process (PID=759) to work on /home/airflow/.local/lib/python3.7/site-packages/airflow/example_dags/example_short_circuit_operator.py
[2026-03-03T02:25:59.391+0000] {processor.py:799} INFO - Processing file /home/airflow/.local/lib/python3.7/site-packages/airflow/example_dags/example_short_circuit_operator.py for tasks to queue
[2026-03-03T02:25:59.391+0000] {logging_mixin.py:149} INFO - [2026-03-03T02:25:59.391+0000] {dagbag.py:541} INFO - Filling up the DagBag from /home/airflow/.local/lib/python3.7/site-packages/airflow/example_dags/example_short_circuit_operator.py
[2026-03-03T02:25:59.396+0000] {processor.py:809} INFO - DAG(s) dict_keys(['example_short_circuit_operator']) retrieved from /home/airflow/.local/lib/python3.7/site-packages/airflow/example_dags/example_short_circuit_operator.py
[2026-03-03T02:25:59.414+0000] {logging_mixin.py:149} INFO - [2026-03-03T02:25:59.414+0000] {dag.py:2726} INFO - Sync 1 DAGs
[2026-03-03T02:25:59.428+0000] {logging_mixin.py:149} INFO - [2026-03-03T02:25:59.428+0000] {dag.py:3490} INFO - Setting next_dagrun for example_short_circuit_operator to 2026-03-02T02:25:59.428408+00:00, run_after=2026-03-03T02:25:59.428408+00:00
[2026-03-03T02:25:59.441+0000] {processor.py:178} INFO - Processing /home/airflow/.local/lib/python3.7/site-packages/airflow/example_dags/example_short_circuit_operator.py took 0.054 seconds
[2026-03-03T02:26:30.372+0000] {processor.py:156} INFO - Started process (PID=822) to work on /home/airflow/.local/lib/python3.7/site-packages/airflow/example_dags/example_short_circuit_operator.py
[2026-03-03T02:26:30.375+0000] {processor.py:799} INFO - Processing file /home/airflow/.local/lib/python3.7/site-packages/airflow/example_dags/example_short_circuit_operator.py for tasks to queue
[2026-03-03T02:26:30.376+0000] {logging_mixin.py:149} INFO - [2026-03-03T02:26:30.375+0000] {dagbag.py:541} INFO - Filling up the DagBag from /home/airflow/.local/lib/python3.7/site-packages/airflow/example_dags/example_short_circuit_operator.py
[2026-03-03T02:26:30.382+0000] {processor.py:809} INFO - DAG(s) dict_keys(['example_short_circuit_operator']) retrieved from /home/airflow/.local/lib/python3.7/site-packages/airflow/example_dags/example_short_circuit_operator.py
[2026-03-03T02:26:30.410+0000] {logging_mixin.py:149} INFO - [2026-03-03T02:26:30.410+0000] {dag.py:2726} INFO - Sync 1 DAGs
[2026-03-03T02:26:30.429+0000] {logging_mixin.py:149} INFO - [2026-03-03T02:26:30.428+0000] {dag.py:3490} INFO - Setting next_dagrun for example_short_circuit_operator to 2026-03-02T02:26:30.428718+00:00, run_after=2026-03-03T02:26:30.428718+00:00
[2026-03-03T02:26:30.444+0000] {processor.py:178} INFO - Processing /home/airflow/.local/lib/python3.7/site-packages/airflow/example_dags/example_short_circuit_operator.py took 0.074 seconds
[2026-03-03T02:27:01.284+0000] {processor.py:156} INFO - Started process (PID=885) to work on /home/airflow/.local/lib/python3.7/site-packages/airflow/example_dags/example_short_circuit_operator.py
[2026-03-03T02:27:01.285+0000] {processor.py:799} INFO - Processing file /home/airflow/.local/lib/python3.7/site-packages/airflow/example_dags/example_short_circuit_operator.py for tasks to queue
[2026-03-03T02:27:01.286+0000] {logging_mixin.py:149} INFO - [2026-03-03T02:27:01.286+0000] {dagbag.py:541} INFO - Filling up the DagBag from /home/airflow/.local/lib/python3.7/site-packages/airflow/example_dags/example_short_circuit_operator.py
[2026-03-03T02:27:01.292+0000] {processor.py:809} INFO - DAG(s) dict_keys(['example_short_circuit_operator']) retrieved from /home/airflow/.local/lib/python3.7/site-packages/airflow/example_dags/example_short_circuit_operator.py
[2026-03-03T02:27:01.318+0000] {logging_mixin.py:149} INFO - [2026-03-03T02:27:01.317+0000] {dag.py:2726} INFO - Sync 1 DAGs
[2026-03-03T02:27:01.336+0000] {logging_mixin.py:149} INFO - [2026-03-03T02:27:01.336+0000] {dag.py:3490} INFO - Setting next_dagrun for example_short_circuit_operator to 2026-03-02T02:27:01.335865+00:00, run_after=2026-03-03T02:27:01.335865+00:00
[2026-03-03T02:27:01.348+0000] {processor.py:178} INFO - Processing /home/airflow/.local/lib/python3.7/site-packages/airflow/example_dags/example_short_circuit_operator.py took 0.066 seconds
[2026-03-03T02:28:43.306+0000] {processor.py:156} INFO - Started process (PID=124) to work on /home/airflow/.local/lib/python3.7/site-packages/airflow/example_dags/example_short_circuit_operator.py
[2026-03-03T02:28:43.307+0000] {processor.py:799} INFO - Processing file /home/airflow/.local/lib/python3.7/site-packages/airflow/example_dags/example_short_circuit_operator.py for tasks to queue
[2026-03-03T02:28:43.308+0000] {logging_mixin.py:149} INFO - [2026-03-03T02:28:43.308+0000] {dagbag.py:541} INFO - Filling up the DagBag from /home/airflow/.local/lib/python3.7/site-packages/airflow/example_dags/example_short_circuit_operator.py
[2026-03-03T02:28:43.313+0000] {processor.py:809} INFO - DAG(s) dict_keys(['example_short_circuit_operator']) retrieved from /home/airflow/.local/lib/python3.7/site-packages/airflow/example_dags/example_short_circuit_operator.py
[2026-03-03T02:28:43.339+0000] {logging_mixin.py:149} INFO - [2026-03-03T02:28:43.339+0000] {dag.py:2726} INFO - Sync 1 DAGs
[2026-03-03T02:28:43.362+0000] {logging_mixin.py:149} INFO - [2026-03-03T02:28:43.362+0000] {dag.py:3490} INFO - Setting next_dagrun for example_short_circuit_operator to 2026-03-02T02:28:43.362386+00:00, run_after=2026-03-03T02:28:43.362386+00:00
[2026-03-03T02:28:43.381+0000] {processor.py:178} INFO - Processing /home/airflow/.local/lib/python3.7/site-packages/airflow/example_dags/example_short_circuit_operator.py took 0.076 seconds
[2026-03-03T02:29:13.550+0000] {processor.py:156} INFO - Started process (PID=196) to work on /home/airflow/.local/lib/python3.7/site-packages/airflow/example_dags/example_short_circuit_operator.py
[2026-03-03T02:29:13.551+0000] {processor.py:799} INFO - Processing file /home/airflow/.local/lib/python3.7/site-packages/airflow/example_dags/example_short_circuit_operator.py for tasks to queue
[2026-03-03T02:29:13.551+0000] {logging_mixin.py:149} INFO - [2026-03-03T02:29:13.551+0000] {dagbag.py:541} INFO - Filling up the DagBag from /home/airflow/.local/lib/python3.7/site-packages/airflow/example_dags/example_short_circuit_operator.py
[2026-03-03T02:29:13.555+0000] {processor.py:809} INFO - DAG(s) dict_keys(['example_short_circuit_operator']) retrieved from /home/airflow/.local/lib/python3.7/site-packages/airflow/example_dags/example_short_circuit_operator.py
[2026-03-03T02:29:13.573+0000] {logging_mixin.py:149} INFO - [2026-03-03T02:29:13.572+0000] {dag.py:2726} INFO - Sync 1 DAGs
[2026-03-03T02:29:13.588+0000] {logging_mixin.py:149} INFO - [2026-03-03T02:29:13.588+0000] {dag.py:3490} INFO - Setting next_dagrun for example_short_circuit_operator to 2026-03-02T02:29:13.588156+00:00, run_after=2026-03-03T02:29:13.588156+00:00
[2026-03-03T02:29:13.595+0000] {processor.py:178} INFO - Processing /home/airflow/.local/lib/python3.7/site-packages/airflow/example_dags/example_short_circuit_operator.py took 0.047 seconds
[2026-03-03T02:29:47.566+0000] {processor.py:156} INFO - Started process (PID=269) to work on /home/airflow/.local/lib/python3.7/site-packages/airflow/example_dags/example_short_circuit_operator.py
[2026-03-03T02:29:47.568+0000] {processor.py:799} INFO - Processing file /home/airflow/.local/lib/python3.7/site-packages/airflow/example_dags/example_short_circuit_operator.py for tasks to queue
[2026-03-03T02:29:47.569+0000] {logging_mixin.py:149} INFO - [2026-03-03T02:29:47.569+0000] {dagbag.py:541} INFO - Filling up the DagBag from /home/airflow/.local/lib/python3.7/site-packages/airflow/example_dags/example_short_circuit_operator.py
[2026-03-03T02:29:47.590+0000] {processor.py:809} INFO - DAG(s) dict_keys(['example_short_circuit_operator']) retrieved from /home/airflow/.local/lib/python3.7/site-packages/airflow/example_dags/example_short_circuit_operator.py
[2026-03-03T02:29:47.646+0000] {logging_mixin.py:149} INFO - [2026-03-03T02:29:47.645+0000] {dag.py:2726} INFO - Sync 1 DAGs
[2026-03-03T02:29:47.755+0000] {logging_mixin.py:149} INFO - [2026-03-03T02:29:47.755+0000] {dag.py:3490} INFO - Setting next_dagrun for example_short_circuit_operator to 2026-03-02T02:29:47.754509+00:00, run_after=2026-03-03T02:29:47.754509+00:00
[2026-03-03T02:29:47.800+0000] {processor.py:178} INFO - Processing /home/airflow/.local/lib/python3.7/site-packages/airflow/example_dags/example_short_circuit_operator.py took 0.242 seconds
[2026-03-03T02:30:18.154+0000] {processor.py:156} INFO - Started process (PID=342) to work on /home/airflow/.local/lib/python3.7/site-packages/airflow/example_dags/example_short_circuit_operator.py
[2026-03-03T02:30:18.157+0000] {processor.py:799} INFO - Processing file /home/airflow/.local/lib/python3.7/site-packages/airflow/example_dags/example_short_circuit_operator.py for tasks to queue
[2026-03-03T02:30:18.159+0000] {logging_mixin.py:149} INFO - [2026-03-03T02:30:18.158+0000] {dagbag.py:541} INFO - Filling up the DagBag from /home/airflow/.local/lib/python3.7/site-packages/airflow/example_dags/example_short_circuit_operator.py
[2026-03-03T02:30:18.174+0000] {processor.py:809} INFO - DAG(s) dict_keys(['example_short_circuit_operator']) retrieved from /home/airflow/.local/lib/python3.7/site-packages/airflow/example_dags/example_short_circuit_operator.py
[2026-03-03T02:30:18.230+0000] {logging_mixin.py:149} INFO - [2026-03-03T02:30:18.230+0000] {dag.py:2726} INFO - Sync 1 DAGs
[2026-03-03T02:30:18.285+0000] {logging_mixin.py:149} INFO - [2026-03-03T02:30:18.285+0000] {dag.py:3490} INFO - Setting next_dagrun for example_short_circuit_operator to 2026-03-02T02:30:18.284496+00:00, run_after=2026-03-03T02:30:18.284496+00:00
[2026-03-03T02:30:18.333+0000] {processor.py:178} INFO - Processing /home/airflow/.local/lib/python3.7/site-packages/airflow/example_dags/example_short_circuit_operator.py took 0.185 seconds
[2026-03-03T02:30:48.986+0000] {processor.py:156} INFO - Started process (PID=403) to work on /home/airflow/.local/lib/python3.7/site-packages/airflow/example_dags/example_short_circuit_operator.py
[2026-03-03T02:30:48.988+0000] {processor.py:799} INFO - Processing file /home/airflow/.local/lib/python3.7/site-packages/airflow/example_dags/example_short_circuit_operator.py for tasks to queue
[2026-03-03T02:30:48.989+0000] {logging_mixin.py:149} INFO - [2026-03-03T02:30:48.989+0000] {dagbag.py:541} INFO - Filling up the DagBag from /home/airflow/.local/lib/python3.7/site-packages/airflow/example_dags/example_short_circuit_operator.py
[2026-03-03T02:30:49.004+0000] {processor.py:809} INFO - DAG(s) dict_keys(['example_short_circuit_operator']) retrieved from /home/airflow/.local/lib/python3.7/site-packages/airflow/example_dags/example_short_circuit_operator.py
[2026-03-03T02:30:49.058+0000] {logging_mixin.py:149} INFO - [2026-03-03T02:30:49.057+0000] {dag.py:2726} INFO - Sync 1 DAGs
[2026-03-03T02:30:49.111+0000] {logging_mixin.py:149} INFO - [2026-03-03T02:30:49.111+0000] {dag.py:3490} INFO - Setting next_dagrun for example_short_circuit_operator to 2026-03-02T02:30:49.110790+00:00, run_after=2026-03-03T02:30:49.110790+00:00
[2026-03-03T02:30:49.163+0000] {processor.py:178} INFO - Processing /home/airflow/.local/lib/python3.7/site-packages/airflow/example_dags/example_short_circuit_operator.py took 0.183 seconds
