[2026-03-03T00:56:05.303+0000] {processor.py:156} INFO - Started process (PID=78) to work on /home/airflow/.local/lib/python3.7/site-packages/airflow/example_dags/example_kubernetes_executor.py
[2026-03-03T00:56:05.303+0000] {processor.py:799} INFO - Processing file /home/airflow/.local/lib/python3.7/site-packages/airflow/example_dags/example_kubernetes_executor.py for tasks to queue
[2026-03-03T00:56:05.304+0000] {logging_mixin.py:149} INFO - [2026-03-03T00:56:05.304+0000] {dagbag.py:541} INFO - Filling up the DagBag from /home/airflow/.local/lib/python3.7/site-packages/airflow/example_dags/example_kubernetes_executor.py
[2026-03-03T00:56:05.443+0000] {processor.py:809} INFO - DAG(s) dict_keys(['example_kubernetes_executor']) retrieved from /home/airflow/.local/lib/python3.7/site-packages/airflow/example_dags/example_kubernetes_executor.py
[2026-03-03T00:56:05.453+0000] {logging_mixin.py:149} INFO - [2026-03-03T00:56:05.453+0000] {dag.py:2726} INFO - Sync 1 DAGs
[2026-03-03T00:56:05.471+0000] {logging_mixin.py:149} INFO - [2026-03-03T00:56:05.471+0000] {dag.py:3490} INFO - Setting next_dagrun for example_kubernetes_executor to None, run_after=None
[2026-03-03T00:56:05.510+0000] {processor.py:178} INFO - Processing /home/airflow/.local/lib/python3.7/site-packages/airflow/example_dags/example_kubernetes_executor.py took 0.211 seconds
[2026-03-03T00:56:37.561+0000] {processor.py:156} INFO - Started process (PID=140) to work on /home/airflow/.local/lib/python3.7/site-packages/airflow/example_dags/example_kubernetes_executor.py
[2026-03-03T00:56:37.562+0000] {processor.py:799} INFO - Processing file /home/airflow/.local/lib/python3.7/site-packages/airflow/example_dags/example_kubernetes_executor.py for tasks to queue
[2026-03-03T00:56:37.563+0000] {logging_mixin.py:149} INFO - [2026-03-03T00:56:37.563+0000] {dagbag.py:541} INFO - Filling up the DagBag from /home/airflow/.local/lib/python3.7/site-packages/airflow/example_dags/example_kubernetes_executor.py
[2026-03-03T00:56:37.658+0000] {processor.py:809} INFO - DAG(s) dict_keys(['example_kubernetes_executor']) retrieved from /home/airflow/.local/lib/python3.7/site-packages/airflow/example_dags/example_kubernetes_executor.py
[2026-03-03T00:56:37.699+0000] {logging_mixin.py:149} INFO - [2026-03-03T00:56:37.699+0000] {dag.py:2726} INFO - Sync 1 DAGs
[2026-03-03T00:56:37.730+0000] {logging_mixin.py:149} INFO - [2026-03-03T00:56:37.730+0000] {dag.py:3490} INFO - Setting next_dagrun for example_kubernetes_executor to None, run_after=None
[2026-03-03T00:56:37.761+0000] {processor.py:178} INFO - Processing /home/airflow/.local/lib/python3.7/site-packages/airflow/example_dags/example_kubernetes_executor.py took 0.201 seconds
[2026-03-03T00:57:08.440+0000] {processor.py:156} INFO - Started process (PID=202) to work on /home/airflow/.local/lib/python3.7/site-packages/airflow/example_dags/example_kubernetes_executor.py
[2026-03-03T00:57:08.441+0000] {processor.py:799} INFO - Processing file /home/airflow/.local/lib/python3.7/site-packages/airflow/example_dags/example_kubernetes_executor.py for tasks to queue
[2026-03-03T00:57:08.442+0000] {logging_mixin.py:149} INFO - [2026-03-03T00:57:08.442+0000] {dagbag.py:541} INFO - Filling up the DagBag from /home/airflow/.local/lib/python3.7/site-packages/airflow/example_dags/example_kubernetes_executor.py
[2026-03-03T00:57:08.526+0000] {processor.py:809} INFO - DAG(s) dict_keys(['example_kubernetes_executor']) retrieved from /home/airflow/.local/lib/python3.7/site-packages/airflow/example_dags/example_kubernetes_executor.py
[2026-03-03T00:57:08.548+0000] {logging_mixin.py:149} INFO - [2026-03-03T00:57:08.548+0000] {dag.py:2726} INFO - Sync 1 DAGs
[2026-03-03T00:57:08.565+0000] {logging_mixin.py:149} INFO - [2026-03-03T00:57:08.565+0000] {dag.py:3490} INFO - Setting next_dagrun for example_kubernetes_executor to None, run_after=None
[2026-03-03T00:57:08.594+0000] {processor.py:178} INFO - Processing /home/airflow/.local/lib/python3.7/site-packages/airflow/example_dags/example_kubernetes_executor.py took 0.156 seconds
[2026-03-03T00:57:39.400+0000] {processor.py:156} INFO - Started process (PID=264) to work on /home/airflow/.local/lib/python3.7/site-packages/airflow/example_dags/example_kubernetes_executor.py
[2026-03-03T00:57:39.400+0000] {processor.py:799} INFO - Processing file /home/airflow/.local/lib/python3.7/site-packages/airflow/example_dags/example_kubernetes_executor.py for tasks to queue
[2026-03-03T00:57:39.400+0000] {logging_mixin.py:149} INFO - [2026-03-03T00:57:39.400+0000] {dagbag.py:541} INFO - Filling up the DagBag from /home/airflow/.local/lib/python3.7/site-packages/airflow/example_dags/example_kubernetes_executor.py
[2026-03-03T00:57:39.498+0000] {processor.py:809} INFO - DAG(s) dict_keys(['example_kubernetes_executor']) retrieved from /home/airflow/.local/lib/python3.7/site-packages/airflow/example_dags/example_kubernetes_executor.py
[2026-03-03T00:57:39.518+0000] {logging_mixin.py:149} INFO - [2026-03-03T00:57:39.518+0000] {dag.py:2726} INFO - Sync 1 DAGs
[2026-03-03T00:57:39.532+0000] {logging_mixin.py:149} INFO - [2026-03-03T00:57:39.532+0000] {dag.py:3490} INFO - Setting next_dagrun for example_kubernetes_executor to None, run_after=None
[2026-03-03T00:57:39.541+0000] {processor.py:178} INFO - Processing /home/airflow/.local/lib/python3.7/site-packages/airflow/example_dags/example_kubernetes_executor.py took 0.142 seconds
[2026-03-03T00:58:09.763+0000] {processor.py:156} INFO - Started process (PID=326) to work on /home/airflow/.local/lib/python3.7/site-packages/airflow/example_dags/example_kubernetes_executor.py
[2026-03-03T00:58:09.764+0000] {processor.py:799} INFO - Processing file /home/airflow/.local/lib/python3.7/site-packages/airflow/example_dags/example_kubernetes_executor.py for tasks to queue
[2026-03-03T00:58:09.764+0000] {logging_mixin.py:149} INFO - [2026-03-03T00:58:09.764+0000] {dagbag.py:541} INFO - Filling up the DagBag from /home/airflow/.local/lib/python3.7/site-packages/airflow/example_dags/example_kubernetes_executor.py
[2026-03-03T00:58:09.853+0000] {processor.py:809} INFO - DAG(s) dict_keys(['example_kubernetes_executor']) retrieved from /home/airflow/.local/lib/python3.7/site-packages/airflow/example_dags/example_kubernetes_executor.py
[2026-03-03T00:58:09.876+0000] {logging_mixin.py:149} INFO - [2026-03-03T00:58:09.876+0000] {dag.py:2726} INFO - Sync 1 DAGs
[2026-03-03T00:58:09.894+0000] {logging_mixin.py:149} INFO - [2026-03-03T00:58:09.894+0000] {dag.py:3490} INFO - Setting next_dagrun for example_kubernetes_executor to None, run_after=None
[2026-03-03T00:58:09.943+0000] {processor.py:178} INFO - Processing /home/airflow/.local/lib/python3.7/site-packages/airflow/example_dags/example_kubernetes_executor.py took 0.181 seconds
[2026-03-03T00:58:40.786+0000] {processor.py:156} INFO - Started process (PID=392) to work on /home/airflow/.local/lib/python3.7/site-packages/airflow/example_dags/example_kubernetes_executor.py
[2026-03-03T00:58:40.786+0000] {processor.py:799} INFO - Processing file /home/airflow/.local/lib/python3.7/site-packages/airflow/example_dags/example_kubernetes_executor.py for tasks to queue
[2026-03-03T00:58:40.787+0000] {logging_mixin.py:149} INFO - [2026-03-03T00:58:40.787+0000] {dagbag.py:541} INFO - Filling up the DagBag from /home/airflow/.local/lib/python3.7/site-packages/airflow/example_dags/example_kubernetes_executor.py
[2026-03-03T00:58:40.899+0000] {processor.py:809} INFO - DAG(s) dict_keys(['example_kubernetes_executor']) retrieved from /home/airflow/.local/lib/python3.7/site-packages/airflow/example_dags/example_kubernetes_executor.py
[2026-03-03T00:58:40.919+0000] {logging_mixin.py:149} INFO - [2026-03-03T00:58:40.919+0000] {dag.py:2726} INFO - Sync 1 DAGs
[2026-03-03T00:58:40.933+0000] {logging_mixin.py:149} INFO - [2026-03-03T00:58:40.933+0000] {dag.py:3490} INFO - Setting next_dagrun for example_kubernetes_executor to None, run_after=None
[2026-03-03T00:58:40.943+0000] {processor.py:178} INFO - Processing /home/airflow/.local/lib/python3.7/site-packages/airflow/example_dags/example_kubernetes_executor.py took 0.159 seconds
[2026-03-03T00:59:11.687+0000] {processor.py:156} INFO - Started process (PID=450) to work on /home/airflow/.local/lib/python3.7/site-packages/airflow/example_dags/example_kubernetes_executor.py
[2026-03-03T00:59:11.688+0000] {processor.py:799} INFO - Processing file /home/airflow/.local/lib/python3.7/site-packages/airflow/example_dags/example_kubernetes_executor.py for tasks to queue
[2026-03-03T00:59:11.688+0000] {logging_mixin.py:149} INFO - [2026-03-03T00:59:11.688+0000] {dagbag.py:541} INFO - Filling up the DagBag from /home/airflow/.local/lib/python3.7/site-packages/airflow/example_dags/example_kubernetes_executor.py
[2026-03-03T00:59:11.771+0000] {processor.py:809} INFO - DAG(s) dict_keys(['example_kubernetes_executor']) retrieved from /home/airflow/.local/lib/python3.7/site-packages/airflow/example_dags/example_kubernetes_executor.py
[2026-03-03T00:59:11.794+0000] {logging_mixin.py:149} INFO - [2026-03-03T00:59:11.794+0000] {dag.py:2726} INFO - Sync 1 DAGs
[2026-03-03T00:59:11.807+0000] {logging_mixin.py:149} INFO - [2026-03-03T00:59:11.807+0000] {dag.py:3490} INFO - Setting next_dagrun for example_kubernetes_executor to None, run_after=None
[2026-03-03T00:59:11.814+0000] {processor.py:178} INFO - Processing /home/airflow/.local/lib/python3.7/site-packages/airflow/example_dags/example_kubernetes_executor.py took 0.130 seconds
[2026-03-03T00:59:42.496+0000] {processor.py:156} INFO - Started process (PID=512) to work on /home/airflow/.local/lib/python3.7/site-packages/airflow/example_dags/example_kubernetes_executor.py
[2026-03-03T00:59:42.497+0000] {processor.py:799} INFO - Processing file /home/airflow/.local/lib/python3.7/site-packages/airflow/example_dags/example_kubernetes_executor.py for tasks to queue
[2026-03-03T00:59:42.497+0000] {logging_mixin.py:149} INFO - [2026-03-03T00:59:42.497+0000] {dagbag.py:541} INFO - Filling up the DagBag from /home/airflow/.local/lib/python3.7/site-packages/airflow/example_dags/example_kubernetes_executor.py
[2026-03-03T00:59:42.592+0000] {processor.py:809} INFO - DAG(s) dict_keys(['example_kubernetes_executor']) retrieved from /home/airflow/.local/lib/python3.7/site-packages/airflow/example_dags/example_kubernetes_executor.py
[2026-03-03T00:59:42.613+0000] {logging_mixin.py:149} INFO - [2026-03-03T00:59:42.613+0000] {dag.py:2726} INFO - Sync 1 DAGs
[2026-03-03T00:59:42.628+0000] {logging_mixin.py:149} INFO - [2026-03-03T00:59:42.628+0000] {dag.py:3490} INFO - Setting next_dagrun for example_kubernetes_executor to None, run_after=None
[2026-03-03T00:59:42.666+0000] {processor.py:178} INFO - Processing /home/airflow/.local/lib/python3.7/site-packages/airflow/example_dags/example_kubernetes_executor.py took 0.172 seconds
[2026-03-03T01:00:15.535+0000] {processor.py:156} INFO - Started process (PID=574) to work on /home/airflow/.local/lib/python3.7/site-packages/airflow/example_dags/example_kubernetes_executor.py
[2026-03-03T01:00:15.537+0000] {processor.py:799} INFO - Processing file /home/airflow/.local/lib/python3.7/site-packages/airflow/example_dags/example_kubernetes_executor.py for tasks to queue
[2026-03-03T01:00:15.540+0000] {logging_mixin.py:149} INFO - [2026-03-03T01:00:15.539+0000] {dagbag.py:541} INFO - Filling up the DagBag from /home/airflow/.local/lib/python3.7/site-packages/airflow/example_dags/example_kubernetes_executor.py
[2026-03-03T01:00:16.015+0000] {processor.py:809} INFO - DAG(s) dict_keys(['example_kubernetes_executor']) retrieved from /home/airflow/.local/lib/python3.7/site-packages/airflow/example_dags/example_kubernetes_executor.py
[2026-03-03T01:00:16.123+0000] {logging_mixin.py:149} INFO - [2026-03-03T01:00:16.122+0000] {dag.py:2726} INFO - Sync 1 DAGs
[2026-03-03T01:00:16.192+0000] {logging_mixin.py:149} INFO - [2026-03-03T01:00:16.191+0000] {dag.py:3490} INFO - Setting next_dagrun for example_kubernetes_executor to None, run_after=None
[2026-03-03T01:00:16.254+0000] {processor.py:178} INFO - Processing /home/airflow/.local/lib/python3.7/site-packages/airflow/example_dags/example_kubernetes_executor.py took 0.728 seconds
[2026-03-03T01:00:46.684+0000] {processor.py:156} INFO - Started process (PID=636) to work on /home/airflow/.local/lib/python3.7/site-packages/airflow/example_dags/example_kubernetes_executor.py
[2026-03-03T01:00:46.686+0000] {processor.py:799} INFO - Processing file /home/airflow/.local/lib/python3.7/site-packages/airflow/example_dags/example_kubernetes_executor.py for tasks to queue
[2026-03-03T01:00:46.688+0000] {logging_mixin.py:149} INFO - [2026-03-03T01:00:46.688+0000] {dagbag.py:541} INFO - Filling up the DagBag from /home/airflow/.local/lib/python3.7/site-packages/airflow/example_dags/example_kubernetes_executor.py
[2026-03-03T01:00:47.105+0000] {processor.py:809} INFO - DAG(s) dict_keys(['example_kubernetes_executor']) retrieved from /home/airflow/.local/lib/python3.7/site-packages/airflow/example_dags/example_kubernetes_executor.py
[2026-03-03T01:00:47.200+0000] {logging_mixin.py:149} INFO - [2026-03-03T01:00:47.199+0000] {dag.py:2726} INFO - Sync 1 DAGs
[2026-03-03T01:00:47.265+0000] {logging_mixin.py:149} INFO - [2026-03-03T01:00:47.265+0000] {dag.py:3490} INFO - Setting next_dagrun for example_kubernetes_executor to None, run_after=None
[2026-03-03T01:00:47.321+0000] {processor.py:178} INFO - Processing /home/airflow/.local/lib/python3.7/site-packages/airflow/example_dags/example_kubernetes_executor.py took 0.643 seconds
[2026-03-03T01:01:18.340+0000] {processor.py:156} INFO - Started process (PID=698) to work on /home/airflow/.local/lib/python3.7/site-packages/airflow/example_dags/example_kubernetes_executor.py
[2026-03-03T01:01:18.342+0000] {processor.py:799} INFO - Processing file /home/airflow/.local/lib/python3.7/site-packages/airflow/example_dags/example_kubernetes_executor.py for tasks to queue
[2026-03-03T01:01:18.343+0000] {logging_mixin.py:149} INFO - [2026-03-03T01:01:18.343+0000] {dagbag.py:541} INFO - Filling up the DagBag from /home/airflow/.local/lib/python3.7/site-packages/airflow/example_dags/example_kubernetes_executor.py
[2026-03-03T01:01:18.464+0000] {processor.py:809} INFO - DAG(s) dict_keys(['example_kubernetes_executor']) retrieved from /home/airflow/.local/lib/python3.7/site-packages/airflow/example_dags/example_kubernetes_executor.py
[2026-03-03T01:01:18.487+0000] {logging_mixin.py:149} INFO - [2026-03-03T01:01:18.487+0000] {dag.py:2726} INFO - Sync 1 DAGs
[2026-03-03T01:01:18.502+0000] {logging_mixin.py:149} INFO - [2026-03-03T01:01:18.502+0000] {dag.py:3490} INFO - Setting next_dagrun for example_kubernetes_executor to None, run_after=None
[2026-03-03T01:01:18.523+0000] {processor.py:178} INFO - Processing /home/airflow/.local/lib/python3.7/site-packages/airflow/example_dags/example_kubernetes_executor.py took 0.187 seconds
[2026-03-03T01:01:49.125+0000] {processor.py:156} INFO - Started process (PID=760) to work on /home/airflow/.local/lib/python3.7/site-packages/airflow/example_dags/example_kubernetes_executor.py
[2026-03-03T01:01:49.127+0000] {processor.py:799} INFO - Processing file /home/airflow/.local/lib/python3.7/site-packages/airflow/example_dags/example_kubernetes_executor.py for tasks to queue
[2026-03-03T01:01:49.129+0000] {logging_mixin.py:149} INFO - [2026-03-03T01:01:49.128+0000] {dagbag.py:541} INFO - Filling up the DagBag from /home/airflow/.local/lib/python3.7/site-packages/airflow/example_dags/example_kubernetes_executor.py
[2026-03-03T01:01:49.242+0000] {processor.py:809} INFO - DAG(s) dict_keys(['example_kubernetes_executor']) retrieved from /home/airflow/.local/lib/python3.7/site-packages/airflow/example_dags/example_kubernetes_executor.py
[2026-03-03T01:01:49.271+0000] {logging_mixin.py:149} INFO - [2026-03-03T01:01:49.270+0000] {dag.py:2726} INFO - Sync 1 DAGs
[2026-03-03T01:01:49.295+0000] {logging_mixin.py:149} INFO - [2026-03-03T01:01:49.295+0000] {dag.py:3490} INFO - Setting next_dagrun for example_kubernetes_executor to None, run_after=None
[2026-03-03T01:01:49.328+0000] {processor.py:178} INFO - Processing /home/airflow/.local/lib/python3.7/site-packages/airflow/example_dags/example_kubernetes_executor.py took 0.206 seconds
[2026-03-03T01:02:19.899+0000] {processor.py:156} INFO - Started process (PID=822) to work on /home/airflow/.local/lib/python3.7/site-packages/airflow/example_dags/example_kubernetes_executor.py
[2026-03-03T01:02:19.901+0000] {processor.py:799} INFO - Processing file /home/airflow/.local/lib/python3.7/site-packages/airflow/example_dags/example_kubernetes_executor.py for tasks to queue
[2026-03-03T01:02:19.901+0000] {logging_mixin.py:149} INFO - [2026-03-03T01:02:19.901+0000] {dagbag.py:541} INFO - Filling up the DagBag from /home/airflow/.local/lib/python3.7/site-packages/airflow/example_dags/example_kubernetes_executor.py
[2026-03-03T01:02:20.022+0000] {processor.py:809} INFO - DAG(s) dict_keys(['example_kubernetes_executor']) retrieved from /home/airflow/.local/lib/python3.7/site-packages/airflow/example_dags/example_kubernetes_executor.py
[2026-03-03T01:02:20.045+0000] {logging_mixin.py:149} INFO - [2026-03-03T01:02:20.045+0000] {dag.py:2726} INFO - Sync 1 DAGs
[2026-03-03T01:02:20.068+0000] {logging_mixin.py:149} INFO - [2026-03-03T01:02:20.068+0000] {dag.py:3490} INFO - Setting next_dagrun for example_kubernetes_executor to None, run_after=None
[2026-03-03T01:02:20.110+0000] {processor.py:178} INFO - Processing /home/airflow/.local/lib/python3.7/site-packages/airflow/example_dags/example_kubernetes_executor.py took 0.215 seconds
[2026-03-03T01:02:50.645+0000] {processor.py:156} INFO - Started process (PID=884) to work on /home/airflow/.local/lib/python3.7/site-packages/airflow/example_dags/example_kubernetes_executor.py
[2026-03-03T01:02:50.646+0000] {processor.py:799} INFO - Processing file /home/airflow/.local/lib/python3.7/site-packages/airflow/example_dags/example_kubernetes_executor.py for tasks to queue
[2026-03-03T01:02:50.647+0000] {logging_mixin.py:149} INFO - [2026-03-03T01:02:50.647+0000] {dagbag.py:541} INFO - Filling up the DagBag from /home/airflow/.local/lib/python3.7/site-packages/airflow/example_dags/example_kubernetes_executor.py
[2026-03-03T01:02:50.759+0000] {processor.py:809} INFO - DAG(s) dict_keys(['example_kubernetes_executor']) retrieved from /home/airflow/.local/lib/python3.7/site-packages/airflow/example_dags/example_kubernetes_executor.py
[2026-03-03T01:02:50.795+0000] {logging_mixin.py:149} INFO - [2026-03-03T01:02:50.795+0000] {dag.py:2726} INFO - Sync 1 DAGs
[2026-03-03T01:02:50.816+0000] {logging_mixin.py:149} INFO - [2026-03-03T01:02:50.815+0000] {dag.py:3490} INFO - Setting next_dagrun for example_kubernetes_executor to None, run_after=None
[2026-03-03T01:02:50.843+0000] {processor.py:178} INFO - Processing /home/airflow/.local/lib/python3.7/site-packages/airflow/example_dags/example_kubernetes_executor.py took 0.202 seconds
[2026-03-03T01:03:21.420+0000] {processor.py:156} INFO - Started process (PID=946) to work on /home/airflow/.local/lib/python3.7/site-packages/airflow/example_dags/example_kubernetes_executor.py
[2026-03-03T01:03:21.422+0000] {processor.py:799} INFO - Processing file /home/airflow/.local/lib/python3.7/site-packages/airflow/example_dags/example_kubernetes_executor.py for tasks to queue
[2026-03-03T01:03:21.423+0000] {logging_mixin.py:149} INFO - [2026-03-03T01:03:21.423+0000] {dagbag.py:541} INFO - Filling up the DagBag from /home/airflow/.local/lib/python3.7/site-packages/airflow/example_dags/example_kubernetes_executor.py
[2026-03-03T01:03:21.532+0000] {processor.py:809} INFO - DAG(s) dict_keys(['example_kubernetes_executor']) retrieved from /home/airflow/.local/lib/python3.7/site-packages/airflow/example_dags/example_kubernetes_executor.py
[2026-03-03T01:03:21.559+0000] {logging_mixin.py:149} INFO - [2026-03-03T01:03:21.559+0000] {dag.py:2726} INFO - Sync 1 DAGs
[2026-03-03T01:03:21.587+0000] {logging_mixin.py:149} INFO - [2026-03-03T01:03:21.587+0000] {dag.py:3490} INFO - Setting next_dagrun for example_kubernetes_executor to None, run_after=None
[2026-03-03T01:03:21.609+0000] {processor.py:178} INFO - Processing /home/airflow/.local/lib/python3.7/site-packages/airflow/example_dags/example_kubernetes_executor.py took 0.194 seconds
[2026-03-03T01:03:52.289+0000] {processor.py:156} INFO - Started process (PID=1008) to work on /home/airflow/.local/lib/python3.7/site-packages/airflow/example_dags/example_kubernetes_executor.py
[2026-03-03T01:03:52.290+0000] {processor.py:799} INFO - Processing file /home/airflow/.local/lib/python3.7/site-packages/airflow/example_dags/example_kubernetes_executor.py for tasks to queue
[2026-03-03T01:03:52.291+0000] {logging_mixin.py:149} INFO - [2026-03-03T01:03:52.291+0000] {dagbag.py:541} INFO - Filling up the DagBag from /home/airflow/.local/lib/python3.7/site-packages/airflow/example_dags/example_kubernetes_executor.py
[2026-03-03T01:03:52.397+0000] {processor.py:809} INFO - DAG(s) dict_keys(['example_kubernetes_executor']) retrieved from /home/airflow/.local/lib/python3.7/site-packages/airflow/example_dags/example_kubernetes_executor.py
[2026-03-03T01:03:52.425+0000] {logging_mixin.py:149} INFO - [2026-03-03T01:03:52.424+0000] {dag.py:2726} INFO - Sync 1 DAGs
[2026-03-03T01:03:52.442+0000] {logging_mixin.py:149} INFO - [2026-03-03T01:03:52.442+0000] {dag.py:3490} INFO - Setting next_dagrun for example_kubernetes_executor to None, run_after=None
[2026-03-03T01:03:52.468+0000] {processor.py:178} INFO - Processing /home/airflow/.local/lib/python3.7/site-packages/airflow/example_dags/example_kubernetes_executor.py took 0.183 seconds
[2026-03-03T01:04:22.817+0000] {processor.py:156} INFO - Started process (PID=1070) to work on /home/airflow/.local/lib/python3.7/site-packages/airflow/example_dags/example_kubernetes_executor.py
[2026-03-03T01:04:22.818+0000] {processor.py:799} INFO - Processing file /home/airflow/.local/lib/python3.7/site-packages/airflow/example_dags/example_kubernetes_executor.py for tasks to queue
[2026-03-03T01:04:22.818+0000] {logging_mixin.py:149} INFO - [2026-03-03T01:04:22.818+0000] {dagbag.py:541} INFO - Filling up the DagBag from /home/airflow/.local/lib/python3.7/site-packages/airflow/example_dags/example_kubernetes_executor.py
[2026-03-03T01:04:22.902+0000] {processor.py:809} INFO - DAG(s) dict_keys(['example_kubernetes_executor']) retrieved from /home/airflow/.local/lib/python3.7/site-packages/airflow/example_dags/example_kubernetes_executor.py
[2026-03-03T01:04:22.922+0000] {logging_mixin.py:149} INFO - [2026-03-03T01:04:22.922+0000] {dag.py:2726} INFO - Sync 1 DAGs
[2026-03-03T01:04:22.940+0000] {logging_mixin.py:149} INFO - [2026-03-03T01:04:22.940+0000] {dag.py:3490} INFO - Setting next_dagrun for example_kubernetes_executor to None, run_after=None
[2026-03-03T01:04:22.976+0000] {processor.py:178} INFO - Processing /home/airflow/.local/lib/python3.7/site-packages/airflow/example_dags/example_kubernetes_executor.py took 0.160 seconds
[2026-03-03T01:04:53.493+0000] {processor.py:156} INFO - Started process (PID=1132) to work on /home/airflow/.local/lib/python3.7/site-packages/airflow/example_dags/example_kubernetes_executor.py
[2026-03-03T01:04:53.494+0000] {processor.py:799} INFO - Processing file /home/airflow/.local/lib/python3.7/site-packages/airflow/example_dags/example_kubernetes_executor.py for tasks to queue
[2026-03-03T01:04:53.495+0000] {logging_mixin.py:149} INFO - [2026-03-03T01:04:53.494+0000] {dagbag.py:541} INFO - Filling up the DagBag from /home/airflow/.local/lib/python3.7/site-packages/airflow/example_dags/example_kubernetes_executor.py
[2026-03-03T01:04:53.609+0000] {processor.py:809} INFO - DAG(s) dict_keys(['example_kubernetes_executor']) retrieved from /home/airflow/.local/lib/python3.7/site-packages/airflow/example_dags/example_kubernetes_executor.py
[2026-03-03T01:04:53.640+0000] {logging_mixin.py:149} INFO - [2026-03-03T01:04:53.640+0000] {dag.py:2726} INFO - Sync 1 DAGs
[2026-03-03T01:04:53.669+0000] {logging_mixin.py:149} INFO - [2026-03-03T01:04:53.669+0000] {dag.py:3490} INFO - Setting next_dagrun for example_kubernetes_executor to None, run_after=None
[2026-03-03T01:04:53.713+0000] {processor.py:178} INFO - Processing /home/airflow/.local/lib/python3.7/site-packages/airflow/example_dags/example_kubernetes_executor.py took 0.224 seconds
[2026-03-03T01:05:24.322+0000] {processor.py:156} INFO - Started process (PID=1194) to work on /home/airflow/.local/lib/python3.7/site-packages/airflow/example_dags/example_kubernetes_executor.py
[2026-03-03T01:05:24.323+0000] {processor.py:799} INFO - Processing file /home/airflow/.local/lib/python3.7/site-packages/airflow/example_dags/example_kubernetes_executor.py for tasks to queue
[2026-03-03T01:05:24.323+0000] {logging_mixin.py:149} INFO - [2026-03-03T01:05:24.323+0000] {dagbag.py:541} INFO - Filling up the DagBag from /home/airflow/.local/lib/python3.7/site-packages/airflow/example_dags/example_kubernetes_executor.py
[2026-03-03T01:05:24.433+0000] {processor.py:809} INFO - DAG(s) dict_keys(['example_kubernetes_executor']) retrieved from /home/airflow/.local/lib/python3.7/site-packages/airflow/example_dags/example_kubernetes_executor.py
[2026-03-03T01:05:24.459+0000] {logging_mixin.py:149} INFO - [2026-03-03T01:05:24.459+0000] {dag.py:2726} INFO - Sync 1 DAGs
[2026-03-03T01:05:24.493+0000] {logging_mixin.py:149} INFO - [2026-03-03T01:05:24.492+0000] {dag.py:3490} INFO - Setting next_dagrun for example_kubernetes_executor to None, run_after=None
[2026-03-03T01:05:24.536+0000] {processor.py:178} INFO - Processing /home/airflow/.local/lib/python3.7/site-packages/airflow/example_dags/example_kubernetes_executor.py took 0.218 seconds
[2026-03-03T01:05:54.946+0000] {processor.py:156} INFO - Started process (PID=1256) to work on /home/airflow/.local/lib/python3.7/site-packages/airflow/example_dags/example_kubernetes_executor.py
[2026-03-03T01:05:54.947+0000] {processor.py:799} INFO - Processing file /home/airflow/.local/lib/python3.7/site-packages/airflow/example_dags/example_kubernetes_executor.py for tasks to queue
[2026-03-03T01:05:54.949+0000] {logging_mixin.py:149} INFO - [2026-03-03T01:05:54.949+0000] {dagbag.py:541} INFO - Filling up the DagBag from /home/airflow/.local/lib/python3.7/site-packages/airflow/example_dags/example_kubernetes_executor.py
[2026-03-03T01:05:55.033+0000] {processor.py:809} INFO - DAG(s) dict_keys(['example_kubernetes_executor']) retrieved from /home/airflow/.local/lib/python3.7/site-packages/airflow/example_dags/example_kubernetes_executor.py
[2026-03-03T01:05:55.062+0000] {logging_mixin.py:149} INFO - [2026-03-03T01:05:55.062+0000] {dag.py:2726} INFO - Sync 1 DAGs
[2026-03-03T01:05:55.072+0000] {logging_mixin.py:149} INFO - [2026-03-03T01:05:55.072+0000] {dag.py:3490} INFO - Setting next_dagrun for example_kubernetes_executor to None, run_after=None
[2026-03-03T01:05:55.109+0000] {processor.py:178} INFO - Processing /home/airflow/.local/lib/python3.7/site-packages/airflow/example_dags/example_kubernetes_executor.py took 0.167 seconds
[2026-03-03T01:06:25.423+0000] {processor.py:156} INFO - Started process (PID=1318) to work on /home/airflow/.local/lib/python3.7/site-packages/airflow/example_dags/example_kubernetes_executor.py
[2026-03-03T01:06:25.424+0000] {processor.py:799} INFO - Processing file /home/airflow/.local/lib/python3.7/site-packages/airflow/example_dags/example_kubernetes_executor.py for tasks to queue
[2026-03-03T01:06:25.425+0000] {logging_mixin.py:149} INFO - [2026-03-03T01:06:25.424+0000] {dagbag.py:541} INFO - Filling up the DagBag from /home/airflow/.local/lib/python3.7/site-packages/airflow/example_dags/example_kubernetes_executor.py
[2026-03-03T01:06:25.517+0000] {processor.py:809} INFO - DAG(s) dict_keys(['example_kubernetes_executor']) retrieved from /home/airflow/.local/lib/python3.7/site-packages/airflow/example_dags/example_kubernetes_executor.py
[2026-03-03T01:06:25.543+0000] {logging_mixin.py:149} INFO - [2026-03-03T01:06:25.543+0000] {dag.py:2726} INFO - Sync 1 DAGs
[2026-03-03T01:06:25.563+0000] {logging_mixin.py:149} INFO - [2026-03-03T01:06:25.563+0000] {dag.py:3490} INFO - Setting next_dagrun for example_kubernetes_executor to None, run_after=None
[2026-03-03T01:06:25.616+0000] {processor.py:178} INFO - Processing /home/airflow/.local/lib/python3.7/site-packages/airflow/example_dags/example_kubernetes_executor.py took 0.195 seconds
[2026-03-03T01:07:10.304+0000] {processor.py:156} INFO - Started process (PID=70) to work on /home/airflow/.local/lib/python3.7/site-packages/airflow/example_dags/example_kubernetes_executor.py
[2026-03-03T01:07:10.305+0000] {processor.py:799} INFO - Processing file /home/airflow/.local/lib/python3.7/site-packages/airflow/example_dags/example_kubernetes_executor.py for tasks to queue
[2026-03-03T01:07:10.306+0000] {logging_mixin.py:149} INFO - [2026-03-03T01:07:10.306+0000] {dagbag.py:541} INFO - Filling up the DagBag from /home/airflow/.local/lib/python3.7/site-packages/airflow/example_dags/example_kubernetes_executor.py
[2026-03-03T01:07:10.533+0000] {processor.py:809} INFO - DAG(s) dict_keys(['example_kubernetes_executor']) retrieved from /home/airflow/.local/lib/python3.7/site-packages/airflow/example_dags/example_kubernetes_executor.py
[2026-03-03T01:07:10.542+0000] {logging_mixin.py:149} INFO - [2026-03-03T01:07:10.542+0000] {dag.py:2726} INFO - Sync 1 DAGs
[2026-03-03T01:07:10.552+0000] {logging_mixin.py:149} INFO - [2026-03-03T01:07:10.552+0000] {dag.py:3490} INFO - Setting next_dagrun for example_kubernetes_executor to None, run_after=None
[2026-03-03T01:07:10.563+0000] {processor.py:178} INFO - Processing /home/airflow/.local/lib/python3.7/site-packages/airflow/example_dags/example_kubernetes_executor.py took 0.262 seconds
[2026-03-03T01:07:41.543+0000] {processor.py:156} INFO - Started process (PID=139) to work on /home/airflow/.local/lib/python3.7/site-packages/airflow/example_dags/example_kubernetes_executor.py
[2026-03-03T01:07:41.543+0000] {processor.py:799} INFO - Processing file /home/airflow/.local/lib/python3.7/site-packages/airflow/example_dags/example_kubernetes_executor.py for tasks to queue
[2026-03-03T01:07:41.543+0000] {logging_mixin.py:149} INFO - [2026-03-03T01:07:41.543+0000] {dagbag.py:541} INFO - Filling up the DagBag from /home/airflow/.local/lib/python3.7/site-packages/airflow/example_dags/example_kubernetes_executor.py
[2026-03-03T01:07:41.733+0000] {processor.py:809} INFO - DAG(s) dict_keys(['example_kubernetes_executor']) retrieved from /home/airflow/.local/lib/python3.7/site-packages/airflow/example_dags/example_kubernetes_executor.py
[2026-03-03T01:07:41.793+0000] {logging_mixin.py:149} INFO - [2026-03-03T01:07:41.793+0000] {dag.py:2726} INFO - Sync 1 DAGs
[2026-03-03T01:07:41.809+0000] {logging_mixin.py:149} INFO - [2026-03-03T01:07:41.809+0000] {dag.py:3490} INFO - Setting next_dagrun for example_kubernetes_executor to None, run_after=None
[2026-03-03T01:07:41.823+0000] {processor.py:178} INFO - Processing /home/airflow/.local/lib/python3.7/site-packages/airflow/example_dags/example_kubernetes_executor.py took 0.282 seconds
[2026-03-03T01:08:21.838+0000] {processor.py:156} INFO - Started process (PID=201) to work on /home/airflow/.local/lib/python3.7/site-packages/airflow/example_dags/example_kubernetes_executor.py
[2026-03-03T01:08:21.840+0000] {processor.py:799} INFO - Processing file /home/airflow/.local/lib/python3.7/site-packages/airflow/example_dags/example_kubernetes_executor.py for tasks to queue
[2026-03-03T01:08:21.842+0000] {logging_mixin.py:149} INFO - [2026-03-03T01:08:21.842+0000] {dagbag.py:541} INFO - Filling up the DagBag from /home/airflow/.local/lib/python3.7/site-packages/airflow/example_dags/example_kubernetes_executor.py
[2026-03-03T01:08:22.619+0000] {processor.py:809} INFO - DAG(s) dict_keys(['example_kubernetes_executor']) retrieved from /home/airflow/.local/lib/python3.7/site-packages/airflow/example_dags/example_kubernetes_executor.py
[2026-03-03T01:08:22.757+0000] {logging_mixin.py:149} INFO - [2026-03-03T01:08:22.756+0000] {dag.py:2726} INFO - Sync 1 DAGs
[2026-03-03T01:08:22.821+0000] {logging_mixin.py:149} INFO - [2026-03-03T01:08:22.820+0000] {dag.py:3490} INFO - Setting next_dagrun for example_kubernetes_executor to None, run_after=None
[2026-03-03T01:08:22.875+0000] {processor.py:178} INFO - Processing /home/airflow/.local/lib/python3.7/site-packages/airflow/example_dags/example_kubernetes_executor.py took 1.045 seconds
[2026-03-03T01:08:53.811+0000] {processor.py:156} INFO - Started process (PID=266) to work on /home/airflow/.local/lib/python3.7/site-packages/airflow/example_dags/example_kubernetes_executor.py
[2026-03-03T01:08:53.812+0000] {processor.py:799} INFO - Processing file /home/airflow/.local/lib/python3.7/site-packages/airflow/example_dags/example_kubernetes_executor.py for tasks to queue
[2026-03-03T01:08:53.813+0000] {logging_mixin.py:149} INFO - [2026-03-03T01:08:53.813+0000] {dagbag.py:541} INFO - Filling up the DagBag from /home/airflow/.local/lib/python3.7/site-packages/airflow/example_dags/example_kubernetes_executor.py
[2026-03-03T01:08:53.967+0000] {processor.py:809} INFO - DAG(s) dict_keys(['example_kubernetes_executor']) retrieved from /home/airflow/.local/lib/python3.7/site-packages/airflow/example_dags/example_kubernetes_executor.py
[2026-03-03T01:08:53.995+0000] {logging_mixin.py:149} INFO - [2026-03-03T01:08:53.994+0000] {dag.py:2726} INFO - Sync 1 DAGs
[2026-03-03T01:08:54.012+0000] {logging_mixin.py:149} INFO - [2026-03-03T01:08:54.012+0000] {dag.py:3490} INFO - Setting next_dagrun for example_kubernetes_executor to None, run_after=None
[2026-03-03T01:08:54.021+0000] {processor.py:178} INFO - Processing /home/airflow/.local/lib/python3.7/site-packages/airflow/example_dags/example_kubernetes_executor.py took 0.214 seconds
[2026-03-03T01:09:24.835+0000] {processor.py:156} INFO - Started process (PID=328) to work on /home/airflow/.local/lib/python3.7/site-packages/airflow/example_dags/example_kubernetes_executor.py
[2026-03-03T01:09:24.836+0000] {processor.py:799} INFO - Processing file /home/airflow/.local/lib/python3.7/site-packages/airflow/example_dags/example_kubernetes_executor.py for tasks to queue
[2026-03-03T01:09:24.839+0000] {logging_mixin.py:149} INFO - [2026-03-03T01:09:24.839+0000] {dagbag.py:541} INFO - Filling up the DagBag from /home/airflow/.local/lib/python3.7/site-packages/airflow/example_dags/example_kubernetes_executor.py
[2026-03-03T01:09:24.965+0000] {processor.py:809} INFO - DAG(s) dict_keys(['example_kubernetes_executor']) retrieved from /home/airflow/.local/lib/python3.7/site-packages/airflow/example_dags/example_kubernetes_executor.py
[2026-03-03T01:09:24.988+0000] {logging_mixin.py:149} INFO - [2026-03-03T01:09:24.988+0000] {dag.py:2726} INFO - Sync 1 DAGs
[2026-03-03T01:09:24.999+0000] {logging_mixin.py:149} INFO - [2026-03-03T01:09:24.999+0000] {dag.py:3490} INFO - Setting next_dagrun for example_kubernetes_executor to None, run_after=None
[2026-03-03T01:09:25.009+0000] {processor.py:178} INFO - Processing /home/airflow/.local/lib/python3.7/site-packages/airflow/example_dags/example_kubernetes_executor.py took 0.180 seconds
[2026-03-03T01:09:55.307+0000] {processor.py:156} INFO - Started process (PID=390) to work on /home/airflow/.local/lib/python3.7/site-packages/airflow/example_dags/example_kubernetes_executor.py
[2026-03-03T01:09:55.308+0000] {processor.py:799} INFO - Processing file /home/airflow/.local/lib/python3.7/site-packages/airflow/example_dags/example_kubernetes_executor.py for tasks to queue
[2026-03-03T01:09:55.309+0000] {logging_mixin.py:149} INFO - [2026-03-03T01:09:55.309+0000] {dagbag.py:541} INFO - Filling up the DagBag from /home/airflow/.local/lib/python3.7/site-packages/airflow/example_dags/example_kubernetes_executor.py
[2026-03-03T01:09:55.461+0000] {processor.py:809} INFO - DAG(s) dict_keys(['example_kubernetes_executor']) retrieved from /home/airflow/.local/lib/python3.7/site-packages/airflow/example_dags/example_kubernetes_executor.py
[2026-03-03T01:09:55.483+0000] {logging_mixin.py:149} INFO - [2026-03-03T01:09:55.483+0000] {dag.py:2726} INFO - Sync 1 DAGs
[2026-03-03T01:09:55.499+0000] {logging_mixin.py:149} INFO - [2026-03-03T01:09:55.499+0000] {dag.py:3490} INFO - Setting next_dagrun for example_kubernetes_executor to None, run_after=None
[2026-03-03T01:09:55.511+0000] {processor.py:178} INFO - Processing /home/airflow/.local/lib/python3.7/site-packages/airflow/example_dags/example_kubernetes_executor.py took 0.206 seconds
[2026-03-03T01:10:26.260+0000] {processor.py:156} INFO - Started process (PID=452) to work on /home/airflow/.local/lib/python3.7/site-packages/airflow/example_dags/example_kubernetes_executor.py
[2026-03-03T01:10:26.261+0000] {processor.py:799} INFO - Processing file /home/airflow/.local/lib/python3.7/site-packages/airflow/example_dags/example_kubernetes_executor.py for tasks to queue
[2026-03-03T01:10:26.262+0000] {logging_mixin.py:149} INFO - [2026-03-03T01:10:26.262+0000] {dagbag.py:541} INFO - Filling up the DagBag from /home/airflow/.local/lib/python3.7/site-packages/airflow/example_dags/example_kubernetes_executor.py
[2026-03-03T01:10:26.408+0000] {processor.py:809} INFO - DAG(s) dict_keys(['example_kubernetes_executor']) retrieved from /home/airflow/.local/lib/python3.7/site-packages/airflow/example_dags/example_kubernetes_executor.py
[2026-03-03T01:10:26.430+0000] {logging_mixin.py:149} INFO - [2026-03-03T01:10:26.430+0000] {dag.py:2726} INFO - Sync 1 DAGs
[2026-03-03T01:10:26.441+0000] {logging_mixin.py:149} INFO - [2026-03-03T01:10:26.441+0000] {dag.py:3490} INFO - Setting next_dagrun for example_kubernetes_executor to None, run_after=None
[2026-03-03T01:10:26.450+0000] {processor.py:178} INFO - Processing /home/airflow/.local/lib/python3.7/site-packages/airflow/example_dags/example_kubernetes_executor.py took 0.194 seconds
[2026-03-03T01:10:56.665+0000] {processor.py:156} INFO - Started process (PID=514) to work on /home/airflow/.local/lib/python3.7/site-packages/airflow/example_dags/example_kubernetes_executor.py
[2026-03-03T01:10:56.667+0000] {processor.py:799} INFO - Processing file /home/airflow/.local/lib/python3.7/site-packages/airflow/example_dags/example_kubernetes_executor.py for tasks to queue
[2026-03-03T01:10:56.668+0000] {logging_mixin.py:149} INFO - [2026-03-03T01:10:56.667+0000] {dagbag.py:541} INFO - Filling up the DagBag from /home/airflow/.local/lib/python3.7/site-packages/airflow/example_dags/example_kubernetes_executor.py
[2026-03-03T01:10:56.798+0000] {processor.py:809} INFO - DAG(s) dict_keys(['example_kubernetes_executor']) retrieved from /home/airflow/.local/lib/python3.7/site-packages/airflow/example_dags/example_kubernetes_executor.py
[2026-03-03T01:10:56.819+0000] {logging_mixin.py:149} INFO - [2026-03-03T01:10:56.819+0000] {dag.py:2726} INFO - Sync 1 DAGs
[2026-03-03T01:10:56.833+0000] {logging_mixin.py:149} INFO - [2026-03-03T01:10:56.833+0000] {dag.py:3490} INFO - Setting next_dagrun for example_kubernetes_executor to None, run_after=None
[2026-03-03T01:10:56.842+0000] {processor.py:178} INFO - Processing /home/airflow/.local/lib/python3.7/site-packages/airflow/example_dags/example_kubernetes_executor.py took 0.181 seconds
[2026-03-03T01:11:27.630+0000] {processor.py:156} INFO - Started process (PID=576) to work on /home/airflow/.local/lib/python3.7/site-packages/airflow/example_dags/example_kubernetes_executor.py
[2026-03-03T01:11:27.632+0000] {processor.py:799} INFO - Processing file /home/airflow/.local/lib/python3.7/site-packages/airflow/example_dags/example_kubernetes_executor.py for tasks to queue
[2026-03-03T01:11:27.633+0000] {logging_mixin.py:149} INFO - [2026-03-03T01:11:27.633+0000] {dagbag.py:541} INFO - Filling up the DagBag from /home/airflow/.local/lib/python3.7/site-packages/airflow/example_dags/example_kubernetes_executor.py
[2026-03-03T01:11:27.795+0000] {processor.py:809} INFO - DAG(s) dict_keys(['example_kubernetes_executor']) retrieved from /home/airflow/.local/lib/python3.7/site-packages/airflow/example_dags/example_kubernetes_executor.py
[2026-03-03T01:11:27.815+0000] {logging_mixin.py:149} INFO - [2026-03-03T01:11:27.815+0000] {dag.py:2726} INFO - Sync 1 DAGs
[2026-03-03T01:11:27.828+0000] {logging_mixin.py:149} INFO - [2026-03-03T01:11:27.828+0000] {dag.py:3490} INFO - Setting next_dagrun for example_kubernetes_executor to None, run_after=None
[2026-03-03T01:11:27.839+0000] {processor.py:178} INFO - Processing /home/airflow/.local/lib/python3.7/site-packages/airflow/example_dags/example_kubernetes_executor.py took 0.212 seconds
[2026-03-03T01:11:58.539+0000] {processor.py:156} INFO - Started process (PID=638) to work on /home/airflow/.local/lib/python3.7/site-packages/airflow/example_dags/example_kubernetes_executor.py
[2026-03-03T01:11:58.541+0000] {processor.py:799} INFO - Processing file /home/airflow/.local/lib/python3.7/site-packages/airflow/example_dags/example_kubernetes_executor.py for tasks to queue
[2026-03-03T01:11:58.544+0000] {logging_mixin.py:149} INFO - [2026-03-03T01:11:58.544+0000] {dagbag.py:541} INFO - Filling up the DagBag from /home/airflow/.local/lib/python3.7/site-packages/airflow/example_dags/example_kubernetes_executor.py
[2026-03-03T01:11:59.035+0000] {processor.py:809} INFO - DAG(s) dict_keys(['example_kubernetes_executor']) retrieved from /home/airflow/.local/lib/python3.7/site-packages/airflow/example_dags/example_kubernetes_executor.py
[2026-03-03T01:11:59.119+0000] {logging_mixin.py:149} INFO - [2026-03-03T01:11:59.119+0000] {dag.py:2726} INFO - Sync 1 DAGs
[2026-03-03T01:11:59.180+0000] {logging_mixin.py:149} INFO - [2026-03-03T01:11:59.179+0000] {dag.py:3490} INFO - Setting next_dagrun for example_kubernetes_executor to None, run_after=None
[2026-03-03T01:11:59.225+0000] {processor.py:178} INFO - Processing /home/airflow/.local/lib/python3.7/site-packages/airflow/example_dags/example_kubernetes_executor.py took 0.697 seconds
[2026-03-03T01:12:29.271+0000] {processor.py:156} INFO - Started process (PID=700) to work on /home/airflow/.local/lib/python3.7/site-packages/airflow/example_dags/example_kubernetes_executor.py
[2026-03-03T01:12:29.274+0000] {processor.py:799} INFO - Processing file /home/airflow/.local/lib/python3.7/site-packages/airflow/example_dags/example_kubernetes_executor.py for tasks to queue
[2026-03-03T01:12:29.276+0000] {logging_mixin.py:149} INFO - [2026-03-03T01:12:29.275+0000] {dagbag.py:541} INFO - Filling up the DagBag from /home/airflow/.local/lib/python3.7/site-packages/airflow/example_dags/example_kubernetes_executor.py
[2026-03-03T01:12:29.640+0000] {processor.py:809} INFO - DAG(s) dict_keys(['example_kubernetes_executor']) retrieved from /home/airflow/.local/lib/python3.7/site-packages/airflow/example_dags/example_kubernetes_executor.py
[2026-03-03T01:12:29.718+0000] {logging_mixin.py:149} INFO - [2026-03-03T01:12:29.718+0000] {dag.py:2726} INFO - Sync 1 DAGs
[2026-03-03T01:12:29.770+0000] {logging_mixin.py:149} INFO - [2026-03-03T01:12:29.770+0000] {dag.py:3490} INFO - Setting next_dagrun for example_kubernetes_executor to None, run_after=None
[2026-03-03T01:12:29.813+0000] {processor.py:178} INFO - Processing /home/airflow/.local/lib/python3.7/site-packages/airflow/example_dags/example_kubernetes_executor.py took 0.546 seconds
[2026-03-03T01:13:00.580+0000] {processor.py:156} INFO - Started process (PID=762) to work on /home/airflow/.local/lib/python3.7/site-packages/airflow/example_dags/example_kubernetes_executor.py
[2026-03-03T01:13:00.581+0000] {processor.py:799} INFO - Processing file /home/airflow/.local/lib/python3.7/site-packages/airflow/example_dags/example_kubernetes_executor.py for tasks to queue
[2026-03-03T01:13:00.582+0000] {logging_mixin.py:149} INFO - [2026-03-03T01:13:00.582+0000] {dagbag.py:541} INFO - Filling up the DagBag from /home/airflow/.local/lib/python3.7/site-packages/airflow/example_dags/example_kubernetes_executor.py
[2026-03-03T01:13:00.667+0000] {processor.py:809} INFO - DAG(s) dict_keys(['example_kubernetes_executor']) retrieved from /home/airflow/.local/lib/python3.7/site-packages/airflow/example_dags/example_kubernetes_executor.py
[2026-03-03T01:13:00.685+0000] {logging_mixin.py:149} INFO - [2026-03-03T01:13:00.685+0000] {dag.py:2726} INFO - Sync 1 DAGs
[2026-03-03T01:13:00.695+0000] {logging_mixin.py:149} INFO - [2026-03-03T01:13:00.695+0000] {dag.py:3490} INFO - Setting next_dagrun for example_kubernetes_executor to None, run_after=None
[2026-03-03T01:13:00.703+0000] {processor.py:178} INFO - Processing /home/airflow/.local/lib/python3.7/site-packages/airflow/example_dags/example_kubernetes_executor.py took 0.125 seconds
[2026-03-03T01:13:31.090+0000] {processor.py:156} INFO - Started process (PID=824) to work on /home/airflow/.local/lib/python3.7/site-packages/airflow/example_dags/example_kubernetes_executor.py
[2026-03-03T01:13:31.090+0000] {processor.py:799} INFO - Processing file /home/airflow/.local/lib/python3.7/site-packages/airflow/example_dags/example_kubernetes_executor.py for tasks to queue
[2026-03-03T01:13:31.091+0000] {logging_mixin.py:149} INFO - [2026-03-03T01:13:31.091+0000] {dagbag.py:541} INFO - Filling up the DagBag from /home/airflow/.local/lib/python3.7/site-packages/airflow/example_dags/example_kubernetes_executor.py
[2026-03-03T01:13:31.206+0000] {processor.py:809} INFO - DAG(s) dict_keys(['example_kubernetes_executor']) retrieved from /home/airflow/.local/lib/python3.7/site-packages/airflow/example_dags/example_kubernetes_executor.py
[2026-03-03T01:13:31.228+0000] {logging_mixin.py:149} INFO - [2026-03-03T01:13:31.228+0000] {dag.py:2726} INFO - Sync 1 DAGs
[2026-03-03T01:13:31.239+0000] {logging_mixin.py:149} INFO - [2026-03-03T01:13:31.239+0000] {dag.py:3490} INFO - Setting next_dagrun for example_kubernetes_executor to None, run_after=None
[2026-03-03T01:13:31.247+0000] {processor.py:178} INFO - Processing /home/airflow/.local/lib/python3.7/site-packages/airflow/example_dags/example_kubernetes_executor.py took 0.159 seconds
[2026-03-03T01:14:01.853+0000] {processor.py:156} INFO - Started process (PID=886) to work on /home/airflow/.local/lib/python3.7/site-packages/airflow/example_dags/example_kubernetes_executor.py
[2026-03-03T01:14:01.856+0000] {processor.py:799} INFO - Processing file /home/airflow/.local/lib/python3.7/site-packages/airflow/example_dags/example_kubernetes_executor.py for tasks to queue
[2026-03-03T01:14:01.858+0000] {logging_mixin.py:149} INFO - [2026-03-03T01:14:01.858+0000] {dagbag.py:541} INFO - Filling up the DagBag from /home/airflow/.local/lib/python3.7/site-packages/airflow/example_dags/example_kubernetes_executor.py
[2026-03-03T01:14:02.006+0000] {processor.py:809} INFO - DAG(s) dict_keys(['example_kubernetes_executor']) retrieved from /home/airflow/.local/lib/python3.7/site-packages/airflow/example_dags/example_kubernetes_executor.py
[2026-03-03T01:14:02.027+0000] {logging_mixin.py:149} INFO - [2026-03-03T01:14:02.027+0000] {dag.py:2726} INFO - Sync 1 DAGs
[2026-03-03T01:14:02.040+0000] {logging_mixin.py:149} INFO - [2026-03-03T01:14:02.040+0000] {dag.py:3490} INFO - Setting next_dagrun for example_kubernetes_executor to None, run_after=None
[2026-03-03T01:14:02.047+0000] {processor.py:178} INFO - Processing /home/airflow/.local/lib/python3.7/site-packages/airflow/example_dags/example_kubernetes_executor.py took 0.201 seconds
[2026-03-03T01:14:32.557+0000] {processor.py:156} INFO - Started process (PID=948) to work on /home/airflow/.local/lib/python3.7/site-packages/airflow/example_dags/example_kubernetes_executor.py
[2026-03-03T01:14:32.558+0000] {processor.py:799} INFO - Processing file /home/airflow/.local/lib/python3.7/site-packages/airflow/example_dags/example_kubernetes_executor.py for tasks to queue
[2026-03-03T01:14:32.558+0000] {logging_mixin.py:149} INFO - [2026-03-03T01:14:32.558+0000] {dagbag.py:541} INFO - Filling up the DagBag from /home/airflow/.local/lib/python3.7/site-packages/airflow/example_dags/example_kubernetes_executor.py
[2026-03-03T01:14:32.696+0000] {processor.py:809} INFO - DAG(s) dict_keys(['example_kubernetes_executor']) retrieved from /home/airflow/.local/lib/python3.7/site-packages/airflow/example_dags/example_kubernetes_executor.py
[2026-03-03T01:14:32.717+0000] {logging_mixin.py:149} INFO - [2026-03-03T01:14:32.717+0000] {dag.py:2726} INFO - Sync 1 DAGs
[2026-03-03T01:14:32.729+0000] {logging_mixin.py:149} INFO - [2026-03-03T01:14:32.729+0000] {dag.py:3490} INFO - Setting next_dagrun for example_kubernetes_executor to None, run_after=None
[2026-03-03T01:14:32.739+0000] {processor.py:178} INFO - Processing /home/airflow/.local/lib/python3.7/site-packages/airflow/example_dags/example_kubernetes_executor.py took 0.186 seconds
[2026-03-03T01:15:03.145+0000] {processor.py:156} INFO - Started process (PID=1010) to work on /home/airflow/.local/lib/python3.7/site-packages/airflow/example_dags/example_kubernetes_executor.py
[2026-03-03T01:15:03.145+0000] {processor.py:799} INFO - Processing file /home/airflow/.local/lib/python3.7/site-packages/airflow/example_dags/example_kubernetes_executor.py for tasks to queue
[2026-03-03T01:15:03.146+0000] {logging_mixin.py:149} INFO - [2026-03-03T01:15:03.145+0000] {dagbag.py:541} INFO - Filling up the DagBag from /home/airflow/.local/lib/python3.7/site-packages/airflow/example_dags/example_kubernetes_executor.py
[2026-03-03T01:15:03.257+0000] {processor.py:809} INFO - DAG(s) dict_keys(['example_kubernetes_executor']) retrieved from /home/airflow/.local/lib/python3.7/site-packages/airflow/example_dags/example_kubernetes_executor.py
[2026-03-03T01:15:03.277+0000] {logging_mixin.py:149} INFO - [2026-03-03T01:15:03.277+0000] {dag.py:2726} INFO - Sync 1 DAGs
[2026-03-03T01:15:03.291+0000] {logging_mixin.py:149} INFO - [2026-03-03T01:15:03.291+0000] {dag.py:3490} INFO - Setting next_dagrun for example_kubernetes_executor to None, run_after=None
[2026-03-03T01:15:03.301+0000] {processor.py:178} INFO - Processing /home/airflow/.local/lib/python3.7/site-packages/airflow/example_dags/example_kubernetes_executor.py took 0.158 seconds
[2026-03-03T01:15:33.976+0000] {processor.py:156} INFO - Started process (PID=1072) to work on /home/airflow/.local/lib/python3.7/site-packages/airflow/example_dags/example_kubernetes_executor.py
[2026-03-03T01:15:33.977+0000] {processor.py:799} INFO - Processing file /home/airflow/.local/lib/python3.7/site-packages/airflow/example_dags/example_kubernetes_executor.py for tasks to queue
[2026-03-03T01:15:33.978+0000] {logging_mixin.py:149} INFO - [2026-03-03T01:15:33.978+0000] {dagbag.py:541} INFO - Filling up the DagBag from /home/airflow/.local/lib/python3.7/site-packages/airflow/example_dags/example_kubernetes_executor.py
[2026-03-03T01:15:34.120+0000] {processor.py:809} INFO - DAG(s) dict_keys(['example_kubernetes_executor']) retrieved from /home/airflow/.local/lib/python3.7/site-packages/airflow/example_dags/example_kubernetes_executor.py
[2026-03-03T01:15:34.142+0000] {logging_mixin.py:149} INFO - [2026-03-03T01:15:34.142+0000] {dag.py:2726} INFO - Sync 1 DAGs
[2026-03-03T01:15:34.155+0000] {logging_mixin.py:149} INFO - [2026-03-03T01:15:34.155+0000] {dag.py:3490} INFO - Setting next_dagrun for example_kubernetes_executor to None, run_after=None
[2026-03-03T01:15:34.164+0000] {processor.py:178} INFO - Processing /home/airflow/.local/lib/python3.7/site-packages/airflow/example_dags/example_kubernetes_executor.py took 0.192 seconds
[2026-03-03T01:16:04.784+0000] {processor.py:156} INFO - Started process (PID=1133) to work on /home/airflow/.local/lib/python3.7/site-packages/airflow/example_dags/example_kubernetes_executor.py
[2026-03-03T01:16:04.785+0000] {processor.py:799} INFO - Processing file /home/airflow/.local/lib/python3.7/site-packages/airflow/example_dags/example_kubernetes_executor.py for tasks to queue
[2026-03-03T01:16:04.785+0000] {logging_mixin.py:149} INFO - [2026-03-03T01:16:04.785+0000] {dagbag.py:541} INFO - Filling up the DagBag from /home/airflow/.local/lib/python3.7/site-packages/airflow/example_dags/example_kubernetes_executor.py
[2026-03-03T01:16:04.892+0000] {processor.py:809} INFO - DAG(s) dict_keys(['example_kubernetes_executor']) retrieved from /home/airflow/.local/lib/python3.7/site-packages/airflow/example_dags/example_kubernetes_executor.py
[2026-03-03T01:16:04.911+0000] {logging_mixin.py:149} INFO - [2026-03-03T01:16:04.911+0000] {dag.py:2726} INFO - Sync 1 DAGs
[2026-03-03T01:16:04.922+0000] {logging_mixin.py:149} INFO - [2026-03-03T01:16:04.922+0000] {dag.py:3490} INFO - Setting next_dagrun for example_kubernetes_executor to None, run_after=None
[2026-03-03T01:16:04.932+0000] {processor.py:178} INFO - Processing /home/airflow/.local/lib/python3.7/site-packages/airflow/example_dags/example_kubernetes_executor.py took 0.149 seconds
[2026-03-03T01:16:35.313+0000] {processor.py:156} INFO - Started process (PID=1195) to work on /home/airflow/.local/lib/python3.7/site-packages/airflow/example_dags/example_kubernetes_executor.py
[2026-03-03T01:16:35.316+0000] {processor.py:799} INFO - Processing file /home/airflow/.local/lib/python3.7/site-packages/airflow/example_dags/example_kubernetes_executor.py for tasks to queue
[2026-03-03T01:16:35.319+0000] {logging_mixin.py:149} INFO - [2026-03-03T01:16:35.319+0000] {dagbag.py:541} INFO - Filling up the DagBag from /home/airflow/.local/lib/python3.7/site-packages/airflow/example_dags/example_kubernetes_executor.py
[2026-03-03T01:16:35.696+0000] {processor.py:809} INFO - DAG(s) dict_keys(['example_kubernetes_executor']) retrieved from /home/airflow/.local/lib/python3.7/site-packages/airflow/example_dags/example_kubernetes_executor.py
[2026-03-03T01:16:35.726+0000] {logging_mixin.py:149} INFO - [2026-03-03T01:16:35.726+0000] {dag.py:2726} INFO - Sync 1 DAGs
[2026-03-03T01:16:35.745+0000] {logging_mixin.py:149} INFO - [2026-03-03T01:16:35.744+0000] {dag.py:3490} INFO - Setting next_dagrun for example_kubernetes_executor to None, run_after=None
[2026-03-03T01:16:35.761+0000] {processor.py:178} INFO - Processing /home/airflow/.local/lib/python3.7/site-packages/airflow/example_dags/example_kubernetes_executor.py took 0.455 seconds
[2026-03-03T01:17:06.284+0000] {processor.py:156} INFO - Started process (PID=1257) to work on /home/airflow/.local/lib/python3.7/site-packages/airflow/example_dags/example_kubernetes_executor.py
[2026-03-03T01:17:06.286+0000] {processor.py:799} INFO - Processing file /home/airflow/.local/lib/python3.7/site-packages/airflow/example_dags/example_kubernetes_executor.py for tasks to queue
[2026-03-03T01:17:06.287+0000] {logging_mixin.py:149} INFO - [2026-03-03T01:17:06.287+0000] {dagbag.py:541} INFO - Filling up the DagBag from /home/airflow/.local/lib/python3.7/site-packages/airflow/example_dags/example_kubernetes_executor.py
[2026-03-03T01:17:06.684+0000] {processor.py:809} INFO - DAG(s) dict_keys(['example_kubernetes_executor']) retrieved from /home/airflow/.local/lib/python3.7/site-packages/airflow/example_dags/example_kubernetes_executor.py
[2026-03-03T01:17:06.752+0000] {logging_mixin.py:149} INFO - [2026-03-03T01:17:06.751+0000] {dag.py:2726} INFO - Sync 1 DAGs
[2026-03-03T01:17:06.804+0000] {logging_mixin.py:149} INFO - [2026-03-03T01:17:06.804+0000] {dag.py:3490} INFO - Setting next_dagrun for example_kubernetes_executor to None, run_after=None
[2026-03-03T01:17:06.839+0000] {processor.py:178} INFO - Processing /home/airflow/.local/lib/python3.7/site-packages/airflow/example_dags/example_kubernetes_executor.py took 0.561 seconds
[2026-03-03T01:17:37.682+0000] {processor.py:156} INFO - Started process (PID=1319) to work on /home/airflow/.local/lib/python3.7/site-packages/airflow/example_dags/example_kubernetes_executor.py
[2026-03-03T01:17:37.683+0000] {processor.py:799} INFO - Processing file /home/airflow/.local/lib/python3.7/site-packages/airflow/example_dags/example_kubernetes_executor.py for tasks to queue
[2026-03-03T01:17:37.685+0000] {logging_mixin.py:149} INFO - [2026-03-03T01:17:37.685+0000] {dagbag.py:541} INFO - Filling up the DagBag from /home/airflow/.local/lib/python3.7/site-packages/airflow/example_dags/example_kubernetes_executor.py
[2026-03-03T01:17:37.822+0000] {processor.py:809} INFO - DAG(s) dict_keys(['example_kubernetes_executor']) retrieved from /home/airflow/.local/lib/python3.7/site-packages/airflow/example_dags/example_kubernetes_executor.py
[2026-03-03T01:17:37.842+0000] {logging_mixin.py:149} INFO - [2026-03-03T01:17:37.842+0000] {dag.py:2726} INFO - Sync 1 DAGs
[2026-03-03T01:17:37.853+0000] {logging_mixin.py:149} INFO - [2026-03-03T01:17:37.853+0000] {dag.py:3490} INFO - Setting next_dagrun for example_kubernetes_executor to None, run_after=None
[2026-03-03T01:17:37.862+0000] {processor.py:178} INFO - Processing /home/airflow/.local/lib/python3.7/site-packages/airflow/example_dags/example_kubernetes_executor.py took 0.183 seconds
[2026-03-03T01:18:08.359+0000] {processor.py:156} INFO - Started process (PID=1381) to work on /home/airflow/.local/lib/python3.7/site-packages/airflow/example_dags/example_kubernetes_executor.py
[2026-03-03T01:18:08.359+0000] {processor.py:799} INFO - Processing file /home/airflow/.local/lib/python3.7/site-packages/airflow/example_dags/example_kubernetes_executor.py for tasks to queue
[2026-03-03T01:18:08.360+0000] {logging_mixin.py:149} INFO - [2026-03-03T01:18:08.360+0000] {dagbag.py:541} INFO - Filling up the DagBag from /home/airflow/.local/lib/python3.7/site-packages/airflow/example_dags/example_kubernetes_executor.py
[2026-03-03T01:18:08.492+0000] {processor.py:809} INFO - DAG(s) dict_keys(['example_kubernetes_executor']) retrieved from /home/airflow/.local/lib/python3.7/site-packages/airflow/example_dags/example_kubernetes_executor.py
[2026-03-03T01:18:08.514+0000] {logging_mixin.py:149} INFO - [2026-03-03T01:18:08.514+0000] {dag.py:2726} INFO - Sync 1 DAGs
[2026-03-03T01:18:08.527+0000] {logging_mixin.py:149} INFO - [2026-03-03T01:18:08.527+0000] {dag.py:3490} INFO - Setting next_dagrun for example_kubernetes_executor to None, run_after=None
[2026-03-03T01:18:08.536+0000] {processor.py:178} INFO - Processing /home/airflow/.local/lib/python3.7/site-packages/airflow/example_dags/example_kubernetes_executor.py took 0.181 seconds
[2026-03-03T01:18:39.330+0000] {processor.py:156} INFO - Started process (PID=1443) to work on /home/airflow/.local/lib/python3.7/site-packages/airflow/example_dags/example_kubernetes_executor.py
[2026-03-03T01:18:39.333+0000] {processor.py:799} INFO - Processing file /home/airflow/.local/lib/python3.7/site-packages/airflow/example_dags/example_kubernetes_executor.py for tasks to queue
[2026-03-03T01:18:39.335+0000] {logging_mixin.py:149} INFO - [2026-03-03T01:18:39.334+0000] {dagbag.py:541} INFO - Filling up the DagBag from /home/airflow/.local/lib/python3.7/site-packages/airflow/example_dags/example_kubernetes_executor.py
[2026-03-03T01:18:39.778+0000] {processor.py:809} INFO - DAG(s) dict_keys(['example_kubernetes_executor']) retrieved from /home/airflow/.local/lib/python3.7/site-packages/airflow/example_dags/example_kubernetes_executor.py
[2026-03-03T01:18:39.860+0000] {logging_mixin.py:149} INFO - [2026-03-03T01:18:39.860+0000] {dag.py:2726} INFO - Sync 1 DAGs
[2026-03-03T01:18:39.916+0000] {logging_mixin.py:149} INFO - [2026-03-03T01:18:39.916+0000] {dag.py:3490} INFO - Setting next_dagrun for example_kubernetes_executor to None, run_after=None
[2026-03-03T01:18:39.969+0000] {processor.py:178} INFO - Processing /home/airflow/.local/lib/python3.7/site-packages/airflow/example_dags/example_kubernetes_executor.py took 0.646 seconds
[2026-03-03T01:19:10.616+0000] {processor.py:156} INFO - Started process (PID=1505) to work on /home/airflow/.local/lib/python3.7/site-packages/airflow/example_dags/example_kubernetes_executor.py
[2026-03-03T01:19:10.618+0000] {processor.py:799} INFO - Processing file /home/airflow/.local/lib/python3.7/site-packages/airflow/example_dags/example_kubernetes_executor.py for tasks to queue
[2026-03-03T01:19:10.619+0000] {logging_mixin.py:149} INFO - [2026-03-03T01:19:10.619+0000] {dagbag.py:541} INFO - Filling up the DagBag from /home/airflow/.local/lib/python3.7/site-packages/airflow/example_dags/example_kubernetes_executor.py
[2026-03-03T01:19:10.967+0000] {processor.py:809} INFO - DAG(s) dict_keys(['example_kubernetes_executor']) retrieved from /home/airflow/.local/lib/python3.7/site-packages/airflow/example_dags/example_kubernetes_executor.py
[2026-03-03T01:19:10.995+0000] {logging_mixin.py:149} INFO - [2026-03-03T01:19:10.995+0000] {dag.py:2726} INFO - Sync 1 DAGs
[2026-03-03T01:19:11.012+0000] {logging_mixin.py:149} INFO - [2026-03-03T01:19:11.012+0000] {dag.py:3490} INFO - Setting next_dagrun for example_kubernetes_executor to None, run_after=None
[2026-03-03T01:19:11.026+0000] {processor.py:178} INFO - Processing /home/airflow/.local/lib/python3.7/site-packages/airflow/example_dags/example_kubernetes_executor.py took 0.417 seconds
[2026-03-03T01:19:41.657+0000] {processor.py:156} INFO - Started process (PID=1567) to work on /home/airflow/.local/lib/python3.7/site-packages/airflow/example_dags/example_kubernetes_executor.py
[2026-03-03T01:19:41.659+0000] {processor.py:799} INFO - Processing file /home/airflow/.local/lib/python3.7/site-packages/airflow/example_dags/example_kubernetes_executor.py for tasks to queue
[2026-03-03T01:19:41.660+0000] {logging_mixin.py:149} INFO - [2026-03-03T01:19:41.660+0000] {dagbag.py:541} INFO - Filling up the DagBag from /home/airflow/.local/lib/python3.7/site-packages/airflow/example_dags/example_kubernetes_executor.py
[2026-03-03T01:19:41.779+0000] {processor.py:809} INFO - DAG(s) dict_keys(['example_kubernetes_executor']) retrieved from /home/airflow/.local/lib/python3.7/site-packages/airflow/example_dags/example_kubernetes_executor.py
[2026-03-03T01:19:41.802+0000] {logging_mixin.py:149} INFO - [2026-03-03T01:19:41.802+0000] {dag.py:2726} INFO - Sync 1 DAGs
[2026-03-03T01:19:41.816+0000] {logging_mixin.py:149} INFO - [2026-03-03T01:19:41.816+0000] {dag.py:3490} INFO - Setting next_dagrun for example_kubernetes_executor to None, run_after=None
[2026-03-03T01:19:41.826+0000] {processor.py:178} INFO - Processing /home/airflow/.local/lib/python3.7/site-packages/airflow/example_dags/example_kubernetes_executor.py took 0.171 seconds
[2026-03-03T01:20:12.326+0000] {processor.py:156} INFO - Started process (PID=1629) to work on /home/airflow/.local/lib/python3.7/site-packages/airflow/example_dags/example_kubernetes_executor.py
[2026-03-03T01:20:12.327+0000] {processor.py:799} INFO - Processing file /home/airflow/.local/lib/python3.7/site-packages/airflow/example_dags/example_kubernetes_executor.py for tasks to queue
[2026-03-03T01:20:12.328+0000] {logging_mixin.py:149} INFO - [2026-03-03T01:20:12.327+0000] {dagbag.py:541} INFO - Filling up the DagBag from /home/airflow/.local/lib/python3.7/site-packages/airflow/example_dags/example_kubernetes_executor.py
[2026-03-03T01:20:12.463+0000] {processor.py:809} INFO - DAG(s) dict_keys(['example_kubernetes_executor']) retrieved from /home/airflow/.local/lib/python3.7/site-packages/airflow/example_dags/example_kubernetes_executor.py
[2026-03-03T01:20:12.484+0000] {logging_mixin.py:149} INFO - [2026-03-03T01:20:12.484+0000] {dag.py:2726} INFO - Sync 1 DAGs
[2026-03-03T01:20:12.497+0000] {logging_mixin.py:149} INFO - [2026-03-03T01:20:12.497+0000] {dag.py:3490} INFO - Setting next_dagrun for example_kubernetes_executor to None, run_after=None
[2026-03-03T01:20:12.505+0000] {processor.py:178} INFO - Processing /home/airflow/.local/lib/python3.7/site-packages/airflow/example_dags/example_kubernetes_executor.py took 0.182 seconds
[2026-03-03T01:20:43.048+0000] {processor.py:156} INFO - Started process (PID=1698) to work on /home/airflow/.local/lib/python3.7/site-packages/airflow/example_dags/example_kubernetes_executor.py
[2026-03-03T01:20:43.049+0000] {processor.py:799} INFO - Processing file /home/airflow/.local/lib/python3.7/site-packages/airflow/example_dags/example_kubernetes_executor.py for tasks to queue
[2026-03-03T01:20:43.050+0000] {logging_mixin.py:149} INFO - [2026-03-03T01:20:43.050+0000] {dagbag.py:541} INFO - Filling up the DagBag from /home/airflow/.local/lib/python3.7/site-packages/airflow/example_dags/example_kubernetes_executor.py
[2026-03-03T01:20:43.178+0000] {processor.py:809} INFO - DAG(s) dict_keys(['example_kubernetes_executor']) retrieved from /home/airflow/.local/lib/python3.7/site-packages/airflow/example_dags/example_kubernetes_executor.py
[2026-03-03T01:20:43.201+0000] {logging_mixin.py:149} INFO - [2026-03-03T01:20:43.200+0000] {dag.py:2726} INFO - Sync 1 DAGs
[2026-03-03T01:20:43.214+0000] {logging_mixin.py:149} INFO - [2026-03-03T01:20:43.214+0000] {dag.py:3490} INFO - Setting next_dagrun for example_kubernetes_executor to None, run_after=None
[2026-03-03T01:20:43.226+0000] {processor.py:178} INFO - Processing /home/airflow/.local/lib/python3.7/site-packages/airflow/example_dags/example_kubernetes_executor.py took 0.182 seconds
[2026-03-03T01:21:13.694+0000] {processor.py:156} INFO - Started process (PID=1760) to work on /home/airflow/.local/lib/python3.7/site-packages/airflow/example_dags/example_kubernetes_executor.py
[2026-03-03T01:21:13.695+0000] {processor.py:799} INFO - Processing file /home/airflow/.local/lib/python3.7/site-packages/airflow/example_dags/example_kubernetes_executor.py for tasks to queue
[2026-03-03T01:21:13.696+0000] {logging_mixin.py:149} INFO - [2026-03-03T01:21:13.696+0000] {dagbag.py:541} INFO - Filling up the DagBag from /home/airflow/.local/lib/python3.7/site-packages/airflow/example_dags/example_kubernetes_executor.py
[2026-03-03T01:21:13.814+0000] {processor.py:809} INFO - DAG(s) dict_keys(['example_kubernetes_executor']) retrieved from /home/airflow/.local/lib/python3.7/site-packages/airflow/example_dags/example_kubernetes_executor.py
[2026-03-03T01:21:13.835+0000] {logging_mixin.py:149} INFO - [2026-03-03T01:21:13.835+0000] {dag.py:2726} INFO - Sync 1 DAGs
[2026-03-03T01:21:13.849+0000] {logging_mixin.py:149} INFO - [2026-03-03T01:21:13.848+0000] {dag.py:3490} INFO - Setting next_dagrun for example_kubernetes_executor to None, run_after=None
[2026-03-03T01:21:13.857+0000] {processor.py:178} INFO - Processing /home/airflow/.local/lib/python3.7/site-packages/airflow/example_dags/example_kubernetes_executor.py took 0.166 seconds
[2026-03-03T01:21:44.822+0000] {processor.py:156} INFO - Started process (PID=1822) to work on /home/airflow/.local/lib/python3.7/site-packages/airflow/example_dags/example_kubernetes_executor.py
[2026-03-03T01:21:44.825+0000] {processor.py:799} INFO - Processing file /home/airflow/.local/lib/python3.7/site-packages/airflow/example_dags/example_kubernetes_executor.py for tasks to queue
[2026-03-03T01:21:44.828+0000] {logging_mixin.py:149} INFO - [2026-03-03T01:21:44.827+0000] {dagbag.py:541} INFO - Filling up the DagBag from /home/airflow/.local/lib/python3.7/site-packages/airflow/example_dags/example_kubernetes_executor.py
[2026-03-03T01:21:45.823+0000] {processor.py:809} INFO - DAG(s) dict_keys(['example_kubernetes_executor']) retrieved from /home/airflow/.local/lib/python3.7/site-packages/airflow/example_dags/example_kubernetes_executor.py
[2026-03-03T01:21:46.031+0000] {logging_mixin.py:149} INFO - [2026-03-03T01:21:46.029+0000] {dag.py:2726} INFO - Sync 1 DAGs
[2026-03-03T01:21:46.228+0000] {logging_mixin.py:149} INFO - [2026-03-03T01:21:46.227+0000] {dag.py:3490} INFO - Setting next_dagrun for example_kubernetes_executor to None, run_after=None
[2026-03-03T01:21:46.361+0000] {processor.py:178} INFO - Processing /home/airflow/.local/lib/python3.7/site-packages/airflow/example_dags/example_kubernetes_executor.py took 1.554 seconds
[2026-03-03T01:22:16.565+0000] {processor.py:156} INFO - Started process (PID=1884) to work on /home/airflow/.local/lib/python3.7/site-packages/airflow/example_dags/example_kubernetes_executor.py
[2026-03-03T01:22:16.566+0000] {processor.py:799} INFO - Processing file /home/airflow/.local/lib/python3.7/site-packages/airflow/example_dags/example_kubernetes_executor.py for tasks to queue
[2026-03-03T01:22:16.568+0000] {logging_mixin.py:149} INFO - [2026-03-03T01:22:16.568+0000] {dagbag.py:541} INFO - Filling up the DagBag from /home/airflow/.local/lib/python3.7/site-packages/airflow/example_dags/example_kubernetes_executor.py
[2026-03-03T01:22:17.020+0000] {processor.py:809} INFO - DAG(s) dict_keys(['example_kubernetes_executor']) retrieved from /home/airflow/.local/lib/python3.7/site-packages/airflow/example_dags/example_kubernetes_executor.py
[2026-03-03T01:22:17.106+0000] {logging_mixin.py:149} INFO - [2026-03-03T01:22:17.106+0000] {dag.py:2726} INFO - Sync 1 DAGs
[2026-03-03T01:22:17.177+0000] {logging_mixin.py:149} INFO - [2026-03-03T01:22:17.177+0000] {dag.py:3490} INFO - Setting next_dagrun for example_kubernetes_executor to None, run_after=None
[2026-03-03T01:22:17.226+0000] {processor.py:178} INFO - Processing /home/airflow/.local/lib/python3.7/site-packages/airflow/example_dags/example_kubernetes_executor.py took 0.669 seconds
[2026-03-03T01:22:48.117+0000] {processor.py:156} INFO - Started process (PID=1946) to work on /home/airflow/.local/lib/python3.7/site-packages/airflow/example_dags/example_kubernetes_executor.py
[2026-03-03T01:22:48.119+0000] {processor.py:799} INFO - Processing file /home/airflow/.local/lib/python3.7/site-packages/airflow/example_dags/example_kubernetes_executor.py for tasks to queue
[2026-03-03T01:22:48.120+0000] {logging_mixin.py:149} INFO - [2026-03-03T01:22:48.120+0000] {dagbag.py:541} INFO - Filling up the DagBag from /home/airflow/.local/lib/python3.7/site-packages/airflow/example_dags/example_kubernetes_executor.py
[2026-03-03T01:22:48.239+0000] {processor.py:809} INFO - DAG(s) dict_keys(['example_kubernetes_executor']) retrieved from /home/airflow/.local/lib/python3.7/site-packages/airflow/example_dags/example_kubernetes_executor.py
[2026-03-03T01:22:48.264+0000] {logging_mixin.py:149} INFO - [2026-03-03T01:22:48.263+0000] {dag.py:2726} INFO - Sync 1 DAGs
[2026-03-03T01:22:48.275+0000] {logging_mixin.py:149} INFO - [2026-03-03T01:22:48.275+0000] {dag.py:3490} INFO - Setting next_dagrun for example_kubernetes_executor to None, run_after=None
[2026-03-03T01:22:48.283+0000] {processor.py:178} INFO - Processing /home/airflow/.local/lib/python3.7/site-packages/airflow/example_dags/example_kubernetes_executor.py took 0.168 seconds
[2026-03-03T01:23:18.721+0000] {processor.py:156} INFO - Started process (PID=2008) to work on /home/airflow/.local/lib/python3.7/site-packages/airflow/example_dags/example_kubernetes_executor.py
[2026-03-03T01:23:18.723+0000] {processor.py:799} INFO - Processing file /home/airflow/.local/lib/python3.7/site-packages/airflow/example_dags/example_kubernetes_executor.py for tasks to queue
[2026-03-03T01:23:18.725+0000] {logging_mixin.py:149} INFO - [2026-03-03T01:23:18.725+0000] {dagbag.py:541} INFO - Filling up the DagBag from /home/airflow/.local/lib/python3.7/site-packages/airflow/example_dags/example_kubernetes_executor.py
[2026-03-03T01:23:19.315+0000] {processor.py:809} INFO - DAG(s) dict_keys(['example_kubernetes_executor']) retrieved from /home/airflow/.local/lib/python3.7/site-packages/airflow/example_dags/example_kubernetes_executor.py
[2026-03-03T01:23:19.449+0000] {logging_mixin.py:149} INFO - [2026-03-03T01:23:19.449+0000] {dag.py:2726} INFO - Sync 1 DAGs
[2026-03-03T01:23:19.523+0000] {logging_mixin.py:149} INFO - [2026-03-03T01:23:19.523+0000] {dag.py:3490} INFO - Setting next_dagrun for example_kubernetes_executor to None, run_after=None
[2026-03-03T01:23:19.580+0000] {processor.py:178} INFO - Processing /home/airflow/.local/lib/python3.7/site-packages/airflow/example_dags/example_kubernetes_executor.py took 0.869 seconds
[2026-03-03T01:23:49.966+0000] {processor.py:156} INFO - Started process (PID=2070) to work on /home/airflow/.local/lib/python3.7/site-packages/airflow/example_dags/example_kubernetes_executor.py
[2026-03-03T01:23:49.968+0000] {processor.py:799} INFO - Processing file /home/airflow/.local/lib/python3.7/site-packages/airflow/example_dags/example_kubernetes_executor.py for tasks to queue
[2026-03-03T01:23:49.970+0000] {logging_mixin.py:149} INFO - [2026-03-03T01:23:49.969+0000] {dagbag.py:541} INFO - Filling up the DagBag from /home/airflow/.local/lib/python3.7/site-packages/airflow/example_dags/example_kubernetes_executor.py
[2026-03-03T01:23:50.505+0000] {processor.py:809} INFO - DAG(s) dict_keys(['example_kubernetes_executor']) retrieved from /home/airflow/.local/lib/python3.7/site-packages/airflow/example_dags/example_kubernetes_executor.py
[2026-03-03T01:23:50.598+0000] {logging_mixin.py:149} INFO - [2026-03-03T01:23:50.597+0000] {dag.py:2726} INFO - Sync 1 DAGs
[2026-03-03T01:23:50.670+0000] {logging_mixin.py:149} INFO - [2026-03-03T01:23:50.669+0000] {dag.py:3490} INFO - Setting next_dagrun for example_kubernetes_executor to None, run_after=None
[2026-03-03T01:23:50.722+0000] {processor.py:178} INFO - Processing /home/airflow/.local/lib/python3.7/site-packages/airflow/example_dags/example_kubernetes_executor.py took 0.765 seconds
[2026-03-03T01:24:20.811+0000] {processor.py:156} INFO - Started process (PID=2132) to work on /home/airflow/.local/lib/python3.7/site-packages/airflow/example_dags/example_kubernetes_executor.py
[2026-03-03T01:24:20.812+0000] {processor.py:799} INFO - Processing file /home/airflow/.local/lib/python3.7/site-packages/airflow/example_dags/example_kubernetes_executor.py for tasks to queue
[2026-03-03T01:24:20.812+0000] {logging_mixin.py:149} INFO - [2026-03-03T01:24:20.812+0000] {dagbag.py:541} INFO - Filling up the DagBag from /home/airflow/.local/lib/python3.7/site-packages/airflow/example_dags/example_kubernetes_executor.py
[2026-03-03T01:24:20.919+0000] {processor.py:809} INFO - DAG(s) dict_keys(['example_kubernetes_executor']) retrieved from /home/airflow/.local/lib/python3.7/site-packages/airflow/example_dags/example_kubernetes_executor.py
[2026-03-03T01:24:20.942+0000] {logging_mixin.py:149} INFO - [2026-03-03T01:24:20.942+0000] {dag.py:2726} INFO - Sync 1 DAGs
[2026-03-03T01:24:20.956+0000] {logging_mixin.py:149} INFO - [2026-03-03T01:24:20.955+0000] {dag.py:3490} INFO - Setting next_dagrun for example_kubernetes_executor to None, run_after=None
[2026-03-03T01:24:20.966+0000] {processor.py:178} INFO - Processing /home/airflow/.local/lib/python3.7/site-packages/airflow/example_dags/example_kubernetes_executor.py took 0.158 seconds
[2026-03-03T01:24:51.644+0000] {processor.py:156} INFO - Started process (PID=2194) to work on /home/airflow/.local/lib/python3.7/site-packages/airflow/example_dags/example_kubernetes_executor.py
[2026-03-03T01:24:51.645+0000] {processor.py:799} INFO - Processing file /home/airflow/.local/lib/python3.7/site-packages/airflow/example_dags/example_kubernetes_executor.py for tasks to queue
[2026-03-03T01:24:51.646+0000] {logging_mixin.py:149} INFO - [2026-03-03T01:24:51.646+0000] {dagbag.py:541} INFO - Filling up the DagBag from /home/airflow/.local/lib/python3.7/site-packages/airflow/example_dags/example_kubernetes_executor.py
[2026-03-03T01:24:51.812+0000] {processor.py:809} INFO - DAG(s) dict_keys(['example_kubernetes_executor']) retrieved from /home/airflow/.local/lib/python3.7/site-packages/airflow/example_dags/example_kubernetes_executor.py
[2026-03-03T01:24:51.836+0000] {logging_mixin.py:149} INFO - [2026-03-03T01:24:51.836+0000] {dag.py:2726} INFO - Sync 1 DAGs
[2026-03-03T01:24:51.848+0000] {logging_mixin.py:149} INFO - [2026-03-03T01:24:51.847+0000] {dag.py:3490} INFO - Setting next_dagrun for example_kubernetes_executor to None, run_after=None
[2026-03-03T01:24:51.856+0000] {processor.py:178} INFO - Processing /home/airflow/.local/lib/python3.7/site-packages/airflow/example_dags/example_kubernetes_executor.py took 0.217 seconds
[2026-03-03T01:25:22.466+0000] {processor.py:156} INFO - Started process (PID=2256) to work on /home/airflow/.local/lib/python3.7/site-packages/airflow/example_dags/example_kubernetes_executor.py
[2026-03-03T01:25:22.467+0000] {processor.py:799} INFO - Processing file /home/airflow/.local/lib/python3.7/site-packages/airflow/example_dags/example_kubernetes_executor.py for tasks to queue
[2026-03-03T01:25:22.468+0000] {logging_mixin.py:149} INFO - [2026-03-03T01:25:22.467+0000] {dagbag.py:541} INFO - Filling up the DagBag from /home/airflow/.local/lib/python3.7/site-packages/airflow/example_dags/example_kubernetes_executor.py
[2026-03-03T01:25:22.601+0000] {processor.py:809} INFO - DAG(s) dict_keys(['example_kubernetes_executor']) retrieved from /home/airflow/.local/lib/python3.7/site-packages/airflow/example_dags/example_kubernetes_executor.py
[2026-03-03T01:25:22.623+0000] {logging_mixin.py:149} INFO - [2026-03-03T01:25:22.623+0000] {dag.py:2726} INFO - Sync 1 DAGs
[2026-03-03T01:25:22.638+0000] {logging_mixin.py:149} INFO - [2026-03-03T01:25:22.638+0000] {dag.py:3490} INFO - Setting next_dagrun for example_kubernetes_executor to None, run_after=None
[2026-03-03T01:25:22.646+0000] {processor.py:178} INFO - Processing /home/airflow/.local/lib/python3.7/site-packages/airflow/example_dags/example_kubernetes_executor.py took 0.184 seconds
[2026-03-03T01:25:53.323+0000] {processor.py:156} INFO - Started process (PID=2318) to work on /home/airflow/.local/lib/python3.7/site-packages/airflow/example_dags/example_kubernetes_executor.py
[2026-03-03T01:25:53.325+0000] {processor.py:799} INFO - Processing file /home/airflow/.local/lib/python3.7/site-packages/airflow/example_dags/example_kubernetes_executor.py for tasks to queue
[2026-03-03T01:25:53.327+0000] {logging_mixin.py:149} INFO - [2026-03-03T01:25:53.327+0000] {dagbag.py:541} INFO - Filling up the DagBag from /home/airflow/.local/lib/python3.7/site-packages/airflow/example_dags/example_kubernetes_executor.py
[2026-03-03T01:25:53.827+0000] {processor.py:809} INFO - DAG(s) dict_keys(['example_kubernetes_executor']) retrieved from /home/airflow/.local/lib/python3.7/site-packages/airflow/example_dags/example_kubernetes_executor.py
[2026-03-03T01:25:53.928+0000] {logging_mixin.py:149} INFO - [2026-03-03T01:25:53.928+0000] {dag.py:2726} INFO - Sync 1 DAGs
[2026-03-03T01:25:53.990+0000] {logging_mixin.py:149} INFO - [2026-03-03T01:25:53.989+0000] {dag.py:3490} INFO - Setting next_dagrun for example_kubernetes_executor to None, run_after=None
[2026-03-03T01:25:54.043+0000] {processor.py:178} INFO - Processing /home/airflow/.local/lib/python3.7/site-packages/airflow/example_dags/example_kubernetes_executor.py took 0.728 seconds
[2026-03-03T01:26:24.405+0000] {processor.py:156} INFO - Started process (PID=2380) to work on /home/airflow/.local/lib/python3.7/site-packages/airflow/example_dags/example_kubernetes_executor.py
[2026-03-03T01:26:24.409+0000] {processor.py:799} INFO - Processing file /home/airflow/.local/lib/python3.7/site-packages/airflow/example_dags/example_kubernetes_executor.py for tasks to queue
[2026-03-03T01:26:24.411+0000] {logging_mixin.py:149} INFO - [2026-03-03T01:26:24.410+0000] {dagbag.py:541} INFO - Filling up the DagBag from /home/airflow/.local/lib/python3.7/site-packages/airflow/example_dags/example_kubernetes_executor.py
[2026-03-03T01:26:24.864+0000] {processor.py:809} INFO - DAG(s) dict_keys(['example_kubernetes_executor']) retrieved from /home/airflow/.local/lib/python3.7/site-packages/airflow/example_dags/example_kubernetes_executor.py
[2026-03-03T01:26:24.963+0000] {logging_mixin.py:149} INFO - [2026-03-03T01:26:24.963+0000] {dag.py:2726} INFO - Sync 1 DAGs
[2026-03-03T01:26:25.019+0000] {logging_mixin.py:149} INFO - [2026-03-03T01:26:25.019+0000] {dag.py:3490} INFO - Setting next_dagrun for example_kubernetes_executor to None, run_after=None
[2026-03-03T01:26:25.068+0000] {processor.py:178} INFO - Processing /home/airflow/.local/lib/python3.7/site-packages/airflow/example_dags/example_kubernetes_executor.py took 0.670 seconds
[2026-03-03T01:26:55.675+0000] {processor.py:156} INFO - Started process (PID=2441) to work on /home/airflow/.local/lib/python3.7/site-packages/airflow/example_dags/example_kubernetes_executor.py
[2026-03-03T01:26:55.676+0000] {processor.py:799} INFO - Processing file /home/airflow/.local/lib/python3.7/site-packages/airflow/example_dags/example_kubernetes_executor.py for tasks to queue
[2026-03-03T01:26:55.677+0000] {logging_mixin.py:149} INFO - [2026-03-03T01:26:55.677+0000] {dagbag.py:541} INFO - Filling up the DagBag from /home/airflow/.local/lib/python3.7/site-packages/airflow/example_dags/example_kubernetes_executor.py
[2026-03-03T01:26:55.810+0000] {processor.py:809} INFO - DAG(s) dict_keys(['example_kubernetes_executor']) retrieved from /home/airflow/.local/lib/python3.7/site-packages/airflow/example_dags/example_kubernetes_executor.py
[2026-03-03T01:26:55.828+0000] {logging_mixin.py:149} INFO - [2026-03-03T01:26:55.828+0000] {dag.py:2726} INFO - Sync 1 DAGs
[2026-03-03T01:26:55.839+0000] {logging_mixin.py:149} INFO - [2026-03-03T01:26:55.839+0000] {dag.py:3490} INFO - Setting next_dagrun for example_kubernetes_executor to None, run_after=None
[2026-03-03T01:26:55.847+0000] {processor.py:178} INFO - Processing /home/airflow/.local/lib/python3.7/site-packages/airflow/example_dags/example_kubernetes_executor.py took 0.174 seconds
[2026-03-03T01:27:26.478+0000] {processor.py:156} INFO - Started process (PID=2503) to work on /home/airflow/.local/lib/python3.7/site-packages/airflow/example_dags/example_kubernetes_executor.py
[2026-03-03T01:27:26.479+0000] {processor.py:799} INFO - Processing file /home/airflow/.local/lib/python3.7/site-packages/airflow/example_dags/example_kubernetes_executor.py for tasks to queue
[2026-03-03T01:27:26.479+0000] {logging_mixin.py:149} INFO - [2026-03-03T01:27:26.479+0000] {dagbag.py:541} INFO - Filling up the DagBag from /home/airflow/.local/lib/python3.7/site-packages/airflow/example_dags/example_kubernetes_executor.py
[2026-03-03T01:27:26.634+0000] {processor.py:809} INFO - DAG(s) dict_keys(['example_kubernetes_executor']) retrieved from /home/airflow/.local/lib/python3.7/site-packages/airflow/example_dags/example_kubernetes_executor.py
[2026-03-03T01:27:26.653+0000] {logging_mixin.py:149} INFO - [2026-03-03T01:27:26.653+0000] {dag.py:2726} INFO - Sync 1 DAGs
[2026-03-03T01:27:26.665+0000] {logging_mixin.py:149} INFO - [2026-03-03T01:27:26.665+0000] {dag.py:3490} INFO - Setting next_dagrun for example_kubernetes_executor to None, run_after=None
[2026-03-03T01:27:26.672+0000] {processor.py:178} INFO - Processing /home/airflow/.local/lib/python3.7/site-packages/airflow/example_dags/example_kubernetes_executor.py took 0.198 seconds
[2026-03-03T01:27:56.950+0000] {processor.py:156} INFO - Started process (PID=2565) to work on /home/airflow/.local/lib/python3.7/site-packages/airflow/example_dags/example_kubernetes_executor.py
[2026-03-03T01:27:56.951+0000] {processor.py:799} INFO - Processing file /home/airflow/.local/lib/python3.7/site-packages/airflow/example_dags/example_kubernetes_executor.py for tasks to queue
[2026-03-03T01:27:56.952+0000] {logging_mixin.py:149} INFO - [2026-03-03T01:27:56.951+0000] {dagbag.py:541} INFO - Filling up the DagBag from /home/airflow/.local/lib/python3.7/site-packages/airflow/example_dags/example_kubernetes_executor.py
[2026-03-03T01:27:57.112+0000] {processor.py:809} INFO - DAG(s) dict_keys(['example_kubernetes_executor']) retrieved from /home/airflow/.local/lib/python3.7/site-packages/airflow/example_dags/example_kubernetes_executor.py
[2026-03-03T01:27:57.135+0000] {logging_mixin.py:149} INFO - [2026-03-03T01:27:57.135+0000] {dag.py:2726} INFO - Sync 1 DAGs
[2026-03-03T01:27:57.148+0000] {logging_mixin.py:149} INFO - [2026-03-03T01:27:57.148+0000] {dag.py:3490} INFO - Setting next_dagrun for example_kubernetes_executor to None, run_after=None
[2026-03-03T01:27:57.156+0000] {processor.py:178} INFO - Processing /home/airflow/.local/lib/python3.7/site-packages/airflow/example_dags/example_kubernetes_executor.py took 0.210 seconds
[2026-03-03T01:28:27.968+0000] {processor.py:156} INFO - Started process (PID=2627) to work on /home/airflow/.local/lib/python3.7/site-packages/airflow/example_dags/example_kubernetes_executor.py
[2026-03-03T01:28:27.969+0000] {processor.py:799} INFO - Processing file /home/airflow/.local/lib/python3.7/site-packages/airflow/example_dags/example_kubernetes_executor.py for tasks to queue
[2026-03-03T01:28:27.970+0000] {logging_mixin.py:149} INFO - [2026-03-03T01:28:27.970+0000] {dagbag.py:541} INFO - Filling up the DagBag from /home/airflow/.local/lib/python3.7/site-packages/airflow/example_dags/example_kubernetes_executor.py
[2026-03-03T01:28:28.083+0000] {processor.py:809} INFO - DAG(s) dict_keys(['example_kubernetes_executor']) retrieved from /home/airflow/.local/lib/python3.7/site-packages/airflow/example_dags/example_kubernetes_executor.py
[2026-03-03T01:28:28.099+0000] {logging_mixin.py:149} INFO - [2026-03-03T01:28:28.099+0000] {dag.py:2726} INFO - Sync 1 DAGs
[2026-03-03T01:28:28.110+0000] {logging_mixin.py:149} INFO - [2026-03-03T01:28:28.110+0000] {dag.py:3490} INFO - Setting next_dagrun for example_kubernetes_executor to None, run_after=None
[2026-03-03T01:28:28.118+0000] {processor.py:178} INFO - Processing /home/airflow/.local/lib/python3.7/site-packages/airflow/example_dags/example_kubernetes_executor.py took 0.153 seconds
[2026-03-03T01:28:58.290+0000] {processor.py:156} INFO - Started process (PID=2689) to work on /home/airflow/.local/lib/python3.7/site-packages/airflow/example_dags/example_kubernetes_executor.py
[2026-03-03T01:28:58.292+0000] {processor.py:799} INFO - Processing file /home/airflow/.local/lib/python3.7/site-packages/airflow/example_dags/example_kubernetes_executor.py for tasks to queue
[2026-03-03T01:28:58.294+0000] {logging_mixin.py:149} INFO - [2026-03-03T01:28:58.293+0000] {dagbag.py:541} INFO - Filling up the DagBag from /home/airflow/.local/lib/python3.7/site-packages/airflow/example_dags/example_kubernetes_executor.py
[2026-03-03T01:28:58.753+0000] {processor.py:809} INFO - DAG(s) dict_keys(['example_kubernetes_executor']) retrieved from /home/airflow/.local/lib/python3.7/site-packages/airflow/example_dags/example_kubernetes_executor.py
[2026-03-03T01:28:58.839+0000] {logging_mixin.py:149} INFO - [2026-03-03T01:28:58.838+0000] {dag.py:2726} INFO - Sync 1 DAGs
[2026-03-03T01:28:58.900+0000] {logging_mixin.py:149} INFO - [2026-03-03T01:28:58.899+0000] {dag.py:3490} INFO - Setting next_dagrun for example_kubernetes_executor to None, run_after=None
[2026-03-03T01:28:58.950+0000] {processor.py:178} INFO - Processing /home/airflow/.local/lib/python3.7/site-packages/airflow/example_dags/example_kubernetes_executor.py took 0.667 seconds
[2026-03-03T01:29:29.913+0000] {processor.py:156} INFO - Started process (PID=2751) to work on /home/airflow/.local/lib/python3.7/site-packages/airflow/example_dags/example_kubernetes_executor.py
[2026-03-03T01:29:29.914+0000] {processor.py:799} INFO - Processing file /home/airflow/.local/lib/python3.7/site-packages/airflow/example_dags/example_kubernetes_executor.py for tasks to queue
[2026-03-03T01:29:29.914+0000] {logging_mixin.py:149} INFO - [2026-03-03T01:29:29.914+0000] {dagbag.py:541} INFO - Filling up the DagBag from /home/airflow/.local/lib/python3.7/site-packages/airflow/example_dags/example_kubernetes_executor.py
[2026-03-03T01:29:30.039+0000] {processor.py:809} INFO - DAG(s) dict_keys(['example_kubernetes_executor']) retrieved from /home/airflow/.local/lib/python3.7/site-packages/airflow/example_dags/example_kubernetes_executor.py
[2026-03-03T01:29:30.061+0000] {logging_mixin.py:149} INFO - [2026-03-03T01:29:30.061+0000] {dag.py:2726} INFO - Sync 1 DAGs
[2026-03-03T01:29:30.073+0000] {logging_mixin.py:149} INFO - [2026-03-03T01:29:30.073+0000] {dag.py:3490} INFO - Setting next_dagrun for example_kubernetes_executor to None, run_after=None
[2026-03-03T01:29:30.082+0000] {processor.py:178} INFO - Processing /home/airflow/.local/lib/python3.7/site-packages/airflow/example_dags/example_kubernetes_executor.py took 0.172 seconds
[2026-03-03T01:30:00.362+0000] {processor.py:156} INFO - Started process (PID=2812) to work on /home/airflow/.local/lib/python3.7/site-packages/airflow/example_dags/example_kubernetes_executor.py
[2026-03-03T01:30:00.364+0000] {processor.py:799} INFO - Processing file /home/airflow/.local/lib/python3.7/site-packages/airflow/example_dags/example_kubernetes_executor.py for tasks to queue
[2026-03-03T01:30:00.366+0000] {logging_mixin.py:149} INFO - [2026-03-03T01:30:00.366+0000] {dagbag.py:541} INFO - Filling up the DagBag from /home/airflow/.local/lib/python3.7/site-packages/airflow/example_dags/example_kubernetes_executor.py
[2026-03-03T01:30:00.798+0000] {processor.py:809} INFO - DAG(s) dict_keys(['example_kubernetes_executor']) retrieved from /home/airflow/.local/lib/python3.7/site-packages/airflow/example_dags/example_kubernetes_executor.py
[2026-03-03T01:30:00.881+0000] {logging_mixin.py:149} INFO - [2026-03-03T01:30:00.881+0000] {dag.py:2726} INFO - Sync 1 DAGs
[2026-03-03T01:30:00.944+0000] {logging_mixin.py:149} INFO - [2026-03-03T01:30:00.944+0000] {dag.py:3490} INFO - Setting next_dagrun for example_kubernetes_executor to None, run_after=None
[2026-03-03T01:30:00.991+0000] {processor.py:178} INFO - Processing /home/airflow/.local/lib/python3.7/site-packages/airflow/example_dags/example_kubernetes_executor.py took 0.636 seconds
[2026-03-03T01:30:31.124+0000] {processor.py:156} INFO - Started process (PID=2874) to work on /home/airflow/.local/lib/python3.7/site-packages/airflow/example_dags/example_kubernetes_executor.py
[2026-03-03T01:30:31.126+0000] {processor.py:799} INFO - Processing file /home/airflow/.local/lib/python3.7/site-packages/airflow/example_dags/example_kubernetes_executor.py for tasks to queue
[2026-03-03T01:30:31.127+0000] {logging_mixin.py:149} INFO - [2026-03-03T01:30:31.127+0000] {dagbag.py:541} INFO - Filling up the DagBag from /home/airflow/.local/lib/python3.7/site-packages/airflow/example_dags/example_kubernetes_executor.py
[2026-03-03T01:30:31.651+0000] {processor.py:809} INFO - DAG(s) dict_keys(['example_kubernetes_executor']) retrieved from /home/airflow/.local/lib/python3.7/site-packages/airflow/example_dags/example_kubernetes_executor.py
[2026-03-03T01:30:31.768+0000] {logging_mixin.py:149} INFO - [2026-03-03T01:30:31.767+0000] {dag.py:2726} INFO - Sync 1 DAGs
[2026-03-03T01:30:31.835+0000] {logging_mixin.py:149} INFO - [2026-03-03T01:30:31.835+0000] {dag.py:3490} INFO - Setting next_dagrun for example_kubernetes_executor to None, run_after=None
[2026-03-03T01:30:31.891+0000] {processor.py:178} INFO - Processing /home/airflow/.local/lib/python3.7/site-packages/airflow/example_dags/example_kubernetes_executor.py took 0.775 seconds
[2026-03-03T01:31:02.891+0000] {processor.py:156} INFO - Started process (PID=2937) to work on /home/airflow/.local/lib/python3.7/site-packages/airflow/example_dags/example_kubernetes_executor.py
[2026-03-03T01:31:02.892+0000] {processor.py:799} INFO - Processing file /home/airflow/.local/lib/python3.7/site-packages/airflow/example_dags/example_kubernetes_executor.py for tasks to queue
[2026-03-03T01:31:02.893+0000] {logging_mixin.py:149} INFO - [2026-03-03T01:31:02.893+0000] {dagbag.py:541} INFO - Filling up the DagBag from /home/airflow/.local/lib/python3.7/site-packages/airflow/example_dags/example_kubernetes_executor.py
[2026-03-03T01:31:03.053+0000] {processor.py:809} INFO - DAG(s) dict_keys(['example_kubernetes_executor']) retrieved from /home/airflow/.local/lib/python3.7/site-packages/airflow/example_dags/example_kubernetes_executor.py
[2026-03-03T01:31:03.076+0000] {logging_mixin.py:149} INFO - [2026-03-03T01:31:03.076+0000] {dag.py:2726} INFO - Sync 1 DAGs
[2026-03-03T01:31:03.088+0000] {logging_mixin.py:149} INFO - [2026-03-03T01:31:03.087+0000] {dag.py:3490} INFO - Setting next_dagrun for example_kubernetes_executor to None, run_after=None
[2026-03-03T01:31:03.096+0000] {processor.py:178} INFO - Processing /home/airflow/.local/lib/python3.7/site-packages/airflow/example_dags/example_kubernetes_executor.py took 0.210 seconds
[2026-03-03T01:31:33.955+0000] {processor.py:156} INFO - Started process (PID=2999) to work on /home/airflow/.local/lib/python3.7/site-packages/airflow/example_dags/example_kubernetes_executor.py
[2026-03-03T01:31:33.956+0000] {processor.py:799} INFO - Processing file /home/airflow/.local/lib/python3.7/site-packages/airflow/example_dags/example_kubernetes_executor.py for tasks to queue
[2026-03-03T01:31:33.957+0000] {logging_mixin.py:149} INFO - [2026-03-03T01:31:33.957+0000] {dagbag.py:541} INFO - Filling up the DagBag from /home/airflow/.local/lib/python3.7/site-packages/airflow/example_dags/example_kubernetes_executor.py
[2026-03-03T01:31:34.072+0000] {processor.py:809} INFO - DAG(s) dict_keys(['example_kubernetes_executor']) retrieved from /home/airflow/.local/lib/python3.7/site-packages/airflow/example_dags/example_kubernetes_executor.py
[2026-03-03T01:31:34.091+0000] {logging_mixin.py:149} INFO - [2026-03-03T01:31:34.091+0000] {dag.py:2726} INFO - Sync 1 DAGs
[2026-03-03T01:31:34.103+0000] {logging_mixin.py:149} INFO - [2026-03-03T01:31:34.103+0000] {dag.py:3490} INFO - Setting next_dagrun for example_kubernetes_executor to None, run_after=None
[2026-03-03T01:31:34.112+0000] {processor.py:178} INFO - Processing /home/airflow/.local/lib/python3.7/site-packages/airflow/example_dags/example_kubernetes_executor.py took 0.161 seconds
[2026-03-03T02:20:55.718+0000] {processor.py:156} INFO - Started process (PID=106) to work on /home/airflow/.local/lib/python3.7/site-packages/airflow/example_dags/example_kubernetes_executor.py
[2026-03-03T02:20:55.722+0000] {processor.py:799} INFO - Processing file /home/airflow/.local/lib/python3.7/site-packages/airflow/example_dags/example_kubernetes_executor.py for tasks to queue
[2026-03-03T02:20:55.726+0000] {logging_mixin.py:149} INFO - [2026-03-03T02:20:55.726+0000] {dagbag.py:541} INFO - Filling up the DagBag from /home/airflow/.local/lib/python3.7/site-packages/airflow/example_dags/example_kubernetes_executor.py
[2026-03-03T02:20:56.302+0000] {processor.py:809} INFO - DAG(s) dict_keys(['example_kubernetes_executor']) retrieved from /home/airflow/.local/lib/python3.7/site-packages/airflow/example_dags/example_kubernetes_executor.py
[2026-03-03T02:20:56.417+0000] {logging_mixin.py:149} INFO - [2026-03-03T02:20:56.417+0000] {dag.py:2726} INFO - Sync 1 DAGs
[2026-03-03T02:20:56.549+0000] {logging_mixin.py:149} INFO - [2026-03-03T02:20:56.548+0000] {dag.py:3490} INFO - Setting next_dagrun for example_kubernetes_executor to None, run_after=None
[2026-03-03T02:20:56.605+0000] {processor.py:178} INFO - Processing /home/airflow/.local/lib/python3.7/site-packages/airflow/example_dags/example_kubernetes_executor.py took 0.894 seconds
[2026-03-03T02:21:27.529+0000] {processor.py:156} INFO - Started process (PID=178) to work on /home/airflow/.local/lib/python3.7/site-packages/airflow/example_dags/example_kubernetes_executor.py
[2026-03-03T02:21:27.530+0000] {processor.py:799} INFO - Processing file /home/airflow/.local/lib/python3.7/site-packages/airflow/example_dags/example_kubernetes_executor.py for tasks to queue
[2026-03-03T02:21:27.531+0000] {logging_mixin.py:149} INFO - [2026-03-03T02:21:27.531+0000] {dagbag.py:541} INFO - Filling up the DagBag from /home/airflow/.local/lib/python3.7/site-packages/airflow/example_dags/example_kubernetes_executor.py
[2026-03-03T02:21:27.632+0000] {processor.py:809} INFO - DAG(s) dict_keys(['example_kubernetes_executor']) retrieved from /home/airflow/.local/lib/python3.7/site-packages/airflow/example_dags/example_kubernetes_executor.py
[2026-03-03T02:21:27.651+0000] {logging_mixin.py:149} INFO - [2026-03-03T02:21:27.651+0000] {dag.py:2726} INFO - Sync 1 DAGs
[2026-03-03T02:21:27.663+0000] {logging_mixin.py:149} INFO - [2026-03-03T02:21:27.663+0000] {dag.py:3490} INFO - Setting next_dagrun for example_kubernetes_executor to None, run_after=None
[2026-03-03T02:21:27.670+0000] {processor.py:178} INFO - Processing /home/airflow/.local/lib/python3.7/site-packages/airflow/example_dags/example_kubernetes_executor.py took 0.145 seconds
[2026-03-03T02:21:57.691+0000] {processor.py:156} INFO - Started process (PID=242) to work on /home/airflow/.local/lib/python3.7/site-packages/airflow/example_dags/example_kubernetes_executor.py
[2026-03-03T02:21:57.693+0000] {processor.py:799} INFO - Processing file /home/airflow/.local/lib/python3.7/site-packages/airflow/example_dags/example_kubernetes_executor.py for tasks to queue
[2026-03-03T02:21:57.693+0000] {logging_mixin.py:149} INFO - [2026-03-03T02:21:57.693+0000] {dagbag.py:541} INFO - Filling up the DagBag from /home/airflow/.local/lib/python3.7/site-packages/airflow/example_dags/example_kubernetes_executor.py
[2026-03-03T02:21:57.788+0000] {processor.py:809} INFO - DAG(s) dict_keys(['example_kubernetes_executor']) retrieved from /home/airflow/.local/lib/python3.7/site-packages/airflow/example_dags/example_kubernetes_executor.py
[2026-03-03T02:21:57.809+0000] {logging_mixin.py:149} INFO - [2026-03-03T02:21:57.809+0000] {dag.py:2726} INFO - Sync 1 DAGs
[2026-03-03T02:21:57.824+0000] {logging_mixin.py:149} INFO - [2026-03-03T02:21:57.823+0000] {dag.py:3490} INFO - Setting next_dagrun for example_kubernetes_executor to None, run_after=None
[2026-03-03T02:21:57.833+0000] {processor.py:178} INFO - Processing /home/airflow/.local/lib/python3.7/site-packages/airflow/example_dags/example_kubernetes_executor.py took 0.146 seconds
[2026-03-03T02:22:27.850+0000] {processor.py:156} INFO - Started process (PID=305) to work on /home/airflow/.local/lib/python3.7/site-packages/airflow/example_dags/example_kubernetes_executor.py
[2026-03-03T02:22:27.851+0000] {processor.py:799} INFO - Processing file /home/airflow/.local/lib/python3.7/site-packages/airflow/example_dags/example_kubernetes_executor.py for tasks to queue
[2026-03-03T02:22:27.851+0000] {logging_mixin.py:149} INFO - [2026-03-03T02:22:27.851+0000] {dagbag.py:541} INFO - Filling up the DagBag from /home/airflow/.local/lib/python3.7/site-packages/airflow/example_dags/example_kubernetes_executor.py
[2026-03-03T02:22:27.954+0000] {processor.py:809} INFO - DAG(s) dict_keys(['example_kubernetes_executor']) retrieved from /home/airflow/.local/lib/python3.7/site-packages/airflow/example_dags/example_kubernetes_executor.py
[2026-03-03T02:22:27.978+0000] {logging_mixin.py:149} INFO - [2026-03-03T02:22:27.978+0000] {dag.py:2726} INFO - Sync 1 DAGs
[2026-03-03T02:22:27.990+0000] {logging_mixin.py:149} INFO - [2026-03-03T02:22:27.990+0000] {dag.py:3490} INFO - Setting next_dagrun for example_kubernetes_executor to None, run_after=None
[2026-03-03T02:22:28.000+0000] {processor.py:178} INFO - Processing /home/airflow/.local/lib/python3.7/site-packages/airflow/example_dags/example_kubernetes_executor.py took 0.153 seconds
[2026-03-03T02:22:58.834+0000] {processor.py:156} INFO - Started process (PID=379) to work on /home/airflow/.local/lib/python3.7/site-packages/airflow/example_dags/example_kubernetes_executor.py
[2026-03-03T02:22:58.835+0000] {processor.py:799} INFO - Processing file /home/airflow/.local/lib/python3.7/site-packages/airflow/example_dags/example_kubernetes_executor.py for tasks to queue
[2026-03-03T02:22:58.836+0000] {logging_mixin.py:149} INFO - [2026-03-03T02:22:58.836+0000] {dagbag.py:541} INFO - Filling up the DagBag from /home/airflow/.local/lib/python3.7/site-packages/airflow/example_dags/example_kubernetes_executor.py
[2026-03-03T02:22:58.934+0000] {processor.py:809} INFO - DAG(s) dict_keys(['example_kubernetes_executor']) retrieved from /home/airflow/.local/lib/python3.7/site-packages/airflow/example_dags/example_kubernetes_executor.py
[2026-03-03T02:22:58.954+0000] {logging_mixin.py:149} INFO - [2026-03-03T02:22:58.954+0000] {dag.py:2726} INFO - Sync 1 DAGs
[2026-03-03T02:22:58.965+0000] {logging_mixin.py:149} INFO - [2026-03-03T02:22:58.965+0000] {dag.py:3490} INFO - Setting next_dagrun for example_kubernetes_executor to None, run_after=None
[2026-03-03T02:22:58.973+0000] {processor.py:178} INFO - Processing /home/airflow/.local/lib/python3.7/site-packages/airflow/example_dags/example_kubernetes_executor.py took 0.143 seconds
[2026-03-03T02:23:29.418+0000] {processor.py:156} INFO - Started process (PID=450) to work on /home/airflow/.local/lib/python3.7/site-packages/airflow/example_dags/example_kubernetes_executor.py
[2026-03-03T02:23:29.419+0000] {processor.py:799} INFO - Processing file /home/airflow/.local/lib/python3.7/site-packages/airflow/example_dags/example_kubernetes_executor.py for tasks to queue
[2026-03-03T02:23:29.420+0000] {logging_mixin.py:149} INFO - [2026-03-03T02:23:29.420+0000] {dagbag.py:541} INFO - Filling up the DagBag from /home/airflow/.local/lib/python3.7/site-packages/airflow/example_dags/example_kubernetes_executor.py
[2026-03-03T02:23:29.506+0000] {processor.py:809} INFO - DAG(s) dict_keys(['example_kubernetes_executor']) retrieved from /home/airflow/.local/lib/python3.7/site-packages/airflow/example_dags/example_kubernetes_executor.py
[2026-03-03T02:23:29.523+0000] {logging_mixin.py:149} INFO - [2026-03-03T02:23:29.523+0000] {dag.py:2726} INFO - Sync 1 DAGs
[2026-03-03T02:23:29.534+0000] {logging_mixin.py:149} INFO - [2026-03-03T02:23:29.534+0000] {dag.py:3490} INFO - Setting next_dagrun for example_kubernetes_executor to None, run_after=None
[2026-03-03T02:23:29.540+0000] {processor.py:178} INFO - Processing /home/airflow/.local/lib/python3.7/site-packages/airflow/example_dags/example_kubernetes_executor.py took 0.124 seconds
[2026-03-03T02:24:00.307+0000] {processor.py:156} INFO - Started process (PID=523) to work on /home/airflow/.local/lib/python3.7/site-packages/airflow/example_dags/example_kubernetes_executor.py
[2026-03-03T02:24:00.308+0000] {processor.py:799} INFO - Processing file /home/airflow/.local/lib/python3.7/site-packages/airflow/example_dags/example_kubernetes_executor.py for tasks to queue
[2026-03-03T02:24:00.311+0000] {logging_mixin.py:149} INFO - [2026-03-03T02:24:00.311+0000] {dagbag.py:541} INFO - Filling up the DagBag from /home/airflow/.local/lib/python3.7/site-packages/airflow/example_dags/example_kubernetes_executor.py
[2026-03-03T02:24:00.386+0000] {processor.py:809} INFO - DAG(s) dict_keys(['example_kubernetes_executor']) retrieved from /home/airflow/.local/lib/python3.7/site-packages/airflow/example_dags/example_kubernetes_executor.py
[2026-03-03T02:24:00.402+0000] {logging_mixin.py:149} INFO - [2026-03-03T02:24:00.402+0000] {dag.py:2726} INFO - Sync 1 DAGs
[2026-03-03T02:24:00.413+0000] {logging_mixin.py:149} INFO - [2026-03-03T02:24:00.412+0000] {dag.py:3490} INFO - Setting next_dagrun for example_kubernetes_executor to None, run_after=None
[2026-03-03T02:24:00.420+0000] {processor.py:178} INFO - Processing /home/airflow/.local/lib/python3.7/site-packages/airflow/example_dags/example_kubernetes_executor.py took 0.116 seconds
[2026-03-03T02:24:31.238+0000] {processor.py:156} INFO - Started process (PID=586) to work on /home/airflow/.local/lib/python3.7/site-packages/airflow/example_dags/example_kubernetes_executor.py
[2026-03-03T02:24:31.240+0000] {processor.py:799} INFO - Processing file /home/airflow/.local/lib/python3.7/site-packages/airflow/example_dags/example_kubernetes_executor.py for tasks to queue
[2026-03-03T02:24:31.241+0000] {logging_mixin.py:149} INFO - [2026-03-03T02:24:31.241+0000] {dagbag.py:541} INFO - Filling up the DagBag from /home/airflow/.local/lib/python3.7/site-packages/airflow/example_dags/example_kubernetes_executor.py
[2026-03-03T02:24:31.336+0000] {processor.py:809} INFO - DAG(s) dict_keys(['example_kubernetes_executor']) retrieved from /home/airflow/.local/lib/python3.7/site-packages/airflow/example_dags/example_kubernetes_executor.py
[2026-03-03T02:24:31.357+0000] {logging_mixin.py:149} INFO - [2026-03-03T02:24:31.357+0000] {dag.py:2726} INFO - Sync 1 DAGs
[2026-03-03T02:24:31.370+0000] {logging_mixin.py:149} INFO - [2026-03-03T02:24:31.370+0000] {dag.py:3490} INFO - Setting next_dagrun for example_kubernetes_executor to None, run_after=None
[2026-03-03T02:24:31.381+0000] {processor.py:178} INFO - Processing /home/airflow/.local/lib/python3.7/site-packages/airflow/example_dags/example_kubernetes_executor.py took 0.146 seconds
[2026-03-03T02:25:02.345+0000] {processor.py:156} INFO - Started process (PID=650) to work on /home/airflow/.local/lib/python3.7/site-packages/airflow/example_dags/example_kubernetes_executor.py
[2026-03-03T02:25:02.345+0000] {processor.py:799} INFO - Processing file /home/airflow/.local/lib/python3.7/site-packages/airflow/example_dags/example_kubernetes_executor.py for tasks to queue
[2026-03-03T02:25:02.346+0000] {logging_mixin.py:149} INFO - [2026-03-03T02:25:02.346+0000] {dagbag.py:541} INFO - Filling up the DagBag from /home/airflow/.local/lib/python3.7/site-packages/airflow/example_dags/example_kubernetes_executor.py
[2026-03-03T02:25:02.443+0000] {processor.py:809} INFO - DAG(s) dict_keys(['example_kubernetes_executor']) retrieved from /home/airflow/.local/lib/python3.7/site-packages/airflow/example_dags/example_kubernetes_executor.py
[2026-03-03T02:25:02.471+0000] {logging_mixin.py:149} INFO - [2026-03-03T02:25:02.471+0000] {dag.py:2726} INFO - Sync 1 DAGs
[2026-03-03T02:25:02.487+0000] {logging_mixin.py:149} INFO - [2026-03-03T02:25:02.487+0000] {dag.py:3490} INFO - Setting next_dagrun for example_kubernetes_executor to None, run_after=None
[2026-03-03T02:25:02.497+0000] {processor.py:178} INFO - Processing /home/airflow/.local/lib/python3.7/site-packages/airflow/example_dags/example_kubernetes_executor.py took 0.155 seconds
[2026-03-03T02:25:33.110+0000] {processor.py:156} INFO - Started process (PID=713) to work on /home/airflow/.local/lib/python3.7/site-packages/airflow/example_dags/example_kubernetes_executor.py
[2026-03-03T02:25:33.112+0000] {processor.py:799} INFO - Processing file /home/airflow/.local/lib/python3.7/site-packages/airflow/example_dags/example_kubernetes_executor.py for tasks to queue
[2026-03-03T02:25:33.113+0000] {logging_mixin.py:149} INFO - [2026-03-03T02:25:33.112+0000] {dagbag.py:541} INFO - Filling up the DagBag from /home/airflow/.local/lib/python3.7/site-packages/airflow/example_dags/example_kubernetes_executor.py
[2026-03-03T02:25:33.201+0000] {processor.py:809} INFO - DAG(s) dict_keys(['example_kubernetes_executor']) retrieved from /home/airflow/.local/lib/python3.7/site-packages/airflow/example_dags/example_kubernetes_executor.py
[2026-03-03T02:25:33.219+0000] {logging_mixin.py:149} INFO - [2026-03-03T02:25:33.219+0000] {dag.py:2726} INFO - Sync 1 DAGs
[2026-03-03T02:25:33.233+0000] {logging_mixin.py:149} INFO - [2026-03-03T02:25:33.232+0000] {dag.py:3490} INFO - Setting next_dagrun for example_kubernetes_executor to None, run_after=None
[2026-03-03T02:25:33.241+0000] {processor.py:178} INFO - Processing /home/airflow/.local/lib/python3.7/site-packages/airflow/example_dags/example_kubernetes_executor.py took 0.135 seconds
[2026-03-03T02:26:03.971+0000] {processor.py:156} INFO - Started process (PID=776) to work on /home/airflow/.local/lib/python3.7/site-packages/airflow/example_dags/example_kubernetes_executor.py
[2026-03-03T02:26:03.972+0000] {processor.py:799} INFO - Processing file /home/airflow/.local/lib/python3.7/site-packages/airflow/example_dags/example_kubernetes_executor.py for tasks to queue
[2026-03-03T02:26:03.972+0000] {logging_mixin.py:149} INFO - [2026-03-03T02:26:03.972+0000] {dagbag.py:541} INFO - Filling up the DagBag from /home/airflow/.local/lib/python3.7/site-packages/airflow/example_dags/example_kubernetes_executor.py
[2026-03-03T02:26:04.064+0000] {processor.py:809} INFO - DAG(s) dict_keys(['example_kubernetes_executor']) retrieved from /home/airflow/.local/lib/python3.7/site-packages/airflow/example_dags/example_kubernetes_executor.py
[2026-03-03T02:26:04.084+0000] {logging_mixin.py:149} INFO - [2026-03-03T02:26:04.083+0000] {dag.py:2726} INFO - Sync 1 DAGs
[2026-03-03T02:26:04.098+0000] {logging_mixin.py:149} INFO - [2026-03-03T02:26:04.098+0000] {dag.py:3490} INFO - Setting next_dagrun for example_kubernetes_executor to None, run_after=None
[2026-03-03T02:26:04.106+0000] {processor.py:178} INFO - Processing /home/airflow/.local/lib/python3.7/site-packages/airflow/example_dags/example_kubernetes_executor.py took 0.137 seconds
[2026-03-03T02:26:35.001+0000] {processor.py:156} INFO - Started process (PID=839) to work on /home/airflow/.local/lib/python3.7/site-packages/airflow/example_dags/example_kubernetes_executor.py
[2026-03-03T02:26:35.001+0000] {processor.py:799} INFO - Processing file /home/airflow/.local/lib/python3.7/site-packages/airflow/example_dags/example_kubernetes_executor.py for tasks to queue
[2026-03-03T02:26:35.001+0000] {logging_mixin.py:149} INFO - [2026-03-03T02:26:35.001+0000] {dagbag.py:541} INFO - Filling up the DagBag from /home/airflow/.local/lib/python3.7/site-packages/airflow/example_dags/example_kubernetes_executor.py
[2026-03-03T02:26:35.077+0000] {processor.py:809} INFO - DAG(s) dict_keys(['example_kubernetes_executor']) retrieved from /home/airflow/.local/lib/python3.7/site-packages/airflow/example_dags/example_kubernetes_executor.py
[2026-03-03T02:26:35.094+0000] {logging_mixin.py:149} INFO - [2026-03-03T02:26:35.094+0000] {dag.py:2726} INFO - Sync 1 DAGs
[2026-03-03T02:26:35.106+0000] {logging_mixin.py:149} INFO - [2026-03-03T02:26:35.106+0000] {dag.py:3490} INFO - Setting next_dagrun for example_kubernetes_executor to None, run_after=None
[2026-03-03T02:26:35.116+0000] {processor.py:178} INFO - Processing /home/airflow/.local/lib/python3.7/site-packages/airflow/example_dags/example_kubernetes_executor.py took 0.117 seconds
[2026-03-03T02:27:05.942+0000] {processor.py:156} INFO - Started process (PID=902) to work on /home/airflow/.local/lib/python3.7/site-packages/airflow/example_dags/example_kubernetes_executor.py
[2026-03-03T02:27:05.943+0000] {processor.py:799} INFO - Processing file /home/airflow/.local/lib/python3.7/site-packages/airflow/example_dags/example_kubernetes_executor.py for tasks to queue
[2026-03-03T02:27:05.943+0000] {logging_mixin.py:149} INFO - [2026-03-03T02:27:05.943+0000] {dagbag.py:541} INFO - Filling up the DagBag from /home/airflow/.local/lib/python3.7/site-packages/airflow/example_dags/example_kubernetes_executor.py
[2026-03-03T02:27:06.027+0000] {processor.py:809} INFO - DAG(s) dict_keys(['example_kubernetes_executor']) retrieved from /home/airflow/.local/lib/python3.7/site-packages/airflow/example_dags/example_kubernetes_executor.py
[2026-03-03T02:27:06.048+0000] {logging_mixin.py:149} INFO - [2026-03-03T02:27:06.048+0000] {dag.py:2726} INFO - Sync 1 DAGs
[2026-03-03T02:27:06.061+0000] {logging_mixin.py:149} INFO - [2026-03-03T02:27:06.060+0000] {dag.py:3490} INFO - Setting next_dagrun for example_kubernetes_executor to None, run_after=None
[2026-03-03T02:27:06.068+0000] {processor.py:178} INFO - Processing /home/airflow/.local/lib/python3.7/site-packages/airflow/example_dags/example_kubernetes_executor.py took 0.128 seconds
[2026-03-03T02:28:43.907+0000] {processor.py:156} INFO - Started process (PID=137) to work on /home/airflow/.local/lib/python3.7/site-packages/airflow/example_dags/example_kubernetes_executor.py
[2026-03-03T02:28:43.909+0000] {processor.py:799} INFO - Processing file /home/airflow/.local/lib/python3.7/site-packages/airflow/example_dags/example_kubernetes_executor.py for tasks to queue
[2026-03-03T02:28:43.909+0000] {logging_mixin.py:149} INFO - [2026-03-03T02:28:43.909+0000] {dagbag.py:541} INFO - Filling up the DagBag from /home/airflow/.local/lib/python3.7/site-packages/airflow/example_dags/example_kubernetes_executor.py
[2026-03-03T02:28:44.002+0000] {processor.py:809} INFO - DAG(s) dict_keys(['example_kubernetes_executor']) retrieved from /home/airflow/.local/lib/python3.7/site-packages/airflow/example_dags/example_kubernetes_executor.py
[2026-03-03T02:28:44.021+0000] {logging_mixin.py:149} INFO - [2026-03-03T02:28:44.021+0000] {dag.py:2726} INFO - Sync 1 DAGs
[2026-03-03T02:28:44.036+0000] {logging_mixin.py:149} INFO - [2026-03-03T02:28:44.036+0000] {dag.py:3490} INFO - Setting next_dagrun for example_kubernetes_executor to None, run_after=None
[2026-03-03T02:28:44.045+0000] {processor.py:178} INFO - Processing /home/airflow/.local/lib/python3.7/site-packages/airflow/example_dags/example_kubernetes_executor.py took 0.139 seconds
[2026-03-03T02:29:14.075+0000] {processor.py:156} INFO - Started process (PID=211) to work on /home/airflow/.local/lib/python3.7/site-packages/airflow/example_dags/example_kubernetes_executor.py
[2026-03-03T02:29:14.076+0000] {processor.py:799} INFO - Processing file /home/airflow/.local/lib/python3.7/site-packages/airflow/example_dags/example_kubernetes_executor.py for tasks to queue
[2026-03-03T02:29:14.077+0000] {logging_mixin.py:149} INFO - [2026-03-03T02:29:14.077+0000] {dagbag.py:541} INFO - Filling up the DagBag from /home/airflow/.local/lib/python3.7/site-packages/airflow/example_dags/example_kubernetes_executor.py
[2026-03-03T02:29:14.162+0000] {processor.py:809} INFO - DAG(s) dict_keys(['example_kubernetes_executor']) retrieved from /home/airflow/.local/lib/python3.7/site-packages/airflow/example_dags/example_kubernetes_executor.py
[2026-03-03T02:29:14.178+0000] {logging_mixin.py:149} INFO - [2026-03-03T02:29:14.178+0000] {dag.py:2726} INFO - Sync 1 DAGs
[2026-03-03T02:29:14.189+0000] {logging_mixin.py:149} INFO - [2026-03-03T02:29:14.188+0000] {dag.py:3490} INFO - Setting next_dagrun for example_kubernetes_executor to None, run_after=None
[2026-03-03T02:29:14.196+0000] {processor.py:178} INFO - Processing /home/airflow/.local/lib/python3.7/site-packages/airflow/example_dags/example_kubernetes_executor.py took 0.123 seconds
[2026-03-03T02:29:49.906+0000] {processor.py:156} INFO - Started process (PID=293) to work on /home/airflow/.local/lib/python3.7/site-packages/airflow/example_dags/example_kubernetes_executor.py
[2026-03-03T02:29:49.907+0000] {processor.py:799} INFO - Processing file /home/airflow/.local/lib/python3.7/site-packages/airflow/example_dags/example_kubernetes_executor.py for tasks to queue
[2026-03-03T02:29:49.909+0000] {logging_mixin.py:149} INFO - [2026-03-03T02:29:49.909+0000] {dagbag.py:541} INFO - Filling up the DagBag from /home/airflow/.local/lib/python3.7/site-packages/airflow/example_dags/example_kubernetes_executor.py
[2026-03-03T02:29:50.350+0000] {processor.py:809} INFO - DAG(s) dict_keys(['example_kubernetes_executor']) retrieved from /home/airflow/.local/lib/python3.7/site-packages/airflow/example_dags/example_kubernetes_executor.py
[2026-03-03T02:29:50.426+0000] {logging_mixin.py:149} INFO - [2026-03-03T02:29:50.425+0000] {dag.py:2726} INFO - Sync 1 DAGs
[2026-03-03T02:29:50.488+0000] {logging_mixin.py:149} INFO - [2026-03-03T02:29:50.487+0000] {dag.py:3490} INFO - Setting next_dagrun for example_kubernetes_executor to None, run_after=None
[2026-03-03T02:29:50.536+0000] {processor.py:178} INFO - Processing /home/airflow/.local/lib/python3.7/site-packages/airflow/example_dags/example_kubernetes_executor.py took 0.637 seconds
[2026-03-03T02:30:21.014+0000] {processor.py:156} INFO - Started process (PID=365) to work on /home/airflow/.local/lib/python3.7/site-packages/airflow/example_dags/example_kubernetes_executor.py
[2026-03-03T02:30:21.016+0000] {processor.py:799} INFO - Processing file /home/airflow/.local/lib/python3.7/site-packages/airflow/example_dags/example_kubernetes_executor.py for tasks to queue
[2026-03-03T02:30:21.018+0000] {logging_mixin.py:149} INFO - [2026-03-03T02:30:21.018+0000] {dagbag.py:541} INFO - Filling up the DagBag from /home/airflow/.local/lib/python3.7/site-packages/airflow/example_dags/example_kubernetes_executor.py
[2026-03-03T02:30:21.461+0000] {processor.py:809} INFO - DAG(s) dict_keys(['example_kubernetes_executor']) retrieved from /home/airflow/.local/lib/python3.7/site-packages/airflow/example_dags/example_kubernetes_executor.py
[2026-03-03T02:30:21.546+0000] {logging_mixin.py:149} INFO - [2026-03-03T02:30:21.545+0000] {dag.py:2726} INFO - Sync 1 DAGs
[2026-03-03T02:30:21.606+0000] {logging_mixin.py:149} INFO - [2026-03-03T02:30:21.605+0000] {dag.py:3490} INFO - Setting next_dagrun for example_kubernetes_executor to None, run_after=None
[2026-03-03T02:30:21.652+0000] {processor.py:178} INFO - Processing /home/airflow/.local/lib/python3.7/site-packages/airflow/example_dags/example_kubernetes_executor.py took 0.646 seconds
[2026-03-03T02:30:52.621+0000] {processor.py:156} INFO - Started process (PID=438) to work on /home/airflow/.local/lib/python3.7/site-packages/airflow/example_dags/example_kubernetes_executor.py
[2026-03-03T02:30:52.624+0000] {processor.py:799} INFO - Processing file /home/airflow/.local/lib/python3.7/site-packages/airflow/example_dags/example_kubernetes_executor.py for tasks to queue
[2026-03-03T02:30:52.625+0000] {logging_mixin.py:149} INFO - [2026-03-03T02:30:52.625+0000] {dagbag.py:541} INFO - Filling up the DagBag from /home/airflow/.local/lib/python3.7/site-packages/airflow/example_dags/example_kubernetes_executor.py
[2026-03-03T02:30:53.049+0000] {processor.py:809} INFO - DAG(s) dict_keys(['example_kubernetes_executor']) retrieved from /home/airflow/.local/lib/python3.7/site-packages/airflow/example_dags/example_kubernetes_executor.py
[2026-03-03T02:30:53.134+0000] {logging_mixin.py:149} INFO - [2026-03-03T02:30:53.133+0000] {dag.py:2726} INFO - Sync 1 DAGs
[2026-03-03T02:30:53.191+0000] {logging_mixin.py:149} INFO - [2026-03-03T02:30:53.191+0000] {dag.py:3490} INFO - Setting next_dagrun for example_kubernetes_executor to None, run_after=None
[2026-03-03T02:30:53.240+0000] {processor.py:178} INFO - Processing /home/airflow/.local/lib/python3.7/site-packages/airflow/example_dags/example_kubernetes_executor.py took 0.628 seconds
