[2026-03-03T00:56:04.923+0000] {processor.py:156} INFO - Started process (PID=69) to work on /home/airflow/.local/lib/python3.7/site-packages/airflow/example_dags/example_python_operator.py
[2026-03-03T00:56:04.925+0000] {processor.py:799} INFO - Processing file /home/airflow/.local/lib/python3.7/site-packages/airflow/example_dags/example_python_operator.py for tasks to queue
[2026-03-03T00:56:04.926+0000] {logging_mixin.py:149} INFO - [2026-03-03T00:56:04.925+0000] {dagbag.py:541} INFO - Filling up the DagBag from /home/airflow/.local/lib/python3.7/site-packages/airflow/example_dags/example_python_operator.py
[2026-03-03T00:56:04.940+0000] {logging_mixin.py:149} INFO - [2026-03-03T00:56:04.939+0000] {taskmixin.py:211} WARNING - Dependency <Task(_PythonDecoratedOperator): print_the_context>, log_sql_query already registered for DAG: example_python_operator
[2026-03-03T00:56:04.940+0000] {logging_mixin.py:149} INFO - [2026-03-03T00:56:04.940+0000] {taskmixin.py:211} WARNING - Dependency <Task(_PythonDecoratedOperator): log_sql_query>, print_the_context already registered for DAG: example_python_operator
[2026-03-03T00:56:04.941+0000] {logging_mixin.py:149} INFO - [2026-03-03T00:56:04.941+0000] {taskmixin.py:211} WARNING - Dependency <Task(_PythonDecoratedOperator): print_the_context>, log_sql_query already registered for DAG: example_python_operator
[2026-03-03T00:56:04.941+0000] {logging_mixin.py:149} INFO - [2026-03-03T00:56:04.941+0000] {taskmixin.py:211} WARNING - Dependency <Task(_PythonDecoratedOperator): log_sql_query>, print_the_context already registered for DAG: example_python_operator
[2026-03-03T00:56:04.943+0000] {logging_mixin.py:149} INFO - [2026-03-03T00:56:04.943+0000] {taskmixin.py:211} WARNING - Dependency <Task(_PythonDecoratedOperator): print_the_context>, log_sql_query already registered for DAG: example_python_operator
[2026-03-03T00:56:04.943+0000] {logging_mixin.py:149} INFO - [2026-03-03T00:56:04.943+0000] {taskmixin.py:211} WARNING - Dependency <Task(_PythonDecoratedOperator): log_sql_query>, print_the_context already registered for DAG: example_python_operator
[2026-03-03T00:56:04.944+0000] {logging_mixin.py:149} INFO - [2026-03-03T00:56:04.944+0000] {taskmixin.py:211} WARNING - Dependency <Task(_PythonDecoratedOperator): print_the_context>, log_sql_query already registered for DAG: example_python_operator
[2026-03-03T00:56:04.945+0000] {logging_mixin.py:149} INFO - [2026-03-03T00:56:04.945+0000] {taskmixin.py:211} WARNING - Dependency <Task(_PythonDecoratedOperator): log_sql_query>, print_the_context already registered for DAG: example_python_operator
[2026-03-03T00:56:04.948+0000] {processor.py:809} INFO - DAG(s) dict_keys(['example_python_operator']) retrieved from /home/airflow/.local/lib/python3.7/site-packages/airflow/example_dags/example_python_operator.py
[2026-03-03T00:56:04.960+0000] {logging_mixin.py:149} INFO - [2026-03-03T00:56:04.959+0000] {dag.py:2726} INFO - Sync 1 DAGs
[2026-03-03T00:56:04.980+0000] {logging_mixin.py:149} INFO - [2026-03-03T00:56:04.980+0000] {dag.py:3490} INFO - Setting next_dagrun for example_python_operator to None, run_after=None
[2026-03-03T00:56:04.997+0000] {processor.py:178} INFO - Processing /home/airflow/.local/lib/python3.7/site-packages/airflow/example_dags/example_python_operator.py took 0.079 seconds
[2026-03-03T00:56:37.228+0000] {processor.py:156} INFO - Started process (PID=131) to work on /home/airflow/.local/lib/python3.7/site-packages/airflow/example_dags/example_python_operator.py
[2026-03-03T00:56:37.228+0000] {processor.py:799} INFO - Processing file /home/airflow/.local/lib/python3.7/site-packages/airflow/example_dags/example_python_operator.py for tasks to queue
[2026-03-03T00:56:37.228+0000] {logging_mixin.py:149} INFO - [2026-03-03T00:56:37.228+0000] {dagbag.py:541} INFO - Filling up the DagBag from /home/airflow/.local/lib/python3.7/site-packages/airflow/example_dags/example_python_operator.py
[2026-03-03T00:56:37.232+0000] {logging_mixin.py:149} INFO - [2026-03-03T00:56:37.232+0000] {taskmixin.py:211} WARNING - Dependency <Task(_PythonDecoratedOperator): print_the_context>, log_sql_query already registered for DAG: example_python_operator
[2026-03-03T00:56:37.233+0000] {logging_mixin.py:149} INFO - [2026-03-03T00:56:37.233+0000] {taskmixin.py:211} WARNING - Dependency <Task(_PythonDecoratedOperator): log_sql_query>, print_the_context already registered for DAG: example_python_operator
[2026-03-03T00:56:37.233+0000] {logging_mixin.py:149} INFO - [2026-03-03T00:56:37.233+0000] {taskmixin.py:211} WARNING - Dependency <Task(_PythonDecoratedOperator): print_the_context>, log_sql_query already registered for DAG: example_python_operator
[2026-03-03T00:56:37.233+0000] {logging_mixin.py:149} INFO - [2026-03-03T00:56:37.233+0000] {taskmixin.py:211} WARNING - Dependency <Task(_PythonDecoratedOperator): log_sql_query>, print_the_context already registered for DAG: example_python_operator
[2026-03-03T00:56:37.233+0000] {logging_mixin.py:149} INFO - [2026-03-03T00:56:37.233+0000] {taskmixin.py:211} WARNING - Dependency <Task(_PythonDecoratedOperator): print_the_context>, log_sql_query already registered for DAG: example_python_operator
[2026-03-03T00:56:37.233+0000] {logging_mixin.py:149} INFO - [2026-03-03T00:56:37.233+0000] {taskmixin.py:211} WARNING - Dependency <Task(_PythonDecoratedOperator): log_sql_query>, print_the_context already registered for DAG: example_python_operator
[2026-03-03T00:56:37.234+0000] {logging_mixin.py:149} INFO - [2026-03-03T00:56:37.234+0000] {taskmixin.py:211} WARNING - Dependency <Task(_PythonDecoratedOperator): print_the_context>, log_sql_query already registered for DAG: example_python_operator
[2026-03-03T00:56:37.234+0000] {logging_mixin.py:149} INFO - [2026-03-03T00:56:37.234+0000] {taskmixin.py:211} WARNING - Dependency <Task(_PythonDecoratedOperator): log_sql_query>, print_the_context already registered for DAG: example_python_operator
[2026-03-03T00:56:37.235+0000] {processor.py:809} INFO - DAG(s) dict_keys(['example_python_operator']) retrieved from /home/airflow/.local/lib/python3.7/site-packages/airflow/example_dags/example_python_operator.py
[2026-03-03T00:56:37.273+0000] {logging_mixin.py:149} INFO - [2026-03-03T00:56:37.273+0000] {dag.py:2726} INFO - Sync 1 DAGs
[2026-03-03T00:56:37.287+0000] {logging_mixin.py:149} INFO - [2026-03-03T00:56:37.286+0000] {dag.py:3490} INFO - Setting next_dagrun for example_python_operator to None, run_after=None
[2026-03-03T00:56:37.298+0000] {processor.py:178} INFO - Processing /home/airflow/.local/lib/python3.7/site-packages/airflow/example_dags/example_python_operator.py took 0.072 seconds
[2026-03-03T00:57:08.118+0000] {processor.py:156} INFO - Started process (PID=193) to work on /home/airflow/.local/lib/python3.7/site-packages/airflow/example_dags/example_python_operator.py
[2026-03-03T00:57:08.118+0000] {processor.py:799} INFO - Processing file /home/airflow/.local/lib/python3.7/site-packages/airflow/example_dags/example_python_operator.py for tasks to queue
[2026-03-03T00:57:08.119+0000] {logging_mixin.py:149} INFO - [2026-03-03T00:57:08.119+0000] {dagbag.py:541} INFO - Filling up the DagBag from /home/airflow/.local/lib/python3.7/site-packages/airflow/example_dags/example_python_operator.py
[2026-03-03T00:57:08.122+0000] {logging_mixin.py:149} INFO - [2026-03-03T00:57:08.122+0000] {taskmixin.py:211} WARNING - Dependency <Task(_PythonDecoratedOperator): print_the_context>, log_sql_query already registered for DAG: example_python_operator
[2026-03-03T00:57:08.122+0000] {logging_mixin.py:149} INFO - [2026-03-03T00:57:08.122+0000] {taskmixin.py:211} WARNING - Dependency <Task(_PythonDecoratedOperator): log_sql_query>, print_the_context already registered for DAG: example_python_operator
[2026-03-03T00:57:08.122+0000] {logging_mixin.py:149} INFO - [2026-03-03T00:57:08.122+0000] {taskmixin.py:211} WARNING - Dependency <Task(_PythonDecoratedOperator): print_the_context>, log_sql_query already registered for DAG: example_python_operator
[2026-03-03T00:57:08.122+0000] {logging_mixin.py:149} INFO - [2026-03-03T00:57:08.122+0000] {taskmixin.py:211} WARNING - Dependency <Task(_PythonDecoratedOperator): log_sql_query>, print_the_context already registered for DAG: example_python_operator
[2026-03-03T00:57:08.123+0000] {logging_mixin.py:149} INFO - [2026-03-03T00:57:08.123+0000] {taskmixin.py:211} WARNING - Dependency <Task(_PythonDecoratedOperator): print_the_context>, log_sql_query already registered for DAG: example_python_operator
[2026-03-03T00:57:08.123+0000] {logging_mixin.py:149} INFO - [2026-03-03T00:57:08.123+0000] {taskmixin.py:211} WARNING - Dependency <Task(_PythonDecoratedOperator): log_sql_query>, print_the_context already registered for DAG: example_python_operator
[2026-03-03T00:57:08.123+0000] {logging_mixin.py:149} INFO - [2026-03-03T00:57:08.123+0000] {taskmixin.py:211} WARNING - Dependency <Task(_PythonDecoratedOperator): print_the_context>, log_sql_query already registered for DAG: example_python_operator
[2026-03-03T00:57:08.123+0000] {logging_mixin.py:149} INFO - [2026-03-03T00:57:08.123+0000] {taskmixin.py:211} WARNING - Dependency <Task(_PythonDecoratedOperator): log_sql_query>, print_the_context already registered for DAG: example_python_operator
[2026-03-03T00:57:08.124+0000] {processor.py:809} INFO - DAG(s) dict_keys(['example_python_operator']) retrieved from /home/airflow/.local/lib/python3.7/site-packages/airflow/example_dags/example_python_operator.py
[2026-03-03T00:57:08.136+0000] {logging_mixin.py:149} INFO - [2026-03-03T00:57:08.136+0000] {dag.py:2726} INFO - Sync 1 DAGs
[2026-03-03T00:57:08.151+0000] {logging_mixin.py:149} INFO - [2026-03-03T00:57:08.151+0000] {dag.py:3490} INFO - Setting next_dagrun for example_python_operator to None, run_after=None
[2026-03-03T00:57:08.167+0000] {processor.py:178} INFO - Processing /home/airflow/.local/lib/python3.7/site-packages/airflow/example_dags/example_python_operator.py took 0.051 seconds
[2026-03-03T00:57:39.060+0000] {processor.py:156} INFO - Started process (PID=255) to work on /home/airflow/.local/lib/python3.7/site-packages/airflow/example_dags/example_python_operator.py
[2026-03-03T00:57:39.061+0000] {processor.py:799} INFO - Processing file /home/airflow/.local/lib/python3.7/site-packages/airflow/example_dags/example_python_operator.py for tasks to queue
[2026-03-03T00:57:39.062+0000] {logging_mixin.py:149} INFO - [2026-03-03T00:57:39.061+0000] {dagbag.py:541} INFO - Filling up the DagBag from /home/airflow/.local/lib/python3.7/site-packages/airflow/example_dags/example_python_operator.py
[2026-03-03T00:57:39.065+0000] {logging_mixin.py:149} INFO - [2026-03-03T00:57:39.065+0000] {taskmixin.py:211} WARNING - Dependency <Task(_PythonDecoratedOperator): print_the_context>, log_sql_query already registered for DAG: example_python_operator
[2026-03-03T00:57:39.065+0000] {logging_mixin.py:149} INFO - [2026-03-03T00:57:39.065+0000] {taskmixin.py:211} WARNING - Dependency <Task(_PythonDecoratedOperator): log_sql_query>, print_the_context already registered for DAG: example_python_operator
[2026-03-03T00:57:39.065+0000] {logging_mixin.py:149} INFO - [2026-03-03T00:57:39.065+0000] {taskmixin.py:211} WARNING - Dependency <Task(_PythonDecoratedOperator): print_the_context>, log_sql_query already registered for DAG: example_python_operator
[2026-03-03T00:57:39.066+0000] {logging_mixin.py:149} INFO - [2026-03-03T00:57:39.066+0000] {taskmixin.py:211} WARNING - Dependency <Task(_PythonDecoratedOperator): log_sql_query>, print_the_context already registered for DAG: example_python_operator
[2026-03-03T00:57:39.066+0000] {logging_mixin.py:149} INFO - [2026-03-03T00:57:39.066+0000] {taskmixin.py:211} WARNING - Dependency <Task(_PythonDecoratedOperator): print_the_context>, log_sql_query already registered for DAG: example_python_operator
[2026-03-03T00:57:39.066+0000] {logging_mixin.py:149} INFO - [2026-03-03T00:57:39.066+0000] {taskmixin.py:211} WARNING - Dependency <Task(_PythonDecoratedOperator): log_sql_query>, print_the_context already registered for DAG: example_python_operator
[2026-03-03T00:57:39.066+0000] {logging_mixin.py:149} INFO - [2026-03-03T00:57:39.066+0000] {taskmixin.py:211} WARNING - Dependency <Task(_PythonDecoratedOperator): print_the_context>, log_sql_query already registered for DAG: example_python_operator
[2026-03-03T00:57:39.066+0000] {logging_mixin.py:149} INFO - [2026-03-03T00:57:39.066+0000] {taskmixin.py:211} WARNING - Dependency <Task(_PythonDecoratedOperator): log_sql_query>, print_the_context already registered for DAG: example_python_operator
[2026-03-03T00:57:39.068+0000] {processor.py:809} INFO - DAG(s) dict_keys(['example_python_operator']) retrieved from /home/airflow/.local/lib/python3.7/site-packages/airflow/example_dags/example_python_operator.py
[2026-03-03T00:57:39.082+0000] {logging_mixin.py:149} INFO - [2026-03-03T00:57:39.082+0000] {dag.py:2726} INFO - Sync 1 DAGs
[2026-03-03T00:57:39.097+0000] {logging_mixin.py:149} INFO - [2026-03-03T00:57:39.096+0000] {dag.py:3490} INFO - Setting next_dagrun for example_python_operator to None, run_after=None
[2026-03-03T00:57:39.113+0000] {processor.py:178} INFO - Processing /home/airflow/.local/lib/python3.7/site-packages/airflow/example_dags/example_python_operator.py took 0.056 seconds
[2026-03-03T00:58:09.397+0000] {processor.py:156} INFO - Started process (PID=317) to work on /home/airflow/.local/lib/python3.7/site-packages/airflow/example_dags/example_python_operator.py
[2026-03-03T00:58:09.398+0000] {processor.py:799} INFO - Processing file /home/airflow/.local/lib/python3.7/site-packages/airflow/example_dags/example_python_operator.py for tasks to queue
[2026-03-03T00:58:09.400+0000] {logging_mixin.py:149} INFO - [2026-03-03T00:58:09.400+0000] {dagbag.py:541} INFO - Filling up the DagBag from /home/airflow/.local/lib/python3.7/site-packages/airflow/example_dags/example_python_operator.py
[2026-03-03T00:58:09.406+0000] {logging_mixin.py:149} INFO - [2026-03-03T00:58:09.406+0000] {taskmixin.py:211} WARNING - Dependency <Task(_PythonDecoratedOperator): print_the_context>, log_sql_query already registered for DAG: example_python_operator
[2026-03-03T00:58:09.407+0000] {logging_mixin.py:149} INFO - [2026-03-03T00:58:09.407+0000] {taskmixin.py:211} WARNING - Dependency <Task(_PythonDecoratedOperator): log_sql_query>, print_the_context already registered for DAG: example_python_operator
[2026-03-03T00:58:09.408+0000] {logging_mixin.py:149} INFO - [2026-03-03T00:58:09.408+0000] {taskmixin.py:211} WARNING - Dependency <Task(_PythonDecoratedOperator): print_the_context>, log_sql_query already registered for DAG: example_python_operator
[2026-03-03T00:58:09.408+0000] {logging_mixin.py:149} INFO - [2026-03-03T00:58:09.408+0000] {taskmixin.py:211} WARNING - Dependency <Task(_PythonDecoratedOperator): log_sql_query>, print_the_context already registered for DAG: example_python_operator
[2026-03-03T00:58:09.410+0000] {logging_mixin.py:149} INFO - [2026-03-03T00:58:09.410+0000] {taskmixin.py:211} WARNING - Dependency <Task(_PythonDecoratedOperator): print_the_context>, log_sql_query already registered for DAG: example_python_operator
[2026-03-03T00:58:09.412+0000] {logging_mixin.py:149} INFO - [2026-03-03T00:58:09.412+0000] {taskmixin.py:211} WARNING - Dependency <Task(_PythonDecoratedOperator): log_sql_query>, print_the_context already registered for DAG: example_python_operator
[2026-03-03T00:58:09.412+0000] {logging_mixin.py:149} INFO - [2026-03-03T00:58:09.412+0000] {taskmixin.py:211} WARNING - Dependency <Task(_PythonDecoratedOperator): print_the_context>, log_sql_query already registered for DAG: example_python_operator
[2026-03-03T00:58:09.412+0000] {logging_mixin.py:149} INFO - [2026-03-03T00:58:09.412+0000] {taskmixin.py:211} WARNING - Dependency <Task(_PythonDecoratedOperator): log_sql_query>, print_the_context already registered for DAG: example_python_operator
[2026-03-03T00:58:09.413+0000] {processor.py:809} INFO - DAG(s) dict_keys(['example_python_operator']) retrieved from /home/airflow/.local/lib/python3.7/site-packages/airflow/example_dags/example_python_operator.py
[2026-03-03T00:58:09.431+0000] {logging_mixin.py:149} INFO - [2026-03-03T00:58:09.431+0000] {dag.py:2726} INFO - Sync 1 DAGs
[2026-03-03T00:58:09.447+0000] {logging_mixin.py:149} INFO - [2026-03-03T00:58:09.447+0000] {dag.py:3490} INFO - Setting next_dagrun for example_python_operator to None, run_after=None
[2026-03-03T00:58:09.462+0000] {processor.py:178} INFO - Processing /home/airflow/.local/lib/python3.7/site-packages/airflow/example_dags/example_python_operator.py took 0.066 seconds
[2026-03-03T00:58:40.302+0000] {processor.py:156} INFO - Started process (PID=379) to work on /home/airflow/.local/lib/python3.7/site-packages/airflow/example_dags/example_python_operator.py
[2026-03-03T00:58:40.302+0000] {processor.py:799} INFO - Processing file /home/airflow/.local/lib/python3.7/site-packages/airflow/example_dags/example_python_operator.py for tasks to queue
[2026-03-03T00:58:40.302+0000] {logging_mixin.py:149} INFO - [2026-03-03T00:58:40.302+0000] {dagbag.py:541} INFO - Filling up the DagBag from /home/airflow/.local/lib/python3.7/site-packages/airflow/example_dags/example_python_operator.py
[2026-03-03T00:58:40.306+0000] {logging_mixin.py:149} INFO - [2026-03-03T00:58:40.305+0000] {taskmixin.py:211} WARNING - Dependency <Task(_PythonDecoratedOperator): print_the_context>, log_sql_query already registered for DAG: example_python_operator
[2026-03-03T00:58:40.306+0000] {logging_mixin.py:149} INFO - [2026-03-03T00:58:40.306+0000] {taskmixin.py:211} WARNING - Dependency <Task(_PythonDecoratedOperator): log_sql_query>, print_the_context already registered for DAG: example_python_operator
[2026-03-03T00:58:40.308+0000] {logging_mixin.py:149} INFO - [2026-03-03T00:58:40.308+0000] {taskmixin.py:211} WARNING - Dependency <Task(_PythonDecoratedOperator): print_the_context>, log_sql_query already registered for DAG: example_python_operator
[2026-03-03T00:58:40.309+0000] {logging_mixin.py:149} INFO - [2026-03-03T00:58:40.309+0000] {taskmixin.py:211} WARNING - Dependency <Task(_PythonDecoratedOperator): log_sql_query>, print_the_context already registered for DAG: example_python_operator
[2026-03-03T00:58:40.310+0000] {logging_mixin.py:149} INFO - [2026-03-03T00:58:40.310+0000] {taskmixin.py:211} WARNING - Dependency <Task(_PythonDecoratedOperator): print_the_context>, log_sql_query already registered for DAG: example_python_operator
[2026-03-03T00:58:40.310+0000] {logging_mixin.py:149} INFO - [2026-03-03T00:58:40.310+0000] {taskmixin.py:211} WARNING - Dependency <Task(_PythonDecoratedOperator): log_sql_query>, print_the_context already registered for DAG: example_python_operator
[2026-03-03T00:58:40.310+0000] {logging_mixin.py:149} INFO - [2026-03-03T00:58:40.310+0000] {taskmixin.py:211} WARNING - Dependency <Task(_PythonDecoratedOperator): print_the_context>, log_sql_query already registered for DAG: example_python_operator
[2026-03-03T00:58:40.310+0000] {logging_mixin.py:149} INFO - [2026-03-03T00:58:40.310+0000] {taskmixin.py:211} WARNING - Dependency <Task(_PythonDecoratedOperator): log_sql_query>, print_the_context already registered for DAG: example_python_operator
[2026-03-03T00:58:40.311+0000] {processor.py:809} INFO - DAG(s) dict_keys(['example_python_operator']) retrieved from /home/airflow/.local/lib/python3.7/site-packages/airflow/example_dags/example_python_operator.py
[2026-03-03T00:58:40.331+0000] {logging_mixin.py:149} INFO - [2026-03-03T00:58:40.331+0000] {dag.py:2726} INFO - Sync 1 DAGs
[2026-03-03T00:58:40.342+0000] {logging_mixin.py:149} INFO - [2026-03-03T00:58:40.342+0000] {dag.py:3490} INFO - Setting next_dagrun for example_python_operator to None, run_after=None
[2026-03-03T00:58:40.352+0000] {processor.py:178} INFO - Processing /home/airflow/.local/lib/python3.7/site-packages/airflow/example_dags/example_python_operator.py took 0.052 seconds
[2026-03-03T00:59:11.382+0000] {processor.py:156} INFO - Started process (PID=441) to work on /home/airflow/.local/lib/python3.7/site-packages/airflow/example_dags/example_python_operator.py
[2026-03-03T00:59:11.383+0000] {processor.py:799} INFO - Processing file /home/airflow/.local/lib/python3.7/site-packages/airflow/example_dags/example_python_operator.py for tasks to queue
[2026-03-03T00:59:11.385+0000] {logging_mixin.py:149} INFO - [2026-03-03T00:59:11.385+0000] {dagbag.py:541} INFO - Filling up the DagBag from /home/airflow/.local/lib/python3.7/site-packages/airflow/example_dags/example_python_operator.py
[2026-03-03T00:59:11.388+0000] {logging_mixin.py:149} INFO - [2026-03-03T00:59:11.388+0000] {taskmixin.py:211} WARNING - Dependency <Task(_PythonDecoratedOperator): print_the_context>, log_sql_query already registered for DAG: example_python_operator
[2026-03-03T00:59:11.389+0000] {logging_mixin.py:149} INFO - [2026-03-03T00:59:11.388+0000] {taskmixin.py:211} WARNING - Dependency <Task(_PythonDecoratedOperator): log_sql_query>, print_the_context already registered for DAG: example_python_operator
[2026-03-03T00:59:11.389+0000] {logging_mixin.py:149} INFO - [2026-03-03T00:59:11.389+0000] {taskmixin.py:211} WARNING - Dependency <Task(_PythonDecoratedOperator): print_the_context>, log_sql_query already registered for DAG: example_python_operator
[2026-03-03T00:59:11.389+0000] {logging_mixin.py:149} INFO - [2026-03-03T00:59:11.389+0000] {taskmixin.py:211} WARNING - Dependency <Task(_PythonDecoratedOperator): log_sql_query>, print_the_context already registered for DAG: example_python_operator
[2026-03-03T00:59:11.390+0000] {logging_mixin.py:149} INFO - [2026-03-03T00:59:11.390+0000] {taskmixin.py:211} WARNING - Dependency <Task(_PythonDecoratedOperator): print_the_context>, log_sql_query already registered for DAG: example_python_operator
[2026-03-03T00:59:11.390+0000] {logging_mixin.py:149} INFO - [2026-03-03T00:59:11.390+0000] {taskmixin.py:211} WARNING - Dependency <Task(_PythonDecoratedOperator): log_sql_query>, print_the_context already registered for DAG: example_python_operator
[2026-03-03T00:59:11.391+0000] {logging_mixin.py:149} INFO - [2026-03-03T00:59:11.391+0000] {taskmixin.py:211} WARNING - Dependency <Task(_PythonDecoratedOperator): print_the_context>, log_sql_query already registered for DAG: example_python_operator
[2026-03-03T00:59:11.391+0000] {logging_mixin.py:149} INFO - [2026-03-03T00:59:11.391+0000] {taskmixin.py:211} WARNING - Dependency <Task(_PythonDecoratedOperator): log_sql_query>, print_the_context already registered for DAG: example_python_operator
[2026-03-03T00:59:11.393+0000] {processor.py:809} INFO - DAG(s) dict_keys(['example_python_operator']) retrieved from /home/airflow/.local/lib/python3.7/site-packages/airflow/example_dags/example_python_operator.py
[2026-03-03T00:59:11.407+0000] {logging_mixin.py:149} INFO - [2026-03-03T00:59:11.407+0000] {dag.py:2726} INFO - Sync 1 DAGs
[2026-03-03T00:59:11.418+0000] {logging_mixin.py:149} INFO - [2026-03-03T00:59:11.418+0000] {dag.py:3490} INFO - Setting next_dagrun for example_python_operator to None, run_after=None
[2026-03-03T00:59:11.435+0000] {processor.py:178} INFO - Processing /home/airflow/.local/lib/python3.7/site-packages/airflow/example_dags/example_python_operator.py took 0.055 seconds
[2026-03-03T00:59:42.182+0000] {processor.py:156} INFO - Started process (PID=503) to work on /home/airflow/.local/lib/python3.7/site-packages/airflow/example_dags/example_python_operator.py
[2026-03-03T00:59:42.182+0000] {processor.py:799} INFO - Processing file /home/airflow/.local/lib/python3.7/site-packages/airflow/example_dags/example_python_operator.py for tasks to queue
[2026-03-03T00:59:42.183+0000] {logging_mixin.py:149} INFO - [2026-03-03T00:59:42.183+0000] {dagbag.py:541} INFO - Filling up the DagBag from /home/airflow/.local/lib/python3.7/site-packages/airflow/example_dags/example_python_operator.py
[2026-03-03T00:59:42.188+0000] {logging_mixin.py:149} INFO - [2026-03-03T00:59:42.188+0000] {taskmixin.py:211} WARNING - Dependency <Task(_PythonDecoratedOperator): print_the_context>, log_sql_query already registered for DAG: example_python_operator
[2026-03-03T00:59:42.188+0000] {logging_mixin.py:149} INFO - [2026-03-03T00:59:42.188+0000] {taskmixin.py:211} WARNING - Dependency <Task(_PythonDecoratedOperator): log_sql_query>, print_the_context already registered for DAG: example_python_operator
[2026-03-03T00:59:42.189+0000] {logging_mixin.py:149} INFO - [2026-03-03T00:59:42.189+0000] {taskmixin.py:211} WARNING - Dependency <Task(_PythonDecoratedOperator): print_the_context>, log_sql_query already registered for DAG: example_python_operator
[2026-03-03T00:59:42.189+0000] {logging_mixin.py:149} INFO - [2026-03-03T00:59:42.189+0000] {taskmixin.py:211} WARNING - Dependency <Task(_PythonDecoratedOperator): log_sql_query>, print_the_context already registered for DAG: example_python_operator
[2026-03-03T00:59:42.189+0000] {logging_mixin.py:149} INFO - [2026-03-03T00:59:42.189+0000] {taskmixin.py:211} WARNING - Dependency <Task(_PythonDecoratedOperator): print_the_context>, log_sql_query already registered for DAG: example_python_operator
[2026-03-03T00:59:42.189+0000] {logging_mixin.py:149} INFO - [2026-03-03T00:59:42.189+0000] {taskmixin.py:211} WARNING - Dependency <Task(_PythonDecoratedOperator): log_sql_query>, print_the_context already registered for DAG: example_python_operator
[2026-03-03T00:59:42.189+0000] {logging_mixin.py:149} INFO - [2026-03-03T00:59:42.189+0000] {taskmixin.py:211} WARNING - Dependency <Task(_PythonDecoratedOperator): print_the_context>, log_sql_query already registered for DAG: example_python_operator
[2026-03-03T00:59:42.189+0000] {logging_mixin.py:149} INFO - [2026-03-03T00:59:42.189+0000] {taskmixin.py:211} WARNING - Dependency <Task(_PythonDecoratedOperator): log_sql_query>, print_the_context already registered for DAG: example_python_operator
[2026-03-03T00:59:42.191+0000] {processor.py:809} INFO - DAG(s) dict_keys(['example_python_operator']) retrieved from /home/airflow/.local/lib/python3.7/site-packages/airflow/example_dags/example_python_operator.py
[2026-03-03T00:59:42.203+0000] {logging_mixin.py:149} INFO - [2026-03-03T00:59:42.203+0000] {dag.py:2726} INFO - Sync 1 DAGs
[2026-03-03T00:59:42.216+0000] {logging_mixin.py:149} INFO - [2026-03-03T00:59:42.216+0000] {dag.py:3490} INFO - Setting next_dagrun for example_python_operator to None, run_after=None
[2026-03-03T00:59:42.227+0000] {processor.py:178} INFO - Processing /home/airflow/.local/lib/python3.7/site-packages/airflow/example_dags/example_python_operator.py took 0.047 seconds
[2026-03-03T01:00:13.896+0000] {processor.py:156} INFO - Started process (PID=565) to work on /home/airflow/.local/lib/python3.7/site-packages/airflow/example_dags/example_python_operator.py
[2026-03-03T01:00:13.901+0000] {processor.py:799} INFO - Processing file /home/airflow/.local/lib/python3.7/site-packages/airflow/example_dags/example_python_operator.py for tasks to queue
[2026-03-03T01:00:13.903+0000] {logging_mixin.py:149} INFO - [2026-03-03T01:00:13.902+0000] {dagbag.py:541} INFO - Filling up the DagBag from /home/airflow/.local/lib/python3.7/site-packages/airflow/example_dags/example_python_operator.py
[2026-03-03T01:00:13.920+0000] {logging_mixin.py:149} INFO - [2026-03-03T01:00:13.919+0000] {taskmixin.py:211} WARNING - Dependency <Task(_PythonDecoratedOperator): print_the_context>, log_sql_query already registered for DAG: example_python_operator
[2026-03-03T01:00:13.921+0000] {logging_mixin.py:149} INFO - [2026-03-03T01:00:13.921+0000] {taskmixin.py:211} WARNING - Dependency <Task(_PythonDecoratedOperator): log_sql_query>, print_the_context already registered for DAG: example_python_operator
[2026-03-03T01:00:13.924+0000] {logging_mixin.py:149} INFO - [2026-03-03T01:00:13.923+0000] {taskmixin.py:211} WARNING - Dependency <Task(_PythonDecoratedOperator): print_the_context>, log_sql_query already registered for DAG: example_python_operator
[2026-03-03T01:00:13.925+0000] {logging_mixin.py:149} INFO - [2026-03-03T01:00:13.925+0000] {taskmixin.py:211} WARNING - Dependency <Task(_PythonDecoratedOperator): log_sql_query>, print_the_context already registered for DAG: example_python_operator
[2026-03-03T01:00:13.929+0000] {logging_mixin.py:149} INFO - [2026-03-03T01:00:13.928+0000] {taskmixin.py:211} WARNING - Dependency <Task(_PythonDecoratedOperator): print_the_context>, log_sql_query already registered for DAG: example_python_operator
[2026-03-03T01:00:13.929+0000] {logging_mixin.py:149} INFO - [2026-03-03T01:00:13.929+0000] {taskmixin.py:211} WARNING - Dependency <Task(_PythonDecoratedOperator): log_sql_query>, print_the_context already registered for DAG: example_python_operator
[2026-03-03T01:00:13.932+0000] {logging_mixin.py:149} INFO - [2026-03-03T01:00:13.932+0000] {taskmixin.py:211} WARNING - Dependency <Task(_PythonDecoratedOperator): print_the_context>, log_sql_query already registered for DAG: example_python_operator
[2026-03-03T01:00:13.933+0000] {logging_mixin.py:149} INFO - [2026-03-03T01:00:13.933+0000] {taskmixin.py:211} WARNING - Dependency <Task(_PythonDecoratedOperator): log_sql_query>, print_the_context already registered for DAG: example_python_operator
[2026-03-03T01:00:13.939+0000] {processor.py:809} INFO - DAG(s) dict_keys(['example_python_operator']) retrieved from /home/airflow/.local/lib/python3.7/site-packages/airflow/example_dags/example_python_operator.py
[2026-03-03T01:00:14.010+0000] {logging_mixin.py:149} INFO - [2026-03-03T01:00:14.009+0000] {dag.py:2726} INFO - Sync 1 DAGs
[2026-03-03T01:00:14.084+0000] {logging_mixin.py:149} INFO - [2026-03-03T01:00:14.083+0000] {dag.py:3490} INFO - Setting next_dagrun for example_python_operator to None, run_after=None
[2026-03-03T01:00:14.151+0000] {processor.py:178} INFO - Processing /home/airflow/.local/lib/python3.7/site-packages/airflow/example_dags/example_python_operator.py took 0.262 seconds
[2026-03-03T01:00:45.089+0000] {processor.py:156} INFO - Started process (PID=627) to work on /home/airflow/.local/lib/python3.7/site-packages/airflow/example_dags/example_python_operator.py
[2026-03-03T01:00:45.093+0000] {processor.py:799} INFO - Processing file /home/airflow/.local/lib/python3.7/site-packages/airflow/example_dags/example_python_operator.py for tasks to queue
[2026-03-03T01:00:45.095+0000] {logging_mixin.py:149} INFO - [2026-03-03T01:00:45.095+0000] {dagbag.py:541} INFO - Filling up the DagBag from /home/airflow/.local/lib/python3.7/site-packages/airflow/example_dags/example_python_operator.py
[2026-03-03T01:00:45.115+0000] {logging_mixin.py:149} INFO - [2026-03-03T01:00:45.114+0000] {taskmixin.py:211} WARNING - Dependency <Task(_PythonDecoratedOperator): print_the_context>, log_sql_query already registered for DAG: example_python_operator
[2026-03-03T01:00:45.116+0000] {logging_mixin.py:149} INFO - [2026-03-03T01:00:45.116+0000] {taskmixin.py:211} WARNING - Dependency <Task(_PythonDecoratedOperator): log_sql_query>, print_the_context already registered for DAG: example_python_operator
[2026-03-03T01:00:45.118+0000] {logging_mixin.py:149} INFO - [2026-03-03T01:00:45.118+0000] {taskmixin.py:211} WARNING - Dependency <Task(_PythonDecoratedOperator): print_the_context>, log_sql_query already registered for DAG: example_python_operator
[2026-03-03T01:00:45.119+0000] {logging_mixin.py:149} INFO - [2026-03-03T01:00:45.118+0000] {taskmixin.py:211} WARNING - Dependency <Task(_PythonDecoratedOperator): log_sql_query>, print_the_context already registered for DAG: example_python_operator
[2026-03-03T01:00:45.120+0000] {logging_mixin.py:149} INFO - [2026-03-03T01:00:45.119+0000] {taskmixin.py:211} WARNING - Dependency <Task(_PythonDecoratedOperator): print_the_context>, log_sql_query already registered for DAG: example_python_operator
[2026-03-03T01:00:45.121+0000] {logging_mixin.py:149} INFO - [2026-03-03T01:00:45.120+0000] {taskmixin.py:211} WARNING - Dependency <Task(_PythonDecoratedOperator): log_sql_query>, print_the_context already registered for DAG: example_python_operator
[2026-03-03T01:00:45.123+0000] {logging_mixin.py:149} INFO - [2026-03-03T01:00:45.123+0000] {taskmixin.py:211} WARNING - Dependency <Task(_PythonDecoratedOperator): print_the_context>, log_sql_query already registered for DAG: example_python_operator
[2026-03-03T01:00:45.124+0000] {logging_mixin.py:149} INFO - [2026-03-03T01:00:45.124+0000] {taskmixin.py:211} WARNING - Dependency <Task(_PythonDecoratedOperator): log_sql_query>, print_the_context already registered for DAG: example_python_operator
[2026-03-03T01:00:45.132+0000] {processor.py:809} INFO - DAG(s) dict_keys(['example_python_operator']) retrieved from /home/airflow/.local/lib/python3.7/site-packages/airflow/example_dags/example_python_operator.py
[2026-03-03T01:00:45.206+0000] {logging_mixin.py:149} INFO - [2026-03-03T01:00:45.205+0000] {dag.py:2726} INFO - Sync 1 DAGs
[2026-03-03T01:00:45.284+0000] {logging_mixin.py:149} INFO - [2026-03-03T01:00:45.283+0000] {dag.py:3490} INFO - Setting next_dagrun for example_python_operator to None, run_after=None
[2026-03-03T01:00:45.359+0000] {processor.py:178} INFO - Processing /home/airflow/.local/lib/python3.7/site-packages/airflow/example_dags/example_python_operator.py took 0.277 seconds
[2026-03-03T01:01:16.003+0000] {processor.py:156} INFO - Started process (PID=689) to work on /home/airflow/.local/lib/python3.7/site-packages/airflow/example_dags/example_python_operator.py
[2026-03-03T01:01:16.004+0000] {processor.py:799} INFO - Processing file /home/airflow/.local/lib/python3.7/site-packages/airflow/example_dags/example_python_operator.py for tasks to queue
[2026-03-03T01:01:16.004+0000] {logging_mixin.py:149} INFO - [2026-03-03T01:01:16.004+0000] {dagbag.py:541} INFO - Filling up the DagBag from /home/airflow/.local/lib/python3.7/site-packages/airflow/example_dags/example_python_operator.py
[2026-03-03T01:01:16.008+0000] {logging_mixin.py:149} INFO - [2026-03-03T01:01:16.008+0000] {taskmixin.py:211} WARNING - Dependency <Task(_PythonDecoratedOperator): print_the_context>, log_sql_query already registered for DAG: example_python_operator
[2026-03-03T01:01:16.009+0000] {logging_mixin.py:149} INFO - [2026-03-03T01:01:16.009+0000] {taskmixin.py:211} WARNING - Dependency <Task(_PythonDecoratedOperator): log_sql_query>, print_the_context already registered for DAG: example_python_operator
[2026-03-03T01:01:16.009+0000] {logging_mixin.py:149} INFO - [2026-03-03T01:01:16.009+0000] {taskmixin.py:211} WARNING - Dependency <Task(_PythonDecoratedOperator): print_the_context>, log_sql_query already registered for DAG: example_python_operator
[2026-03-03T01:01:16.011+0000] {logging_mixin.py:149} INFO - [2026-03-03T01:01:16.011+0000] {taskmixin.py:211} WARNING - Dependency <Task(_PythonDecoratedOperator): log_sql_query>, print_the_context already registered for DAG: example_python_operator
[2026-03-03T01:01:16.011+0000] {logging_mixin.py:149} INFO - [2026-03-03T01:01:16.011+0000] {taskmixin.py:211} WARNING - Dependency <Task(_PythonDecoratedOperator): print_the_context>, log_sql_query already registered for DAG: example_python_operator
[2026-03-03T01:01:16.011+0000] {logging_mixin.py:149} INFO - [2026-03-03T01:01:16.011+0000] {taskmixin.py:211} WARNING - Dependency <Task(_PythonDecoratedOperator): log_sql_query>, print_the_context already registered for DAG: example_python_operator
[2026-03-03T01:01:16.011+0000] {logging_mixin.py:149} INFO - [2026-03-03T01:01:16.011+0000] {taskmixin.py:211} WARNING - Dependency <Task(_PythonDecoratedOperator): print_the_context>, log_sql_query already registered for DAG: example_python_operator
[2026-03-03T01:01:16.011+0000] {logging_mixin.py:149} INFO - [2026-03-03T01:01:16.011+0000] {taskmixin.py:211} WARNING - Dependency <Task(_PythonDecoratedOperator): log_sql_query>, print_the_context already registered for DAG: example_python_operator
[2026-03-03T01:01:16.013+0000] {processor.py:809} INFO - DAG(s) dict_keys(['example_python_operator']) retrieved from /home/airflow/.local/lib/python3.7/site-packages/airflow/example_dags/example_python_operator.py
[2026-03-03T01:01:16.028+0000] {logging_mixin.py:149} INFO - [2026-03-03T01:01:16.028+0000] {dag.py:2726} INFO - Sync 1 DAGs
[2026-03-03T01:01:16.040+0000] {logging_mixin.py:149} INFO - [2026-03-03T01:01:16.040+0000] {dag.py:3490} INFO - Setting next_dagrun for example_python_operator to None, run_after=None
[2026-03-03T01:01:16.049+0000] {processor.py:178} INFO - Processing /home/airflow/.local/lib/python3.7/site-packages/airflow/example_dags/example_python_operator.py took 0.047 seconds
[2026-03-03T01:01:46.770+0000] {processor.py:156} INFO - Started process (PID=751) to work on /home/airflow/.local/lib/python3.7/site-packages/airflow/example_dags/example_python_operator.py
[2026-03-03T01:01:46.770+0000] {processor.py:799} INFO - Processing file /home/airflow/.local/lib/python3.7/site-packages/airflow/example_dags/example_python_operator.py for tasks to queue
[2026-03-03T01:01:46.771+0000] {logging_mixin.py:149} INFO - [2026-03-03T01:01:46.771+0000] {dagbag.py:541} INFO - Filling up the DagBag from /home/airflow/.local/lib/python3.7/site-packages/airflow/example_dags/example_python_operator.py
[2026-03-03T01:01:46.775+0000] {logging_mixin.py:149} INFO - [2026-03-03T01:01:46.775+0000] {taskmixin.py:211} WARNING - Dependency <Task(_PythonDecoratedOperator): print_the_context>, log_sql_query already registered for DAG: example_python_operator
[2026-03-03T01:01:46.775+0000] {logging_mixin.py:149} INFO - [2026-03-03T01:01:46.775+0000] {taskmixin.py:211} WARNING - Dependency <Task(_PythonDecoratedOperator): log_sql_query>, print_the_context already registered for DAG: example_python_operator
[2026-03-03T01:01:46.775+0000] {logging_mixin.py:149} INFO - [2026-03-03T01:01:46.775+0000] {taskmixin.py:211} WARNING - Dependency <Task(_PythonDecoratedOperator): print_the_context>, log_sql_query already registered for DAG: example_python_operator
[2026-03-03T01:01:46.776+0000] {logging_mixin.py:149} INFO - [2026-03-03T01:01:46.775+0000] {taskmixin.py:211} WARNING - Dependency <Task(_PythonDecoratedOperator): log_sql_query>, print_the_context already registered for DAG: example_python_operator
[2026-03-03T01:01:46.776+0000] {logging_mixin.py:149} INFO - [2026-03-03T01:01:46.776+0000] {taskmixin.py:211} WARNING - Dependency <Task(_PythonDecoratedOperator): print_the_context>, log_sql_query already registered for DAG: example_python_operator
[2026-03-03T01:01:46.776+0000] {logging_mixin.py:149} INFO - [2026-03-03T01:01:46.776+0000] {taskmixin.py:211} WARNING - Dependency <Task(_PythonDecoratedOperator): log_sql_query>, print_the_context already registered for DAG: example_python_operator
[2026-03-03T01:01:46.776+0000] {logging_mixin.py:149} INFO - [2026-03-03T01:01:46.776+0000] {taskmixin.py:211} WARNING - Dependency <Task(_PythonDecoratedOperator): print_the_context>, log_sql_query already registered for DAG: example_python_operator
[2026-03-03T01:01:46.776+0000] {logging_mixin.py:149} INFO - [2026-03-03T01:01:46.776+0000] {taskmixin.py:211} WARNING - Dependency <Task(_PythonDecoratedOperator): log_sql_query>, print_the_context already registered for DAG: example_python_operator
[2026-03-03T01:01:46.778+0000] {processor.py:809} INFO - DAG(s) dict_keys(['example_python_operator']) retrieved from /home/airflow/.local/lib/python3.7/site-packages/airflow/example_dags/example_python_operator.py
[2026-03-03T01:01:46.794+0000] {logging_mixin.py:149} INFO - [2026-03-03T01:01:46.794+0000] {dag.py:2726} INFO - Sync 1 DAGs
[2026-03-03T01:01:46.809+0000] {logging_mixin.py:149} INFO - [2026-03-03T01:01:46.809+0000] {dag.py:3490} INFO - Setting next_dagrun for example_python_operator to None, run_after=None
[2026-03-03T01:01:46.820+0000] {processor.py:178} INFO - Processing /home/airflow/.local/lib/python3.7/site-packages/airflow/example_dags/example_python_operator.py took 0.054 seconds
[2026-03-03T01:02:17.564+0000] {processor.py:156} INFO - Started process (PID=813) to work on /home/airflow/.local/lib/python3.7/site-packages/airflow/example_dags/example_python_operator.py
[2026-03-03T01:02:17.564+0000] {processor.py:799} INFO - Processing file /home/airflow/.local/lib/python3.7/site-packages/airflow/example_dags/example_python_operator.py for tasks to queue
[2026-03-03T01:02:17.564+0000] {logging_mixin.py:149} INFO - [2026-03-03T01:02:17.564+0000] {dagbag.py:541} INFO - Filling up the DagBag from /home/airflow/.local/lib/python3.7/site-packages/airflow/example_dags/example_python_operator.py
[2026-03-03T01:02:17.568+0000] {logging_mixin.py:149} INFO - [2026-03-03T01:02:17.568+0000] {taskmixin.py:211} WARNING - Dependency <Task(_PythonDecoratedOperator): print_the_context>, log_sql_query already registered for DAG: example_python_operator
[2026-03-03T01:02:17.568+0000] {logging_mixin.py:149} INFO - [2026-03-03T01:02:17.568+0000] {taskmixin.py:211} WARNING - Dependency <Task(_PythonDecoratedOperator): log_sql_query>, print_the_context already registered for DAG: example_python_operator
[2026-03-03T01:02:17.568+0000] {logging_mixin.py:149} INFO - [2026-03-03T01:02:17.568+0000] {taskmixin.py:211} WARNING - Dependency <Task(_PythonDecoratedOperator): print_the_context>, log_sql_query already registered for DAG: example_python_operator
[2026-03-03T01:02:17.568+0000] {logging_mixin.py:149} INFO - [2026-03-03T01:02:17.568+0000] {taskmixin.py:211} WARNING - Dependency <Task(_PythonDecoratedOperator): log_sql_query>, print_the_context already registered for DAG: example_python_operator
[2026-03-03T01:02:17.569+0000] {logging_mixin.py:149} INFO - [2026-03-03T01:02:17.569+0000] {taskmixin.py:211} WARNING - Dependency <Task(_PythonDecoratedOperator): print_the_context>, log_sql_query already registered for DAG: example_python_operator
[2026-03-03T01:02:17.569+0000] {logging_mixin.py:149} INFO - [2026-03-03T01:02:17.569+0000] {taskmixin.py:211} WARNING - Dependency <Task(_PythonDecoratedOperator): log_sql_query>, print_the_context already registered for DAG: example_python_operator
[2026-03-03T01:02:17.569+0000] {logging_mixin.py:149} INFO - [2026-03-03T01:02:17.569+0000] {taskmixin.py:211} WARNING - Dependency <Task(_PythonDecoratedOperator): print_the_context>, log_sql_query already registered for DAG: example_python_operator
[2026-03-03T01:02:17.569+0000] {logging_mixin.py:149} INFO - [2026-03-03T01:02:17.569+0000] {taskmixin.py:211} WARNING - Dependency <Task(_PythonDecoratedOperator): log_sql_query>, print_the_context already registered for DAG: example_python_operator
[2026-03-03T01:02:17.570+0000] {processor.py:809} INFO - DAG(s) dict_keys(['example_python_operator']) retrieved from /home/airflow/.local/lib/python3.7/site-packages/airflow/example_dags/example_python_operator.py
[2026-03-03T01:02:17.584+0000] {logging_mixin.py:149} INFO - [2026-03-03T01:02:17.584+0000] {dag.py:2726} INFO - Sync 1 DAGs
[2026-03-03T01:02:17.596+0000] {logging_mixin.py:149} INFO - [2026-03-03T01:02:17.596+0000] {dag.py:3490} INFO - Setting next_dagrun for example_python_operator to None, run_after=None
[2026-03-03T01:02:17.604+0000] {processor.py:178} INFO - Processing /home/airflow/.local/lib/python3.7/site-packages/airflow/example_dags/example_python_operator.py took 0.042 seconds
[2026-03-03T01:02:48.318+0000] {processor.py:156} INFO - Started process (PID=875) to work on /home/airflow/.local/lib/python3.7/site-packages/airflow/example_dags/example_python_operator.py
[2026-03-03T01:02:48.318+0000] {processor.py:799} INFO - Processing file /home/airflow/.local/lib/python3.7/site-packages/airflow/example_dags/example_python_operator.py for tasks to queue
[2026-03-03T01:02:48.319+0000] {logging_mixin.py:149} INFO - [2026-03-03T01:02:48.319+0000] {dagbag.py:541} INFO - Filling up the DagBag from /home/airflow/.local/lib/python3.7/site-packages/airflow/example_dags/example_python_operator.py
[2026-03-03T01:02:48.323+0000] {logging_mixin.py:149} INFO - [2026-03-03T01:02:48.323+0000] {taskmixin.py:211} WARNING - Dependency <Task(_PythonDecoratedOperator): print_the_context>, log_sql_query already registered for DAG: example_python_operator
[2026-03-03T01:02:48.323+0000] {logging_mixin.py:149} INFO - [2026-03-03T01:02:48.323+0000] {taskmixin.py:211} WARNING - Dependency <Task(_PythonDecoratedOperator): log_sql_query>, print_the_context already registered for DAG: example_python_operator
[2026-03-03T01:02:48.323+0000] {logging_mixin.py:149} INFO - [2026-03-03T01:02:48.323+0000] {taskmixin.py:211} WARNING - Dependency <Task(_PythonDecoratedOperator): print_the_context>, log_sql_query already registered for DAG: example_python_operator
[2026-03-03T01:02:48.323+0000] {logging_mixin.py:149} INFO - [2026-03-03T01:02:48.323+0000] {taskmixin.py:211} WARNING - Dependency <Task(_PythonDecoratedOperator): log_sql_query>, print_the_context already registered for DAG: example_python_operator
[2026-03-03T01:02:48.324+0000] {logging_mixin.py:149} INFO - [2026-03-03T01:02:48.324+0000] {taskmixin.py:211} WARNING - Dependency <Task(_PythonDecoratedOperator): print_the_context>, log_sql_query already registered for DAG: example_python_operator
[2026-03-03T01:02:48.324+0000] {logging_mixin.py:149} INFO - [2026-03-03T01:02:48.324+0000] {taskmixin.py:211} WARNING - Dependency <Task(_PythonDecoratedOperator): log_sql_query>, print_the_context already registered for DAG: example_python_operator
[2026-03-03T01:02:48.324+0000] {logging_mixin.py:149} INFO - [2026-03-03T01:02:48.324+0000] {taskmixin.py:211} WARNING - Dependency <Task(_PythonDecoratedOperator): print_the_context>, log_sql_query already registered for DAG: example_python_operator
[2026-03-03T01:02:48.324+0000] {logging_mixin.py:149} INFO - [2026-03-03T01:02:48.324+0000] {taskmixin.py:211} WARNING - Dependency <Task(_PythonDecoratedOperator): log_sql_query>, print_the_context already registered for DAG: example_python_operator
[2026-03-03T01:02:48.325+0000] {processor.py:809} INFO - DAG(s) dict_keys(['example_python_operator']) retrieved from /home/airflow/.local/lib/python3.7/site-packages/airflow/example_dags/example_python_operator.py
[2026-03-03T01:02:48.340+0000] {logging_mixin.py:149} INFO - [2026-03-03T01:02:48.340+0000] {dag.py:2726} INFO - Sync 1 DAGs
[2026-03-03T01:02:48.353+0000] {logging_mixin.py:149} INFO - [2026-03-03T01:02:48.352+0000] {dag.py:3490} INFO - Setting next_dagrun for example_python_operator to None, run_after=None
[2026-03-03T01:02:48.362+0000] {processor.py:178} INFO - Processing /home/airflow/.local/lib/python3.7/site-packages/airflow/example_dags/example_python_operator.py took 0.046 seconds
[2026-03-03T01:03:19.081+0000] {processor.py:156} INFO - Started process (PID=937) to work on /home/airflow/.local/lib/python3.7/site-packages/airflow/example_dags/example_python_operator.py
[2026-03-03T01:03:19.082+0000] {processor.py:799} INFO - Processing file /home/airflow/.local/lib/python3.7/site-packages/airflow/example_dags/example_python_operator.py for tasks to queue
[2026-03-03T01:03:19.083+0000] {logging_mixin.py:149} INFO - [2026-03-03T01:03:19.083+0000] {dagbag.py:541} INFO - Filling up the DagBag from /home/airflow/.local/lib/python3.7/site-packages/airflow/example_dags/example_python_operator.py
[2026-03-03T01:03:19.087+0000] {logging_mixin.py:149} INFO - [2026-03-03T01:03:19.087+0000] {taskmixin.py:211} WARNING - Dependency <Task(_PythonDecoratedOperator): print_the_context>, log_sql_query already registered for DAG: example_python_operator
[2026-03-03T01:03:19.087+0000] {logging_mixin.py:149} INFO - [2026-03-03T01:03:19.087+0000] {taskmixin.py:211} WARNING - Dependency <Task(_PythonDecoratedOperator): log_sql_query>, print_the_context already registered for DAG: example_python_operator
[2026-03-03T01:03:19.087+0000] {logging_mixin.py:149} INFO - [2026-03-03T01:03:19.087+0000] {taskmixin.py:211} WARNING - Dependency <Task(_PythonDecoratedOperator): print_the_context>, log_sql_query already registered for DAG: example_python_operator
[2026-03-03T01:03:19.087+0000] {logging_mixin.py:149} INFO - [2026-03-03T01:03:19.087+0000] {taskmixin.py:211} WARNING - Dependency <Task(_PythonDecoratedOperator): log_sql_query>, print_the_context already registered for DAG: example_python_operator
[2026-03-03T01:03:19.088+0000] {logging_mixin.py:149} INFO - [2026-03-03T01:03:19.088+0000] {taskmixin.py:211} WARNING - Dependency <Task(_PythonDecoratedOperator): print_the_context>, log_sql_query already registered for DAG: example_python_operator
[2026-03-03T01:03:19.088+0000] {logging_mixin.py:149} INFO - [2026-03-03T01:03:19.088+0000] {taskmixin.py:211} WARNING - Dependency <Task(_PythonDecoratedOperator): log_sql_query>, print_the_context already registered for DAG: example_python_operator
[2026-03-03T01:03:19.088+0000] {logging_mixin.py:149} INFO - [2026-03-03T01:03:19.088+0000] {taskmixin.py:211} WARNING - Dependency <Task(_PythonDecoratedOperator): print_the_context>, log_sql_query already registered for DAG: example_python_operator
[2026-03-03T01:03:19.088+0000] {logging_mixin.py:149} INFO - [2026-03-03T01:03:19.088+0000] {taskmixin.py:211} WARNING - Dependency <Task(_PythonDecoratedOperator): log_sql_query>, print_the_context already registered for DAG: example_python_operator
[2026-03-03T01:03:19.089+0000] {processor.py:809} INFO - DAG(s) dict_keys(['example_python_operator']) retrieved from /home/airflow/.local/lib/python3.7/site-packages/airflow/example_dags/example_python_operator.py
[2026-03-03T01:03:19.105+0000] {logging_mixin.py:149} INFO - [2026-03-03T01:03:19.105+0000] {dag.py:2726} INFO - Sync 1 DAGs
[2026-03-03T01:03:19.117+0000] {logging_mixin.py:149} INFO - [2026-03-03T01:03:19.117+0000] {dag.py:3490} INFO - Setting next_dagrun for example_python_operator to None, run_after=None
[2026-03-03T01:03:19.126+0000] {processor.py:178} INFO - Processing /home/airflow/.local/lib/python3.7/site-packages/airflow/example_dags/example_python_operator.py took 0.048 seconds
[2026-03-03T01:03:49.896+0000] {processor.py:156} INFO - Started process (PID=999) to work on /home/airflow/.local/lib/python3.7/site-packages/airflow/example_dags/example_python_operator.py
[2026-03-03T01:03:49.898+0000] {processor.py:799} INFO - Processing file /home/airflow/.local/lib/python3.7/site-packages/airflow/example_dags/example_python_operator.py for tasks to queue
[2026-03-03T01:03:49.899+0000] {logging_mixin.py:149} INFO - [2026-03-03T01:03:49.899+0000] {dagbag.py:541} INFO - Filling up the DagBag from /home/airflow/.local/lib/python3.7/site-packages/airflow/example_dags/example_python_operator.py
[2026-03-03T01:03:49.903+0000] {logging_mixin.py:149} INFO - [2026-03-03T01:03:49.903+0000] {taskmixin.py:211} WARNING - Dependency <Task(_PythonDecoratedOperator): print_the_context>, log_sql_query already registered for DAG: example_python_operator
[2026-03-03T01:03:49.904+0000] {logging_mixin.py:149} INFO - [2026-03-03T01:03:49.904+0000] {taskmixin.py:211} WARNING - Dependency <Task(_PythonDecoratedOperator): log_sql_query>, print_the_context already registered for DAG: example_python_operator
[2026-03-03T01:03:49.904+0000] {logging_mixin.py:149} INFO - [2026-03-03T01:03:49.904+0000] {taskmixin.py:211} WARNING - Dependency <Task(_PythonDecoratedOperator): print_the_context>, log_sql_query already registered for DAG: example_python_operator
[2026-03-03T01:03:49.905+0000] {logging_mixin.py:149} INFO - [2026-03-03T01:03:49.904+0000] {taskmixin.py:211} WARNING - Dependency <Task(_PythonDecoratedOperator): log_sql_query>, print_the_context already registered for DAG: example_python_operator
[2026-03-03T01:03:49.905+0000] {logging_mixin.py:149} INFO - [2026-03-03T01:03:49.905+0000] {taskmixin.py:211} WARNING - Dependency <Task(_PythonDecoratedOperator): print_the_context>, log_sql_query already registered for DAG: example_python_operator
[2026-03-03T01:03:49.905+0000] {logging_mixin.py:149} INFO - [2026-03-03T01:03:49.905+0000] {taskmixin.py:211} WARNING - Dependency <Task(_PythonDecoratedOperator): log_sql_query>, print_the_context already registered for DAG: example_python_operator
[2026-03-03T01:03:49.905+0000] {logging_mixin.py:149} INFO - [2026-03-03T01:03:49.905+0000] {taskmixin.py:211} WARNING - Dependency <Task(_PythonDecoratedOperator): print_the_context>, log_sql_query already registered for DAG: example_python_operator
[2026-03-03T01:03:49.905+0000] {logging_mixin.py:149} INFO - [2026-03-03T01:03:49.905+0000] {taskmixin.py:211} WARNING - Dependency <Task(_PythonDecoratedOperator): log_sql_query>, print_the_context already registered for DAG: example_python_operator
[2026-03-03T01:03:49.907+0000] {processor.py:809} INFO - DAG(s) dict_keys(['example_python_operator']) retrieved from /home/airflow/.local/lib/python3.7/site-packages/airflow/example_dags/example_python_operator.py
[2026-03-03T01:03:49.928+0000] {logging_mixin.py:149} INFO - [2026-03-03T01:03:49.928+0000] {dag.py:2726} INFO - Sync 1 DAGs
[2026-03-03T01:03:49.942+0000] {logging_mixin.py:149} INFO - [2026-03-03T01:03:49.941+0000] {dag.py:3490} INFO - Setting next_dagrun for example_python_operator to None, run_after=None
[2026-03-03T01:03:49.952+0000] {processor.py:178} INFO - Processing /home/airflow/.local/lib/python3.7/site-packages/airflow/example_dags/example_python_operator.py took 0.058 seconds
[2026-03-03T01:04:20.548+0000] {processor.py:156} INFO - Started process (PID=1061) to work on /home/airflow/.local/lib/python3.7/site-packages/airflow/example_dags/example_python_operator.py
[2026-03-03T01:04:20.548+0000] {processor.py:799} INFO - Processing file /home/airflow/.local/lib/python3.7/site-packages/airflow/example_dags/example_python_operator.py for tasks to queue
[2026-03-03T01:04:20.548+0000] {logging_mixin.py:149} INFO - [2026-03-03T01:04:20.548+0000] {dagbag.py:541} INFO - Filling up the DagBag from /home/airflow/.local/lib/python3.7/site-packages/airflow/example_dags/example_python_operator.py
[2026-03-03T01:04:20.552+0000] {logging_mixin.py:149} INFO - [2026-03-03T01:04:20.552+0000] {taskmixin.py:211} WARNING - Dependency <Task(_PythonDecoratedOperator): print_the_context>, log_sql_query already registered for DAG: example_python_operator
[2026-03-03T01:04:20.552+0000] {logging_mixin.py:149} INFO - [2026-03-03T01:04:20.552+0000] {taskmixin.py:211} WARNING - Dependency <Task(_PythonDecoratedOperator): log_sql_query>, print_the_context already registered for DAG: example_python_operator
[2026-03-03T01:04:20.553+0000] {logging_mixin.py:149} INFO - [2026-03-03T01:04:20.553+0000] {taskmixin.py:211} WARNING - Dependency <Task(_PythonDecoratedOperator): print_the_context>, log_sql_query already registered for DAG: example_python_operator
[2026-03-03T01:04:20.553+0000] {logging_mixin.py:149} INFO - [2026-03-03T01:04:20.553+0000] {taskmixin.py:211} WARNING - Dependency <Task(_PythonDecoratedOperator): log_sql_query>, print_the_context already registered for DAG: example_python_operator
[2026-03-03T01:04:20.553+0000] {logging_mixin.py:149} INFO - [2026-03-03T01:04:20.553+0000] {taskmixin.py:211} WARNING - Dependency <Task(_PythonDecoratedOperator): print_the_context>, log_sql_query already registered for DAG: example_python_operator
[2026-03-03T01:04:20.553+0000] {logging_mixin.py:149} INFO - [2026-03-03T01:04:20.553+0000] {taskmixin.py:211} WARNING - Dependency <Task(_PythonDecoratedOperator): log_sql_query>, print_the_context already registered for DAG: example_python_operator
[2026-03-03T01:04:20.554+0000] {logging_mixin.py:149} INFO - [2026-03-03T01:04:20.554+0000] {taskmixin.py:211} WARNING - Dependency <Task(_PythonDecoratedOperator): print_the_context>, log_sql_query already registered for DAG: example_python_operator
[2026-03-03T01:04:20.554+0000] {logging_mixin.py:149} INFO - [2026-03-03T01:04:20.554+0000] {taskmixin.py:211} WARNING - Dependency <Task(_PythonDecoratedOperator): log_sql_query>, print_the_context already registered for DAG: example_python_operator
[2026-03-03T01:04:20.555+0000] {processor.py:809} INFO - DAG(s) dict_keys(['example_python_operator']) retrieved from /home/airflow/.local/lib/python3.7/site-packages/airflow/example_dags/example_python_operator.py
[2026-03-03T01:04:20.569+0000] {logging_mixin.py:149} INFO - [2026-03-03T01:04:20.569+0000] {dag.py:2726} INFO - Sync 1 DAGs
[2026-03-03T01:04:20.582+0000] {logging_mixin.py:149} INFO - [2026-03-03T01:04:20.582+0000] {dag.py:3490} INFO - Setting next_dagrun for example_python_operator to None, run_after=None
[2026-03-03T01:04:20.592+0000] {processor.py:178} INFO - Processing /home/airflow/.local/lib/python3.7/site-packages/airflow/example_dags/example_python_operator.py took 0.046 seconds
[2026-03-03T01:04:51.161+0000] {processor.py:156} INFO - Started process (PID=1123) to work on /home/airflow/.local/lib/python3.7/site-packages/airflow/example_dags/example_python_operator.py
[2026-03-03T01:04:51.162+0000] {processor.py:799} INFO - Processing file /home/airflow/.local/lib/python3.7/site-packages/airflow/example_dags/example_python_operator.py for tasks to queue
[2026-03-03T01:04:51.162+0000] {logging_mixin.py:149} INFO - [2026-03-03T01:04:51.162+0000] {dagbag.py:541} INFO - Filling up the DagBag from /home/airflow/.local/lib/python3.7/site-packages/airflow/example_dags/example_python_operator.py
[2026-03-03T01:04:51.167+0000] {logging_mixin.py:149} INFO - [2026-03-03T01:04:51.167+0000] {taskmixin.py:211} WARNING - Dependency <Task(_PythonDecoratedOperator): print_the_context>, log_sql_query already registered for DAG: example_python_operator
[2026-03-03T01:04:51.167+0000] {logging_mixin.py:149} INFO - [2026-03-03T01:04:51.167+0000] {taskmixin.py:211} WARNING - Dependency <Task(_PythonDecoratedOperator): log_sql_query>, print_the_context already registered for DAG: example_python_operator
[2026-03-03T01:04:51.168+0000] {logging_mixin.py:149} INFO - [2026-03-03T01:04:51.168+0000] {taskmixin.py:211} WARNING - Dependency <Task(_PythonDecoratedOperator): print_the_context>, log_sql_query already registered for DAG: example_python_operator
[2026-03-03T01:04:51.168+0000] {logging_mixin.py:149} INFO - [2026-03-03T01:04:51.168+0000] {taskmixin.py:211} WARNING - Dependency <Task(_PythonDecoratedOperator): log_sql_query>, print_the_context already registered for DAG: example_python_operator
[2026-03-03T01:04:51.168+0000] {logging_mixin.py:149} INFO - [2026-03-03T01:04:51.168+0000] {taskmixin.py:211} WARNING - Dependency <Task(_PythonDecoratedOperator): print_the_context>, log_sql_query already registered for DAG: example_python_operator
[2026-03-03T01:04:51.168+0000] {logging_mixin.py:149} INFO - [2026-03-03T01:04:51.168+0000] {taskmixin.py:211} WARNING - Dependency <Task(_PythonDecoratedOperator): log_sql_query>, print_the_context already registered for DAG: example_python_operator
[2026-03-03T01:04:51.168+0000] {logging_mixin.py:149} INFO - [2026-03-03T01:04:51.168+0000] {taskmixin.py:211} WARNING - Dependency <Task(_PythonDecoratedOperator): print_the_context>, log_sql_query already registered for DAG: example_python_operator
[2026-03-03T01:04:51.168+0000] {logging_mixin.py:149} INFO - [2026-03-03T01:04:51.168+0000] {taskmixin.py:211} WARNING - Dependency <Task(_PythonDecoratedOperator): log_sql_query>, print_the_context already registered for DAG: example_python_operator
[2026-03-03T01:04:51.170+0000] {processor.py:809} INFO - DAG(s) dict_keys(['example_python_operator']) retrieved from /home/airflow/.local/lib/python3.7/site-packages/airflow/example_dags/example_python_operator.py
[2026-03-03T01:04:51.185+0000] {logging_mixin.py:149} INFO - [2026-03-03T01:04:51.185+0000] {dag.py:2726} INFO - Sync 1 DAGs
[2026-03-03T01:04:51.196+0000] {logging_mixin.py:149} INFO - [2026-03-03T01:04:51.196+0000] {dag.py:3490} INFO - Setting next_dagrun for example_python_operator to None, run_after=None
[2026-03-03T01:04:51.205+0000] {processor.py:178} INFO - Processing /home/airflow/.local/lib/python3.7/site-packages/airflow/example_dags/example_python_operator.py took 0.045 seconds
[2026-03-03T01:05:21.957+0000] {processor.py:156} INFO - Started process (PID=1185) to work on /home/airflow/.local/lib/python3.7/site-packages/airflow/example_dags/example_python_operator.py
[2026-03-03T01:05:21.958+0000] {processor.py:799} INFO - Processing file /home/airflow/.local/lib/python3.7/site-packages/airflow/example_dags/example_python_operator.py for tasks to queue
[2026-03-03T01:05:21.959+0000] {logging_mixin.py:149} INFO - [2026-03-03T01:05:21.959+0000] {dagbag.py:541} INFO - Filling up the DagBag from /home/airflow/.local/lib/python3.7/site-packages/airflow/example_dags/example_python_operator.py
[2026-03-03T01:05:21.963+0000] {logging_mixin.py:149} INFO - [2026-03-03T01:05:21.963+0000] {taskmixin.py:211} WARNING - Dependency <Task(_PythonDecoratedOperator): print_the_context>, log_sql_query already registered for DAG: example_python_operator
[2026-03-03T01:05:21.963+0000] {logging_mixin.py:149} INFO - [2026-03-03T01:05:21.963+0000] {taskmixin.py:211} WARNING - Dependency <Task(_PythonDecoratedOperator): log_sql_query>, print_the_context already registered for DAG: example_python_operator
[2026-03-03T01:05:21.964+0000] {logging_mixin.py:149} INFO - [2026-03-03T01:05:21.964+0000] {taskmixin.py:211} WARNING - Dependency <Task(_PythonDecoratedOperator): print_the_context>, log_sql_query already registered for DAG: example_python_operator
[2026-03-03T01:05:21.964+0000] {logging_mixin.py:149} INFO - [2026-03-03T01:05:21.964+0000] {taskmixin.py:211} WARNING - Dependency <Task(_PythonDecoratedOperator): log_sql_query>, print_the_context already registered for DAG: example_python_operator
[2026-03-03T01:05:21.964+0000] {logging_mixin.py:149} INFO - [2026-03-03T01:05:21.964+0000] {taskmixin.py:211} WARNING - Dependency <Task(_PythonDecoratedOperator): print_the_context>, log_sql_query already registered for DAG: example_python_operator
[2026-03-03T01:05:21.965+0000] {logging_mixin.py:149} INFO - [2026-03-03T01:05:21.964+0000] {taskmixin.py:211} WARNING - Dependency <Task(_PythonDecoratedOperator): log_sql_query>, print_the_context already registered for DAG: example_python_operator
[2026-03-03T01:05:21.965+0000] {logging_mixin.py:149} INFO - [2026-03-03T01:05:21.965+0000] {taskmixin.py:211} WARNING - Dependency <Task(_PythonDecoratedOperator): print_the_context>, log_sql_query already registered for DAG: example_python_operator
[2026-03-03T01:05:21.965+0000] {logging_mixin.py:149} INFO - [2026-03-03T01:05:21.965+0000] {taskmixin.py:211} WARNING - Dependency <Task(_PythonDecoratedOperator): log_sql_query>, print_the_context already registered for DAG: example_python_operator
[2026-03-03T01:05:21.966+0000] {processor.py:809} INFO - DAG(s) dict_keys(['example_python_operator']) retrieved from /home/airflow/.local/lib/python3.7/site-packages/airflow/example_dags/example_python_operator.py
[2026-03-03T01:05:21.982+0000] {logging_mixin.py:149} INFO - [2026-03-03T01:05:21.982+0000] {dag.py:2726} INFO - Sync 1 DAGs
[2026-03-03T01:05:21.994+0000] {logging_mixin.py:149} INFO - [2026-03-03T01:05:21.994+0000] {dag.py:3490} INFO - Setting next_dagrun for example_python_operator to None, run_after=None
[2026-03-03T01:05:22.005+0000] {processor.py:178} INFO - Processing /home/airflow/.local/lib/python3.7/site-packages/airflow/example_dags/example_python_operator.py took 0.049 seconds
[2026-03-03T01:05:52.659+0000] {processor.py:156} INFO - Started process (PID=1247) to work on /home/airflow/.local/lib/python3.7/site-packages/airflow/example_dags/example_python_operator.py
[2026-03-03T01:05:52.660+0000] {processor.py:799} INFO - Processing file /home/airflow/.local/lib/python3.7/site-packages/airflow/example_dags/example_python_operator.py for tasks to queue
[2026-03-03T01:05:52.660+0000] {logging_mixin.py:149} INFO - [2026-03-03T01:05:52.660+0000] {dagbag.py:541} INFO - Filling up the DagBag from /home/airflow/.local/lib/python3.7/site-packages/airflow/example_dags/example_python_operator.py
[2026-03-03T01:05:52.663+0000] {logging_mixin.py:149} INFO - [2026-03-03T01:05:52.663+0000] {taskmixin.py:211} WARNING - Dependency <Task(_PythonDecoratedOperator): print_the_context>, log_sql_query already registered for DAG: example_python_operator
[2026-03-03T01:05:52.663+0000] {logging_mixin.py:149} INFO - [2026-03-03T01:05:52.663+0000] {taskmixin.py:211} WARNING - Dependency <Task(_PythonDecoratedOperator): log_sql_query>, print_the_context already registered for DAG: example_python_operator
[2026-03-03T01:05:52.664+0000] {logging_mixin.py:149} INFO - [2026-03-03T01:05:52.664+0000] {taskmixin.py:211} WARNING - Dependency <Task(_PythonDecoratedOperator): print_the_context>, log_sql_query already registered for DAG: example_python_operator
[2026-03-03T01:05:52.664+0000] {logging_mixin.py:149} INFO - [2026-03-03T01:05:52.664+0000] {taskmixin.py:211} WARNING - Dependency <Task(_PythonDecoratedOperator): log_sql_query>, print_the_context already registered for DAG: example_python_operator
[2026-03-03T01:05:52.664+0000] {logging_mixin.py:149} INFO - [2026-03-03T01:05:52.664+0000] {taskmixin.py:211} WARNING - Dependency <Task(_PythonDecoratedOperator): print_the_context>, log_sql_query already registered for DAG: example_python_operator
[2026-03-03T01:05:52.664+0000] {logging_mixin.py:149} INFO - [2026-03-03T01:05:52.664+0000] {taskmixin.py:211} WARNING - Dependency <Task(_PythonDecoratedOperator): log_sql_query>, print_the_context already registered for DAG: example_python_operator
[2026-03-03T01:05:52.665+0000] {logging_mixin.py:149} INFO - [2026-03-03T01:05:52.664+0000] {taskmixin.py:211} WARNING - Dependency <Task(_PythonDecoratedOperator): print_the_context>, log_sql_query already registered for DAG: example_python_operator
[2026-03-03T01:05:52.665+0000] {logging_mixin.py:149} INFO - [2026-03-03T01:05:52.665+0000] {taskmixin.py:211} WARNING - Dependency <Task(_PythonDecoratedOperator): log_sql_query>, print_the_context already registered for DAG: example_python_operator
[2026-03-03T01:05:52.666+0000] {processor.py:809} INFO - DAG(s) dict_keys(['example_python_operator']) retrieved from /home/airflow/.local/lib/python3.7/site-packages/airflow/example_dags/example_python_operator.py
[2026-03-03T01:05:52.678+0000] {logging_mixin.py:149} INFO - [2026-03-03T01:05:52.678+0000] {dag.py:2726} INFO - Sync 1 DAGs
[2026-03-03T01:05:52.688+0000] {logging_mixin.py:149} INFO - [2026-03-03T01:05:52.688+0000] {dag.py:3490} INFO - Setting next_dagrun for example_python_operator to None, run_after=None
[2026-03-03T01:05:52.697+0000] {processor.py:178} INFO - Processing /home/airflow/.local/lib/python3.7/site-packages/airflow/example_dags/example_python_operator.py took 0.039 seconds
[2026-03-03T01:06:23.148+0000] {processor.py:156} INFO - Started process (PID=1309) to work on /home/airflow/.local/lib/python3.7/site-packages/airflow/example_dags/example_python_operator.py
[2026-03-03T01:06:23.148+0000] {processor.py:799} INFO - Processing file /home/airflow/.local/lib/python3.7/site-packages/airflow/example_dags/example_python_operator.py for tasks to queue
[2026-03-03T01:06:23.149+0000] {logging_mixin.py:149} INFO - [2026-03-03T01:06:23.149+0000] {dagbag.py:541} INFO - Filling up the DagBag from /home/airflow/.local/lib/python3.7/site-packages/airflow/example_dags/example_python_operator.py
[2026-03-03T01:06:23.152+0000] {logging_mixin.py:149} INFO - [2026-03-03T01:06:23.152+0000] {taskmixin.py:211} WARNING - Dependency <Task(_PythonDecoratedOperator): print_the_context>, log_sql_query already registered for DAG: example_python_operator
[2026-03-03T01:06:23.152+0000] {logging_mixin.py:149} INFO - [2026-03-03T01:06:23.152+0000] {taskmixin.py:211} WARNING - Dependency <Task(_PythonDecoratedOperator): log_sql_query>, print_the_context already registered for DAG: example_python_operator
[2026-03-03T01:06:23.153+0000] {logging_mixin.py:149} INFO - [2026-03-03T01:06:23.153+0000] {taskmixin.py:211} WARNING - Dependency <Task(_PythonDecoratedOperator): print_the_context>, log_sql_query already registered for DAG: example_python_operator
[2026-03-03T01:06:23.153+0000] {logging_mixin.py:149} INFO - [2026-03-03T01:06:23.153+0000] {taskmixin.py:211} WARNING - Dependency <Task(_PythonDecoratedOperator): log_sql_query>, print_the_context already registered for DAG: example_python_operator
[2026-03-03T01:06:23.153+0000] {logging_mixin.py:149} INFO - [2026-03-03T01:06:23.153+0000] {taskmixin.py:211} WARNING - Dependency <Task(_PythonDecoratedOperator): print_the_context>, log_sql_query already registered for DAG: example_python_operator
[2026-03-03T01:06:23.153+0000] {logging_mixin.py:149} INFO - [2026-03-03T01:06:23.153+0000] {taskmixin.py:211} WARNING - Dependency <Task(_PythonDecoratedOperator): log_sql_query>, print_the_context already registered for DAG: example_python_operator
[2026-03-03T01:06:23.153+0000] {logging_mixin.py:149} INFO - [2026-03-03T01:06:23.153+0000] {taskmixin.py:211} WARNING - Dependency <Task(_PythonDecoratedOperator): print_the_context>, log_sql_query already registered for DAG: example_python_operator
[2026-03-03T01:06:23.153+0000] {logging_mixin.py:149} INFO - [2026-03-03T01:06:23.153+0000] {taskmixin.py:211} WARNING - Dependency <Task(_PythonDecoratedOperator): log_sql_query>, print_the_context already registered for DAG: example_python_operator
[2026-03-03T01:06:23.155+0000] {processor.py:809} INFO - DAG(s) dict_keys(['example_python_operator']) retrieved from /home/airflow/.local/lib/python3.7/site-packages/airflow/example_dags/example_python_operator.py
[2026-03-03T01:06:23.169+0000] {logging_mixin.py:149} INFO - [2026-03-03T01:06:23.168+0000] {dag.py:2726} INFO - Sync 1 DAGs
[2026-03-03T01:06:23.180+0000] {logging_mixin.py:149} INFO - [2026-03-03T01:06:23.180+0000] {dag.py:3490} INFO - Setting next_dagrun for example_python_operator to None, run_after=None
[2026-03-03T01:06:23.190+0000] {processor.py:178} INFO - Processing /home/airflow/.local/lib/python3.7/site-packages/airflow/example_dags/example_python_operator.py took 0.044 seconds
[2026-03-03T01:07:09.993+0000] {processor.py:156} INFO - Started process (PID=61) to work on /home/airflow/.local/lib/python3.7/site-packages/airflow/example_dags/example_python_operator.py
[2026-03-03T01:07:09.994+0000] {processor.py:799} INFO - Processing file /home/airflow/.local/lib/python3.7/site-packages/airflow/example_dags/example_python_operator.py for tasks to queue
[2026-03-03T01:07:09.994+0000] {logging_mixin.py:149} INFO - [2026-03-03T01:07:09.994+0000] {dagbag.py:541} INFO - Filling up the DagBag from /home/airflow/.local/lib/python3.7/site-packages/airflow/example_dags/example_python_operator.py
[2026-03-03T01:07:09.998+0000] {logging_mixin.py:149} INFO - [2026-03-03T01:07:09.998+0000] {taskmixin.py:211} WARNING - Dependency <Task(_PythonDecoratedOperator): print_the_context>, log_sql_query already registered for DAG: example_python_operator
[2026-03-03T01:07:09.999+0000] {logging_mixin.py:149} INFO - [2026-03-03T01:07:09.999+0000] {taskmixin.py:211} WARNING - Dependency <Task(_PythonDecoratedOperator): log_sql_query>, print_the_context already registered for DAG: example_python_operator
[2026-03-03T01:07:09.999+0000] {logging_mixin.py:149} INFO - [2026-03-03T01:07:09.999+0000] {taskmixin.py:211} WARNING - Dependency <Task(_PythonDecoratedOperator): print_the_context>, log_sql_query already registered for DAG: example_python_operator
[2026-03-03T01:07:10.000+0000] {logging_mixin.py:149} INFO - [2026-03-03T01:07:10.000+0000] {taskmixin.py:211} WARNING - Dependency <Task(_PythonDecoratedOperator): log_sql_query>, print_the_context already registered for DAG: example_python_operator
[2026-03-03T01:07:10.000+0000] {logging_mixin.py:149} INFO - [2026-03-03T01:07:10.000+0000] {taskmixin.py:211} WARNING - Dependency <Task(_PythonDecoratedOperator): print_the_context>, log_sql_query already registered for DAG: example_python_operator
[2026-03-03T01:07:10.000+0000] {logging_mixin.py:149} INFO - [2026-03-03T01:07:10.000+0000] {taskmixin.py:211} WARNING - Dependency <Task(_PythonDecoratedOperator): log_sql_query>, print_the_context already registered for DAG: example_python_operator
[2026-03-03T01:07:10.001+0000] {logging_mixin.py:149} INFO - [2026-03-03T01:07:10.001+0000] {taskmixin.py:211} WARNING - Dependency <Task(_PythonDecoratedOperator): print_the_context>, log_sql_query already registered for DAG: example_python_operator
[2026-03-03T01:07:10.001+0000] {logging_mixin.py:149} INFO - [2026-03-03T01:07:10.001+0000] {taskmixin.py:211} WARNING - Dependency <Task(_PythonDecoratedOperator): log_sql_query>, print_the_context already registered for DAG: example_python_operator
[2026-03-03T01:07:10.004+0000] {processor.py:809} INFO - DAG(s) dict_keys(['example_python_operator']) retrieved from /home/airflow/.local/lib/python3.7/site-packages/airflow/example_dags/example_python_operator.py
[2026-03-03T01:07:10.016+0000] {logging_mixin.py:149} INFO - [2026-03-03T01:07:10.016+0000] {dag.py:2726} INFO - Sync 1 DAGs
[2026-03-03T01:07:10.040+0000] {logging_mixin.py:149} INFO - [2026-03-03T01:07:10.040+0000] {dag.py:3490} INFO - Setting next_dagrun for example_python_operator to None, run_after=None
[2026-03-03T01:07:10.053+0000] {processor.py:178} INFO - Processing /home/airflow/.local/lib/python3.7/site-packages/airflow/example_dags/example_python_operator.py took 0.062 seconds
[2026-03-03T01:07:41.137+0000] {processor.py:156} INFO - Started process (PID=130) to work on /home/airflow/.local/lib/python3.7/site-packages/airflow/example_dags/example_python_operator.py
[2026-03-03T01:07:41.138+0000] {processor.py:799} INFO - Processing file /home/airflow/.local/lib/python3.7/site-packages/airflow/example_dags/example_python_operator.py for tasks to queue
[2026-03-03T01:07:41.139+0000] {logging_mixin.py:149} INFO - [2026-03-03T01:07:41.139+0000] {dagbag.py:541} INFO - Filling up the DagBag from /home/airflow/.local/lib/python3.7/site-packages/airflow/example_dags/example_python_operator.py
[2026-03-03T01:07:41.143+0000] {logging_mixin.py:149} INFO - [2026-03-03T01:07:41.143+0000] {taskmixin.py:211} WARNING - Dependency <Task(_PythonDecoratedOperator): print_the_context>, log_sql_query already registered for DAG: example_python_operator
[2026-03-03T01:07:41.143+0000] {logging_mixin.py:149} INFO - [2026-03-03T01:07:41.143+0000] {taskmixin.py:211} WARNING - Dependency <Task(_PythonDecoratedOperator): log_sql_query>, print_the_context already registered for DAG: example_python_operator
[2026-03-03T01:07:41.144+0000] {logging_mixin.py:149} INFO - [2026-03-03T01:07:41.144+0000] {taskmixin.py:211} WARNING - Dependency <Task(_PythonDecoratedOperator): print_the_context>, log_sql_query already registered for DAG: example_python_operator
[2026-03-03T01:07:41.144+0000] {logging_mixin.py:149} INFO - [2026-03-03T01:07:41.144+0000] {taskmixin.py:211} WARNING - Dependency <Task(_PythonDecoratedOperator): log_sql_query>, print_the_context already registered for DAG: example_python_operator
[2026-03-03T01:07:41.144+0000] {logging_mixin.py:149} INFO - [2026-03-03T01:07:41.144+0000] {taskmixin.py:211} WARNING - Dependency <Task(_PythonDecoratedOperator): print_the_context>, log_sql_query already registered for DAG: example_python_operator
[2026-03-03T01:07:41.145+0000] {logging_mixin.py:149} INFO - [2026-03-03T01:07:41.145+0000] {taskmixin.py:211} WARNING - Dependency <Task(_PythonDecoratedOperator): log_sql_query>, print_the_context already registered for DAG: example_python_operator
[2026-03-03T01:07:41.145+0000] {logging_mixin.py:149} INFO - [2026-03-03T01:07:41.145+0000] {taskmixin.py:211} WARNING - Dependency <Task(_PythonDecoratedOperator): print_the_context>, log_sql_query already registered for DAG: example_python_operator
[2026-03-03T01:07:41.145+0000] {logging_mixin.py:149} INFO - [2026-03-03T01:07:41.145+0000] {taskmixin.py:211} WARNING - Dependency <Task(_PythonDecoratedOperator): log_sql_query>, print_the_context already registered for DAG: example_python_operator
[2026-03-03T01:07:41.146+0000] {processor.py:809} INFO - DAG(s) dict_keys(['example_python_operator']) retrieved from /home/airflow/.local/lib/python3.7/site-packages/airflow/example_dags/example_python_operator.py
[2026-03-03T01:07:41.185+0000] {logging_mixin.py:149} INFO - [2026-03-03T01:07:41.185+0000] {dag.py:2726} INFO - Sync 1 DAGs
[2026-03-03T01:07:41.286+0000] {logging_mixin.py:149} INFO - [2026-03-03T01:07:41.286+0000] {dag.py:3490} INFO - Setting next_dagrun for example_python_operator to None, run_after=None
[2026-03-03T01:07:41.302+0000] {processor.py:178} INFO - Processing /home/airflow/.local/lib/python3.7/site-packages/airflow/example_dags/example_python_operator.py took 0.167 seconds
[2026-03-03T01:08:18.753+0000] {processor.py:156} INFO - Started process (PID=192) to work on /home/airflow/.local/lib/python3.7/site-packages/airflow/example_dags/example_python_operator.py
[2026-03-03T01:08:18.757+0000] {processor.py:799} INFO - Processing file /home/airflow/.local/lib/python3.7/site-packages/airflow/example_dags/example_python_operator.py for tasks to queue
[2026-03-03T01:08:18.759+0000] {logging_mixin.py:149} INFO - [2026-03-03T01:08:18.758+0000] {dagbag.py:541} INFO - Filling up the DagBag from /home/airflow/.local/lib/python3.7/site-packages/airflow/example_dags/example_python_operator.py
[2026-03-03T01:08:18.785+0000] {logging_mixin.py:149} INFO - [2026-03-03T01:08:18.784+0000] {taskmixin.py:211} WARNING - Dependency <Task(_PythonDecoratedOperator): print_the_context>, log_sql_query already registered for DAG: example_python_operator
[2026-03-03T01:08:18.786+0000] {logging_mixin.py:149} INFO - [2026-03-03T01:08:18.786+0000] {taskmixin.py:211} WARNING - Dependency <Task(_PythonDecoratedOperator): log_sql_query>, print_the_context already registered for DAG: example_python_operator
[2026-03-03T01:08:18.789+0000] {logging_mixin.py:149} INFO - [2026-03-03T01:08:18.789+0000] {taskmixin.py:211} WARNING - Dependency <Task(_PythonDecoratedOperator): print_the_context>, log_sql_query already registered for DAG: example_python_operator
[2026-03-03T01:08:18.791+0000] {logging_mixin.py:149} INFO - [2026-03-03T01:08:18.790+0000] {taskmixin.py:211} WARNING - Dependency <Task(_PythonDecoratedOperator): log_sql_query>, print_the_context already registered for DAG: example_python_operator
[2026-03-03T01:08:18.795+0000] {logging_mixin.py:149} INFO - [2026-03-03T01:08:18.795+0000] {taskmixin.py:211} WARNING - Dependency <Task(_PythonDecoratedOperator): print_the_context>, log_sql_query already registered for DAG: example_python_operator
[2026-03-03T01:08:18.798+0000] {logging_mixin.py:149} INFO - [2026-03-03T01:08:18.796+0000] {taskmixin.py:211} WARNING - Dependency <Task(_PythonDecoratedOperator): log_sql_query>, print_the_context already registered for DAG: example_python_operator
[2026-03-03T01:08:18.802+0000] {logging_mixin.py:149} INFO - [2026-03-03T01:08:18.801+0000] {taskmixin.py:211} WARNING - Dependency <Task(_PythonDecoratedOperator): print_the_context>, log_sql_query already registered for DAG: example_python_operator
[2026-03-03T01:08:18.806+0000] {logging_mixin.py:149} INFO - [2026-03-03T01:08:18.806+0000] {taskmixin.py:211} WARNING - Dependency <Task(_PythonDecoratedOperator): log_sql_query>, print_the_context already registered for DAG: example_python_operator
[2026-03-03T01:08:18.816+0000] {processor.py:809} INFO - DAG(s) dict_keys(['example_python_operator']) retrieved from /home/airflow/.local/lib/python3.7/site-packages/airflow/example_dags/example_python_operator.py
[2026-03-03T01:08:19.231+0000] {logging_mixin.py:149} INFO - [2026-03-03T01:08:19.230+0000] {dag.py:2726} INFO - Sync 1 DAGs
[2026-03-03T01:08:19.296+0000] {logging_mixin.py:149} INFO - [2026-03-03T01:08:19.296+0000] {dag.py:3490} INFO - Setting next_dagrun for example_python_operator to None, run_after=None
[2026-03-03T01:08:19.353+0000] {processor.py:178} INFO - Processing /home/airflow/.local/lib/python3.7/site-packages/airflow/example_dags/example_python_operator.py took 0.608 seconds
[2026-03-03T01:08:50.380+0000] {processor.py:156} INFO - Started process (PID=254) to work on /home/airflow/.local/lib/python3.7/site-packages/airflow/example_dags/example_python_operator.py
[2026-03-03T01:08:50.381+0000] {processor.py:799} INFO - Processing file /home/airflow/.local/lib/python3.7/site-packages/airflow/example_dags/example_python_operator.py for tasks to queue
[2026-03-03T01:08:50.381+0000] {logging_mixin.py:149} INFO - [2026-03-03T01:08:50.381+0000] {dagbag.py:541} INFO - Filling up the DagBag from /home/airflow/.local/lib/python3.7/site-packages/airflow/example_dags/example_python_operator.py
[2026-03-03T01:08:50.385+0000] {logging_mixin.py:149} INFO - [2026-03-03T01:08:50.385+0000] {taskmixin.py:211} WARNING - Dependency <Task(_PythonDecoratedOperator): print_the_context>, log_sql_query already registered for DAG: example_python_operator
[2026-03-03T01:08:50.386+0000] {logging_mixin.py:149} INFO - [2026-03-03T01:08:50.386+0000] {taskmixin.py:211} WARNING - Dependency <Task(_PythonDecoratedOperator): log_sql_query>, print_the_context already registered for DAG: example_python_operator
[2026-03-03T01:08:50.388+0000] {logging_mixin.py:149} INFO - [2026-03-03T01:08:50.388+0000] {taskmixin.py:211} WARNING - Dependency <Task(_PythonDecoratedOperator): print_the_context>, log_sql_query already registered for DAG: example_python_operator
[2026-03-03T01:08:50.390+0000] {logging_mixin.py:149} INFO - [2026-03-03T01:08:50.390+0000] {taskmixin.py:211} WARNING - Dependency <Task(_PythonDecoratedOperator): log_sql_query>, print_the_context already registered for DAG: example_python_operator
[2026-03-03T01:08:50.390+0000] {logging_mixin.py:149} INFO - [2026-03-03T01:08:50.390+0000] {taskmixin.py:211} WARNING - Dependency <Task(_PythonDecoratedOperator): print_the_context>, log_sql_query already registered for DAG: example_python_operator
[2026-03-03T01:08:50.390+0000] {logging_mixin.py:149} INFO - [2026-03-03T01:08:50.390+0000] {taskmixin.py:211} WARNING - Dependency <Task(_PythonDecoratedOperator): log_sql_query>, print_the_context already registered for DAG: example_python_operator
[2026-03-03T01:08:50.391+0000] {logging_mixin.py:149} INFO - [2026-03-03T01:08:50.390+0000] {taskmixin.py:211} WARNING - Dependency <Task(_PythonDecoratedOperator): print_the_context>, log_sql_query already registered for DAG: example_python_operator
[2026-03-03T01:08:50.391+0000] {logging_mixin.py:149} INFO - [2026-03-03T01:08:50.391+0000] {taskmixin.py:211} WARNING - Dependency <Task(_PythonDecoratedOperator): log_sql_query>, print_the_context already registered for DAG: example_python_operator
[2026-03-03T01:08:50.392+0000] {processor.py:809} INFO - DAG(s) dict_keys(['example_python_operator']) retrieved from /home/airflow/.local/lib/python3.7/site-packages/airflow/example_dags/example_python_operator.py
[2026-03-03T01:08:50.410+0000] {logging_mixin.py:149} INFO - [2026-03-03T01:08:50.410+0000] {dag.py:2726} INFO - Sync 1 DAGs
[2026-03-03T01:08:50.422+0000] {logging_mixin.py:149} INFO - [2026-03-03T01:08:50.422+0000] {dag.py:3490} INFO - Setting next_dagrun for example_python_operator to None, run_after=None
[2026-03-03T01:08:50.438+0000] {processor.py:178} INFO - Processing /home/airflow/.local/lib/python3.7/site-packages/airflow/example_dags/example_python_operator.py took 0.061 seconds
[2026-03-03T01:09:21.354+0000] {processor.py:156} INFO - Started process (PID=316) to work on /home/airflow/.local/lib/python3.7/site-packages/airflow/example_dags/example_python_operator.py
[2026-03-03T01:09:21.356+0000] {processor.py:799} INFO - Processing file /home/airflow/.local/lib/python3.7/site-packages/airflow/example_dags/example_python_operator.py for tasks to queue
[2026-03-03T01:09:21.357+0000] {logging_mixin.py:149} INFO - [2026-03-03T01:09:21.357+0000] {dagbag.py:541} INFO - Filling up the DagBag from /home/airflow/.local/lib/python3.7/site-packages/airflow/example_dags/example_python_operator.py
[2026-03-03T01:09:21.363+0000] {logging_mixin.py:149} INFO - [2026-03-03T01:09:21.363+0000] {taskmixin.py:211} WARNING - Dependency <Task(_PythonDecoratedOperator): print_the_context>, log_sql_query already registered for DAG: example_python_operator
[2026-03-03T01:09:21.363+0000] {logging_mixin.py:149} INFO - [2026-03-03T01:09:21.363+0000] {taskmixin.py:211} WARNING - Dependency <Task(_PythonDecoratedOperator): log_sql_query>, print_the_context already registered for DAG: example_python_operator
[2026-03-03T01:09:21.364+0000] {logging_mixin.py:149} INFO - [2026-03-03T01:09:21.364+0000] {taskmixin.py:211} WARNING - Dependency <Task(_PythonDecoratedOperator): print_the_context>, log_sql_query already registered for DAG: example_python_operator
[2026-03-03T01:09:21.364+0000] {logging_mixin.py:149} INFO - [2026-03-03T01:09:21.364+0000] {taskmixin.py:211} WARNING - Dependency <Task(_PythonDecoratedOperator): log_sql_query>, print_the_context already registered for DAG: example_python_operator
[2026-03-03T01:09:21.365+0000] {logging_mixin.py:149} INFO - [2026-03-03T01:09:21.365+0000] {taskmixin.py:211} WARNING - Dependency <Task(_PythonDecoratedOperator): print_the_context>, log_sql_query already registered for DAG: example_python_operator
[2026-03-03T01:09:21.365+0000] {logging_mixin.py:149} INFO - [2026-03-03T01:09:21.365+0000] {taskmixin.py:211} WARNING - Dependency <Task(_PythonDecoratedOperator): log_sql_query>, print_the_context already registered for DAG: example_python_operator
[2026-03-03T01:09:21.366+0000] {logging_mixin.py:149} INFO - [2026-03-03T01:09:21.366+0000] {taskmixin.py:211} WARNING - Dependency <Task(_PythonDecoratedOperator): print_the_context>, log_sql_query already registered for DAG: example_python_operator
[2026-03-03T01:09:21.366+0000] {logging_mixin.py:149} INFO - [2026-03-03T01:09:21.366+0000] {taskmixin.py:211} WARNING - Dependency <Task(_PythonDecoratedOperator): log_sql_query>, print_the_context already registered for DAG: example_python_operator
[2026-03-03T01:09:21.367+0000] {processor.py:809} INFO - DAG(s) dict_keys(['example_python_operator']) retrieved from /home/airflow/.local/lib/python3.7/site-packages/airflow/example_dags/example_python_operator.py
[2026-03-03T01:09:21.389+0000] {logging_mixin.py:149} INFO - [2026-03-03T01:09:21.389+0000] {dag.py:2726} INFO - Sync 1 DAGs
[2026-03-03T01:09:21.403+0000] {logging_mixin.py:149} INFO - [2026-03-03T01:09:21.403+0000] {dag.py:3490} INFO - Setting next_dagrun for example_python_operator to None, run_after=None
[2026-03-03T01:09:21.417+0000] {processor.py:178} INFO - Processing /home/airflow/.local/lib/python3.7/site-packages/airflow/example_dags/example_python_operator.py took 0.064 seconds
[2026-03-03T01:09:51.859+0000] {processor.py:156} INFO - Started process (PID=378) to work on /home/airflow/.local/lib/python3.7/site-packages/airflow/example_dags/example_python_operator.py
[2026-03-03T01:09:51.860+0000] {processor.py:799} INFO - Processing file /home/airflow/.local/lib/python3.7/site-packages/airflow/example_dags/example_python_operator.py for tasks to queue
[2026-03-03T01:09:51.860+0000] {logging_mixin.py:149} INFO - [2026-03-03T01:09:51.860+0000] {dagbag.py:541} INFO - Filling up the DagBag from /home/airflow/.local/lib/python3.7/site-packages/airflow/example_dags/example_python_operator.py
[2026-03-03T01:09:51.864+0000] {logging_mixin.py:149} INFO - [2026-03-03T01:09:51.864+0000] {taskmixin.py:211} WARNING - Dependency <Task(_PythonDecoratedOperator): print_the_context>, log_sql_query already registered for DAG: example_python_operator
[2026-03-03T01:09:51.864+0000] {logging_mixin.py:149} INFO - [2026-03-03T01:09:51.864+0000] {taskmixin.py:211} WARNING - Dependency <Task(_PythonDecoratedOperator): log_sql_query>, print_the_context already registered for DAG: example_python_operator
[2026-03-03T01:09:51.864+0000] {logging_mixin.py:149} INFO - [2026-03-03T01:09:51.864+0000] {taskmixin.py:211} WARNING - Dependency <Task(_PythonDecoratedOperator): print_the_context>, log_sql_query already registered for DAG: example_python_operator
[2026-03-03T01:09:51.864+0000] {logging_mixin.py:149} INFO - [2026-03-03T01:09:51.864+0000] {taskmixin.py:211} WARNING - Dependency <Task(_PythonDecoratedOperator): log_sql_query>, print_the_context already registered for DAG: example_python_operator
[2026-03-03T01:09:51.864+0000] {logging_mixin.py:149} INFO - [2026-03-03T01:09:51.864+0000] {taskmixin.py:211} WARNING - Dependency <Task(_PythonDecoratedOperator): print_the_context>, log_sql_query already registered for DAG: example_python_operator
[2026-03-03T01:09:51.864+0000] {logging_mixin.py:149} INFO - [2026-03-03T01:09:51.864+0000] {taskmixin.py:211} WARNING - Dependency <Task(_PythonDecoratedOperator): log_sql_query>, print_the_context already registered for DAG: example_python_operator
[2026-03-03T01:09:51.865+0000] {logging_mixin.py:149} INFO - [2026-03-03T01:09:51.865+0000] {taskmixin.py:211} WARNING - Dependency <Task(_PythonDecoratedOperator): print_the_context>, log_sql_query already registered for DAG: example_python_operator
[2026-03-03T01:09:51.865+0000] {logging_mixin.py:149} INFO - [2026-03-03T01:09:51.865+0000] {taskmixin.py:211} WARNING - Dependency <Task(_PythonDecoratedOperator): log_sql_query>, print_the_context already registered for DAG: example_python_operator
[2026-03-03T01:09:51.866+0000] {processor.py:809} INFO - DAG(s) dict_keys(['example_python_operator']) retrieved from /home/airflow/.local/lib/python3.7/site-packages/airflow/example_dags/example_python_operator.py
[2026-03-03T01:09:51.881+0000] {logging_mixin.py:149} INFO - [2026-03-03T01:09:51.881+0000] {dag.py:2726} INFO - Sync 1 DAGs
[2026-03-03T01:09:51.903+0000] {logging_mixin.py:149} INFO - [2026-03-03T01:09:51.903+0000] {dag.py:3490} INFO - Setting next_dagrun for example_python_operator to None, run_after=None
[2026-03-03T01:09:51.921+0000] {processor.py:178} INFO - Processing /home/airflow/.local/lib/python3.7/site-packages/airflow/example_dags/example_python_operator.py took 0.064 seconds
[2026-03-03T01:10:21.974+0000] {processor.py:156} INFO - Started process (PID=439) to work on /home/airflow/.local/lib/python3.7/site-packages/airflow/example_dags/example_python_operator.py
[2026-03-03T01:10:21.979+0000] {processor.py:799} INFO - Processing file /home/airflow/.local/lib/python3.7/site-packages/airflow/example_dags/example_python_operator.py for tasks to queue
[2026-03-03T01:10:21.981+0000] {logging_mixin.py:149} INFO - [2026-03-03T01:10:21.981+0000] {dagbag.py:541} INFO - Filling up the DagBag from /home/airflow/.local/lib/python3.7/site-packages/airflow/example_dags/example_python_operator.py
[2026-03-03T01:10:22.005+0000] {logging_mixin.py:149} INFO - [2026-03-03T01:10:22.004+0000] {taskmixin.py:211} WARNING - Dependency <Task(_PythonDecoratedOperator): print_the_context>, log_sql_query already registered for DAG: example_python_operator
[2026-03-03T01:10:22.010+0000] {logging_mixin.py:149} INFO - [2026-03-03T01:10:22.009+0000] {taskmixin.py:211} WARNING - Dependency <Task(_PythonDecoratedOperator): log_sql_query>, print_the_context already registered for DAG: example_python_operator
[2026-03-03T01:10:22.013+0000] {logging_mixin.py:149} INFO - [2026-03-03T01:10:22.012+0000] {taskmixin.py:211} WARNING - Dependency <Task(_PythonDecoratedOperator): print_the_context>, log_sql_query already registered for DAG: example_python_operator
[2026-03-03T01:10:22.015+0000] {logging_mixin.py:149} INFO - [2026-03-03T01:10:22.014+0000] {taskmixin.py:211} WARNING - Dependency <Task(_PythonDecoratedOperator): log_sql_query>, print_the_context already registered for DAG: example_python_operator
[2026-03-03T01:10:22.017+0000] {logging_mixin.py:149} INFO - [2026-03-03T01:10:22.017+0000] {taskmixin.py:211} WARNING - Dependency <Task(_PythonDecoratedOperator): print_the_context>, log_sql_query already registered for DAG: example_python_operator
[2026-03-03T01:10:22.019+0000] {logging_mixin.py:149} INFO - [2026-03-03T01:10:22.018+0000] {taskmixin.py:211} WARNING - Dependency <Task(_PythonDecoratedOperator): log_sql_query>, print_the_context already registered for DAG: example_python_operator
[2026-03-03T01:10:22.022+0000] {logging_mixin.py:149} INFO - [2026-03-03T01:10:22.021+0000] {taskmixin.py:211} WARNING - Dependency <Task(_PythonDecoratedOperator): print_the_context>, log_sql_query already registered for DAG: example_python_operator
[2026-03-03T01:10:22.024+0000] {logging_mixin.py:149} INFO - [2026-03-03T01:10:22.023+0000] {taskmixin.py:211} WARNING - Dependency <Task(_PythonDecoratedOperator): log_sql_query>, print_the_context already registered for DAG: example_python_operator
[2026-03-03T01:10:22.032+0000] {processor.py:809} INFO - DAG(s) dict_keys(['example_python_operator']) retrieved from /home/airflow/.local/lib/python3.7/site-packages/airflow/example_dags/example_python_operator.py
[2026-03-03T01:10:22.117+0000] {logging_mixin.py:149} INFO - [2026-03-03T01:10:22.116+0000] {dag.py:2726} INFO - Sync 1 DAGs
[2026-03-03T01:10:22.203+0000] {logging_mixin.py:149} INFO - [2026-03-03T01:10:22.203+0000] {dag.py:3490} INFO - Setting next_dagrun for example_python_operator to None, run_after=None
[2026-03-03T01:10:22.277+0000] {processor.py:178} INFO - Processing /home/airflow/.local/lib/python3.7/site-packages/airflow/example_dags/example_python_operator.py took 0.313 seconds
[2026-03-03T01:10:52.870+0000] {processor.py:156} INFO - Started process (PID=501) to work on /home/airflow/.local/lib/python3.7/site-packages/airflow/example_dags/example_python_operator.py
[2026-03-03T01:10:52.873+0000] {processor.py:799} INFO - Processing file /home/airflow/.local/lib/python3.7/site-packages/airflow/example_dags/example_python_operator.py for tasks to queue
[2026-03-03T01:10:52.876+0000] {logging_mixin.py:149} INFO - [2026-03-03T01:10:52.876+0000] {dagbag.py:541} INFO - Filling up the DagBag from /home/airflow/.local/lib/python3.7/site-packages/airflow/example_dags/example_python_operator.py
[2026-03-03T01:10:52.891+0000] {logging_mixin.py:149} INFO - [2026-03-03T01:10:52.891+0000] {taskmixin.py:211} WARNING - Dependency <Task(_PythonDecoratedOperator): print_the_context>, log_sql_query already registered for DAG: example_python_operator
[2026-03-03T01:10:52.894+0000] {logging_mixin.py:149} INFO - [2026-03-03T01:10:52.894+0000] {taskmixin.py:211} WARNING - Dependency <Task(_PythonDecoratedOperator): log_sql_query>, print_the_context already registered for DAG: example_python_operator
[2026-03-03T01:10:52.898+0000] {logging_mixin.py:149} INFO - [2026-03-03T01:10:52.898+0000] {taskmixin.py:211} WARNING - Dependency <Task(_PythonDecoratedOperator): print_the_context>, log_sql_query already registered for DAG: example_python_operator
[2026-03-03T01:10:52.898+0000] {logging_mixin.py:149} INFO - [2026-03-03T01:10:52.898+0000] {taskmixin.py:211} WARNING - Dependency <Task(_PythonDecoratedOperator): log_sql_query>, print_the_context already registered for DAG: example_python_operator
[2026-03-03T01:10:52.900+0000] {logging_mixin.py:149} INFO - [2026-03-03T01:10:52.900+0000] {taskmixin.py:211} WARNING - Dependency <Task(_PythonDecoratedOperator): print_the_context>, log_sql_query already registered for DAG: example_python_operator
[2026-03-03T01:10:52.901+0000] {logging_mixin.py:149} INFO - [2026-03-03T01:10:52.900+0000] {taskmixin.py:211} WARNING - Dependency <Task(_PythonDecoratedOperator): log_sql_query>, print_the_context already registered for DAG: example_python_operator
[2026-03-03T01:10:52.905+0000] {logging_mixin.py:149} INFO - [2026-03-03T01:10:52.905+0000] {taskmixin.py:211} WARNING - Dependency <Task(_PythonDecoratedOperator): print_the_context>, log_sql_query already registered for DAG: example_python_operator
[2026-03-03T01:10:52.907+0000] {logging_mixin.py:149} INFO - [2026-03-03T01:10:52.906+0000] {taskmixin.py:211} WARNING - Dependency <Task(_PythonDecoratedOperator): log_sql_query>, print_the_context already registered for DAG: example_python_operator
[2026-03-03T01:10:52.914+0000] {processor.py:809} INFO - DAG(s) dict_keys(['example_python_operator']) retrieved from /home/airflow/.local/lib/python3.7/site-packages/airflow/example_dags/example_python_operator.py
[2026-03-03T01:10:52.975+0000] {logging_mixin.py:149} INFO - [2026-03-03T01:10:52.975+0000] {dag.py:2726} INFO - Sync 1 DAGs
[2026-03-03T01:10:53.043+0000] {logging_mixin.py:149} INFO - [2026-03-03T01:10:53.043+0000] {dag.py:3490} INFO - Setting next_dagrun for example_python_operator to None, run_after=None
[2026-03-03T01:10:53.102+0000] {processor.py:178} INFO - Processing /home/airflow/.local/lib/python3.7/site-packages/airflow/example_dags/example_python_operator.py took 0.239 seconds
[2026-03-03T01:11:23.161+0000] {processor.py:156} INFO - Started process (PID=563) to work on /home/airflow/.local/lib/python3.7/site-packages/airflow/example_dags/example_python_operator.py
[2026-03-03T01:11:23.163+0000] {processor.py:799} INFO - Processing file /home/airflow/.local/lib/python3.7/site-packages/airflow/example_dags/example_python_operator.py for tasks to queue
[2026-03-03T01:11:23.163+0000] {logging_mixin.py:149} INFO - [2026-03-03T01:11:23.163+0000] {dagbag.py:541} INFO - Filling up the DagBag from /home/airflow/.local/lib/python3.7/site-packages/airflow/example_dags/example_python_operator.py
[2026-03-03T01:11:23.169+0000] {logging_mixin.py:149} INFO - [2026-03-03T01:11:23.168+0000] {taskmixin.py:211} WARNING - Dependency <Task(_PythonDecoratedOperator): print_the_context>, log_sql_query already registered for DAG: example_python_operator
[2026-03-03T01:11:23.169+0000] {logging_mixin.py:149} INFO - [2026-03-03T01:11:23.169+0000] {taskmixin.py:211} WARNING - Dependency <Task(_PythonDecoratedOperator): log_sql_query>, print_the_context already registered for DAG: example_python_operator
[2026-03-03T01:11:23.170+0000] {logging_mixin.py:149} INFO - [2026-03-03T01:11:23.170+0000] {taskmixin.py:211} WARNING - Dependency <Task(_PythonDecoratedOperator): print_the_context>, log_sql_query already registered for DAG: example_python_operator
[2026-03-03T01:11:23.171+0000] {logging_mixin.py:149} INFO - [2026-03-03T01:11:23.171+0000] {taskmixin.py:211} WARNING - Dependency <Task(_PythonDecoratedOperator): log_sql_query>, print_the_context already registered for DAG: example_python_operator
[2026-03-03T01:11:23.171+0000] {logging_mixin.py:149} INFO - [2026-03-03T01:11:23.171+0000] {taskmixin.py:211} WARNING - Dependency <Task(_PythonDecoratedOperator): print_the_context>, log_sql_query already registered for DAG: example_python_operator
[2026-03-03T01:11:23.171+0000] {logging_mixin.py:149} INFO - [2026-03-03T01:11:23.171+0000] {taskmixin.py:211} WARNING - Dependency <Task(_PythonDecoratedOperator): log_sql_query>, print_the_context already registered for DAG: example_python_operator
[2026-03-03T01:11:23.172+0000] {logging_mixin.py:149} INFO - [2026-03-03T01:11:23.172+0000] {taskmixin.py:211} WARNING - Dependency <Task(_PythonDecoratedOperator): print_the_context>, log_sql_query already registered for DAG: example_python_operator
[2026-03-03T01:11:23.172+0000] {logging_mixin.py:149} INFO - [2026-03-03T01:11:23.172+0000] {taskmixin.py:211} WARNING - Dependency <Task(_PythonDecoratedOperator): log_sql_query>, print_the_context already registered for DAG: example_python_operator
[2026-03-03T01:11:23.174+0000] {processor.py:809} INFO - DAG(s) dict_keys(['example_python_operator']) retrieved from /home/airflow/.local/lib/python3.7/site-packages/airflow/example_dags/example_python_operator.py
[2026-03-03T01:11:23.189+0000] {logging_mixin.py:149} INFO - [2026-03-03T01:11:23.189+0000] {dag.py:2726} INFO - Sync 1 DAGs
[2026-03-03T01:11:23.201+0000] {logging_mixin.py:149} INFO - [2026-03-03T01:11:23.201+0000] {dag.py:3490} INFO - Setting next_dagrun for example_python_operator to None, run_after=None
[2026-03-03T01:11:23.209+0000] {processor.py:178} INFO - Processing /home/airflow/.local/lib/python3.7/site-packages/airflow/example_dags/example_python_operator.py took 0.050 seconds
[2026-03-03T01:11:54.063+0000] {processor.py:156} INFO - Started process (PID=625) to work on /home/airflow/.local/lib/python3.7/site-packages/airflow/example_dags/example_python_operator.py
[2026-03-03T01:11:54.066+0000] {processor.py:799} INFO - Processing file /home/airflow/.local/lib/python3.7/site-packages/airflow/example_dags/example_python_operator.py for tasks to queue
[2026-03-03T01:11:54.069+0000] {logging_mixin.py:149} INFO - [2026-03-03T01:11:54.069+0000] {dagbag.py:541} INFO - Filling up the DagBag from /home/airflow/.local/lib/python3.7/site-packages/airflow/example_dags/example_python_operator.py
[2026-03-03T01:11:54.087+0000] {logging_mixin.py:149} INFO - [2026-03-03T01:11:54.087+0000] {taskmixin.py:211} WARNING - Dependency <Task(_PythonDecoratedOperator): print_the_context>, log_sql_query already registered for DAG: example_python_operator
[2026-03-03T01:11:54.088+0000] {logging_mixin.py:149} INFO - [2026-03-03T01:11:54.088+0000] {taskmixin.py:211} WARNING - Dependency <Task(_PythonDecoratedOperator): log_sql_query>, print_the_context already registered for DAG: example_python_operator
[2026-03-03T01:11:54.089+0000] {logging_mixin.py:149} INFO - [2026-03-03T01:11:54.089+0000] {taskmixin.py:211} WARNING - Dependency <Task(_PythonDecoratedOperator): print_the_context>, log_sql_query already registered for DAG: example_python_operator
[2026-03-03T01:11:54.090+0000] {logging_mixin.py:149} INFO - [2026-03-03T01:11:54.090+0000] {taskmixin.py:211} WARNING - Dependency <Task(_PythonDecoratedOperator): log_sql_query>, print_the_context already registered for DAG: example_python_operator
[2026-03-03T01:11:54.091+0000] {logging_mixin.py:149} INFO - [2026-03-03T01:11:54.091+0000] {taskmixin.py:211} WARNING - Dependency <Task(_PythonDecoratedOperator): print_the_context>, log_sql_query already registered for DAG: example_python_operator
[2026-03-03T01:11:54.092+0000] {logging_mixin.py:149} INFO - [2026-03-03T01:11:54.091+0000] {taskmixin.py:211} WARNING - Dependency <Task(_PythonDecoratedOperator): log_sql_query>, print_the_context already registered for DAG: example_python_operator
[2026-03-03T01:11:54.094+0000] {logging_mixin.py:149} INFO - [2026-03-03T01:11:54.093+0000] {taskmixin.py:211} WARNING - Dependency <Task(_PythonDecoratedOperator): print_the_context>, log_sql_query already registered for DAG: example_python_operator
[2026-03-03T01:11:54.095+0000] {logging_mixin.py:149} INFO - [2026-03-03T01:11:54.094+0000] {taskmixin.py:211} WARNING - Dependency <Task(_PythonDecoratedOperator): log_sql_query>, print_the_context already registered for DAG: example_python_operator
[2026-03-03T01:11:54.100+0000] {processor.py:809} INFO - DAG(s) dict_keys(['example_python_operator']) retrieved from /home/airflow/.local/lib/python3.7/site-packages/airflow/example_dags/example_python_operator.py
[2026-03-03T01:11:54.155+0000] {logging_mixin.py:149} INFO - [2026-03-03T01:11:54.155+0000] {dag.py:2726} INFO - Sync 1 DAGs
[2026-03-03T01:11:54.209+0000] {logging_mixin.py:149} INFO - [2026-03-03T01:11:54.209+0000] {dag.py:3490} INFO - Setting next_dagrun for example_python_operator to None, run_after=None
[2026-03-03T01:11:54.244+0000] {processor.py:178} INFO - Processing /home/airflow/.local/lib/python3.7/site-packages/airflow/example_dags/example_python_operator.py took 0.187 seconds
[2026-03-03T01:12:24.714+0000] {processor.py:156} INFO - Started process (PID=687) to work on /home/airflow/.local/lib/python3.7/site-packages/airflow/example_dags/example_python_operator.py
[2026-03-03T01:12:24.718+0000] {processor.py:799} INFO - Processing file /home/airflow/.local/lib/python3.7/site-packages/airflow/example_dags/example_python_operator.py for tasks to queue
[2026-03-03T01:12:24.719+0000] {logging_mixin.py:149} INFO - [2026-03-03T01:12:24.719+0000] {dagbag.py:541} INFO - Filling up the DagBag from /home/airflow/.local/lib/python3.7/site-packages/airflow/example_dags/example_python_operator.py
[2026-03-03T01:12:24.732+0000] {logging_mixin.py:149} INFO - [2026-03-03T01:12:24.732+0000] {taskmixin.py:211} WARNING - Dependency <Task(_PythonDecoratedOperator): print_the_context>, log_sql_query already registered for DAG: example_python_operator
[2026-03-03T01:12:24.734+0000] {logging_mixin.py:149} INFO - [2026-03-03T01:12:24.734+0000] {taskmixin.py:211} WARNING - Dependency <Task(_PythonDecoratedOperator): log_sql_query>, print_the_context already registered for DAG: example_python_operator
[2026-03-03T01:12:24.736+0000] {logging_mixin.py:149} INFO - [2026-03-03T01:12:24.735+0000] {taskmixin.py:211} WARNING - Dependency <Task(_PythonDecoratedOperator): print_the_context>, log_sql_query already registered for DAG: example_python_operator
[2026-03-03T01:12:24.737+0000] {logging_mixin.py:149} INFO - [2026-03-03T01:12:24.736+0000] {taskmixin.py:211} WARNING - Dependency <Task(_PythonDecoratedOperator): log_sql_query>, print_the_context already registered for DAG: example_python_operator
[2026-03-03T01:12:24.738+0000] {logging_mixin.py:149} INFO - [2026-03-03T01:12:24.738+0000] {taskmixin.py:211} WARNING - Dependency <Task(_PythonDecoratedOperator): print_the_context>, log_sql_query already registered for DAG: example_python_operator
[2026-03-03T01:12:24.739+0000] {logging_mixin.py:149} INFO - [2026-03-03T01:12:24.739+0000] {taskmixin.py:211} WARNING - Dependency <Task(_PythonDecoratedOperator): log_sql_query>, print_the_context already registered for DAG: example_python_operator
[2026-03-03T01:12:24.741+0000] {logging_mixin.py:149} INFO - [2026-03-03T01:12:24.741+0000] {taskmixin.py:211} WARNING - Dependency <Task(_PythonDecoratedOperator): print_the_context>, log_sql_query already registered for DAG: example_python_operator
[2026-03-03T01:12:24.742+0000] {logging_mixin.py:149} INFO - [2026-03-03T01:12:24.742+0000] {taskmixin.py:211} WARNING - Dependency <Task(_PythonDecoratedOperator): log_sql_query>, print_the_context already registered for DAG: example_python_operator
[2026-03-03T01:12:24.749+0000] {processor.py:809} INFO - DAG(s) dict_keys(['example_python_operator']) retrieved from /home/airflow/.local/lib/python3.7/site-packages/airflow/example_dags/example_python_operator.py
[2026-03-03T01:12:24.808+0000] {logging_mixin.py:149} INFO - [2026-03-03T01:12:24.808+0000] {dag.py:2726} INFO - Sync 1 DAGs
[2026-03-03T01:12:24.862+0000] {logging_mixin.py:149} INFO - [2026-03-03T01:12:24.861+0000] {dag.py:3490} INFO - Setting next_dagrun for example_python_operator to None, run_after=None
[2026-03-03T01:12:24.906+0000] {processor.py:178} INFO - Processing /home/airflow/.local/lib/python3.7/site-packages/airflow/example_dags/example_python_operator.py took 0.200 seconds
[2026-03-03T01:12:55.203+0000] {processor.py:156} INFO - Started process (PID=749) to work on /home/airflow/.local/lib/python3.7/site-packages/airflow/example_dags/example_python_operator.py
[2026-03-03T01:12:55.203+0000] {processor.py:799} INFO - Processing file /home/airflow/.local/lib/python3.7/site-packages/airflow/example_dags/example_python_operator.py for tasks to queue
[2026-03-03T01:12:55.204+0000] {logging_mixin.py:149} INFO - [2026-03-03T01:12:55.204+0000] {dagbag.py:541} INFO - Filling up the DagBag from /home/airflow/.local/lib/python3.7/site-packages/airflow/example_dags/example_python_operator.py
[2026-03-03T01:12:55.208+0000] {logging_mixin.py:149} INFO - [2026-03-03T01:12:55.207+0000] {taskmixin.py:211} WARNING - Dependency <Task(_PythonDecoratedOperator): print_the_context>, log_sql_query already registered for DAG: example_python_operator
[2026-03-03T01:12:55.208+0000] {logging_mixin.py:149} INFO - [2026-03-03T01:12:55.208+0000] {taskmixin.py:211} WARNING - Dependency <Task(_PythonDecoratedOperator): log_sql_query>, print_the_context already registered for DAG: example_python_operator
[2026-03-03T01:12:55.209+0000] {logging_mixin.py:149} INFO - [2026-03-03T01:12:55.209+0000] {taskmixin.py:211} WARNING - Dependency <Task(_PythonDecoratedOperator): print_the_context>, log_sql_query already registered for DAG: example_python_operator
[2026-03-03T01:12:55.209+0000] {logging_mixin.py:149} INFO - [2026-03-03T01:12:55.209+0000] {taskmixin.py:211} WARNING - Dependency <Task(_PythonDecoratedOperator): log_sql_query>, print_the_context already registered for DAG: example_python_operator
[2026-03-03T01:12:55.209+0000] {logging_mixin.py:149} INFO - [2026-03-03T01:12:55.209+0000] {taskmixin.py:211} WARNING - Dependency <Task(_PythonDecoratedOperator): print_the_context>, log_sql_query already registered for DAG: example_python_operator
[2026-03-03T01:12:55.209+0000] {logging_mixin.py:149} INFO - [2026-03-03T01:12:55.209+0000] {taskmixin.py:211} WARNING - Dependency <Task(_PythonDecoratedOperator): log_sql_query>, print_the_context already registered for DAG: example_python_operator
[2026-03-03T01:12:55.209+0000] {logging_mixin.py:149} INFO - [2026-03-03T01:12:55.209+0000] {taskmixin.py:211} WARNING - Dependency <Task(_PythonDecoratedOperator): print_the_context>, log_sql_query already registered for DAG: example_python_operator
[2026-03-03T01:12:55.210+0000] {logging_mixin.py:149} INFO - [2026-03-03T01:12:55.209+0000] {taskmixin.py:211} WARNING - Dependency <Task(_PythonDecoratedOperator): log_sql_query>, print_the_context already registered for DAG: example_python_operator
[2026-03-03T01:12:55.211+0000] {processor.py:809} INFO - DAG(s) dict_keys(['example_python_operator']) retrieved from /home/airflow/.local/lib/python3.7/site-packages/airflow/example_dags/example_python_operator.py
[2026-03-03T01:12:55.223+0000] {logging_mixin.py:149} INFO - [2026-03-03T01:12:55.223+0000] {dag.py:2726} INFO - Sync 1 DAGs
[2026-03-03T01:12:55.234+0000] {logging_mixin.py:149} INFO - [2026-03-03T01:12:55.234+0000] {dag.py:3490} INFO - Setting next_dagrun for example_python_operator to None, run_after=None
[2026-03-03T01:12:55.241+0000] {processor.py:178} INFO - Processing /home/airflow/.local/lib/python3.7/site-packages/airflow/example_dags/example_python_operator.py took 0.041 seconds
[2026-03-03T01:13:25.651+0000] {processor.py:156} INFO - Started process (PID=811) to work on /home/airflow/.local/lib/python3.7/site-packages/airflow/example_dags/example_python_operator.py
[2026-03-03T01:13:25.652+0000] {processor.py:799} INFO - Processing file /home/airflow/.local/lib/python3.7/site-packages/airflow/example_dags/example_python_operator.py for tasks to queue
[2026-03-03T01:13:25.652+0000] {logging_mixin.py:149} INFO - [2026-03-03T01:13:25.652+0000] {dagbag.py:541} INFO - Filling up the DagBag from /home/airflow/.local/lib/python3.7/site-packages/airflow/example_dags/example_python_operator.py
[2026-03-03T01:13:25.656+0000] {logging_mixin.py:149} INFO - [2026-03-03T01:13:25.656+0000] {taskmixin.py:211} WARNING - Dependency <Task(_PythonDecoratedOperator): print_the_context>, log_sql_query already registered for DAG: example_python_operator
[2026-03-03T01:13:25.656+0000] {logging_mixin.py:149} INFO - [2026-03-03T01:13:25.656+0000] {taskmixin.py:211} WARNING - Dependency <Task(_PythonDecoratedOperator): log_sql_query>, print_the_context already registered for DAG: example_python_operator
[2026-03-03T01:13:25.656+0000] {logging_mixin.py:149} INFO - [2026-03-03T01:13:25.656+0000] {taskmixin.py:211} WARNING - Dependency <Task(_PythonDecoratedOperator): print_the_context>, log_sql_query already registered for DAG: example_python_operator
[2026-03-03T01:13:25.656+0000] {logging_mixin.py:149} INFO - [2026-03-03T01:13:25.656+0000] {taskmixin.py:211} WARNING - Dependency <Task(_PythonDecoratedOperator): log_sql_query>, print_the_context already registered for DAG: example_python_operator
[2026-03-03T01:13:25.657+0000] {logging_mixin.py:149} INFO - [2026-03-03T01:13:25.657+0000] {taskmixin.py:211} WARNING - Dependency <Task(_PythonDecoratedOperator): print_the_context>, log_sql_query already registered for DAG: example_python_operator
[2026-03-03T01:13:25.658+0000] {logging_mixin.py:149} INFO - [2026-03-03T01:13:25.658+0000] {taskmixin.py:211} WARNING - Dependency <Task(_PythonDecoratedOperator): log_sql_query>, print_the_context already registered for DAG: example_python_operator
[2026-03-03T01:13:25.658+0000] {logging_mixin.py:149} INFO - [2026-03-03T01:13:25.658+0000] {taskmixin.py:211} WARNING - Dependency <Task(_PythonDecoratedOperator): print_the_context>, log_sql_query already registered for DAG: example_python_operator
[2026-03-03T01:13:25.658+0000] {logging_mixin.py:149} INFO - [2026-03-03T01:13:25.658+0000] {taskmixin.py:211} WARNING - Dependency <Task(_PythonDecoratedOperator): log_sql_query>, print_the_context already registered for DAG: example_python_operator
[2026-03-03T01:13:25.659+0000] {processor.py:809} INFO - DAG(s) dict_keys(['example_python_operator']) retrieved from /home/airflow/.local/lib/python3.7/site-packages/airflow/example_dags/example_python_operator.py
[2026-03-03T01:13:25.672+0000] {logging_mixin.py:149} INFO - [2026-03-03T01:13:25.672+0000] {dag.py:2726} INFO - Sync 1 DAGs
[2026-03-03T01:13:25.682+0000] {logging_mixin.py:149} INFO - [2026-03-03T01:13:25.682+0000] {dag.py:3490} INFO - Setting next_dagrun for example_python_operator to None, run_after=None
[2026-03-03T01:13:25.689+0000] {processor.py:178} INFO - Processing /home/airflow/.local/lib/python3.7/site-packages/airflow/example_dags/example_python_operator.py took 0.040 seconds
[2026-03-03T01:13:56.361+0000] {processor.py:156} INFO - Started process (PID=873) to work on /home/airflow/.local/lib/python3.7/site-packages/airflow/example_dags/example_python_operator.py
[2026-03-03T01:13:56.362+0000] {processor.py:799} INFO - Processing file /home/airflow/.local/lib/python3.7/site-packages/airflow/example_dags/example_python_operator.py for tasks to queue
[2026-03-03T01:13:56.362+0000] {logging_mixin.py:149} INFO - [2026-03-03T01:13:56.362+0000] {dagbag.py:541} INFO - Filling up the DagBag from /home/airflow/.local/lib/python3.7/site-packages/airflow/example_dags/example_python_operator.py
[2026-03-03T01:13:56.365+0000] {logging_mixin.py:149} INFO - [2026-03-03T01:13:56.365+0000] {taskmixin.py:211} WARNING - Dependency <Task(_PythonDecoratedOperator): print_the_context>, log_sql_query already registered for DAG: example_python_operator
[2026-03-03T01:13:56.366+0000] {logging_mixin.py:149} INFO - [2026-03-03T01:13:56.365+0000] {taskmixin.py:211} WARNING - Dependency <Task(_PythonDecoratedOperator): log_sql_query>, print_the_context already registered for DAG: example_python_operator
[2026-03-03T01:13:56.366+0000] {logging_mixin.py:149} INFO - [2026-03-03T01:13:56.366+0000] {taskmixin.py:211} WARNING - Dependency <Task(_PythonDecoratedOperator): print_the_context>, log_sql_query already registered for DAG: example_python_operator
[2026-03-03T01:13:56.366+0000] {logging_mixin.py:149} INFO - [2026-03-03T01:13:56.366+0000] {taskmixin.py:211} WARNING - Dependency <Task(_PythonDecoratedOperator): log_sql_query>, print_the_context already registered for DAG: example_python_operator
[2026-03-03T01:13:56.367+0000] {logging_mixin.py:149} INFO - [2026-03-03T01:13:56.367+0000] {taskmixin.py:211} WARNING - Dependency <Task(_PythonDecoratedOperator): print_the_context>, log_sql_query already registered for DAG: example_python_operator
[2026-03-03T01:13:56.367+0000] {logging_mixin.py:149} INFO - [2026-03-03T01:13:56.367+0000] {taskmixin.py:211} WARNING - Dependency <Task(_PythonDecoratedOperator): log_sql_query>, print_the_context already registered for DAG: example_python_operator
[2026-03-03T01:13:56.367+0000] {logging_mixin.py:149} INFO - [2026-03-03T01:13:56.367+0000] {taskmixin.py:211} WARNING - Dependency <Task(_PythonDecoratedOperator): print_the_context>, log_sql_query already registered for DAG: example_python_operator
[2026-03-03T01:13:56.367+0000] {logging_mixin.py:149} INFO - [2026-03-03T01:13:56.367+0000] {taskmixin.py:211} WARNING - Dependency <Task(_PythonDecoratedOperator): log_sql_query>, print_the_context already registered for DAG: example_python_operator
[2026-03-03T01:13:56.369+0000] {processor.py:809} INFO - DAG(s) dict_keys(['example_python_operator']) retrieved from /home/airflow/.local/lib/python3.7/site-packages/airflow/example_dags/example_python_operator.py
[2026-03-03T01:13:56.380+0000] {logging_mixin.py:149} INFO - [2026-03-03T01:13:56.380+0000] {dag.py:2726} INFO - Sync 1 DAGs
[2026-03-03T01:13:56.391+0000] {logging_mixin.py:149} INFO - [2026-03-03T01:13:56.391+0000] {dag.py:3490} INFO - Setting next_dagrun for example_python_operator to None, run_after=None
[2026-03-03T01:13:56.399+0000] {processor.py:178} INFO - Processing /home/airflow/.local/lib/python3.7/site-packages/airflow/example_dags/example_python_operator.py took 0.040 seconds
[2026-03-03T01:14:27.143+0000] {processor.py:156} INFO - Started process (PID=935) to work on /home/airflow/.local/lib/python3.7/site-packages/airflow/example_dags/example_python_operator.py
[2026-03-03T01:14:27.143+0000] {processor.py:799} INFO - Processing file /home/airflow/.local/lib/python3.7/site-packages/airflow/example_dags/example_python_operator.py for tasks to queue
[2026-03-03T01:14:27.143+0000] {logging_mixin.py:149} INFO - [2026-03-03T01:14:27.143+0000] {dagbag.py:541} INFO - Filling up the DagBag from /home/airflow/.local/lib/python3.7/site-packages/airflow/example_dags/example_python_operator.py
[2026-03-03T01:14:27.147+0000] {logging_mixin.py:149} INFO - [2026-03-03T01:14:27.147+0000] {taskmixin.py:211} WARNING - Dependency <Task(_PythonDecoratedOperator): print_the_context>, log_sql_query already registered for DAG: example_python_operator
[2026-03-03T01:14:27.147+0000] {logging_mixin.py:149} INFO - [2026-03-03T01:14:27.147+0000] {taskmixin.py:211} WARNING - Dependency <Task(_PythonDecoratedOperator): log_sql_query>, print_the_context already registered for DAG: example_python_operator
[2026-03-03T01:14:27.148+0000] {logging_mixin.py:149} INFO - [2026-03-03T01:14:27.148+0000] {taskmixin.py:211} WARNING - Dependency <Task(_PythonDecoratedOperator): print_the_context>, log_sql_query already registered for DAG: example_python_operator
[2026-03-03T01:14:27.148+0000] {logging_mixin.py:149} INFO - [2026-03-03T01:14:27.148+0000] {taskmixin.py:211} WARNING - Dependency <Task(_PythonDecoratedOperator): log_sql_query>, print_the_context already registered for DAG: example_python_operator
[2026-03-03T01:14:27.149+0000] {logging_mixin.py:149} INFO - [2026-03-03T01:14:27.148+0000] {taskmixin.py:211} WARNING - Dependency <Task(_PythonDecoratedOperator): print_the_context>, log_sql_query already registered for DAG: example_python_operator
[2026-03-03T01:14:27.149+0000] {logging_mixin.py:149} INFO - [2026-03-03T01:14:27.149+0000] {taskmixin.py:211} WARNING - Dependency <Task(_PythonDecoratedOperator): log_sql_query>, print_the_context already registered for DAG: example_python_operator
[2026-03-03T01:14:27.149+0000] {logging_mixin.py:149} INFO - [2026-03-03T01:14:27.149+0000] {taskmixin.py:211} WARNING - Dependency <Task(_PythonDecoratedOperator): print_the_context>, log_sql_query already registered for DAG: example_python_operator
[2026-03-03T01:14:27.149+0000] {logging_mixin.py:149} INFO - [2026-03-03T01:14:27.149+0000] {taskmixin.py:211} WARNING - Dependency <Task(_PythonDecoratedOperator): log_sql_query>, print_the_context already registered for DAG: example_python_operator
[2026-03-03T01:14:27.150+0000] {processor.py:809} INFO - DAG(s) dict_keys(['example_python_operator']) retrieved from /home/airflow/.local/lib/python3.7/site-packages/airflow/example_dags/example_python_operator.py
[2026-03-03T01:14:27.163+0000] {logging_mixin.py:149} INFO - [2026-03-03T01:14:27.163+0000] {dag.py:2726} INFO - Sync 1 DAGs
[2026-03-03T01:14:27.174+0000] {logging_mixin.py:149} INFO - [2026-03-03T01:14:27.174+0000] {dag.py:3490} INFO - Setting next_dagrun for example_python_operator to None, run_after=None
[2026-03-03T01:14:27.181+0000] {processor.py:178} INFO - Processing /home/airflow/.local/lib/python3.7/site-packages/airflow/example_dags/example_python_operator.py took 0.040 seconds
[2026-03-03T01:14:58.203+0000] {processor.py:156} INFO - Started process (PID=997) to work on /home/airflow/.local/lib/python3.7/site-packages/airflow/example_dags/example_python_operator.py
[2026-03-03T01:14:58.208+0000] {processor.py:799} INFO - Processing file /home/airflow/.local/lib/python3.7/site-packages/airflow/example_dags/example_python_operator.py for tasks to queue
[2026-03-03T01:14:58.210+0000] {logging_mixin.py:149} INFO - [2026-03-03T01:14:58.210+0000] {dagbag.py:541} INFO - Filling up the DagBag from /home/airflow/.local/lib/python3.7/site-packages/airflow/example_dags/example_python_operator.py
[2026-03-03T01:14:58.227+0000] {logging_mixin.py:149} INFO - [2026-03-03T01:14:58.227+0000] {taskmixin.py:211} WARNING - Dependency <Task(_PythonDecoratedOperator): print_the_context>, log_sql_query already registered for DAG: example_python_operator
[2026-03-03T01:14:58.228+0000] {logging_mixin.py:149} INFO - [2026-03-03T01:14:58.228+0000] {taskmixin.py:211} WARNING - Dependency <Task(_PythonDecoratedOperator): log_sql_query>, print_the_context already registered for DAG: example_python_operator
[2026-03-03T01:14:58.231+0000] {logging_mixin.py:149} INFO - [2026-03-03T01:14:58.230+0000] {taskmixin.py:211} WARNING - Dependency <Task(_PythonDecoratedOperator): print_the_context>, log_sql_query already registered for DAG: example_python_operator
[2026-03-03T01:14:58.232+0000] {logging_mixin.py:149} INFO - [2026-03-03T01:14:58.232+0000] {taskmixin.py:211} WARNING - Dependency <Task(_PythonDecoratedOperator): log_sql_query>, print_the_context already registered for DAG: example_python_operator
[2026-03-03T01:14:58.235+0000] {logging_mixin.py:149} INFO - [2026-03-03T01:14:58.234+0000] {taskmixin.py:211} WARNING - Dependency <Task(_PythonDecoratedOperator): print_the_context>, log_sql_query already registered for DAG: example_python_operator
[2026-03-03T01:14:58.235+0000] {logging_mixin.py:149} INFO - [2026-03-03T01:14:58.235+0000] {taskmixin.py:211} WARNING - Dependency <Task(_PythonDecoratedOperator): log_sql_query>, print_the_context already registered for DAG: example_python_operator
[2026-03-03T01:14:58.239+0000] {logging_mixin.py:149} INFO - [2026-03-03T01:14:58.238+0000] {taskmixin.py:211} WARNING - Dependency <Task(_PythonDecoratedOperator): print_the_context>, log_sql_query already registered for DAG: example_python_operator
[2026-03-03T01:14:58.239+0000] {logging_mixin.py:149} INFO - [2026-03-03T01:14:58.239+0000] {taskmixin.py:211} WARNING - Dependency <Task(_PythonDecoratedOperator): log_sql_query>, print_the_context already registered for DAG: example_python_operator
[2026-03-03T01:14:58.247+0000] {processor.py:809} INFO - DAG(s) dict_keys(['example_python_operator']) retrieved from /home/airflow/.local/lib/python3.7/site-packages/airflow/example_dags/example_python_operator.py
[2026-03-03T01:14:58.312+0000] {logging_mixin.py:149} INFO - [2026-03-03T01:14:58.311+0000] {dag.py:2726} INFO - Sync 1 DAGs
[2026-03-03T01:14:58.379+0000] {logging_mixin.py:149} INFO - [2026-03-03T01:14:58.379+0000] {dag.py:3490} INFO - Setting next_dagrun for example_python_operator to None, run_after=None
[2026-03-03T01:14:58.430+0000] {processor.py:178} INFO - Processing /home/airflow/.local/lib/python3.7/site-packages/airflow/example_dags/example_python_operator.py took 0.234 seconds
[2026-03-03T01:15:28.536+0000] {processor.py:156} INFO - Started process (PID=1059) to work on /home/airflow/.local/lib/python3.7/site-packages/airflow/example_dags/example_python_operator.py
[2026-03-03T01:15:28.536+0000] {processor.py:799} INFO - Processing file /home/airflow/.local/lib/python3.7/site-packages/airflow/example_dags/example_python_operator.py for tasks to queue
[2026-03-03T01:15:28.537+0000] {logging_mixin.py:149} INFO - [2026-03-03T01:15:28.537+0000] {dagbag.py:541} INFO - Filling up the DagBag from /home/airflow/.local/lib/python3.7/site-packages/airflow/example_dags/example_python_operator.py
[2026-03-03T01:15:28.541+0000] {logging_mixin.py:149} INFO - [2026-03-03T01:15:28.541+0000] {taskmixin.py:211} WARNING - Dependency <Task(_PythonDecoratedOperator): print_the_context>, log_sql_query already registered for DAG: example_python_operator
[2026-03-03T01:15:28.541+0000] {logging_mixin.py:149} INFO - [2026-03-03T01:15:28.541+0000] {taskmixin.py:211} WARNING - Dependency <Task(_PythonDecoratedOperator): log_sql_query>, print_the_context already registered for DAG: example_python_operator
[2026-03-03T01:15:28.542+0000] {logging_mixin.py:149} INFO - [2026-03-03T01:15:28.542+0000] {taskmixin.py:211} WARNING - Dependency <Task(_PythonDecoratedOperator): print_the_context>, log_sql_query already registered for DAG: example_python_operator
[2026-03-03T01:15:28.542+0000] {logging_mixin.py:149} INFO - [2026-03-03T01:15:28.542+0000] {taskmixin.py:211} WARNING - Dependency <Task(_PythonDecoratedOperator): log_sql_query>, print_the_context already registered for DAG: example_python_operator
[2026-03-03T01:15:28.543+0000] {logging_mixin.py:149} INFO - [2026-03-03T01:15:28.542+0000] {taskmixin.py:211} WARNING - Dependency <Task(_PythonDecoratedOperator): print_the_context>, log_sql_query already registered for DAG: example_python_operator
[2026-03-03T01:15:28.543+0000] {logging_mixin.py:149} INFO - [2026-03-03T01:15:28.543+0000] {taskmixin.py:211} WARNING - Dependency <Task(_PythonDecoratedOperator): log_sql_query>, print_the_context already registered for DAG: example_python_operator
[2026-03-03T01:15:28.543+0000] {logging_mixin.py:149} INFO - [2026-03-03T01:15:28.543+0000] {taskmixin.py:211} WARNING - Dependency <Task(_PythonDecoratedOperator): print_the_context>, log_sql_query already registered for DAG: example_python_operator
[2026-03-03T01:15:28.543+0000] {logging_mixin.py:149} INFO - [2026-03-03T01:15:28.543+0000] {taskmixin.py:211} WARNING - Dependency <Task(_PythonDecoratedOperator): log_sql_query>, print_the_context already registered for DAG: example_python_operator
[2026-03-03T01:15:28.545+0000] {processor.py:809} INFO - DAG(s) dict_keys(['example_python_operator']) retrieved from /home/airflow/.local/lib/python3.7/site-packages/airflow/example_dags/example_python_operator.py
[2026-03-03T01:15:28.557+0000] {logging_mixin.py:149} INFO - [2026-03-03T01:15:28.556+0000] {dag.py:2726} INFO - Sync 1 DAGs
[2026-03-03T01:15:28.567+0000] {logging_mixin.py:149} INFO - [2026-03-03T01:15:28.567+0000] {dag.py:3490} INFO - Setting next_dagrun for example_python_operator to None, run_after=None
[2026-03-03T01:15:28.575+0000] {processor.py:178} INFO - Processing /home/airflow/.local/lib/python3.7/site-packages/airflow/example_dags/example_python_operator.py took 0.041 seconds
[2026-03-03T01:15:59.323+0000] {processor.py:156} INFO - Started process (PID=1120) to work on /home/airflow/.local/lib/python3.7/site-packages/airflow/example_dags/example_python_operator.py
[2026-03-03T01:15:59.324+0000] {processor.py:799} INFO - Processing file /home/airflow/.local/lib/python3.7/site-packages/airflow/example_dags/example_python_operator.py for tasks to queue
[2026-03-03T01:15:59.324+0000] {logging_mixin.py:149} INFO - [2026-03-03T01:15:59.324+0000] {dagbag.py:541} INFO - Filling up the DagBag from /home/airflow/.local/lib/python3.7/site-packages/airflow/example_dags/example_python_operator.py
[2026-03-03T01:15:59.329+0000] {logging_mixin.py:149} INFO - [2026-03-03T01:15:59.329+0000] {taskmixin.py:211} WARNING - Dependency <Task(_PythonDecoratedOperator): print_the_context>, log_sql_query already registered for DAG: example_python_operator
[2026-03-03T01:15:59.329+0000] {logging_mixin.py:149} INFO - [2026-03-03T01:15:59.329+0000] {taskmixin.py:211} WARNING - Dependency <Task(_PythonDecoratedOperator): log_sql_query>, print_the_context already registered for DAG: example_python_operator
[2026-03-03T01:15:59.330+0000] {logging_mixin.py:149} INFO - [2026-03-03T01:15:59.330+0000] {taskmixin.py:211} WARNING - Dependency <Task(_PythonDecoratedOperator): print_the_context>, log_sql_query already registered for DAG: example_python_operator
[2026-03-03T01:15:59.331+0000] {logging_mixin.py:149} INFO - [2026-03-03T01:15:59.331+0000] {taskmixin.py:211} WARNING - Dependency <Task(_PythonDecoratedOperator): log_sql_query>, print_the_context already registered for DAG: example_python_operator
[2026-03-03T01:15:59.331+0000] {logging_mixin.py:149} INFO - [2026-03-03T01:15:59.331+0000] {taskmixin.py:211} WARNING - Dependency <Task(_PythonDecoratedOperator): print_the_context>, log_sql_query already registered for DAG: example_python_operator
[2026-03-03T01:15:59.331+0000] {logging_mixin.py:149} INFO - [2026-03-03T01:15:59.331+0000] {taskmixin.py:211} WARNING - Dependency <Task(_PythonDecoratedOperator): log_sql_query>, print_the_context already registered for DAG: example_python_operator
[2026-03-03T01:15:59.332+0000] {logging_mixin.py:149} INFO - [2026-03-03T01:15:59.332+0000] {taskmixin.py:211} WARNING - Dependency <Task(_PythonDecoratedOperator): print_the_context>, log_sql_query already registered for DAG: example_python_operator
[2026-03-03T01:15:59.332+0000] {logging_mixin.py:149} INFO - [2026-03-03T01:15:59.332+0000] {taskmixin.py:211} WARNING - Dependency <Task(_PythonDecoratedOperator): log_sql_query>, print_the_context already registered for DAG: example_python_operator
[2026-03-03T01:15:59.333+0000] {processor.py:809} INFO - DAG(s) dict_keys(['example_python_operator']) retrieved from /home/airflow/.local/lib/python3.7/site-packages/airflow/example_dags/example_python_operator.py
[2026-03-03T01:15:59.347+0000] {logging_mixin.py:149} INFO - [2026-03-03T01:15:59.347+0000] {dag.py:2726} INFO - Sync 1 DAGs
[2026-03-03T01:15:59.360+0000] {logging_mixin.py:149} INFO - [2026-03-03T01:15:59.360+0000] {dag.py:3490} INFO - Setting next_dagrun for example_python_operator to None, run_after=None
[2026-03-03T01:15:59.367+0000] {processor.py:178} INFO - Processing /home/airflow/.local/lib/python3.7/site-packages/airflow/example_dags/example_python_operator.py took 0.046 seconds
[2026-03-03T01:16:30.469+0000] {processor.py:156} INFO - Started process (PID=1182) to work on /home/airflow/.local/lib/python3.7/site-packages/airflow/example_dags/example_python_operator.py
[2026-03-03T01:16:30.471+0000] {processor.py:799} INFO - Processing file /home/airflow/.local/lib/python3.7/site-packages/airflow/example_dags/example_python_operator.py for tasks to queue
[2026-03-03T01:16:30.473+0000] {logging_mixin.py:149} INFO - [2026-03-03T01:16:30.473+0000] {dagbag.py:541} INFO - Filling up the DagBag from /home/airflow/.local/lib/python3.7/site-packages/airflow/example_dags/example_python_operator.py
[2026-03-03T01:16:30.490+0000] {logging_mixin.py:149} INFO - [2026-03-03T01:16:30.489+0000] {taskmixin.py:211} WARNING - Dependency <Task(_PythonDecoratedOperator): print_the_context>, log_sql_query already registered for DAG: example_python_operator
[2026-03-03T01:16:30.490+0000] {logging_mixin.py:149} INFO - [2026-03-03T01:16:30.490+0000] {taskmixin.py:211} WARNING - Dependency <Task(_PythonDecoratedOperator): log_sql_query>, print_the_context already registered for DAG: example_python_operator
[2026-03-03T01:16:30.492+0000] {logging_mixin.py:149} INFO - [2026-03-03T01:16:30.492+0000] {taskmixin.py:211} WARNING - Dependency <Task(_PythonDecoratedOperator): print_the_context>, log_sql_query already registered for DAG: example_python_operator
[2026-03-03T01:16:30.493+0000] {logging_mixin.py:149} INFO - [2026-03-03T01:16:30.492+0000] {taskmixin.py:211} WARNING - Dependency <Task(_PythonDecoratedOperator): log_sql_query>, print_the_context already registered for DAG: example_python_operator
[2026-03-03T01:16:30.495+0000] {logging_mixin.py:149} INFO - [2026-03-03T01:16:30.495+0000] {taskmixin.py:211} WARNING - Dependency <Task(_PythonDecoratedOperator): print_the_context>, log_sql_query already registered for DAG: example_python_operator
[2026-03-03T01:16:30.496+0000] {logging_mixin.py:149} INFO - [2026-03-03T01:16:30.495+0000] {taskmixin.py:211} WARNING - Dependency <Task(_PythonDecoratedOperator): log_sql_query>, print_the_context already registered for DAG: example_python_operator
[2026-03-03T01:16:30.498+0000] {logging_mixin.py:149} INFO - [2026-03-03T01:16:30.498+0000] {taskmixin.py:211} WARNING - Dependency <Task(_PythonDecoratedOperator): print_the_context>, log_sql_query already registered for DAG: example_python_operator
[2026-03-03T01:16:30.499+0000] {logging_mixin.py:149} INFO - [2026-03-03T01:16:30.499+0000] {taskmixin.py:211} WARNING - Dependency <Task(_PythonDecoratedOperator): log_sql_query>, print_the_context already registered for DAG: example_python_operator
[2026-03-03T01:16:30.506+0000] {processor.py:809} INFO - DAG(s) dict_keys(['example_python_operator']) retrieved from /home/airflow/.local/lib/python3.7/site-packages/airflow/example_dags/example_python_operator.py
[2026-03-03T01:16:30.570+0000] {logging_mixin.py:149} INFO - [2026-03-03T01:16:30.569+0000] {dag.py:2726} INFO - Sync 1 DAGs
[2026-03-03T01:16:30.638+0000] {logging_mixin.py:149} INFO - [2026-03-03T01:16:30.638+0000] {dag.py:3490} INFO - Setting next_dagrun for example_python_operator to None, run_after=None
[2026-03-03T01:16:30.691+0000] {processor.py:178} INFO - Processing /home/airflow/.local/lib/python3.7/site-packages/airflow/example_dags/example_python_operator.py took 0.231 seconds
[2026-03-03T01:17:00.983+0000] {processor.py:156} INFO - Started process (PID=1244) to work on /home/airflow/.local/lib/python3.7/site-packages/airflow/example_dags/example_python_operator.py
[2026-03-03T01:17:00.984+0000] {processor.py:799} INFO - Processing file /home/airflow/.local/lib/python3.7/site-packages/airflow/example_dags/example_python_operator.py for tasks to queue
[2026-03-03T01:17:00.986+0000] {logging_mixin.py:149} INFO - [2026-03-03T01:17:00.985+0000] {dagbag.py:541} INFO - Filling up the DagBag from /home/airflow/.local/lib/python3.7/site-packages/airflow/example_dags/example_python_operator.py
[2026-03-03T01:17:00.997+0000] {logging_mixin.py:149} INFO - [2026-03-03T01:17:00.997+0000] {taskmixin.py:211} WARNING - Dependency <Task(_PythonDecoratedOperator): print_the_context>, log_sql_query already registered for DAG: example_python_operator
[2026-03-03T01:17:00.998+0000] {logging_mixin.py:149} INFO - [2026-03-03T01:17:00.998+0000] {taskmixin.py:211} WARNING - Dependency <Task(_PythonDecoratedOperator): log_sql_query>, print_the_context already registered for DAG: example_python_operator
[2026-03-03T01:17:00.999+0000] {logging_mixin.py:149} INFO - [2026-03-03T01:17:00.999+0000] {taskmixin.py:211} WARNING - Dependency <Task(_PythonDecoratedOperator): print_the_context>, log_sql_query already registered for DAG: example_python_operator
[2026-03-03T01:17:01.000+0000] {logging_mixin.py:149} INFO - [2026-03-03T01:17:01.000+0000] {taskmixin.py:211} WARNING - Dependency <Task(_PythonDecoratedOperator): log_sql_query>, print_the_context already registered for DAG: example_python_operator
[2026-03-03T01:17:01.004+0000] {logging_mixin.py:149} INFO - [2026-03-03T01:17:01.004+0000] {taskmixin.py:211} WARNING - Dependency <Task(_PythonDecoratedOperator): print_the_context>, log_sql_query already registered for DAG: example_python_operator
[2026-03-03T01:17:01.005+0000] {logging_mixin.py:149} INFO - [2026-03-03T01:17:01.005+0000] {taskmixin.py:211} WARNING - Dependency <Task(_PythonDecoratedOperator): log_sql_query>, print_the_context already registered for DAG: example_python_operator
[2026-03-03T01:17:01.006+0000] {logging_mixin.py:149} INFO - [2026-03-03T01:17:01.006+0000] {taskmixin.py:211} WARNING - Dependency <Task(_PythonDecoratedOperator): print_the_context>, log_sql_query already registered for DAG: example_python_operator
[2026-03-03T01:17:01.006+0000] {logging_mixin.py:149} INFO - [2026-03-03T01:17:01.006+0000] {taskmixin.py:211} WARNING - Dependency <Task(_PythonDecoratedOperator): log_sql_query>, print_the_context already registered for DAG: example_python_operator
[2026-03-03T01:17:01.009+0000] {processor.py:809} INFO - DAG(s) dict_keys(['example_python_operator']) retrieved from /home/airflow/.local/lib/python3.7/site-packages/airflow/example_dags/example_python_operator.py
[2026-03-03T01:17:01.059+0000] {logging_mixin.py:149} INFO - [2026-03-03T01:17:01.058+0000] {dag.py:2726} INFO - Sync 1 DAGs
[2026-03-03T01:17:01.108+0000] {logging_mixin.py:149} INFO - [2026-03-03T01:17:01.108+0000] {dag.py:3490} INFO - Setting next_dagrun for example_python_operator to None, run_after=None
[2026-03-03T01:17:01.147+0000] {processor.py:178} INFO - Processing /home/airflow/.local/lib/python3.7/site-packages/airflow/example_dags/example_python_operator.py took 0.170 seconds
[2026-03-03T01:17:31.959+0000] {processor.py:156} INFO - Started process (PID=1307) to work on /home/airflow/.local/lib/python3.7/site-packages/airflow/example_dags/example_python_operator.py
[2026-03-03T01:17:31.960+0000] {processor.py:799} INFO - Processing file /home/airflow/.local/lib/python3.7/site-packages/airflow/example_dags/example_python_operator.py for tasks to queue
[2026-03-03T01:17:31.960+0000] {logging_mixin.py:149} INFO - [2026-03-03T01:17:31.960+0000] {dagbag.py:541} INFO - Filling up the DagBag from /home/airflow/.local/lib/python3.7/site-packages/airflow/example_dags/example_python_operator.py
[2026-03-03T01:17:31.964+0000] {logging_mixin.py:149} INFO - [2026-03-03T01:17:31.964+0000] {taskmixin.py:211} WARNING - Dependency <Task(_PythonDecoratedOperator): print_the_context>, log_sql_query already registered for DAG: example_python_operator
[2026-03-03T01:17:31.964+0000] {logging_mixin.py:149} INFO - [2026-03-03T01:17:31.964+0000] {taskmixin.py:211} WARNING - Dependency <Task(_PythonDecoratedOperator): log_sql_query>, print_the_context already registered for DAG: example_python_operator
[2026-03-03T01:17:31.964+0000] {logging_mixin.py:149} INFO - [2026-03-03T01:17:31.964+0000] {taskmixin.py:211} WARNING - Dependency <Task(_PythonDecoratedOperator): print_the_context>, log_sql_query already registered for DAG: example_python_operator
[2026-03-03T01:17:31.964+0000] {logging_mixin.py:149} INFO - [2026-03-03T01:17:31.964+0000] {taskmixin.py:211} WARNING - Dependency <Task(_PythonDecoratedOperator): log_sql_query>, print_the_context already registered for DAG: example_python_operator
[2026-03-03T01:17:31.964+0000] {logging_mixin.py:149} INFO - [2026-03-03T01:17:31.964+0000] {taskmixin.py:211} WARNING - Dependency <Task(_PythonDecoratedOperator): print_the_context>, log_sql_query already registered for DAG: example_python_operator
[2026-03-03T01:17:31.964+0000] {logging_mixin.py:149} INFO - [2026-03-03T01:17:31.964+0000] {taskmixin.py:211} WARNING - Dependency <Task(_PythonDecoratedOperator): log_sql_query>, print_the_context already registered for DAG: example_python_operator
[2026-03-03T01:17:31.965+0000] {logging_mixin.py:149} INFO - [2026-03-03T01:17:31.965+0000] {taskmixin.py:211} WARNING - Dependency <Task(_PythonDecoratedOperator): print_the_context>, log_sql_query already registered for DAG: example_python_operator
[2026-03-03T01:17:31.965+0000] {logging_mixin.py:149} INFO - [2026-03-03T01:17:31.965+0000] {taskmixin.py:211} WARNING - Dependency <Task(_PythonDecoratedOperator): log_sql_query>, print_the_context already registered for DAG: example_python_operator
[2026-03-03T01:17:31.966+0000] {processor.py:809} INFO - DAG(s) dict_keys(['example_python_operator']) retrieved from /home/airflow/.local/lib/python3.7/site-packages/airflow/example_dags/example_python_operator.py
[2026-03-03T01:17:31.979+0000] {logging_mixin.py:149} INFO - [2026-03-03T01:17:31.979+0000] {dag.py:2726} INFO - Sync 1 DAGs
[2026-03-03T01:17:31.990+0000] {logging_mixin.py:149} INFO - [2026-03-03T01:17:31.990+0000] {dag.py:3490} INFO - Setting next_dagrun for example_python_operator to None, run_after=None
[2026-03-03T01:17:32.000+0000] {processor.py:178} INFO - Processing /home/airflow/.local/lib/python3.7/site-packages/airflow/example_dags/example_python_operator.py took 0.043 seconds
[2026-03-03T01:18:02.947+0000] {processor.py:156} INFO - Started process (PID=1369) to work on /home/airflow/.local/lib/python3.7/site-packages/airflow/example_dags/example_python_operator.py
[2026-03-03T01:18:02.948+0000] {processor.py:799} INFO - Processing file /home/airflow/.local/lib/python3.7/site-packages/airflow/example_dags/example_python_operator.py for tasks to queue
[2026-03-03T01:18:02.948+0000] {logging_mixin.py:149} INFO - [2026-03-03T01:18:02.948+0000] {dagbag.py:541} INFO - Filling up the DagBag from /home/airflow/.local/lib/python3.7/site-packages/airflow/example_dags/example_python_operator.py
[2026-03-03T01:18:02.953+0000] {logging_mixin.py:149} INFO - [2026-03-03T01:18:02.953+0000] {taskmixin.py:211} WARNING - Dependency <Task(_PythonDecoratedOperator): print_the_context>, log_sql_query already registered for DAG: example_python_operator
[2026-03-03T01:18:02.953+0000] {logging_mixin.py:149} INFO - [2026-03-03T01:18:02.953+0000] {taskmixin.py:211} WARNING - Dependency <Task(_PythonDecoratedOperator): log_sql_query>, print_the_context already registered for DAG: example_python_operator
[2026-03-03T01:18:02.954+0000] {logging_mixin.py:149} INFO - [2026-03-03T01:18:02.954+0000] {taskmixin.py:211} WARNING - Dependency <Task(_PythonDecoratedOperator): print_the_context>, log_sql_query already registered for DAG: example_python_operator
[2026-03-03T01:18:02.954+0000] {logging_mixin.py:149} INFO - [2026-03-03T01:18:02.954+0000] {taskmixin.py:211} WARNING - Dependency <Task(_PythonDecoratedOperator): log_sql_query>, print_the_context already registered for DAG: example_python_operator
[2026-03-03T01:18:02.954+0000] {logging_mixin.py:149} INFO - [2026-03-03T01:18:02.954+0000] {taskmixin.py:211} WARNING - Dependency <Task(_PythonDecoratedOperator): print_the_context>, log_sql_query already registered for DAG: example_python_operator
[2026-03-03T01:18:02.954+0000] {logging_mixin.py:149} INFO - [2026-03-03T01:18:02.954+0000] {taskmixin.py:211} WARNING - Dependency <Task(_PythonDecoratedOperator): log_sql_query>, print_the_context already registered for DAG: example_python_operator
[2026-03-03T01:18:02.954+0000] {logging_mixin.py:149} INFO - [2026-03-03T01:18:02.954+0000] {taskmixin.py:211} WARNING - Dependency <Task(_PythonDecoratedOperator): print_the_context>, log_sql_query already registered for DAG: example_python_operator
[2026-03-03T01:18:02.954+0000] {logging_mixin.py:149} INFO - [2026-03-03T01:18:02.954+0000] {taskmixin.py:211} WARNING - Dependency <Task(_PythonDecoratedOperator): log_sql_query>, print_the_context already registered for DAG: example_python_operator
[2026-03-03T01:18:02.956+0000] {processor.py:809} INFO - DAG(s) dict_keys(['example_python_operator']) retrieved from /home/airflow/.local/lib/python3.7/site-packages/airflow/example_dags/example_python_operator.py
[2026-03-03T01:18:02.972+0000] {logging_mixin.py:149} INFO - [2026-03-03T01:18:02.972+0000] {dag.py:2726} INFO - Sync 1 DAGs
[2026-03-03T01:18:02.989+0000] {logging_mixin.py:149} INFO - [2026-03-03T01:18:02.988+0000] {dag.py:3490} INFO - Setting next_dagrun for example_python_operator to None, run_after=None
[2026-03-03T01:18:02.999+0000] {processor.py:178} INFO - Processing /home/airflow/.local/lib/python3.7/site-packages/airflow/example_dags/example_python_operator.py took 0.053 seconds
[2026-03-03T01:18:33.672+0000] {processor.py:156} INFO - Started process (PID=1431) to work on /home/airflow/.local/lib/python3.7/site-packages/airflow/example_dags/example_python_operator.py
[2026-03-03T01:18:33.674+0000] {processor.py:799} INFO - Processing file /home/airflow/.local/lib/python3.7/site-packages/airflow/example_dags/example_python_operator.py for tasks to queue
[2026-03-03T01:18:33.676+0000] {logging_mixin.py:149} INFO - [2026-03-03T01:18:33.676+0000] {dagbag.py:541} INFO - Filling up the DagBag from /home/airflow/.local/lib/python3.7/site-packages/airflow/example_dags/example_python_operator.py
[2026-03-03T01:18:33.690+0000] {logging_mixin.py:149} INFO - [2026-03-03T01:18:33.689+0000] {taskmixin.py:211} WARNING - Dependency <Task(_PythonDecoratedOperator): print_the_context>, log_sql_query already registered for DAG: example_python_operator
[2026-03-03T01:18:33.690+0000] {logging_mixin.py:149} INFO - [2026-03-03T01:18:33.690+0000] {taskmixin.py:211} WARNING - Dependency <Task(_PythonDecoratedOperator): log_sql_query>, print_the_context already registered for DAG: example_python_operator
[2026-03-03T01:18:33.692+0000] {logging_mixin.py:149} INFO - [2026-03-03T01:18:33.692+0000] {taskmixin.py:211} WARNING - Dependency <Task(_PythonDecoratedOperator): print_the_context>, log_sql_query already registered for DAG: example_python_operator
[2026-03-03T01:18:33.693+0000] {logging_mixin.py:149} INFO - [2026-03-03T01:18:33.693+0000] {taskmixin.py:211} WARNING - Dependency <Task(_PythonDecoratedOperator): log_sql_query>, print_the_context already registered for DAG: example_python_operator
[2026-03-03T01:18:33.695+0000] {logging_mixin.py:149} INFO - [2026-03-03T01:18:33.694+0000] {taskmixin.py:211} WARNING - Dependency <Task(_PythonDecoratedOperator): print_the_context>, log_sql_query already registered for DAG: example_python_operator
[2026-03-03T01:18:33.696+0000] {logging_mixin.py:149} INFO - [2026-03-03T01:18:33.695+0000] {taskmixin.py:211} WARNING - Dependency <Task(_PythonDecoratedOperator): log_sql_query>, print_the_context already registered for DAG: example_python_operator
[2026-03-03T01:18:33.697+0000] {logging_mixin.py:149} INFO - [2026-03-03T01:18:33.697+0000] {taskmixin.py:211} WARNING - Dependency <Task(_PythonDecoratedOperator): print_the_context>, log_sql_query already registered for DAG: example_python_operator
[2026-03-03T01:18:33.698+0000] {logging_mixin.py:149} INFO - [2026-03-03T01:18:33.698+0000] {taskmixin.py:211} WARNING - Dependency <Task(_PythonDecoratedOperator): log_sql_query>, print_the_context already registered for DAG: example_python_operator
[2026-03-03T01:18:33.703+0000] {processor.py:809} INFO - DAG(s) dict_keys(['example_python_operator']) retrieved from /home/airflow/.local/lib/python3.7/site-packages/airflow/example_dags/example_python_operator.py
[2026-03-03T01:18:33.768+0000] {logging_mixin.py:149} INFO - [2026-03-03T01:18:33.767+0000] {dag.py:2726} INFO - Sync 1 DAGs
[2026-03-03T01:18:33.833+0000] {logging_mixin.py:149} INFO - [2026-03-03T01:18:33.833+0000] {dag.py:3490} INFO - Setting next_dagrun for example_python_operator to None, run_after=None
[2026-03-03T01:18:33.889+0000] {processor.py:178} INFO - Processing /home/airflow/.local/lib/python3.7/site-packages/airflow/example_dags/example_python_operator.py took 0.224 seconds
[2026-03-03T01:19:04.192+0000] {processor.py:156} INFO - Started process (PID=1493) to work on /home/airflow/.local/lib/python3.7/site-packages/airflow/example_dags/example_python_operator.py
[2026-03-03T01:19:04.194+0000] {processor.py:799} INFO - Processing file /home/airflow/.local/lib/python3.7/site-packages/airflow/example_dags/example_python_operator.py for tasks to queue
[2026-03-03T01:19:04.196+0000] {logging_mixin.py:149} INFO - [2026-03-03T01:19:04.196+0000] {dagbag.py:541} INFO - Filling up the DagBag from /home/airflow/.local/lib/python3.7/site-packages/airflow/example_dags/example_python_operator.py
[2026-03-03T01:19:04.208+0000] {logging_mixin.py:149} INFO - [2026-03-03T01:19:04.207+0000] {taskmixin.py:211} WARNING - Dependency <Task(_PythonDecoratedOperator): print_the_context>, log_sql_query already registered for DAG: example_python_operator
[2026-03-03T01:19:04.209+0000] {logging_mixin.py:149} INFO - [2026-03-03T01:19:04.209+0000] {taskmixin.py:211} WARNING - Dependency <Task(_PythonDecoratedOperator): log_sql_query>, print_the_context already registered for DAG: example_python_operator
[2026-03-03T01:19:04.211+0000] {logging_mixin.py:149} INFO - [2026-03-03T01:19:04.210+0000] {taskmixin.py:211} WARNING - Dependency <Task(_PythonDecoratedOperator): print_the_context>, log_sql_query already registered for DAG: example_python_operator
[2026-03-03T01:19:04.211+0000] {logging_mixin.py:149} INFO - [2026-03-03T01:19:04.211+0000] {taskmixin.py:211} WARNING - Dependency <Task(_PythonDecoratedOperator): log_sql_query>, print_the_context already registered for DAG: example_python_operator
[2026-03-03T01:19:04.213+0000] {logging_mixin.py:149} INFO - [2026-03-03T01:19:04.213+0000] {taskmixin.py:211} WARNING - Dependency <Task(_PythonDecoratedOperator): print_the_context>, log_sql_query already registered for DAG: example_python_operator
[2026-03-03T01:19:04.214+0000] {logging_mixin.py:149} INFO - [2026-03-03T01:19:04.213+0000] {taskmixin.py:211} WARNING - Dependency <Task(_PythonDecoratedOperator): log_sql_query>, print_the_context already registered for DAG: example_python_operator
[2026-03-03T01:19:04.215+0000] {logging_mixin.py:149} INFO - [2026-03-03T01:19:04.215+0000] {taskmixin.py:211} WARNING - Dependency <Task(_PythonDecoratedOperator): print_the_context>, log_sql_query already registered for DAG: example_python_operator
[2026-03-03T01:19:04.216+0000] {logging_mixin.py:149} INFO - [2026-03-03T01:19:04.215+0000] {taskmixin.py:211} WARNING - Dependency <Task(_PythonDecoratedOperator): log_sql_query>, print_the_context already registered for DAG: example_python_operator
[2026-03-03T01:19:04.220+0000] {processor.py:809} INFO - DAG(s) dict_keys(['example_python_operator']) retrieved from /home/airflow/.local/lib/python3.7/site-packages/airflow/example_dags/example_python_operator.py
[2026-03-03T01:19:04.285+0000] {logging_mixin.py:149} INFO - [2026-03-03T01:19:04.284+0000] {dag.py:2726} INFO - Sync 1 DAGs
[2026-03-03T01:19:04.339+0000] {logging_mixin.py:149} INFO - [2026-03-03T01:19:04.339+0000] {dag.py:3490} INFO - Setting next_dagrun for example_python_operator to None, run_after=None
[2026-03-03T01:19:04.382+0000] {processor.py:178} INFO - Processing /home/airflow/.local/lib/python3.7/site-packages/airflow/example_dags/example_python_operator.py took 0.195 seconds
[2026-03-03T01:19:35.248+0000] {processor.py:156} INFO - Started process (PID=1555) to work on /home/airflow/.local/lib/python3.7/site-packages/airflow/example_dags/example_python_operator.py
[2026-03-03T01:19:35.249+0000] {processor.py:799} INFO - Processing file /home/airflow/.local/lib/python3.7/site-packages/airflow/example_dags/example_python_operator.py for tasks to queue
[2026-03-03T01:19:35.249+0000] {logging_mixin.py:149} INFO - [2026-03-03T01:19:35.249+0000] {dagbag.py:541} INFO - Filling up the DagBag from /home/airflow/.local/lib/python3.7/site-packages/airflow/example_dags/example_python_operator.py
[2026-03-03T01:19:35.254+0000] {logging_mixin.py:149} INFO - [2026-03-03T01:19:35.254+0000] {taskmixin.py:211} WARNING - Dependency <Task(_PythonDecoratedOperator): print_the_context>, log_sql_query already registered for DAG: example_python_operator
[2026-03-03T01:19:35.255+0000] {logging_mixin.py:149} INFO - [2026-03-03T01:19:35.255+0000] {taskmixin.py:211} WARNING - Dependency <Task(_PythonDecoratedOperator): log_sql_query>, print_the_context already registered for DAG: example_python_operator
[2026-03-03T01:19:35.255+0000] {logging_mixin.py:149} INFO - [2026-03-03T01:19:35.255+0000] {taskmixin.py:211} WARNING - Dependency <Task(_PythonDecoratedOperator): print_the_context>, log_sql_query already registered for DAG: example_python_operator
[2026-03-03T01:19:35.256+0000] {logging_mixin.py:149} INFO - [2026-03-03T01:19:35.256+0000] {taskmixin.py:211} WARNING - Dependency <Task(_PythonDecoratedOperator): log_sql_query>, print_the_context already registered for DAG: example_python_operator
[2026-03-03T01:19:35.256+0000] {logging_mixin.py:149} INFO - [2026-03-03T01:19:35.256+0000] {taskmixin.py:211} WARNING - Dependency <Task(_PythonDecoratedOperator): print_the_context>, log_sql_query already registered for DAG: example_python_operator
[2026-03-03T01:19:35.256+0000] {logging_mixin.py:149} INFO - [2026-03-03T01:19:35.256+0000] {taskmixin.py:211} WARNING - Dependency <Task(_PythonDecoratedOperator): log_sql_query>, print_the_context already registered for DAG: example_python_operator
[2026-03-03T01:19:35.256+0000] {logging_mixin.py:149} INFO - [2026-03-03T01:19:35.256+0000] {taskmixin.py:211} WARNING - Dependency <Task(_PythonDecoratedOperator): print_the_context>, log_sql_query already registered for DAG: example_python_operator
[2026-03-03T01:19:35.256+0000] {logging_mixin.py:149} INFO - [2026-03-03T01:19:35.256+0000] {taskmixin.py:211} WARNING - Dependency <Task(_PythonDecoratedOperator): log_sql_query>, print_the_context already registered for DAG: example_python_operator
[2026-03-03T01:19:35.258+0000] {processor.py:809} INFO - DAG(s) dict_keys(['example_python_operator']) retrieved from /home/airflow/.local/lib/python3.7/site-packages/airflow/example_dags/example_python_operator.py
[2026-03-03T01:19:35.275+0000] {logging_mixin.py:149} INFO - [2026-03-03T01:19:35.274+0000] {dag.py:2726} INFO - Sync 1 DAGs
[2026-03-03T01:19:35.287+0000] {logging_mixin.py:149} INFO - [2026-03-03T01:19:35.287+0000] {dag.py:3490} INFO - Setting next_dagrun for example_python_operator to None, run_after=None
[2026-03-03T01:19:35.297+0000] {processor.py:178} INFO - Processing /home/airflow/.local/lib/python3.7/site-packages/airflow/example_dags/example_python_operator.py took 0.052 seconds
[2026-03-03T01:20:05.926+0000] {processor.py:156} INFO - Started process (PID=1617) to work on /home/airflow/.local/lib/python3.7/site-packages/airflow/example_dags/example_python_operator.py
[2026-03-03T01:20:05.927+0000] {processor.py:799} INFO - Processing file /home/airflow/.local/lib/python3.7/site-packages/airflow/example_dags/example_python_operator.py for tasks to queue
[2026-03-03T01:20:05.927+0000] {logging_mixin.py:149} INFO - [2026-03-03T01:20:05.927+0000] {dagbag.py:541} INFO - Filling up the DagBag from /home/airflow/.local/lib/python3.7/site-packages/airflow/example_dags/example_python_operator.py
[2026-03-03T01:20:05.933+0000] {logging_mixin.py:149} INFO - [2026-03-03T01:20:05.932+0000] {taskmixin.py:211} WARNING - Dependency <Task(_PythonDecoratedOperator): print_the_context>, log_sql_query already registered for DAG: example_python_operator
[2026-03-03T01:20:05.933+0000] {logging_mixin.py:149} INFO - [2026-03-03T01:20:05.933+0000] {taskmixin.py:211} WARNING - Dependency <Task(_PythonDecoratedOperator): log_sql_query>, print_the_context already registered for DAG: example_python_operator
[2026-03-03T01:20:05.933+0000] {logging_mixin.py:149} INFO - [2026-03-03T01:20:05.933+0000] {taskmixin.py:211} WARNING - Dependency <Task(_PythonDecoratedOperator): print_the_context>, log_sql_query already registered for DAG: example_python_operator
[2026-03-03T01:20:05.934+0000] {logging_mixin.py:149} INFO - [2026-03-03T01:20:05.933+0000] {taskmixin.py:211} WARNING - Dependency <Task(_PythonDecoratedOperator): log_sql_query>, print_the_context already registered for DAG: example_python_operator
[2026-03-03T01:20:05.934+0000] {logging_mixin.py:149} INFO - [2026-03-03T01:20:05.934+0000] {taskmixin.py:211} WARNING - Dependency <Task(_PythonDecoratedOperator): print_the_context>, log_sql_query already registered for DAG: example_python_operator
[2026-03-03T01:20:05.934+0000] {logging_mixin.py:149} INFO - [2026-03-03T01:20:05.934+0000] {taskmixin.py:211} WARNING - Dependency <Task(_PythonDecoratedOperator): log_sql_query>, print_the_context already registered for DAG: example_python_operator
[2026-03-03T01:20:05.934+0000] {logging_mixin.py:149} INFO - [2026-03-03T01:20:05.934+0000] {taskmixin.py:211} WARNING - Dependency <Task(_PythonDecoratedOperator): print_the_context>, log_sql_query already registered for DAG: example_python_operator
[2026-03-03T01:20:05.935+0000] {logging_mixin.py:149} INFO - [2026-03-03T01:20:05.934+0000] {taskmixin.py:211} WARNING - Dependency <Task(_PythonDecoratedOperator): log_sql_query>, print_the_context already registered for DAG: example_python_operator
[2026-03-03T01:20:05.937+0000] {processor.py:809} INFO - DAG(s) dict_keys(['example_python_operator']) retrieved from /home/airflow/.local/lib/python3.7/site-packages/airflow/example_dags/example_python_operator.py
[2026-03-03T01:20:05.951+0000] {logging_mixin.py:149} INFO - [2026-03-03T01:20:05.951+0000] {dag.py:2726} INFO - Sync 1 DAGs
[2026-03-03T01:20:05.965+0000] {logging_mixin.py:149} INFO - [2026-03-03T01:20:05.965+0000] {dag.py:3490} INFO - Setting next_dagrun for example_python_operator to None, run_after=None
[2026-03-03T01:20:05.975+0000] {processor.py:178} INFO - Processing /home/airflow/.local/lib/python3.7/site-packages/airflow/example_dags/example_python_operator.py took 0.052 seconds
[2026-03-03T01:20:36.640+0000] {processor.py:156} INFO - Started process (PID=1679) to work on /home/airflow/.local/lib/python3.7/site-packages/airflow/example_dags/example_python_operator.py
[2026-03-03T01:20:36.640+0000] {processor.py:799} INFO - Processing file /home/airflow/.local/lib/python3.7/site-packages/airflow/example_dags/example_python_operator.py for tasks to queue
[2026-03-03T01:20:36.641+0000] {logging_mixin.py:149} INFO - [2026-03-03T01:20:36.641+0000] {dagbag.py:541} INFO - Filling up the DagBag from /home/airflow/.local/lib/python3.7/site-packages/airflow/example_dags/example_python_operator.py
[2026-03-03T01:20:36.645+0000] {logging_mixin.py:149} INFO - [2026-03-03T01:20:36.645+0000] {taskmixin.py:211} WARNING - Dependency <Task(_PythonDecoratedOperator): print_the_context>, log_sql_query already registered for DAG: example_python_operator
[2026-03-03T01:20:36.646+0000] {logging_mixin.py:149} INFO - [2026-03-03T01:20:36.645+0000] {taskmixin.py:211} WARNING - Dependency <Task(_PythonDecoratedOperator): log_sql_query>, print_the_context already registered for DAG: example_python_operator
[2026-03-03T01:20:36.646+0000] {logging_mixin.py:149} INFO - [2026-03-03T01:20:36.646+0000] {taskmixin.py:211} WARNING - Dependency <Task(_PythonDecoratedOperator): print_the_context>, log_sql_query already registered for DAG: example_python_operator
[2026-03-03T01:20:36.646+0000] {logging_mixin.py:149} INFO - [2026-03-03T01:20:36.646+0000] {taskmixin.py:211} WARNING - Dependency <Task(_PythonDecoratedOperator): log_sql_query>, print_the_context already registered for DAG: example_python_operator
[2026-03-03T01:20:36.647+0000] {logging_mixin.py:149} INFO - [2026-03-03T01:20:36.647+0000] {taskmixin.py:211} WARNING - Dependency <Task(_PythonDecoratedOperator): print_the_context>, log_sql_query already registered for DAG: example_python_operator
[2026-03-03T01:20:36.647+0000] {logging_mixin.py:149} INFO - [2026-03-03T01:20:36.647+0000] {taskmixin.py:211} WARNING - Dependency <Task(_PythonDecoratedOperator): log_sql_query>, print_the_context already registered for DAG: example_python_operator
[2026-03-03T01:20:36.647+0000] {logging_mixin.py:149} INFO - [2026-03-03T01:20:36.647+0000] {taskmixin.py:211} WARNING - Dependency <Task(_PythonDecoratedOperator): print_the_context>, log_sql_query already registered for DAG: example_python_operator
[2026-03-03T01:20:36.647+0000] {logging_mixin.py:149} INFO - [2026-03-03T01:20:36.647+0000] {taskmixin.py:211} WARNING - Dependency <Task(_PythonDecoratedOperator): log_sql_query>, print_the_context already registered for DAG: example_python_operator
[2026-03-03T01:20:36.649+0000] {processor.py:809} INFO - DAG(s) dict_keys(['example_python_operator']) retrieved from /home/airflow/.local/lib/python3.7/site-packages/airflow/example_dags/example_python_operator.py
[2026-03-03T01:20:36.666+0000] {logging_mixin.py:149} INFO - [2026-03-03T01:20:36.666+0000] {dag.py:2726} INFO - Sync 1 DAGs
[2026-03-03T01:20:36.681+0000] {logging_mixin.py:149} INFO - [2026-03-03T01:20:36.681+0000] {dag.py:3490} INFO - Setting next_dagrun for example_python_operator to None, run_after=None
[2026-03-03T01:20:36.692+0000] {processor.py:178} INFO - Processing /home/airflow/.local/lib/python3.7/site-packages/airflow/example_dags/example_python_operator.py took 0.054 seconds
[2026-03-03T01:21:07.241+0000] {processor.py:156} INFO - Started process (PID=1741) to work on /home/airflow/.local/lib/python3.7/site-packages/airflow/example_dags/example_python_operator.py
[2026-03-03T01:21:07.242+0000] {processor.py:799} INFO - Processing file /home/airflow/.local/lib/python3.7/site-packages/airflow/example_dags/example_python_operator.py for tasks to queue
[2026-03-03T01:21:07.243+0000] {logging_mixin.py:149} INFO - [2026-03-03T01:21:07.243+0000] {dagbag.py:541} INFO - Filling up the DagBag from /home/airflow/.local/lib/python3.7/site-packages/airflow/example_dags/example_python_operator.py
[2026-03-03T01:21:07.248+0000] {logging_mixin.py:149} INFO - [2026-03-03T01:21:07.247+0000] {taskmixin.py:211} WARNING - Dependency <Task(_PythonDecoratedOperator): print_the_context>, log_sql_query already registered for DAG: example_python_operator
[2026-03-03T01:21:07.248+0000] {logging_mixin.py:149} INFO - [2026-03-03T01:21:07.248+0000] {taskmixin.py:211} WARNING - Dependency <Task(_PythonDecoratedOperator): log_sql_query>, print_the_context already registered for DAG: example_python_operator
[2026-03-03T01:21:07.248+0000] {logging_mixin.py:149} INFO - [2026-03-03T01:21:07.248+0000] {taskmixin.py:211} WARNING - Dependency <Task(_PythonDecoratedOperator): print_the_context>, log_sql_query already registered for DAG: example_python_operator
[2026-03-03T01:21:07.249+0000] {logging_mixin.py:149} INFO - [2026-03-03T01:21:07.248+0000] {taskmixin.py:211} WARNING - Dependency <Task(_PythonDecoratedOperator): log_sql_query>, print_the_context already registered for DAG: example_python_operator
[2026-03-03T01:21:07.249+0000] {logging_mixin.py:149} INFO - [2026-03-03T01:21:07.249+0000] {taskmixin.py:211} WARNING - Dependency <Task(_PythonDecoratedOperator): print_the_context>, log_sql_query already registered for DAG: example_python_operator
[2026-03-03T01:21:07.249+0000] {logging_mixin.py:149} INFO - [2026-03-03T01:21:07.249+0000] {taskmixin.py:211} WARNING - Dependency <Task(_PythonDecoratedOperator): log_sql_query>, print_the_context already registered for DAG: example_python_operator
[2026-03-03T01:21:07.249+0000] {logging_mixin.py:149} INFO - [2026-03-03T01:21:07.249+0000] {taskmixin.py:211} WARNING - Dependency <Task(_PythonDecoratedOperator): print_the_context>, log_sql_query already registered for DAG: example_python_operator
[2026-03-03T01:21:07.249+0000] {logging_mixin.py:149} INFO - [2026-03-03T01:21:07.249+0000] {taskmixin.py:211} WARNING - Dependency <Task(_PythonDecoratedOperator): log_sql_query>, print_the_context already registered for DAG: example_python_operator
[2026-03-03T01:21:07.251+0000] {processor.py:809} INFO - DAG(s) dict_keys(['example_python_operator']) retrieved from /home/airflow/.local/lib/python3.7/site-packages/airflow/example_dags/example_python_operator.py
[2026-03-03T01:21:07.268+0000] {logging_mixin.py:149} INFO - [2026-03-03T01:21:07.268+0000] {dag.py:2726} INFO - Sync 1 DAGs
[2026-03-03T01:21:07.282+0000] {logging_mixin.py:149} INFO - [2026-03-03T01:21:07.282+0000] {dag.py:3490} INFO - Setting next_dagrun for example_python_operator to None, run_after=None
[2026-03-03T01:21:07.293+0000] {processor.py:178} INFO - Processing /home/airflow/.local/lib/python3.7/site-packages/airflow/example_dags/example_python_operator.py took 0.054 seconds
[2026-03-03T01:21:37.965+0000] {processor.py:156} INFO - Started process (PID=1803) to work on /home/airflow/.local/lib/python3.7/site-packages/airflow/example_dags/example_python_operator.py
[2026-03-03T01:21:37.966+0000] {processor.py:799} INFO - Processing file /home/airflow/.local/lib/python3.7/site-packages/airflow/example_dags/example_python_operator.py for tasks to queue
[2026-03-03T01:21:37.967+0000] {logging_mixin.py:149} INFO - [2026-03-03T01:21:37.967+0000] {dagbag.py:541} INFO - Filling up the DagBag from /home/airflow/.local/lib/python3.7/site-packages/airflow/example_dags/example_python_operator.py
[2026-03-03T01:21:37.972+0000] {logging_mixin.py:149} INFO - [2026-03-03T01:21:37.972+0000] {taskmixin.py:211} WARNING - Dependency <Task(_PythonDecoratedOperator): print_the_context>, log_sql_query already registered for DAG: example_python_operator
[2026-03-03T01:21:37.972+0000] {logging_mixin.py:149} INFO - [2026-03-03T01:21:37.972+0000] {taskmixin.py:211} WARNING - Dependency <Task(_PythonDecoratedOperator): log_sql_query>, print_the_context already registered for DAG: example_python_operator
[2026-03-03T01:21:37.973+0000] {logging_mixin.py:149} INFO - [2026-03-03T01:21:37.973+0000] {taskmixin.py:211} WARNING - Dependency <Task(_PythonDecoratedOperator): print_the_context>, log_sql_query already registered for DAG: example_python_operator
[2026-03-03T01:21:37.973+0000] {logging_mixin.py:149} INFO - [2026-03-03T01:21:37.973+0000] {taskmixin.py:211} WARNING - Dependency <Task(_PythonDecoratedOperator): log_sql_query>, print_the_context already registered for DAG: example_python_operator
[2026-03-03T01:21:37.974+0000] {logging_mixin.py:149} INFO - [2026-03-03T01:21:37.974+0000] {taskmixin.py:211} WARNING - Dependency <Task(_PythonDecoratedOperator): print_the_context>, log_sql_query already registered for DAG: example_python_operator
[2026-03-03T01:21:37.974+0000] {logging_mixin.py:149} INFO - [2026-03-03T01:21:37.974+0000] {taskmixin.py:211} WARNING - Dependency <Task(_PythonDecoratedOperator): log_sql_query>, print_the_context already registered for DAG: example_python_operator
[2026-03-03T01:21:37.975+0000] {logging_mixin.py:149} INFO - [2026-03-03T01:21:37.975+0000] {taskmixin.py:211} WARNING - Dependency <Task(_PythonDecoratedOperator): print_the_context>, log_sql_query already registered for DAG: example_python_operator
[2026-03-03T01:21:37.975+0000] {logging_mixin.py:149} INFO - [2026-03-03T01:21:37.975+0000] {taskmixin.py:211} WARNING - Dependency <Task(_PythonDecoratedOperator): log_sql_query>, print_the_context already registered for DAG: example_python_operator
[2026-03-03T01:21:37.976+0000] {processor.py:809} INFO - DAG(s) dict_keys(['example_python_operator']) retrieved from /home/airflow/.local/lib/python3.7/site-packages/airflow/example_dags/example_python_operator.py
[2026-03-03T01:21:37.989+0000] {logging_mixin.py:149} INFO - [2026-03-03T01:21:37.989+0000] {dag.py:2726} INFO - Sync 1 DAGs
[2026-03-03T01:21:38.002+0000] {logging_mixin.py:149} INFO - [2026-03-03T01:21:38.002+0000] {dag.py:3490} INFO - Setting next_dagrun for example_python_operator to None, run_after=None
[2026-03-03T01:21:38.011+0000] {processor.py:178} INFO - Processing /home/airflow/.local/lib/python3.7/site-packages/airflow/example_dags/example_python_operator.py took 0.049 seconds
[2026-03-03T01:22:08.642+0000] {processor.py:156} INFO - Started process (PID=1864) to work on /home/airflow/.local/lib/python3.7/site-packages/airflow/example_dags/example_python_operator.py
[2026-03-03T01:22:08.644+0000] {processor.py:799} INFO - Processing file /home/airflow/.local/lib/python3.7/site-packages/airflow/example_dags/example_python_operator.py for tasks to queue
[2026-03-03T01:22:08.645+0000] {logging_mixin.py:149} INFO - [2026-03-03T01:22:08.645+0000] {dagbag.py:541} INFO - Filling up the DagBag from /home/airflow/.local/lib/python3.7/site-packages/airflow/example_dags/example_python_operator.py
[2026-03-03T01:22:08.662+0000] {logging_mixin.py:149} INFO - [2026-03-03T01:22:08.662+0000] {taskmixin.py:211} WARNING - Dependency <Task(_PythonDecoratedOperator): print_the_context>, log_sql_query already registered for DAG: example_python_operator
[2026-03-03T01:22:08.663+0000] {logging_mixin.py:149} INFO - [2026-03-03T01:22:08.663+0000] {taskmixin.py:211} WARNING - Dependency <Task(_PythonDecoratedOperator): log_sql_query>, print_the_context already registered for DAG: example_python_operator
[2026-03-03T01:22:08.666+0000] {logging_mixin.py:149} INFO - [2026-03-03T01:22:08.665+0000] {taskmixin.py:211} WARNING - Dependency <Task(_PythonDecoratedOperator): print_the_context>, log_sql_query already registered for DAG: example_python_operator
[2026-03-03T01:22:08.667+0000] {logging_mixin.py:149} INFO - [2026-03-03T01:22:08.667+0000] {taskmixin.py:211} WARNING - Dependency <Task(_PythonDecoratedOperator): log_sql_query>, print_the_context already registered for DAG: example_python_operator
[2026-03-03T01:22:08.670+0000] {logging_mixin.py:149} INFO - [2026-03-03T01:22:08.669+0000] {taskmixin.py:211} WARNING - Dependency <Task(_PythonDecoratedOperator): print_the_context>, log_sql_query already registered for DAG: example_python_operator
[2026-03-03T01:22:08.670+0000] {logging_mixin.py:149} INFO - [2026-03-03T01:22:08.670+0000] {taskmixin.py:211} WARNING - Dependency <Task(_PythonDecoratedOperator): log_sql_query>, print_the_context already registered for DAG: example_python_operator
[2026-03-03T01:22:08.673+0000] {logging_mixin.py:149} INFO - [2026-03-03T01:22:08.672+0000] {taskmixin.py:211} WARNING - Dependency <Task(_PythonDecoratedOperator): print_the_context>, log_sql_query already registered for DAG: example_python_operator
[2026-03-03T01:22:08.673+0000] {logging_mixin.py:149} INFO - [2026-03-03T01:22:08.673+0000] {taskmixin.py:211} WARNING - Dependency <Task(_PythonDecoratedOperator): log_sql_query>, print_the_context already registered for DAG: example_python_operator
[2026-03-03T01:22:08.681+0000] {processor.py:809} INFO - DAG(s) dict_keys(['example_python_operator']) retrieved from /home/airflow/.local/lib/python3.7/site-packages/airflow/example_dags/example_python_operator.py
[2026-03-03T01:22:08.717+0000] {logging_mixin.py:149} INFO - [2026-03-03T01:22:08.716+0000] {dag.py:2726} INFO - Sync 1 DAGs
[2026-03-03T01:22:08.790+0000] {logging_mixin.py:149} INFO - [2026-03-03T01:22:08.789+0000] {dag.py:3490} INFO - Setting next_dagrun for example_python_operator to None, run_after=None
[2026-03-03T01:22:08.845+0000] {processor.py:178} INFO - Processing /home/airflow/.local/lib/python3.7/site-packages/airflow/example_dags/example_python_operator.py took 0.215 seconds
[2026-03-03T01:22:39.039+0000] {processor.py:156} INFO - Started process (PID=1926) to work on /home/airflow/.local/lib/python3.7/site-packages/airflow/example_dags/example_python_operator.py
[2026-03-03T01:22:39.043+0000] {processor.py:799} INFO - Processing file /home/airflow/.local/lib/python3.7/site-packages/airflow/example_dags/example_python_operator.py for tasks to queue
[2026-03-03T01:22:39.048+0000] {logging_mixin.py:149} INFO - [2026-03-03T01:22:39.047+0000] {dagbag.py:541} INFO - Filling up the DagBag from /home/airflow/.local/lib/python3.7/site-packages/airflow/example_dags/example_python_operator.py
[2026-03-03T01:22:39.067+0000] {logging_mixin.py:149} INFO - [2026-03-03T01:22:39.066+0000] {taskmixin.py:211} WARNING - Dependency <Task(_PythonDecoratedOperator): print_the_context>, log_sql_query already registered for DAG: example_python_operator
[2026-03-03T01:22:39.069+0000] {logging_mixin.py:149} INFO - [2026-03-03T01:22:39.069+0000] {taskmixin.py:211} WARNING - Dependency <Task(_PythonDecoratedOperator): log_sql_query>, print_the_context already registered for DAG: example_python_operator
[2026-03-03T01:22:39.074+0000] {logging_mixin.py:149} INFO - [2026-03-03T01:22:39.074+0000] {taskmixin.py:211} WARNING - Dependency <Task(_PythonDecoratedOperator): print_the_context>, log_sql_query already registered for DAG: example_python_operator
[2026-03-03T01:22:39.077+0000] {logging_mixin.py:149} INFO - [2026-03-03T01:22:39.077+0000] {taskmixin.py:211} WARNING - Dependency <Task(_PythonDecoratedOperator): log_sql_query>, print_the_context already registered for DAG: example_python_operator
[2026-03-03T01:22:39.080+0000] {logging_mixin.py:149} INFO - [2026-03-03T01:22:39.080+0000] {taskmixin.py:211} WARNING - Dependency <Task(_PythonDecoratedOperator): print_the_context>, log_sql_query already registered for DAG: example_python_operator
[2026-03-03T01:22:39.080+0000] {logging_mixin.py:149} INFO - [2026-03-03T01:22:39.080+0000] {taskmixin.py:211} WARNING - Dependency <Task(_PythonDecoratedOperator): log_sql_query>, print_the_context already registered for DAG: example_python_operator
[2026-03-03T01:22:39.082+0000] {logging_mixin.py:149} INFO - [2026-03-03T01:22:39.082+0000] {taskmixin.py:211} WARNING - Dependency <Task(_PythonDecoratedOperator): print_the_context>, log_sql_query already registered for DAG: example_python_operator
[2026-03-03T01:22:39.083+0000] {logging_mixin.py:149} INFO - [2026-03-03T01:22:39.083+0000] {taskmixin.py:211} WARNING - Dependency <Task(_PythonDecoratedOperator): log_sql_query>, print_the_context already registered for DAG: example_python_operator
[2026-03-03T01:22:39.093+0000] {processor.py:809} INFO - DAG(s) dict_keys(['example_python_operator']) retrieved from /home/airflow/.local/lib/python3.7/site-packages/airflow/example_dags/example_python_operator.py
[2026-03-03T01:22:39.303+0000] {logging_mixin.py:149} INFO - [2026-03-03T01:22:39.302+0000] {dag.py:2726} INFO - Sync 1 DAGs
[2026-03-03T01:22:39.366+0000] {logging_mixin.py:149} INFO - [2026-03-03T01:22:39.366+0000] {dag.py:3490} INFO - Setting next_dagrun for example_python_operator to None, run_after=None
[2026-03-03T01:22:39.445+0000] {processor.py:178} INFO - Processing /home/airflow/.local/lib/python3.7/site-packages/airflow/example_dags/example_python_operator.py took 0.415 seconds
[2026-03-03T01:23:09.590+0000] {processor.py:156} INFO - Started process (PID=1988) to work on /home/airflow/.local/lib/python3.7/site-packages/airflow/example_dags/example_python_operator.py
[2026-03-03T01:23:09.594+0000] {processor.py:799} INFO - Processing file /home/airflow/.local/lib/python3.7/site-packages/airflow/example_dags/example_python_operator.py for tasks to queue
[2026-03-03T01:23:09.597+0000] {logging_mixin.py:149} INFO - [2026-03-03T01:23:09.596+0000] {dagbag.py:541} INFO - Filling up the DagBag from /home/airflow/.local/lib/python3.7/site-packages/airflow/example_dags/example_python_operator.py
[2026-03-03T01:23:09.620+0000] {logging_mixin.py:149} INFO - [2026-03-03T01:23:09.620+0000] {taskmixin.py:211} WARNING - Dependency <Task(_PythonDecoratedOperator): print_the_context>, log_sql_query already registered for DAG: example_python_operator
[2026-03-03T01:23:09.621+0000] {logging_mixin.py:149} INFO - [2026-03-03T01:23:09.621+0000] {taskmixin.py:211} WARNING - Dependency <Task(_PythonDecoratedOperator): log_sql_query>, print_the_context already registered for DAG: example_python_operator
[2026-03-03T01:23:09.629+0000] {logging_mixin.py:149} INFO - [2026-03-03T01:23:09.628+0000] {taskmixin.py:211} WARNING - Dependency <Task(_PythonDecoratedOperator): print_the_context>, log_sql_query already registered for DAG: example_python_operator
[2026-03-03T01:23:09.630+0000] {logging_mixin.py:149} INFO - [2026-03-03T01:23:09.630+0000] {taskmixin.py:211} WARNING - Dependency <Task(_PythonDecoratedOperator): log_sql_query>, print_the_context already registered for DAG: example_python_operator
[2026-03-03T01:23:09.635+0000] {logging_mixin.py:149} INFO - [2026-03-03T01:23:09.635+0000] {taskmixin.py:211} WARNING - Dependency <Task(_PythonDecoratedOperator): print_the_context>, log_sql_query already registered for DAG: example_python_operator
[2026-03-03T01:23:09.636+0000] {logging_mixin.py:149} INFO - [2026-03-03T01:23:09.636+0000] {taskmixin.py:211} WARNING - Dependency <Task(_PythonDecoratedOperator): log_sql_query>, print_the_context already registered for DAG: example_python_operator
[2026-03-03T01:23:09.640+0000] {logging_mixin.py:149} INFO - [2026-03-03T01:23:09.639+0000] {taskmixin.py:211} WARNING - Dependency <Task(_PythonDecoratedOperator): print_the_context>, log_sql_query already registered for DAG: example_python_operator
[2026-03-03T01:23:09.642+0000] {logging_mixin.py:149} INFO - [2026-03-03T01:23:09.642+0000] {taskmixin.py:211} WARNING - Dependency <Task(_PythonDecoratedOperator): log_sql_query>, print_the_context already registered for DAG: example_python_operator
[2026-03-03T01:23:09.653+0000] {processor.py:809} INFO - DAG(s) dict_keys(['example_python_operator']) retrieved from /home/airflow/.local/lib/python3.7/site-packages/airflow/example_dags/example_python_operator.py
[2026-03-03T01:23:09.759+0000] {logging_mixin.py:149} INFO - [2026-03-03T01:23:09.759+0000] {dag.py:2726} INFO - Sync 1 DAGs
[2026-03-03T01:23:09.895+0000] {logging_mixin.py:149} INFO - [2026-03-03T01:23:09.894+0000] {dag.py:3490} INFO - Setting next_dagrun for example_python_operator to None, run_after=None
[2026-03-03T01:23:09.966+0000] {processor.py:178} INFO - Processing /home/airflow/.local/lib/python3.7/site-packages/airflow/example_dags/example_python_operator.py took 0.383 seconds
[2026-03-03T01:23:40.113+0000] {processor.py:156} INFO - Started process (PID=2050) to work on /home/airflow/.local/lib/python3.7/site-packages/airflow/example_dags/example_python_operator.py
[2026-03-03T01:23:40.118+0000] {processor.py:799} INFO - Processing file /home/airflow/.local/lib/python3.7/site-packages/airflow/example_dags/example_python_operator.py for tasks to queue
[2026-03-03T01:23:40.122+0000] {logging_mixin.py:149} INFO - [2026-03-03T01:23:40.121+0000] {dagbag.py:541} INFO - Filling up the DagBag from /home/airflow/.local/lib/python3.7/site-packages/airflow/example_dags/example_python_operator.py
[2026-03-03T01:23:40.138+0000] {logging_mixin.py:149} INFO - [2026-03-03T01:23:40.138+0000] {taskmixin.py:211} WARNING - Dependency <Task(_PythonDecoratedOperator): print_the_context>, log_sql_query already registered for DAG: example_python_operator
[2026-03-03T01:23:40.139+0000] {logging_mixin.py:149} INFO - [2026-03-03T01:23:40.139+0000] {taskmixin.py:211} WARNING - Dependency <Task(_PythonDecoratedOperator): log_sql_query>, print_the_context already registered for DAG: example_python_operator
[2026-03-03T01:23:40.143+0000] {logging_mixin.py:149} INFO - [2026-03-03T01:23:40.143+0000] {taskmixin.py:211} WARNING - Dependency <Task(_PythonDecoratedOperator): print_the_context>, log_sql_query already registered for DAG: example_python_operator
[2026-03-03T01:23:40.146+0000] {logging_mixin.py:149} INFO - [2026-03-03T01:23:40.146+0000] {taskmixin.py:211} WARNING - Dependency <Task(_PythonDecoratedOperator): log_sql_query>, print_the_context already registered for DAG: example_python_operator
[2026-03-03T01:23:40.149+0000] {logging_mixin.py:149} INFO - [2026-03-03T01:23:40.147+0000] {taskmixin.py:211} WARNING - Dependency <Task(_PythonDecoratedOperator): print_the_context>, log_sql_query already registered for DAG: example_python_operator
[2026-03-03T01:23:40.151+0000] {logging_mixin.py:149} INFO - [2026-03-03T01:23:40.151+0000] {taskmixin.py:211} WARNING - Dependency <Task(_PythonDecoratedOperator): log_sql_query>, print_the_context already registered for DAG: example_python_operator
[2026-03-03T01:23:40.154+0000] {logging_mixin.py:149} INFO - [2026-03-03T01:23:40.153+0000] {taskmixin.py:211} WARNING - Dependency <Task(_PythonDecoratedOperator): print_the_context>, log_sql_query already registered for DAG: example_python_operator
[2026-03-03T01:23:40.154+0000] {logging_mixin.py:149} INFO - [2026-03-03T01:23:40.154+0000] {taskmixin.py:211} WARNING - Dependency <Task(_PythonDecoratedOperator): log_sql_query>, print_the_context already registered for DAG: example_python_operator
[2026-03-03T01:23:40.163+0000] {processor.py:809} INFO - DAG(s) dict_keys(['example_python_operator']) retrieved from /home/airflow/.local/lib/python3.7/site-packages/airflow/example_dags/example_python_operator.py
[2026-03-03T01:23:40.245+0000] {logging_mixin.py:149} INFO - [2026-03-03T01:23:40.244+0000] {dag.py:2726} INFO - Sync 1 DAGs
[2026-03-03T01:23:40.322+0000] {logging_mixin.py:149} INFO - [2026-03-03T01:23:40.321+0000] {dag.py:3490} INFO - Setting next_dagrun for example_python_operator to None, run_after=None
[2026-03-03T01:23:40.386+0000] {processor.py:178} INFO - Processing /home/airflow/.local/lib/python3.7/site-packages/airflow/example_dags/example_python_operator.py took 0.281 seconds
[2026-03-03T01:24:10.616+0000] {processor.py:156} INFO - Started process (PID=2112) to work on /home/airflow/.local/lib/python3.7/site-packages/airflow/example_dags/example_python_operator.py
[2026-03-03T01:24:10.620+0000] {processor.py:799} INFO - Processing file /home/airflow/.local/lib/python3.7/site-packages/airflow/example_dags/example_python_operator.py for tasks to queue
[2026-03-03T01:24:10.622+0000] {logging_mixin.py:149} INFO - [2026-03-03T01:24:10.622+0000] {dagbag.py:541} INFO - Filling up the DagBag from /home/airflow/.local/lib/python3.7/site-packages/airflow/example_dags/example_python_operator.py
[2026-03-03T01:24:10.641+0000] {logging_mixin.py:149} INFO - [2026-03-03T01:24:10.641+0000] {taskmixin.py:211} WARNING - Dependency <Task(_PythonDecoratedOperator): print_the_context>, log_sql_query already registered for DAG: example_python_operator
[2026-03-03T01:24:10.644+0000] {logging_mixin.py:149} INFO - [2026-03-03T01:24:10.644+0000] {taskmixin.py:211} WARNING - Dependency <Task(_PythonDecoratedOperator): log_sql_query>, print_the_context already registered for DAG: example_python_operator
[2026-03-03T01:24:10.647+0000] {logging_mixin.py:149} INFO - [2026-03-03T01:24:10.647+0000] {taskmixin.py:211} WARNING - Dependency <Task(_PythonDecoratedOperator): print_the_context>, log_sql_query already registered for DAG: example_python_operator
[2026-03-03T01:24:10.648+0000] {logging_mixin.py:149} INFO - [2026-03-03T01:24:10.648+0000] {taskmixin.py:211} WARNING - Dependency <Task(_PythonDecoratedOperator): log_sql_query>, print_the_context already registered for DAG: example_python_operator
[2026-03-03T01:24:10.651+0000] {logging_mixin.py:149} INFO - [2026-03-03T01:24:10.650+0000] {taskmixin.py:211} WARNING - Dependency <Task(_PythonDecoratedOperator): print_the_context>, log_sql_query already registered for DAG: example_python_operator
[2026-03-03T01:24:10.652+0000] {logging_mixin.py:149} INFO - [2026-03-03T01:24:10.652+0000] {taskmixin.py:211} WARNING - Dependency <Task(_PythonDecoratedOperator): log_sql_query>, print_the_context already registered for DAG: example_python_operator
[2026-03-03T01:24:10.655+0000] {logging_mixin.py:149} INFO - [2026-03-03T01:24:10.654+0000] {taskmixin.py:211} WARNING - Dependency <Task(_PythonDecoratedOperator): print_the_context>, log_sql_query already registered for DAG: example_python_operator
[2026-03-03T01:24:10.655+0000] {logging_mixin.py:149} INFO - [2026-03-03T01:24:10.655+0000] {taskmixin.py:211} WARNING - Dependency <Task(_PythonDecoratedOperator): log_sql_query>, print_the_context already registered for DAG: example_python_operator
[2026-03-03T01:24:10.663+0000] {processor.py:809} INFO - DAG(s) dict_keys(['example_python_operator']) retrieved from /home/airflow/.local/lib/python3.7/site-packages/airflow/example_dags/example_python_operator.py
[2026-03-03T01:24:10.745+0000] {logging_mixin.py:149} INFO - [2026-03-03T01:24:10.745+0000] {dag.py:2726} INFO - Sync 1 DAGs
[2026-03-03T01:24:10.816+0000] {logging_mixin.py:149} INFO - [2026-03-03T01:24:10.815+0000] {dag.py:3490} INFO - Setting next_dagrun for example_python_operator to None, run_after=None
[2026-03-03T01:24:10.871+0000] {processor.py:178} INFO - Processing /home/airflow/.local/lib/python3.7/site-packages/airflow/example_dags/example_python_operator.py took 0.263 seconds
[2026-03-03T01:24:41.188+0000] {processor.py:156} INFO - Started process (PID=2174) to work on /home/airflow/.local/lib/python3.7/site-packages/airflow/example_dags/example_python_operator.py
[2026-03-03T01:24:41.189+0000] {processor.py:799} INFO - Processing file /home/airflow/.local/lib/python3.7/site-packages/airflow/example_dags/example_python_operator.py for tasks to queue
[2026-03-03T01:24:41.190+0000] {logging_mixin.py:149} INFO - [2026-03-03T01:24:41.189+0000] {dagbag.py:541} INFO - Filling up the DagBag from /home/airflow/.local/lib/python3.7/site-packages/airflow/example_dags/example_python_operator.py
[2026-03-03T01:24:41.194+0000] {logging_mixin.py:149} INFO - [2026-03-03T01:24:41.194+0000] {taskmixin.py:211} WARNING - Dependency <Task(_PythonDecoratedOperator): print_the_context>, log_sql_query already registered for DAG: example_python_operator
[2026-03-03T01:24:41.195+0000] {logging_mixin.py:149} INFO - [2026-03-03T01:24:41.195+0000] {taskmixin.py:211} WARNING - Dependency <Task(_PythonDecoratedOperator): log_sql_query>, print_the_context already registered for DAG: example_python_operator
[2026-03-03T01:24:41.195+0000] {logging_mixin.py:149} INFO - [2026-03-03T01:24:41.195+0000] {taskmixin.py:211} WARNING - Dependency <Task(_PythonDecoratedOperator): print_the_context>, log_sql_query already registered for DAG: example_python_operator
[2026-03-03T01:24:41.196+0000] {logging_mixin.py:149} INFO - [2026-03-03T01:24:41.196+0000] {taskmixin.py:211} WARNING - Dependency <Task(_PythonDecoratedOperator): log_sql_query>, print_the_context already registered for DAG: example_python_operator
[2026-03-03T01:24:41.197+0000] {logging_mixin.py:149} INFO - [2026-03-03T01:24:41.197+0000] {taskmixin.py:211} WARNING - Dependency <Task(_PythonDecoratedOperator): print_the_context>, log_sql_query already registered for DAG: example_python_operator
[2026-03-03T01:24:41.197+0000] {logging_mixin.py:149} INFO - [2026-03-03T01:24:41.197+0000] {taskmixin.py:211} WARNING - Dependency <Task(_PythonDecoratedOperator): log_sql_query>, print_the_context already registered for DAG: example_python_operator
[2026-03-03T01:24:41.197+0000] {logging_mixin.py:149} INFO - [2026-03-03T01:24:41.197+0000] {taskmixin.py:211} WARNING - Dependency <Task(_PythonDecoratedOperator): print_the_context>, log_sql_query already registered for DAG: example_python_operator
[2026-03-03T01:24:41.198+0000] {logging_mixin.py:149} INFO - [2026-03-03T01:24:41.198+0000] {taskmixin.py:211} WARNING - Dependency <Task(_PythonDecoratedOperator): log_sql_query>, print_the_context already registered for DAG: example_python_operator
[2026-03-03T01:24:41.200+0000] {processor.py:809} INFO - DAG(s) dict_keys(['example_python_operator']) retrieved from /home/airflow/.local/lib/python3.7/site-packages/airflow/example_dags/example_python_operator.py
[2026-03-03T01:24:41.215+0000] {logging_mixin.py:149} INFO - [2026-03-03T01:24:41.215+0000] {dag.py:2726} INFO - Sync 1 DAGs
[2026-03-03T01:24:41.226+0000] {logging_mixin.py:149} INFO - [2026-03-03T01:24:41.226+0000] {dag.py:3490} INFO - Setting next_dagrun for example_python_operator to None, run_after=None
[2026-03-03T01:24:41.244+0000] {processor.py:178} INFO - Processing /home/airflow/.local/lib/python3.7/site-packages/airflow/example_dags/example_python_operator.py took 0.058 seconds
[2026-03-03T01:25:11.859+0000] {processor.py:156} INFO - Started process (PID=2236) to work on /home/airflow/.local/lib/python3.7/site-packages/airflow/example_dags/example_python_operator.py
[2026-03-03T01:25:11.861+0000] {processor.py:799} INFO - Processing file /home/airflow/.local/lib/python3.7/site-packages/airflow/example_dags/example_python_operator.py for tasks to queue
[2026-03-03T01:25:11.863+0000] {logging_mixin.py:149} INFO - [2026-03-03T01:25:11.863+0000] {dagbag.py:541} INFO - Filling up the DagBag from /home/airflow/.local/lib/python3.7/site-packages/airflow/example_dags/example_python_operator.py
[2026-03-03T01:25:11.880+0000] {logging_mixin.py:149} INFO - [2026-03-03T01:25:11.880+0000] {taskmixin.py:211} WARNING - Dependency <Task(_PythonDecoratedOperator): print_the_context>, log_sql_query already registered for DAG: example_python_operator
[2026-03-03T01:25:11.881+0000] {logging_mixin.py:149} INFO - [2026-03-03T01:25:11.881+0000] {taskmixin.py:211} WARNING - Dependency <Task(_PythonDecoratedOperator): log_sql_query>, print_the_context already registered for DAG: example_python_operator
[2026-03-03T01:25:11.883+0000] {logging_mixin.py:149} INFO - [2026-03-03T01:25:11.882+0000] {taskmixin.py:211} WARNING - Dependency <Task(_PythonDecoratedOperator): print_the_context>, log_sql_query already registered for DAG: example_python_operator
[2026-03-03T01:25:11.884+0000] {logging_mixin.py:149} INFO - [2026-03-03T01:25:11.884+0000] {taskmixin.py:211} WARNING - Dependency <Task(_PythonDecoratedOperator): log_sql_query>, print_the_context already registered for DAG: example_python_operator
[2026-03-03T01:25:11.886+0000] {logging_mixin.py:149} INFO - [2026-03-03T01:25:11.886+0000] {taskmixin.py:211} WARNING - Dependency <Task(_PythonDecoratedOperator): print_the_context>, log_sql_query already registered for DAG: example_python_operator
[2026-03-03T01:25:11.888+0000] {logging_mixin.py:149} INFO - [2026-03-03T01:25:11.887+0000] {taskmixin.py:211} WARNING - Dependency <Task(_PythonDecoratedOperator): log_sql_query>, print_the_context already registered for DAG: example_python_operator
[2026-03-03T01:25:11.891+0000] {logging_mixin.py:149} INFO - [2026-03-03T01:25:11.890+0000] {taskmixin.py:211} WARNING - Dependency <Task(_PythonDecoratedOperator): print_the_context>, log_sql_query already registered for DAG: example_python_operator
[2026-03-03T01:25:11.892+0000] {logging_mixin.py:149} INFO - [2026-03-03T01:25:11.891+0000] {taskmixin.py:211} WARNING - Dependency <Task(_PythonDecoratedOperator): log_sql_query>, print_the_context already registered for DAG: example_python_operator
[2026-03-03T01:25:11.898+0000] {processor.py:809} INFO - DAG(s) dict_keys(['example_python_operator']) retrieved from /home/airflow/.local/lib/python3.7/site-packages/airflow/example_dags/example_python_operator.py
[2026-03-03T01:25:11.975+0000] {logging_mixin.py:149} INFO - [2026-03-03T01:25:11.974+0000] {dag.py:2726} INFO - Sync 1 DAGs
[2026-03-03T01:25:12.047+0000] {logging_mixin.py:149} INFO - [2026-03-03T01:25:12.046+0000] {dag.py:3490} INFO - Setting next_dagrun for example_python_operator to None, run_after=None
[2026-03-03T01:25:12.108+0000] {processor.py:178} INFO - Processing /home/airflow/.local/lib/python3.7/site-packages/airflow/example_dags/example_python_operator.py took 0.258 seconds
[2026-03-03T01:25:43.134+0000] {processor.py:156} INFO - Started process (PID=2298) to work on /home/airflow/.local/lib/python3.7/site-packages/airflow/example_dags/example_python_operator.py
[2026-03-03T01:25:43.137+0000] {processor.py:799} INFO - Processing file /home/airflow/.local/lib/python3.7/site-packages/airflow/example_dags/example_python_operator.py for tasks to queue
[2026-03-03T01:25:43.141+0000] {logging_mixin.py:149} INFO - [2026-03-03T01:25:43.140+0000] {dagbag.py:541} INFO - Filling up the DagBag from /home/airflow/.local/lib/python3.7/site-packages/airflow/example_dags/example_python_operator.py
[2026-03-03T01:25:43.158+0000] {logging_mixin.py:149} INFO - [2026-03-03T01:25:43.158+0000] {taskmixin.py:211} WARNING - Dependency <Task(_PythonDecoratedOperator): print_the_context>, log_sql_query already registered for DAG: example_python_operator
[2026-03-03T01:25:43.159+0000] {logging_mixin.py:149} INFO - [2026-03-03T01:25:43.159+0000] {taskmixin.py:211} WARNING - Dependency <Task(_PythonDecoratedOperator): log_sql_query>, print_the_context already registered for DAG: example_python_operator
[2026-03-03T01:25:43.162+0000] {logging_mixin.py:149} INFO - [2026-03-03T01:25:43.161+0000] {taskmixin.py:211} WARNING - Dependency <Task(_PythonDecoratedOperator): print_the_context>, log_sql_query already registered for DAG: example_python_operator
[2026-03-03T01:25:43.162+0000] {logging_mixin.py:149} INFO - [2026-03-03T01:25:43.162+0000] {taskmixin.py:211} WARNING - Dependency <Task(_PythonDecoratedOperator): log_sql_query>, print_the_context already registered for DAG: example_python_operator
[2026-03-03T01:25:43.165+0000] {logging_mixin.py:149} INFO - [2026-03-03T01:25:43.165+0000] {taskmixin.py:211} WARNING - Dependency <Task(_PythonDecoratedOperator): print_the_context>, log_sql_query already registered for DAG: example_python_operator
[2026-03-03T01:25:43.166+0000] {logging_mixin.py:149} INFO - [2026-03-03T01:25:43.165+0000] {taskmixin.py:211} WARNING - Dependency <Task(_PythonDecoratedOperator): log_sql_query>, print_the_context already registered for DAG: example_python_operator
[2026-03-03T01:25:43.168+0000] {logging_mixin.py:149} INFO - [2026-03-03T01:25:43.168+0000] {taskmixin.py:211} WARNING - Dependency <Task(_PythonDecoratedOperator): print_the_context>, log_sql_query already registered for DAG: example_python_operator
[2026-03-03T01:25:43.171+0000] {logging_mixin.py:149} INFO - [2026-03-03T01:25:43.170+0000] {taskmixin.py:211} WARNING - Dependency <Task(_PythonDecoratedOperator): log_sql_query>, print_the_context already registered for DAG: example_python_operator
[2026-03-03T01:25:43.179+0000] {processor.py:809} INFO - DAG(s) dict_keys(['example_python_operator']) retrieved from /home/airflow/.local/lib/python3.7/site-packages/airflow/example_dags/example_python_operator.py
[2026-03-03T01:25:43.257+0000] {logging_mixin.py:149} INFO - [2026-03-03T01:25:43.257+0000] {dag.py:2726} INFO - Sync 1 DAGs
[2026-03-03T01:25:43.314+0000] {logging_mixin.py:149} INFO - [2026-03-03T01:25:43.314+0000] {dag.py:3490} INFO - Setting next_dagrun for example_python_operator to None, run_after=None
[2026-03-03T01:25:43.376+0000] {processor.py:178} INFO - Processing /home/airflow/.local/lib/python3.7/site-packages/airflow/example_dags/example_python_operator.py took 0.248 seconds
[2026-03-03T01:26:13.642+0000] {processor.py:156} INFO - Started process (PID=2360) to work on /home/airflow/.local/lib/python3.7/site-packages/airflow/example_dags/example_python_operator.py
[2026-03-03T01:26:13.644+0000] {processor.py:799} INFO - Processing file /home/airflow/.local/lib/python3.7/site-packages/airflow/example_dags/example_python_operator.py for tasks to queue
[2026-03-03T01:26:13.645+0000] {logging_mixin.py:149} INFO - [2026-03-03T01:26:13.645+0000] {dagbag.py:541} INFO - Filling up the DagBag from /home/airflow/.local/lib/python3.7/site-packages/airflow/example_dags/example_python_operator.py
[2026-03-03T01:26:13.659+0000] {logging_mixin.py:149} INFO - [2026-03-03T01:26:13.659+0000] {taskmixin.py:211} WARNING - Dependency <Task(_PythonDecoratedOperator): print_the_context>, log_sql_query already registered for DAG: example_python_operator
[2026-03-03T01:26:13.661+0000] {logging_mixin.py:149} INFO - [2026-03-03T01:26:13.661+0000] {taskmixin.py:211} WARNING - Dependency <Task(_PythonDecoratedOperator): log_sql_query>, print_the_context already registered for DAG: example_python_operator
[2026-03-03T01:26:13.663+0000] {logging_mixin.py:149} INFO - [2026-03-03T01:26:13.663+0000] {taskmixin.py:211} WARNING - Dependency <Task(_PythonDecoratedOperator): print_the_context>, log_sql_query already registered for DAG: example_python_operator
[2026-03-03T01:26:13.667+0000] {logging_mixin.py:149} INFO - [2026-03-03T01:26:13.667+0000] {taskmixin.py:211} WARNING - Dependency <Task(_PythonDecoratedOperator): log_sql_query>, print_the_context already registered for DAG: example_python_operator
[2026-03-03T01:26:13.668+0000] {logging_mixin.py:149} INFO - [2026-03-03T01:26:13.668+0000] {taskmixin.py:211} WARNING - Dependency <Task(_PythonDecoratedOperator): print_the_context>, log_sql_query already registered for DAG: example_python_operator
[2026-03-03T01:26:13.672+0000] {logging_mixin.py:149} INFO - [2026-03-03T01:26:13.671+0000] {taskmixin.py:211} WARNING - Dependency <Task(_PythonDecoratedOperator): log_sql_query>, print_the_context already registered for DAG: example_python_operator
[2026-03-03T01:26:13.674+0000] {logging_mixin.py:149} INFO - [2026-03-03T01:26:13.674+0000] {taskmixin.py:211} WARNING - Dependency <Task(_PythonDecoratedOperator): print_the_context>, log_sql_query already registered for DAG: example_python_operator
[2026-03-03T01:26:13.675+0000] {logging_mixin.py:149} INFO - [2026-03-03T01:26:13.675+0000] {taskmixin.py:211} WARNING - Dependency <Task(_PythonDecoratedOperator): log_sql_query>, print_the_context already registered for DAG: example_python_operator
[2026-03-03T01:26:13.681+0000] {processor.py:809} INFO - DAG(s) dict_keys(['example_python_operator']) retrieved from /home/airflow/.local/lib/python3.7/site-packages/airflow/example_dags/example_python_operator.py
[2026-03-03T01:26:13.735+0000] {logging_mixin.py:149} INFO - [2026-03-03T01:26:13.735+0000] {dag.py:2726} INFO - Sync 1 DAGs
[2026-03-03T01:26:13.788+0000] {logging_mixin.py:149} INFO - [2026-03-03T01:26:13.787+0000] {dag.py:3490} INFO - Setting next_dagrun for example_python_operator to None, run_after=None
[2026-03-03T01:26:13.824+0000] {processor.py:178} INFO - Processing /home/airflow/.local/lib/python3.7/site-packages/airflow/example_dags/example_python_operator.py took 0.187 seconds
[2026-03-03T01:26:44.154+0000] {processor.py:156} INFO - Started process (PID=2428) to work on /home/airflow/.local/lib/python3.7/site-packages/airflow/example_dags/example_python_operator.py
[2026-03-03T01:26:44.155+0000] {processor.py:799} INFO - Processing file /home/airflow/.local/lib/python3.7/site-packages/airflow/example_dags/example_python_operator.py for tasks to queue
[2026-03-03T01:26:44.156+0000] {logging_mixin.py:149} INFO - [2026-03-03T01:26:44.156+0000] {dagbag.py:541} INFO - Filling up the DagBag from /home/airflow/.local/lib/python3.7/site-packages/airflow/example_dags/example_python_operator.py
[2026-03-03T01:26:44.162+0000] {logging_mixin.py:149} INFO - [2026-03-03T01:26:44.162+0000] {taskmixin.py:211} WARNING - Dependency <Task(_PythonDecoratedOperator): print_the_context>, log_sql_query already registered for DAG: example_python_operator
[2026-03-03T01:26:44.163+0000] {logging_mixin.py:149} INFO - [2026-03-03T01:26:44.163+0000] {taskmixin.py:211} WARNING - Dependency <Task(_PythonDecoratedOperator): log_sql_query>, print_the_context already registered for DAG: example_python_operator
[2026-03-03T01:26:44.164+0000] {logging_mixin.py:149} INFO - [2026-03-03T01:26:44.164+0000] {taskmixin.py:211} WARNING - Dependency <Task(_PythonDecoratedOperator): print_the_context>, log_sql_query already registered for DAG: example_python_operator
[2026-03-03T01:26:44.164+0000] {logging_mixin.py:149} INFO - [2026-03-03T01:26:44.164+0000] {taskmixin.py:211} WARNING - Dependency <Task(_PythonDecoratedOperator): log_sql_query>, print_the_context already registered for DAG: example_python_operator
[2026-03-03T01:26:44.165+0000] {logging_mixin.py:149} INFO - [2026-03-03T01:26:44.164+0000] {taskmixin.py:211} WARNING - Dependency <Task(_PythonDecoratedOperator): print_the_context>, log_sql_query already registered for DAG: example_python_operator
[2026-03-03T01:26:44.165+0000] {logging_mixin.py:149} INFO - [2026-03-03T01:26:44.165+0000] {taskmixin.py:211} WARNING - Dependency <Task(_PythonDecoratedOperator): log_sql_query>, print_the_context already registered for DAG: example_python_operator
[2026-03-03T01:26:44.165+0000] {logging_mixin.py:149} INFO - [2026-03-03T01:26:44.165+0000] {taskmixin.py:211} WARNING - Dependency <Task(_PythonDecoratedOperator): print_the_context>, log_sql_query already registered for DAG: example_python_operator
[2026-03-03T01:26:44.166+0000] {logging_mixin.py:149} INFO - [2026-03-03T01:26:44.165+0000] {taskmixin.py:211} WARNING - Dependency <Task(_PythonDecoratedOperator): log_sql_query>, print_the_context already registered for DAG: example_python_operator
[2026-03-03T01:26:44.167+0000] {processor.py:809} INFO - DAG(s) dict_keys(['example_python_operator']) retrieved from /home/airflow/.local/lib/python3.7/site-packages/airflow/example_dags/example_python_operator.py
[2026-03-03T01:26:44.186+0000] {logging_mixin.py:149} INFO - [2026-03-03T01:26:44.186+0000] {dag.py:2726} INFO - Sync 1 DAGs
[2026-03-03T01:26:44.206+0000] {logging_mixin.py:149} INFO - [2026-03-03T01:26:44.203+0000] {dag.py:3490} INFO - Setting next_dagrun for example_python_operator to None, run_after=None
[2026-03-03T01:26:44.226+0000] {processor.py:178} INFO - Processing /home/airflow/.local/lib/python3.7/site-packages/airflow/example_dags/example_python_operator.py took 0.076 seconds
