[2026-03-03T00:56:05.206+0000] {processor.py:156} INFO - Started process (PID=76) to work on /home/airflow/.local/lib/python3.7/site-packages/airflow/example_dags/example_subdag_operator.py
[2026-03-03T00:56:05.207+0000] {processor.py:799} INFO - Processing file /home/airflow/.local/lib/python3.7/site-packages/airflow/example_dags/example_subdag_operator.py for tasks to queue
[2026-03-03T00:56:05.208+0000] {logging_mixin.py:149} INFO - [2026-03-03T00:56:05.208+0000] {dagbag.py:541} INFO - Filling up the DagBag from /home/airflow/.local/lib/python3.7/site-packages/airflow/example_dags/example_subdag_operator.py
[2026-03-03T00:56:05.227+0000] {processor.py:809} INFO - DAG(s) dict_keys(['example_subdag_operator.section-1', 'example_subdag_operator.section-2', 'example_subdag_operator']) retrieved from /home/airflow/.local/lib/python3.7/site-packages/airflow/example_dags/example_subdag_operator.py
[2026-03-03T00:56:05.230+0000] {logging_mixin.py:149} INFO - [2026-03-03T00:56:05.230+0000] {dag.py:2726} INFO - Sync 3 DAGs
[2026-03-03T00:56:05.250+0000] {logging_mixin.py:149} INFO - [2026-03-03T00:56:05.250+0000] {dag.py:3490} INFO - Setting next_dagrun for example_subdag_operator to 2022-01-01T00:00:00+00:00, run_after=2022-01-01T00:00:00+00:00
[2026-03-03T00:56:05.254+0000] {logging_mixin.py:149} INFO - [2026-03-03T00:56:05.254+0000] {dag.py:3490} INFO - Setting next_dagrun for example_subdag_operator.section-1 to None, run_after=None
[2026-03-03T00:56:05.256+0000] {logging_mixin.py:149} INFO - [2026-03-03T00:56:05.256+0000] {dag.py:3490} INFO - Setting next_dagrun for example_subdag_operator.section-2 to None, run_after=None
[2026-03-03T00:56:05.264+0000] {logging_mixin.py:149} INFO - [2026-03-03T00:56:05.264+0000] {dag.py:2726} INFO - Sync 2 DAGs
[2026-03-03T00:56:05.272+0000] {logging_mixin.py:149} INFO - [2026-03-03T00:56:05.272+0000] {dag.py:3490} INFO - Setting next_dagrun for example_subdag_operator.section-1 to None, run_after=None
[2026-03-03T00:56:05.273+0000] {logging_mixin.py:149} INFO - [2026-03-03T00:56:05.273+0000] {dag.py:3490} INFO - Setting next_dagrun for example_subdag_operator.section-2 to None, run_after=None
[2026-03-03T00:56:05.286+0000] {processor.py:178} INFO - Processing /home/airflow/.local/lib/python3.7/site-packages/airflow/example_dags/example_subdag_operator.py took 0.082 seconds
[2026-03-03T00:56:37.488+0000] {processor.py:156} INFO - Started process (PID=138) to work on /home/airflow/.local/lib/python3.7/site-packages/airflow/example_dags/example_subdag_operator.py
[2026-03-03T00:56:37.489+0000] {processor.py:799} INFO - Processing file /home/airflow/.local/lib/python3.7/site-packages/airflow/example_dags/example_subdag_operator.py for tasks to queue
[2026-03-03T00:56:37.490+0000] {logging_mixin.py:149} INFO - [2026-03-03T00:56:37.490+0000] {dagbag.py:541} INFO - Filling up the DagBag from /home/airflow/.local/lib/python3.7/site-packages/airflow/example_dags/example_subdag_operator.py
[2026-03-03T00:56:37.503+0000] {processor.py:809} INFO - DAG(s) dict_keys(['example_subdag_operator.section-1', 'example_subdag_operator.section-2', 'example_subdag_operator']) retrieved from /home/airflow/.local/lib/python3.7/site-packages/airflow/example_dags/example_subdag_operator.py
[2026-03-03T00:56:37.514+0000] {logging_mixin.py:149} INFO - [2026-03-03T00:56:37.514+0000] {dag.py:2726} INFO - Sync 3 DAGs
[2026-03-03T00:56:37.527+0000] {logging_mixin.py:149} INFO - [2026-03-03T00:56:37.527+0000] {dag.py:3490} INFO - Setting next_dagrun for example_subdag_operator to 2022-01-01T00:00:00+00:00, run_after=2022-01-01T00:00:00+00:00
[2026-03-03T00:56:37.530+0000] {logging_mixin.py:149} INFO - [2026-03-03T00:56:37.530+0000] {dag.py:3490} INFO - Setting next_dagrun for example_subdag_operator.section-1 to None, run_after=None
[2026-03-03T00:56:37.531+0000] {logging_mixin.py:149} INFO - [2026-03-03T00:56:37.531+0000] {dag.py:3490} INFO - Setting next_dagrun for example_subdag_operator.section-2 to None, run_after=None
[2026-03-03T00:56:37.536+0000] {logging_mixin.py:149} INFO - [2026-03-03T00:56:37.536+0000] {dag.py:2726} INFO - Sync 2 DAGs
[2026-03-03T00:56:37.541+0000] {logging_mixin.py:149} INFO - [2026-03-03T00:56:37.540+0000] {dag.py:3490} INFO - Setting next_dagrun for example_subdag_operator.section-1 to None, run_after=None
[2026-03-03T00:56:37.542+0000] {logging_mixin.py:149} INFO - [2026-03-03T00:56:37.542+0000] {dag.py:3490} INFO - Setting next_dagrun for example_subdag_operator.section-2 to None, run_after=None
[2026-03-03T00:56:37.550+0000] {processor.py:178} INFO - Processing /home/airflow/.local/lib/python3.7/site-packages/airflow/example_dags/example_subdag_operator.py took 0.063 seconds
[2026-03-03T00:57:08.369+0000] {processor.py:156} INFO - Started process (PID=200) to work on /home/airflow/.local/lib/python3.7/site-packages/airflow/example_dags/example_subdag_operator.py
[2026-03-03T00:57:08.370+0000] {processor.py:799} INFO - Processing file /home/airflow/.local/lib/python3.7/site-packages/airflow/example_dags/example_subdag_operator.py for tasks to queue
[2026-03-03T00:57:08.371+0000] {logging_mixin.py:149} INFO - [2026-03-03T00:57:08.371+0000] {dagbag.py:541} INFO - Filling up the DagBag from /home/airflow/.local/lib/python3.7/site-packages/airflow/example_dags/example_subdag_operator.py
[2026-03-03T00:57:08.385+0000] {processor.py:809} INFO - DAG(s) dict_keys(['example_subdag_operator.section-1', 'example_subdag_operator.section-2', 'example_subdag_operator']) retrieved from /home/airflow/.local/lib/python3.7/site-packages/airflow/example_dags/example_subdag_operator.py
[2026-03-03T00:57:08.395+0000] {logging_mixin.py:149} INFO - [2026-03-03T00:57:08.395+0000] {dag.py:2726} INFO - Sync 3 DAGs
[2026-03-03T00:57:08.410+0000] {logging_mixin.py:149} INFO - [2026-03-03T00:57:08.410+0000] {dag.py:3490} INFO - Setting next_dagrun for example_subdag_operator to 2022-01-01T00:00:00+00:00, run_after=2022-01-01T00:00:00+00:00
[2026-03-03T00:57:08.411+0000] {logging_mixin.py:149} INFO - [2026-03-03T00:57:08.411+0000] {dag.py:3490} INFO - Setting next_dagrun for example_subdag_operator.section-1 to None, run_after=None
[2026-03-03T00:57:08.412+0000] {logging_mixin.py:149} INFO - [2026-03-03T00:57:08.412+0000] {dag.py:3490} INFO - Setting next_dagrun for example_subdag_operator.section-2 to None, run_after=None
[2026-03-03T00:57:08.415+0000] {logging_mixin.py:149} INFO - [2026-03-03T00:57:08.415+0000] {dag.py:2726} INFO - Sync 2 DAGs
[2026-03-03T00:57:08.421+0000] {logging_mixin.py:149} INFO - [2026-03-03T00:57:08.421+0000] {dag.py:3490} INFO - Setting next_dagrun for example_subdag_operator.section-1 to None, run_after=None
[2026-03-03T00:57:08.421+0000] {logging_mixin.py:149} INFO - [2026-03-03T00:57:08.421+0000] {dag.py:3490} INFO - Setting next_dagrun for example_subdag_operator.section-2 to None, run_after=None
[2026-03-03T00:57:08.428+0000] {processor.py:178} INFO - Processing /home/airflow/.local/lib/python3.7/site-packages/airflow/example_dags/example_subdag_operator.py took 0.060 seconds
[2026-03-03T00:57:39.323+0000] {processor.py:156} INFO - Started process (PID=262) to work on /home/airflow/.local/lib/python3.7/site-packages/airflow/example_dags/example_subdag_operator.py
[2026-03-03T00:57:39.324+0000] {processor.py:799} INFO - Processing file /home/airflow/.local/lib/python3.7/site-packages/airflow/example_dags/example_subdag_operator.py for tasks to queue
[2026-03-03T00:57:39.324+0000] {logging_mixin.py:149} INFO - [2026-03-03T00:57:39.324+0000] {dagbag.py:541} INFO - Filling up the DagBag from /home/airflow/.local/lib/python3.7/site-packages/airflow/example_dags/example_subdag_operator.py
[2026-03-03T00:57:39.341+0000] {processor.py:809} INFO - DAG(s) dict_keys(['example_subdag_operator.section-1', 'example_subdag_operator.section-2', 'example_subdag_operator']) retrieved from /home/airflow/.local/lib/python3.7/site-packages/airflow/example_dags/example_subdag_operator.py
[2026-03-03T00:57:39.350+0000] {logging_mixin.py:149} INFO - [2026-03-03T00:57:39.350+0000] {dag.py:2726} INFO - Sync 3 DAGs
[2026-03-03T00:57:39.365+0000] {logging_mixin.py:149} INFO - [2026-03-03T00:57:39.365+0000] {dag.py:3490} INFO - Setting next_dagrun for example_subdag_operator to 2022-01-01T00:00:00+00:00, run_after=2022-01-01T00:00:00+00:00
[2026-03-03T00:57:39.367+0000] {logging_mixin.py:149} INFO - [2026-03-03T00:57:39.367+0000] {dag.py:3490} INFO - Setting next_dagrun for example_subdag_operator.section-1 to None, run_after=None
[2026-03-03T00:57:39.368+0000] {logging_mixin.py:149} INFO - [2026-03-03T00:57:39.367+0000] {dag.py:3490} INFO - Setting next_dagrun for example_subdag_operator.section-2 to None, run_after=None
[2026-03-03T00:57:39.373+0000] {logging_mixin.py:149} INFO - [2026-03-03T00:57:39.373+0000] {dag.py:2726} INFO - Sync 2 DAGs
[2026-03-03T00:57:39.379+0000] {logging_mixin.py:149} INFO - [2026-03-03T00:57:39.379+0000] {dag.py:3490} INFO - Setting next_dagrun for example_subdag_operator.section-1 to None, run_after=None
[2026-03-03T00:57:39.379+0000] {logging_mixin.py:149} INFO - [2026-03-03T00:57:39.379+0000] {dag.py:3490} INFO - Setting next_dagrun for example_subdag_operator.section-2 to None, run_after=None
[2026-03-03T00:57:39.388+0000] {processor.py:178} INFO - Processing /home/airflow/.local/lib/python3.7/site-packages/airflow/example_dags/example_subdag_operator.py took 0.066 seconds
[2026-03-03T00:58:09.670+0000] {processor.py:156} INFO - Started process (PID=324) to work on /home/airflow/.local/lib/python3.7/site-packages/airflow/example_dags/example_subdag_operator.py
[2026-03-03T00:58:09.671+0000] {processor.py:799} INFO - Processing file /home/airflow/.local/lib/python3.7/site-packages/airflow/example_dags/example_subdag_operator.py for tasks to queue
[2026-03-03T00:58:09.672+0000] {logging_mixin.py:149} INFO - [2026-03-03T00:58:09.671+0000] {dagbag.py:541} INFO - Filling up the DagBag from /home/airflow/.local/lib/python3.7/site-packages/airflow/example_dags/example_subdag_operator.py
[2026-03-03T00:58:09.692+0000] {processor.py:809} INFO - DAG(s) dict_keys(['example_subdag_operator.section-1', 'example_subdag_operator.section-2', 'example_subdag_operator']) retrieved from /home/airflow/.local/lib/python3.7/site-packages/airflow/example_dags/example_subdag_operator.py
[2026-03-03T00:58:09.707+0000] {logging_mixin.py:149} INFO - [2026-03-03T00:58:09.707+0000] {dag.py:2726} INFO - Sync 3 DAGs
[2026-03-03T00:58:09.721+0000] {logging_mixin.py:149} INFO - [2026-03-03T00:58:09.721+0000] {dag.py:3490} INFO - Setting next_dagrun for example_subdag_operator to 2022-01-01T00:00:00+00:00, run_after=2022-01-01T00:00:00+00:00
[2026-03-03T00:58:09.724+0000] {logging_mixin.py:149} INFO - [2026-03-03T00:58:09.724+0000] {dag.py:3490} INFO - Setting next_dagrun for example_subdag_operator.section-1 to None, run_after=None
[2026-03-03T00:58:09.728+0000] {logging_mixin.py:149} INFO - [2026-03-03T00:58:09.728+0000] {dag.py:3490} INFO - Setting next_dagrun for example_subdag_operator.section-2 to None, run_after=None
[2026-03-03T00:58:09.731+0000] {logging_mixin.py:149} INFO - [2026-03-03T00:58:09.731+0000] {dag.py:2726} INFO - Sync 2 DAGs
[2026-03-03T00:58:09.742+0000] {logging_mixin.py:149} INFO - [2026-03-03T00:58:09.741+0000] {dag.py:3490} INFO - Setting next_dagrun for example_subdag_operator.section-1 to None, run_after=None
[2026-03-03T00:58:09.743+0000] {logging_mixin.py:149} INFO - [2026-03-03T00:58:09.743+0000] {dag.py:3490} INFO - Setting next_dagrun for example_subdag_operator.section-2 to None, run_after=None
[2026-03-03T00:58:09.752+0000] {processor.py:178} INFO - Processing /home/airflow/.local/lib/python3.7/site-packages/airflow/example_dags/example_subdag_operator.py took 0.085 seconds
[2026-03-03T00:58:40.619+0000] {processor.py:156} INFO - Started process (PID=386) to work on /home/airflow/.local/lib/python3.7/site-packages/airflow/example_dags/example_subdag_operator.py
[2026-03-03T00:58:40.619+0000] {processor.py:799} INFO - Processing file /home/airflow/.local/lib/python3.7/site-packages/airflow/example_dags/example_subdag_operator.py for tasks to queue
[2026-03-03T00:58:40.620+0000] {logging_mixin.py:149} INFO - [2026-03-03T00:58:40.620+0000] {dagbag.py:541} INFO - Filling up the DagBag from /home/airflow/.local/lib/python3.7/site-packages/airflow/example_dags/example_subdag_operator.py
[2026-03-03T00:58:40.634+0000] {processor.py:809} INFO - DAG(s) dict_keys(['example_subdag_operator.section-1', 'example_subdag_operator.section-2', 'example_subdag_operator']) retrieved from /home/airflow/.local/lib/python3.7/site-packages/airflow/example_dags/example_subdag_operator.py
[2026-03-03T00:58:40.643+0000] {logging_mixin.py:149} INFO - [2026-03-03T00:58:40.643+0000] {dag.py:2726} INFO - Sync 3 DAGs
[2026-03-03T00:58:40.656+0000] {logging_mixin.py:149} INFO - [2026-03-03T00:58:40.656+0000] {dag.py:3490} INFO - Setting next_dagrun for example_subdag_operator to 2022-01-01T00:00:00+00:00, run_after=2022-01-01T00:00:00+00:00
[2026-03-03T00:58:40.657+0000] {logging_mixin.py:149} INFO - [2026-03-03T00:58:40.657+0000] {dag.py:3490} INFO - Setting next_dagrun for example_subdag_operator.section-1 to None, run_after=None
[2026-03-03T00:58:40.658+0000] {logging_mixin.py:149} INFO - [2026-03-03T00:58:40.658+0000] {dag.py:3490} INFO - Setting next_dagrun for example_subdag_operator.section-2 to None, run_after=None
[2026-03-03T00:58:40.661+0000] {logging_mixin.py:149} INFO - [2026-03-03T00:58:40.661+0000] {dag.py:2726} INFO - Sync 2 DAGs
[2026-03-03T00:58:40.663+0000] {logging_mixin.py:149} INFO - [2026-03-03T00:58:40.663+0000] {dag.py:3490} INFO - Setting next_dagrun for example_subdag_operator.section-1 to None, run_after=None
[2026-03-03T00:58:40.663+0000] {logging_mixin.py:149} INFO - [2026-03-03T00:58:40.663+0000] {dag.py:3490} INFO - Setting next_dagrun for example_subdag_operator.section-2 to None, run_after=None
[2026-03-03T00:58:40.668+0000] {processor.py:178} INFO - Processing /home/airflow/.local/lib/python3.7/site-packages/airflow/example_dags/example_subdag_operator.py took 0.053 seconds
[2026-03-03T00:59:11.614+0000] {processor.py:156} INFO - Started process (PID=448) to work on /home/airflow/.local/lib/python3.7/site-packages/airflow/example_dags/example_subdag_operator.py
[2026-03-03T00:59:11.615+0000] {processor.py:799} INFO - Processing file /home/airflow/.local/lib/python3.7/site-packages/airflow/example_dags/example_subdag_operator.py for tasks to queue
[2026-03-03T00:59:11.616+0000] {logging_mixin.py:149} INFO - [2026-03-03T00:59:11.616+0000] {dagbag.py:541} INFO - Filling up the DagBag from /home/airflow/.local/lib/python3.7/site-packages/airflow/example_dags/example_subdag_operator.py
[2026-03-03T00:59:11.630+0000] {processor.py:809} INFO - DAG(s) dict_keys(['example_subdag_operator.section-1', 'example_subdag_operator.section-2', 'example_subdag_operator']) retrieved from /home/airflow/.local/lib/python3.7/site-packages/airflow/example_dags/example_subdag_operator.py
[2026-03-03T00:59:11.642+0000] {logging_mixin.py:149} INFO - [2026-03-03T00:59:11.642+0000] {dag.py:2726} INFO - Sync 3 DAGs
[2026-03-03T00:59:11.654+0000] {logging_mixin.py:149} INFO - [2026-03-03T00:59:11.654+0000] {dag.py:3490} INFO - Setting next_dagrun for example_subdag_operator to 2022-01-01T00:00:00+00:00, run_after=2022-01-01T00:00:00+00:00
[2026-03-03T00:59:11.656+0000] {logging_mixin.py:149} INFO - [2026-03-03T00:59:11.656+0000] {dag.py:3490} INFO - Setting next_dagrun for example_subdag_operator.section-1 to None, run_after=None
[2026-03-03T00:59:11.658+0000] {logging_mixin.py:149} INFO - [2026-03-03T00:59:11.658+0000] {dag.py:3490} INFO - Setting next_dagrun for example_subdag_operator.section-2 to None, run_after=None
[2026-03-03T00:59:11.664+0000] {logging_mixin.py:149} INFO - [2026-03-03T00:59:11.664+0000] {dag.py:2726} INFO - Sync 2 DAGs
[2026-03-03T00:59:11.668+0000] {logging_mixin.py:149} INFO - [2026-03-03T00:59:11.668+0000] {dag.py:3490} INFO - Setting next_dagrun for example_subdag_operator.section-1 to None, run_after=None
[2026-03-03T00:59:11.668+0000] {logging_mixin.py:149} INFO - [2026-03-03T00:59:11.668+0000] {dag.py:3490} INFO - Setting next_dagrun for example_subdag_operator.section-2 to None, run_after=None
[2026-03-03T00:59:11.676+0000] {processor.py:178} INFO - Processing /home/airflow/.local/lib/python3.7/site-packages/airflow/example_dags/example_subdag_operator.py took 0.064 seconds
[2026-03-03T00:59:42.409+0000] {processor.py:156} INFO - Started process (PID=510) to work on /home/airflow/.local/lib/python3.7/site-packages/airflow/example_dags/example_subdag_operator.py
[2026-03-03T00:59:42.410+0000] {processor.py:799} INFO - Processing file /home/airflow/.local/lib/python3.7/site-packages/airflow/example_dags/example_subdag_operator.py for tasks to queue
[2026-03-03T00:59:42.411+0000] {logging_mixin.py:149} INFO - [2026-03-03T00:59:42.411+0000] {dagbag.py:541} INFO - Filling up the DagBag from /home/airflow/.local/lib/python3.7/site-packages/airflow/example_dags/example_subdag_operator.py
[2026-03-03T00:59:42.426+0000] {processor.py:809} INFO - DAG(s) dict_keys(['example_subdag_operator.section-1', 'example_subdag_operator.section-2', 'example_subdag_operator']) retrieved from /home/airflow/.local/lib/python3.7/site-packages/airflow/example_dags/example_subdag_operator.py
[2026-03-03T00:59:42.440+0000] {logging_mixin.py:149} INFO - [2026-03-03T00:59:42.439+0000] {dag.py:2726} INFO - Sync 3 DAGs
[2026-03-03T00:59:42.454+0000] {logging_mixin.py:149} INFO - [2026-03-03T00:59:42.454+0000] {dag.py:3490} INFO - Setting next_dagrun for example_subdag_operator to 2022-01-01T00:00:00+00:00, run_after=2022-01-01T00:00:00+00:00
[2026-03-03T00:59:42.457+0000] {logging_mixin.py:149} INFO - [2026-03-03T00:59:42.457+0000] {dag.py:3490} INFO - Setting next_dagrun for example_subdag_operator.section-1 to None, run_after=None
[2026-03-03T00:59:42.458+0000] {logging_mixin.py:149} INFO - [2026-03-03T00:59:42.458+0000] {dag.py:3490} INFO - Setting next_dagrun for example_subdag_operator.section-2 to None, run_after=None
[2026-03-03T00:59:42.463+0000] {logging_mixin.py:149} INFO - [2026-03-03T00:59:42.463+0000] {dag.py:2726} INFO - Sync 2 DAGs
[2026-03-03T00:59:42.467+0000] {logging_mixin.py:149} INFO - [2026-03-03T00:59:42.467+0000] {dag.py:3490} INFO - Setting next_dagrun for example_subdag_operator.section-1 to None, run_after=None
[2026-03-03T00:59:42.467+0000] {logging_mixin.py:149} INFO - [2026-03-03T00:59:42.467+0000] {dag.py:3490} INFO - Setting next_dagrun for example_subdag_operator.section-2 to None, run_after=None
[2026-03-03T00:59:42.481+0000] {processor.py:178} INFO - Processing /home/airflow/.local/lib/python3.7/site-packages/airflow/example_dags/example_subdag_operator.py took 0.073 seconds
[2026-03-03T01:00:15.148+0000] {processor.py:156} INFO - Started process (PID=572) to work on /home/airflow/.local/lib/python3.7/site-packages/airflow/example_dags/example_subdag_operator.py
[2026-03-03T01:00:15.150+0000] {processor.py:799} INFO - Processing file /home/airflow/.local/lib/python3.7/site-packages/airflow/example_dags/example_subdag_operator.py for tasks to queue
[2026-03-03T01:00:15.152+0000] {logging_mixin.py:149} INFO - [2026-03-03T01:00:15.151+0000] {dagbag.py:541} INFO - Filling up the DagBag from /home/airflow/.local/lib/python3.7/site-packages/airflow/example_dags/example_subdag_operator.py
[2026-03-03T01:00:15.220+0000] {processor.py:809} INFO - DAG(s) dict_keys(['example_subdag_operator.section-1', 'example_subdag_operator.section-2', 'example_subdag_operator']) retrieved from /home/airflow/.local/lib/python3.7/site-packages/airflow/example_dags/example_subdag_operator.py
[2026-03-03T01:00:15.275+0000] {logging_mixin.py:149} INFO - [2026-03-03T01:00:15.274+0000] {dag.py:2726} INFO - Sync 3 DAGs
[2026-03-03T01:00:15.359+0000] {logging_mixin.py:149} INFO - [2026-03-03T01:00:15.359+0000] {dag.py:3490} INFO - Setting next_dagrun for example_subdag_operator to 2022-01-01T00:00:00+00:00, run_after=2022-01-01T00:00:00+00:00
[2026-03-03T01:00:15.369+0000] {logging_mixin.py:149} INFO - [2026-03-03T01:00:15.369+0000] {dag.py:3490} INFO - Setting next_dagrun for example_subdag_operator.section-1 to None, run_after=None
[2026-03-03T01:00:15.374+0000] {logging_mixin.py:149} INFO - [2026-03-03T01:00:15.373+0000] {dag.py:3490} INFO - Setting next_dagrun for example_subdag_operator.section-2 to None, run_after=None
[2026-03-03T01:00:15.406+0000] {logging_mixin.py:149} INFO - [2026-03-03T01:00:15.405+0000] {dag.py:2726} INFO - Sync 2 DAGs
[2026-03-03T01:00:15.428+0000] {logging_mixin.py:149} INFO - [2026-03-03T01:00:15.428+0000] {dag.py:3490} INFO - Setting next_dagrun for example_subdag_operator.section-1 to None, run_after=None
[2026-03-03T01:00:15.430+0000] {logging_mixin.py:149} INFO - [2026-03-03T01:00:15.429+0000] {dag.py:3490} INFO - Setting next_dagrun for example_subdag_operator.section-2 to None, run_after=None
[2026-03-03T01:00:15.472+0000] {processor.py:178} INFO - Processing /home/airflow/.local/lib/python3.7/site-packages/airflow/example_dags/example_subdag_operator.py took 0.332 seconds
[2026-03-03T01:00:46.318+0000] {processor.py:156} INFO - Started process (PID=634) to work on /home/airflow/.local/lib/python3.7/site-packages/airflow/example_dags/example_subdag_operator.py
[2026-03-03T01:00:46.321+0000] {processor.py:799} INFO - Processing file /home/airflow/.local/lib/python3.7/site-packages/airflow/example_dags/example_subdag_operator.py for tasks to queue
[2026-03-03T01:00:46.324+0000] {logging_mixin.py:149} INFO - [2026-03-03T01:00:46.323+0000] {dagbag.py:541} INFO - Filling up the DagBag from /home/airflow/.local/lib/python3.7/site-packages/airflow/example_dags/example_subdag_operator.py
[2026-03-03T01:00:46.387+0000] {processor.py:809} INFO - DAG(s) dict_keys(['example_subdag_operator.section-1', 'example_subdag_operator.section-2', 'example_subdag_operator']) retrieved from /home/airflow/.local/lib/python3.7/site-packages/airflow/example_dags/example_subdag_operator.py
[2026-03-03T01:00:46.442+0000] {logging_mixin.py:149} INFO - [2026-03-03T01:00:46.442+0000] {dag.py:2726} INFO - Sync 3 DAGs
[2026-03-03T01:00:46.521+0000] {logging_mixin.py:149} INFO - [2026-03-03T01:00:46.520+0000] {dag.py:3490} INFO - Setting next_dagrun for example_subdag_operator to 2022-01-01T00:00:00+00:00, run_after=2022-01-01T00:00:00+00:00
[2026-03-03T01:00:46.532+0000] {logging_mixin.py:149} INFO - [2026-03-03T01:00:46.532+0000] {dag.py:3490} INFO - Setting next_dagrun for example_subdag_operator.section-1 to None, run_after=None
[2026-03-03T01:00:46.539+0000] {logging_mixin.py:149} INFO - [2026-03-03T01:00:46.538+0000] {dag.py:3490} INFO - Setting next_dagrun for example_subdag_operator.section-2 to None, run_after=None
[2026-03-03T01:00:46.565+0000] {logging_mixin.py:149} INFO - [2026-03-03T01:00:46.564+0000] {dag.py:2726} INFO - Sync 2 DAGs
[2026-03-03T01:00:46.583+0000] {logging_mixin.py:149} INFO - [2026-03-03T01:00:46.582+0000] {dag.py:3490} INFO - Setting next_dagrun for example_subdag_operator.section-1 to None, run_after=None
[2026-03-03T01:00:46.585+0000] {logging_mixin.py:149} INFO - [2026-03-03T01:00:46.585+0000] {dag.py:3490} INFO - Setting next_dagrun for example_subdag_operator.section-2 to None, run_after=None
[2026-03-03T01:00:46.630+0000] {processor.py:178} INFO - Processing /home/airflow/.local/lib/python3.7/site-packages/airflow/example_dags/example_subdag_operator.py took 0.320 seconds
[2026-03-03T01:01:17.252+0000] {processor.py:156} INFO - Started process (PID=696) to work on /home/airflow/.local/lib/python3.7/site-packages/airflow/example_dags/example_subdag_operator.py
[2026-03-03T01:01:17.254+0000] {processor.py:799} INFO - Processing file /home/airflow/.local/lib/python3.7/site-packages/airflow/example_dags/example_subdag_operator.py for tasks to queue
[2026-03-03T01:01:17.254+0000] {logging_mixin.py:149} INFO - [2026-03-03T01:01:17.254+0000] {dagbag.py:541} INFO - Filling up the DagBag from /home/airflow/.local/lib/python3.7/site-packages/airflow/example_dags/example_subdag_operator.py
[2026-03-03T01:01:17.268+0000] {processor.py:809} INFO - DAG(s) dict_keys(['example_subdag_operator.section-1', 'example_subdag_operator.section-2', 'example_subdag_operator']) retrieved from /home/airflow/.local/lib/python3.7/site-packages/airflow/example_dags/example_subdag_operator.py
[2026-03-03T01:01:17.279+0000] {logging_mixin.py:149} INFO - [2026-03-03T01:01:17.279+0000] {dag.py:2726} INFO - Sync 3 DAGs
[2026-03-03T01:01:17.294+0000] {logging_mixin.py:149} INFO - [2026-03-03T01:01:17.293+0000] {dag.py:3490} INFO - Setting next_dagrun for example_subdag_operator to 2022-01-01T00:00:00+00:00, run_after=2022-01-01T00:00:00+00:00
[2026-03-03T01:01:17.296+0000] {logging_mixin.py:149} INFO - [2026-03-03T01:01:17.296+0000] {dag.py:3490} INFO - Setting next_dagrun for example_subdag_operator.section-1 to None, run_after=None
[2026-03-03T01:01:17.298+0000] {logging_mixin.py:149} INFO - [2026-03-03T01:01:17.298+0000] {dag.py:3490} INFO - Setting next_dagrun for example_subdag_operator.section-2 to None, run_after=None
[2026-03-03T01:01:17.302+0000] {logging_mixin.py:149} INFO - [2026-03-03T01:01:17.302+0000] {dag.py:2726} INFO - Sync 2 DAGs
[2026-03-03T01:01:17.304+0000] {logging_mixin.py:149} INFO - [2026-03-03T01:01:17.304+0000] {dag.py:3490} INFO - Setting next_dagrun for example_subdag_operator.section-1 to None, run_after=None
[2026-03-03T01:01:17.305+0000] {logging_mixin.py:149} INFO - [2026-03-03T01:01:17.305+0000] {dag.py:3490} INFO - Setting next_dagrun for example_subdag_operator.section-2 to None, run_after=None
[2026-03-03T01:01:17.310+0000] {processor.py:178} INFO - Processing /home/airflow/.local/lib/python3.7/site-packages/airflow/example_dags/example_subdag_operator.py took 0.061 seconds
[2026-03-03T01:01:48.033+0000] {processor.py:156} INFO - Started process (PID=758) to work on /home/airflow/.local/lib/python3.7/site-packages/airflow/example_dags/example_subdag_operator.py
[2026-03-03T01:01:48.033+0000] {processor.py:799} INFO - Processing file /home/airflow/.local/lib/python3.7/site-packages/airflow/example_dags/example_subdag_operator.py for tasks to queue
[2026-03-03T01:01:48.034+0000] {logging_mixin.py:149} INFO - [2026-03-03T01:01:48.034+0000] {dagbag.py:541} INFO - Filling up the DagBag from /home/airflow/.local/lib/python3.7/site-packages/airflow/example_dags/example_subdag_operator.py
[2026-03-03T01:01:48.049+0000] {processor.py:809} INFO - DAG(s) dict_keys(['example_subdag_operator.section-1', 'example_subdag_operator.section-2', 'example_subdag_operator']) retrieved from /home/airflow/.local/lib/python3.7/site-packages/airflow/example_dags/example_subdag_operator.py
[2026-03-03T01:01:48.061+0000] {logging_mixin.py:149} INFO - [2026-03-03T01:01:48.061+0000] {dag.py:2726} INFO - Sync 3 DAGs
[2026-03-03T01:01:48.080+0000] {logging_mixin.py:149} INFO - [2026-03-03T01:01:48.080+0000] {dag.py:3490} INFO - Setting next_dagrun for example_subdag_operator to 2022-01-01T00:00:00+00:00, run_after=2022-01-01T00:00:00+00:00
[2026-03-03T01:01:48.082+0000] {logging_mixin.py:149} INFO - [2026-03-03T01:01:48.082+0000] {dag.py:3490} INFO - Setting next_dagrun for example_subdag_operator.section-1 to None, run_after=None
[2026-03-03T01:01:48.082+0000] {logging_mixin.py:149} INFO - [2026-03-03T01:01:48.082+0000] {dag.py:3490} INFO - Setting next_dagrun for example_subdag_operator.section-2 to None, run_after=None
[2026-03-03T01:01:48.088+0000] {logging_mixin.py:149} INFO - [2026-03-03T01:01:48.088+0000] {dag.py:2726} INFO - Sync 2 DAGs
[2026-03-03T01:01:48.091+0000] {logging_mixin.py:149} INFO - [2026-03-03T01:01:48.091+0000] {dag.py:3490} INFO - Setting next_dagrun for example_subdag_operator.section-1 to None, run_after=None
[2026-03-03T01:01:48.092+0000] {logging_mixin.py:149} INFO - [2026-03-03T01:01:48.092+0000] {dag.py:3490} INFO - Setting next_dagrun for example_subdag_operator.section-2 to None, run_after=None
[2026-03-03T01:01:48.097+0000] {processor.py:178} INFO - Processing /home/airflow/.local/lib/python3.7/site-packages/airflow/example_dags/example_subdag_operator.py took 0.067 seconds
[2026-03-03T01:02:18.805+0000] {processor.py:156} INFO - Started process (PID=820) to work on /home/airflow/.local/lib/python3.7/site-packages/airflow/example_dags/example_subdag_operator.py
[2026-03-03T01:02:18.807+0000] {processor.py:799} INFO - Processing file /home/airflow/.local/lib/python3.7/site-packages/airflow/example_dags/example_subdag_operator.py for tasks to queue
[2026-03-03T01:02:18.807+0000] {logging_mixin.py:149} INFO - [2026-03-03T01:02:18.807+0000] {dagbag.py:541} INFO - Filling up the DagBag from /home/airflow/.local/lib/python3.7/site-packages/airflow/example_dags/example_subdag_operator.py
[2026-03-03T01:02:18.824+0000] {processor.py:809} INFO - DAG(s) dict_keys(['example_subdag_operator.section-1', 'example_subdag_operator.section-2', 'example_subdag_operator']) retrieved from /home/airflow/.local/lib/python3.7/site-packages/airflow/example_dags/example_subdag_operator.py
[2026-03-03T01:02:18.842+0000] {logging_mixin.py:149} INFO - [2026-03-03T01:02:18.842+0000] {dag.py:2726} INFO - Sync 3 DAGs
[2026-03-03T01:02:18.856+0000] {logging_mixin.py:149} INFO - [2026-03-03T01:02:18.856+0000] {dag.py:3490} INFO - Setting next_dagrun for example_subdag_operator to 2022-01-01T00:00:00+00:00, run_after=2022-01-01T00:00:00+00:00
[2026-03-03T01:02:18.858+0000] {logging_mixin.py:149} INFO - [2026-03-03T01:02:18.858+0000] {dag.py:3490} INFO - Setting next_dagrun for example_subdag_operator.section-1 to None, run_after=None
[2026-03-03T01:02:18.859+0000] {logging_mixin.py:149} INFO - [2026-03-03T01:02:18.859+0000] {dag.py:3490} INFO - Setting next_dagrun for example_subdag_operator.section-2 to None, run_after=None
[2026-03-03T01:02:18.863+0000] {logging_mixin.py:149} INFO - [2026-03-03T01:02:18.863+0000] {dag.py:2726} INFO - Sync 2 DAGs
[2026-03-03T01:02:18.866+0000] {logging_mixin.py:149} INFO - [2026-03-03T01:02:18.866+0000] {dag.py:3490} INFO - Setting next_dagrun for example_subdag_operator.section-1 to None, run_after=None
[2026-03-03T01:02:18.866+0000] {logging_mixin.py:149} INFO - [2026-03-03T01:02:18.866+0000] {dag.py:3490} INFO - Setting next_dagrun for example_subdag_operator.section-2 to None, run_after=None
[2026-03-03T01:02:18.872+0000] {processor.py:178} INFO - Processing /home/airflow/.local/lib/python3.7/site-packages/airflow/example_dags/example_subdag_operator.py took 0.069 seconds
[2026-03-03T01:02:49.560+0000] {processor.py:156} INFO - Started process (PID=882) to work on /home/airflow/.local/lib/python3.7/site-packages/airflow/example_dags/example_subdag_operator.py
[2026-03-03T01:02:49.560+0000] {processor.py:799} INFO - Processing file /home/airflow/.local/lib/python3.7/site-packages/airflow/example_dags/example_subdag_operator.py for tasks to queue
[2026-03-03T01:02:49.561+0000] {logging_mixin.py:149} INFO - [2026-03-03T01:02:49.561+0000] {dagbag.py:541} INFO - Filling up the DagBag from /home/airflow/.local/lib/python3.7/site-packages/airflow/example_dags/example_subdag_operator.py
[2026-03-03T01:02:49.575+0000] {processor.py:809} INFO - DAG(s) dict_keys(['example_subdag_operator.section-1', 'example_subdag_operator.section-2', 'example_subdag_operator']) retrieved from /home/airflow/.local/lib/python3.7/site-packages/airflow/example_dags/example_subdag_operator.py
[2026-03-03T01:02:49.586+0000] {logging_mixin.py:149} INFO - [2026-03-03T01:02:49.585+0000] {dag.py:2726} INFO - Sync 3 DAGs
[2026-03-03T01:02:49.601+0000] {logging_mixin.py:149} INFO - [2026-03-03T01:02:49.601+0000] {dag.py:3490} INFO - Setting next_dagrun for example_subdag_operator to 2022-01-01T00:00:00+00:00, run_after=2022-01-01T00:00:00+00:00
[2026-03-03T01:02:49.603+0000] {logging_mixin.py:149} INFO - [2026-03-03T01:02:49.603+0000] {dag.py:3490} INFO - Setting next_dagrun for example_subdag_operator.section-1 to None, run_after=None
[2026-03-03T01:02:49.604+0000] {logging_mixin.py:149} INFO - [2026-03-03T01:02:49.604+0000] {dag.py:3490} INFO - Setting next_dagrun for example_subdag_operator.section-2 to None, run_after=None
[2026-03-03T01:02:49.607+0000] {logging_mixin.py:149} INFO - [2026-03-03T01:02:49.607+0000] {dag.py:2726} INFO - Sync 2 DAGs
[2026-03-03T01:02:49.610+0000] {logging_mixin.py:149} INFO - [2026-03-03T01:02:49.609+0000] {dag.py:3490} INFO - Setting next_dagrun for example_subdag_operator.section-1 to None, run_after=None
[2026-03-03T01:02:49.610+0000] {logging_mixin.py:149} INFO - [2026-03-03T01:02:49.610+0000] {dag.py:3490} INFO - Setting next_dagrun for example_subdag_operator.section-2 to None, run_after=None
[2026-03-03T01:02:49.615+0000] {processor.py:178} INFO - Processing /home/airflow/.local/lib/python3.7/site-packages/airflow/example_dags/example_subdag_operator.py took 0.058 seconds
[2026-03-03T01:03:20.332+0000] {processor.py:156} INFO - Started process (PID=944) to work on /home/airflow/.local/lib/python3.7/site-packages/airflow/example_dags/example_subdag_operator.py
[2026-03-03T01:03:20.333+0000] {processor.py:799} INFO - Processing file /home/airflow/.local/lib/python3.7/site-packages/airflow/example_dags/example_subdag_operator.py for tasks to queue
[2026-03-03T01:03:20.333+0000] {logging_mixin.py:149} INFO - [2026-03-03T01:03:20.333+0000] {dagbag.py:541} INFO - Filling up the DagBag from /home/airflow/.local/lib/python3.7/site-packages/airflow/example_dags/example_subdag_operator.py
[2026-03-03T01:03:20.348+0000] {processor.py:809} INFO - DAG(s) dict_keys(['example_subdag_operator.section-1', 'example_subdag_operator.section-2', 'example_subdag_operator']) retrieved from /home/airflow/.local/lib/python3.7/site-packages/airflow/example_dags/example_subdag_operator.py
[2026-03-03T01:03:20.358+0000] {logging_mixin.py:149} INFO - [2026-03-03T01:03:20.358+0000] {dag.py:2726} INFO - Sync 3 DAGs
[2026-03-03T01:03:20.373+0000] {logging_mixin.py:149} INFO - [2026-03-03T01:03:20.373+0000] {dag.py:3490} INFO - Setting next_dagrun for example_subdag_operator to 2022-01-01T00:00:00+00:00, run_after=2022-01-01T00:00:00+00:00
[2026-03-03T01:03:20.375+0000] {logging_mixin.py:149} INFO - [2026-03-03T01:03:20.375+0000] {dag.py:3490} INFO - Setting next_dagrun for example_subdag_operator.section-1 to None, run_after=None
[2026-03-03T01:03:20.375+0000] {logging_mixin.py:149} INFO - [2026-03-03T01:03:20.375+0000] {dag.py:3490} INFO - Setting next_dagrun for example_subdag_operator.section-2 to None, run_after=None
[2026-03-03T01:03:20.379+0000] {logging_mixin.py:149} INFO - [2026-03-03T01:03:20.379+0000] {dag.py:2726} INFO - Sync 2 DAGs
[2026-03-03T01:03:20.382+0000] {logging_mixin.py:149} INFO - [2026-03-03T01:03:20.382+0000] {dag.py:3490} INFO - Setting next_dagrun for example_subdag_operator.section-1 to None, run_after=None
[2026-03-03T01:03:20.382+0000] {logging_mixin.py:149} INFO - [2026-03-03T01:03:20.382+0000] {dag.py:3490} INFO - Setting next_dagrun for example_subdag_operator.section-2 to None, run_after=None
[2026-03-03T01:03:20.387+0000] {processor.py:178} INFO - Processing /home/airflow/.local/lib/python3.7/site-packages/airflow/example_dags/example_subdag_operator.py took 0.057 seconds
[2026-03-03T01:03:51.171+0000] {processor.py:156} INFO - Started process (PID=1006) to work on /home/airflow/.local/lib/python3.7/site-packages/airflow/example_dags/example_subdag_operator.py
[2026-03-03T01:03:51.175+0000] {processor.py:799} INFO - Processing file /home/airflow/.local/lib/python3.7/site-packages/airflow/example_dags/example_subdag_operator.py for tasks to queue
[2026-03-03T01:03:51.176+0000] {logging_mixin.py:149} INFO - [2026-03-03T01:03:51.176+0000] {dagbag.py:541} INFO - Filling up the DagBag from /home/airflow/.local/lib/python3.7/site-packages/airflow/example_dags/example_subdag_operator.py
[2026-03-03T01:03:51.199+0000] {processor.py:809} INFO - DAG(s) dict_keys(['example_subdag_operator.section-1', 'example_subdag_operator.section-2', 'example_subdag_operator']) retrieved from /home/airflow/.local/lib/python3.7/site-packages/airflow/example_dags/example_subdag_operator.py
[2026-03-03T01:03:51.218+0000] {logging_mixin.py:149} INFO - [2026-03-03T01:03:51.217+0000] {dag.py:2726} INFO - Sync 3 DAGs
[2026-03-03T01:03:51.239+0000] {logging_mixin.py:149} INFO - [2026-03-03T01:03:51.239+0000] {dag.py:3490} INFO - Setting next_dagrun for example_subdag_operator to 2022-01-01T00:00:00+00:00, run_after=2022-01-01T00:00:00+00:00
[2026-03-03T01:03:51.241+0000] {logging_mixin.py:149} INFO - [2026-03-03T01:03:51.241+0000] {dag.py:3490} INFO - Setting next_dagrun for example_subdag_operator.section-1 to None, run_after=None
[2026-03-03T01:03:51.241+0000] {logging_mixin.py:149} INFO - [2026-03-03T01:03:51.241+0000] {dag.py:3490} INFO - Setting next_dagrun for example_subdag_operator.section-2 to None, run_after=None
[2026-03-03T01:03:51.246+0000] {logging_mixin.py:149} INFO - [2026-03-03T01:03:51.246+0000] {dag.py:2726} INFO - Sync 2 DAGs
[2026-03-03T01:03:51.250+0000] {logging_mixin.py:149} INFO - [2026-03-03T01:03:51.250+0000] {dag.py:3490} INFO - Setting next_dagrun for example_subdag_operator.section-1 to None, run_after=None
[2026-03-03T01:03:51.250+0000] {logging_mixin.py:149} INFO - [2026-03-03T01:03:51.250+0000] {dag.py:3490} INFO - Setting next_dagrun for example_subdag_operator.section-2 to None, run_after=None
[2026-03-03T01:03:51.260+0000] {processor.py:178} INFO - Processing /home/airflow/.local/lib/python3.7/site-packages/airflow/example_dags/example_subdag_operator.py took 0.091 seconds
[2026-03-03T01:04:21.749+0000] {processor.py:156} INFO - Started process (PID=1068) to work on /home/airflow/.local/lib/python3.7/site-packages/airflow/example_dags/example_subdag_operator.py
[2026-03-03T01:04:21.749+0000] {processor.py:799} INFO - Processing file /home/airflow/.local/lib/python3.7/site-packages/airflow/example_dags/example_subdag_operator.py for tasks to queue
[2026-03-03T01:04:21.750+0000] {logging_mixin.py:149} INFO - [2026-03-03T01:04:21.750+0000] {dagbag.py:541} INFO - Filling up the DagBag from /home/airflow/.local/lib/python3.7/site-packages/airflow/example_dags/example_subdag_operator.py
[2026-03-03T01:04:21.762+0000] {processor.py:809} INFO - DAG(s) dict_keys(['example_subdag_operator.section-1', 'example_subdag_operator.section-2', 'example_subdag_operator']) retrieved from /home/airflow/.local/lib/python3.7/site-packages/airflow/example_dags/example_subdag_operator.py
[2026-03-03T01:04:21.772+0000] {logging_mixin.py:149} INFO - [2026-03-03T01:04:21.772+0000] {dag.py:2726} INFO - Sync 3 DAGs
[2026-03-03T01:04:21.785+0000] {logging_mixin.py:149} INFO - [2026-03-03T01:04:21.784+0000] {dag.py:3490} INFO - Setting next_dagrun for example_subdag_operator to 2022-01-01T00:00:00+00:00, run_after=2022-01-01T00:00:00+00:00
[2026-03-03T01:04:21.787+0000] {logging_mixin.py:149} INFO - [2026-03-03T01:04:21.787+0000] {dag.py:3490} INFO - Setting next_dagrun for example_subdag_operator.section-1 to None, run_after=None
[2026-03-03T01:04:21.789+0000] {logging_mixin.py:149} INFO - [2026-03-03T01:04:21.789+0000] {dag.py:3490} INFO - Setting next_dagrun for example_subdag_operator.section-2 to None, run_after=None
[2026-03-03T01:04:21.793+0000] {logging_mixin.py:149} INFO - [2026-03-03T01:04:21.793+0000] {dag.py:2726} INFO - Sync 2 DAGs
[2026-03-03T01:04:21.795+0000] {logging_mixin.py:149} INFO - [2026-03-03T01:04:21.795+0000] {dag.py:3490} INFO - Setting next_dagrun for example_subdag_operator.section-1 to None, run_after=None
[2026-03-03T01:04:21.796+0000] {logging_mixin.py:149} INFO - [2026-03-03T01:04:21.796+0000] {dag.py:3490} INFO - Setting next_dagrun for example_subdag_operator.section-2 to None, run_after=None
[2026-03-03T01:04:21.802+0000] {processor.py:178} INFO - Processing /home/airflow/.local/lib/python3.7/site-packages/airflow/example_dags/example_subdag_operator.py took 0.055 seconds
[2026-03-03T01:04:52.404+0000] {processor.py:156} INFO - Started process (PID=1130) to work on /home/airflow/.local/lib/python3.7/site-packages/airflow/example_dags/example_subdag_operator.py
[2026-03-03T01:04:52.405+0000] {processor.py:799} INFO - Processing file /home/airflow/.local/lib/python3.7/site-packages/airflow/example_dags/example_subdag_operator.py for tasks to queue
[2026-03-03T01:04:52.405+0000] {logging_mixin.py:149} INFO - [2026-03-03T01:04:52.405+0000] {dagbag.py:541} INFO - Filling up the DagBag from /home/airflow/.local/lib/python3.7/site-packages/airflow/example_dags/example_subdag_operator.py
[2026-03-03T01:04:52.419+0000] {processor.py:809} INFO - DAG(s) dict_keys(['example_subdag_operator.section-1', 'example_subdag_operator.section-2', 'example_subdag_operator']) retrieved from /home/airflow/.local/lib/python3.7/site-packages/airflow/example_dags/example_subdag_operator.py
[2026-03-03T01:04:52.431+0000] {logging_mixin.py:149} INFO - [2026-03-03T01:04:52.431+0000] {dag.py:2726} INFO - Sync 3 DAGs
[2026-03-03T01:04:52.447+0000] {logging_mixin.py:149} INFO - [2026-03-03T01:04:52.447+0000] {dag.py:3490} INFO - Setting next_dagrun for example_subdag_operator to 2022-01-01T00:00:00+00:00, run_after=2022-01-01T00:00:00+00:00
[2026-03-03T01:04:52.450+0000] {logging_mixin.py:149} INFO - [2026-03-03T01:04:52.449+0000] {dag.py:3490} INFO - Setting next_dagrun for example_subdag_operator.section-1 to None, run_after=None
[2026-03-03T01:04:52.450+0000] {logging_mixin.py:149} INFO - [2026-03-03T01:04:52.450+0000] {dag.py:3490} INFO - Setting next_dagrun for example_subdag_operator.section-2 to None, run_after=None
[2026-03-03T01:04:52.454+0000] {logging_mixin.py:149} INFO - [2026-03-03T01:04:52.454+0000] {dag.py:2726} INFO - Sync 2 DAGs
[2026-03-03T01:04:52.457+0000] {logging_mixin.py:149} INFO - [2026-03-03T01:04:52.457+0000] {dag.py:3490} INFO - Setting next_dagrun for example_subdag_operator.section-1 to None, run_after=None
[2026-03-03T01:04:52.457+0000] {logging_mixin.py:149} INFO - [2026-03-03T01:04:52.457+0000] {dag.py:3490} INFO - Setting next_dagrun for example_subdag_operator.section-2 to None, run_after=None
[2026-03-03T01:04:52.463+0000] {processor.py:178} INFO - Processing /home/airflow/.local/lib/python3.7/site-packages/airflow/example_dags/example_subdag_operator.py took 0.061 seconds
[2026-03-03T01:05:23.222+0000] {processor.py:156} INFO - Started process (PID=1192) to work on /home/airflow/.local/lib/python3.7/site-packages/airflow/example_dags/example_subdag_operator.py
[2026-03-03T01:05:23.222+0000] {processor.py:799} INFO - Processing file /home/airflow/.local/lib/python3.7/site-packages/airflow/example_dags/example_subdag_operator.py for tasks to queue
[2026-03-03T01:05:23.223+0000] {logging_mixin.py:149} INFO - [2026-03-03T01:05:23.223+0000] {dagbag.py:541} INFO - Filling up the DagBag from /home/airflow/.local/lib/python3.7/site-packages/airflow/example_dags/example_subdag_operator.py
[2026-03-03T01:05:23.240+0000] {processor.py:809} INFO - DAG(s) dict_keys(['example_subdag_operator.section-1', 'example_subdag_operator.section-2', 'example_subdag_operator']) retrieved from /home/airflow/.local/lib/python3.7/site-packages/airflow/example_dags/example_subdag_operator.py
[2026-03-03T01:05:23.258+0000] {logging_mixin.py:149} INFO - [2026-03-03T01:05:23.257+0000] {dag.py:2726} INFO - Sync 3 DAGs
[2026-03-03T01:05:23.275+0000] {logging_mixin.py:149} INFO - [2026-03-03T01:05:23.275+0000] {dag.py:3490} INFO - Setting next_dagrun for example_subdag_operator to 2022-01-01T00:00:00+00:00, run_after=2022-01-01T00:00:00+00:00
[2026-03-03T01:05:23.277+0000] {logging_mixin.py:149} INFO - [2026-03-03T01:05:23.277+0000] {dag.py:3490} INFO - Setting next_dagrun for example_subdag_operator.section-1 to None, run_after=None
[2026-03-03T01:05:23.278+0000] {logging_mixin.py:149} INFO - [2026-03-03T01:05:23.278+0000] {dag.py:3490} INFO - Setting next_dagrun for example_subdag_operator.section-2 to None, run_after=None
[2026-03-03T01:05:23.281+0000] {logging_mixin.py:149} INFO - [2026-03-03T01:05:23.281+0000] {dag.py:2726} INFO - Sync 2 DAGs
[2026-03-03T01:05:23.284+0000] {logging_mixin.py:149} INFO - [2026-03-03T01:05:23.284+0000] {dag.py:3490} INFO - Setting next_dagrun for example_subdag_operator.section-1 to None, run_after=None
[2026-03-03T01:05:23.284+0000] {logging_mixin.py:149} INFO - [2026-03-03T01:05:23.284+0000] {dag.py:3490} INFO - Setting next_dagrun for example_subdag_operator.section-2 to None, run_after=None
[2026-03-03T01:05:23.290+0000] {processor.py:178} INFO - Processing /home/airflow/.local/lib/python3.7/site-packages/airflow/example_dags/example_subdag_operator.py took 0.070 seconds
[2026-03-03T01:05:53.870+0000] {processor.py:156} INFO - Started process (PID=1254) to work on /home/airflow/.local/lib/python3.7/site-packages/airflow/example_dags/example_subdag_operator.py
[2026-03-03T01:05:53.871+0000] {processor.py:799} INFO - Processing file /home/airflow/.local/lib/python3.7/site-packages/airflow/example_dags/example_subdag_operator.py for tasks to queue
[2026-03-03T01:05:53.871+0000] {logging_mixin.py:149} INFO - [2026-03-03T01:05:53.871+0000] {dagbag.py:541} INFO - Filling up the DagBag from /home/airflow/.local/lib/python3.7/site-packages/airflow/example_dags/example_subdag_operator.py
[2026-03-03T01:05:53.882+0000] {processor.py:809} INFO - DAG(s) dict_keys(['example_subdag_operator.section-1', 'example_subdag_operator.section-2', 'example_subdag_operator']) retrieved from /home/airflow/.local/lib/python3.7/site-packages/airflow/example_dags/example_subdag_operator.py
[2026-03-03T01:05:53.891+0000] {logging_mixin.py:149} INFO - [2026-03-03T01:05:53.891+0000] {dag.py:2726} INFO - Sync 3 DAGs
[2026-03-03T01:05:53.904+0000] {logging_mixin.py:149} INFO - [2026-03-03T01:05:53.904+0000] {dag.py:3490} INFO - Setting next_dagrun for example_subdag_operator to 2022-01-01T00:00:00+00:00, run_after=2022-01-01T00:00:00+00:00
[2026-03-03T01:05:53.906+0000] {logging_mixin.py:149} INFO - [2026-03-03T01:05:53.906+0000] {dag.py:3490} INFO - Setting next_dagrun for example_subdag_operator.section-1 to None, run_after=None
[2026-03-03T01:05:53.907+0000] {logging_mixin.py:149} INFO - [2026-03-03T01:05:53.907+0000] {dag.py:3490} INFO - Setting next_dagrun for example_subdag_operator.section-2 to None, run_after=None
[2026-03-03T01:05:53.914+0000] {logging_mixin.py:149} INFO - [2026-03-03T01:05:53.913+0000] {dag.py:2726} INFO - Sync 2 DAGs
[2026-03-03T01:05:53.916+0000] {logging_mixin.py:149} INFO - [2026-03-03T01:05:53.916+0000] {dag.py:3490} INFO - Setting next_dagrun for example_subdag_operator.section-1 to None, run_after=None
[2026-03-03T01:05:53.916+0000] {logging_mixin.py:149} INFO - [2026-03-03T01:05:53.916+0000] {dag.py:3490} INFO - Setting next_dagrun for example_subdag_operator.section-2 to None, run_after=None
[2026-03-03T01:05:53.920+0000] {processor.py:178} INFO - Processing /home/airflow/.local/lib/python3.7/site-packages/airflow/example_dags/example_subdag_operator.py took 0.052 seconds
[2026-03-03T01:06:24.353+0000] {processor.py:156} INFO - Started process (PID=1316) to work on /home/airflow/.local/lib/python3.7/site-packages/airflow/example_dags/example_subdag_operator.py
[2026-03-03T01:06:24.353+0000] {processor.py:799} INFO - Processing file /home/airflow/.local/lib/python3.7/site-packages/airflow/example_dags/example_subdag_operator.py for tasks to queue
[2026-03-03T01:06:24.353+0000] {logging_mixin.py:149} INFO - [2026-03-03T01:06:24.353+0000] {dagbag.py:541} INFO - Filling up the DagBag from /home/airflow/.local/lib/python3.7/site-packages/airflow/example_dags/example_subdag_operator.py
[2026-03-03T01:06:24.365+0000] {processor.py:809} INFO - DAG(s) dict_keys(['example_subdag_operator.section-1', 'example_subdag_operator.section-2', 'example_subdag_operator']) retrieved from /home/airflow/.local/lib/python3.7/site-packages/airflow/example_dags/example_subdag_operator.py
[2026-03-03T01:06:24.374+0000] {logging_mixin.py:149} INFO - [2026-03-03T01:06:24.374+0000] {dag.py:2726} INFO - Sync 3 DAGs
[2026-03-03T01:06:24.386+0000] {logging_mixin.py:149} INFO - [2026-03-03T01:06:24.386+0000] {dag.py:3490} INFO - Setting next_dagrun for example_subdag_operator to 2022-01-01T00:00:00+00:00, run_after=2022-01-01T00:00:00+00:00
[2026-03-03T01:06:24.387+0000] {logging_mixin.py:149} INFO - [2026-03-03T01:06:24.387+0000] {dag.py:3490} INFO - Setting next_dagrun for example_subdag_operator.section-1 to None, run_after=None
[2026-03-03T01:06:24.388+0000] {logging_mixin.py:149} INFO - [2026-03-03T01:06:24.388+0000] {dag.py:3490} INFO - Setting next_dagrun for example_subdag_operator.section-2 to None, run_after=None
[2026-03-03T01:06:24.391+0000] {logging_mixin.py:149} INFO - [2026-03-03T01:06:24.391+0000] {dag.py:2726} INFO - Sync 2 DAGs
[2026-03-03T01:06:24.394+0000] {logging_mixin.py:149} INFO - [2026-03-03T01:06:24.394+0000] {dag.py:3490} INFO - Setting next_dagrun for example_subdag_operator.section-1 to None, run_after=None
[2026-03-03T01:06:24.394+0000] {logging_mixin.py:149} INFO - [2026-03-03T01:06:24.394+0000] {dag.py:3490} INFO - Setting next_dagrun for example_subdag_operator.section-2 to None, run_after=None
[2026-03-03T01:06:24.399+0000] {processor.py:178} INFO - Processing /home/airflow/.local/lib/python3.7/site-packages/airflow/example_dags/example_subdag_operator.py took 0.048 seconds
[2026-03-03T01:07:10.222+0000] {processor.py:156} INFO - Started process (PID=68) to work on /home/airflow/.local/lib/python3.7/site-packages/airflow/example_dags/example_subdag_operator.py
[2026-03-03T01:07:10.223+0000] {processor.py:799} INFO - Processing file /home/airflow/.local/lib/python3.7/site-packages/airflow/example_dags/example_subdag_operator.py for tasks to queue
[2026-03-03T01:07:10.225+0000] {logging_mixin.py:149} INFO - [2026-03-03T01:07:10.225+0000] {dagbag.py:541} INFO - Filling up the DagBag from /home/airflow/.local/lib/python3.7/site-packages/airflow/example_dags/example_subdag_operator.py
[2026-03-03T01:07:10.242+0000] {processor.py:809} INFO - DAG(s) dict_keys(['example_subdag_operator.section-1', 'example_subdag_operator.section-2', 'example_subdag_operator']) retrieved from /home/airflow/.local/lib/python3.7/site-packages/airflow/example_dags/example_subdag_operator.py
[2026-03-03T01:07:10.245+0000] {logging_mixin.py:149} INFO - [2026-03-03T01:07:10.245+0000] {dag.py:2726} INFO - Sync 3 DAGs
[2026-03-03T01:07:10.262+0000] {logging_mixin.py:149} INFO - [2026-03-03T01:07:10.262+0000] {dag.py:3490} INFO - Setting next_dagrun for example_subdag_operator to 2022-01-01T00:00:00+00:00, run_after=2022-01-01T00:00:00+00:00
[2026-03-03T01:07:10.265+0000] {logging_mixin.py:149} INFO - [2026-03-03T01:07:10.265+0000] {dag.py:3490} INFO - Setting next_dagrun for example_subdag_operator.section-1 to None, run_after=None
[2026-03-03T01:07:10.266+0000] {logging_mixin.py:149} INFO - [2026-03-03T01:07:10.266+0000] {dag.py:3490} INFO - Setting next_dagrun for example_subdag_operator.section-2 to None, run_after=None
[2026-03-03T01:07:10.271+0000] {logging_mixin.py:149} INFO - [2026-03-03T01:07:10.270+0000] {dag.py:2726} INFO - Sync 2 DAGs
[2026-03-03T01:07:10.275+0000] {logging_mixin.py:149} INFO - [2026-03-03T01:07:10.275+0000] {dag.py:3490} INFO - Setting next_dagrun for example_subdag_operator.section-1 to None, run_after=None
[2026-03-03T01:07:10.276+0000] {logging_mixin.py:149} INFO - [2026-03-03T01:07:10.275+0000] {dag.py:3490} INFO - Setting next_dagrun for example_subdag_operator.section-2 to None, run_after=None
[2026-03-03T01:07:10.290+0000] {processor.py:178} INFO - Processing /home/airflow/.local/lib/python3.7/site-packages/airflow/example_dags/example_subdag_operator.py took 0.070 seconds
[2026-03-03T01:07:41.459+0000] {processor.py:156} INFO - Started process (PID=137) to work on /home/airflow/.local/lib/python3.7/site-packages/airflow/example_dags/example_subdag_operator.py
[2026-03-03T01:07:41.460+0000] {processor.py:799} INFO - Processing file /home/airflow/.local/lib/python3.7/site-packages/airflow/example_dags/example_subdag_operator.py for tasks to queue
[2026-03-03T01:07:41.460+0000] {logging_mixin.py:149} INFO - [2026-03-03T01:07:41.460+0000] {dagbag.py:541} INFO - Filling up the DagBag from /home/airflow/.local/lib/python3.7/site-packages/airflow/example_dags/example_subdag_operator.py
[2026-03-03T01:07:41.474+0000] {processor.py:809} INFO - DAG(s) dict_keys(['example_subdag_operator.section-1', 'example_subdag_operator.section-2', 'example_subdag_operator']) retrieved from /home/airflow/.local/lib/python3.7/site-packages/airflow/example_dags/example_subdag_operator.py
[2026-03-03T01:07:41.484+0000] {logging_mixin.py:149} INFO - [2026-03-03T01:07:41.484+0000] {dag.py:2726} INFO - Sync 3 DAGs
[2026-03-03T01:07:41.500+0000] {logging_mixin.py:149} INFO - [2026-03-03T01:07:41.500+0000] {dag.py:3490} INFO - Setting next_dagrun for example_subdag_operator to 2022-01-01T00:00:00+00:00, run_after=2022-01-01T00:00:00+00:00
[2026-03-03T01:07:41.502+0000] {logging_mixin.py:149} INFO - [2026-03-03T01:07:41.502+0000] {dag.py:3490} INFO - Setting next_dagrun for example_subdag_operator.section-1 to None, run_after=None
[2026-03-03T01:07:41.503+0000] {logging_mixin.py:149} INFO - [2026-03-03T01:07:41.503+0000] {dag.py:3490} INFO - Setting next_dagrun for example_subdag_operator.section-2 to None, run_after=None
[2026-03-03T01:07:41.507+0000] {logging_mixin.py:149} INFO - [2026-03-03T01:07:41.507+0000] {dag.py:2726} INFO - Sync 2 DAGs
[2026-03-03T01:07:41.510+0000] {logging_mixin.py:149} INFO - [2026-03-03T01:07:41.510+0000] {dag.py:3490} INFO - Setting next_dagrun for example_subdag_operator.section-1 to None, run_after=None
[2026-03-03T01:07:41.510+0000] {logging_mixin.py:149} INFO - [2026-03-03T01:07:41.510+0000] {dag.py:3490} INFO - Setting next_dagrun for example_subdag_operator.section-2 to None, run_after=None
[2026-03-03T01:07:41.515+0000] {processor.py:178} INFO - Processing /home/airflow/.local/lib/python3.7/site-packages/airflow/example_dags/example_subdag_operator.py took 0.058 seconds
[2026-03-03T01:08:21.229+0000] {processor.py:156} INFO - Started process (PID=199) to work on /home/airflow/.local/lib/python3.7/site-packages/airflow/example_dags/example_subdag_operator.py
[2026-03-03T01:08:21.232+0000] {processor.py:799} INFO - Processing file /home/airflow/.local/lib/python3.7/site-packages/airflow/example_dags/example_subdag_operator.py for tasks to queue
[2026-03-03T01:08:21.235+0000] {logging_mixin.py:149} INFO - [2026-03-03T01:08:21.235+0000] {dagbag.py:541} INFO - Filling up the DagBag from /home/airflow/.local/lib/python3.7/site-packages/airflow/example_dags/example_subdag_operator.py
[2026-03-03T01:08:21.298+0000] {processor.py:809} INFO - DAG(s) dict_keys(['example_subdag_operator.section-1', 'example_subdag_operator.section-2', 'example_subdag_operator']) retrieved from /home/airflow/.local/lib/python3.7/site-packages/airflow/example_dags/example_subdag_operator.py
[2026-03-03T01:08:21.651+0000] {logging_mixin.py:149} INFO - [2026-03-03T01:08:21.650+0000] {dag.py:2726} INFO - Sync 3 DAGs
[2026-03-03T01:08:21.721+0000] {logging_mixin.py:149} INFO - [2026-03-03T01:08:21.721+0000] {dag.py:3490} INFO - Setting next_dagrun for example_subdag_operator to 2022-01-01T00:00:00+00:00, run_after=2022-01-01T00:00:00+00:00
[2026-03-03T01:08:21.732+0000] {logging_mixin.py:149} INFO - [2026-03-03T01:08:21.732+0000] {dag.py:3490} INFO - Setting next_dagrun for example_subdag_operator.section-1 to None, run_after=None
[2026-03-03T01:08:21.736+0000] {logging_mixin.py:149} INFO - [2026-03-03T01:08:21.735+0000] {dag.py:3490} INFO - Setting next_dagrun for example_subdag_operator.section-2 to None, run_after=None
[2026-03-03T01:08:21.766+0000] {logging_mixin.py:149} INFO - [2026-03-03T01:08:21.763+0000] {dag.py:2726} INFO - Sync 2 DAGs
[2026-03-03T01:08:21.784+0000] {logging_mixin.py:149} INFO - [2026-03-03T01:08:21.784+0000] {dag.py:3490} INFO - Setting next_dagrun for example_subdag_operator.section-1 to None, run_after=None
[2026-03-03T01:08:21.785+0000] {logging_mixin.py:149} INFO - [2026-03-03T01:08:21.785+0000] {dag.py:3490} INFO - Setting next_dagrun for example_subdag_operator.section-2 to None, run_after=None
[2026-03-03T01:08:21.818+0000] {processor.py:178} INFO - Processing /home/airflow/.local/lib/python3.7/site-packages/airflow/example_dags/example_subdag_operator.py took 0.596 seconds
[2026-03-03T01:08:52.671+0000] {processor.py:156} INFO - Started process (PID=261) to work on /home/airflow/.local/lib/python3.7/site-packages/airflow/example_dags/example_subdag_operator.py
[2026-03-03T01:08:52.672+0000] {processor.py:799} INFO - Processing file /home/airflow/.local/lib/python3.7/site-packages/airflow/example_dags/example_subdag_operator.py for tasks to queue
[2026-03-03T01:08:52.673+0000] {logging_mixin.py:149} INFO - [2026-03-03T01:08:52.672+0000] {dagbag.py:541} INFO - Filling up the DagBag from /home/airflow/.local/lib/python3.7/site-packages/airflow/example_dags/example_subdag_operator.py
[2026-03-03T01:08:52.694+0000] {processor.py:809} INFO - DAG(s) dict_keys(['example_subdag_operator.section-1', 'example_subdag_operator.section-2', 'example_subdag_operator']) retrieved from /home/airflow/.local/lib/python3.7/site-packages/airflow/example_dags/example_subdag_operator.py
[2026-03-03T01:08:52.707+0000] {logging_mixin.py:149} INFO - [2026-03-03T01:08:52.707+0000] {dag.py:2726} INFO - Sync 3 DAGs
[2026-03-03T01:08:52.720+0000] {logging_mixin.py:149} INFO - [2026-03-03T01:08:52.720+0000] {dag.py:3490} INFO - Setting next_dagrun for example_subdag_operator to 2022-01-01T00:00:00+00:00, run_after=2022-01-01T00:00:00+00:00
[2026-03-03T01:08:52.723+0000] {logging_mixin.py:149} INFO - [2026-03-03T01:08:52.723+0000] {dag.py:3490} INFO - Setting next_dagrun for example_subdag_operator.section-1 to None, run_after=None
[2026-03-03T01:08:52.724+0000] {logging_mixin.py:149} INFO - [2026-03-03T01:08:52.724+0000] {dag.py:3490} INFO - Setting next_dagrun for example_subdag_operator.section-2 to None, run_after=None
[2026-03-03T01:08:52.728+0000] {logging_mixin.py:149} INFO - [2026-03-03T01:08:52.728+0000] {dag.py:2726} INFO - Sync 2 DAGs
[2026-03-03T01:08:52.732+0000] {logging_mixin.py:149} INFO - [2026-03-03T01:08:52.732+0000] {dag.py:3490} INFO - Setting next_dagrun for example_subdag_operator.section-1 to None, run_after=None
[2026-03-03T01:08:52.732+0000] {logging_mixin.py:149} INFO - [2026-03-03T01:08:52.732+0000] {dag.py:3490} INFO - Setting next_dagrun for example_subdag_operator.section-2 to None, run_after=None
[2026-03-03T01:08:52.738+0000] {processor.py:178} INFO - Processing /home/airflow/.local/lib/python3.7/site-packages/airflow/example_dags/example_subdag_operator.py took 0.069 seconds
[2026-03-03T01:09:23.673+0000] {processor.py:156} INFO - Started process (PID=323) to work on /home/airflow/.local/lib/python3.7/site-packages/airflow/example_dags/example_subdag_operator.py
[2026-03-03T01:09:23.675+0000] {processor.py:799} INFO - Processing file /home/airflow/.local/lib/python3.7/site-packages/airflow/example_dags/example_subdag_operator.py for tasks to queue
[2026-03-03T01:09:23.675+0000] {logging_mixin.py:149} INFO - [2026-03-03T01:09:23.675+0000] {dagbag.py:541} INFO - Filling up the DagBag from /home/airflow/.local/lib/python3.7/site-packages/airflow/example_dags/example_subdag_operator.py
[2026-03-03T01:09:23.706+0000] {processor.py:809} INFO - DAG(s) dict_keys(['example_subdag_operator.section-1', 'example_subdag_operator.section-2', 'example_subdag_operator']) retrieved from /home/airflow/.local/lib/python3.7/site-packages/airflow/example_dags/example_subdag_operator.py
[2026-03-03T01:09:23.726+0000] {logging_mixin.py:149} INFO - [2026-03-03T01:09:23.726+0000] {dag.py:2726} INFO - Sync 3 DAGs
[2026-03-03T01:09:23.745+0000] {logging_mixin.py:149} INFO - [2026-03-03T01:09:23.745+0000] {dag.py:3490} INFO - Setting next_dagrun for example_subdag_operator to 2022-01-01T00:00:00+00:00, run_after=2022-01-01T00:00:00+00:00
[2026-03-03T01:09:23.748+0000] {logging_mixin.py:149} INFO - [2026-03-03T01:09:23.747+0000] {dag.py:3490} INFO - Setting next_dagrun for example_subdag_operator.section-1 to None, run_after=None
[2026-03-03T01:09:23.749+0000] {logging_mixin.py:149} INFO - [2026-03-03T01:09:23.749+0000] {dag.py:3490} INFO - Setting next_dagrun for example_subdag_operator.section-2 to None, run_after=None
[2026-03-03T01:09:23.755+0000] {logging_mixin.py:149} INFO - [2026-03-03T01:09:23.755+0000] {dag.py:2726} INFO - Sync 2 DAGs
[2026-03-03T01:09:23.761+0000] {logging_mixin.py:149} INFO - [2026-03-03T01:09:23.761+0000] {dag.py:3490} INFO - Setting next_dagrun for example_subdag_operator.section-1 to None, run_after=None
[2026-03-03T01:09:23.761+0000] {logging_mixin.py:149} INFO - [2026-03-03T01:09:23.761+0000] {dag.py:3490} INFO - Setting next_dagrun for example_subdag_operator.section-2 to None, run_after=None
[2026-03-03T01:09:23.766+0000] {processor.py:178} INFO - Processing /home/airflow/.local/lib/python3.7/site-packages/airflow/example_dags/example_subdag_operator.py took 0.097 seconds
[2026-03-03T01:09:54.178+0000] {processor.py:156} INFO - Started process (PID=385) to work on /home/airflow/.local/lib/python3.7/site-packages/airflow/example_dags/example_subdag_operator.py
[2026-03-03T01:09:54.179+0000] {processor.py:799} INFO - Processing file /home/airflow/.local/lib/python3.7/site-packages/airflow/example_dags/example_subdag_operator.py for tasks to queue
[2026-03-03T01:09:54.180+0000] {logging_mixin.py:149} INFO - [2026-03-03T01:09:54.180+0000] {dagbag.py:541} INFO - Filling up the DagBag from /home/airflow/.local/lib/python3.7/site-packages/airflow/example_dags/example_subdag_operator.py
[2026-03-03T01:09:54.204+0000] {processor.py:809} INFO - DAG(s) dict_keys(['example_subdag_operator.section-1', 'example_subdag_operator.section-2', 'example_subdag_operator']) retrieved from /home/airflow/.local/lib/python3.7/site-packages/airflow/example_dags/example_subdag_operator.py
[2026-03-03T01:09:54.219+0000] {logging_mixin.py:149} INFO - [2026-03-03T01:09:54.219+0000] {dag.py:2726} INFO - Sync 3 DAGs
[2026-03-03T01:09:54.234+0000] {logging_mixin.py:149} INFO - [2026-03-03T01:09:54.234+0000] {dag.py:3490} INFO - Setting next_dagrun for example_subdag_operator to 2022-01-01T00:00:00+00:00, run_after=2022-01-01T00:00:00+00:00
[2026-03-03T01:09:54.238+0000] {logging_mixin.py:149} INFO - [2026-03-03T01:09:54.238+0000] {dag.py:3490} INFO - Setting next_dagrun for example_subdag_operator.section-1 to None, run_after=None
[2026-03-03T01:09:54.239+0000] {logging_mixin.py:149} INFO - [2026-03-03T01:09:54.239+0000] {dag.py:3490} INFO - Setting next_dagrun for example_subdag_operator.section-2 to None, run_after=None
[2026-03-03T01:09:54.246+0000] {logging_mixin.py:149} INFO - [2026-03-03T01:09:54.245+0000] {dag.py:2726} INFO - Sync 2 DAGs
[2026-03-03T01:09:54.250+0000] {logging_mixin.py:149} INFO - [2026-03-03T01:09:54.250+0000] {dag.py:3490} INFO - Setting next_dagrun for example_subdag_operator.section-1 to None, run_after=None
[2026-03-03T01:09:54.250+0000] {logging_mixin.py:149} INFO - [2026-03-03T01:09:54.250+0000] {dag.py:3490} INFO - Setting next_dagrun for example_subdag_operator.section-2 to None, run_after=None
[2026-03-03T01:09:54.255+0000] {processor.py:178} INFO - Processing /home/airflow/.local/lib/python3.7/site-packages/airflow/example_dags/example_subdag_operator.py took 0.080 seconds
[2026-03-03T01:10:25.107+0000] {processor.py:156} INFO - Started process (PID=447) to work on /home/airflow/.local/lib/python3.7/site-packages/airflow/example_dags/example_subdag_operator.py
[2026-03-03T01:10:25.108+0000] {processor.py:799} INFO - Processing file /home/airflow/.local/lib/python3.7/site-packages/airflow/example_dags/example_subdag_operator.py for tasks to queue
[2026-03-03T01:10:25.109+0000] {logging_mixin.py:149} INFO - [2026-03-03T01:10:25.108+0000] {dagbag.py:541} INFO - Filling up the DagBag from /home/airflow/.local/lib/python3.7/site-packages/airflow/example_dags/example_subdag_operator.py
[2026-03-03T01:10:25.128+0000] {processor.py:809} INFO - DAG(s) dict_keys(['example_subdag_operator.section-1', 'example_subdag_operator.section-2', 'example_subdag_operator']) retrieved from /home/airflow/.local/lib/python3.7/site-packages/airflow/example_dags/example_subdag_operator.py
[2026-03-03T01:10:25.139+0000] {logging_mixin.py:149} INFO - [2026-03-03T01:10:25.139+0000] {dag.py:2726} INFO - Sync 3 DAGs
[2026-03-03T01:10:25.153+0000] {logging_mixin.py:149} INFO - [2026-03-03T01:10:25.153+0000] {dag.py:3490} INFO - Setting next_dagrun for example_subdag_operator to 2022-01-01T00:00:00+00:00, run_after=2022-01-01T00:00:00+00:00
[2026-03-03T01:10:25.156+0000] {logging_mixin.py:149} INFO - [2026-03-03T01:10:25.156+0000] {dag.py:3490} INFO - Setting next_dagrun for example_subdag_operator.section-1 to None, run_after=None
[2026-03-03T01:10:25.158+0000] {logging_mixin.py:149} INFO - [2026-03-03T01:10:25.158+0000] {dag.py:3490} INFO - Setting next_dagrun for example_subdag_operator.section-2 to None, run_after=None
[2026-03-03T01:10:25.165+0000] {logging_mixin.py:149} INFO - [2026-03-03T01:10:25.165+0000] {dag.py:2726} INFO - Sync 2 DAGs
[2026-03-03T01:10:25.170+0000] {logging_mixin.py:149} INFO - [2026-03-03T01:10:25.170+0000] {dag.py:3490} INFO - Setting next_dagrun for example_subdag_operator.section-1 to None, run_after=None
[2026-03-03T01:10:25.170+0000] {logging_mixin.py:149} INFO - [2026-03-03T01:10:25.170+0000] {dag.py:3490} INFO - Setting next_dagrun for example_subdag_operator.section-2 to None, run_after=None
[2026-03-03T01:10:25.177+0000] {processor.py:178} INFO - Processing /home/airflow/.local/lib/python3.7/site-packages/airflow/example_dags/example_subdag_operator.py took 0.073 seconds
[2026-03-03T01:10:55.515+0000] {processor.py:156} INFO - Started process (PID=509) to work on /home/airflow/.local/lib/python3.7/site-packages/airflow/example_dags/example_subdag_operator.py
[2026-03-03T01:10:55.517+0000] {processor.py:799} INFO - Processing file /home/airflow/.local/lib/python3.7/site-packages/airflow/example_dags/example_subdag_operator.py for tasks to queue
[2026-03-03T01:10:55.517+0000] {logging_mixin.py:149} INFO - [2026-03-03T01:10:55.517+0000] {dagbag.py:541} INFO - Filling up the DagBag from /home/airflow/.local/lib/python3.7/site-packages/airflow/example_dags/example_subdag_operator.py
[2026-03-03T01:10:55.539+0000] {processor.py:809} INFO - DAG(s) dict_keys(['example_subdag_operator.section-1', 'example_subdag_operator.section-2', 'example_subdag_operator']) retrieved from /home/airflow/.local/lib/python3.7/site-packages/airflow/example_dags/example_subdag_operator.py
[2026-03-03T01:10:55.550+0000] {logging_mixin.py:149} INFO - [2026-03-03T01:10:55.550+0000] {dag.py:2726} INFO - Sync 3 DAGs
[2026-03-03T01:10:55.565+0000] {logging_mixin.py:149} INFO - [2026-03-03T01:10:55.565+0000] {dag.py:3490} INFO - Setting next_dagrun for example_subdag_operator to 2022-01-01T00:00:00+00:00, run_after=2022-01-01T00:00:00+00:00
[2026-03-03T01:10:55.568+0000] {logging_mixin.py:149} INFO - [2026-03-03T01:10:55.568+0000] {dag.py:3490} INFO - Setting next_dagrun for example_subdag_operator.section-1 to None, run_after=None
[2026-03-03T01:10:55.568+0000] {logging_mixin.py:149} INFO - [2026-03-03T01:10:55.568+0000] {dag.py:3490} INFO - Setting next_dagrun for example_subdag_operator.section-2 to None, run_after=None
[2026-03-03T01:10:55.573+0000] {logging_mixin.py:149} INFO - [2026-03-03T01:10:55.573+0000] {dag.py:2726} INFO - Sync 2 DAGs
[2026-03-03T01:10:55.577+0000] {logging_mixin.py:149} INFO - [2026-03-03T01:10:55.577+0000] {dag.py:3490} INFO - Setting next_dagrun for example_subdag_operator.section-1 to None, run_after=None
[2026-03-03T01:10:55.578+0000] {logging_mixin.py:149} INFO - [2026-03-03T01:10:55.578+0000] {dag.py:3490} INFO - Setting next_dagrun for example_subdag_operator.section-2 to None, run_after=None
[2026-03-03T01:10:55.584+0000] {processor.py:178} INFO - Processing /home/airflow/.local/lib/python3.7/site-packages/airflow/example_dags/example_subdag_operator.py took 0.070 seconds
[2026-03-03T01:11:26.499+0000] {processor.py:156} INFO - Started process (PID=571) to work on /home/airflow/.local/lib/python3.7/site-packages/airflow/example_dags/example_subdag_operator.py
[2026-03-03T01:11:26.500+0000] {processor.py:799} INFO - Processing file /home/airflow/.local/lib/python3.7/site-packages/airflow/example_dags/example_subdag_operator.py for tasks to queue
[2026-03-03T01:11:26.501+0000] {logging_mixin.py:149} INFO - [2026-03-03T01:11:26.501+0000] {dagbag.py:541} INFO - Filling up the DagBag from /home/airflow/.local/lib/python3.7/site-packages/airflow/example_dags/example_subdag_operator.py
[2026-03-03T01:11:26.525+0000] {processor.py:809} INFO - DAG(s) dict_keys(['example_subdag_operator.section-1', 'example_subdag_operator.section-2', 'example_subdag_operator']) retrieved from /home/airflow/.local/lib/python3.7/site-packages/airflow/example_dags/example_subdag_operator.py
[2026-03-03T01:11:26.539+0000] {logging_mixin.py:149} INFO - [2026-03-03T01:11:26.539+0000] {dag.py:2726} INFO - Sync 3 DAGs
[2026-03-03T01:11:26.555+0000] {logging_mixin.py:149} INFO - [2026-03-03T01:11:26.554+0000] {dag.py:3490} INFO - Setting next_dagrun for example_subdag_operator to 2022-01-01T00:00:00+00:00, run_after=2022-01-01T00:00:00+00:00
[2026-03-03T01:11:26.558+0000] {logging_mixin.py:149} INFO - [2026-03-03T01:11:26.558+0000] {dag.py:3490} INFO - Setting next_dagrun for example_subdag_operator.section-1 to None, run_after=None
[2026-03-03T01:11:26.559+0000] {logging_mixin.py:149} INFO - [2026-03-03T01:11:26.559+0000] {dag.py:3490} INFO - Setting next_dagrun for example_subdag_operator.section-2 to None, run_after=None
[2026-03-03T01:11:26.565+0000] {logging_mixin.py:149} INFO - [2026-03-03T01:11:26.564+0000] {dag.py:2726} INFO - Sync 2 DAGs
[2026-03-03T01:11:26.567+0000] {logging_mixin.py:149} INFO - [2026-03-03T01:11:26.567+0000] {dag.py:3490} INFO - Setting next_dagrun for example_subdag_operator.section-1 to None, run_after=None
[2026-03-03T01:11:26.568+0000] {logging_mixin.py:149} INFO - [2026-03-03T01:11:26.568+0000] {dag.py:3490} INFO - Setting next_dagrun for example_subdag_operator.section-2 to None, run_after=None
[2026-03-03T01:11:26.574+0000] {processor.py:178} INFO - Processing /home/airflow/.local/lib/python3.7/site-packages/airflow/example_dags/example_subdag_operator.py took 0.077 seconds
[2026-03-03T01:11:56.993+0000] {processor.py:156} INFO - Started process (PID=633) to work on /home/airflow/.local/lib/python3.7/site-packages/airflow/example_dags/example_subdag_operator.py
[2026-03-03T01:11:56.995+0000] {processor.py:799} INFO - Processing file /home/airflow/.local/lib/python3.7/site-packages/airflow/example_dags/example_subdag_operator.py for tasks to queue
[2026-03-03T01:11:56.997+0000] {logging_mixin.py:149} INFO - [2026-03-03T01:11:56.997+0000] {dagbag.py:541} INFO - Filling up the DagBag from /home/airflow/.local/lib/python3.7/site-packages/airflow/example_dags/example_subdag_operator.py
[2026-03-03T01:11:57.058+0000] {processor.py:809} INFO - DAG(s) dict_keys(['example_subdag_operator.section-1', 'example_subdag_operator.section-2', 'example_subdag_operator']) retrieved from /home/airflow/.local/lib/python3.7/site-packages/airflow/example_dags/example_subdag_operator.py
[2026-03-03T01:11:57.109+0000] {logging_mixin.py:149} INFO - [2026-03-03T01:11:57.108+0000] {dag.py:2726} INFO - Sync 3 DAGs
[2026-03-03T01:11:57.186+0000] {logging_mixin.py:149} INFO - [2026-03-03T01:11:57.186+0000] {dag.py:3490} INFO - Setting next_dagrun for example_subdag_operator to 2022-01-01T00:00:00+00:00, run_after=2022-01-01T00:00:00+00:00
[2026-03-03T01:11:57.201+0000] {logging_mixin.py:149} INFO - [2026-03-03T01:11:57.200+0000] {dag.py:3490} INFO - Setting next_dagrun for example_subdag_operator.section-1 to None, run_after=None
[2026-03-03T01:11:57.207+0000] {logging_mixin.py:149} INFO - [2026-03-03T01:11:57.206+0000] {dag.py:3490} INFO - Setting next_dagrun for example_subdag_operator.section-2 to None, run_after=None
[2026-03-03T01:11:57.229+0000] {logging_mixin.py:149} INFO - [2026-03-03T01:11:57.229+0000] {dag.py:2726} INFO - Sync 2 DAGs
[2026-03-03T01:11:57.249+0000] {logging_mixin.py:149} INFO - [2026-03-03T01:11:57.248+0000] {dag.py:3490} INFO - Setting next_dagrun for example_subdag_operator.section-1 to None, run_after=None
[2026-03-03T01:11:57.250+0000] {logging_mixin.py:149} INFO - [2026-03-03T01:11:57.250+0000] {dag.py:3490} INFO - Setting next_dagrun for example_subdag_operator.section-2 to None, run_after=None
[2026-03-03T01:11:57.290+0000] {processor.py:178} INFO - Processing /home/airflow/.local/lib/python3.7/site-packages/airflow/example_dags/example_subdag_operator.py took 0.303 seconds
[2026-03-03T01:12:27.734+0000] {processor.py:156} INFO - Started process (PID=695) to work on /home/airflow/.local/lib/python3.7/site-packages/airflow/example_dags/example_subdag_operator.py
[2026-03-03T01:12:27.737+0000] {processor.py:799} INFO - Processing file /home/airflow/.local/lib/python3.7/site-packages/airflow/example_dags/example_subdag_operator.py for tasks to queue
[2026-03-03T01:12:27.739+0000] {logging_mixin.py:149} INFO - [2026-03-03T01:12:27.738+0000] {dagbag.py:541} INFO - Filling up the DagBag from /home/airflow/.local/lib/python3.7/site-packages/airflow/example_dags/example_subdag_operator.py
[2026-03-03T01:12:27.800+0000] {processor.py:809} INFO - DAG(s) dict_keys(['example_subdag_operator.section-1', 'example_subdag_operator.section-2', 'example_subdag_operator']) retrieved from /home/airflow/.local/lib/python3.7/site-packages/airflow/example_dags/example_subdag_operator.py
[2026-03-03T01:12:27.845+0000] {logging_mixin.py:149} INFO - [2026-03-03T01:12:27.845+0000] {dag.py:2726} INFO - Sync 3 DAGs
[2026-03-03T01:12:27.905+0000] {logging_mixin.py:149} INFO - [2026-03-03T01:12:27.904+0000] {dag.py:3490} INFO - Setting next_dagrun for example_subdag_operator to 2022-01-01T00:00:00+00:00, run_after=2022-01-01T00:00:00+00:00
[2026-03-03T01:12:27.914+0000] {logging_mixin.py:149} INFO - [2026-03-03T01:12:27.913+0000] {dag.py:3490} INFO - Setting next_dagrun for example_subdag_operator.section-1 to None, run_after=None
[2026-03-03T01:12:27.918+0000] {logging_mixin.py:149} INFO - [2026-03-03T01:12:27.917+0000] {dag.py:3490} INFO - Setting next_dagrun for example_subdag_operator.section-2 to None, run_after=None
[2026-03-03T01:12:27.938+0000] {logging_mixin.py:149} INFO - [2026-03-03T01:12:27.938+0000] {dag.py:2726} INFO - Sync 2 DAGs
[2026-03-03T01:12:27.954+0000] {logging_mixin.py:149} INFO - [2026-03-03T01:12:27.954+0000] {dag.py:3490} INFO - Setting next_dagrun for example_subdag_operator.section-1 to None, run_after=None
[2026-03-03T01:12:27.955+0000] {logging_mixin.py:149} INFO - [2026-03-03T01:12:27.955+0000] {dag.py:3490} INFO - Setting next_dagrun for example_subdag_operator.section-2 to None, run_after=None
[2026-03-03T01:12:27.986+0000] {processor.py:178} INFO - Processing /home/airflow/.local/lib/python3.7/site-packages/airflow/example_dags/example_subdag_operator.py took 0.264 seconds
[2026-03-03T01:12:58.478+0000] {processor.py:156} INFO - Started process (PID=757) to work on /home/airflow/.local/lib/python3.7/site-packages/airflow/example_dags/example_subdag_operator.py
[2026-03-03T01:12:58.481+0000] {processor.py:799} INFO - Processing file /home/airflow/.local/lib/python3.7/site-packages/airflow/example_dags/example_subdag_operator.py for tasks to queue
[2026-03-03T01:12:58.482+0000] {logging_mixin.py:149} INFO - [2026-03-03T01:12:58.482+0000] {dagbag.py:541} INFO - Filling up the DagBag from /home/airflow/.local/lib/python3.7/site-packages/airflow/example_dags/example_subdag_operator.py
[2026-03-03T01:12:58.496+0000] {processor.py:809} INFO - DAG(s) dict_keys(['example_subdag_operator.section-1', 'example_subdag_operator.section-2', 'example_subdag_operator']) retrieved from /home/airflow/.local/lib/python3.7/site-packages/airflow/example_dags/example_subdag_operator.py
[2026-03-03T01:12:58.508+0000] {logging_mixin.py:149} INFO - [2026-03-03T01:12:58.508+0000] {dag.py:2726} INFO - Sync 3 DAGs
[2026-03-03T01:12:58.520+0000] {logging_mixin.py:149} INFO - [2026-03-03T01:12:58.519+0000] {dag.py:3490} INFO - Setting next_dagrun for example_subdag_operator to 2022-01-01T00:00:00+00:00, run_after=2022-01-01T00:00:00+00:00
[2026-03-03T01:12:58.522+0000] {logging_mixin.py:149} INFO - [2026-03-03T01:12:58.522+0000] {dag.py:3490} INFO - Setting next_dagrun for example_subdag_operator.section-1 to None, run_after=None
[2026-03-03T01:12:58.522+0000] {logging_mixin.py:149} INFO - [2026-03-03T01:12:58.522+0000] {dag.py:3490} INFO - Setting next_dagrun for example_subdag_operator.section-2 to None, run_after=None
[2026-03-03T01:12:58.530+0000] {logging_mixin.py:149} INFO - [2026-03-03T01:12:58.530+0000] {dag.py:2726} INFO - Sync 2 DAGs
[2026-03-03T01:12:58.534+0000] {logging_mixin.py:149} INFO - [2026-03-03T01:12:58.533+0000] {dag.py:3490} INFO - Setting next_dagrun for example_subdag_operator.section-1 to None, run_after=None
[2026-03-03T01:12:58.534+0000] {logging_mixin.py:149} INFO - [2026-03-03T01:12:58.534+0000] {dag.py:3490} INFO - Setting next_dagrun for example_subdag_operator.section-2 to None, run_after=None
[2026-03-03T01:12:58.539+0000] {processor.py:178} INFO - Processing /home/airflow/.local/lib/python3.7/site-packages/airflow/example_dags/example_subdag_operator.py took 0.063 seconds
[2026-03-03T01:13:28.974+0000] {processor.py:156} INFO - Started process (PID=819) to work on /home/airflow/.local/lib/python3.7/site-packages/airflow/example_dags/example_subdag_operator.py
[2026-03-03T01:13:28.974+0000] {processor.py:799} INFO - Processing file /home/airflow/.local/lib/python3.7/site-packages/airflow/example_dags/example_subdag_operator.py for tasks to queue
[2026-03-03T01:13:28.975+0000] {logging_mixin.py:149} INFO - [2026-03-03T01:13:28.975+0000] {dagbag.py:541} INFO - Filling up the DagBag from /home/airflow/.local/lib/python3.7/site-packages/airflow/example_dags/example_subdag_operator.py
[2026-03-03T01:13:28.992+0000] {processor.py:809} INFO - DAG(s) dict_keys(['example_subdag_operator.section-1', 'example_subdag_operator.section-2', 'example_subdag_operator']) retrieved from /home/airflow/.local/lib/python3.7/site-packages/airflow/example_dags/example_subdag_operator.py
[2026-03-03T01:13:29.004+0000] {logging_mixin.py:149} INFO - [2026-03-03T01:13:29.003+0000] {dag.py:2726} INFO - Sync 3 DAGs
[2026-03-03T01:13:29.015+0000] {logging_mixin.py:149} INFO - [2026-03-03T01:13:29.015+0000] {dag.py:3490} INFO - Setting next_dagrun for example_subdag_operator to 2022-01-01T00:00:00+00:00, run_after=2022-01-01T00:00:00+00:00
[2026-03-03T01:13:29.017+0000] {logging_mixin.py:149} INFO - [2026-03-03T01:13:29.017+0000] {dag.py:3490} INFO - Setting next_dagrun for example_subdag_operator.section-1 to None, run_after=None
[2026-03-03T01:13:29.017+0000] {logging_mixin.py:149} INFO - [2026-03-03T01:13:29.017+0000] {dag.py:3490} INFO - Setting next_dagrun for example_subdag_operator.section-2 to None, run_after=None
[2026-03-03T01:13:29.021+0000] {logging_mixin.py:149} INFO - [2026-03-03T01:13:29.021+0000] {dag.py:2726} INFO - Sync 2 DAGs
[2026-03-03T01:13:29.024+0000] {logging_mixin.py:149} INFO - [2026-03-03T01:13:29.024+0000] {dag.py:3490} INFO - Setting next_dagrun for example_subdag_operator.section-1 to None, run_after=None
[2026-03-03T01:13:29.024+0000] {logging_mixin.py:149} INFO - [2026-03-03T01:13:29.024+0000] {dag.py:3490} INFO - Setting next_dagrun for example_subdag_operator.section-2 to None, run_after=None
[2026-03-03T01:13:29.034+0000] {processor.py:178} INFO - Processing /home/airflow/.local/lib/python3.7/site-packages/airflow/example_dags/example_subdag_operator.py took 0.062 seconds
[2026-03-03T01:13:59.677+0000] {processor.py:156} INFO - Started process (PID=881) to work on /home/airflow/.local/lib/python3.7/site-packages/airflow/example_dags/example_subdag_operator.py
[2026-03-03T01:13:59.677+0000] {processor.py:799} INFO - Processing file /home/airflow/.local/lib/python3.7/site-packages/airflow/example_dags/example_subdag_operator.py for tasks to queue
[2026-03-03T01:13:59.678+0000] {logging_mixin.py:149} INFO - [2026-03-03T01:13:59.678+0000] {dagbag.py:541} INFO - Filling up the DagBag from /home/airflow/.local/lib/python3.7/site-packages/airflow/example_dags/example_subdag_operator.py
[2026-03-03T01:13:59.700+0000] {processor.py:809} INFO - DAG(s) dict_keys(['example_subdag_operator.section-1', 'example_subdag_operator.section-2', 'example_subdag_operator']) retrieved from /home/airflow/.local/lib/python3.7/site-packages/airflow/example_dags/example_subdag_operator.py
[2026-03-03T01:13:59.713+0000] {logging_mixin.py:149} INFO - [2026-03-03T01:13:59.713+0000] {dag.py:2726} INFO - Sync 3 DAGs
[2026-03-03T01:13:59.730+0000] {logging_mixin.py:149} INFO - [2026-03-03T01:13:59.730+0000] {dag.py:3490} INFO - Setting next_dagrun for example_subdag_operator to 2022-01-01T00:00:00+00:00, run_after=2022-01-01T00:00:00+00:00
[2026-03-03T01:13:59.732+0000] {logging_mixin.py:149} INFO - [2026-03-03T01:13:59.732+0000] {dag.py:3490} INFO - Setting next_dagrun for example_subdag_operator.section-1 to None, run_after=None
[2026-03-03T01:13:59.732+0000] {logging_mixin.py:149} INFO - [2026-03-03T01:13:59.732+0000] {dag.py:3490} INFO - Setting next_dagrun for example_subdag_operator.section-2 to None, run_after=None
[2026-03-03T01:13:59.737+0000] {logging_mixin.py:149} INFO - [2026-03-03T01:13:59.737+0000] {dag.py:2726} INFO - Sync 2 DAGs
[2026-03-03T01:13:59.743+0000] {logging_mixin.py:149} INFO - [2026-03-03T01:13:59.743+0000] {dag.py:3490} INFO - Setting next_dagrun for example_subdag_operator.section-1 to None, run_after=None
[2026-03-03T01:13:59.743+0000] {logging_mixin.py:149} INFO - [2026-03-03T01:13:59.743+0000] {dag.py:3490} INFO - Setting next_dagrun for example_subdag_operator.section-2 to None, run_after=None
[2026-03-03T01:13:59.753+0000] {processor.py:178} INFO - Processing /home/airflow/.local/lib/python3.7/site-packages/airflow/example_dags/example_subdag_operator.py took 0.081 seconds
[2026-03-03T01:14:30.422+0000] {processor.py:156} INFO - Started process (PID=943) to work on /home/airflow/.local/lib/python3.7/site-packages/airflow/example_dags/example_subdag_operator.py
[2026-03-03T01:14:30.423+0000] {processor.py:799} INFO - Processing file /home/airflow/.local/lib/python3.7/site-packages/airflow/example_dags/example_subdag_operator.py for tasks to queue
[2026-03-03T01:14:30.424+0000] {logging_mixin.py:149} INFO - [2026-03-03T01:14:30.424+0000] {dagbag.py:541} INFO - Filling up the DagBag from /home/airflow/.local/lib/python3.7/site-packages/airflow/example_dags/example_subdag_operator.py
[2026-03-03T01:14:30.443+0000] {processor.py:809} INFO - DAG(s) dict_keys(['example_subdag_operator.section-1', 'example_subdag_operator.section-2', 'example_subdag_operator']) retrieved from /home/airflow/.local/lib/python3.7/site-packages/airflow/example_dags/example_subdag_operator.py
[2026-03-03T01:14:30.454+0000] {logging_mixin.py:149} INFO - [2026-03-03T01:14:30.454+0000] {dag.py:2726} INFO - Sync 3 DAGs
[2026-03-03T01:14:30.468+0000] {logging_mixin.py:149} INFO - [2026-03-03T01:14:30.468+0000] {dag.py:3490} INFO - Setting next_dagrun for example_subdag_operator to 2022-01-01T00:00:00+00:00, run_after=2022-01-01T00:00:00+00:00
[2026-03-03T01:14:30.471+0000] {logging_mixin.py:149} INFO - [2026-03-03T01:14:30.471+0000] {dag.py:3490} INFO - Setting next_dagrun for example_subdag_operator.section-1 to None, run_after=None
[2026-03-03T01:14:30.472+0000] {logging_mixin.py:149} INFO - [2026-03-03T01:14:30.472+0000] {dag.py:3490} INFO - Setting next_dagrun for example_subdag_operator.section-2 to None, run_after=None
[2026-03-03T01:14:30.476+0000] {logging_mixin.py:149} INFO - [2026-03-03T01:14:30.476+0000] {dag.py:2726} INFO - Sync 2 DAGs
[2026-03-03T01:14:30.479+0000] {logging_mixin.py:149} INFO - [2026-03-03T01:14:30.479+0000] {dag.py:3490} INFO - Setting next_dagrun for example_subdag_operator.section-1 to None, run_after=None
[2026-03-03T01:14:30.482+0000] {logging_mixin.py:149} INFO - [2026-03-03T01:14:30.482+0000] {dag.py:3490} INFO - Setting next_dagrun for example_subdag_operator.section-2 to None, run_after=None
[2026-03-03T01:14:30.489+0000] {processor.py:178} INFO - Processing /home/airflow/.local/lib/python3.7/site-packages/airflow/example_dags/example_subdag_operator.py took 0.071 seconds
[2026-03-03T01:15:00.641+0000] {processor.py:156} INFO - Started process (PID=1006) to work on /home/airflow/.local/lib/python3.7/site-packages/airflow/example_dags/example_subdag_operator.py
[2026-03-03T01:15:00.643+0000] {processor.py:799} INFO - Processing file /home/airflow/.local/lib/python3.7/site-packages/airflow/example_dags/example_subdag_operator.py for tasks to queue
[2026-03-03T01:15:00.646+0000] {logging_mixin.py:149} INFO - [2026-03-03T01:15:00.646+0000] {dagbag.py:541} INFO - Filling up the DagBag from /home/airflow/.local/lib/python3.7/site-packages/airflow/example_dags/example_subdag_operator.py
[2026-03-03T01:15:00.727+0000] {processor.py:809} INFO - DAG(s) dict_keys(['example_subdag_operator.section-1', 'example_subdag_operator.section-2', 'example_subdag_operator']) retrieved from /home/airflow/.local/lib/python3.7/site-packages/airflow/example_dags/example_subdag_operator.py
[2026-03-03T01:15:00.789+0000] {logging_mixin.py:149} INFO - [2026-03-03T01:15:00.788+0000] {dag.py:2726} INFO - Sync 3 DAGs
[2026-03-03T01:15:00.878+0000] {logging_mixin.py:149} INFO - [2026-03-03T01:15:00.878+0000] {dag.py:3490} INFO - Setting next_dagrun for example_subdag_operator to 2022-01-01T00:00:00+00:00, run_after=2022-01-01T00:00:00+00:00
[2026-03-03T01:15:00.891+0000] {logging_mixin.py:149} INFO - [2026-03-03T01:15:00.890+0000] {dag.py:3490} INFO - Setting next_dagrun for example_subdag_operator.section-1 to None, run_after=None
[2026-03-03T01:15:00.896+0000] {logging_mixin.py:149} INFO - [2026-03-03T01:15:00.895+0000] {dag.py:3490} INFO - Setting next_dagrun for example_subdag_operator.section-2 to None, run_after=None
[2026-03-03T01:15:00.922+0000] {logging_mixin.py:149} INFO - [2026-03-03T01:15:00.922+0000] {dag.py:2726} INFO - Sync 2 DAGs
[2026-03-03T01:15:00.944+0000] {logging_mixin.py:149} INFO - [2026-03-03T01:15:00.943+0000] {dag.py:3490} INFO - Setting next_dagrun for example_subdag_operator.section-1 to None, run_after=None
[2026-03-03T01:15:00.946+0000] {logging_mixin.py:149} INFO - [2026-03-03T01:15:00.946+0000] {dag.py:3490} INFO - Setting next_dagrun for example_subdag_operator.section-2 to None, run_after=None
[2026-03-03T01:15:00.977+0000] {processor.py:178} INFO - Processing /home/airflow/.local/lib/python3.7/site-packages/airflow/example_dags/example_subdag_operator.py took 0.346 seconds
[2026-03-03T01:15:31.862+0000] {processor.py:156} INFO - Started process (PID=1068) to work on /home/airflow/.local/lib/python3.7/site-packages/airflow/example_dags/example_subdag_operator.py
[2026-03-03T01:15:31.863+0000] {processor.py:799} INFO - Processing file /home/airflow/.local/lib/python3.7/site-packages/airflow/example_dags/example_subdag_operator.py for tasks to queue
[2026-03-03T01:15:31.864+0000] {logging_mixin.py:149} INFO - [2026-03-03T01:15:31.864+0000] {dagbag.py:541} INFO - Filling up the DagBag from /home/airflow/.local/lib/python3.7/site-packages/airflow/example_dags/example_subdag_operator.py
[2026-03-03T01:15:31.886+0000] {processor.py:809} INFO - DAG(s) dict_keys(['example_subdag_operator.section-1', 'example_subdag_operator.section-2', 'example_subdag_operator']) retrieved from /home/airflow/.local/lib/python3.7/site-packages/airflow/example_dags/example_subdag_operator.py
[2026-03-03T01:15:31.898+0000] {logging_mixin.py:149} INFO - [2026-03-03T01:15:31.897+0000] {dag.py:2726} INFO - Sync 3 DAGs
[2026-03-03T01:15:31.913+0000] {logging_mixin.py:149} INFO - [2026-03-03T01:15:31.912+0000] {dag.py:3490} INFO - Setting next_dagrun for example_subdag_operator to 2022-01-01T00:00:00+00:00, run_after=2022-01-01T00:00:00+00:00
[2026-03-03T01:15:31.914+0000] {logging_mixin.py:149} INFO - [2026-03-03T01:15:31.914+0000] {dag.py:3490} INFO - Setting next_dagrun for example_subdag_operator.section-1 to None, run_after=None
[2026-03-03T01:15:31.915+0000] {logging_mixin.py:149} INFO - [2026-03-03T01:15:31.915+0000] {dag.py:3490} INFO - Setting next_dagrun for example_subdag_operator.section-2 to None, run_after=None
[2026-03-03T01:15:31.917+0000] {logging_mixin.py:149} INFO - [2026-03-03T01:15:31.917+0000] {dag.py:2726} INFO - Sync 2 DAGs
[2026-03-03T01:15:31.920+0000] {logging_mixin.py:149} INFO - [2026-03-03T01:15:31.920+0000] {dag.py:3490} INFO - Setting next_dagrun for example_subdag_operator.section-1 to None, run_after=None
[2026-03-03T01:15:31.920+0000] {logging_mixin.py:149} INFO - [2026-03-03T01:15:31.920+0000] {dag.py:3490} INFO - Setting next_dagrun for example_subdag_operator.section-2 to None, run_after=None
[2026-03-03T01:15:31.927+0000] {processor.py:178} INFO - Processing /home/airflow/.local/lib/python3.7/site-packages/airflow/example_dags/example_subdag_operator.py took 0.068 seconds
[2026-03-03T01:16:02.663+0000] {processor.py:156} INFO - Started process (PID=1129) to work on /home/airflow/.local/lib/python3.7/site-packages/airflow/example_dags/example_subdag_operator.py
[2026-03-03T01:16:02.665+0000] {processor.py:799} INFO - Processing file /home/airflow/.local/lib/python3.7/site-packages/airflow/example_dags/example_subdag_operator.py for tasks to queue
[2026-03-03T01:16:02.665+0000] {logging_mixin.py:149} INFO - [2026-03-03T01:16:02.665+0000] {dagbag.py:541} INFO - Filling up the DagBag from /home/airflow/.local/lib/python3.7/site-packages/airflow/example_dags/example_subdag_operator.py
[2026-03-03T01:16:02.692+0000] {processor.py:809} INFO - DAG(s) dict_keys(['example_subdag_operator.section-1', 'example_subdag_operator.section-2', 'example_subdag_operator']) retrieved from /home/airflow/.local/lib/python3.7/site-packages/airflow/example_dags/example_subdag_operator.py
[2026-03-03T01:16:02.707+0000] {logging_mixin.py:149} INFO - [2026-03-03T01:16:02.707+0000] {dag.py:2726} INFO - Sync 3 DAGs
[2026-03-03T01:16:02.723+0000] {logging_mixin.py:149} INFO - [2026-03-03T01:16:02.723+0000] {dag.py:3490} INFO - Setting next_dagrun for example_subdag_operator to 2022-01-01T00:00:00+00:00, run_after=2022-01-01T00:00:00+00:00
[2026-03-03T01:16:02.725+0000] {logging_mixin.py:149} INFO - [2026-03-03T01:16:02.725+0000] {dag.py:3490} INFO - Setting next_dagrun for example_subdag_operator.section-1 to None, run_after=None
[2026-03-03T01:16:02.725+0000] {logging_mixin.py:149} INFO - [2026-03-03T01:16:02.725+0000] {dag.py:3490} INFO - Setting next_dagrun for example_subdag_operator.section-2 to None, run_after=None
[2026-03-03T01:16:02.729+0000] {logging_mixin.py:149} INFO - [2026-03-03T01:16:02.729+0000] {dag.py:2726} INFO - Sync 2 DAGs
[2026-03-03T01:16:02.732+0000] {logging_mixin.py:149} INFO - [2026-03-03T01:16:02.732+0000] {dag.py:3490} INFO - Setting next_dagrun for example_subdag_operator.section-1 to None, run_after=None
[2026-03-03T01:16:02.732+0000] {logging_mixin.py:149} INFO - [2026-03-03T01:16:02.732+0000] {dag.py:3490} INFO - Setting next_dagrun for example_subdag_operator.section-2 to None, run_after=None
[2026-03-03T01:16:02.742+0000] {processor.py:178} INFO - Processing /home/airflow/.local/lib/python3.7/site-packages/airflow/example_dags/example_subdag_operator.py took 0.083 seconds
[2026-03-03T01:16:32.919+0000] {processor.py:156} INFO - Started process (PID=1191) to work on /home/airflow/.local/lib/python3.7/site-packages/airflow/example_dags/example_subdag_operator.py
[2026-03-03T01:16:32.921+0000] {processor.py:799} INFO - Processing file /home/airflow/.local/lib/python3.7/site-packages/airflow/example_dags/example_subdag_operator.py for tasks to queue
[2026-03-03T01:16:32.923+0000] {logging_mixin.py:149} INFO - [2026-03-03T01:16:32.923+0000] {dagbag.py:541} INFO - Filling up the DagBag from /home/airflow/.local/lib/python3.7/site-packages/airflow/example_dags/example_subdag_operator.py
[2026-03-03T01:16:32.983+0000] {processor.py:809} INFO - DAG(s) dict_keys(['example_subdag_operator.section-1', 'example_subdag_operator.section-2', 'example_subdag_operator']) retrieved from /home/airflow/.local/lib/python3.7/site-packages/airflow/example_dags/example_subdag_operator.py
[2026-03-03T01:16:33.028+0000] {logging_mixin.py:149} INFO - [2026-03-03T01:16:33.028+0000] {dag.py:2726} INFO - Sync 3 DAGs
[2026-03-03T01:16:33.087+0000] {logging_mixin.py:149} INFO - [2026-03-03T01:16:33.086+0000] {dag.py:3490} INFO - Setting next_dagrun for example_subdag_operator to 2022-01-01T00:00:00+00:00, run_after=2022-01-01T00:00:00+00:00
[2026-03-03T01:16:33.096+0000] {logging_mixin.py:149} INFO - [2026-03-03T01:16:33.095+0000] {dag.py:3490} INFO - Setting next_dagrun for example_subdag_operator.section-1 to None, run_after=None
[2026-03-03T01:16:33.101+0000] {logging_mixin.py:149} INFO - [2026-03-03T01:16:33.100+0000] {dag.py:3490} INFO - Setting next_dagrun for example_subdag_operator.section-2 to None, run_after=None
[2026-03-03T01:16:33.123+0000] {logging_mixin.py:149} INFO - [2026-03-03T01:16:33.122+0000] {dag.py:2726} INFO - Sync 2 DAGs
[2026-03-03T01:16:33.141+0000] {logging_mixin.py:149} INFO - [2026-03-03T01:16:33.141+0000] {dag.py:3490} INFO - Setting next_dagrun for example_subdag_operator.section-1 to None, run_after=None
[2026-03-03T01:16:33.142+0000] {logging_mixin.py:149} INFO - [2026-03-03T01:16:33.142+0000] {dag.py:3490} INFO - Setting next_dagrun for example_subdag_operator.section-2 to None, run_after=None
[2026-03-03T01:16:33.182+0000] {processor.py:178} INFO - Processing /home/airflow/.local/lib/python3.7/site-packages/airflow/example_dags/example_subdag_operator.py took 0.271 seconds
[2026-03-03T01:17:04.003+0000] {processor.py:156} INFO - Started process (PID=1253) to work on /home/airflow/.local/lib/python3.7/site-packages/airflow/example_dags/example_subdag_operator.py
[2026-03-03T01:17:04.005+0000] {processor.py:799} INFO - Processing file /home/airflow/.local/lib/python3.7/site-packages/airflow/example_dags/example_subdag_operator.py for tasks to queue
[2026-03-03T01:17:04.006+0000] {logging_mixin.py:149} INFO - [2026-03-03T01:17:04.005+0000] {dagbag.py:541} INFO - Filling up the DagBag from /home/airflow/.local/lib/python3.7/site-packages/airflow/example_dags/example_subdag_operator.py
[2026-03-03T01:17:04.051+0000] {processor.py:809} INFO - DAG(s) dict_keys(['example_subdag_operator.section-1', 'example_subdag_operator.section-2', 'example_subdag_operator']) retrieved from /home/airflow/.local/lib/python3.7/site-packages/airflow/example_dags/example_subdag_operator.py
[2026-03-03T01:17:04.084+0000] {logging_mixin.py:149} INFO - [2026-03-03T01:17:04.083+0000] {dag.py:2726} INFO - Sync 3 DAGs
[2026-03-03T01:17:04.132+0000] {logging_mixin.py:149} INFO - [2026-03-03T01:17:04.132+0000] {dag.py:3490} INFO - Setting next_dagrun for example_subdag_operator to 2022-01-01T00:00:00+00:00, run_after=2022-01-01T00:00:00+00:00
[2026-03-03T01:17:04.139+0000] {logging_mixin.py:149} INFO - [2026-03-03T01:17:04.139+0000] {dag.py:3490} INFO - Setting next_dagrun for example_subdag_operator.section-1 to None, run_after=None
[2026-03-03T01:17:04.142+0000] {logging_mixin.py:149} INFO - [2026-03-03T01:17:04.141+0000] {dag.py:3490} INFO - Setting next_dagrun for example_subdag_operator.section-2 to None, run_after=None
[2026-03-03T01:17:04.156+0000] {logging_mixin.py:149} INFO - [2026-03-03T01:17:04.156+0000] {dag.py:2726} INFO - Sync 2 DAGs
[2026-03-03T01:17:04.170+0000] {logging_mixin.py:149} INFO - [2026-03-03T01:17:04.169+0000] {dag.py:3490} INFO - Setting next_dagrun for example_subdag_operator.section-1 to None, run_after=None
[2026-03-03T01:17:04.171+0000] {logging_mixin.py:149} INFO - [2026-03-03T01:17:04.170+0000] {dag.py:3490} INFO - Setting next_dagrun for example_subdag_operator.section-2 to None, run_after=None
[2026-03-03T01:17:04.198+0000] {processor.py:178} INFO - Processing /home/airflow/.local/lib/python3.7/site-packages/airflow/example_dags/example_subdag_operator.py took 0.201 seconds
[2026-03-03T01:17:34.566+0000] {processor.py:156} INFO - Started process (PID=1315) to work on /home/airflow/.local/lib/python3.7/site-packages/airflow/example_dags/example_subdag_operator.py
[2026-03-03T01:17:34.567+0000] {processor.py:799} INFO - Processing file /home/airflow/.local/lib/python3.7/site-packages/airflow/example_dags/example_subdag_operator.py for tasks to queue
[2026-03-03T01:17:34.568+0000] {logging_mixin.py:149} INFO - [2026-03-03T01:17:34.568+0000] {dagbag.py:541} INFO - Filling up the DagBag from /home/airflow/.local/lib/python3.7/site-packages/airflow/example_dags/example_subdag_operator.py
[2026-03-03T01:17:34.590+0000] {processor.py:809} INFO - DAG(s) dict_keys(['example_subdag_operator.section-1', 'example_subdag_operator.section-2', 'example_subdag_operator']) retrieved from /home/airflow/.local/lib/python3.7/site-packages/airflow/example_dags/example_subdag_operator.py
[2026-03-03T01:17:34.602+0000] {logging_mixin.py:149} INFO - [2026-03-03T01:17:34.602+0000] {dag.py:2726} INFO - Sync 3 DAGs
[2026-03-03T01:17:34.614+0000] {logging_mixin.py:149} INFO - [2026-03-03T01:17:34.614+0000] {dag.py:3490} INFO - Setting next_dagrun for example_subdag_operator to 2022-01-01T00:00:00+00:00, run_after=2022-01-01T00:00:00+00:00
[2026-03-03T01:17:34.616+0000] {logging_mixin.py:149} INFO - [2026-03-03T01:17:34.616+0000] {dag.py:3490} INFO - Setting next_dagrun for example_subdag_operator.section-1 to None, run_after=None
[2026-03-03T01:17:34.616+0000] {logging_mixin.py:149} INFO - [2026-03-03T01:17:34.616+0000] {dag.py:3490} INFO - Setting next_dagrun for example_subdag_operator.section-2 to None, run_after=None
[2026-03-03T01:17:34.621+0000] {logging_mixin.py:149} INFO - [2026-03-03T01:17:34.621+0000] {dag.py:2726} INFO - Sync 2 DAGs
[2026-03-03T01:17:34.624+0000] {logging_mixin.py:149} INFO - [2026-03-03T01:17:34.624+0000] {dag.py:3490} INFO - Setting next_dagrun for example_subdag_operator.section-1 to None, run_after=None
[2026-03-03T01:17:34.624+0000] {logging_mixin.py:149} INFO - [2026-03-03T01:17:34.624+0000] {dag.py:3490} INFO - Setting next_dagrun for example_subdag_operator.section-2 to None, run_after=None
[2026-03-03T01:17:34.631+0000] {processor.py:178} INFO - Processing /home/airflow/.local/lib/python3.7/site-packages/airflow/example_dags/example_subdag_operator.py took 0.068 seconds
[2026-03-03T01:18:05.221+0000] {processor.py:156} INFO - Started process (PID=1377) to work on /home/airflow/.local/lib/python3.7/site-packages/airflow/example_dags/example_subdag_operator.py
[2026-03-03T01:18:05.222+0000] {processor.py:799} INFO - Processing file /home/airflow/.local/lib/python3.7/site-packages/airflow/example_dags/example_subdag_operator.py for tasks to queue
[2026-03-03T01:18:05.222+0000] {logging_mixin.py:149} INFO - [2026-03-03T01:18:05.222+0000] {dagbag.py:541} INFO - Filling up the DagBag from /home/airflow/.local/lib/python3.7/site-packages/airflow/example_dags/example_subdag_operator.py
[2026-03-03T01:18:05.243+0000] {processor.py:809} INFO - DAG(s) dict_keys(['example_subdag_operator.section-1', 'example_subdag_operator.section-2', 'example_subdag_operator']) retrieved from /home/airflow/.local/lib/python3.7/site-packages/airflow/example_dags/example_subdag_operator.py
[2026-03-03T01:18:05.255+0000] {logging_mixin.py:149} INFO - [2026-03-03T01:18:05.255+0000] {dag.py:2726} INFO - Sync 3 DAGs
[2026-03-03T01:18:05.269+0000] {logging_mixin.py:149} INFO - [2026-03-03T01:18:05.269+0000] {dag.py:3490} INFO - Setting next_dagrun for example_subdag_operator to 2022-01-01T00:00:00+00:00, run_after=2022-01-01T00:00:00+00:00
[2026-03-03T01:18:05.271+0000] {logging_mixin.py:149} INFO - [2026-03-03T01:18:05.271+0000] {dag.py:3490} INFO - Setting next_dagrun for example_subdag_operator.section-1 to None, run_after=None
[2026-03-03T01:18:05.272+0000] {logging_mixin.py:149} INFO - [2026-03-03T01:18:05.272+0000] {dag.py:3490} INFO - Setting next_dagrun for example_subdag_operator.section-2 to None, run_after=None
[2026-03-03T01:18:05.275+0000] {logging_mixin.py:149} INFO - [2026-03-03T01:18:05.275+0000] {dag.py:2726} INFO - Sync 2 DAGs
[2026-03-03T01:18:05.278+0000] {logging_mixin.py:149} INFO - [2026-03-03T01:18:05.278+0000] {dag.py:3490} INFO - Setting next_dagrun for example_subdag_operator.section-1 to None, run_after=None
[2026-03-03T01:18:05.278+0000] {logging_mixin.py:149} INFO - [2026-03-03T01:18:05.278+0000] {dag.py:3490} INFO - Setting next_dagrun for example_subdag_operator.section-2 to None, run_after=None
[2026-03-03T01:18:05.285+0000] {processor.py:178} INFO - Processing /home/airflow/.local/lib/python3.7/site-packages/airflow/example_dags/example_subdag_operator.py took 0.068 seconds
[2026-03-03T01:18:35.883+0000] {processor.py:156} INFO - Started process (PID=1439) to work on /home/airflow/.local/lib/python3.7/site-packages/airflow/example_dags/example_subdag_operator.py
[2026-03-03T01:18:35.885+0000] {processor.py:799} INFO - Processing file /home/airflow/.local/lib/python3.7/site-packages/airflow/example_dags/example_subdag_operator.py for tasks to queue
[2026-03-03T01:18:35.888+0000] {logging_mixin.py:149} INFO - [2026-03-03T01:18:35.887+0000] {dagbag.py:541} INFO - Filling up the DagBag from /home/airflow/.local/lib/python3.7/site-packages/airflow/example_dags/example_subdag_operator.py
[2026-03-03T01:18:35.946+0000] {processor.py:809} INFO - DAG(s) dict_keys(['example_subdag_operator.section-1', 'example_subdag_operator.section-2', 'example_subdag_operator']) retrieved from /home/airflow/.local/lib/python3.7/site-packages/airflow/example_dags/example_subdag_operator.py
[2026-03-03T01:18:35.987+0000] {logging_mixin.py:149} INFO - [2026-03-03T01:18:35.986+0000] {dag.py:2726} INFO - Sync 3 DAGs
[2026-03-03T01:18:36.053+0000] {logging_mixin.py:149} INFO - [2026-03-03T01:18:36.052+0000] {dag.py:3490} INFO - Setting next_dagrun for example_subdag_operator to 2022-01-01T00:00:00+00:00, run_after=2022-01-01T00:00:00+00:00
[2026-03-03T01:18:36.062+0000] {logging_mixin.py:149} INFO - [2026-03-03T01:18:36.062+0000] {dag.py:3490} INFO - Setting next_dagrun for example_subdag_operator.section-1 to None, run_after=None
[2026-03-03T01:18:36.067+0000] {logging_mixin.py:149} INFO - [2026-03-03T01:18:36.066+0000] {dag.py:3490} INFO - Setting next_dagrun for example_subdag_operator.section-2 to None, run_after=None
[2026-03-03T01:18:36.087+0000] {logging_mixin.py:149} INFO - [2026-03-03T01:18:36.087+0000] {dag.py:2726} INFO - Sync 2 DAGs
[2026-03-03T01:18:36.104+0000] {logging_mixin.py:149} INFO - [2026-03-03T01:18:36.103+0000] {dag.py:3490} INFO - Setting next_dagrun for example_subdag_operator.section-1 to None, run_after=None
[2026-03-03T01:18:36.105+0000] {logging_mixin.py:149} INFO - [2026-03-03T01:18:36.105+0000] {dag.py:3490} INFO - Setting next_dagrun for example_subdag_operator.section-2 to None, run_after=None
[2026-03-03T01:18:36.142+0000] {processor.py:178} INFO - Processing /home/airflow/.local/lib/python3.7/site-packages/airflow/example_dags/example_subdag_operator.py took 0.267 seconds
[2026-03-03T01:19:06.237+0000] {processor.py:156} INFO - Started process (PID=1501) to work on /home/airflow/.local/lib/python3.7/site-packages/airflow/example_dags/example_subdag_operator.py
[2026-03-03T01:19:06.239+0000] {processor.py:799} INFO - Processing file /home/airflow/.local/lib/python3.7/site-packages/airflow/example_dags/example_subdag_operator.py for tasks to queue
[2026-03-03T01:19:06.242+0000] {logging_mixin.py:149} INFO - [2026-03-03T01:19:06.241+0000] {dagbag.py:541} INFO - Filling up the DagBag from /home/airflow/.local/lib/python3.7/site-packages/airflow/example_dags/example_subdag_operator.py
[2026-03-03T01:19:06.292+0000] {processor.py:809} INFO - DAG(s) dict_keys(['example_subdag_operator.section-1', 'example_subdag_operator.section-2', 'example_subdag_operator']) retrieved from /home/airflow/.local/lib/python3.7/site-packages/airflow/example_dags/example_subdag_operator.py
[2026-03-03T01:19:06.332+0000] {logging_mixin.py:149} INFO - [2026-03-03T01:19:06.331+0000] {dag.py:2726} INFO - Sync 3 DAGs
[2026-03-03T01:19:06.382+0000] {logging_mixin.py:149} INFO - [2026-03-03T01:19:06.381+0000] {dag.py:3490} INFO - Setting next_dagrun for example_subdag_operator to 2022-01-01T00:00:00+00:00, run_after=2022-01-01T00:00:00+00:00
[2026-03-03T01:19:06.389+0000] {logging_mixin.py:149} INFO - [2026-03-03T01:19:06.389+0000] {dag.py:3490} INFO - Setting next_dagrun for example_subdag_operator.section-1 to None, run_after=None
[2026-03-03T01:19:06.395+0000] {logging_mixin.py:149} INFO - [2026-03-03T01:19:06.395+0000] {dag.py:3490} INFO - Setting next_dagrun for example_subdag_operator.section-2 to None, run_after=None
[2026-03-03T01:19:06.415+0000] {logging_mixin.py:149} INFO - [2026-03-03T01:19:06.415+0000] {dag.py:2726} INFO - Sync 2 DAGs
[2026-03-03T01:19:06.429+0000] {logging_mixin.py:149} INFO - [2026-03-03T01:19:06.429+0000] {dag.py:3490} INFO - Setting next_dagrun for example_subdag_operator.section-1 to None, run_after=None
[2026-03-03T01:19:06.430+0000] {logging_mixin.py:149} INFO - [2026-03-03T01:19:06.430+0000] {dag.py:3490} INFO - Setting next_dagrun for example_subdag_operator.section-2 to None, run_after=None
[2026-03-03T01:19:06.463+0000] {processor.py:178} INFO - Processing /home/airflow/.local/lib/python3.7/site-packages/airflow/example_dags/example_subdag_operator.py took 0.234 seconds
[2026-03-03T01:19:36.519+0000] {processor.py:156} INFO - Started process (PID=1563) to work on /home/airflow/.local/lib/python3.7/site-packages/airflow/example_dags/example_subdag_operator.py
[2026-03-03T01:19:36.521+0000] {processor.py:799} INFO - Processing file /home/airflow/.local/lib/python3.7/site-packages/airflow/example_dags/example_subdag_operator.py for tasks to queue
[2026-03-03T01:19:36.521+0000] {logging_mixin.py:149} INFO - [2026-03-03T01:19:36.521+0000] {dagbag.py:541} INFO - Filling up the DagBag from /home/airflow/.local/lib/python3.7/site-packages/airflow/example_dags/example_subdag_operator.py
[2026-03-03T01:19:36.540+0000] {processor.py:809} INFO - DAG(s) dict_keys(['example_subdag_operator.section-1', 'example_subdag_operator.section-2', 'example_subdag_operator']) retrieved from /home/airflow/.local/lib/python3.7/site-packages/airflow/example_dags/example_subdag_operator.py
[2026-03-03T01:19:36.550+0000] {logging_mixin.py:149} INFO - [2026-03-03T01:19:36.550+0000] {dag.py:2726} INFO - Sync 3 DAGs
[2026-03-03T01:19:36.563+0000] {logging_mixin.py:149} INFO - [2026-03-03T01:19:36.563+0000] {dag.py:3490} INFO - Setting next_dagrun for example_subdag_operator to 2022-01-01T00:00:00+00:00, run_after=2022-01-01T00:00:00+00:00
[2026-03-03T01:19:36.565+0000] {logging_mixin.py:149} INFO - [2026-03-03T01:19:36.565+0000] {dag.py:3490} INFO - Setting next_dagrun for example_subdag_operator.section-1 to None, run_after=None
[2026-03-03T01:19:36.565+0000] {logging_mixin.py:149} INFO - [2026-03-03T01:19:36.565+0000] {dag.py:3490} INFO - Setting next_dagrun for example_subdag_operator.section-2 to None, run_after=None
[2026-03-03T01:19:36.569+0000] {logging_mixin.py:149} INFO - [2026-03-03T01:19:36.569+0000] {dag.py:2726} INFO - Sync 2 DAGs
[2026-03-03T01:19:36.572+0000] {logging_mixin.py:149} INFO - [2026-03-03T01:19:36.572+0000] {dag.py:3490} INFO - Setting next_dagrun for example_subdag_operator.section-1 to None, run_after=None
[2026-03-03T01:19:36.572+0000] {logging_mixin.py:149} INFO - [2026-03-03T01:19:36.572+0000] {dag.py:3490} INFO - Setting next_dagrun for example_subdag_operator.section-2 to None, run_after=None
[2026-03-03T01:19:36.579+0000] {processor.py:178} INFO - Processing /home/airflow/.local/lib/python3.7/site-packages/airflow/example_dags/example_subdag_operator.py took 0.063 seconds
[2026-03-03T01:20:07.192+0000] {processor.py:156} INFO - Started process (PID=1625) to work on /home/airflow/.local/lib/python3.7/site-packages/airflow/example_dags/example_subdag_operator.py
[2026-03-03T01:20:07.193+0000] {processor.py:799} INFO - Processing file /home/airflow/.local/lib/python3.7/site-packages/airflow/example_dags/example_subdag_operator.py for tasks to queue
[2026-03-03T01:20:07.193+0000] {logging_mixin.py:149} INFO - [2026-03-03T01:20:07.193+0000] {dagbag.py:541} INFO - Filling up the DagBag from /home/airflow/.local/lib/python3.7/site-packages/airflow/example_dags/example_subdag_operator.py
[2026-03-03T01:20:07.210+0000] {processor.py:809} INFO - DAG(s) dict_keys(['example_subdag_operator.section-1', 'example_subdag_operator.section-2', 'example_subdag_operator']) retrieved from /home/airflow/.local/lib/python3.7/site-packages/airflow/example_dags/example_subdag_operator.py
[2026-03-03T01:20:07.221+0000] {logging_mixin.py:149} INFO - [2026-03-03T01:20:07.221+0000] {dag.py:2726} INFO - Sync 3 DAGs
[2026-03-03T01:20:07.234+0000] {logging_mixin.py:149} INFO - [2026-03-03T01:20:07.234+0000] {dag.py:3490} INFO - Setting next_dagrun for example_subdag_operator to 2022-01-01T00:00:00+00:00, run_after=2022-01-01T00:00:00+00:00
[2026-03-03T01:20:07.235+0000] {logging_mixin.py:149} INFO - [2026-03-03T01:20:07.235+0000] {dag.py:3490} INFO - Setting next_dagrun for example_subdag_operator.section-1 to None, run_after=None
[2026-03-03T01:20:07.236+0000] {logging_mixin.py:149} INFO - [2026-03-03T01:20:07.236+0000] {dag.py:3490} INFO - Setting next_dagrun for example_subdag_operator.section-2 to None, run_after=None
[2026-03-03T01:20:07.239+0000] {logging_mixin.py:149} INFO - [2026-03-03T01:20:07.239+0000] {dag.py:2726} INFO - Sync 2 DAGs
[2026-03-03T01:20:07.242+0000] {logging_mixin.py:149} INFO - [2026-03-03T01:20:07.242+0000] {dag.py:3490} INFO - Setting next_dagrun for example_subdag_operator.section-1 to None, run_after=None
[2026-03-03T01:20:07.242+0000] {logging_mixin.py:149} INFO - [2026-03-03T01:20:07.242+0000] {dag.py:3490} INFO - Setting next_dagrun for example_subdag_operator.section-2 to None, run_after=None
[2026-03-03T01:20:07.251+0000] {processor.py:178} INFO - Processing /home/airflow/.local/lib/python3.7/site-packages/airflow/example_dags/example_subdag_operator.py took 0.061 seconds
[2026-03-03T01:20:37.918+0000] {processor.py:156} INFO - Started process (PID=1687) to work on /home/airflow/.local/lib/python3.7/site-packages/airflow/example_dags/example_subdag_operator.py
[2026-03-03T01:20:37.920+0000] {processor.py:799} INFO - Processing file /home/airflow/.local/lib/python3.7/site-packages/airflow/example_dags/example_subdag_operator.py for tasks to queue
[2026-03-03T01:20:37.920+0000] {logging_mixin.py:149} INFO - [2026-03-03T01:20:37.920+0000] {dagbag.py:541} INFO - Filling up the DagBag from /home/airflow/.local/lib/python3.7/site-packages/airflow/example_dags/example_subdag_operator.py
[2026-03-03T01:20:37.937+0000] {processor.py:809} INFO - DAG(s) dict_keys(['example_subdag_operator.section-1', 'example_subdag_operator.section-2', 'example_subdag_operator']) retrieved from /home/airflow/.local/lib/python3.7/site-packages/airflow/example_dags/example_subdag_operator.py
[2026-03-03T01:20:37.950+0000] {logging_mixin.py:149} INFO - [2026-03-03T01:20:37.950+0000] {dag.py:2726} INFO - Sync 3 DAGs
[2026-03-03T01:20:37.963+0000] {logging_mixin.py:149} INFO - [2026-03-03T01:20:37.963+0000] {dag.py:3490} INFO - Setting next_dagrun for example_subdag_operator to 2022-01-01T00:00:00+00:00, run_after=2022-01-01T00:00:00+00:00
[2026-03-03T01:20:37.964+0000] {logging_mixin.py:149} INFO - [2026-03-03T01:20:37.964+0000] {dag.py:3490} INFO - Setting next_dagrun for example_subdag_operator.section-1 to None, run_after=None
[2026-03-03T01:20:37.965+0000] {logging_mixin.py:149} INFO - [2026-03-03T01:20:37.965+0000] {dag.py:3490} INFO - Setting next_dagrun for example_subdag_operator.section-2 to None, run_after=None
[2026-03-03T01:20:37.969+0000] {logging_mixin.py:149} INFO - [2026-03-03T01:20:37.969+0000] {dag.py:2726} INFO - Sync 2 DAGs
[2026-03-03T01:20:37.972+0000] {logging_mixin.py:149} INFO - [2026-03-03T01:20:37.972+0000] {dag.py:3490} INFO - Setting next_dagrun for example_subdag_operator.section-1 to None, run_after=None
[2026-03-03T01:20:37.973+0000] {logging_mixin.py:149} INFO - [2026-03-03T01:20:37.973+0000] {dag.py:3490} INFO - Setting next_dagrun for example_subdag_operator.section-2 to None, run_after=None
[2026-03-03T01:20:37.982+0000] {processor.py:178} INFO - Processing /home/airflow/.local/lib/python3.7/site-packages/airflow/example_dags/example_subdag_operator.py took 0.067 seconds
[2026-03-03T01:21:08.555+0000] {processor.py:156} INFO - Started process (PID=1749) to work on /home/airflow/.local/lib/python3.7/site-packages/airflow/example_dags/example_subdag_operator.py
[2026-03-03T01:21:08.556+0000] {processor.py:799} INFO - Processing file /home/airflow/.local/lib/python3.7/site-packages/airflow/example_dags/example_subdag_operator.py for tasks to queue
[2026-03-03T01:21:08.557+0000] {logging_mixin.py:149} INFO - [2026-03-03T01:21:08.557+0000] {dagbag.py:541} INFO - Filling up the DagBag from /home/airflow/.local/lib/python3.7/site-packages/airflow/example_dags/example_subdag_operator.py
[2026-03-03T01:21:08.578+0000] {processor.py:809} INFO - DAG(s) dict_keys(['example_subdag_operator.section-1', 'example_subdag_operator.section-2', 'example_subdag_operator']) retrieved from /home/airflow/.local/lib/python3.7/site-packages/airflow/example_dags/example_subdag_operator.py
[2026-03-03T01:21:08.589+0000] {logging_mixin.py:149} INFO - [2026-03-03T01:21:08.589+0000] {dag.py:2726} INFO - Sync 3 DAGs
[2026-03-03T01:21:08.603+0000] {logging_mixin.py:149} INFO - [2026-03-03T01:21:08.603+0000] {dag.py:3490} INFO - Setting next_dagrun for example_subdag_operator to 2022-01-01T00:00:00+00:00, run_after=2022-01-01T00:00:00+00:00
[2026-03-03T01:21:08.605+0000] {logging_mixin.py:149} INFO - [2026-03-03T01:21:08.605+0000] {dag.py:3490} INFO - Setting next_dagrun for example_subdag_operator.section-1 to None, run_after=None
[2026-03-03T01:21:08.606+0000] {logging_mixin.py:149} INFO - [2026-03-03T01:21:08.606+0000] {dag.py:3490} INFO - Setting next_dagrun for example_subdag_operator.section-2 to None, run_after=None
[2026-03-03T01:21:08.610+0000] {logging_mixin.py:149} INFO - [2026-03-03T01:21:08.610+0000] {dag.py:2726} INFO - Sync 2 DAGs
[2026-03-03T01:21:08.612+0000] {logging_mixin.py:149} INFO - [2026-03-03T01:21:08.612+0000] {dag.py:3490} INFO - Setting next_dagrun for example_subdag_operator.section-1 to None, run_after=None
[2026-03-03T01:21:08.613+0000] {logging_mixin.py:149} INFO - [2026-03-03T01:21:08.613+0000] {dag.py:3490} INFO - Setting next_dagrun for example_subdag_operator.section-2 to None, run_after=None
[2026-03-03T01:21:08.623+0000] {processor.py:178} INFO - Processing /home/airflow/.local/lib/python3.7/site-packages/airflow/example_dags/example_subdag_operator.py took 0.073 seconds
[2026-03-03T01:21:39.888+0000] {processor.py:156} INFO - Started process (PID=1811) to work on /home/airflow/.local/lib/python3.7/site-packages/airflow/example_dags/example_subdag_operator.py
[2026-03-03T01:21:39.891+0000] {processor.py:799} INFO - Processing file /home/airflow/.local/lib/python3.7/site-packages/airflow/example_dags/example_subdag_operator.py for tasks to queue
[2026-03-03T01:21:39.897+0000] {logging_mixin.py:149} INFO - [2026-03-03T01:21:39.894+0000] {dagbag.py:541} INFO - Filling up the DagBag from /home/airflow/.local/lib/python3.7/site-packages/airflow/example_dags/example_subdag_operator.py
[2026-03-03T01:21:39.996+0000] {processor.py:809} INFO - DAG(s) dict_keys(['example_subdag_operator.section-1', 'example_subdag_operator.section-2', 'example_subdag_operator']) retrieved from /home/airflow/.local/lib/python3.7/site-packages/airflow/example_dags/example_subdag_operator.py
[2026-03-03T01:21:40.056+0000] {logging_mixin.py:149} INFO - [2026-03-03T01:21:40.056+0000] {dag.py:2726} INFO - Sync 3 DAGs
[2026-03-03T01:21:40.148+0000] {logging_mixin.py:149} INFO - [2026-03-03T01:21:40.148+0000] {dag.py:3490} INFO - Setting next_dagrun for example_subdag_operator to 2022-01-01T00:00:00+00:00, run_after=2022-01-01T00:00:00+00:00
[2026-03-03T01:21:40.161+0000] {logging_mixin.py:149} INFO - [2026-03-03T01:21:40.160+0000] {dag.py:3490} INFO - Setting next_dagrun for example_subdag_operator.section-1 to None, run_after=None
[2026-03-03T01:21:40.165+0000] {logging_mixin.py:149} INFO - [2026-03-03T01:21:40.165+0000] {dag.py:3490} INFO - Setting next_dagrun for example_subdag_operator.section-2 to None, run_after=None
[2026-03-03T01:21:40.187+0000] {logging_mixin.py:149} INFO - [2026-03-03T01:21:40.187+0000] {dag.py:2726} INFO - Sync 2 DAGs
[2026-03-03T01:21:40.206+0000] {logging_mixin.py:149} INFO - [2026-03-03T01:21:40.205+0000] {dag.py:3490} INFO - Setting next_dagrun for example_subdag_operator.section-1 to None, run_after=None
[2026-03-03T01:21:40.207+0000] {logging_mixin.py:149} INFO - [2026-03-03T01:21:40.206+0000] {dag.py:3490} INFO - Setting next_dagrun for example_subdag_operator.section-2 to None, run_after=None
[2026-03-03T01:21:40.247+0000] {processor.py:178} INFO - Processing /home/airflow/.local/lib/python3.7/site-packages/airflow/example_dags/example_subdag_operator.py took 0.369 seconds
[2026-03-03T01:22:10.960+0000] {processor.py:156} INFO - Started process (PID=1872) to work on /home/airflow/.local/lib/python3.7/site-packages/airflow/example_dags/example_subdag_operator.py
[2026-03-03T01:22:10.962+0000] {processor.py:799} INFO - Processing file /home/airflow/.local/lib/python3.7/site-packages/airflow/example_dags/example_subdag_operator.py for tasks to queue
[2026-03-03T01:22:10.964+0000] {logging_mixin.py:149} INFO - [2026-03-03T01:22:10.964+0000] {dagbag.py:541} INFO - Filling up the DagBag from /home/airflow/.local/lib/python3.7/site-packages/airflow/example_dags/example_subdag_operator.py
[2026-03-03T01:22:11.037+0000] {processor.py:809} INFO - DAG(s) dict_keys(['example_subdag_operator.section-1', 'example_subdag_operator.section-2', 'example_subdag_operator']) retrieved from /home/airflow/.local/lib/python3.7/site-packages/airflow/example_dags/example_subdag_operator.py
[2026-03-03T01:22:11.081+0000] {logging_mixin.py:149} INFO - [2026-03-03T01:22:11.080+0000] {dag.py:2726} INFO - Sync 3 DAGs
[2026-03-03T01:22:11.149+0000] {logging_mixin.py:149} INFO - [2026-03-03T01:22:11.148+0000] {dag.py:3490} INFO - Setting next_dagrun for example_subdag_operator to 2022-01-01T00:00:00+00:00, run_after=2022-01-01T00:00:00+00:00
[2026-03-03T01:22:11.165+0000] {logging_mixin.py:149} INFO - [2026-03-03T01:22:11.164+0000] {dag.py:3490} INFO - Setting next_dagrun for example_subdag_operator.section-1 to None, run_after=None
[2026-03-03T01:22:11.169+0000] {logging_mixin.py:149} INFO - [2026-03-03T01:22:11.168+0000] {dag.py:3490} INFO - Setting next_dagrun for example_subdag_operator.section-2 to None, run_after=None
[2026-03-03T01:22:11.195+0000] {logging_mixin.py:149} INFO - [2026-03-03T01:22:11.194+0000] {dag.py:2726} INFO - Sync 2 DAGs
[2026-03-03T01:22:11.218+0000] {logging_mixin.py:149} INFO - [2026-03-03T01:22:11.217+0000] {dag.py:3490} INFO - Setting next_dagrun for example_subdag_operator.section-1 to None, run_after=None
[2026-03-03T01:22:11.219+0000] {logging_mixin.py:149} INFO - [2026-03-03T01:22:11.219+0000] {dag.py:3490} INFO - Setting next_dagrun for example_subdag_operator.section-2 to None, run_after=None
[2026-03-03T01:22:11.254+0000] {processor.py:178} INFO - Processing /home/airflow/.local/lib/python3.7/site-packages/airflow/example_dags/example_subdag_operator.py took 0.302 seconds
[2026-03-03T01:22:41.549+0000] {processor.py:156} INFO - Started process (PID=1934) to work on /home/airflow/.local/lib/python3.7/site-packages/airflow/example_dags/example_subdag_operator.py
[2026-03-03T01:22:41.552+0000] {processor.py:799} INFO - Processing file /home/airflow/.local/lib/python3.7/site-packages/airflow/example_dags/example_subdag_operator.py for tasks to queue
[2026-03-03T01:22:41.555+0000] {logging_mixin.py:149} INFO - [2026-03-03T01:22:41.554+0000] {dagbag.py:541} INFO - Filling up the DagBag from /home/airflow/.local/lib/python3.7/site-packages/airflow/example_dags/example_subdag_operator.py
[2026-03-03T01:22:41.641+0000] {processor.py:809} INFO - DAG(s) dict_keys(['example_subdag_operator.section-1', 'example_subdag_operator.section-2', 'example_subdag_operator']) retrieved from /home/airflow/.local/lib/python3.7/site-packages/airflow/example_dags/example_subdag_operator.py
[2026-03-03T01:22:41.699+0000] {logging_mixin.py:149} INFO - [2026-03-03T01:22:41.698+0000] {dag.py:2726} INFO - Sync 3 DAGs
[2026-03-03T01:22:41.792+0000] {logging_mixin.py:149} INFO - [2026-03-03T01:22:41.791+0000] {dag.py:3490} INFO - Setting next_dagrun for example_subdag_operator to 2022-01-01T00:00:00+00:00, run_after=2022-01-01T00:00:00+00:00
[2026-03-03T01:22:41.807+0000] {logging_mixin.py:149} INFO - [2026-03-03T01:22:41.806+0000] {dag.py:3490} INFO - Setting next_dagrun for example_subdag_operator.section-1 to None, run_after=None
[2026-03-03T01:22:41.812+0000] {logging_mixin.py:149} INFO - [2026-03-03T01:22:41.811+0000] {dag.py:3490} INFO - Setting next_dagrun for example_subdag_operator.section-2 to None, run_after=None
[2026-03-03T01:22:41.844+0000] {logging_mixin.py:149} INFO - [2026-03-03T01:22:41.843+0000] {dag.py:2726} INFO - Sync 2 DAGs
[2026-03-03T01:22:41.877+0000] {logging_mixin.py:149} INFO - [2026-03-03T01:22:41.876+0000] {dag.py:3490} INFO - Setting next_dagrun for example_subdag_operator.section-1 to None, run_after=None
[2026-03-03T01:22:41.882+0000] {logging_mixin.py:149} INFO - [2026-03-03T01:22:41.881+0000] {dag.py:3490} INFO - Setting next_dagrun for example_subdag_operator.section-2 to None, run_after=None
[2026-03-03T01:22:41.927+0000] {processor.py:178} INFO - Processing /home/airflow/.local/lib/python3.7/site-packages/airflow/example_dags/example_subdag_operator.py took 0.385 seconds
[2026-03-03T01:23:12.082+0000] {processor.py:156} INFO - Started process (PID=1996) to work on /home/airflow/.local/lib/python3.7/site-packages/airflow/example_dags/example_subdag_operator.py
[2026-03-03T01:23:12.087+0000] {processor.py:799} INFO - Processing file /home/airflow/.local/lib/python3.7/site-packages/airflow/example_dags/example_subdag_operator.py for tasks to queue
[2026-03-03T01:23:12.089+0000] {logging_mixin.py:149} INFO - [2026-03-03T01:23:12.088+0000] {dagbag.py:541} INFO - Filling up the DagBag from /home/airflow/.local/lib/python3.7/site-packages/airflow/example_dags/example_subdag_operator.py
[2026-03-03T01:23:12.156+0000] {processor.py:809} INFO - DAG(s) dict_keys(['example_subdag_operator.section-1', 'example_subdag_operator.section-2', 'example_subdag_operator']) retrieved from /home/airflow/.local/lib/python3.7/site-packages/airflow/example_dags/example_subdag_operator.py
[2026-03-03T01:23:12.214+0000] {logging_mixin.py:149} INFO - [2026-03-03T01:23:12.214+0000] {dag.py:2726} INFO - Sync 3 DAGs
[2026-03-03T01:23:12.284+0000] {logging_mixin.py:149} INFO - [2026-03-03T01:23:12.284+0000] {dag.py:3490} INFO - Setting next_dagrun for example_subdag_operator to 2022-01-01T00:00:00+00:00, run_after=2022-01-01T00:00:00+00:00
[2026-03-03T01:23:12.293+0000] {logging_mixin.py:149} INFO - [2026-03-03T01:23:12.292+0000] {dag.py:3490} INFO - Setting next_dagrun for example_subdag_operator.section-1 to None, run_after=None
[2026-03-03T01:23:12.296+0000] {logging_mixin.py:149} INFO - [2026-03-03T01:23:12.296+0000] {dag.py:3490} INFO - Setting next_dagrun for example_subdag_operator.section-2 to None, run_after=None
[2026-03-03T01:23:12.315+0000] {logging_mixin.py:149} INFO - [2026-03-03T01:23:12.315+0000] {dag.py:2726} INFO - Sync 2 DAGs
[2026-03-03T01:23:12.339+0000] {logging_mixin.py:149} INFO - [2026-03-03T01:23:12.338+0000] {dag.py:3490} INFO - Setting next_dagrun for example_subdag_operator.section-1 to None, run_after=None
[2026-03-03T01:23:12.341+0000] {logging_mixin.py:149} INFO - [2026-03-03T01:23:12.341+0000] {dag.py:3490} INFO - Setting next_dagrun for example_subdag_operator.section-2 to None, run_after=None
[2026-03-03T01:23:12.376+0000] {processor.py:178} INFO - Processing /home/airflow/.local/lib/python3.7/site-packages/airflow/example_dags/example_subdag_operator.py took 0.304 seconds
[2026-03-03T01:23:43.281+0000] {processor.py:156} INFO - Started process (PID=2058) to work on /home/airflow/.local/lib/python3.7/site-packages/airflow/example_dags/example_subdag_operator.py
[2026-03-03T01:23:43.286+0000] {processor.py:799} INFO - Processing file /home/airflow/.local/lib/python3.7/site-packages/airflow/example_dags/example_subdag_operator.py for tasks to queue
[2026-03-03T01:23:43.290+0000] {logging_mixin.py:149} INFO - [2026-03-03T01:23:43.289+0000] {dagbag.py:541} INFO - Filling up the DagBag from /home/airflow/.local/lib/python3.7/site-packages/airflow/example_dags/example_subdag_operator.py
[2026-03-03T01:23:43.366+0000] {processor.py:809} INFO - DAG(s) dict_keys(['example_subdag_operator.section-1', 'example_subdag_operator.section-2', 'example_subdag_operator']) retrieved from /home/airflow/.local/lib/python3.7/site-packages/airflow/example_dags/example_subdag_operator.py
[2026-03-03T01:23:43.417+0000] {logging_mixin.py:149} INFO - [2026-03-03T01:23:43.417+0000] {dag.py:2726} INFO - Sync 3 DAGs
[2026-03-03T01:23:43.484+0000] {logging_mixin.py:149} INFO - [2026-03-03T01:23:43.483+0000] {dag.py:3490} INFO - Setting next_dagrun for example_subdag_operator to 2022-01-01T00:00:00+00:00, run_after=2022-01-01T00:00:00+00:00
[2026-03-03T01:23:43.497+0000] {logging_mixin.py:149} INFO - [2026-03-03T01:23:43.496+0000] {dag.py:3490} INFO - Setting next_dagrun for example_subdag_operator.section-1 to None, run_after=None
[2026-03-03T01:23:43.501+0000] {logging_mixin.py:149} INFO - [2026-03-03T01:23:43.500+0000] {dag.py:3490} INFO - Setting next_dagrun for example_subdag_operator.section-2 to None, run_after=None
[2026-03-03T01:23:43.524+0000] {logging_mixin.py:149} INFO - [2026-03-03T01:23:43.524+0000] {dag.py:2726} INFO - Sync 2 DAGs
[2026-03-03T01:23:43.549+0000] {logging_mixin.py:149} INFO - [2026-03-03T01:23:43.548+0000] {dag.py:3490} INFO - Setting next_dagrun for example_subdag_operator.section-1 to None, run_after=None
[2026-03-03T01:23:43.550+0000] {logging_mixin.py:149} INFO - [2026-03-03T01:23:43.550+0000] {dag.py:3490} INFO - Setting next_dagrun for example_subdag_operator.section-2 to None, run_after=None
[2026-03-03T01:23:43.593+0000] {processor.py:178} INFO - Processing /home/airflow/.local/lib/python3.7/site-packages/airflow/example_dags/example_subdag_operator.py took 0.322 seconds
[2026-03-03T01:24:14.531+0000] {processor.py:156} INFO - Started process (PID=2127) to work on /home/airflow/.local/lib/python3.7/site-packages/airflow/example_dags/example_subdag_operator.py
[2026-03-03T01:24:14.533+0000] {processor.py:799} INFO - Processing file /home/airflow/.local/lib/python3.7/site-packages/airflow/example_dags/example_subdag_operator.py for tasks to queue
[2026-03-03T01:24:14.535+0000] {logging_mixin.py:149} INFO - [2026-03-03T01:24:14.535+0000] {dagbag.py:541} INFO - Filling up the DagBag from /home/airflow/.local/lib/python3.7/site-packages/airflow/example_dags/example_subdag_operator.py
[2026-03-03T01:24:14.563+0000] {processor.py:809} INFO - DAG(s) dict_keys(['example_subdag_operator.section-1', 'example_subdag_operator.section-2', 'example_subdag_operator']) retrieved from /home/airflow/.local/lib/python3.7/site-packages/airflow/example_dags/example_subdag_operator.py
[2026-03-03T01:24:14.579+0000] {logging_mixin.py:149} INFO - [2026-03-03T01:24:14.579+0000] {dag.py:2726} INFO - Sync 3 DAGs
[2026-03-03T01:24:14.596+0000] {logging_mixin.py:149} INFO - [2026-03-03T01:24:14.596+0000] {dag.py:3490} INFO - Setting next_dagrun for example_subdag_operator to 2022-01-01T00:00:00+00:00, run_after=2022-01-01T00:00:00+00:00
[2026-03-03T01:24:14.599+0000] {logging_mixin.py:149} INFO - [2026-03-03T01:24:14.599+0000] {dag.py:3490} INFO - Setting next_dagrun for example_subdag_operator.section-1 to None, run_after=None
[2026-03-03T01:24:14.600+0000] {logging_mixin.py:149} INFO - [2026-03-03T01:24:14.600+0000] {dag.py:3490} INFO - Setting next_dagrun for example_subdag_operator.section-2 to None, run_after=None
[2026-03-03T01:24:14.609+0000] {logging_mixin.py:149} INFO - [2026-03-03T01:24:14.609+0000] {dag.py:2726} INFO - Sync 2 DAGs
[2026-03-03T01:24:14.613+0000] {logging_mixin.py:149} INFO - [2026-03-03T01:24:14.613+0000] {dag.py:3490} INFO - Setting next_dagrun for example_subdag_operator.section-1 to None, run_after=None
[2026-03-03T01:24:14.614+0000] {logging_mixin.py:149} INFO - [2026-03-03T01:24:14.614+0000] {dag.py:3490} INFO - Setting next_dagrun for example_subdag_operator.section-2 to None, run_after=None
[2026-03-03T01:24:14.623+0000] {processor.py:178} INFO - Processing /home/airflow/.local/lib/python3.7/site-packages/airflow/example_dags/example_subdag_operator.py took 0.096 seconds
[2026-03-03T01:24:45.454+0000] {processor.py:156} INFO - Started process (PID=2189) to work on /home/airflow/.local/lib/python3.7/site-packages/airflow/example_dags/example_subdag_operator.py
[2026-03-03T01:24:45.455+0000] {processor.py:799} INFO - Processing file /home/airflow/.local/lib/python3.7/site-packages/airflow/example_dags/example_subdag_operator.py for tasks to queue
[2026-03-03T01:24:45.456+0000] {logging_mixin.py:149} INFO - [2026-03-03T01:24:45.456+0000] {dagbag.py:541} INFO - Filling up the DagBag from /home/airflow/.local/lib/python3.7/site-packages/airflow/example_dags/example_subdag_operator.py
[2026-03-03T01:24:45.485+0000] {processor.py:809} INFO - DAG(s) dict_keys(['example_subdag_operator.section-1', 'example_subdag_operator.section-2', 'example_subdag_operator']) retrieved from /home/airflow/.local/lib/python3.7/site-packages/airflow/example_dags/example_subdag_operator.py
[2026-03-03T01:24:45.501+0000] {logging_mixin.py:149} INFO - [2026-03-03T01:24:45.501+0000] {dag.py:2726} INFO - Sync 3 DAGs
[2026-03-03T01:24:45.517+0000] {logging_mixin.py:149} INFO - [2026-03-03T01:24:45.517+0000] {dag.py:3490} INFO - Setting next_dagrun for example_subdag_operator to 2022-01-01T00:00:00+00:00, run_after=2022-01-01T00:00:00+00:00
[2026-03-03T01:24:45.519+0000] {logging_mixin.py:149} INFO - [2026-03-03T01:24:45.519+0000] {dag.py:3490} INFO - Setting next_dagrun for example_subdag_operator.section-1 to None, run_after=None
[2026-03-03T01:24:45.519+0000] {logging_mixin.py:149} INFO - [2026-03-03T01:24:45.519+0000] {dag.py:3490} INFO - Setting next_dagrun for example_subdag_operator.section-2 to None, run_after=None
[2026-03-03T01:24:45.522+0000] {logging_mixin.py:149} INFO - [2026-03-03T01:24:45.522+0000] {dag.py:2726} INFO - Sync 2 DAGs
[2026-03-03T01:24:45.525+0000] {logging_mixin.py:149} INFO - [2026-03-03T01:24:45.525+0000] {dag.py:3490} INFO - Setting next_dagrun for example_subdag_operator.section-1 to None, run_after=None
[2026-03-03T01:24:45.526+0000] {logging_mixin.py:149} INFO - [2026-03-03T01:24:45.526+0000] {dag.py:3490} INFO - Setting next_dagrun for example_subdag_operator.section-2 to None, run_after=None
[2026-03-03T01:24:45.534+0000] {processor.py:178} INFO - Processing /home/airflow/.local/lib/python3.7/site-packages/airflow/example_dags/example_subdag_operator.py took 0.086 seconds
[2026-03-03T01:25:15.993+0000] {processor.py:156} INFO - Started process (PID=2251) to work on /home/airflow/.local/lib/python3.7/site-packages/airflow/example_dags/example_subdag_operator.py
[2026-03-03T01:25:15.995+0000] {processor.py:799} INFO - Processing file /home/airflow/.local/lib/python3.7/site-packages/airflow/example_dags/example_subdag_operator.py for tasks to queue
[2026-03-03T01:25:15.997+0000] {logging_mixin.py:149} INFO - [2026-03-03T01:25:15.996+0000] {dagbag.py:541} INFO - Filling up the DagBag from /home/airflow/.local/lib/python3.7/site-packages/airflow/example_dags/example_subdag_operator.py
[2026-03-03T01:25:16.058+0000] {processor.py:809} INFO - DAG(s) dict_keys(['example_subdag_operator.section-1', 'example_subdag_operator.section-2', 'example_subdag_operator']) retrieved from /home/airflow/.local/lib/python3.7/site-packages/airflow/example_dags/example_subdag_operator.py
[2026-03-03T01:25:16.104+0000] {logging_mixin.py:149} INFO - [2026-03-03T01:25:16.104+0000] {dag.py:2726} INFO - Sync 3 DAGs
[2026-03-03T01:25:16.165+0000] {logging_mixin.py:149} INFO - [2026-03-03T01:25:16.165+0000] {dag.py:3490} INFO - Setting next_dagrun for example_subdag_operator to 2022-01-01T00:00:00+00:00, run_after=2022-01-01T00:00:00+00:00
[2026-03-03T01:25:16.175+0000] {logging_mixin.py:149} INFO - [2026-03-03T01:25:16.175+0000] {dag.py:3490} INFO - Setting next_dagrun for example_subdag_operator.section-1 to None, run_after=None
[2026-03-03T01:25:16.178+0000] {logging_mixin.py:149} INFO - [2026-03-03T01:25:16.178+0000] {dag.py:3490} INFO - Setting next_dagrun for example_subdag_operator.section-2 to None, run_after=None
[2026-03-03T01:25:16.198+0000] {logging_mixin.py:149} INFO - [2026-03-03T01:25:16.198+0000] {dag.py:2726} INFO - Sync 2 DAGs
[2026-03-03T01:25:16.221+0000] {logging_mixin.py:149} INFO - [2026-03-03T01:25:16.220+0000] {dag.py:3490} INFO - Setting next_dagrun for example_subdag_operator.section-1 to None, run_after=None
[2026-03-03T01:25:16.222+0000] {logging_mixin.py:149} INFO - [2026-03-03T01:25:16.222+0000] {dag.py:3490} INFO - Setting next_dagrun for example_subdag_operator.section-2 to None, run_after=None
[2026-03-03T01:25:16.253+0000] {processor.py:178} INFO - Processing /home/airflow/.local/lib/python3.7/site-packages/airflow/example_dags/example_subdag_operator.py took 0.267 seconds
[2026-03-03T01:25:46.579+0000] {processor.py:156} INFO - Started process (PID=2313) to work on /home/airflow/.local/lib/python3.7/site-packages/airflow/example_dags/example_subdag_operator.py
[2026-03-03T01:25:46.582+0000] {processor.py:799} INFO - Processing file /home/airflow/.local/lib/python3.7/site-packages/airflow/example_dags/example_subdag_operator.py for tasks to queue
[2026-03-03T01:25:46.583+0000] {logging_mixin.py:149} INFO - [2026-03-03T01:25:46.583+0000] {dagbag.py:541} INFO - Filling up the DagBag from /home/airflow/.local/lib/python3.7/site-packages/airflow/example_dags/example_subdag_operator.py
[2026-03-03T01:25:46.647+0000] {processor.py:809} INFO - DAG(s) dict_keys(['example_subdag_operator.section-1', 'example_subdag_operator.section-2', 'example_subdag_operator']) retrieved from /home/airflow/.local/lib/python3.7/site-packages/airflow/example_dags/example_subdag_operator.py
[2026-03-03T01:25:46.703+0000] {logging_mixin.py:149} INFO - [2026-03-03T01:25:46.702+0000] {dag.py:2726} INFO - Sync 3 DAGs
[2026-03-03T01:25:46.775+0000] {logging_mixin.py:149} INFO - [2026-03-03T01:25:46.775+0000] {dag.py:3490} INFO - Setting next_dagrun for example_subdag_operator to 2022-01-01T00:00:00+00:00, run_after=2022-01-01T00:00:00+00:00
[2026-03-03T01:25:46.784+0000] {logging_mixin.py:149} INFO - [2026-03-03T01:25:46.784+0000] {dag.py:3490} INFO - Setting next_dagrun for example_subdag_operator.section-1 to None, run_after=None
[2026-03-03T01:25:46.792+0000] {logging_mixin.py:149} INFO - [2026-03-03T01:25:46.792+0000] {dag.py:3490} INFO - Setting next_dagrun for example_subdag_operator.section-2 to None, run_after=None
[2026-03-03T01:25:46.814+0000] {logging_mixin.py:149} INFO - [2026-03-03T01:25:46.814+0000] {dag.py:2726} INFO - Sync 2 DAGs
[2026-03-03T01:25:46.838+0000] {logging_mixin.py:149} INFO - [2026-03-03T01:25:46.837+0000] {dag.py:3490} INFO - Setting next_dagrun for example_subdag_operator.section-1 to None, run_after=None
[2026-03-03T01:25:46.839+0000] {logging_mixin.py:149} INFO - [2026-03-03T01:25:46.839+0000] {dag.py:3490} INFO - Setting next_dagrun for example_subdag_operator.section-2 to None, run_after=None
[2026-03-03T01:25:46.877+0000] {processor.py:178} INFO - Processing /home/airflow/.local/lib/python3.7/site-packages/airflow/example_dags/example_subdag_operator.py took 0.305 seconds
[2026-03-03T01:26:17.821+0000] {processor.py:156} INFO - Started process (PID=2375) to work on /home/airflow/.local/lib/python3.7/site-packages/airflow/example_dags/example_subdag_operator.py
[2026-03-03T01:26:17.825+0000] {processor.py:799} INFO - Processing file /home/airflow/.local/lib/python3.7/site-packages/airflow/example_dags/example_subdag_operator.py for tasks to queue
[2026-03-03T01:26:17.827+0000] {logging_mixin.py:149} INFO - [2026-03-03T01:26:17.826+0000] {dagbag.py:541} INFO - Filling up the DagBag from /home/airflow/.local/lib/python3.7/site-packages/airflow/example_dags/example_subdag_operator.py
[2026-03-03T01:26:17.899+0000] {processor.py:809} INFO - DAG(s) dict_keys(['example_subdag_operator.section-1', 'example_subdag_operator.section-2', 'example_subdag_operator']) retrieved from /home/airflow/.local/lib/python3.7/site-packages/airflow/example_dags/example_subdag_operator.py
[2026-03-03T01:26:17.951+0000] {logging_mixin.py:149} INFO - [2026-03-03T01:26:17.951+0000] {dag.py:2726} INFO - Sync 3 DAGs
[2026-03-03T01:26:18.030+0000] {logging_mixin.py:149} INFO - [2026-03-03T01:26:18.030+0000] {dag.py:3490} INFO - Setting next_dagrun for example_subdag_operator to 2022-01-01T00:00:00+00:00, run_after=2022-01-01T00:00:00+00:00
[2026-03-03T01:26:18.045+0000] {logging_mixin.py:149} INFO - [2026-03-03T01:26:18.045+0000] {dag.py:3490} INFO - Setting next_dagrun for example_subdag_operator.section-1 to None, run_after=None
[2026-03-03T01:26:18.050+0000] {logging_mixin.py:149} INFO - [2026-03-03T01:26:18.049+0000] {dag.py:3490} INFO - Setting next_dagrun for example_subdag_operator.section-2 to None, run_after=None
[2026-03-03T01:26:18.077+0000] {logging_mixin.py:149} INFO - [2026-03-03T01:26:18.076+0000] {dag.py:2726} INFO - Sync 2 DAGs
[2026-03-03T01:26:18.095+0000] {logging_mixin.py:149} INFO - [2026-03-03T01:26:18.094+0000] {dag.py:3490} INFO - Setting next_dagrun for example_subdag_operator.section-1 to None, run_after=None
[2026-03-03T01:26:18.096+0000] {logging_mixin.py:149} INFO - [2026-03-03T01:26:18.096+0000] {dag.py:3490} INFO - Setting next_dagrun for example_subdag_operator.section-2 to None, run_after=None
[2026-03-03T01:26:18.133+0000] {processor.py:178} INFO - Processing /home/airflow/.local/lib/python3.7/site-packages/airflow/example_dags/example_subdag_operator.py took 0.319 seconds
[2026-03-03T01:26:48.483+0000] {processor.py:156} INFO - Started process (PID=2436) to work on /home/airflow/.local/lib/python3.7/site-packages/airflow/example_dags/example_subdag_operator.py
[2026-03-03T01:26:48.484+0000] {processor.py:799} INFO - Processing file /home/airflow/.local/lib/python3.7/site-packages/airflow/example_dags/example_subdag_operator.py for tasks to queue
[2026-03-03T01:26:48.485+0000] {logging_mixin.py:149} INFO - [2026-03-03T01:26:48.485+0000] {dagbag.py:541} INFO - Filling up the DagBag from /home/airflow/.local/lib/python3.7/site-packages/airflow/example_dags/example_subdag_operator.py
[2026-03-03T01:26:48.509+0000] {processor.py:809} INFO - DAG(s) dict_keys(['example_subdag_operator.section-1', 'example_subdag_operator.section-2', 'example_subdag_operator']) retrieved from /home/airflow/.local/lib/python3.7/site-packages/airflow/example_dags/example_subdag_operator.py
[2026-03-03T01:26:48.525+0000] {logging_mixin.py:149} INFO - [2026-03-03T01:26:48.524+0000] {dag.py:2726} INFO - Sync 3 DAGs
[2026-03-03T01:26:48.537+0000] {logging_mixin.py:149} INFO - [2026-03-03T01:26:48.537+0000] {dag.py:3490} INFO - Setting next_dagrun for example_subdag_operator to 2022-01-01T00:00:00+00:00, run_after=2022-01-01T00:00:00+00:00
[2026-03-03T01:26:48.542+0000] {logging_mixin.py:149} INFO - [2026-03-03T01:26:48.541+0000] {dag.py:3490} INFO - Setting next_dagrun for example_subdag_operator.section-1 to None, run_after=None
[2026-03-03T01:26:48.544+0000] {logging_mixin.py:149} INFO - [2026-03-03T01:26:48.543+0000] {dag.py:3490} INFO - Setting next_dagrun for example_subdag_operator.section-2 to None, run_after=None
[2026-03-03T01:26:48.548+0000] {logging_mixin.py:149} INFO - [2026-03-03T01:26:48.548+0000] {dag.py:2726} INFO - Sync 2 DAGs
[2026-03-03T01:26:48.551+0000] {logging_mixin.py:149} INFO - [2026-03-03T01:26:48.551+0000] {dag.py:3490} INFO - Setting next_dagrun for example_subdag_operator.section-1 to None, run_after=None
[2026-03-03T01:26:48.552+0000] {logging_mixin.py:149} INFO - [2026-03-03T01:26:48.552+0000] {dag.py:3490} INFO - Setting next_dagrun for example_subdag_operator.section-2 to None, run_after=None
[2026-03-03T01:26:48.560+0000] {processor.py:178} INFO - Processing /home/airflow/.local/lib/python3.7/site-packages/airflow/example_dags/example_subdag_operator.py took 0.082 seconds
[2026-03-03T01:27:19.289+0000] {processor.py:156} INFO - Started process (PID=2498) to work on /home/airflow/.local/lib/python3.7/site-packages/airflow/example_dags/example_subdag_operator.py
[2026-03-03T01:27:19.290+0000] {processor.py:799} INFO - Processing file /home/airflow/.local/lib/python3.7/site-packages/airflow/example_dags/example_subdag_operator.py for tasks to queue
[2026-03-03T01:27:19.291+0000] {logging_mixin.py:149} INFO - [2026-03-03T01:27:19.291+0000] {dagbag.py:541} INFO - Filling up the DagBag from /home/airflow/.local/lib/python3.7/site-packages/airflow/example_dags/example_subdag_operator.py
[2026-03-03T01:27:19.309+0000] {processor.py:809} INFO - DAG(s) dict_keys(['example_subdag_operator.section-1', 'example_subdag_operator.section-2', 'example_subdag_operator']) retrieved from /home/airflow/.local/lib/python3.7/site-packages/airflow/example_dags/example_subdag_operator.py
[2026-03-03T01:27:19.324+0000] {logging_mixin.py:149} INFO - [2026-03-03T01:27:19.323+0000] {dag.py:2726} INFO - Sync 3 DAGs
[2026-03-03T01:27:19.338+0000] {logging_mixin.py:149} INFO - [2026-03-03T01:27:19.338+0000] {dag.py:3490} INFO - Setting next_dagrun for example_subdag_operator to 2022-01-01T00:00:00+00:00, run_after=2022-01-01T00:00:00+00:00
[2026-03-03T01:27:19.341+0000] {logging_mixin.py:149} INFO - [2026-03-03T01:27:19.341+0000] {dag.py:3490} INFO - Setting next_dagrun for example_subdag_operator.section-1 to None, run_after=None
[2026-03-03T01:27:19.342+0000] {logging_mixin.py:149} INFO - [2026-03-03T01:27:19.342+0000] {dag.py:3490} INFO - Setting next_dagrun for example_subdag_operator.section-2 to None, run_after=None
[2026-03-03T01:27:19.346+0000] {logging_mixin.py:149} INFO - [2026-03-03T01:27:19.346+0000] {dag.py:2726} INFO - Sync 2 DAGs
[2026-03-03T01:27:19.350+0000] {logging_mixin.py:149} INFO - [2026-03-03T01:27:19.350+0000] {dag.py:3490} INFO - Setting next_dagrun for example_subdag_operator.section-1 to None, run_after=None
[2026-03-03T01:27:19.350+0000] {logging_mixin.py:149} INFO - [2026-03-03T01:27:19.350+0000] {dag.py:3490} INFO - Setting next_dagrun for example_subdag_operator.section-2 to None, run_after=None
[2026-03-03T01:27:19.360+0000] {processor.py:178} INFO - Processing /home/airflow/.local/lib/python3.7/site-packages/airflow/example_dags/example_subdag_operator.py took 0.074 seconds
[2026-03-03T01:27:49.778+0000] {processor.py:156} INFO - Started process (PID=2560) to work on /home/airflow/.local/lib/python3.7/site-packages/airflow/example_dags/example_subdag_operator.py
[2026-03-03T01:27:49.779+0000] {processor.py:799} INFO - Processing file /home/airflow/.local/lib/python3.7/site-packages/airflow/example_dags/example_subdag_operator.py for tasks to queue
[2026-03-03T01:27:49.779+0000] {logging_mixin.py:149} INFO - [2026-03-03T01:27:49.779+0000] {dagbag.py:541} INFO - Filling up the DagBag from /home/airflow/.local/lib/python3.7/site-packages/airflow/example_dags/example_subdag_operator.py
[2026-03-03T01:27:49.802+0000] {processor.py:809} INFO - DAG(s) dict_keys(['example_subdag_operator.section-1', 'example_subdag_operator.section-2', 'example_subdag_operator']) retrieved from /home/airflow/.local/lib/python3.7/site-packages/airflow/example_dags/example_subdag_operator.py
[2026-03-03T01:27:49.815+0000] {logging_mixin.py:149} INFO - [2026-03-03T01:27:49.815+0000] {dag.py:2726} INFO - Sync 3 DAGs
[2026-03-03T01:27:49.833+0000] {logging_mixin.py:149} INFO - [2026-03-03T01:27:49.833+0000] {dag.py:3490} INFO - Setting next_dagrun for example_subdag_operator to 2022-01-01T00:00:00+00:00, run_after=2022-01-01T00:00:00+00:00
[2026-03-03T01:27:49.835+0000] {logging_mixin.py:149} INFO - [2026-03-03T01:27:49.835+0000] {dag.py:3490} INFO - Setting next_dagrun for example_subdag_operator.section-1 to None, run_after=None
[2026-03-03T01:27:49.837+0000] {logging_mixin.py:149} INFO - [2026-03-03T01:27:49.837+0000] {dag.py:3490} INFO - Setting next_dagrun for example_subdag_operator.section-2 to None, run_after=None
[2026-03-03T01:27:49.843+0000] {logging_mixin.py:149} INFO - [2026-03-03T01:27:49.842+0000] {dag.py:2726} INFO - Sync 2 DAGs
[2026-03-03T01:27:49.846+0000] {logging_mixin.py:149} INFO - [2026-03-03T01:27:49.846+0000] {dag.py:3490} INFO - Setting next_dagrun for example_subdag_operator.section-1 to None, run_after=None
[2026-03-03T01:27:49.846+0000] {logging_mixin.py:149} INFO - [2026-03-03T01:27:49.846+0000] {dag.py:3490} INFO - Setting next_dagrun for example_subdag_operator.section-2 to None, run_after=None
[2026-03-03T01:27:49.854+0000] {processor.py:178} INFO - Processing /home/airflow/.local/lib/python3.7/site-packages/airflow/example_dags/example_subdag_operator.py took 0.079 seconds
[2026-03-03T01:28:20.767+0000] {processor.py:156} INFO - Started process (PID=2622) to work on /home/airflow/.local/lib/python3.7/site-packages/airflow/example_dags/example_subdag_operator.py
[2026-03-03T01:28:20.769+0000] {processor.py:799} INFO - Processing file /home/airflow/.local/lib/python3.7/site-packages/airflow/example_dags/example_subdag_operator.py for tasks to queue
[2026-03-03T01:28:20.771+0000] {logging_mixin.py:149} INFO - [2026-03-03T01:28:20.771+0000] {dagbag.py:541} INFO - Filling up the DagBag from /home/airflow/.local/lib/python3.7/site-packages/airflow/example_dags/example_subdag_operator.py
[2026-03-03T01:28:20.799+0000] {processor.py:809} INFO - DAG(s) dict_keys(['example_subdag_operator.section-1', 'example_subdag_operator.section-2', 'example_subdag_operator']) retrieved from /home/airflow/.local/lib/python3.7/site-packages/airflow/example_dags/example_subdag_operator.py
[2026-03-03T01:28:20.813+0000] {logging_mixin.py:149} INFO - [2026-03-03T01:28:20.813+0000] {dag.py:2726} INFO - Sync 3 DAGs
[2026-03-03T01:28:20.829+0000] {logging_mixin.py:149} INFO - [2026-03-03T01:28:20.829+0000] {dag.py:3490} INFO - Setting next_dagrun for example_subdag_operator to 2022-01-01T00:00:00+00:00, run_after=2022-01-01T00:00:00+00:00
[2026-03-03T01:28:20.833+0000] {logging_mixin.py:149} INFO - [2026-03-03T01:28:20.833+0000] {dag.py:3490} INFO - Setting next_dagrun for example_subdag_operator.section-1 to None, run_after=None
[2026-03-03T01:28:20.835+0000] {logging_mixin.py:149} INFO - [2026-03-03T01:28:20.835+0000] {dag.py:3490} INFO - Setting next_dagrun for example_subdag_operator.section-2 to None, run_after=None
[2026-03-03T01:28:20.839+0000] {logging_mixin.py:149} INFO - [2026-03-03T01:28:20.839+0000] {dag.py:2726} INFO - Sync 2 DAGs
[2026-03-03T01:28:20.843+0000] {logging_mixin.py:149} INFO - [2026-03-03T01:28:20.843+0000] {dag.py:3490} INFO - Setting next_dagrun for example_subdag_operator.section-1 to None, run_after=None
[2026-03-03T01:28:20.844+0000] {logging_mixin.py:149} INFO - [2026-03-03T01:28:20.844+0000] {dag.py:3490} INFO - Setting next_dagrun for example_subdag_operator.section-2 to None, run_after=None
[2026-03-03T01:28:20.851+0000] {processor.py:178} INFO - Processing /home/airflow/.local/lib/python3.7/site-packages/airflow/example_dags/example_subdag_operator.py took 0.089 seconds
[2026-03-03T01:28:51.687+0000] {processor.py:156} INFO - Started process (PID=2684) to work on /home/airflow/.local/lib/python3.7/site-packages/airflow/example_dags/example_subdag_operator.py
[2026-03-03T01:28:51.688+0000] {processor.py:799} INFO - Processing file /home/airflow/.local/lib/python3.7/site-packages/airflow/example_dags/example_subdag_operator.py for tasks to queue
[2026-03-03T01:28:51.690+0000] {logging_mixin.py:149} INFO - [2026-03-03T01:28:51.690+0000] {dagbag.py:541} INFO - Filling up the DagBag from /home/airflow/.local/lib/python3.7/site-packages/airflow/example_dags/example_subdag_operator.py
[2026-03-03T01:28:51.756+0000] {processor.py:809} INFO - DAG(s) dict_keys(['example_subdag_operator.section-1', 'example_subdag_operator.section-2', 'example_subdag_operator']) retrieved from /home/airflow/.local/lib/python3.7/site-packages/airflow/example_dags/example_subdag_operator.py
[2026-03-03T01:28:51.803+0000] {logging_mixin.py:149} INFO - [2026-03-03T01:28:51.803+0000] {dag.py:2726} INFO - Sync 3 DAGs
[2026-03-03T01:28:51.875+0000] {logging_mixin.py:149} INFO - [2026-03-03T01:28:51.874+0000] {dag.py:3490} INFO - Setting next_dagrun for example_subdag_operator to 2022-01-01T00:00:00+00:00, run_after=2022-01-01T00:00:00+00:00
[2026-03-03T01:28:51.886+0000] {logging_mixin.py:149} INFO - [2026-03-03T01:28:51.885+0000] {dag.py:3490} INFO - Setting next_dagrun for example_subdag_operator.section-1 to None, run_after=None
[2026-03-03T01:28:51.890+0000] {logging_mixin.py:149} INFO - [2026-03-03T01:28:51.889+0000] {dag.py:3490} INFO - Setting next_dagrun for example_subdag_operator.section-2 to None, run_after=None
[2026-03-03T01:28:51.923+0000] {logging_mixin.py:149} INFO - [2026-03-03T01:28:51.920+0000] {dag.py:2726} INFO - Sync 2 DAGs
[2026-03-03T01:28:51.938+0000] {logging_mixin.py:149} INFO - [2026-03-03T01:28:51.938+0000] {dag.py:3490} INFO - Setting next_dagrun for example_subdag_operator.section-1 to None, run_after=None
[2026-03-03T01:28:51.939+0000] {logging_mixin.py:149} INFO - [2026-03-03T01:28:51.939+0000] {dag.py:3490} INFO - Setting next_dagrun for example_subdag_operator.section-2 to None, run_after=None
[2026-03-03T01:28:51.976+0000] {processor.py:178} INFO - Processing /home/airflow/.local/lib/python3.7/site-packages/airflow/example_dags/example_subdag_operator.py took 0.297 seconds
[2026-03-03T01:29:22.739+0000] {processor.py:156} INFO - Started process (PID=2746) to work on /home/airflow/.local/lib/python3.7/site-packages/airflow/example_dags/example_subdag_operator.py
[2026-03-03T01:29:22.740+0000] {processor.py:799} INFO - Processing file /home/airflow/.local/lib/python3.7/site-packages/airflow/example_dags/example_subdag_operator.py for tasks to queue
[2026-03-03T01:29:22.740+0000] {logging_mixin.py:149} INFO - [2026-03-03T01:29:22.740+0000] {dagbag.py:541} INFO - Filling up the DagBag from /home/airflow/.local/lib/python3.7/site-packages/airflow/example_dags/example_subdag_operator.py
[2026-03-03T01:29:22.755+0000] {processor.py:809} INFO - DAG(s) dict_keys(['example_subdag_operator.section-1', 'example_subdag_operator.section-2', 'example_subdag_operator']) retrieved from /home/airflow/.local/lib/python3.7/site-packages/airflow/example_dags/example_subdag_operator.py
[2026-03-03T01:29:22.766+0000] {logging_mixin.py:149} INFO - [2026-03-03T01:29:22.766+0000] {dag.py:2726} INFO - Sync 3 DAGs
[2026-03-03T01:29:22.780+0000] {logging_mixin.py:149} INFO - [2026-03-03T01:29:22.780+0000] {dag.py:3490} INFO - Setting next_dagrun for example_subdag_operator to 2022-01-01T00:00:00+00:00, run_after=2022-01-01T00:00:00+00:00
[2026-03-03T01:29:22.782+0000] {logging_mixin.py:149} INFO - [2026-03-03T01:29:22.782+0000] {dag.py:3490} INFO - Setting next_dagrun for example_subdag_operator.section-1 to None, run_after=None
[2026-03-03T01:29:22.782+0000] {logging_mixin.py:149} INFO - [2026-03-03T01:29:22.782+0000] {dag.py:3490} INFO - Setting next_dagrun for example_subdag_operator.section-2 to None, run_after=None
[2026-03-03T01:29:22.787+0000] {logging_mixin.py:149} INFO - [2026-03-03T01:29:22.787+0000] {dag.py:2726} INFO - Sync 2 DAGs
[2026-03-03T01:29:22.791+0000] {logging_mixin.py:149} INFO - [2026-03-03T01:29:22.791+0000] {dag.py:3490} INFO - Setting next_dagrun for example_subdag_operator.section-1 to None, run_after=None
[2026-03-03T01:29:22.791+0000] {logging_mixin.py:149} INFO - [2026-03-03T01:29:22.791+0000] {dag.py:3490} INFO - Setting next_dagrun for example_subdag_operator.section-2 to None, run_after=None
[2026-03-03T01:29:22.799+0000] {processor.py:178} INFO - Processing /home/airflow/.local/lib/python3.7/site-packages/airflow/example_dags/example_subdag_operator.py took 0.062 seconds
[2026-03-03T01:29:53.349+0000] {processor.py:156} INFO - Started process (PID=2807) to work on /home/airflow/.local/lib/python3.7/site-packages/airflow/example_dags/example_subdag_operator.py
[2026-03-03T01:29:53.352+0000] {processor.py:799} INFO - Processing file /home/airflow/.local/lib/python3.7/site-packages/airflow/example_dags/example_subdag_operator.py for tasks to queue
[2026-03-03T01:29:53.354+0000] {logging_mixin.py:149} INFO - [2026-03-03T01:29:53.354+0000] {dagbag.py:541} INFO - Filling up the DagBag from /home/airflow/.local/lib/python3.7/site-packages/airflow/example_dags/example_subdag_operator.py
[2026-03-03T01:29:53.425+0000] {processor.py:809} INFO - DAG(s) dict_keys(['example_subdag_operator.section-1', 'example_subdag_operator.section-2', 'example_subdag_operator']) retrieved from /home/airflow/.local/lib/python3.7/site-packages/airflow/example_dags/example_subdag_operator.py
[2026-03-03T01:29:53.479+0000] {logging_mixin.py:149} INFO - [2026-03-03T01:29:53.479+0000] {dag.py:2726} INFO - Sync 3 DAGs
[2026-03-03T01:29:53.567+0000] {logging_mixin.py:149} INFO - [2026-03-03T01:29:53.567+0000] {dag.py:3490} INFO - Setting next_dagrun for example_subdag_operator to 2022-01-01T00:00:00+00:00, run_after=2022-01-01T00:00:00+00:00
[2026-03-03T01:29:53.580+0000] {logging_mixin.py:149} INFO - [2026-03-03T01:29:53.579+0000] {dag.py:3490} INFO - Setting next_dagrun for example_subdag_operator.section-1 to None, run_after=None
[2026-03-03T01:29:53.584+0000] {logging_mixin.py:149} INFO - [2026-03-03T01:29:53.584+0000] {dag.py:3490} INFO - Setting next_dagrun for example_subdag_operator.section-2 to None, run_after=None
[2026-03-03T01:29:53.617+0000] {logging_mixin.py:149} INFO - [2026-03-03T01:29:53.613+0000] {dag.py:2726} INFO - Sync 2 DAGs
[2026-03-03T01:29:53.635+0000] {logging_mixin.py:149} INFO - [2026-03-03T01:29:53.634+0000] {dag.py:3490} INFO - Setting next_dagrun for example_subdag_operator.section-1 to None, run_after=None
[2026-03-03T01:29:53.638+0000] {logging_mixin.py:149} INFO - [2026-03-03T01:29:53.636+0000] {dag.py:3490} INFO - Setting next_dagrun for example_subdag_operator.section-2 to None, run_after=None
[2026-03-03T01:29:53.681+0000] {processor.py:178} INFO - Processing /home/airflow/.local/lib/python3.7/site-packages/airflow/example_dags/example_subdag_operator.py took 0.340 seconds
[2026-03-03T01:30:24.065+0000] {processor.py:156} INFO - Started process (PID=2869) to work on /home/airflow/.local/lib/python3.7/site-packages/airflow/example_dags/example_subdag_operator.py
[2026-03-03T01:30:24.067+0000] {processor.py:799} INFO - Processing file /home/airflow/.local/lib/python3.7/site-packages/airflow/example_dags/example_subdag_operator.py for tasks to queue
[2026-03-03T01:30:24.073+0000] {logging_mixin.py:149} INFO - [2026-03-03T01:30:24.073+0000] {dagbag.py:541} INFO - Filling up the DagBag from /home/airflow/.local/lib/python3.7/site-packages/airflow/example_dags/example_subdag_operator.py
[2026-03-03T01:30:24.153+0000] {processor.py:809} INFO - DAG(s) dict_keys(['example_subdag_operator.section-1', 'example_subdag_operator.section-2', 'example_subdag_operator']) retrieved from /home/airflow/.local/lib/python3.7/site-packages/airflow/example_dags/example_subdag_operator.py
[2026-03-03T01:30:24.215+0000] {logging_mixin.py:149} INFO - [2026-03-03T01:30:24.214+0000] {dag.py:2726} INFO - Sync 3 DAGs
[2026-03-03T01:30:24.297+0000] {logging_mixin.py:149} INFO - [2026-03-03T01:30:24.296+0000] {dag.py:3490} INFO - Setting next_dagrun for example_subdag_operator to 2022-01-01T00:00:00+00:00, run_after=2022-01-01T00:00:00+00:00
[2026-03-03T01:30:24.310+0000] {logging_mixin.py:149} INFO - [2026-03-03T01:30:24.310+0000] {dag.py:3490} INFO - Setting next_dagrun for example_subdag_operator.section-1 to None, run_after=None
[2026-03-03T01:30:24.317+0000] {logging_mixin.py:149} INFO - [2026-03-03T01:30:24.317+0000] {dag.py:3490} INFO - Setting next_dagrun for example_subdag_operator.section-2 to None, run_after=None
[2026-03-03T01:30:24.346+0000] {logging_mixin.py:149} INFO - [2026-03-03T01:30:24.342+0000] {dag.py:2726} INFO - Sync 2 DAGs
[2026-03-03T01:30:24.366+0000] {logging_mixin.py:149} INFO - [2026-03-03T01:30:24.366+0000] {dag.py:3490} INFO - Setting next_dagrun for example_subdag_operator.section-1 to None, run_after=None
[2026-03-03T01:30:24.368+0000] {logging_mixin.py:149} INFO - [2026-03-03T01:30:24.367+0000] {dag.py:3490} INFO - Setting next_dagrun for example_subdag_operator.section-2 to None, run_after=None
[2026-03-03T01:30:24.406+0000] {processor.py:178} INFO - Processing /home/airflow/.local/lib/python3.7/site-packages/airflow/example_dags/example_subdag_operator.py took 0.349 seconds
[2026-03-03T01:30:54.697+0000] {processor.py:156} INFO - Started process (PID=2931) to work on /home/airflow/.local/lib/python3.7/site-packages/airflow/example_dags/example_subdag_operator.py
[2026-03-03T01:30:54.698+0000] {processor.py:799} INFO - Processing file /home/airflow/.local/lib/python3.7/site-packages/airflow/example_dags/example_subdag_operator.py for tasks to queue
[2026-03-03T01:30:54.700+0000] {logging_mixin.py:149} INFO - [2026-03-03T01:30:54.700+0000] {dagbag.py:541} INFO - Filling up the DagBag from /home/airflow/.local/lib/python3.7/site-packages/airflow/example_dags/example_subdag_operator.py
[2026-03-03T01:30:54.726+0000] {processor.py:809} INFO - DAG(s) dict_keys(['example_subdag_operator.section-1', 'example_subdag_operator.section-2', 'example_subdag_operator']) retrieved from /home/airflow/.local/lib/python3.7/site-packages/airflow/example_dags/example_subdag_operator.py
[2026-03-03T01:30:54.743+0000] {logging_mixin.py:149} INFO - [2026-03-03T01:30:54.743+0000] {dag.py:2726} INFO - Sync 3 DAGs
[2026-03-03T01:30:54.762+0000] {logging_mixin.py:149} INFO - [2026-03-03T01:30:54.761+0000] {dag.py:3490} INFO - Setting next_dagrun for example_subdag_operator to 2022-01-01T00:00:00+00:00, run_after=2022-01-01T00:00:00+00:00
[2026-03-03T01:30:54.764+0000] {logging_mixin.py:149} INFO - [2026-03-03T01:30:54.764+0000] {dag.py:3490} INFO - Setting next_dagrun for example_subdag_operator.section-1 to None, run_after=None
[2026-03-03T01:30:54.766+0000] {logging_mixin.py:149} INFO - [2026-03-03T01:30:54.766+0000] {dag.py:3490} INFO - Setting next_dagrun for example_subdag_operator.section-2 to None, run_after=None
[2026-03-03T01:30:54.772+0000] {logging_mixin.py:149} INFO - [2026-03-03T01:30:54.772+0000] {dag.py:2726} INFO - Sync 2 DAGs
[2026-03-03T01:30:54.778+0000] {logging_mixin.py:149} INFO - [2026-03-03T01:30:54.777+0000] {dag.py:3490} INFO - Setting next_dagrun for example_subdag_operator.section-1 to None, run_after=None
[2026-03-03T01:30:54.778+0000] {logging_mixin.py:149} INFO - [2026-03-03T01:30:54.778+0000] {dag.py:3490} INFO - Setting next_dagrun for example_subdag_operator.section-2 to None, run_after=None
[2026-03-03T01:30:54.784+0000] {processor.py:178} INFO - Processing /home/airflow/.local/lib/python3.7/site-packages/airflow/example_dags/example_subdag_operator.py took 0.089 seconds
[2026-03-03T01:31:25.655+0000] {processor.py:156} INFO - Started process (PID=2993) to work on /home/airflow/.local/lib/python3.7/site-packages/airflow/example_dags/example_subdag_operator.py
[2026-03-03T01:31:25.656+0000] {processor.py:799} INFO - Processing file /home/airflow/.local/lib/python3.7/site-packages/airflow/example_dags/example_subdag_operator.py for tasks to queue
[2026-03-03T01:31:25.657+0000] {logging_mixin.py:149} INFO - [2026-03-03T01:31:25.657+0000] {dagbag.py:541} INFO - Filling up the DagBag from /home/airflow/.local/lib/python3.7/site-packages/airflow/example_dags/example_subdag_operator.py
[2026-03-03T01:31:25.680+0000] {processor.py:809} INFO - DAG(s) dict_keys(['example_subdag_operator.section-1', 'example_subdag_operator.section-2', 'example_subdag_operator']) retrieved from /home/airflow/.local/lib/python3.7/site-packages/airflow/example_dags/example_subdag_operator.py
[2026-03-03T01:31:25.694+0000] {logging_mixin.py:149} INFO - [2026-03-03T01:31:25.694+0000] {dag.py:2726} INFO - Sync 3 DAGs
[2026-03-03T01:31:25.715+0000] {logging_mixin.py:149} INFO - [2026-03-03T01:31:25.715+0000] {dag.py:3490} INFO - Setting next_dagrun for example_subdag_operator to 2022-01-01T00:00:00+00:00, run_after=2022-01-01T00:00:00+00:00
[2026-03-03T01:31:25.720+0000] {logging_mixin.py:149} INFO - [2026-03-03T01:31:25.720+0000] {dag.py:3490} INFO - Setting next_dagrun for example_subdag_operator.section-1 to None, run_after=None
[2026-03-03T01:31:25.723+0000] {logging_mixin.py:149} INFO - [2026-03-03T01:31:25.723+0000] {dag.py:3490} INFO - Setting next_dagrun for example_subdag_operator.section-2 to None, run_after=None
[2026-03-03T01:31:25.731+0000] {logging_mixin.py:149} INFO - [2026-03-03T01:31:25.731+0000] {dag.py:2726} INFO - Sync 2 DAGs
[2026-03-03T01:31:25.738+0000] {logging_mixin.py:149} INFO - [2026-03-03T01:31:25.737+0000] {dag.py:3490} INFO - Setting next_dagrun for example_subdag_operator.section-1 to None, run_after=None
[2026-03-03T01:31:25.738+0000] {logging_mixin.py:149} INFO - [2026-03-03T01:31:25.738+0000] {dag.py:3490} INFO - Setting next_dagrun for example_subdag_operator.section-2 to None, run_after=None
[2026-03-03T01:31:25.749+0000] {processor.py:178} INFO - Processing /home/airflow/.local/lib/python3.7/site-packages/airflow/example_dags/example_subdag_operator.py took 0.098 seconds
[2026-03-03T02:20:55.284+0000] {processor.py:156} INFO - Started process (PID=104) to work on /home/airflow/.local/lib/python3.7/site-packages/airflow/example_dags/example_subdag_operator.py
[2026-03-03T02:20:55.288+0000] {processor.py:799} INFO - Processing file /home/airflow/.local/lib/python3.7/site-packages/airflow/example_dags/example_subdag_operator.py for tasks to queue
[2026-03-03T02:20:55.291+0000] {logging_mixin.py:149} INFO - [2026-03-03T02:20:55.291+0000] {dagbag.py:541} INFO - Filling up the DagBag from /home/airflow/.local/lib/python3.7/site-packages/airflow/example_dags/example_subdag_operator.py
[2026-03-03T02:20:55.367+0000] {processor.py:809} INFO - DAG(s) dict_keys(['example_subdag_operator.section-1', 'example_subdag_operator.section-2', 'example_subdag_operator']) retrieved from /home/airflow/.local/lib/python3.7/site-packages/airflow/example_dags/example_subdag_operator.py
[2026-03-03T02:20:55.420+0000] {logging_mixin.py:149} INFO - [2026-03-03T02:20:55.420+0000] {dag.py:2726} INFO - Sync 3 DAGs
[2026-03-03T02:20:55.496+0000] {logging_mixin.py:149} INFO - [2026-03-03T02:20:55.496+0000] {dag.py:3490} INFO - Setting next_dagrun for example_subdag_operator to 2022-01-01T00:00:00+00:00, run_after=2022-01-01T00:00:00+00:00
[2026-03-03T02:20:55.512+0000] {logging_mixin.py:149} INFO - [2026-03-03T02:20:55.511+0000] {dag.py:3490} INFO - Setting next_dagrun for example_subdag_operator.section-1 to None, run_after=None
[2026-03-03T02:20:55.517+0000] {logging_mixin.py:149} INFO - [2026-03-03T02:20:55.517+0000] {dag.py:3490} INFO - Setting next_dagrun for example_subdag_operator.section-2 to None, run_after=None
[2026-03-03T02:20:55.551+0000] {logging_mixin.py:149} INFO - [2026-03-03T02:20:55.551+0000] {dag.py:2726} INFO - Sync 2 DAGs
[2026-03-03T02:20:55.591+0000] {logging_mixin.py:149} INFO - [2026-03-03T02:20:55.591+0000] {dag.py:3490} INFO - Setting next_dagrun for example_subdag_operator.section-1 to None, run_after=None
[2026-03-03T02:20:55.594+0000] {logging_mixin.py:149} INFO - [2026-03-03T02:20:55.594+0000] {dag.py:3490} INFO - Setting next_dagrun for example_subdag_operator.section-2 to None, run_after=None
[2026-03-03T02:20:55.682+0000] {processor.py:178} INFO - Processing /home/airflow/.local/lib/python3.7/site-packages/airflow/example_dags/example_subdag_operator.py took 0.405 seconds
[2026-03-03T02:21:26.363+0000] {processor.py:156} INFO - Started process (PID=173) to work on /home/airflow/.local/lib/python3.7/site-packages/airflow/example_dags/example_subdag_operator.py
[2026-03-03T02:21:26.364+0000] {processor.py:799} INFO - Processing file /home/airflow/.local/lib/python3.7/site-packages/airflow/example_dags/example_subdag_operator.py for tasks to queue
[2026-03-03T02:21:26.364+0000] {logging_mixin.py:149} INFO - [2026-03-03T02:21:26.364+0000] {dagbag.py:541} INFO - Filling up the DagBag from /home/airflow/.local/lib/python3.7/site-packages/airflow/example_dags/example_subdag_operator.py
[2026-03-03T02:21:26.395+0000] {processor.py:809} INFO - DAG(s) dict_keys(['example_subdag_operator.section-1', 'example_subdag_operator.section-2', 'example_subdag_operator']) retrieved from /home/airflow/.local/lib/python3.7/site-packages/airflow/example_dags/example_subdag_operator.py
[2026-03-03T02:21:26.414+0000] {logging_mixin.py:149} INFO - [2026-03-03T02:21:26.414+0000] {dag.py:2726} INFO - Sync 3 DAGs
[2026-03-03T02:21:26.433+0000] {logging_mixin.py:149} INFO - [2026-03-03T02:21:26.432+0000] {dag.py:3490} INFO - Setting next_dagrun for example_subdag_operator to 2022-01-01T00:00:00+00:00, run_after=2022-01-01T00:00:00+00:00
[2026-03-03T02:21:26.435+0000] {logging_mixin.py:149} INFO - [2026-03-03T02:21:26.435+0000] {dag.py:3490} INFO - Setting next_dagrun for example_subdag_operator.section-1 to None, run_after=None
[2026-03-03T02:21:26.436+0000] {logging_mixin.py:149} INFO - [2026-03-03T02:21:26.436+0000] {dag.py:3490} INFO - Setting next_dagrun for example_subdag_operator.section-2 to None, run_after=None
[2026-03-03T02:21:26.444+0000] {logging_mixin.py:149} INFO - [2026-03-03T02:21:26.444+0000] {dag.py:2726} INFO - Sync 2 DAGs
[2026-03-03T02:21:26.449+0000] {logging_mixin.py:149} INFO - [2026-03-03T02:21:26.449+0000] {dag.py:3490} INFO - Setting next_dagrun for example_subdag_operator.section-1 to None, run_after=None
[2026-03-03T02:21:26.449+0000] {logging_mixin.py:149} INFO - [2026-03-03T02:21:26.449+0000] {dag.py:3490} INFO - Setting next_dagrun for example_subdag_operator.section-2 to None, run_after=None
[2026-03-03T02:21:26.458+0000] {processor.py:178} INFO - Processing /home/airflow/.local/lib/python3.7/site-packages/airflow/example_dags/example_subdag_operator.py took 0.099 seconds
[2026-03-03T02:21:56.518+0000] {processor.py:156} INFO - Started process (PID=236) to work on /home/airflow/.local/lib/python3.7/site-packages/airflow/example_dags/example_subdag_operator.py
[2026-03-03T02:21:56.520+0000] {processor.py:799} INFO - Processing file /home/airflow/.local/lib/python3.7/site-packages/airflow/example_dags/example_subdag_operator.py for tasks to queue
[2026-03-03T02:21:56.521+0000] {logging_mixin.py:149} INFO - [2026-03-03T02:21:56.521+0000] {dagbag.py:541} INFO - Filling up the DagBag from /home/airflow/.local/lib/python3.7/site-packages/airflow/example_dags/example_subdag_operator.py
[2026-03-03T02:21:56.551+0000] {processor.py:809} INFO - DAG(s) dict_keys(['example_subdag_operator.section-1', 'example_subdag_operator.section-2', 'example_subdag_operator']) retrieved from /home/airflow/.local/lib/python3.7/site-packages/airflow/example_dags/example_subdag_operator.py
[2026-03-03T02:21:56.563+0000] {logging_mixin.py:149} INFO - [2026-03-03T02:21:56.563+0000] {dag.py:2726} INFO - Sync 3 DAGs
[2026-03-03T02:21:56.578+0000] {logging_mixin.py:149} INFO - [2026-03-03T02:21:56.578+0000] {dag.py:3490} INFO - Setting next_dagrun for example_subdag_operator to 2022-01-01T00:00:00+00:00, run_after=2022-01-01T00:00:00+00:00
[2026-03-03T02:21:56.580+0000] {logging_mixin.py:149} INFO - [2026-03-03T02:21:56.580+0000] {dag.py:3490} INFO - Setting next_dagrun for example_subdag_operator.section-1 to None, run_after=None
[2026-03-03T02:21:56.581+0000] {logging_mixin.py:149} INFO - [2026-03-03T02:21:56.581+0000] {dag.py:3490} INFO - Setting next_dagrun for example_subdag_operator.section-2 to None, run_after=None
[2026-03-03T02:21:56.586+0000] {logging_mixin.py:149} INFO - [2026-03-03T02:21:56.586+0000] {dag.py:2726} INFO - Sync 2 DAGs
[2026-03-03T02:21:56.591+0000] {logging_mixin.py:149} INFO - [2026-03-03T02:21:56.591+0000] {dag.py:3490} INFO - Setting next_dagrun for example_subdag_operator.section-1 to None, run_after=None
[2026-03-03T02:21:56.591+0000] {logging_mixin.py:149} INFO - [2026-03-03T02:21:56.591+0000] {dag.py:3490} INFO - Setting next_dagrun for example_subdag_operator.section-2 to None, run_after=None
[2026-03-03T02:21:56.597+0000] {processor.py:178} INFO - Processing /home/airflow/.local/lib/python3.7/site-packages/airflow/example_dags/example_subdag_operator.py took 0.084 seconds
[2026-03-03T02:22:26.670+0000] {processor.py:156} INFO - Started process (PID=299) to work on /home/airflow/.local/lib/python3.7/site-packages/airflow/example_dags/example_subdag_operator.py
[2026-03-03T02:22:26.671+0000] {processor.py:799} INFO - Processing file /home/airflow/.local/lib/python3.7/site-packages/airflow/example_dags/example_subdag_operator.py for tasks to queue
[2026-03-03T02:22:26.672+0000] {logging_mixin.py:149} INFO - [2026-03-03T02:22:26.671+0000] {dagbag.py:541} INFO - Filling up the DagBag from /home/airflow/.local/lib/python3.7/site-packages/airflow/example_dags/example_subdag_operator.py
[2026-03-03T02:22:26.703+0000] {processor.py:809} INFO - DAG(s) dict_keys(['example_subdag_operator.section-1', 'example_subdag_operator.section-2', 'example_subdag_operator']) retrieved from /home/airflow/.local/lib/python3.7/site-packages/airflow/example_dags/example_subdag_operator.py
[2026-03-03T02:22:26.719+0000] {logging_mixin.py:149} INFO - [2026-03-03T02:22:26.719+0000] {dag.py:2726} INFO - Sync 3 DAGs
[2026-03-03T02:22:26.738+0000] {logging_mixin.py:149} INFO - [2026-03-03T02:22:26.738+0000] {dag.py:3490} INFO - Setting next_dagrun for example_subdag_operator to 2022-01-01T00:00:00+00:00, run_after=2022-01-01T00:00:00+00:00
[2026-03-03T02:22:26.741+0000] {logging_mixin.py:149} INFO - [2026-03-03T02:22:26.741+0000] {dag.py:3490} INFO - Setting next_dagrun for example_subdag_operator.section-1 to None, run_after=None
[2026-03-03T02:22:26.741+0000] {logging_mixin.py:149} INFO - [2026-03-03T02:22:26.741+0000] {dag.py:3490} INFO - Setting next_dagrun for example_subdag_operator.section-2 to None, run_after=None
[2026-03-03T02:22:26.748+0000] {logging_mixin.py:149} INFO - [2026-03-03T02:22:26.748+0000] {dag.py:2726} INFO - Sync 2 DAGs
[2026-03-03T02:22:26.751+0000] {logging_mixin.py:149} INFO - [2026-03-03T02:22:26.751+0000] {dag.py:3490} INFO - Setting next_dagrun for example_subdag_operator.section-1 to None, run_after=None
[2026-03-03T02:22:26.751+0000] {logging_mixin.py:149} INFO - [2026-03-03T02:22:26.751+0000] {dag.py:3490} INFO - Setting next_dagrun for example_subdag_operator.section-2 to None, run_after=None
[2026-03-03T02:22:26.758+0000] {processor.py:178} INFO - Processing /home/airflow/.local/lib/python3.7/site-packages/airflow/example_dags/example_subdag_operator.py took 0.092 seconds
[2026-03-03T02:22:57.680+0000] {processor.py:156} INFO - Started process (PID=368) to work on /home/airflow/.local/lib/python3.7/site-packages/airflow/example_dags/example_subdag_operator.py
[2026-03-03T02:22:57.681+0000] {processor.py:799} INFO - Processing file /home/airflow/.local/lib/python3.7/site-packages/airflow/example_dags/example_subdag_operator.py for tasks to queue
[2026-03-03T02:22:57.681+0000] {logging_mixin.py:149} INFO - [2026-03-03T02:22:57.681+0000] {dagbag.py:541} INFO - Filling up the DagBag from /home/airflow/.local/lib/python3.7/site-packages/airflow/example_dags/example_subdag_operator.py
[2026-03-03T02:22:57.713+0000] {processor.py:809} INFO - DAG(s) dict_keys(['example_subdag_operator.section-1', 'example_subdag_operator.section-2', 'example_subdag_operator']) retrieved from /home/airflow/.local/lib/python3.7/site-packages/airflow/example_dags/example_subdag_operator.py
[2026-03-03T02:22:57.728+0000] {logging_mixin.py:149} INFO - [2026-03-03T02:22:57.728+0000] {dag.py:2726} INFO - Sync 3 DAGs
[2026-03-03T02:22:57.748+0000] {logging_mixin.py:149} INFO - [2026-03-03T02:22:57.747+0000] {dag.py:3490} INFO - Setting next_dagrun for example_subdag_operator to 2022-01-01T00:00:00+00:00, run_after=2022-01-01T00:00:00+00:00
[2026-03-03T02:22:57.752+0000] {logging_mixin.py:149} INFO - [2026-03-03T02:22:57.752+0000] {dag.py:3490} INFO - Setting next_dagrun for example_subdag_operator.section-1 to None, run_after=None
[2026-03-03T02:22:57.754+0000] {logging_mixin.py:149} INFO - [2026-03-03T02:22:57.754+0000] {dag.py:3490} INFO - Setting next_dagrun for example_subdag_operator.section-2 to None, run_after=None
[2026-03-03T02:22:57.761+0000] {logging_mixin.py:149} INFO - [2026-03-03T02:22:57.761+0000] {dag.py:2726} INFO - Sync 2 DAGs
[2026-03-03T02:22:57.765+0000] {logging_mixin.py:149} INFO - [2026-03-03T02:22:57.765+0000] {dag.py:3490} INFO - Setting next_dagrun for example_subdag_operator.section-1 to None, run_after=None
[2026-03-03T02:22:57.765+0000] {logging_mixin.py:149} INFO - [2026-03-03T02:22:57.765+0000] {dag.py:3490} INFO - Setting next_dagrun for example_subdag_operator.section-2 to None, run_after=None
[2026-03-03T02:22:57.771+0000] {processor.py:178} INFO - Processing /home/airflow/.local/lib/python3.7/site-packages/airflow/example_dags/example_subdag_operator.py took 0.094 seconds
[2026-03-03T02:23:28.190+0000] {processor.py:156} INFO - Started process (PID=437) to work on /home/airflow/.local/lib/python3.7/site-packages/airflow/example_dags/example_subdag_operator.py
[2026-03-03T02:23:28.191+0000] {processor.py:799} INFO - Processing file /home/airflow/.local/lib/python3.7/site-packages/airflow/example_dags/example_subdag_operator.py for tasks to queue
[2026-03-03T02:23:28.195+0000] {logging_mixin.py:149} INFO - [2026-03-03T02:23:28.195+0000] {dagbag.py:541} INFO - Filling up the DagBag from /home/airflow/.local/lib/python3.7/site-packages/airflow/example_dags/example_subdag_operator.py
[2026-03-03T02:23:28.216+0000] {processor.py:809} INFO - DAG(s) dict_keys(['example_subdag_operator.section-1', 'example_subdag_operator.section-2', 'example_subdag_operator']) retrieved from /home/airflow/.local/lib/python3.7/site-packages/airflow/example_dags/example_subdag_operator.py
[2026-03-03T02:23:28.243+0000] {logging_mixin.py:149} INFO - [2026-03-03T02:23:28.243+0000] {dag.py:2726} INFO - Sync 3 DAGs
[2026-03-03T02:23:28.263+0000] {logging_mixin.py:149} INFO - [2026-03-03T02:23:28.263+0000] {dag.py:3490} INFO - Setting next_dagrun for example_subdag_operator to 2022-01-01T00:00:00+00:00, run_after=2022-01-01T00:00:00+00:00
[2026-03-03T02:23:28.266+0000] {logging_mixin.py:149} INFO - [2026-03-03T02:23:28.266+0000] {dag.py:3490} INFO - Setting next_dagrun for example_subdag_operator.section-1 to None, run_after=None
[2026-03-03T02:23:28.267+0000] {logging_mixin.py:149} INFO - [2026-03-03T02:23:28.267+0000] {dag.py:3490} INFO - Setting next_dagrun for example_subdag_operator.section-2 to None, run_after=None
[2026-03-03T02:23:28.272+0000] {logging_mixin.py:149} INFO - [2026-03-03T02:23:28.272+0000] {dag.py:2726} INFO - Sync 2 DAGs
[2026-03-03T02:23:28.277+0000] {logging_mixin.py:149} INFO - [2026-03-03T02:23:28.277+0000] {dag.py:3490} INFO - Setting next_dagrun for example_subdag_operator.section-1 to None, run_after=None
[2026-03-03T02:23:28.277+0000] {logging_mixin.py:149} INFO - [2026-03-03T02:23:28.277+0000] {dag.py:3490} INFO - Setting next_dagrun for example_subdag_operator.section-2 to None, run_after=None
[2026-03-03T02:23:28.319+0000] {processor.py:178} INFO - Processing /home/airflow/.local/lib/python3.7/site-packages/airflow/example_dags/example_subdag_operator.py took 0.132 seconds
[2026-03-03T02:23:59.166+0000] {processor.py:156} INFO - Started process (PID=518) to work on /home/airflow/.local/lib/python3.7/site-packages/airflow/example_dags/example_subdag_operator.py
[2026-03-03T02:23:59.166+0000] {processor.py:799} INFO - Processing file /home/airflow/.local/lib/python3.7/site-packages/airflow/example_dags/example_subdag_operator.py for tasks to queue
[2026-03-03T02:23:59.166+0000] {logging_mixin.py:149} INFO - [2026-03-03T02:23:59.166+0000] {dagbag.py:541} INFO - Filling up the DagBag from /home/airflow/.local/lib/python3.7/site-packages/airflow/example_dags/example_subdag_operator.py
[2026-03-03T02:23:59.184+0000] {processor.py:809} INFO - DAG(s) dict_keys(['example_subdag_operator.section-1', 'example_subdag_operator.section-2', 'example_subdag_operator']) retrieved from /home/airflow/.local/lib/python3.7/site-packages/airflow/example_dags/example_subdag_operator.py
[2026-03-03T02:23:59.196+0000] {logging_mixin.py:149} INFO - [2026-03-03T02:23:59.196+0000] {dag.py:2726} INFO - Sync 3 DAGs
[2026-03-03T02:23:59.209+0000] {logging_mixin.py:149} INFO - [2026-03-03T02:23:59.208+0000] {dag.py:3490} INFO - Setting next_dagrun for example_subdag_operator to 2022-01-01T00:00:00+00:00, run_after=2022-01-01T00:00:00+00:00
[2026-03-03T02:23:59.211+0000] {logging_mixin.py:149} INFO - [2026-03-03T02:23:59.211+0000] {dag.py:3490} INFO - Setting next_dagrun for example_subdag_operator.section-1 to None, run_after=None
[2026-03-03T02:23:59.212+0000] {logging_mixin.py:149} INFO - [2026-03-03T02:23:59.212+0000] {dag.py:3490} INFO - Setting next_dagrun for example_subdag_operator.section-2 to None, run_after=None
[2026-03-03T02:23:59.215+0000] {logging_mixin.py:149} INFO - [2026-03-03T02:23:59.215+0000] {dag.py:2726} INFO - Sync 2 DAGs
[2026-03-03T02:23:59.218+0000] {logging_mixin.py:149} INFO - [2026-03-03T02:23:59.217+0000] {dag.py:3490} INFO - Setting next_dagrun for example_subdag_operator.section-1 to None, run_after=None
[2026-03-03T02:23:59.218+0000] {logging_mixin.py:149} INFO - [2026-03-03T02:23:59.218+0000] {dag.py:3490} INFO - Setting next_dagrun for example_subdag_operator.section-2 to None, run_after=None
[2026-03-03T02:23:59.222+0000] {processor.py:178} INFO - Processing /home/airflow/.local/lib/python3.7/site-packages/airflow/example_dags/example_subdag_operator.py took 0.058 seconds
[2026-03-03T02:24:30.070+0000] {processor.py:156} INFO - Started process (PID=581) to work on /home/airflow/.local/lib/python3.7/site-packages/airflow/example_dags/example_subdag_operator.py
[2026-03-03T02:24:30.073+0000] {processor.py:799} INFO - Processing file /home/airflow/.local/lib/python3.7/site-packages/airflow/example_dags/example_subdag_operator.py for tasks to queue
[2026-03-03T02:24:30.074+0000] {logging_mixin.py:149} INFO - [2026-03-03T02:24:30.074+0000] {dagbag.py:541} INFO - Filling up the DagBag from /home/airflow/.local/lib/python3.7/site-packages/airflow/example_dags/example_subdag_operator.py
[2026-03-03T02:24:30.095+0000] {processor.py:809} INFO - DAG(s) dict_keys(['example_subdag_operator.section-1', 'example_subdag_operator.section-2', 'example_subdag_operator']) retrieved from /home/airflow/.local/lib/python3.7/site-packages/airflow/example_dags/example_subdag_operator.py
[2026-03-03T02:24:30.108+0000] {logging_mixin.py:149} INFO - [2026-03-03T02:24:30.108+0000] {dag.py:2726} INFO - Sync 3 DAGs
[2026-03-03T02:24:30.127+0000] {logging_mixin.py:149} INFO - [2026-03-03T02:24:30.126+0000] {dag.py:3490} INFO - Setting next_dagrun for example_subdag_operator to 2022-01-01T00:00:00+00:00, run_after=2022-01-01T00:00:00+00:00
[2026-03-03T02:24:30.129+0000] {logging_mixin.py:149} INFO - [2026-03-03T02:24:30.129+0000] {dag.py:3490} INFO - Setting next_dagrun for example_subdag_operator.section-1 to None, run_after=None
[2026-03-03T02:24:30.130+0000] {logging_mixin.py:149} INFO - [2026-03-03T02:24:30.130+0000] {dag.py:3490} INFO - Setting next_dagrun for example_subdag_operator.section-2 to None, run_after=None
[2026-03-03T02:24:30.134+0000] {logging_mixin.py:149} INFO - [2026-03-03T02:24:30.134+0000] {dag.py:2726} INFO - Sync 2 DAGs
[2026-03-03T02:24:30.137+0000] {logging_mixin.py:149} INFO - [2026-03-03T02:24:30.137+0000] {dag.py:3490} INFO - Setting next_dagrun for example_subdag_operator.section-1 to None, run_after=None
[2026-03-03T02:24:30.137+0000] {logging_mixin.py:149} INFO - [2026-03-03T02:24:30.137+0000] {dag.py:3490} INFO - Setting next_dagrun for example_subdag_operator.section-2 to None, run_after=None
[2026-03-03T02:24:30.144+0000] {processor.py:178} INFO - Processing /home/airflow/.local/lib/python3.7/site-packages/airflow/example_dags/example_subdag_operator.py took 0.076 seconds
[2026-03-03T02:25:00.198+0000] {processor.py:156} INFO - Started process (PID=644) to work on /home/airflow/.local/lib/python3.7/site-packages/airflow/example_dags/example_subdag_operator.py
[2026-03-03T02:25:00.199+0000] {processor.py:799} INFO - Processing file /home/airflow/.local/lib/python3.7/site-packages/airflow/example_dags/example_subdag_operator.py for tasks to queue
[2026-03-03T02:25:00.199+0000] {logging_mixin.py:149} INFO - [2026-03-03T02:25:00.199+0000] {dagbag.py:541} INFO - Filling up the DagBag from /home/airflow/.local/lib/python3.7/site-packages/airflow/example_dags/example_subdag_operator.py
[2026-03-03T02:25:00.214+0000] {processor.py:809} INFO - DAG(s) dict_keys(['example_subdag_operator.section-1', 'example_subdag_operator.section-2', 'example_subdag_operator']) retrieved from /home/airflow/.local/lib/python3.7/site-packages/airflow/example_dags/example_subdag_operator.py
[2026-03-03T02:25:00.224+0000] {logging_mixin.py:149} INFO - [2026-03-03T02:25:00.224+0000] {dag.py:2726} INFO - Sync 3 DAGs
[2026-03-03T02:25:00.238+0000] {logging_mixin.py:149} INFO - [2026-03-03T02:25:00.238+0000] {dag.py:3490} INFO - Setting next_dagrun for example_subdag_operator to 2022-01-01T00:00:00+00:00, run_after=2022-01-01T00:00:00+00:00
[2026-03-03T02:25:00.241+0000] {logging_mixin.py:149} INFO - [2026-03-03T02:25:00.241+0000] {dag.py:3490} INFO - Setting next_dagrun for example_subdag_operator.section-1 to None, run_after=None
[2026-03-03T02:25:00.241+0000] {logging_mixin.py:149} INFO - [2026-03-03T02:25:00.241+0000] {dag.py:3490} INFO - Setting next_dagrun for example_subdag_operator.section-2 to None, run_after=None
[2026-03-03T02:25:00.246+0000] {logging_mixin.py:149} INFO - [2026-03-03T02:25:00.246+0000] {dag.py:2726} INFO - Sync 2 DAGs
[2026-03-03T02:25:00.249+0000] {logging_mixin.py:149} INFO - [2026-03-03T02:25:00.249+0000] {dag.py:3490} INFO - Setting next_dagrun for example_subdag_operator.section-1 to None, run_after=None
[2026-03-03T02:25:00.249+0000] {logging_mixin.py:149} INFO - [2026-03-03T02:25:00.249+0000] {dag.py:3490} INFO - Setting next_dagrun for example_subdag_operator.section-2 to None, run_after=None
[2026-03-03T02:25:00.257+0000] {processor.py:178} INFO - Processing /home/airflow/.local/lib/python3.7/site-packages/airflow/example_dags/example_subdag_operator.py took 0.061 seconds
[2026-03-03T02:25:30.938+0000] {processor.py:156} INFO - Started process (PID=707) to work on /home/airflow/.local/lib/python3.7/site-packages/airflow/example_dags/example_subdag_operator.py
[2026-03-03T02:25:30.938+0000] {processor.py:799} INFO - Processing file /home/airflow/.local/lib/python3.7/site-packages/airflow/example_dags/example_subdag_operator.py for tasks to queue
[2026-03-03T02:25:30.938+0000] {logging_mixin.py:149} INFO - [2026-03-03T02:25:30.938+0000] {dagbag.py:541} INFO - Filling up the DagBag from /home/airflow/.local/lib/python3.7/site-packages/airflow/example_dags/example_subdag_operator.py
[2026-03-03T02:25:30.961+0000] {processor.py:809} INFO - DAG(s) dict_keys(['example_subdag_operator.section-1', 'example_subdag_operator.section-2', 'example_subdag_operator']) retrieved from /home/airflow/.local/lib/python3.7/site-packages/airflow/example_dags/example_subdag_operator.py
[2026-03-03T02:25:30.971+0000] {logging_mixin.py:149} INFO - [2026-03-03T02:25:30.971+0000] {dag.py:2726} INFO - Sync 3 DAGs
[2026-03-03T02:25:30.984+0000] {logging_mixin.py:149} INFO - [2026-03-03T02:25:30.983+0000] {dag.py:3490} INFO - Setting next_dagrun for example_subdag_operator to 2022-01-01T00:00:00+00:00, run_after=2022-01-01T00:00:00+00:00
[2026-03-03T02:25:30.987+0000] {logging_mixin.py:149} INFO - [2026-03-03T02:25:30.987+0000] {dag.py:3490} INFO - Setting next_dagrun for example_subdag_operator.section-1 to None, run_after=None
[2026-03-03T02:25:30.989+0000] {logging_mixin.py:149} INFO - [2026-03-03T02:25:30.989+0000] {dag.py:3490} INFO - Setting next_dagrun for example_subdag_operator.section-2 to None, run_after=None
[2026-03-03T02:25:30.997+0000] {logging_mixin.py:149} INFO - [2026-03-03T02:25:30.997+0000] {dag.py:2726} INFO - Sync 2 DAGs
[2026-03-03T02:25:31.000+0000] {logging_mixin.py:149} INFO - [2026-03-03T02:25:31.000+0000] {dag.py:3490} INFO - Setting next_dagrun for example_subdag_operator.section-1 to None, run_after=None
[2026-03-03T02:25:31.000+0000] {logging_mixin.py:149} INFO - [2026-03-03T02:25:31.000+0000] {dag.py:3490} INFO - Setting next_dagrun for example_subdag_operator.section-2 to None, run_after=None
[2026-03-03T02:25:31.008+0000] {processor.py:178} INFO - Processing /home/airflow/.local/lib/python3.7/site-packages/airflow/example_dags/example_subdag_operator.py took 0.072 seconds
[2026-03-03T02:26:01.804+0000] {processor.py:156} INFO - Started process (PID=770) to work on /home/airflow/.local/lib/python3.7/site-packages/airflow/example_dags/example_subdag_operator.py
[2026-03-03T02:26:01.807+0000] {processor.py:799} INFO - Processing file /home/airflow/.local/lib/python3.7/site-packages/airflow/example_dags/example_subdag_operator.py for tasks to queue
[2026-03-03T02:26:01.808+0000] {logging_mixin.py:149} INFO - [2026-03-03T02:26:01.808+0000] {dagbag.py:541} INFO - Filling up the DagBag from /home/airflow/.local/lib/python3.7/site-packages/airflow/example_dags/example_subdag_operator.py
[2026-03-03T02:26:01.826+0000] {processor.py:809} INFO - DAG(s) dict_keys(['example_subdag_operator.section-1', 'example_subdag_operator.section-2', 'example_subdag_operator']) retrieved from /home/airflow/.local/lib/python3.7/site-packages/airflow/example_dags/example_subdag_operator.py
[2026-03-03T02:26:01.839+0000] {logging_mixin.py:149} INFO - [2026-03-03T02:26:01.839+0000] {dag.py:2726} INFO - Sync 3 DAGs
[2026-03-03T02:26:01.855+0000] {logging_mixin.py:149} INFO - [2026-03-03T02:26:01.855+0000] {dag.py:3490} INFO - Setting next_dagrun for example_subdag_operator to 2022-01-01T00:00:00+00:00, run_after=2022-01-01T00:00:00+00:00
[2026-03-03T02:26:01.860+0000] {logging_mixin.py:149} INFO - [2026-03-03T02:26:01.860+0000] {dag.py:3490} INFO - Setting next_dagrun for example_subdag_operator.section-1 to None, run_after=None
[2026-03-03T02:26:01.863+0000] {logging_mixin.py:149} INFO - [2026-03-03T02:26:01.863+0000] {dag.py:3490} INFO - Setting next_dagrun for example_subdag_operator.section-2 to None, run_after=None
[2026-03-03T02:26:01.868+0000] {logging_mixin.py:149} INFO - [2026-03-03T02:26:01.868+0000] {dag.py:2726} INFO - Sync 2 DAGs
[2026-03-03T02:26:01.871+0000] {logging_mixin.py:149} INFO - [2026-03-03T02:26:01.871+0000] {dag.py:3490} INFO - Setting next_dagrun for example_subdag_operator.section-1 to None, run_after=None
[2026-03-03T02:26:01.872+0000] {logging_mixin.py:149} INFO - [2026-03-03T02:26:01.872+0000] {dag.py:3490} INFO - Setting next_dagrun for example_subdag_operator.section-2 to None, run_after=None
[2026-03-03T02:26:01.879+0000] {processor.py:178} INFO - Processing /home/airflow/.local/lib/python3.7/site-packages/airflow/example_dags/example_subdag_operator.py took 0.077 seconds
[2026-03-03T02:26:32.813+0000] {processor.py:156} INFO - Started process (PID=833) to work on /home/airflow/.local/lib/python3.7/site-packages/airflow/example_dags/example_subdag_operator.py
[2026-03-03T02:26:32.814+0000] {processor.py:799} INFO - Processing file /home/airflow/.local/lib/python3.7/site-packages/airflow/example_dags/example_subdag_operator.py for tasks to queue
[2026-03-03T02:26:32.814+0000] {logging_mixin.py:149} INFO - [2026-03-03T02:26:32.814+0000] {dagbag.py:541} INFO - Filling up the DagBag from /home/airflow/.local/lib/python3.7/site-packages/airflow/example_dags/example_subdag_operator.py
[2026-03-03T02:26:32.835+0000] {processor.py:809} INFO - DAG(s) dict_keys(['example_subdag_operator.section-1', 'example_subdag_operator.section-2', 'example_subdag_operator']) retrieved from /home/airflow/.local/lib/python3.7/site-packages/airflow/example_dags/example_subdag_operator.py
[2026-03-03T02:26:32.849+0000] {logging_mixin.py:149} INFO - [2026-03-03T02:26:32.849+0000] {dag.py:2726} INFO - Sync 3 DAGs
[2026-03-03T02:26:32.866+0000] {logging_mixin.py:149} INFO - [2026-03-03T02:26:32.866+0000] {dag.py:3490} INFO - Setting next_dagrun for example_subdag_operator to 2022-01-01T00:00:00+00:00, run_after=2022-01-01T00:00:00+00:00
[2026-03-03T02:26:32.874+0000] {logging_mixin.py:149} INFO - [2026-03-03T02:26:32.873+0000] {dag.py:3490} INFO - Setting next_dagrun for example_subdag_operator.section-1 to None, run_after=None
[2026-03-03T02:26:32.877+0000] {logging_mixin.py:149} INFO - [2026-03-03T02:26:32.877+0000] {dag.py:3490} INFO - Setting next_dagrun for example_subdag_operator.section-2 to None, run_after=None
[2026-03-03T02:26:32.883+0000] {logging_mixin.py:149} INFO - [2026-03-03T02:26:32.882+0000] {dag.py:2726} INFO - Sync 2 DAGs
[2026-03-03T02:26:32.887+0000] {logging_mixin.py:149} INFO - [2026-03-03T02:26:32.887+0000] {dag.py:3490} INFO - Setting next_dagrun for example_subdag_operator.section-1 to None, run_after=None
[2026-03-03T02:26:32.888+0000] {logging_mixin.py:149} INFO - [2026-03-03T02:26:32.888+0000] {dag.py:3490} INFO - Setting next_dagrun for example_subdag_operator.section-2 to None, run_after=None
[2026-03-03T02:26:32.901+0000] {processor.py:178} INFO - Processing /home/airflow/.local/lib/python3.7/site-packages/airflow/example_dags/example_subdag_operator.py took 0.091 seconds
[2026-03-03T02:27:03.769+0000] {processor.py:156} INFO - Started process (PID=896) to work on /home/airflow/.local/lib/python3.7/site-packages/airflow/example_dags/example_subdag_operator.py
[2026-03-03T02:27:03.769+0000] {processor.py:799} INFO - Processing file /home/airflow/.local/lib/python3.7/site-packages/airflow/example_dags/example_subdag_operator.py for tasks to queue
[2026-03-03T02:27:03.770+0000] {logging_mixin.py:149} INFO - [2026-03-03T02:27:03.770+0000] {dagbag.py:541} INFO - Filling up the DagBag from /home/airflow/.local/lib/python3.7/site-packages/airflow/example_dags/example_subdag_operator.py
[2026-03-03T02:27:03.793+0000] {processor.py:809} INFO - DAG(s) dict_keys(['example_subdag_operator.section-1', 'example_subdag_operator.section-2', 'example_subdag_operator']) retrieved from /home/airflow/.local/lib/python3.7/site-packages/airflow/example_dags/example_subdag_operator.py
[2026-03-03T02:27:03.807+0000] {logging_mixin.py:149} INFO - [2026-03-03T02:27:03.807+0000] {dag.py:2726} INFO - Sync 3 DAGs
[2026-03-03T02:27:03.820+0000] {logging_mixin.py:149} INFO - [2026-03-03T02:27:03.820+0000] {dag.py:3490} INFO - Setting next_dagrun for example_subdag_operator to 2022-01-01T00:00:00+00:00, run_after=2022-01-01T00:00:00+00:00
[2026-03-03T02:27:03.822+0000] {logging_mixin.py:149} INFO - [2026-03-03T02:27:03.822+0000] {dag.py:3490} INFO - Setting next_dagrun for example_subdag_operator.section-1 to None, run_after=None
[2026-03-03T02:27:03.822+0000] {logging_mixin.py:149} INFO - [2026-03-03T02:27:03.822+0000] {dag.py:3490} INFO - Setting next_dagrun for example_subdag_operator.section-2 to None, run_after=None
[2026-03-03T02:27:03.828+0000] {logging_mixin.py:149} INFO - [2026-03-03T02:27:03.828+0000] {dag.py:2726} INFO - Sync 2 DAGs
[2026-03-03T02:27:03.832+0000] {logging_mixin.py:149} INFO - [2026-03-03T02:27:03.832+0000] {dag.py:3490} INFO - Setting next_dagrun for example_subdag_operator.section-1 to None, run_after=None
[2026-03-03T02:27:03.833+0000] {logging_mixin.py:149} INFO - [2026-03-03T02:27:03.833+0000] {dag.py:3490} INFO - Setting next_dagrun for example_subdag_operator.section-2 to None, run_after=None
[2026-03-03T02:27:03.843+0000] {processor.py:178} INFO - Processing /home/airflow/.local/lib/python3.7/site-packages/airflow/example_dags/example_subdag_operator.py took 0.076 seconds
[2026-03-03T02:28:43.850+0000] {processor.py:156} INFO - Started process (PID=135) to work on /home/airflow/.local/lib/python3.7/site-packages/airflow/example_dags/example_subdag_operator.py
[2026-03-03T02:28:43.851+0000] {processor.py:799} INFO - Processing file /home/airflow/.local/lib/python3.7/site-packages/airflow/example_dags/example_subdag_operator.py for tasks to queue
[2026-03-03T02:28:43.851+0000] {logging_mixin.py:149} INFO - [2026-03-03T02:28:43.851+0000] {dagbag.py:541} INFO - Filling up the DagBag from /home/airflow/.local/lib/python3.7/site-packages/airflow/example_dags/example_subdag_operator.py
[2026-03-03T02:28:43.863+0000] {processor.py:809} INFO - DAG(s) dict_keys(['example_subdag_operator.section-1', 'example_subdag_operator.section-2', 'example_subdag_operator']) retrieved from /home/airflow/.local/lib/python3.7/site-packages/airflow/example_dags/example_subdag_operator.py
[2026-03-03T02:28:43.872+0000] {logging_mixin.py:149} INFO - [2026-03-03T02:28:43.872+0000] {dag.py:2726} INFO - Sync 3 DAGs
[2026-03-03T02:28:43.883+0000] {logging_mixin.py:149} INFO - [2026-03-03T02:28:43.883+0000] {dag.py:3490} INFO - Setting next_dagrun for example_subdag_operator to 2022-01-01T00:00:00+00:00, run_after=2022-01-01T00:00:00+00:00
[2026-03-03T02:28:43.885+0000] {logging_mixin.py:149} INFO - [2026-03-03T02:28:43.885+0000] {dag.py:3490} INFO - Setting next_dagrun for example_subdag_operator.section-1 to None, run_after=None
[2026-03-03T02:28:43.885+0000] {logging_mixin.py:149} INFO - [2026-03-03T02:28:43.885+0000] {dag.py:3490} INFO - Setting next_dagrun for example_subdag_operator.section-2 to None, run_after=None
[2026-03-03T02:28:43.888+0000] {logging_mixin.py:149} INFO - [2026-03-03T02:28:43.888+0000] {dag.py:2726} INFO - Sync 2 DAGs
[2026-03-03T02:28:43.891+0000] {logging_mixin.py:149} INFO - [2026-03-03T02:28:43.890+0000] {dag.py:3490} INFO - Setting next_dagrun for example_subdag_operator.section-1 to None, run_after=None
[2026-03-03T02:28:43.891+0000] {logging_mixin.py:149} INFO - [2026-03-03T02:28:43.891+0000] {dag.py:3490} INFO - Setting next_dagrun for example_subdag_operator.section-2 to None, run_after=None
[2026-03-03T02:28:43.895+0000] {processor.py:178} INFO - Processing /home/airflow/.local/lib/python3.7/site-packages/airflow/example_dags/example_subdag_operator.py took 0.047 seconds
[2026-03-03T02:29:13.976+0000] {processor.py:156} INFO - Started process (PID=207) to work on /home/airflow/.local/lib/python3.7/site-packages/airflow/example_dags/example_subdag_operator.py
[2026-03-03T02:29:13.977+0000] {processor.py:799} INFO - Processing file /home/airflow/.local/lib/python3.7/site-packages/airflow/example_dags/example_subdag_operator.py for tasks to queue
[2026-03-03T02:29:13.977+0000] {logging_mixin.py:149} INFO - [2026-03-03T02:29:13.977+0000] {dagbag.py:541} INFO - Filling up the DagBag from /home/airflow/.local/lib/python3.7/site-packages/airflow/example_dags/example_subdag_operator.py
[2026-03-03T02:29:13.993+0000] {processor.py:809} INFO - DAG(s) dict_keys(['example_subdag_operator.section-1', 'example_subdag_operator.section-2', 'example_subdag_operator']) retrieved from /home/airflow/.local/lib/python3.7/site-packages/airflow/example_dags/example_subdag_operator.py
[2026-03-03T02:29:14.008+0000] {logging_mixin.py:149} INFO - [2026-03-03T02:29:14.007+0000] {dag.py:2726} INFO - Sync 3 DAGs
[2026-03-03T02:29:14.021+0000] {logging_mixin.py:149} INFO - [2026-03-03T02:29:14.020+0000] {dag.py:3490} INFO - Setting next_dagrun for example_subdag_operator to 2022-01-01T00:00:00+00:00, run_after=2022-01-01T00:00:00+00:00
[2026-03-03T02:29:14.022+0000] {logging_mixin.py:149} INFO - [2026-03-03T02:29:14.022+0000] {dag.py:3490} INFO - Setting next_dagrun for example_subdag_operator.section-1 to None, run_after=None
[2026-03-03T02:29:14.023+0000] {logging_mixin.py:149} INFO - [2026-03-03T02:29:14.023+0000] {dag.py:3490} INFO - Setting next_dagrun for example_subdag_operator.section-2 to None, run_after=None
[2026-03-03T02:29:14.028+0000] {logging_mixin.py:149} INFO - [2026-03-03T02:29:14.027+0000] {dag.py:2726} INFO - Sync 2 DAGs
[2026-03-03T02:29:14.032+0000] {logging_mixin.py:149} INFO - [2026-03-03T02:29:14.032+0000] {dag.py:3490} INFO - Setting next_dagrun for example_subdag_operator.section-1 to None, run_after=None
[2026-03-03T02:29:14.032+0000] {logging_mixin.py:149} INFO - [2026-03-03T02:29:14.032+0000] {dag.py:3490} INFO - Setting next_dagrun for example_subdag_operator.section-2 to None, run_after=None
[2026-03-03T02:29:14.038+0000] {processor.py:178} INFO - Processing /home/airflow/.local/lib/python3.7/site-packages/airflow/example_dags/example_subdag_operator.py took 0.064 seconds
[2026-03-03T02:29:49.326+0000] {processor.py:156} INFO - Started process (PID=287) to work on /home/airflow/.local/lib/python3.7/site-packages/airflow/example_dags/example_subdag_operator.py
[2026-03-03T02:29:49.331+0000] {processor.py:799} INFO - Processing file /home/airflow/.local/lib/python3.7/site-packages/airflow/example_dags/example_subdag_operator.py for tasks to queue
[2026-03-03T02:29:49.333+0000] {logging_mixin.py:149} INFO - [2026-03-03T02:29:49.333+0000] {dagbag.py:541} INFO - Filling up the DagBag from /home/airflow/.local/lib/python3.7/site-packages/airflow/example_dags/example_subdag_operator.py
[2026-03-03T02:29:49.393+0000] {processor.py:809} INFO - DAG(s) dict_keys(['example_subdag_operator.section-1', 'example_subdag_operator.section-2', 'example_subdag_operator']) retrieved from /home/airflow/.local/lib/python3.7/site-packages/airflow/example_dags/example_subdag_operator.py
[2026-03-03T02:29:49.440+0000] {logging_mixin.py:149} INFO - [2026-03-03T02:29:49.439+0000] {dag.py:2726} INFO - Sync 3 DAGs
[2026-03-03T02:29:49.499+0000] {logging_mixin.py:149} INFO - [2026-03-03T02:29:49.498+0000] {dag.py:3490} INFO - Setting next_dagrun for example_subdag_operator to 2022-01-01T00:00:00+00:00, run_after=2022-01-01T00:00:00+00:00
[2026-03-03T02:29:49.515+0000] {logging_mixin.py:149} INFO - [2026-03-03T02:29:49.514+0000] {dag.py:3490} INFO - Setting next_dagrun for example_subdag_operator.section-1 to None, run_after=None
[2026-03-03T02:29:49.519+0000] {logging_mixin.py:149} INFO - [2026-03-03T02:29:49.519+0000] {dag.py:3490} INFO - Setting next_dagrun for example_subdag_operator.section-2 to None, run_after=None
[2026-03-03T02:29:49.541+0000] {logging_mixin.py:149} INFO - [2026-03-03T02:29:49.540+0000] {dag.py:2726} INFO - Sync 2 DAGs
[2026-03-03T02:29:49.557+0000] {logging_mixin.py:149} INFO - [2026-03-03T02:29:49.556+0000] {dag.py:3490} INFO - Setting next_dagrun for example_subdag_operator.section-1 to None, run_after=None
[2026-03-03T02:29:49.558+0000] {logging_mixin.py:149} INFO - [2026-03-03T02:29:49.557+0000] {dag.py:3490} INFO - Setting next_dagrun for example_subdag_operator.section-2 to None, run_after=None
[2026-03-03T02:29:49.592+0000] {processor.py:178} INFO - Processing /home/airflow/.local/lib/python3.7/site-packages/airflow/example_dags/example_subdag_operator.py took 0.272 seconds
[2026-03-03T02:30:20.348+0000] {processor.py:156} INFO - Started process (PID=359) to work on /home/airflow/.local/lib/python3.7/site-packages/airflow/example_dags/example_subdag_operator.py
[2026-03-03T02:30:20.352+0000] {processor.py:799} INFO - Processing file /home/airflow/.local/lib/python3.7/site-packages/airflow/example_dags/example_subdag_operator.py for tasks to queue
[2026-03-03T02:30:20.354+0000] {logging_mixin.py:149} INFO - [2026-03-03T02:30:20.353+0000] {dagbag.py:541} INFO - Filling up the DagBag from /home/airflow/.local/lib/python3.7/site-packages/airflow/example_dags/example_subdag_operator.py
[2026-03-03T02:30:20.410+0000] {processor.py:809} INFO - DAG(s) dict_keys(['example_subdag_operator.section-1', 'example_subdag_operator.section-2', 'example_subdag_operator']) retrieved from /home/airflow/.local/lib/python3.7/site-packages/airflow/example_dags/example_subdag_operator.py
[2026-03-03T02:30:20.457+0000] {logging_mixin.py:149} INFO - [2026-03-03T02:30:20.456+0000] {dag.py:2726} INFO - Sync 3 DAGs
[2026-03-03T02:30:20.514+0000] {logging_mixin.py:149} INFO - [2026-03-03T02:30:20.513+0000] {dag.py:3490} INFO - Setting next_dagrun for example_subdag_operator to 2022-01-01T00:00:00+00:00, run_after=2022-01-01T00:00:00+00:00
[2026-03-03T02:30:20.521+0000] {logging_mixin.py:149} INFO - [2026-03-03T02:30:20.521+0000] {dag.py:3490} INFO - Setting next_dagrun for example_subdag_operator.section-1 to None, run_after=None
[2026-03-03T02:30:20.525+0000] {logging_mixin.py:149} INFO - [2026-03-03T02:30:20.525+0000] {dag.py:3490} INFO - Setting next_dagrun for example_subdag_operator.section-2 to None, run_after=None
[2026-03-03T02:30:20.548+0000] {logging_mixin.py:149} INFO - [2026-03-03T02:30:20.547+0000] {dag.py:2726} INFO - Sync 2 DAGs
[2026-03-03T02:30:20.567+0000] {logging_mixin.py:149} INFO - [2026-03-03T02:30:20.567+0000] {dag.py:3490} INFO - Setting next_dagrun for example_subdag_operator.section-1 to None, run_after=None
[2026-03-03T02:30:20.570+0000] {logging_mixin.py:149} INFO - [2026-03-03T02:30:20.570+0000] {dag.py:3490} INFO - Setting next_dagrun for example_subdag_operator.section-2 to None, run_after=None
[2026-03-03T02:30:20.607+0000] {processor.py:178} INFO - Processing /home/airflow/.local/lib/python3.7/site-packages/airflow/example_dags/example_subdag_operator.py took 0.264 seconds
[2026-03-03T02:30:51.929+0000] {processor.py:156} INFO - Started process (PID=432) to work on /home/airflow/.local/lib/python3.7/site-packages/airflow/example_dags/example_subdag_operator.py
[2026-03-03T02:30:51.931+0000] {processor.py:799} INFO - Processing file /home/airflow/.local/lib/python3.7/site-packages/airflow/example_dags/example_subdag_operator.py for tasks to queue
[2026-03-03T02:30:51.933+0000] {logging_mixin.py:149} INFO - [2026-03-03T02:30:51.933+0000] {dagbag.py:541} INFO - Filling up the DagBag from /home/airflow/.local/lib/python3.7/site-packages/airflow/example_dags/example_subdag_operator.py
[2026-03-03T02:30:51.992+0000] {processor.py:809} INFO - DAG(s) dict_keys(['example_subdag_operator.section-1', 'example_subdag_operator.section-2', 'example_subdag_operator']) retrieved from /home/airflow/.local/lib/python3.7/site-packages/airflow/example_dags/example_subdag_operator.py
[2026-03-03T02:30:52.038+0000] {logging_mixin.py:149} INFO - [2026-03-03T02:30:52.037+0000] {dag.py:2726} INFO - Sync 3 DAGs
[2026-03-03T02:30:52.096+0000] {logging_mixin.py:149} INFO - [2026-03-03T02:30:52.095+0000] {dag.py:3490} INFO - Setting next_dagrun for example_subdag_operator to 2022-01-01T00:00:00+00:00, run_after=2022-01-01T00:00:00+00:00
[2026-03-03T02:30:52.108+0000] {logging_mixin.py:149} INFO - [2026-03-03T02:30:52.107+0000] {dag.py:3490} INFO - Setting next_dagrun for example_subdag_operator.section-1 to None, run_after=None
[2026-03-03T02:30:52.111+0000] {logging_mixin.py:149} INFO - [2026-03-03T02:30:52.111+0000] {dag.py:3490} INFO - Setting next_dagrun for example_subdag_operator.section-2 to None, run_after=None
[2026-03-03T02:30:52.130+0000] {logging_mixin.py:149} INFO - [2026-03-03T02:30:52.129+0000] {dag.py:2726} INFO - Sync 2 DAGs
[2026-03-03T02:30:52.147+0000] {logging_mixin.py:149} INFO - [2026-03-03T02:30:52.146+0000] {dag.py:3490} INFO - Setting next_dagrun for example_subdag_operator.section-1 to None, run_after=None
[2026-03-03T02:30:52.148+0000] {logging_mixin.py:149} INFO - [2026-03-03T02:30:52.148+0000] {dag.py:3490} INFO - Setting next_dagrun for example_subdag_operator.section-2 to None, run_after=None
[2026-03-03T02:30:52.182+0000] {processor.py:178} INFO - Processing /home/airflow/.local/lib/python3.7/site-packages/airflow/example_dags/example_subdag_operator.py took 0.258 seconds
