[2026-03-03T00:56:04.810+0000] {processor.py:156} INFO - Started process (PID=67) to work on /home/airflow/.local/lib/python3.7/site-packages/airflow/example_dags/example_branch_datetime_operator.py
[2026-03-03T00:56:04.811+0000] {processor.py:799} INFO - Processing file /home/airflow/.local/lib/python3.7/site-packages/airflow/example_dags/example_branch_datetime_operator.py for tasks to queue
[2026-03-03T00:56:04.812+0000] {logging_mixin.py:149} INFO - [2026-03-03T00:56:04.812+0000] {dagbag.py:541} INFO - Filling up the DagBag from /home/airflow/.local/lib/python3.7/site-packages/airflow/example_dags/example_branch_datetime_operator.py
[2026-03-03T00:56:04.824+0000] {processor.py:809} INFO - DAG(s) dict_keys(['example_branch_datetime_operator_2', 'example_branch_datetime_operator', 'example_branch_datetime_operator_3']) retrieved from /home/airflow/.local/lib/python3.7/site-packages/airflow/example_dags/example_branch_datetime_operator.py
[2026-03-03T00:56:04.841+0000] {logging_mixin.py:149} INFO - [2026-03-03T00:56:04.841+0000] {dag.py:2726} INFO - Sync 3 DAGs
[2026-03-03T00:56:04.864+0000] {logging_mixin.py:149} INFO - [2026-03-03T00:56:04.864+0000] {dag.py:3490} INFO - Setting next_dagrun for example_branch_datetime_operator to 2026-03-02T00:00:00+00:00, run_after=2026-03-03T00:00:00+00:00
[2026-03-03T00:56:04.870+0000] {logging_mixin.py:149} INFO - [2026-03-03T00:56:04.869+0000] {dag.py:3490} INFO - Setting next_dagrun for example_branch_datetime_operator_2 to 2026-03-02T00:00:00+00:00, run_after=2026-03-03T00:00:00+00:00
[2026-03-03T00:56:04.874+0000] {logging_mixin.py:149} INFO - [2026-03-03T00:56:04.874+0000] {dag.py:3490} INFO - Setting next_dagrun for example_branch_datetime_operator_3 to 2026-03-02T00:00:00+00:00, run_after=2026-03-03T00:00:00+00:00
[2026-03-03T00:56:04.897+0000] {processor.py:178} INFO - Processing /home/airflow/.local/lib/python3.7/site-packages/airflow/example_dags/example_branch_datetime_operator.py took 0.091 seconds
[2026-03-03T00:56:37.151+0000] {processor.py:156} INFO - Started process (PID=129) to work on /home/airflow/.local/lib/python3.7/site-packages/airflow/example_dags/example_branch_datetime_operator.py
[2026-03-03T00:56:37.153+0000] {processor.py:799} INFO - Processing file /home/airflow/.local/lib/python3.7/site-packages/airflow/example_dags/example_branch_datetime_operator.py for tasks to queue
[2026-03-03T00:56:37.154+0000] {logging_mixin.py:149} INFO - [2026-03-03T00:56:37.154+0000] {dagbag.py:541} INFO - Filling up the DagBag from /home/airflow/.local/lib/python3.7/site-packages/airflow/example_dags/example_branch_datetime_operator.py
[2026-03-03T00:56:37.160+0000] {processor.py:809} INFO - DAG(s) dict_keys(['example_branch_datetime_operator', 'example_branch_datetime_operator_2', 'example_branch_datetime_operator_3']) retrieved from /home/airflow/.local/lib/python3.7/site-packages/airflow/example_dags/example_branch_datetime_operator.py
[2026-03-03T00:56:37.181+0000] {logging_mixin.py:149} INFO - [2026-03-03T00:56:37.180+0000] {dag.py:2726} INFO - Sync 3 DAGs
[2026-03-03T00:56:37.194+0000] {logging_mixin.py:149} INFO - [2026-03-03T00:56:37.194+0000] {dag.py:3490} INFO - Setting next_dagrun for example_branch_datetime_operator to 2026-03-02T00:00:00+00:00, run_after=2026-03-03T00:00:00+00:00
[2026-03-03T00:56:37.198+0000] {logging_mixin.py:149} INFO - [2026-03-03T00:56:37.198+0000] {dag.py:3490} INFO - Setting next_dagrun for example_branch_datetime_operator_2 to 2026-03-02T00:00:00+00:00, run_after=2026-03-03T00:00:00+00:00
[2026-03-03T00:56:37.203+0000] {logging_mixin.py:149} INFO - [2026-03-03T00:56:37.202+0000] {dag.py:3490} INFO - Setting next_dagrun for example_branch_datetime_operator_3 to 2026-03-02T00:00:00+00:00, run_after=2026-03-03T00:00:00+00:00
[2026-03-03T00:56:37.215+0000] {processor.py:178} INFO - Processing /home/airflow/.local/lib/python3.7/site-packages/airflow/example_dags/example_branch_datetime_operator.py took 0.066 seconds
[2026-03-03T00:57:08.037+0000] {processor.py:156} INFO - Started process (PID=191) to work on /home/airflow/.local/lib/python3.7/site-packages/airflow/example_dags/example_branch_datetime_operator.py
[2026-03-03T00:57:08.040+0000] {processor.py:799} INFO - Processing file /home/airflow/.local/lib/python3.7/site-packages/airflow/example_dags/example_branch_datetime_operator.py for tasks to queue
[2026-03-03T00:57:08.040+0000] {logging_mixin.py:149} INFO - [2026-03-03T00:57:08.040+0000] {dagbag.py:541} INFO - Filling up the DagBag from /home/airflow/.local/lib/python3.7/site-packages/airflow/example_dags/example_branch_datetime_operator.py
[2026-03-03T00:57:08.044+0000] {processor.py:809} INFO - DAG(s) dict_keys(['example_branch_datetime_operator_2', 'example_branch_datetime_operator', 'example_branch_datetime_operator_3']) retrieved from /home/airflow/.local/lib/python3.7/site-packages/airflow/example_dags/example_branch_datetime_operator.py
[2026-03-03T00:57:08.062+0000] {logging_mixin.py:149} INFO - [2026-03-03T00:57:08.062+0000] {dag.py:2726} INFO - Sync 3 DAGs
[2026-03-03T00:57:08.076+0000] {logging_mixin.py:149} INFO - [2026-03-03T00:57:08.075+0000] {dag.py:3490} INFO - Setting next_dagrun for example_branch_datetime_operator to 2026-03-02T00:00:00+00:00, run_after=2026-03-03T00:00:00+00:00
[2026-03-03T00:57:08.078+0000] {logging_mixin.py:149} INFO - [2026-03-03T00:57:08.078+0000] {dag.py:3490} INFO - Setting next_dagrun for example_branch_datetime_operator_2 to 2026-03-02T00:00:00+00:00, run_after=2026-03-03T00:00:00+00:00
[2026-03-03T00:57:08.079+0000] {logging_mixin.py:149} INFO - [2026-03-03T00:57:08.079+0000] {dag.py:3490} INFO - Setting next_dagrun for example_branch_datetime_operator_3 to 2026-03-02T00:00:00+00:00, run_after=2026-03-03T00:00:00+00:00
[2026-03-03T00:57:08.090+0000] {processor.py:178} INFO - Processing /home/airflow/.local/lib/python3.7/site-packages/airflow/example_dags/example_branch_datetime_operator.py took 0.054 seconds
[2026-03-03T00:57:38.953+0000] {processor.py:156} INFO - Started process (PID=253) to work on /home/airflow/.local/lib/python3.7/site-packages/airflow/example_dags/example_branch_datetime_operator.py
[2026-03-03T00:57:38.953+0000] {processor.py:799} INFO - Processing file /home/airflow/.local/lib/python3.7/site-packages/airflow/example_dags/example_branch_datetime_operator.py for tasks to queue
[2026-03-03T00:57:38.954+0000] {logging_mixin.py:149} INFO - [2026-03-03T00:57:38.954+0000] {dagbag.py:541} INFO - Filling up the DagBag from /home/airflow/.local/lib/python3.7/site-packages/airflow/example_dags/example_branch_datetime_operator.py
[2026-03-03T00:57:38.960+0000] {processor.py:809} INFO - DAG(s) dict_keys(['example_branch_datetime_operator_2', 'example_branch_datetime_operator_3', 'example_branch_datetime_operator']) retrieved from /home/airflow/.local/lib/python3.7/site-packages/airflow/example_dags/example_branch_datetime_operator.py
[2026-03-03T00:57:38.981+0000] {logging_mixin.py:149} INFO - [2026-03-03T00:57:38.981+0000] {dag.py:2726} INFO - Sync 3 DAGs
[2026-03-03T00:57:39.000+0000] {logging_mixin.py:149} INFO - [2026-03-03T00:57:39.000+0000] {dag.py:3490} INFO - Setting next_dagrun for example_branch_datetime_operator to 2026-03-02T00:00:00+00:00, run_after=2026-03-03T00:00:00+00:00
[2026-03-03T00:57:39.003+0000] {logging_mixin.py:149} INFO - [2026-03-03T00:57:39.003+0000] {dag.py:3490} INFO - Setting next_dagrun for example_branch_datetime_operator_2 to 2026-03-02T00:00:00+00:00, run_after=2026-03-03T00:00:00+00:00
[2026-03-03T00:57:39.004+0000] {logging_mixin.py:149} INFO - [2026-03-03T00:57:39.004+0000] {dag.py:3490} INFO - Setting next_dagrun for example_branch_datetime_operator_3 to 2026-03-02T00:00:00+00:00, run_after=2026-03-03T00:00:00+00:00
[2026-03-03T00:57:39.024+0000] {processor.py:178} INFO - Processing /home/airflow/.local/lib/python3.7/site-packages/airflow/example_dags/example_branch_datetime_operator.py took 0.072 seconds
[2026-03-03T00:58:09.311+0000] {processor.py:156} INFO - Started process (PID=315) to work on /home/airflow/.local/lib/python3.7/site-packages/airflow/example_dags/example_branch_datetime_operator.py
[2026-03-03T00:58:09.311+0000] {processor.py:799} INFO - Processing file /home/airflow/.local/lib/python3.7/site-packages/airflow/example_dags/example_branch_datetime_operator.py for tasks to queue
[2026-03-03T00:58:09.312+0000] {logging_mixin.py:149} INFO - [2026-03-03T00:58:09.312+0000] {dagbag.py:541} INFO - Filling up the DagBag from /home/airflow/.local/lib/python3.7/site-packages/airflow/example_dags/example_branch_datetime_operator.py
[2026-03-03T00:58:09.323+0000] {processor.py:809} INFO - DAG(s) dict_keys(['example_branch_datetime_operator_3', 'example_branch_datetime_operator', 'example_branch_datetime_operator_2']) retrieved from /home/airflow/.local/lib/python3.7/site-packages/airflow/example_dags/example_branch_datetime_operator.py
[2026-03-03T00:58:09.339+0000] {logging_mixin.py:149} INFO - [2026-03-03T00:58:09.338+0000] {dag.py:2726} INFO - Sync 3 DAGs
[2026-03-03T00:58:09.355+0000] {logging_mixin.py:149} INFO - [2026-03-03T00:58:09.355+0000] {dag.py:3490} INFO - Setting next_dagrun for example_branch_datetime_operator to 2026-03-02T00:00:00+00:00, run_after=2026-03-03T00:00:00+00:00
[2026-03-03T00:58:09.359+0000] {logging_mixin.py:149} INFO - [2026-03-03T00:58:09.359+0000] {dag.py:3490} INFO - Setting next_dagrun for example_branch_datetime_operator_2 to 2026-03-02T00:00:00+00:00, run_after=2026-03-03T00:00:00+00:00
[2026-03-03T00:58:09.364+0000] {logging_mixin.py:149} INFO - [2026-03-03T00:58:09.363+0000] {dag.py:3490} INFO - Setting next_dagrun for example_branch_datetime_operator_3 to 2026-03-02T00:00:00+00:00, run_after=2026-03-03T00:00:00+00:00
[2026-03-03T00:58:09.378+0000] {processor.py:178} INFO - Processing /home/airflow/.local/lib/python3.7/site-packages/airflow/example_dags/example_branch_datetime_operator.py took 0.069 seconds
[2026-03-03T00:58:40.235+0000] {processor.py:156} INFO - Started process (PID=377) to work on /home/airflow/.local/lib/python3.7/site-packages/airflow/example_dags/example_branch_datetime_operator.py
[2026-03-03T00:58:40.236+0000] {processor.py:799} INFO - Processing file /home/airflow/.local/lib/python3.7/site-packages/airflow/example_dags/example_branch_datetime_operator.py for tasks to queue
[2026-03-03T00:58:40.237+0000] {logging_mixin.py:149} INFO - [2026-03-03T00:58:40.237+0000] {dagbag.py:541} INFO - Filling up the DagBag from /home/airflow/.local/lib/python3.7/site-packages/airflow/example_dags/example_branch_datetime_operator.py
[2026-03-03T00:58:40.241+0000] {processor.py:809} INFO - DAG(s) dict_keys(['example_branch_datetime_operator_2', 'example_branch_datetime_operator', 'example_branch_datetime_operator_3']) retrieved from /home/airflow/.local/lib/python3.7/site-packages/airflow/example_dags/example_branch_datetime_operator.py
[2026-03-03T00:58:40.255+0000] {logging_mixin.py:149} INFO - [2026-03-03T00:58:40.255+0000] {dag.py:2726} INFO - Sync 3 DAGs
[2026-03-03T00:58:40.268+0000] {logging_mixin.py:149} INFO - [2026-03-03T00:58:40.268+0000] {dag.py:3490} INFO - Setting next_dagrun for example_branch_datetime_operator to 2026-03-02T00:00:00+00:00, run_after=2026-03-03T00:00:00+00:00
[2026-03-03T00:58:40.272+0000] {logging_mixin.py:149} INFO - [2026-03-03T00:58:40.272+0000] {dag.py:3490} INFO - Setting next_dagrun for example_branch_datetime_operator_2 to 2026-03-02T00:00:00+00:00, run_after=2026-03-03T00:00:00+00:00
[2026-03-03T00:58:40.275+0000] {logging_mixin.py:149} INFO - [2026-03-03T00:58:40.275+0000] {dag.py:3490} INFO - Setting next_dagrun for example_branch_datetime_operator_3 to 2026-03-02T00:00:00+00:00, run_after=2026-03-03T00:00:00+00:00
[2026-03-03T00:58:40.289+0000] {processor.py:178} INFO - Processing /home/airflow/.local/lib/python3.7/site-packages/airflow/example_dags/example_branch_datetime_operator.py took 0.056 seconds
[2026-03-03T00:59:11.304+0000] {processor.py:156} INFO - Started process (PID=439) to work on /home/airflow/.local/lib/python3.7/site-packages/airflow/example_dags/example_branch_datetime_operator.py
[2026-03-03T00:59:11.304+0000] {processor.py:799} INFO - Processing file /home/airflow/.local/lib/python3.7/site-packages/airflow/example_dags/example_branch_datetime_operator.py for tasks to queue
[2026-03-03T00:59:11.305+0000] {logging_mixin.py:149} INFO - [2026-03-03T00:59:11.305+0000] {dagbag.py:541} INFO - Filling up the DagBag from /home/airflow/.local/lib/python3.7/site-packages/airflow/example_dags/example_branch_datetime_operator.py
[2026-03-03T00:59:11.309+0000] {processor.py:809} INFO - DAG(s) dict_keys(['example_branch_datetime_operator', 'example_branch_datetime_operator_3', 'example_branch_datetime_operator_2']) retrieved from /home/airflow/.local/lib/python3.7/site-packages/airflow/example_dags/example_branch_datetime_operator.py
[2026-03-03T00:59:11.328+0000] {logging_mixin.py:149} INFO - [2026-03-03T00:59:11.328+0000] {dag.py:2726} INFO - Sync 3 DAGs
[2026-03-03T00:59:11.345+0000] {logging_mixin.py:149} INFO - [2026-03-03T00:59:11.345+0000] {dag.py:3490} INFO - Setting next_dagrun for example_branch_datetime_operator to 2026-03-02T00:00:00+00:00, run_after=2026-03-03T00:00:00+00:00
[2026-03-03T00:59:11.350+0000] {logging_mixin.py:149} INFO - [2026-03-03T00:59:11.350+0000] {dag.py:3490} INFO - Setting next_dagrun for example_branch_datetime_operator_2 to 2026-03-02T00:00:00+00:00, run_after=2026-03-03T00:00:00+00:00
[2026-03-03T00:59:11.355+0000] {logging_mixin.py:149} INFO - [2026-03-03T00:59:11.355+0000] {dag.py:3490} INFO - Setting next_dagrun for example_branch_datetime_operator_3 to 2026-03-02T00:00:00+00:00, run_after=2026-03-03T00:00:00+00:00
[2026-03-03T00:59:11.364+0000] {processor.py:178} INFO - Processing /home/airflow/.local/lib/python3.7/site-packages/airflow/example_dags/example_branch_datetime_operator.py took 0.062 seconds
[2026-03-03T00:59:42.106+0000] {processor.py:156} INFO - Started process (PID=501) to work on /home/airflow/.local/lib/python3.7/site-packages/airflow/example_dags/example_branch_datetime_operator.py
[2026-03-03T00:59:42.106+0000] {processor.py:799} INFO - Processing file /home/airflow/.local/lib/python3.7/site-packages/airflow/example_dags/example_branch_datetime_operator.py for tasks to queue
[2026-03-03T00:59:42.106+0000] {logging_mixin.py:149} INFO - [2026-03-03T00:59:42.106+0000] {dagbag.py:541} INFO - Filling up the DagBag from /home/airflow/.local/lib/python3.7/site-packages/airflow/example_dags/example_branch_datetime_operator.py
[2026-03-03T00:59:42.111+0000] {processor.py:809} INFO - DAG(s) dict_keys(['example_branch_datetime_operator_2', 'example_branch_datetime_operator_3', 'example_branch_datetime_operator']) retrieved from /home/airflow/.local/lib/python3.7/site-packages/airflow/example_dags/example_branch_datetime_operator.py
[2026-03-03T00:59:42.133+0000] {logging_mixin.py:149} INFO - [2026-03-03T00:59:42.133+0000] {dag.py:2726} INFO - Sync 3 DAGs
[2026-03-03T00:59:42.149+0000] {logging_mixin.py:149} INFO - [2026-03-03T00:59:42.148+0000] {dag.py:3490} INFO - Setting next_dagrun for example_branch_datetime_operator to 2026-03-02T00:00:00+00:00, run_after=2026-03-03T00:00:00+00:00
[2026-03-03T00:59:42.152+0000] {logging_mixin.py:149} INFO - [2026-03-03T00:59:42.152+0000] {dag.py:3490} INFO - Setting next_dagrun for example_branch_datetime_operator_2 to 2026-03-02T00:00:00+00:00, run_after=2026-03-03T00:00:00+00:00
[2026-03-03T00:59:42.156+0000] {logging_mixin.py:149} INFO - [2026-03-03T00:59:42.156+0000] {dag.py:3490} INFO - Setting next_dagrun for example_branch_datetime_operator_3 to 2026-03-02T00:00:00+00:00, run_after=2026-03-03T00:00:00+00:00
[2026-03-03T00:59:42.172+0000] {processor.py:178} INFO - Processing /home/airflow/.local/lib/python3.7/site-packages/airflow/example_dags/example_branch_datetime_operator.py took 0.068 seconds
[2026-03-03T01:00:13.541+0000] {processor.py:156} INFO - Started process (PID=563) to work on /home/airflow/.local/lib/python3.7/site-packages/airflow/example_dags/example_branch_datetime_operator.py
[2026-03-03T01:00:13.545+0000] {processor.py:799} INFO - Processing file /home/airflow/.local/lib/python3.7/site-packages/airflow/example_dags/example_branch_datetime_operator.py for tasks to queue
[2026-03-03T01:00:13.547+0000] {logging_mixin.py:149} INFO - [2026-03-03T01:00:13.547+0000] {dagbag.py:541} INFO - Filling up the DagBag from /home/airflow/.local/lib/python3.7/site-packages/airflow/example_dags/example_branch_datetime_operator.py
[2026-03-03T01:00:13.572+0000] {processor.py:809} INFO - DAG(s) dict_keys(['example_branch_datetime_operator', 'example_branch_datetime_operator_3', 'example_branch_datetime_operator_2']) retrieved from /home/airflow/.local/lib/python3.7/site-packages/airflow/example_dags/example_branch_datetime_operator.py
[2026-03-03T01:00:13.666+0000] {logging_mixin.py:149} INFO - [2026-03-03T01:00:13.666+0000] {dag.py:2726} INFO - Sync 3 DAGs
[2026-03-03T01:00:13.745+0000] {logging_mixin.py:149} INFO - [2026-03-03T01:00:13.742+0000] {dag.py:3490} INFO - Setting next_dagrun for example_branch_datetime_operator to 2026-03-02T00:00:00+00:00, run_after=2026-03-03T00:00:00+00:00
[2026-03-03T01:00:13.766+0000] {logging_mixin.py:149} INFO - [2026-03-03T01:00:13.765+0000] {dag.py:3490} INFO - Setting next_dagrun for example_branch_datetime_operator_2 to 2026-03-02T00:00:00+00:00, run_after=2026-03-03T00:00:00+00:00
[2026-03-03T01:00:13.778+0000] {logging_mixin.py:149} INFO - [2026-03-03T01:00:13.777+0000] {dag.py:3490} INFO - Setting next_dagrun for example_branch_datetime_operator_3 to 2026-03-02T00:00:00+00:00, run_after=2026-03-03T00:00:00+00:00
[2026-03-03T01:00:13.841+0000] {processor.py:178} INFO - Processing /home/airflow/.local/lib/python3.7/site-packages/airflow/example_dags/example_branch_datetime_operator.py took 0.312 seconds
[2026-03-03T01:00:44.747+0000] {processor.py:156} INFO - Started process (PID=625) to work on /home/airflow/.local/lib/python3.7/site-packages/airflow/example_dags/example_branch_datetime_operator.py
[2026-03-03T01:00:44.749+0000] {processor.py:799} INFO - Processing file /home/airflow/.local/lib/python3.7/site-packages/airflow/example_dags/example_branch_datetime_operator.py for tasks to queue
[2026-03-03T01:00:44.751+0000] {logging_mixin.py:149} INFO - [2026-03-03T01:00:44.751+0000] {dagbag.py:541} INFO - Filling up the DagBag from /home/airflow/.local/lib/python3.7/site-packages/airflow/example_dags/example_branch_datetime_operator.py
[2026-03-03T01:00:44.774+0000] {processor.py:809} INFO - DAG(s) dict_keys(['example_branch_datetime_operator_3', 'example_branch_datetime_operator', 'example_branch_datetime_operator_2']) retrieved from /home/airflow/.local/lib/python3.7/site-packages/airflow/example_dags/example_branch_datetime_operator.py
[2026-03-03T01:00:44.857+0000] {logging_mixin.py:149} INFO - [2026-03-03T01:00:44.857+0000] {dag.py:2726} INFO - Sync 3 DAGs
[2026-03-03T01:00:44.947+0000] {logging_mixin.py:149} INFO - [2026-03-03T01:00:44.946+0000] {dag.py:3490} INFO - Setting next_dagrun for example_branch_datetime_operator to 2026-03-02T00:00:00+00:00, run_after=2026-03-03T00:00:00+00:00
[2026-03-03T01:00:44.961+0000] {logging_mixin.py:149} INFO - [2026-03-03T01:00:44.961+0000] {dag.py:3490} INFO - Setting next_dagrun for example_branch_datetime_operator_2 to 2026-03-02T00:00:00+00:00, run_after=2026-03-03T00:00:00+00:00
[2026-03-03T01:00:44.970+0000] {logging_mixin.py:149} INFO - [2026-03-03T01:00:44.970+0000] {dag.py:3490} INFO - Setting next_dagrun for example_branch_datetime_operator_3 to 2026-03-02T00:00:00+00:00, run_after=2026-03-03T00:00:00+00:00
[2026-03-03T01:00:45.030+0000] {processor.py:178} INFO - Processing /home/airflow/.local/lib/python3.7/site-packages/airflow/example_dags/example_branch_datetime_operator.py took 0.290 seconds
[2026-03-03T01:01:15.906+0000] {processor.py:156} INFO - Started process (PID=687) to work on /home/airflow/.local/lib/python3.7/site-packages/airflow/example_dags/example_branch_datetime_operator.py
[2026-03-03T01:01:15.907+0000] {processor.py:799} INFO - Processing file /home/airflow/.local/lib/python3.7/site-packages/airflow/example_dags/example_branch_datetime_operator.py for tasks to queue
[2026-03-03T01:01:15.908+0000] {logging_mixin.py:149} INFO - [2026-03-03T01:01:15.908+0000] {dagbag.py:541} INFO - Filling up the DagBag from /home/airflow/.local/lib/python3.7/site-packages/airflow/example_dags/example_branch_datetime_operator.py
[2026-03-03T01:01:15.915+0000] {processor.py:809} INFO - DAG(s) dict_keys(['example_branch_datetime_operator_2', 'example_branch_datetime_operator', 'example_branch_datetime_operator_3']) retrieved from /home/airflow/.local/lib/python3.7/site-packages/airflow/example_dags/example_branch_datetime_operator.py
[2026-03-03T01:01:15.938+0000] {logging_mixin.py:149} INFO - [2026-03-03T01:01:15.938+0000] {dag.py:2726} INFO - Sync 3 DAGs
[2026-03-03T01:01:15.953+0000] {logging_mixin.py:149} INFO - [2026-03-03T01:01:15.953+0000] {dag.py:3490} INFO - Setting next_dagrun for example_branch_datetime_operator to 2026-03-02T00:00:00+00:00, run_after=2026-03-03T00:00:00+00:00
[2026-03-03T01:01:15.955+0000] {logging_mixin.py:149} INFO - [2026-03-03T01:01:15.955+0000] {dag.py:3490} INFO - Setting next_dagrun for example_branch_datetime_operator_2 to 2026-03-02T00:00:00+00:00, run_after=2026-03-03T00:00:00+00:00
[2026-03-03T01:01:15.957+0000] {logging_mixin.py:149} INFO - [2026-03-03T01:01:15.957+0000] {dag.py:3490} INFO - Setting next_dagrun for example_branch_datetime_operator_3 to 2026-03-02T00:00:00+00:00, run_after=2026-03-03T00:00:00+00:00
[2026-03-03T01:01:15.965+0000] {processor.py:178} INFO - Processing /home/airflow/.local/lib/python3.7/site-packages/airflow/example_dags/example_branch_datetime_operator.py took 0.063 seconds
[2026-03-03T01:01:46.660+0000] {processor.py:156} INFO - Started process (PID=749) to work on /home/airflow/.local/lib/python3.7/site-packages/airflow/example_dags/example_branch_datetime_operator.py
[2026-03-03T01:01:46.661+0000] {processor.py:799} INFO - Processing file /home/airflow/.local/lib/python3.7/site-packages/airflow/example_dags/example_branch_datetime_operator.py for tasks to queue
[2026-03-03T01:01:46.661+0000] {logging_mixin.py:149} INFO - [2026-03-03T01:01:46.661+0000] {dagbag.py:541} INFO - Filling up the DagBag from /home/airflow/.local/lib/python3.7/site-packages/airflow/example_dags/example_branch_datetime_operator.py
[2026-03-03T01:01:46.669+0000] {processor.py:809} INFO - DAG(s) dict_keys(['example_branch_datetime_operator', 'example_branch_datetime_operator_2', 'example_branch_datetime_operator_3']) retrieved from /home/airflow/.local/lib/python3.7/site-packages/airflow/example_dags/example_branch_datetime_operator.py
[2026-03-03T01:01:46.695+0000] {logging_mixin.py:149} INFO - [2026-03-03T01:01:46.694+0000] {dag.py:2726} INFO - Sync 3 DAGs
[2026-03-03T01:01:46.714+0000] {logging_mixin.py:149} INFO - [2026-03-03T01:01:46.713+0000] {dag.py:3490} INFO - Setting next_dagrun for example_branch_datetime_operator to 2026-03-02T00:00:00+00:00, run_after=2026-03-03T00:00:00+00:00
[2026-03-03T01:01:46.716+0000] {logging_mixin.py:149} INFO - [2026-03-03T01:01:46.716+0000] {dag.py:3490} INFO - Setting next_dagrun for example_branch_datetime_operator_2 to 2026-03-02T00:00:00+00:00, run_after=2026-03-03T00:00:00+00:00
[2026-03-03T01:01:46.718+0000] {logging_mixin.py:149} INFO - [2026-03-03T01:01:46.718+0000] {dag.py:3490} INFO - Setting next_dagrun for example_branch_datetime_operator_3 to 2026-03-02T00:00:00+00:00, run_after=2026-03-03T00:00:00+00:00
[2026-03-03T01:01:46.727+0000] {processor.py:178} INFO - Processing /home/airflow/.local/lib/python3.7/site-packages/airflow/example_dags/example_branch_datetime_operator.py took 0.070 seconds
[2026-03-03T01:02:17.483+0000] {processor.py:156} INFO - Started process (PID=811) to work on /home/airflow/.local/lib/python3.7/site-packages/airflow/example_dags/example_branch_datetime_operator.py
[2026-03-03T01:02:17.483+0000] {processor.py:799} INFO - Processing file /home/airflow/.local/lib/python3.7/site-packages/airflow/example_dags/example_branch_datetime_operator.py for tasks to queue
[2026-03-03T01:02:17.484+0000] {logging_mixin.py:149} INFO - [2026-03-03T01:02:17.484+0000] {dagbag.py:541} INFO - Filling up the DagBag from /home/airflow/.local/lib/python3.7/site-packages/airflow/example_dags/example_branch_datetime_operator.py
[2026-03-03T01:02:17.489+0000] {processor.py:809} INFO - DAG(s) dict_keys(['example_branch_datetime_operator', 'example_branch_datetime_operator_3', 'example_branch_datetime_operator_2']) retrieved from /home/airflow/.local/lib/python3.7/site-packages/airflow/example_dags/example_branch_datetime_operator.py
[2026-03-03T01:02:17.508+0000] {logging_mixin.py:149} INFO - [2026-03-03T01:02:17.507+0000] {dag.py:2726} INFO - Sync 3 DAGs
[2026-03-03T01:02:17.521+0000] {logging_mixin.py:149} INFO - [2026-03-03T01:02:17.521+0000] {dag.py:3490} INFO - Setting next_dagrun for example_branch_datetime_operator to 2026-03-02T00:00:00+00:00, run_after=2026-03-03T00:00:00+00:00
[2026-03-03T01:02:17.524+0000] {logging_mixin.py:149} INFO - [2026-03-03T01:02:17.524+0000] {dag.py:3490} INFO - Setting next_dagrun for example_branch_datetime_operator_2 to 2026-03-02T00:00:00+00:00, run_after=2026-03-03T00:00:00+00:00
[2026-03-03T01:02:17.525+0000] {logging_mixin.py:149} INFO - [2026-03-03T01:02:17.525+0000] {dag.py:3490} INFO - Setting next_dagrun for example_branch_datetime_operator_3 to 2026-03-02T00:00:00+00:00, run_after=2026-03-03T00:00:00+00:00
[2026-03-03T01:02:17.532+0000] {processor.py:178} INFO - Processing /home/airflow/.local/lib/python3.7/site-packages/airflow/example_dags/example_branch_datetime_operator.py took 0.052 seconds
[2026-03-03T01:02:48.221+0000] {processor.py:156} INFO - Started process (PID=873) to work on /home/airflow/.local/lib/python3.7/site-packages/airflow/example_dags/example_branch_datetime_operator.py
[2026-03-03T01:02:48.223+0000] {processor.py:799} INFO - Processing file /home/airflow/.local/lib/python3.7/site-packages/airflow/example_dags/example_branch_datetime_operator.py for tasks to queue
[2026-03-03T01:02:48.223+0000] {logging_mixin.py:149} INFO - [2026-03-03T01:02:48.223+0000] {dagbag.py:541} INFO - Filling up the DagBag from /home/airflow/.local/lib/python3.7/site-packages/airflow/example_dags/example_branch_datetime_operator.py
[2026-03-03T01:02:48.231+0000] {processor.py:809} INFO - DAG(s) dict_keys(['example_branch_datetime_operator_2', 'example_branch_datetime_operator', 'example_branch_datetime_operator_3']) retrieved from /home/airflow/.local/lib/python3.7/site-packages/airflow/example_dags/example_branch_datetime_operator.py
[2026-03-03T01:02:48.253+0000] {logging_mixin.py:149} INFO - [2026-03-03T01:02:48.253+0000] {dag.py:2726} INFO - Sync 3 DAGs
[2026-03-03T01:02:48.268+0000] {logging_mixin.py:149} INFO - [2026-03-03T01:02:48.268+0000] {dag.py:3490} INFO - Setting next_dagrun for example_branch_datetime_operator to 2026-03-02T00:00:00+00:00, run_after=2026-03-03T00:00:00+00:00
[2026-03-03T01:02:48.270+0000] {logging_mixin.py:149} INFO - [2026-03-03T01:02:48.270+0000] {dag.py:3490} INFO - Setting next_dagrun for example_branch_datetime_operator_2 to 2026-03-02T00:00:00+00:00, run_after=2026-03-03T00:00:00+00:00
[2026-03-03T01:02:48.272+0000] {logging_mixin.py:149} INFO - [2026-03-03T01:02:48.272+0000] {dag.py:3490} INFO - Setting next_dagrun for example_branch_datetime_operator_3 to 2026-03-02T00:00:00+00:00, run_after=2026-03-03T00:00:00+00:00
[2026-03-03T01:02:48.281+0000] {processor.py:178} INFO - Processing /home/airflow/.local/lib/python3.7/site-packages/airflow/example_dags/example_branch_datetime_operator.py took 0.063 seconds
[2026-03-03T01:03:18.988+0000] {processor.py:156} INFO - Started process (PID=935) to work on /home/airflow/.local/lib/python3.7/site-packages/airflow/example_dags/example_branch_datetime_operator.py
[2026-03-03T01:03:18.989+0000] {processor.py:799} INFO - Processing file /home/airflow/.local/lib/python3.7/site-packages/airflow/example_dags/example_branch_datetime_operator.py for tasks to queue
[2026-03-03T01:03:18.990+0000] {logging_mixin.py:149} INFO - [2026-03-03T01:03:18.990+0000] {dagbag.py:541} INFO - Filling up the DagBag from /home/airflow/.local/lib/python3.7/site-packages/airflow/example_dags/example_branch_datetime_operator.py
[2026-03-03T01:03:18.997+0000] {processor.py:809} INFO - DAG(s) dict_keys(['example_branch_datetime_operator', 'example_branch_datetime_operator_3', 'example_branch_datetime_operator_2']) retrieved from /home/airflow/.local/lib/python3.7/site-packages/airflow/example_dags/example_branch_datetime_operator.py
[2026-03-03T01:03:19.019+0000] {logging_mixin.py:149} INFO - [2026-03-03T01:03:19.019+0000] {dag.py:2726} INFO - Sync 3 DAGs
[2026-03-03T01:03:19.034+0000] {logging_mixin.py:149} INFO - [2026-03-03T01:03:19.034+0000] {dag.py:3490} INFO - Setting next_dagrun for example_branch_datetime_operator to 2026-03-02T00:00:00+00:00, run_after=2026-03-03T00:00:00+00:00
[2026-03-03T01:03:19.036+0000] {logging_mixin.py:149} INFO - [2026-03-03T01:03:19.036+0000] {dag.py:3490} INFO - Setting next_dagrun for example_branch_datetime_operator_2 to 2026-03-02T00:00:00+00:00, run_after=2026-03-03T00:00:00+00:00
[2026-03-03T01:03:19.037+0000] {logging_mixin.py:149} INFO - [2026-03-03T01:03:19.037+0000] {dag.py:3490} INFO - Setting next_dagrun for example_branch_datetime_operator_3 to 2026-03-02T00:00:00+00:00, run_after=2026-03-03T00:00:00+00:00
[2026-03-03T01:03:19.044+0000] {processor.py:178} INFO - Processing /home/airflow/.local/lib/python3.7/site-packages/airflow/example_dags/example_branch_datetime_operator.py took 0.060 seconds
[2026-03-03T01:03:49.788+0000] {processor.py:156} INFO - Started process (PID=997) to work on /home/airflow/.local/lib/python3.7/site-packages/airflow/example_dags/example_branch_datetime_operator.py
[2026-03-03T01:03:49.789+0000] {processor.py:799} INFO - Processing file /home/airflow/.local/lib/python3.7/site-packages/airflow/example_dags/example_branch_datetime_operator.py for tasks to queue
[2026-03-03T01:03:49.790+0000] {logging_mixin.py:149} INFO - [2026-03-03T01:03:49.789+0000] {dagbag.py:541} INFO - Filling up the DagBag from /home/airflow/.local/lib/python3.7/site-packages/airflow/example_dags/example_branch_datetime_operator.py
[2026-03-03T01:03:49.796+0000] {processor.py:809} INFO - DAG(s) dict_keys(['example_branch_datetime_operator', 'example_branch_datetime_operator_3', 'example_branch_datetime_operator_2']) retrieved from /home/airflow/.local/lib/python3.7/site-packages/airflow/example_dags/example_branch_datetime_operator.py
[2026-03-03T01:03:49.820+0000] {logging_mixin.py:149} INFO - [2026-03-03T01:03:49.820+0000] {dag.py:2726} INFO - Sync 3 DAGs
[2026-03-03T01:03:49.837+0000] {logging_mixin.py:149} INFO - [2026-03-03T01:03:49.836+0000] {dag.py:3490} INFO - Setting next_dagrun for example_branch_datetime_operator to 2026-03-02T00:00:00+00:00, run_after=2026-03-03T00:00:00+00:00
[2026-03-03T01:03:49.840+0000] {logging_mixin.py:149} INFO - [2026-03-03T01:03:49.840+0000] {dag.py:3490} INFO - Setting next_dagrun for example_branch_datetime_operator_2 to 2026-03-02T00:00:00+00:00, run_after=2026-03-03T00:00:00+00:00
[2026-03-03T01:03:49.841+0000] {logging_mixin.py:149} INFO - [2026-03-03T01:03:49.841+0000] {dag.py:3490} INFO - Setting next_dagrun for example_branch_datetime_operator_3 to 2026-03-02T00:00:00+00:00, run_after=2026-03-03T00:00:00+00:00
[2026-03-03T01:03:49.855+0000] {processor.py:178} INFO - Processing /home/airflow/.local/lib/python3.7/site-packages/airflow/example_dags/example_branch_datetime_operator.py took 0.070 seconds
[2026-03-03T01:04:20.472+0000] {processor.py:156} INFO - Started process (PID=1059) to work on /home/airflow/.local/lib/python3.7/site-packages/airflow/example_dags/example_branch_datetime_operator.py
[2026-03-03T01:04:20.472+0000] {processor.py:799} INFO - Processing file /home/airflow/.local/lib/python3.7/site-packages/airflow/example_dags/example_branch_datetime_operator.py for tasks to queue
[2026-03-03T01:04:20.473+0000] {logging_mixin.py:149} INFO - [2026-03-03T01:04:20.473+0000] {dagbag.py:541} INFO - Filling up the DagBag from /home/airflow/.local/lib/python3.7/site-packages/airflow/example_dags/example_branch_datetime_operator.py
[2026-03-03T01:04:20.477+0000] {processor.py:809} INFO - DAG(s) dict_keys(['example_branch_datetime_operator_2', 'example_branch_datetime_operator_3', 'example_branch_datetime_operator']) retrieved from /home/airflow/.local/lib/python3.7/site-packages/airflow/example_dags/example_branch_datetime_operator.py
[2026-03-03T01:04:20.491+0000] {logging_mixin.py:149} INFO - [2026-03-03T01:04:20.491+0000] {dag.py:2726} INFO - Sync 3 DAGs
[2026-03-03T01:04:20.504+0000] {logging_mixin.py:149} INFO - [2026-03-03T01:04:20.504+0000] {dag.py:3490} INFO - Setting next_dagrun for example_branch_datetime_operator to 2026-03-02T00:00:00+00:00, run_after=2026-03-03T00:00:00+00:00
[2026-03-03T01:04:20.505+0000] {logging_mixin.py:149} INFO - [2026-03-03T01:04:20.505+0000] {dag.py:3490} INFO - Setting next_dagrun for example_branch_datetime_operator_2 to 2026-03-02T00:00:00+00:00, run_after=2026-03-03T00:00:00+00:00
[2026-03-03T01:04:20.506+0000] {logging_mixin.py:149} INFO - [2026-03-03T01:04:20.506+0000] {dag.py:3490} INFO - Setting next_dagrun for example_branch_datetime_operator_3 to 2026-03-02T00:00:00+00:00, run_after=2026-03-03T00:00:00+00:00
[2026-03-03T01:04:20.514+0000] {processor.py:178} INFO - Processing /home/airflow/.local/lib/python3.7/site-packages/airflow/example_dags/example_branch_datetime_operator.py took 0.045 seconds
[2026-03-03T01:04:51.067+0000] {processor.py:156} INFO - Started process (PID=1121) to work on /home/airflow/.local/lib/python3.7/site-packages/airflow/example_dags/example_branch_datetime_operator.py
[2026-03-03T01:04:51.068+0000] {processor.py:799} INFO - Processing file /home/airflow/.local/lib/python3.7/site-packages/airflow/example_dags/example_branch_datetime_operator.py for tasks to queue
[2026-03-03T01:04:51.069+0000] {logging_mixin.py:149} INFO - [2026-03-03T01:04:51.069+0000] {dagbag.py:541} INFO - Filling up the DagBag from /home/airflow/.local/lib/python3.7/site-packages/airflow/example_dags/example_branch_datetime_operator.py
[2026-03-03T01:04:51.077+0000] {processor.py:809} INFO - DAG(s) dict_keys(['example_branch_datetime_operator_2', 'example_branch_datetime_operator', 'example_branch_datetime_operator_3']) retrieved from /home/airflow/.local/lib/python3.7/site-packages/airflow/example_dags/example_branch_datetime_operator.py
[2026-03-03T01:04:51.099+0000] {logging_mixin.py:149} INFO - [2026-03-03T01:04:51.099+0000] {dag.py:2726} INFO - Sync 3 DAGs
[2026-03-03T01:04:51.114+0000] {logging_mixin.py:149} INFO - [2026-03-03T01:04:51.114+0000] {dag.py:3490} INFO - Setting next_dagrun for example_branch_datetime_operator to 2026-03-02T00:00:00+00:00, run_after=2026-03-03T00:00:00+00:00
[2026-03-03T01:04:51.116+0000] {logging_mixin.py:149} INFO - [2026-03-03T01:04:51.116+0000] {dag.py:3490} INFO - Setting next_dagrun for example_branch_datetime_operator_2 to 2026-03-02T00:00:00+00:00, run_after=2026-03-03T00:00:00+00:00
[2026-03-03T01:04:51.117+0000] {logging_mixin.py:149} INFO - [2026-03-03T01:04:51.117+0000] {dag.py:3490} INFO - Setting next_dagrun for example_branch_datetime_operator_3 to 2026-03-02T00:00:00+00:00, run_after=2026-03-03T00:00:00+00:00
[2026-03-03T01:04:51.125+0000] {processor.py:178} INFO - Processing /home/airflow/.local/lib/python3.7/site-packages/airflow/example_dags/example_branch_datetime_operator.py took 0.062 seconds
[2026-03-03T01:05:21.871+0000] {processor.py:156} INFO - Started process (PID=1183) to work on /home/airflow/.local/lib/python3.7/site-packages/airflow/example_dags/example_branch_datetime_operator.py
[2026-03-03T01:05:21.872+0000] {processor.py:799} INFO - Processing file /home/airflow/.local/lib/python3.7/site-packages/airflow/example_dags/example_branch_datetime_operator.py for tasks to queue
[2026-03-03T01:05:21.873+0000] {logging_mixin.py:149} INFO - [2026-03-03T01:05:21.873+0000] {dagbag.py:541} INFO - Filling up the DagBag from /home/airflow/.local/lib/python3.7/site-packages/airflow/example_dags/example_branch_datetime_operator.py
[2026-03-03T01:05:21.878+0000] {processor.py:809} INFO - DAG(s) dict_keys(['example_branch_datetime_operator_2', 'example_branch_datetime_operator', 'example_branch_datetime_operator_3']) retrieved from /home/airflow/.local/lib/python3.7/site-packages/airflow/example_dags/example_branch_datetime_operator.py
[2026-03-03T01:05:21.896+0000] {logging_mixin.py:149} INFO - [2026-03-03T01:05:21.895+0000] {dag.py:2726} INFO - Sync 3 DAGs
[2026-03-03T01:05:21.909+0000] {logging_mixin.py:149} INFO - [2026-03-03T01:05:21.909+0000] {dag.py:3490} INFO - Setting next_dagrun for example_branch_datetime_operator to 2026-03-02T00:00:00+00:00, run_after=2026-03-03T00:00:00+00:00
[2026-03-03T01:05:21.912+0000] {logging_mixin.py:149} INFO - [2026-03-03T01:05:21.912+0000] {dag.py:3490} INFO - Setting next_dagrun for example_branch_datetime_operator_2 to 2026-03-02T00:00:00+00:00, run_after=2026-03-03T00:00:00+00:00
[2026-03-03T01:05:21.913+0000] {logging_mixin.py:149} INFO - [2026-03-03T01:05:21.913+0000] {dag.py:3490} INFO - Setting next_dagrun for example_branch_datetime_operator_3 to 2026-03-02T00:00:00+00:00, run_after=2026-03-03T00:00:00+00:00
[2026-03-03T01:05:21.921+0000] {processor.py:178} INFO - Processing /home/airflow/.local/lib/python3.7/site-packages/airflow/example_dags/example_branch_datetime_operator.py took 0.052 seconds
[2026-03-03T01:05:52.587+0000] {processor.py:156} INFO - Started process (PID=1245) to work on /home/airflow/.local/lib/python3.7/site-packages/airflow/example_dags/example_branch_datetime_operator.py
[2026-03-03T01:05:52.588+0000] {processor.py:799} INFO - Processing file /home/airflow/.local/lib/python3.7/site-packages/airflow/example_dags/example_branch_datetime_operator.py for tasks to queue
[2026-03-03T01:05:52.588+0000] {logging_mixin.py:149} INFO - [2026-03-03T01:05:52.588+0000] {dagbag.py:541} INFO - Filling up the DagBag from /home/airflow/.local/lib/python3.7/site-packages/airflow/example_dags/example_branch_datetime_operator.py
[2026-03-03T01:05:52.592+0000] {processor.py:809} INFO - DAG(s) dict_keys(['example_branch_datetime_operator_2', 'example_branch_datetime_operator_3', 'example_branch_datetime_operator']) retrieved from /home/airflow/.local/lib/python3.7/site-packages/airflow/example_dags/example_branch_datetime_operator.py
[2026-03-03T01:05:52.607+0000] {logging_mixin.py:149} INFO - [2026-03-03T01:05:52.607+0000] {dag.py:2726} INFO - Sync 3 DAGs
[2026-03-03T01:05:52.619+0000] {logging_mixin.py:149} INFO - [2026-03-03T01:05:52.619+0000] {dag.py:3490} INFO - Setting next_dagrun for example_branch_datetime_operator to 2026-03-02T00:00:00+00:00, run_after=2026-03-03T00:00:00+00:00
[2026-03-03T01:05:52.621+0000] {logging_mixin.py:149} INFO - [2026-03-03T01:05:52.621+0000] {dag.py:3490} INFO - Setting next_dagrun for example_branch_datetime_operator_2 to 2026-03-02T00:00:00+00:00, run_after=2026-03-03T00:00:00+00:00
[2026-03-03T01:05:52.622+0000] {logging_mixin.py:149} INFO - [2026-03-03T01:05:52.622+0000] {dag.py:3490} INFO - Setting next_dagrun for example_branch_datetime_operator_3 to 2026-03-02T00:00:00+00:00, run_after=2026-03-03T00:00:00+00:00
[2026-03-03T01:05:52.630+0000] {processor.py:178} INFO - Processing /home/airflow/.local/lib/python3.7/site-packages/airflow/example_dags/example_branch_datetime_operator.py took 0.045 seconds
[2026-03-03T01:06:23.070+0000] {processor.py:156} INFO - Started process (PID=1307) to work on /home/airflow/.local/lib/python3.7/site-packages/airflow/example_dags/example_branch_datetime_operator.py
[2026-03-03T01:06:23.071+0000] {processor.py:799} INFO - Processing file /home/airflow/.local/lib/python3.7/site-packages/airflow/example_dags/example_branch_datetime_operator.py for tasks to queue
[2026-03-03T01:06:23.071+0000] {logging_mixin.py:149} INFO - [2026-03-03T01:06:23.071+0000] {dagbag.py:541} INFO - Filling up the DagBag from /home/airflow/.local/lib/python3.7/site-packages/airflow/example_dags/example_branch_datetime_operator.py
[2026-03-03T01:06:23.075+0000] {processor.py:809} INFO - DAG(s) dict_keys(['example_branch_datetime_operator_2', 'example_branch_datetime_operator', 'example_branch_datetime_operator_3']) retrieved from /home/airflow/.local/lib/python3.7/site-packages/airflow/example_dags/example_branch_datetime_operator.py
[2026-03-03T01:06:23.090+0000] {logging_mixin.py:149} INFO - [2026-03-03T01:06:23.090+0000] {dag.py:2726} INFO - Sync 3 DAGs
[2026-03-03T01:06:23.101+0000] {logging_mixin.py:149} INFO - [2026-03-03T01:06:23.101+0000] {dag.py:3490} INFO - Setting next_dagrun for example_branch_datetime_operator to 2026-03-02T00:00:00+00:00, run_after=2026-03-03T00:00:00+00:00
[2026-03-03T01:06:23.103+0000] {logging_mixin.py:149} INFO - [2026-03-03T01:06:23.103+0000] {dag.py:3490} INFO - Setting next_dagrun for example_branch_datetime_operator_2 to 2026-03-02T00:00:00+00:00, run_after=2026-03-03T00:00:00+00:00
[2026-03-03T01:06:23.104+0000] {logging_mixin.py:149} INFO - [2026-03-03T01:06:23.104+0000] {dag.py:3490} INFO - Setting next_dagrun for example_branch_datetime_operator_3 to 2026-03-02T00:00:00+00:00, run_after=2026-03-03T00:00:00+00:00
[2026-03-03T01:06:23.111+0000] {processor.py:178} INFO - Processing /home/airflow/.local/lib/python3.7/site-packages/airflow/example_dags/example_branch_datetime_operator.py took 0.042 seconds
[2026-03-03T01:07:09.854+0000] {processor.py:156} INFO - Started process (PID=59) to work on /home/airflow/.local/lib/python3.7/site-packages/airflow/example_dags/example_branch_datetime_operator.py
[2026-03-03T01:07:09.858+0000] {processor.py:799} INFO - Processing file /home/airflow/.local/lib/python3.7/site-packages/airflow/example_dags/example_branch_datetime_operator.py for tasks to queue
[2026-03-03T01:07:09.859+0000] {logging_mixin.py:149} INFO - [2026-03-03T01:07:09.859+0000] {dagbag.py:541} INFO - Filling up the DagBag from /home/airflow/.local/lib/python3.7/site-packages/airflow/example_dags/example_branch_datetime_operator.py
[2026-03-03T01:07:09.891+0000] {processor.py:809} INFO - DAG(s) dict_keys(['example_branch_datetime_operator', 'example_branch_datetime_operator_2', 'example_branch_datetime_operator_3']) retrieved from /home/airflow/.local/lib/python3.7/site-packages/airflow/example_dags/example_branch_datetime_operator.py
[2026-03-03T01:07:09.921+0000] {logging_mixin.py:149} INFO - [2026-03-03T01:07:09.921+0000] {dag.py:2726} INFO - Sync 3 DAGs
[2026-03-03T01:07:09.955+0000] {logging_mixin.py:149} INFO - [2026-03-03T01:07:09.955+0000] {dag.py:3490} INFO - Setting next_dagrun for example_branch_datetime_operator to 2026-03-02T00:00:00+00:00, run_after=2026-03-03T00:00:00+00:00
[2026-03-03T01:07:09.958+0000] {logging_mixin.py:149} INFO - [2026-03-03T01:07:09.958+0000] {dag.py:3490} INFO - Setting next_dagrun for example_branch_datetime_operator_2 to 2026-03-02T00:00:00+00:00, run_after=2026-03-03T00:00:00+00:00
[2026-03-03T01:07:09.962+0000] {logging_mixin.py:149} INFO - [2026-03-03T01:07:09.962+0000] {dag.py:3490} INFO - Setting next_dagrun for example_branch_datetime_operator_3 to 2026-03-02T00:00:00+00:00, run_after=2026-03-03T00:00:00+00:00
[2026-03-03T01:07:09.977+0000] {processor.py:178} INFO - Processing /home/airflow/.local/lib/python3.7/site-packages/airflow/example_dags/example_branch_datetime_operator.py took 0.125 seconds
[2026-03-03T01:07:40.879+0000] {processor.py:156} INFO - Started process (PID=121) to work on /home/airflow/.local/lib/python3.7/site-packages/airflow/example_dags/example_branch_datetime_operator.py
[2026-03-03T01:07:40.882+0000] {processor.py:799} INFO - Processing file /home/airflow/.local/lib/python3.7/site-packages/airflow/example_dags/example_branch_datetime_operator.py for tasks to queue
[2026-03-03T01:07:40.883+0000] {logging_mixin.py:149} INFO - [2026-03-03T01:07:40.883+0000] {dagbag.py:541} INFO - Filling up the DagBag from /home/airflow/.local/lib/python3.7/site-packages/airflow/example_dags/example_branch_datetime_operator.py
[2026-03-03T01:07:40.890+0000] {processor.py:809} INFO - DAG(s) dict_keys(['example_branch_datetime_operator', 'example_branch_datetime_operator_3', 'example_branch_datetime_operator_2']) retrieved from /home/airflow/.local/lib/python3.7/site-packages/airflow/example_dags/example_branch_datetime_operator.py
[2026-03-03T01:07:40.926+0000] {logging_mixin.py:149} INFO - [2026-03-03T01:07:40.926+0000] {dag.py:2726} INFO - Sync 3 DAGs
[2026-03-03T01:07:40.959+0000] {logging_mixin.py:149} INFO - [2026-03-03T01:07:40.958+0000] {dag.py:3490} INFO - Setting next_dagrun for example_branch_datetime_operator to 2026-03-02T00:00:00+00:00, run_after=2026-03-03T00:00:00+00:00
[2026-03-03T01:07:40.964+0000] {logging_mixin.py:149} INFO - [2026-03-03T01:07:40.964+0000] {dag.py:3490} INFO - Setting next_dagrun for example_branch_datetime_operator_2 to 2026-03-02T00:00:00+00:00, run_after=2026-03-03T00:00:00+00:00
[2026-03-03T01:07:40.967+0000] {logging_mixin.py:149} INFO - [2026-03-03T01:07:40.967+0000] {dag.py:3490} INFO - Setting next_dagrun for example_branch_datetime_operator_3 to 2026-03-02T00:00:00+00:00, run_after=2026-03-03T00:00:00+00:00
[2026-03-03T01:07:40.996+0000] {processor.py:178} INFO - Processing /home/airflow/.local/lib/python3.7/site-packages/airflow/example_dags/example_branch_datetime_operator.py took 0.121 seconds
[2026-03-03T01:08:18.053+0000] {processor.py:156} INFO - Started process (PID=190) to work on /home/airflow/.local/lib/python3.7/site-packages/airflow/example_dags/example_branch_datetime_operator.py
[2026-03-03T01:08:18.057+0000] {processor.py:799} INFO - Processing file /home/airflow/.local/lib/python3.7/site-packages/airflow/example_dags/example_branch_datetime_operator.py for tasks to queue
[2026-03-03T01:08:18.059+0000] {logging_mixin.py:149} INFO - [2026-03-03T01:08:18.059+0000] {dagbag.py:541} INFO - Filling up the DagBag from /home/airflow/.local/lib/python3.7/site-packages/airflow/example_dags/example_branch_datetime_operator.py
[2026-03-03T01:08:18.085+0000] {processor.py:809} INFO - DAG(s) dict_keys(['example_branch_datetime_operator_2', 'example_branch_datetime_operator', 'example_branch_datetime_operator_3']) retrieved from /home/airflow/.local/lib/python3.7/site-packages/airflow/example_dags/example_branch_datetime_operator.py
[2026-03-03T01:08:18.176+0000] {logging_mixin.py:149} INFO - [2026-03-03T01:08:18.176+0000] {dag.py:2726} INFO - Sync 3 DAGs
[2026-03-03T01:08:18.586+0000] {logging_mixin.py:149} INFO - [2026-03-03T01:08:18.585+0000] {dag.py:3490} INFO - Setting next_dagrun for example_branch_datetime_operator to 2026-03-02T00:00:00+00:00, run_after=2026-03-03T00:00:00+00:00
[2026-03-03T01:08:18.603+0000] {logging_mixin.py:149} INFO - [2026-03-03T01:08:18.603+0000] {dag.py:3490} INFO - Setting next_dagrun for example_branch_datetime_operator_2 to 2026-03-02T00:00:00+00:00, run_after=2026-03-03T00:00:00+00:00
[2026-03-03T01:08:18.615+0000] {logging_mixin.py:149} INFO - [2026-03-03T01:08:18.615+0000] {dag.py:3490} INFO - Setting next_dagrun for example_branch_datetime_operator_3 to 2026-03-02T00:00:00+00:00, run_after=2026-03-03T00:00:00+00:00
[2026-03-03T01:08:18.686+0000] {processor.py:178} INFO - Processing /home/airflow/.local/lib/python3.7/site-packages/airflow/example_dags/example_branch_datetime_operator.py took 0.640 seconds
[2026-03-03T01:08:49.291+0000] {processor.py:156} INFO - Started process (PID=252) to work on /home/airflow/.local/lib/python3.7/site-packages/airflow/example_dags/example_branch_datetime_operator.py
[2026-03-03T01:08:49.294+0000] {processor.py:799} INFO - Processing file /home/airflow/.local/lib/python3.7/site-packages/airflow/example_dags/example_branch_datetime_operator.py for tasks to queue
[2026-03-03T01:08:49.294+0000] {logging_mixin.py:149} INFO - [2026-03-03T01:08:49.294+0000] {dagbag.py:541} INFO - Filling up the DagBag from /home/airflow/.local/lib/python3.7/site-packages/airflow/example_dags/example_branch_datetime_operator.py
[2026-03-03T01:08:49.299+0000] {processor.py:809} INFO - DAG(s) dict_keys(['example_branch_datetime_operator_3', 'example_branch_datetime_operator', 'example_branch_datetime_operator_2']) retrieved from /home/airflow/.local/lib/python3.7/site-packages/airflow/example_dags/example_branch_datetime_operator.py
[2026-03-03T01:08:49.320+0000] {logging_mixin.py:149} INFO - [2026-03-03T01:08:49.320+0000] {dag.py:2726} INFO - Sync 3 DAGs
[2026-03-03T01:08:49.335+0000] {logging_mixin.py:149} INFO - [2026-03-03T01:08:49.335+0000] {dag.py:3490} INFO - Setting next_dagrun for example_branch_datetime_operator to 2026-03-02T00:00:00+00:00, run_after=2026-03-03T00:00:00+00:00
[2026-03-03T01:08:49.338+0000] {logging_mixin.py:149} INFO - [2026-03-03T01:08:49.338+0000] {dag.py:3490} INFO - Setting next_dagrun for example_branch_datetime_operator_2 to 2026-03-02T00:00:00+00:00, run_after=2026-03-03T00:00:00+00:00
[2026-03-03T01:08:49.339+0000] {logging_mixin.py:149} INFO - [2026-03-03T01:08:49.339+0000] {dag.py:3490} INFO - Setting next_dagrun for example_branch_datetime_operator_3 to 2026-03-02T00:00:00+00:00, run_after=2026-03-03T00:00:00+00:00
[2026-03-03T01:08:49.346+0000] {processor.py:178} INFO - Processing /home/airflow/.local/lib/python3.7/site-packages/airflow/example_dags/example_branch_datetime_operator.py took 0.057 seconds
[2026-03-03T01:09:20.260+0000] {processor.py:156} INFO - Started process (PID=314) to work on /home/airflow/.local/lib/python3.7/site-packages/airflow/example_dags/example_branch_datetime_operator.py
[2026-03-03T01:09:20.262+0000] {processor.py:799} INFO - Processing file /home/airflow/.local/lib/python3.7/site-packages/airflow/example_dags/example_branch_datetime_operator.py for tasks to queue
[2026-03-03T01:09:20.265+0000] {logging_mixin.py:149} INFO - [2026-03-03T01:09:20.265+0000] {dagbag.py:541} INFO - Filling up the DagBag from /home/airflow/.local/lib/python3.7/site-packages/airflow/example_dags/example_branch_datetime_operator.py
[2026-03-03T01:09:20.272+0000] {processor.py:809} INFO - DAG(s) dict_keys(['example_branch_datetime_operator_2', 'example_branch_datetime_operator', 'example_branch_datetime_operator_3']) retrieved from /home/airflow/.local/lib/python3.7/site-packages/airflow/example_dags/example_branch_datetime_operator.py
[2026-03-03T01:09:20.291+0000] {logging_mixin.py:149} INFO - [2026-03-03T01:09:20.291+0000] {dag.py:2726} INFO - Sync 3 DAGs
[2026-03-03T01:09:20.303+0000] {logging_mixin.py:149} INFO - [2026-03-03T01:09:20.303+0000] {dag.py:3490} INFO - Setting next_dagrun for example_branch_datetime_operator to 2026-03-02T00:00:00+00:00, run_after=2026-03-03T00:00:00+00:00
[2026-03-03T01:09:20.305+0000] {logging_mixin.py:149} INFO - [2026-03-03T01:09:20.305+0000] {dag.py:3490} INFO - Setting next_dagrun for example_branch_datetime_operator_2 to 2026-03-02T00:00:00+00:00, run_after=2026-03-03T00:00:00+00:00
[2026-03-03T01:09:20.306+0000] {logging_mixin.py:149} INFO - [2026-03-03T01:09:20.306+0000] {dag.py:3490} INFO - Setting next_dagrun for example_branch_datetime_operator_3 to 2026-03-02T00:00:00+00:00, run_after=2026-03-03T00:00:00+00:00
[2026-03-03T01:09:20.320+0000] {processor.py:178} INFO - Processing /home/airflow/.local/lib/python3.7/site-packages/airflow/example_dags/example_branch_datetime_operator.py took 0.061 seconds
[2026-03-03T01:09:50.764+0000] {processor.py:156} INFO - Started process (PID=376) to work on /home/airflow/.local/lib/python3.7/site-packages/airflow/example_dags/example_branch_datetime_operator.py
[2026-03-03T01:09:50.764+0000] {processor.py:799} INFO - Processing file /home/airflow/.local/lib/python3.7/site-packages/airflow/example_dags/example_branch_datetime_operator.py for tasks to queue
[2026-03-03T01:09:50.765+0000] {logging_mixin.py:149} INFO - [2026-03-03T01:09:50.765+0000] {dagbag.py:541} INFO - Filling up the DagBag from /home/airflow/.local/lib/python3.7/site-packages/airflow/example_dags/example_branch_datetime_operator.py
[2026-03-03T01:09:50.774+0000] {processor.py:809} INFO - DAG(s) dict_keys(['example_branch_datetime_operator', 'example_branch_datetime_operator_2', 'example_branch_datetime_operator_3']) retrieved from /home/airflow/.local/lib/python3.7/site-packages/airflow/example_dags/example_branch_datetime_operator.py
[2026-03-03T01:09:50.804+0000] {logging_mixin.py:149} INFO - [2026-03-03T01:09:50.804+0000] {dag.py:2726} INFO - Sync 3 DAGs
[2026-03-03T01:09:50.820+0000] {logging_mixin.py:149} INFO - [2026-03-03T01:09:50.819+0000] {dag.py:3490} INFO - Setting next_dagrun for example_branch_datetime_operator to 2026-03-02T00:00:00+00:00, run_after=2026-03-03T00:00:00+00:00
[2026-03-03T01:09:50.822+0000] {logging_mixin.py:149} INFO - [2026-03-03T01:09:50.822+0000] {dag.py:3490} INFO - Setting next_dagrun for example_branch_datetime_operator_2 to 2026-03-02T00:00:00+00:00, run_after=2026-03-03T00:00:00+00:00
[2026-03-03T01:09:50.824+0000] {logging_mixin.py:149} INFO - [2026-03-03T01:09:50.823+0000] {dag.py:3490} INFO - Setting next_dagrun for example_branch_datetime_operator_3 to 2026-03-02T00:00:00+00:00, run_after=2026-03-03T00:00:00+00:00
[2026-03-03T01:09:50.836+0000] {processor.py:178} INFO - Processing /home/airflow/.local/lib/python3.7/site-packages/airflow/example_dags/example_branch_datetime_operator.py took 0.076 seconds
[2026-03-03T01:10:21.611+0000] {processor.py:156} INFO - Started process (PID=438) to work on /home/airflow/.local/lib/python3.7/site-packages/airflow/example_dags/example_branch_datetime_operator.py
[2026-03-03T01:10:21.617+0000] {processor.py:799} INFO - Processing file /home/airflow/.local/lib/python3.7/site-packages/airflow/example_dags/example_branch_datetime_operator.py for tasks to queue
[2026-03-03T01:10:21.621+0000] {logging_mixin.py:149} INFO - [2026-03-03T01:10:21.620+0000] {dagbag.py:541} INFO - Filling up the DagBag from /home/airflow/.local/lib/python3.7/site-packages/airflow/example_dags/example_branch_datetime_operator.py
[2026-03-03T01:10:21.649+0000] {processor.py:809} INFO - DAG(s) dict_keys(['example_branch_datetime_operator_3', 'example_branch_datetime_operator_2', 'example_branch_datetime_operator']) retrieved from /home/airflow/.local/lib/python3.7/site-packages/airflow/example_dags/example_branch_datetime_operator.py
[2026-03-03T01:10:21.756+0000] {logging_mixin.py:149} INFO - [2026-03-03T01:10:21.755+0000] {dag.py:2726} INFO - Sync 3 DAGs
[2026-03-03T01:10:21.831+0000] {logging_mixin.py:149} INFO - [2026-03-03T01:10:21.831+0000] {dag.py:3490} INFO - Setting next_dagrun for example_branch_datetime_operator to 2026-03-02T00:00:00+00:00, run_after=2026-03-03T00:00:00+00:00
[2026-03-03T01:10:21.846+0000] {logging_mixin.py:149} INFO - [2026-03-03T01:10:21.845+0000] {dag.py:3490} INFO - Setting next_dagrun for example_branch_datetime_operator_2 to 2026-03-02T00:00:00+00:00, run_after=2026-03-03T00:00:00+00:00
[2026-03-03T01:10:21.853+0000] {logging_mixin.py:149} INFO - [2026-03-03T01:10:21.853+0000] {dag.py:3490} INFO - Setting next_dagrun for example_branch_datetime_operator_3 to 2026-03-02T00:00:00+00:00, run_after=2026-03-03T00:00:00+00:00
[2026-03-03T01:10:21.910+0000] {processor.py:178} INFO - Processing /home/airflow/.local/lib/python3.7/site-packages/airflow/example_dags/example_branch_datetime_operator.py took 0.312 seconds
[2026-03-03T01:10:52.593+0000] {processor.py:156} INFO - Started process (PID=500) to work on /home/airflow/.local/lib/python3.7/site-packages/airflow/example_dags/example_branch_datetime_operator.py
[2026-03-03T01:10:52.596+0000] {processor.py:799} INFO - Processing file /home/airflow/.local/lib/python3.7/site-packages/airflow/example_dags/example_branch_datetime_operator.py for tasks to queue
[2026-03-03T01:10:52.599+0000] {logging_mixin.py:149} INFO - [2026-03-03T01:10:52.598+0000] {dagbag.py:541} INFO - Filling up the DagBag from /home/airflow/.local/lib/python3.7/site-packages/airflow/example_dags/example_branch_datetime_operator.py
[2026-03-03T01:10:52.625+0000] {processor.py:809} INFO - DAG(s) dict_keys(['example_branch_datetime_operator_3', 'example_branch_datetime_operator_2', 'example_branch_datetime_operator']) retrieved from /home/airflow/.local/lib/python3.7/site-packages/airflow/example_dags/example_branch_datetime_operator.py
[2026-03-03T01:10:52.703+0000] {logging_mixin.py:149} INFO - [2026-03-03T01:10:52.702+0000] {dag.py:2726} INFO - Sync 3 DAGs
[2026-03-03T01:10:52.762+0000] {logging_mixin.py:149} INFO - [2026-03-03T01:10:52.762+0000] {dag.py:3490} INFO - Setting next_dagrun for example_branch_datetime_operator to 2026-03-02T00:00:00+00:00, run_after=2026-03-03T00:00:00+00:00
[2026-03-03T01:10:52.773+0000] {logging_mixin.py:149} INFO - [2026-03-03T01:10:52.773+0000] {dag.py:3490} INFO - Setting next_dagrun for example_branch_datetime_operator_2 to 2026-03-02T00:00:00+00:00, run_after=2026-03-03T00:00:00+00:00
[2026-03-03T01:10:52.780+0000] {logging_mixin.py:149} INFO - [2026-03-03T01:10:52.779+0000] {dag.py:3490} INFO - Setting next_dagrun for example_branch_datetime_operator_3 to 2026-03-02T00:00:00+00:00, run_after=2026-03-03T00:00:00+00:00
[2026-03-03T01:10:52.827+0000] {processor.py:178} INFO - Processing /home/airflow/.local/lib/python3.7/site-packages/airflow/example_dags/example_branch_datetime_operator.py took 0.240 seconds
[2026-03-03T01:11:23.077+0000] {processor.py:156} INFO - Started process (PID=562) to work on /home/airflow/.local/lib/python3.7/site-packages/airflow/example_dags/example_branch_datetime_operator.py
[2026-03-03T01:11:23.079+0000] {processor.py:799} INFO - Processing file /home/airflow/.local/lib/python3.7/site-packages/airflow/example_dags/example_branch_datetime_operator.py for tasks to queue
[2026-03-03T01:11:23.080+0000] {logging_mixin.py:149} INFO - [2026-03-03T01:11:23.080+0000] {dagbag.py:541} INFO - Filling up the DagBag from /home/airflow/.local/lib/python3.7/site-packages/airflow/example_dags/example_branch_datetime_operator.py
[2026-03-03T01:11:23.092+0000] {processor.py:809} INFO - DAG(s) dict_keys(['example_branch_datetime_operator_3', 'example_branch_datetime_operator_2', 'example_branch_datetime_operator']) retrieved from /home/airflow/.local/lib/python3.7/site-packages/airflow/example_dags/example_branch_datetime_operator.py
[2026-03-03T01:11:23.117+0000] {logging_mixin.py:149} INFO - [2026-03-03T01:11:23.117+0000] {dag.py:2726} INFO - Sync 3 DAGs
[2026-03-03T01:11:23.132+0000] {logging_mixin.py:149} INFO - [2026-03-03T01:11:23.132+0000] {dag.py:3490} INFO - Setting next_dagrun for example_branch_datetime_operator to 2026-03-02T00:00:00+00:00, run_after=2026-03-03T00:00:00+00:00
[2026-03-03T01:11:23.134+0000] {logging_mixin.py:149} INFO - [2026-03-03T01:11:23.134+0000] {dag.py:3490} INFO - Setting next_dagrun for example_branch_datetime_operator_2 to 2026-03-02T00:00:00+00:00, run_after=2026-03-03T00:00:00+00:00
[2026-03-03T01:11:23.135+0000] {logging_mixin.py:149} INFO - [2026-03-03T01:11:23.135+0000] {dag.py:3490} INFO - Setting next_dagrun for example_branch_datetime_operator_3 to 2026-03-02T00:00:00+00:00, run_after=2026-03-03T00:00:00+00:00
[2026-03-03T01:11:23.146+0000] {processor.py:178} INFO - Processing /home/airflow/.local/lib/python3.7/site-packages/airflow/example_dags/example_branch_datetime_operator.py took 0.072 seconds
[2026-03-03T01:11:53.776+0000] {processor.py:156} INFO - Started process (PID=624) to work on /home/airflow/.local/lib/python3.7/site-packages/airflow/example_dags/example_branch_datetime_operator.py
[2026-03-03T01:11:53.779+0000] {processor.py:799} INFO - Processing file /home/airflow/.local/lib/python3.7/site-packages/airflow/example_dags/example_branch_datetime_operator.py for tasks to queue
[2026-03-03T01:11:53.783+0000] {logging_mixin.py:149} INFO - [2026-03-03T01:11:53.782+0000] {dagbag.py:541} INFO - Filling up the DagBag from /home/airflow/.local/lib/python3.7/site-packages/airflow/example_dags/example_branch_datetime_operator.py
[2026-03-03T01:11:53.804+0000] {processor.py:809} INFO - DAG(s) dict_keys(['example_branch_datetime_operator', 'example_branch_datetime_operator_2', 'example_branch_datetime_operator_3']) retrieved from /home/airflow/.local/lib/python3.7/site-packages/airflow/example_dags/example_branch_datetime_operator.py
[2026-03-03T01:11:53.880+0000] {logging_mixin.py:149} INFO - [2026-03-03T01:11:53.880+0000] {dag.py:2726} INFO - Sync 3 DAGs
[2026-03-03T01:11:53.950+0000] {logging_mixin.py:149} INFO - [2026-03-03T01:11:53.950+0000] {dag.py:3490} INFO - Setting next_dagrun for example_branch_datetime_operator to 2026-03-02T00:00:00+00:00, run_after=2026-03-03T00:00:00+00:00
[2026-03-03T01:11:53.965+0000] {logging_mixin.py:149} INFO - [2026-03-03T01:11:53.964+0000] {dag.py:3490} INFO - Setting next_dagrun for example_branch_datetime_operator_2 to 2026-03-02T00:00:00+00:00, run_after=2026-03-03T00:00:00+00:00
[2026-03-03T01:11:53.971+0000] {logging_mixin.py:149} INFO - [2026-03-03T01:11:53.970+0000] {dag.py:3490} INFO - Setting next_dagrun for example_branch_datetime_operator_3 to 2026-03-02T00:00:00+00:00, run_after=2026-03-03T00:00:00+00:00
[2026-03-03T01:11:54.016+0000] {processor.py:178} INFO - Processing /home/airflow/.local/lib/python3.7/site-packages/airflow/example_dags/example_branch_datetime_operator.py took 0.247 seconds
[2026-03-03T01:12:24.453+0000] {processor.py:156} INFO - Started process (PID=686) to work on /home/airflow/.local/lib/python3.7/site-packages/airflow/example_dags/example_branch_datetime_operator.py
[2026-03-03T01:12:24.455+0000] {processor.py:799} INFO - Processing file /home/airflow/.local/lib/python3.7/site-packages/airflow/example_dags/example_branch_datetime_operator.py for tasks to queue
[2026-03-03T01:12:24.457+0000] {logging_mixin.py:149} INFO - [2026-03-03T01:12:24.456+0000] {dagbag.py:541} INFO - Filling up the DagBag from /home/airflow/.local/lib/python3.7/site-packages/airflow/example_dags/example_branch_datetime_operator.py
[2026-03-03T01:12:24.477+0000] {processor.py:809} INFO - DAG(s) dict_keys(['example_branch_datetime_operator', 'example_branch_datetime_operator_3', 'example_branch_datetime_operator_2']) retrieved from /home/airflow/.local/lib/python3.7/site-packages/airflow/example_dags/example_branch_datetime_operator.py
[2026-03-03T01:12:24.547+0000] {logging_mixin.py:149} INFO - [2026-03-03T01:12:24.546+0000] {dag.py:2726} INFO - Sync 3 DAGs
[2026-03-03T01:12:24.603+0000] {logging_mixin.py:149} INFO - [2026-03-03T01:12:24.602+0000] {dag.py:3490} INFO - Setting next_dagrun for example_branch_datetime_operator to 2026-03-02T00:00:00+00:00, run_after=2026-03-03T00:00:00+00:00
[2026-03-03T01:12:24.614+0000] {logging_mixin.py:149} INFO - [2026-03-03T01:12:24.614+0000] {dag.py:3490} INFO - Setting next_dagrun for example_branch_datetime_operator_2 to 2026-03-02T00:00:00+00:00, run_after=2026-03-03T00:00:00+00:00
[2026-03-03T01:12:24.621+0000] {logging_mixin.py:149} INFO - [2026-03-03T01:12:24.621+0000] {dag.py:3490} INFO - Setting next_dagrun for example_branch_datetime_operator_3 to 2026-03-02T00:00:00+00:00, run_after=2026-03-03T00:00:00+00:00
[2026-03-03T01:12:24.668+0000] {processor.py:178} INFO - Processing /home/airflow/.local/lib/python3.7/site-packages/airflow/example_dags/example_branch_datetime_operator.py took 0.221 seconds
[2026-03-03T01:12:55.149+0000] {processor.py:156} INFO - Started process (PID=748) to work on /home/airflow/.local/lib/python3.7/site-packages/airflow/example_dags/example_branch_datetime_operator.py
[2026-03-03T01:12:55.149+0000] {processor.py:799} INFO - Processing file /home/airflow/.local/lib/python3.7/site-packages/airflow/example_dags/example_branch_datetime_operator.py for tasks to queue
[2026-03-03T01:12:55.149+0000] {logging_mixin.py:149} INFO - [2026-03-03T01:12:55.149+0000] {dagbag.py:541} INFO - Filling up the DagBag from /home/airflow/.local/lib/python3.7/site-packages/airflow/example_dags/example_branch_datetime_operator.py
[2026-03-03T01:12:55.154+0000] {processor.py:809} INFO - DAG(s) dict_keys(['example_branch_datetime_operator_2', 'example_branch_datetime_operator', 'example_branch_datetime_operator_3']) retrieved from /home/airflow/.local/lib/python3.7/site-packages/airflow/example_dags/example_branch_datetime_operator.py
[2026-03-03T01:12:55.169+0000] {logging_mixin.py:149} INFO - [2026-03-03T01:12:55.169+0000] {dag.py:2726} INFO - Sync 3 DAGs
[2026-03-03T01:12:55.181+0000] {logging_mixin.py:149} INFO - [2026-03-03T01:12:55.181+0000] {dag.py:3490} INFO - Setting next_dagrun for example_branch_datetime_operator to 2026-03-02T00:00:00+00:00, run_after=2026-03-03T00:00:00+00:00
[2026-03-03T01:12:55.183+0000] {logging_mixin.py:149} INFO - [2026-03-03T01:12:55.183+0000] {dag.py:3490} INFO - Setting next_dagrun for example_branch_datetime_operator_2 to 2026-03-02T00:00:00+00:00, run_after=2026-03-03T00:00:00+00:00
[2026-03-03T01:12:55.184+0000] {logging_mixin.py:149} INFO - [2026-03-03T01:12:55.184+0000] {dag.py:3490} INFO - Setting next_dagrun for example_branch_datetime_operator_3 to 2026-03-02T00:00:00+00:00, run_after=2026-03-03T00:00:00+00:00
[2026-03-03T01:12:55.191+0000] {processor.py:178} INFO - Processing /home/airflow/.local/lib/python3.7/site-packages/airflow/example_dags/example_branch_datetime_operator.py took 0.044 seconds
[2026-03-03T01:13:25.598+0000] {processor.py:156} INFO - Started process (PID=810) to work on /home/airflow/.local/lib/python3.7/site-packages/airflow/example_dags/example_branch_datetime_operator.py
[2026-03-03T01:13:25.599+0000] {processor.py:799} INFO - Processing file /home/airflow/.local/lib/python3.7/site-packages/airflow/example_dags/example_branch_datetime_operator.py for tasks to queue
[2026-03-03T01:13:25.599+0000] {logging_mixin.py:149} INFO - [2026-03-03T01:13:25.599+0000] {dagbag.py:541} INFO - Filling up the DagBag from /home/airflow/.local/lib/python3.7/site-packages/airflow/example_dags/example_branch_datetime_operator.py
[2026-03-03T01:13:25.603+0000] {processor.py:809} INFO - DAG(s) dict_keys(['example_branch_datetime_operator_3', 'example_branch_datetime_operator', 'example_branch_datetime_operator_2']) retrieved from /home/airflow/.local/lib/python3.7/site-packages/airflow/example_dags/example_branch_datetime_operator.py
[2026-03-03T01:13:25.618+0000] {logging_mixin.py:149} INFO - [2026-03-03T01:13:25.617+0000] {dag.py:2726} INFO - Sync 3 DAGs
[2026-03-03T01:13:25.629+0000] {logging_mixin.py:149} INFO - [2026-03-03T01:13:25.629+0000] {dag.py:3490} INFO - Setting next_dagrun for example_branch_datetime_operator to 2026-03-02T00:00:00+00:00, run_after=2026-03-03T00:00:00+00:00
[2026-03-03T01:13:25.631+0000] {logging_mixin.py:149} INFO - [2026-03-03T01:13:25.631+0000] {dag.py:3490} INFO - Setting next_dagrun for example_branch_datetime_operator_2 to 2026-03-02T00:00:00+00:00, run_after=2026-03-03T00:00:00+00:00
[2026-03-03T01:13:25.632+0000] {logging_mixin.py:149} INFO - [2026-03-03T01:13:25.632+0000] {dag.py:3490} INFO - Setting next_dagrun for example_branch_datetime_operator_3 to 2026-03-02T00:00:00+00:00, run_after=2026-03-03T00:00:00+00:00
[2026-03-03T01:13:25.638+0000] {processor.py:178} INFO - Processing /home/airflow/.local/lib/python3.7/site-packages/airflow/example_dags/example_branch_datetime_operator.py took 0.041 seconds
[2026-03-03T01:13:56.308+0000] {processor.py:156} INFO - Started process (PID=872) to work on /home/airflow/.local/lib/python3.7/site-packages/airflow/example_dags/example_branch_datetime_operator.py
[2026-03-03T01:13:56.308+0000] {processor.py:799} INFO - Processing file /home/airflow/.local/lib/python3.7/site-packages/airflow/example_dags/example_branch_datetime_operator.py for tasks to queue
[2026-03-03T01:13:56.308+0000] {logging_mixin.py:149} INFO - [2026-03-03T01:13:56.308+0000] {dagbag.py:541} INFO - Filling up the DagBag from /home/airflow/.local/lib/python3.7/site-packages/airflow/example_dags/example_branch_datetime_operator.py
[2026-03-03T01:13:56.312+0000] {processor.py:809} INFO - DAG(s) dict_keys(['example_branch_datetime_operator', 'example_branch_datetime_operator_2', 'example_branch_datetime_operator_3']) retrieved from /home/airflow/.local/lib/python3.7/site-packages/airflow/example_dags/example_branch_datetime_operator.py
[2026-03-03T01:13:56.327+0000] {logging_mixin.py:149} INFO - [2026-03-03T01:13:56.327+0000] {dag.py:2726} INFO - Sync 3 DAGs
[2026-03-03T01:13:56.339+0000] {logging_mixin.py:149} INFO - [2026-03-03T01:13:56.339+0000] {dag.py:3490} INFO - Setting next_dagrun for example_branch_datetime_operator to 2026-03-02T00:00:00+00:00, run_after=2026-03-03T00:00:00+00:00
[2026-03-03T01:13:56.341+0000] {logging_mixin.py:149} INFO - [2026-03-03T01:13:56.341+0000] {dag.py:3490} INFO - Setting next_dagrun for example_branch_datetime_operator_2 to 2026-03-02T00:00:00+00:00, run_after=2026-03-03T00:00:00+00:00
[2026-03-03T01:13:56.342+0000] {logging_mixin.py:149} INFO - [2026-03-03T01:13:56.342+0000] {dag.py:3490} INFO - Setting next_dagrun for example_branch_datetime_operator_3 to 2026-03-02T00:00:00+00:00, run_after=2026-03-03T00:00:00+00:00
[2026-03-03T01:13:56.349+0000] {processor.py:178} INFO - Processing /home/airflow/.local/lib/python3.7/site-packages/airflow/example_dags/example_branch_datetime_operator.py took 0.043 seconds
[2026-03-03T01:14:27.078+0000] {processor.py:156} INFO - Started process (PID=934) to work on /home/airflow/.local/lib/python3.7/site-packages/airflow/example_dags/example_branch_datetime_operator.py
[2026-03-03T01:14:27.079+0000] {processor.py:799} INFO - Processing file /home/airflow/.local/lib/python3.7/site-packages/airflow/example_dags/example_branch_datetime_operator.py for tasks to queue
[2026-03-03T01:14:27.080+0000] {logging_mixin.py:149} INFO - [2026-03-03T01:14:27.080+0000] {dagbag.py:541} INFO - Filling up the DagBag from /home/airflow/.local/lib/python3.7/site-packages/airflow/example_dags/example_branch_datetime_operator.py
[2026-03-03T01:14:27.085+0000] {processor.py:809} INFO - DAG(s) dict_keys(['example_branch_datetime_operator_2', 'example_branch_datetime_operator', 'example_branch_datetime_operator_3']) retrieved from /home/airflow/.local/lib/python3.7/site-packages/airflow/example_dags/example_branch_datetime_operator.py
[2026-03-03T01:14:27.105+0000] {logging_mixin.py:149} INFO - [2026-03-03T01:14:27.105+0000] {dag.py:2726} INFO - Sync 3 DAGs
[2026-03-03T01:14:27.119+0000] {logging_mixin.py:149} INFO - [2026-03-03T01:14:27.119+0000] {dag.py:3490} INFO - Setting next_dagrun for example_branch_datetime_operator to 2026-03-02T00:00:00+00:00, run_after=2026-03-03T00:00:00+00:00
[2026-03-03T01:14:27.121+0000] {logging_mixin.py:149} INFO - [2026-03-03T01:14:27.121+0000] {dag.py:3490} INFO - Setting next_dagrun for example_branch_datetime_operator_2 to 2026-03-02T00:00:00+00:00, run_after=2026-03-03T00:00:00+00:00
[2026-03-03T01:14:27.122+0000] {logging_mixin.py:149} INFO - [2026-03-03T01:14:27.122+0000] {dag.py:3490} INFO - Setting next_dagrun for example_branch_datetime_operator_3 to 2026-03-02T00:00:00+00:00, run_after=2026-03-03T00:00:00+00:00
[2026-03-03T01:14:27.129+0000] {processor.py:178} INFO - Processing /home/airflow/.local/lib/python3.7/site-packages/airflow/example_dags/example_branch_datetime_operator.py took 0.053 seconds
[2026-03-03T01:14:57.915+0000] {processor.py:156} INFO - Started process (PID=996) to work on /home/airflow/.local/lib/python3.7/site-packages/airflow/example_dags/example_branch_datetime_operator.py
[2026-03-03T01:14:57.918+0000] {processor.py:799} INFO - Processing file /home/airflow/.local/lib/python3.7/site-packages/airflow/example_dags/example_branch_datetime_operator.py for tasks to queue
[2026-03-03T01:14:57.920+0000] {logging_mixin.py:149} INFO - [2026-03-03T01:14:57.920+0000] {dagbag.py:541} INFO - Filling up the DagBag from /home/airflow/.local/lib/python3.7/site-packages/airflow/example_dags/example_branch_datetime_operator.py
[2026-03-03T01:14:57.945+0000] {processor.py:809} INFO - DAG(s) dict_keys(['example_branch_datetime_operator_2', 'example_branch_datetime_operator', 'example_branch_datetime_operator_3']) retrieved from /home/airflow/.local/lib/python3.7/site-packages/airflow/example_dags/example_branch_datetime_operator.py
[2026-03-03T01:14:58.019+0000] {logging_mixin.py:149} INFO - [2026-03-03T01:14:58.018+0000] {dag.py:2726} INFO - Sync 3 DAGs
[2026-03-03T01:14:58.075+0000] {logging_mixin.py:149} INFO - [2026-03-03T01:14:58.074+0000] {dag.py:3490} INFO - Setting next_dagrun for example_branch_datetime_operator to 2026-03-02T00:00:00+00:00, run_after=2026-03-03T00:00:00+00:00
[2026-03-03T01:14:58.088+0000] {logging_mixin.py:149} INFO - [2026-03-03T01:14:58.087+0000] {dag.py:3490} INFO - Setting next_dagrun for example_branch_datetime_operator_2 to 2026-03-02T00:00:00+00:00, run_after=2026-03-03T00:00:00+00:00
[2026-03-03T01:14:58.095+0000] {logging_mixin.py:149} INFO - [2026-03-03T01:14:58.094+0000] {dag.py:3490} INFO - Setting next_dagrun for example_branch_datetime_operator_3 to 2026-03-02T00:00:00+00:00, run_after=2026-03-03T00:00:00+00:00
[2026-03-03T01:14:58.144+0000] {processor.py:178} INFO - Processing /home/airflow/.local/lib/python3.7/site-packages/airflow/example_dags/example_branch_datetime_operator.py took 0.237 seconds
[2026-03-03T01:15:28.469+0000] {processor.py:156} INFO - Started process (PID=1058) to work on /home/airflow/.local/lib/python3.7/site-packages/airflow/example_dags/example_branch_datetime_operator.py
[2026-03-03T01:15:28.470+0000] {processor.py:799} INFO - Processing file /home/airflow/.local/lib/python3.7/site-packages/airflow/example_dags/example_branch_datetime_operator.py for tasks to queue
[2026-03-03T01:15:28.470+0000] {logging_mixin.py:149} INFO - [2026-03-03T01:15:28.470+0000] {dagbag.py:541} INFO - Filling up the DagBag from /home/airflow/.local/lib/python3.7/site-packages/airflow/example_dags/example_branch_datetime_operator.py
[2026-03-03T01:15:28.476+0000] {processor.py:809} INFO - DAG(s) dict_keys(['example_branch_datetime_operator_2', 'example_branch_datetime_operator_3', 'example_branch_datetime_operator']) retrieved from /home/airflow/.local/lib/python3.7/site-packages/airflow/example_dags/example_branch_datetime_operator.py
[2026-03-03T01:15:28.494+0000] {logging_mixin.py:149} INFO - [2026-03-03T01:15:28.494+0000] {dag.py:2726} INFO - Sync 3 DAGs
[2026-03-03T01:15:28.507+0000] {logging_mixin.py:149} INFO - [2026-03-03T01:15:28.507+0000] {dag.py:3490} INFO - Setting next_dagrun for example_branch_datetime_operator to 2026-03-02T00:00:00+00:00, run_after=2026-03-03T00:00:00+00:00
[2026-03-03T01:15:28.509+0000] {logging_mixin.py:149} INFO - [2026-03-03T01:15:28.509+0000] {dag.py:3490} INFO - Setting next_dagrun for example_branch_datetime_operator_2 to 2026-03-02T00:00:00+00:00, run_after=2026-03-03T00:00:00+00:00
[2026-03-03T01:15:28.510+0000] {logging_mixin.py:149} INFO - [2026-03-03T01:15:28.510+0000] {dag.py:3490} INFO - Setting next_dagrun for example_branch_datetime_operator_3 to 2026-03-02T00:00:00+00:00, run_after=2026-03-03T00:00:00+00:00
[2026-03-03T01:15:28.518+0000] {processor.py:178} INFO - Processing /home/airflow/.local/lib/python3.7/site-packages/airflow/example_dags/example_branch_datetime_operator.py took 0.052 seconds
[2026-03-03T01:15:59.250+0000] {processor.py:156} INFO - Started process (PID=1119) to work on /home/airflow/.local/lib/python3.7/site-packages/airflow/example_dags/example_branch_datetime_operator.py
[2026-03-03T01:15:59.251+0000] {processor.py:799} INFO - Processing file /home/airflow/.local/lib/python3.7/site-packages/airflow/example_dags/example_branch_datetime_operator.py for tasks to queue
[2026-03-03T01:15:59.252+0000] {logging_mixin.py:149} INFO - [2026-03-03T01:15:59.252+0000] {dagbag.py:541} INFO - Filling up the DagBag from /home/airflow/.local/lib/python3.7/site-packages/airflow/example_dags/example_branch_datetime_operator.py
[2026-03-03T01:15:59.258+0000] {processor.py:809} INFO - DAG(s) dict_keys(['example_branch_datetime_operator', 'example_branch_datetime_operator_2', 'example_branch_datetime_operator_3']) retrieved from /home/airflow/.local/lib/python3.7/site-packages/airflow/example_dags/example_branch_datetime_operator.py
[2026-03-03T01:15:59.278+0000] {logging_mixin.py:149} INFO - [2026-03-03T01:15:59.278+0000] {dag.py:2726} INFO - Sync 3 DAGs
[2026-03-03T01:15:59.293+0000] {logging_mixin.py:149} INFO - [2026-03-03T01:15:59.293+0000] {dag.py:3490} INFO - Setting next_dagrun for example_branch_datetime_operator to 2026-03-02T00:00:00+00:00, run_after=2026-03-03T00:00:00+00:00
[2026-03-03T01:15:59.296+0000] {logging_mixin.py:149} INFO - [2026-03-03T01:15:59.296+0000] {dag.py:3490} INFO - Setting next_dagrun for example_branch_datetime_operator_2 to 2026-03-02T00:00:00+00:00, run_after=2026-03-03T00:00:00+00:00
[2026-03-03T01:15:59.297+0000] {logging_mixin.py:149} INFO - [2026-03-03T01:15:59.297+0000] {dag.py:3490} INFO - Setting next_dagrun for example_branch_datetime_operator_3 to 2026-03-02T00:00:00+00:00, run_after=2026-03-03T00:00:00+00:00
[2026-03-03T01:15:59.307+0000] {processor.py:178} INFO - Processing /home/airflow/.local/lib/python3.7/site-packages/airflow/example_dags/example_branch_datetime_operator.py took 0.058 seconds
[2026-03-03T01:16:30.305+0000] {processor.py:156} INFO - Started process (PID=1181) to work on /home/airflow/.local/lib/python3.7/site-packages/airflow/example_dags/example_branch_datetime_operator.py
[2026-03-03T01:16:30.306+0000] {processor.py:799} INFO - Processing file /home/airflow/.local/lib/python3.7/site-packages/airflow/example_dags/example_branch_datetime_operator.py for tasks to queue
[2026-03-03T01:16:30.308+0000] {logging_mixin.py:149} INFO - [2026-03-03T01:16:30.308+0000] {dagbag.py:541} INFO - Filling up the DagBag from /home/airflow/.local/lib/python3.7/site-packages/airflow/example_dags/example_branch_datetime_operator.py
[2026-03-03T01:16:30.332+0000] {processor.py:809} INFO - DAG(s) dict_keys(['example_branch_datetime_operator', 'example_branch_datetime_operator_3', 'example_branch_datetime_operator_2']) retrieved from /home/airflow/.local/lib/python3.7/site-packages/airflow/example_dags/example_branch_datetime_operator.py
[2026-03-03T01:16:30.409+0000] {logging_mixin.py:149} INFO - [2026-03-03T01:16:30.409+0000] {dag.py:2726} INFO - Sync 3 DAGs
[2026-03-03T01:16:30.481+0000] {logging_mixin.py:149} INFO - [2026-03-03T01:16:30.481+0000] {dag.py:3490} INFO - Setting next_dagrun for example_branch_datetime_operator to 2026-03-02T00:00:00+00:00, run_after=2026-03-03T00:00:00+00:00
[2026-03-03T01:16:30.493+0000] {logging_mixin.py:149} INFO - [2026-03-03T01:16:30.493+0000] {dag.py:3490} INFO - Setting next_dagrun for example_branch_datetime_operator_2 to 2026-03-02T00:00:00+00:00, run_after=2026-03-03T00:00:00+00:00
[2026-03-03T01:16:30.501+0000] {logging_mixin.py:149} INFO - [2026-03-03T01:16:30.500+0000] {dag.py:3490} INFO - Setting next_dagrun for example_branch_datetime_operator_3 to 2026-03-02T00:00:00+00:00, run_after=2026-03-03T00:00:00+00:00
[2026-03-03T01:16:30.548+0000] {processor.py:178} INFO - Processing /home/airflow/.local/lib/python3.7/site-packages/airflow/example_dags/example_branch_datetime_operator.py took 0.251 seconds
[2026-03-03T01:17:00.848+0000] {processor.py:156} INFO - Started process (PID=1243) to work on /home/airflow/.local/lib/python3.7/site-packages/airflow/example_dags/example_branch_datetime_operator.py
[2026-03-03T01:17:00.850+0000] {processor.py:799} INFO - Processing file /home/airflow/.local/lib/python3.7/site-packages/airflow/example_dags/example_branch_datetime_operator.py for tasks to queue
[2026-03-03T01:17:00.852+0000] {logging_mixin.py:149} INFO - [2026-03-03T01:17:00.852+0000] {dagbag.py:541} INFO - Filling up the DagBag from /home/airflow/.local/lib/python3.7/site-packages/airflow/example_dags/example_branch_datetime_operator.py
[2026-03-03T01:17:00.869+0000] {processor.py:809} INFO - DAG(s) dict_keys(['example_branch_datetime_operator_3', 'example_branch_datetime_operator', 'example_branch_datetime_operator_2']) retrieved from /home/airflow/.local/lib/python3.7/site-packages/airflow/example_dags/example_branch_datetime_operator.py
[2026-03-03T01:17:00.922+0000] {logging_mixin.py:149} INFO - [2026-03-03T01:17:00.922+0000] {dag.py:2726} INFO - Sync 3 DAGs
[2026-03-03T01:17:00.971+0000] {logging_mixin.py:149} INFO - [2026-03-03T01:17:00.971+0000] {dag.py:3490} INFO - Setting next_dagrun for example_branch_datetime_operator to 2026-03-02T00:00:00+00:00, run_after=2026-03-03T00:00:00+00:00
[2026-03-03T01:17:00.982+0000] {logging_mixin.py:149} INFO - [2026-03-03T01:17:00.982+0000] {dag.py:3490} INFO - Setting next_dagrun for example_branch_datetime_operator_2 to 2026-03-02T00:00:00+00:00, run_after=2026-03-03T00:00:00+00:00
[2026-03-03T01:17:00.988+0000] {logging_mixin.py:149} INFO - [2026-03-03T01:17:00.987+0000] {dag.py:3490} INFO - Setting next_dagrun for example_branch_datetime_operator_3 to 2026-03-02T00:00:00+00:00, run_after=2026-03-03T00:00:00+00:00
[2026-03-03T01:17:01.022+0000] {processor.py:178} INFO - Processing /home/airflow/.local/lib/python3.7/site-packages/airflow/example_dags/example_branch_datetime_operator.py took 0.180 seconds
[2026-03-03T01:17:31.892+0000] {processor.py:156} INFO - Started process (PID=1305) to work on /home/airflow/.local/lib/python3.7/site-packages/airflow/example_dags/example_branch_datetime_operator.py
[2026-03-03T01:17:31.893+0000] {processor.py:799} INFO - Processing file /home/airflow/.local/lib/python3.7/site-packages/airflow/example_dags/example_branch_datetime_operator.py for tasks to queue
[2026-03-03T01:17:31.894+0000] {logging_mixin.py:149} INFO - [2026-03-03T01:17:31.894+0000] {dagbag.py:541} INFO - Filling up the DagBag from /home/airflow/.local/lib/python3.7/site-packages/airflow/example_dags/example_branch_datetime_operator.py
[2026-03-03T01:17:31.903+0000] {processor.py:809} INFO - DAG(s) dict_keys(['example_branch_datetime_operator', 'example_branch_datetime_operator_3', 'example_branch_datetime_operator_2']) retrieved from /home/airflow/.local/lib/python3.7/site-packages/airflow/example_dags/example_branch_datetime_operator.py
[2026-03-03T01:17:31.925+0000] {logging_mixin.py:149} INFO - [2026-03-03T01:17:31.925+0000] {dag.py:2726} INFO - Sync 3 DAGs
[2026-03-03T01:17:31.938+0000] {logging_mixin.py:149} INFO - [2026-03-03T01:17:31.938+0000] {dag.py:3490} INFO - Setting next_dagrun for example_branch_datetime_operator to 2026-03-02T00:00:00+00:00, run_after=2026-03-03T00:00:00+00:00
[2026-03-03T01:17:31.941+0000] {logging_mixin.py:149} INFO - [2026-03-03T01:17:31.941+0000] {dag.py:3490} INFO - Setting next_dagrun for example_branch_datetime_operator_2 to 2026-03-02T00:00:00+00:00, run_after=2026-03-03T00:00:00+00:00
[2026-03-03T01:17:31.942+0000] {logging_mixin.py:149} INFO - [2026-03-03T01:17:31.942+0000] {dag.py:3490} INFO - Setting next_dagrun for example_branch_datetime_operator_3 to 2026-03-02T00:00:00+00:00, run_after=2026-03-03T00:00:00+00:00
[2026-03-03T01:17:31.948+0000] {processor.py:178} INFO - Processing /home/airflow/.local/lib/python3.7/site-packages/airflow/example_dags/example_branch_datetime_operator.py took 0.059 seconds
[2026-03-03T01:18:02.873+0000] {processor.py:156} INFO - Started process (PID=1367) to work on /home/airflow/.local/lib/python3.7/site-packages/airflow/example_dags/example_branch_datetime_operator.py
[2026-03-03T01:18:02.875+0000] {processor.py:799} INFO - Processing file /home/airflow/.local/lib/python3.7/site-packages/airflow/example_dags/example_branch_datetime_operator.py for tasks to queue
[2026-03-03T01:18:02.876+0000] {logging_mixin.py:149} INFO - [2026-03-03T01:18:02.876+0000] {dagbag.py:541} INFO - Filling up the DagBag from /home/airflow/.local/lib/python3.7/site-packages/airflow/example_dags/example_branch_datetime_operator.py
[2026-03-03T01:18:02.881+0000] {processor.py:809} INFO - DAG(s) dict_keys(['example_branch_datetime_operator', 'example_branch_datetime_operator_2', 'example_branch_datetime_operator_3']) retrieved from /home/airflow/.local/lib/python3.7/site-packages/airflow/example_dags/example_branch_datetime_operator.py
[2026-03-03T01:18:02.905+0000] {logging_mixin.py:149} INFO - [2026-03-03T01:18:02.902+0000] {dag.py:2726} INFO - Sync 3 DAGs
[2026-03-03T01:18:02.922+0000] {logging_mixin.py:149} INFO - [2026-03-03T01:18:02.921+0000] {dag.py:3490} INFO - Setting next_dagrun for example_branch_datetime_operator to 2026-03-02T00:00:00+00:00, run_after=2026-03-03T00:00:00+00:00
[2026-03-03T01:18:02.925+0000] {logging_mixin.py:149} INFO - [2026-03-03T01:18:02.925+0000] {dag.py:3490} INFO - Setting next_dagrun for example_branch_datetime_operator_2 to 2026-03-02T00:00:00+00:00, run_after=2026-03-03T00:00:00+00:00
[2026-03-03T01:18:02.926+0000] {logging_mixin.py:149} INFO - [2026-03-03T01:18:02.926+0000] {dag.py:3490} INFO - Setting next_dagrun for example_branch_datetime_operator_3 to 2026-03-02T00:00:00+00:00, run_after=2026-03-03T00:00:00+00:00
[2026-03-03T01:18:02.933+0000] {processor.py:178} INFO - Processing /home/airflow/.local/lib/python3.7/site-packages/airflow/example_dags/example_branch_datetime_operator.py took 0.063 seconds
[2026-03-03T01:18:33.376+0000] {processor.py:156} INFO - Started process (PID=1429) to work on /home/airflow/.local/lib/python3.7/site-packages/airflow/example_dags/example_branch_datetime_operator.py
[2026-03-03T01:18:33.379+0000] {processor.py:799} INFO - Processing file /home/airflow/.local/lib/python3.7/site-packages/airflow/example_dags/example_branch_datetime_operator.py for tasks to queue
[2026-03-03T01:18:33.382+0000] {logging_mixin.py:149} INFO - [2026-03-03T01:18:33.380+0000] {dagbag.py:541} INFO - Filling up the DagBag from /home/airflow/.local/lib/python3.7/site-packages/airflow/example_dags/example_branch_datetime_operator.py
[2026-03-03T01:18:33.402+0000] {processor.py:809} INFO - DAG(s) dict_keys(['example_branch_datetime_operator', 'example_branch_datetime_operator_2', 'example_branch_datetime_operator_3']) retrieved from /home/airflow/.local/lib/python3.7/site-packages/airflow/example_dags/example_branch_datetime_operator.py
[2026-03-03T01:18:33.474+0000] {logging_mixin.py:149} INFO - [2026-03-03T01:18:33.474+0000] {dag.py:2726} INFO - Sync 3 DAGs
[2026-03-03T01:18:33.554+0000] {logging_mixin.py:149} INFO - [2026-03-03T01:18:33.553+0000] {dag.py:3490} INFO - Setting next_dagrun for example_branch_datetime_operator to 2026-03-02T00:00:00+00:00, run_after=2026-03-03T00:00:00+00:00
[2026-03-03T01:18:33.566+0000] {logging_mixin.py:149} INFO - [2026-03-03T01:18:33.566+0000] {dag.py:3490} INFO - Setting next_dagrun for example_branch_datetime_operator_2 to 2026-03-02T00:00:00+00:00, run_after=2026-03-03T00:00:00+00:00
[2026-03-03T01:18:33.573+0000] {logging_mixin.py:149} INFO - [2026-03-03T01:18:33.572+0000] {dag.py:3490} INFO - Setting next_dagrun for example_branch_datetime_operator_3 to 2026-03-02T00:00:00+00:00, run_after=2026-03-03T00:00:00+00:00
[2026-03-03T01:18:33.622+0000] {processor.py:178} INFO - Processing /home/airflow/.local/lib/python3.7/site-packages/airflow/example_dags/example_branch_datetime_operator.py took 0.253 seconds
[2026-03-03T01:19:03.952+0000] {processor.py:156} INFO - Started process (PID=1491) to work on /home/airflow/.local/lib/python3.7/site-packages/airflow/example_dags/example_branch_datetime_operator.py
[2026-03-03T01:19:03.953+0000] {processor.py:799} INFO - Processing file /home/airflow/.local/lib/python3.7/site-packages/airflow/example_dags/example_branch_datetime_operator.py for tasks to queue
[2026-03-03T01:19:03.955+0000] {logging_mixin.py:149} INFO - [2026-03-03T01:19:03.955+0000] {dagbag.py:541} INFO - Filling up the DagBag from /home/airflow/.local/lib/python3.7/site-packages/airflow/example_dags/example_branch_datetime_operator.py
[2026-03-03T01:19:03.973+0000] {processor.py:809} INFO - DAG(s) dict_keys(['example_branch_datetime_operator', 'example_branch_datetime_operator_3', 'example_branch_datetime_operator_2']) retrieved from /home/airflow/.local/lib/python3.7/site-packages/airflow/example_dags/example_branch_datetime_operator.py
[2026-03-03T01:19:04.042+0000] {logging_mixin.py:149} INFO - [2026-03-03T01:19:04.041+0000] {dag.py:2726} INFO - Sync 3 DAGs
[2026-03-03T01:19:04.095+0000] {logging_mixin.py:149} INFO - [2026-03-03T01:19:04.095+0000] {dag.py:3490} INFO - Setting next_dagrun for example_branch_datetime_operator to 2026-03-02T00:00:00+00:00, run_after=2026-03-03T00:00:00+00:00
[2026-03-03T01:19:04.106+0000] {logging_mixin.py:149} INFO - [2026-03-03T01:19:04.105+0000] {dag.py:3490} INFO - Setting next_dagrun for example_branch_datetime_operator_2 to 2026-03-02T00:00:00+00:00, run_after=2026-03-03T00:00:00+00:00
[2026-03-03T01:19:04.113+0000] {logging_mixin.py:149} INFO - [2026-03-03T01:19:04.112+0000] {dag.py:3490} INFO - Setting next_dagrun for example_branch_datetime_operator_3 to 2026-03-02T00:00:00+00:00, run_after=2026-03-03T00:00:00+00:00
[2026-03-03T01:19:04.153+0000] {processor.py:178} INFO - Processing /home/airflow/.local/lib/python3.7/site-packages/airflow/example_dags/example_branch_datetime_operator.py took 0.208 seconds
[2026-03-03T01:19:34.188+0000] {processor.py:156} INFO - Started process (PID=1553) to work on /home/airflow/.local/lib/python3.7/site-packages/airflow/example_dags/example_branch_datetime_operator.py
[2026-03-03T01:19:34.188+0000] {processor.py:799} INFO - Processing file /home/airflow/.local/lib/python3.7/site-packages/airflow/example_dags/example_branch_datetime_operator.py for tasks to queue
[2026-03-03T01:19:34.188+0000] {logging_mixin.py:149} INFO - [2026-03-03T01:19:34.188+0000] {dagbag.py:541} INFO - Filling up the DagBag from /home/airflow/.local/lib/python3.7/site-packages/airflow/example_dags/example_branch_datetime_operator.py
[2026-03-03T01:19:34.194+0000] {processor.py:809} INFO - DAG(s) dict_keys(['example_branch_datetime_operator_2', 'example_branch_datetime_operator', 'example_branch_datetime_operator_3']) retrieved from /home/airflow/.local/lib/python3.7/site-packages/airflow/example_dags/example_branch_datetime_operator.py
[2026-03-03T01:19:34.212+0000] {logging_mixin.py:149} INFO - [2026-03-03T01:19:34.212+0000] {dag.py:2726} INFO - Sync 3 DAGs
[2026-03-03T01:19:34.226+0000] {logging_mixin.py:149} INFO - [2026-03-03T01:19:34.226+0000] {dag.py:3490} INFO - Setting next_dagrun for example_branch_datetime_operator to 2026-03-02T00:00:00+00:00, run_after=2026-03-03T00:00:00+00:00
[2026-03-03T01:19:34.228+0000] {logging_mixin.py:149} INFO - [2026-03-03T01:19:34.228+0000] {dag.py:3490} INFO - Setting next_dagrun for example_branch_datetime_operator_2 to 2026-03-02T00:00:00+00:00, run_after=2026-03-03T00:00:00+00:00
[2026-03-03T01:19:34.229+0000] {logging_mixin.py:149} INFO - [2026-03-03T01:19:34.229+0000] {dag.py:3490} INFO - Setting next_dagrun for example_branch_datetime_operator_3 to 2026-03-02T00:00:00+00:00, run_after=2026-03-03T00:00:00+00:00
[2026-03-03T01:19:34.235+0000] {processor.py:178} INFO - Processing /home/airflow/.local/lib/python3.7/site-packages/airflow/example_dags/example_branch_datetime_operator.py took 0.050 seconds
[2026-03-03T01:20:04.872+0000] {processor.py:156} INFO - Started process (PID=1615) to work on /home/airflow/.local/lib/python3.7/site-packages/airflow/example_dags/example_branch_datetime_operator.py
[2026-03-03T01:20:04.874+0000] {processor.py:799} INFO - Processing file /home/airflow/.local/lib/python3.7/site-packages/airflow/example_dags/example_branch_datetime_operator.py for tasks to queue
[2026-03-03T01:20:04.875+0000] {logging_mixin.py:149} INFO - [2026-03-03T01:20:04.875+0000] {dagbag.py:541} INFO - Filling up the DagBag from /home/airflow/.local/lib/python3.7/site-packages/airflow/example_dags/example_branch_datetime_operator.py
[2026-03-03T01:20:04.880+0000] {processor.py:809} INFO - DAG(s) dict_keys(['example_branch_datetime_operator_2', 'example_branch_datetime_operator', 'example_branch_datetime_operator_3']) retrieved from /home/airflow/.local/lib/python3.7/site-packages/airflow/example_dags/example_branch_datetime_operator.py
[2026-03-03T01:20:04.899+0000] {logging_mixin.py:149} INFO - [2026-03-03T01:20:04.899+0000] {dag.py:2726} INFO - Sync 3 DAGs
[2026-03-03T01:20:04.913+0000] {logging_mixin.py:149} INFO - [2026-03-03T01:20:04.913+0000] {dag.py:3490} INFO - Setting next_dagrun for example_branch_datetime_operator to 2026-03-02T00:00:00+00:00, run_after=2026-03-03T00:00:00+00:00
[2026-03-03T01:20:04.915+0000] {logging_mixin.py:149} INFO - [2026-03-03T01:20:04.915+0000] {dag.py:3490} INFO - Setting next_dagrun for example_branch_datetime_operator_2 to 2026-03-02T00:00:00+00:00, run_after=2026-03-03T00:00:00+00:00
[2026-03-03T01:20:04.916+0000] {logging_mixin.py:149} INFO - [2026-03-03T01:20:04.916+0000] {dag.py:3490} INFO - Setting next_dagrun for example_branch_datetime_operator_3 to 2026-03-02T00:00:00+00:00, run_after=2026-03-03T00:00:00+00:00
[2026-03-03T01:20:04.923+0000] {processor.py:178} INFO - Processing /home/airflow/.local/lib/python3.7/site-packages/airflow/example_dags/example_branch_datetime_operator.py took 0.054 seconds
[2026-03-03T01:20:35.583+0000] {processor.py:156} INFO - Started process (PID=1677) to work on /home/airflow/.local/lib/python3.7/site-packages/airflow/example_dags/example_branch_datetime_operator.py
[2026-03-03T01:20:35.584+0000] {processor.py:799} INFO - Processing file /home/airflow/.local/lib/python3.7/site-packages/airflow/example_dags/example_branch_datetime_operator.py for tasks to queue
[2026-03-03T01:20:35.585+0000] {logging_mixin.py:149} INFO - [2026-03-03T01:20:35.584+0000] {dagbag.py:541} INFO - Filling up the DagBag from /home/airflow/.local/lib/python3.7/site-packages/airflow/example_dags/example_branch_datetime_operator.py
[2026-03-03T01:20:35.593+0000] {processor.py:809} INFO - DAG(s) dict_keys(['example_branch_datetime_operator_2', 'example_branch_datetime_operator', 'example_branch_datetime_operator_3']) retrieved from /home/airflow/.local/lib/python3.7/site-packages/airflow/example_dags/example_branch_datetime_operator.py
[2026-03-03T01:20:35.617+0000] {logging_mixin.py:149} INFO - [2026-03-03T01:20:35.617+0000] {dag.py:2726} INFO - Sync 3 DAGs
[2026-03-03T01:20:35.634+0000] {logging_mixin.py:149} INFO - [2026-03-03T01:20:35.634+0000] {dag.py:3490} INFO - Setting next_dagrun for example_branch_datetime_operator to 2026-03-02T00:00:00+00:00, run_after=2026-03-03T00:00:00+00:00
[2026-03-03T01:20:35.638+0000] {logging_mixin.py:149} INFO - [2026-03-03T01:20:35.638+0000] {dag.py:3490} INFO - Setting next_dagrun for example_branch_datetime_operator_2 to 2026-03-02T00:00:00+00:00, run_after=2026-03-03T00:00:00+00:00
[2026-03-03T01:20:35.639+0000] {logging_mixin.py:149} INFO - [2026-03-03T01:20:35.639+0000] {dag.py:3490} INFO - Setting next_dagrun for example_branch_datetime_operator_3 to 2026-03-02T00:00:00+00:00, run_after=2026-03-03T00:00:00+00:00
[2026-03-03T01:20:35.648+0000] {processor.py:178} INFO - Processing /home/airflow/.local/lib/python3.7/site-packages/airflow/example_dags/example_branch_datetime_operator.py took 0.067 seconds
[2026-03-03T01:21:06.185+0000] {processor.py:156} INFO - Started process (PID=1739) to work on /home/airflow/.local/lib/python3.7/site-packages/airflow/example_dags/example_branch_datetime_operator.py
[2026-03-03T01:21:06.187+0000] {processor.py:799} INFO - Processing file /home/airflow/.local/lib/python3.7/site-packages/airflow/example_dags/example_branch_datetime_operator.py for tasks to queue
[2026-03-03T01:21:06.188+0000] {logging_mixin.py:149} INFO - [2026-03-03T01:21:06.188+0000] {dagbag.py:541} INFO - Filling up the DagBag from /home/airflow/.local/lib/python3.7/site-packages/airflow/example_dags/example_branch_datetime_operator.py
[2026-03-03T01:21:06.194+0000] {processor.py:809} INFO - DAG(s) dict_keys(['example_branch_datetime_operator', 'example_branch_datetime_operator_2', 'example_branch_datetime_operator_3']) retrieved from /home/airflow/.local/lib/python3.7/site-packages/airflow/example_dags/example_branch_datetime_operator.py
[2026-03-03T01:21:06.215+0000] {logging_mixin.py:149} INFO - [2026-03-03T01:21:06.215+0000] {dag.py:2726} INFO - Sync 3 DAGs
[2026-03-03T01:21:06.239+0000] {logging_mixin.py:149} INFO - [2026-03-03T01:21:06.239+0000] {dag.py:3490} INFO - Setting next_dagrun for example_branch_datetime_operator to 2026-03-02T00:00:00+00:00, run_after=2026-03-03T00:00:00+00:00
[2026-03-03T01:21:06.243+0000] {logging_mixin.py:149} INFO - [2026-03-03T01:21:06.243+0000] {dag.py:3490} INFO - Setting next_dagrun for example_branch_datetime_operator_2 to 2026-03-02T00:00:00+00:00, run_after=2026-03-03T00:00:00+00:00
[2026-03-03T01:21:06.244+0000] {logging_mixin.py:149} INFO - [2026-03-03T01:21:06.244+0000] {dag.py:3490} INFO - Setting next_dagrun for example_branch_datetime_operator_3 to 2026-03-02T00:00:00+00:00, run_after=2026-03-03T00:00:00+00:00
[2026-03-03T01:21:06.255+0000] {processor.py:178} INFO - Processing /home/airflow/.local/lib/python3.7/site-packages/airflow/example_dags/example_branch_datetime_operator.py took 0.072 seconds
[2026-03-03T01:21:36.918+0000] {processor.py:156} INFO - Started process (PID=1801) to work on /home/airflow/.local/lib/python3.7/site-packages/airflow/example_dags/example_branch_datetime_operator.py
[2026-03-03T01:21:36.922+0000] {processor.py:799} INFO - Processing file /home/airflow/.local/lib/python3.7/site-packages/airflow/example_dags/example_branch_datetime_operator.py for tasks to queue
[2026-03-03T01:21:36.923+0000] {logging_mixin.py:149} INFO - [2026-03-03T01:21:36.923+0000] {dagbag.py:541} INFO - Filling up the DagBag from /home/airflow/.local/lib/python3.7/site-packages/airflow/example_dags/example_branch_datetime_operator.py
[2026-03-03T01:21:36.928+0000] {processor.py:809} INFO - DAG(s) dict_keys(['example_branch_datetime_operator_3', 'example_branch_datetime_operator_2', 'example_branch_datetime_operator']) retrieved from /home/airflow/.local/lib/python3.7/site-packages/airflow/example_dags/example_branch_datetime_operator.py
[2026-03-03T01:21:36.948+0000] {logging_mixin.py:149} INFO - [2026-03-03T01:21:36.947+0000] {dag.py:2726} INFO - Sync 3 DAGs
[2026-03-03T01:21:36.962+0000] {logging_mixin.py:149} INFO - [2026-03-03T01:21:36.962+0000] {dag.py:3490} INFO - Setting next_dagrun for example_branch_datetime_operator to 2026-03-02T00:00:00+00:00, run_after=2026-03-03T00:00:00+00:00
[2026-03-03T01:21:36.964+0000] {logging_mixin.py:149} INFO - [2026-03-03T01:21:36.964+0000] {dag.py:3490} INFO - Setting next_dagrun for example_branch_datetime_operator_2 to 2026-03-02T00:00:00+00:00, run_after=2026-03-03T00:00:00+00:00
[2026-03-03T01:21:36.965+0000] {logging_mixin.py:149} INFO - [2026-03-03T01:21:36.965+0000] {dag.py:3490} INFO - Setting next_dagrun for example_branch_datetime_operator_3 to 2026-03-02T00:00:00+00:00, run_after=2026-03-03T00:00:00+00:00
[2026-03-03T01:21:36.975+0000] {processor.py:178} INFO - Processing /home/airflow/.local/lib/python3.7/site-packages/airflow/example_dags/example_branch_datetime_operator.py took 0.058 seconds
[2026-03-03T01:22:07.425+0000] {processor.py:156} INFO - Started process (PID=1863) to work on /home/airflow/.local/lib/python3.7/site-packages/airflow/example_dags/example_branch_datetime_operator.py
[2026-03-03T01:22:07.428+0000] {processor.py:799} INFO - Processing file /home/airflow/.local/lib/python3.7/site-packages/airflow/example_dags/example_branch_datetime_operator.py for tasks to queue
[2026-03-03T01:22:07.431+0000] {logging_mixin.py:149} INFO - [2026-03-03T01:22:07.430+0000] {dagbag.py:541} INFO - Filling up the DagBag from /home/airflow/.local/lib/python3.7/site-packages/airflow/example_dags/example_branch_datetime_operator.py
[2026-03-03T01:22:07.460+0000] {processor.py:809} INFO - DAG(s) dict_keys(['example_branch_datetime_operator', 'example_branch_datetime_operator_3', 'example_branch_datetime_operator_2']) retrieved from /home/airflow/.local/lib/python3.7/site-packages/airflow/example_dags/example_branch_datetime_operator.py
[2026-03-03T01:22:07.546+0000] {logging_mixin.py:149} INFO - [2026-03-03T01:22:07.546+0000] {dag.py:2726} INFO - Sync 3 DAGs
[2026-03-03T01:22:07.625+0000] {logging_mixin.py:149} INFO - [2026-03-03T01:22:07.625+0000] {dag.py:3490} INFO - Setting next_dagrun for example_branch_datetime_operator to 2026-03-02T00:00:00+00:00, run_after=2026-03-03T00:00:00+00:00
[2026-03-03T01:22:07.639+0000] {logging_mixin.py:149} INFO - [2026-03-03T01:22:07.639+0000] {dag.py:3490} INFO - Setting next_dagrun for example_branch_datetime_operator_2 to 2026-03-02T00:00:00+00:00, run_after=2026-03-03T00:00:00+00:00
[2026-03-03T01:22:07.647+0000] {logging_mixin.py:149} INFO - [2026-03-03T01:22:07.646+0000] {dag.py:3490} INFO - Setting next_dagrun for example_branch_datetime_operator_3 to 2026-03-02T00:00:00+00:00, run_after=2026-03-03T00:00:00+00:00
[2026-03-03T01:22:07.702+0000] {processor.py:178} INFO - Processing /home/airflow/.local/lib/python3.7/site-packages/airflow/example_dags/example_branch_datetime_operator.py took 0.289 seconds
[2026-03-03T01:22:38.842+0000] {processor.py:156} INFO - Started process (PID=1925) to work on /home/airflow/.local/lib/python3.7/site-packages/airflow/example_dags/example_branch_datetime_operator.py
[2026-03-03T01:22:38.845+0000] {processor.py:799} INFO - Processing file /home/airflow/.local/lib/python3.7/site-packages/airflow/example_dags/example_branch_datetime_operator.py for tasks to queue
[2026-03-03T01:22:38.846+0000] {logging_mixin.py:149} INFO - [2026-03-03T01:22:38.846+0000] {dagbag.py:541} INFO - Filling up the DagBag from /home/airflow/.local/lib/python3.7/site-packages/airflow/example_dags/example_branch_datetime_operator.py
[2026-03-03T01:22:38.874+0000] {processor.py:809} INFO - DAG(s) dict_keys(['example_branch_datetime_operator_3', 'example_branch_datetime_operator_2', 'example_branch_datetime_operator']) retrieved from /home/airflow/.local/lib/python3.7/site-packages/airflow/example_dags/example_branch_datetime_operator.py
[2026-03-03T01:22:38.967+0000] {logging_mixin.py:149} INFO - [2026-03-03T01:22:38.966+0000] {dag.py:2726} INFO - Sync 3 DAGs
[2026-03-03T01:22:39.059+0000] {logging_mixin.py:149} INFO - [2026-03-03T01:22:39.059+0000] {dag.py:3490} INFO - Setting next_dagrun for example_branch_datetime_operator to 2026-03-02T00:00:00+00:00, run_after=2026-03-03T00:00:00+00:00
[2026-03-03T01:22:39.078+0000] {logging_mixin.py:149} INFO - [2026-03-03T01:22:39.077+0000] {dag.py:3490} INFO - Setting next_dagrun for example_branch_datetime_operator_2 to 2026-03-02T00:00:00+00:00, run_after=2026-03-03T00:00:00+00:00
[2026-03-03T01:22:39.087+0000] {logging_mixin.py:149} INFO - [2026-03-03T01:22:39.086+0000] {dag.py:3490} INFO - Setting next_dagrun for example_branch_datetime_operator_3 to 2026-03-02T00:00:00+00:00, run_after=2026-03-03T00:00:00+00:00
[2026-03-03T01:22:39.145+0000] {processor.py:178} INFO - Processing /home/airflow/.local/lib/python3.7/site-packages/airflow/example_dags/example_branch_datetime_operator.py took 0.312 seconds
[2026-03-03T01:23:09.410+0000] {processor.py:156} INFO - Started process (PID=1987) to work on /home/airflow/.local/lib/python3.7/site-packages/airflow/example_dags/example_branch_datetime_operator.py
[2026-03-03T01:23:09.412+0000] {processor.py:799} INFO - Processing file /home/airflow/.local/lib/python3.7/site-packages/airflow/example_dags/example_branch_datetime_operator.py for tasks to queue
[2026-03-03T01:23:09.415+0000] {logging_mixin.py:149} INFO - [2026-03-03T01:23:09.414+0000] {dagbag.py:541} INFO - Filling up the DagBag from /home/airflow/.local/lib/python3.7/site-packages/airflow/example_dags/example_branch_datetime_operator.py
[2026-03-03T01:23:09.440+0000] {processor.py:809} INFO - DAG(s) dict_keys(['example_branch_datetime_operator', 'example_branch_datetime_operator_2', 'example_branch_datetime_operator_3']) retrieved from /home/airflow/.local/lib/python3.7/site-packages/airflow/example_dags/example_branch_datetime_operator.py
[2026-03-03T01:23:09.528+0000] {logging_mixin.py:149} INFO - [2026-03-03T01:23:09.528+0000] {dag.py:2726} INFO - Sync 3 DAGs
[2026-03-03T01:23:09.610+0000] {logging_mixin.py:149} INFO - [2026-03-03T01:23:09.610+0000] {dag.py:3490} INFO - Setting next_dagrun for example_branch_datetime_operator to 2026-03-02T00:00:00+00:00, run_after=2026-03-03T00:00:00+00:00
[2026-03-03T01:23:09.627+0000] {logging_mixin.py:149} INFO - [2026-03-03T01:23:09.627+0000] {dag.py:3490} INFO - Setting next_dagrun for example_branch_datetime_operator_2 to 2026-03-02T00:00:00+00:00, run_after=2026-03-03T00:00:00+00:00
[2026-03-03T01:23:09.636+0000] {logging_mixin.py:149} INFO - [2026-03-03T01:23:09.635+0000] {dag.py:3490} INFO - Setting next_dagrun for example_branch_datetime_operator_3 to 2026-03-02T00:00:00+00:00, run_after=2026-03-03T00:00:00+00:00
[2026-03-03T01:23:09.711+0000] {processor.py:178} INFO - Processing /home/airflow/.local/lib/python3.7/site-packages/airflow/example_dags/example_branch_datetime_operator.py took 0.310 seconds
[2026-03-03T01:23:39.925+0000] {processor.py:156} INFO - Started process (PID=2049) to work on /home/airflow/.local/lib/python3.7/site-packages/airflow/example_dags/example_branch_datetime_operator.py
[2026-03-03T01:23:39.928+0000] {processor.py:799} INFO - Processing file /home/airflow/.local/lib/python3.7/site-packages/airflow/example_dags/example_branch_datetime_operator.py for tasks to queue
[2026-03-03T01:23:39.929+0000] {logging_mixin.py:149} INFO - [2026-03-03T01:23:39.929+0000] {dagbag.py:541} INFO - Filling up the DagBag from /home/airflow/.local/lib/python3.7/site-packages/airflow/example_dags/example_branch_datetime_operator.py
[2026-03-03T01:23:39.951+0000] {processor.py:809} INFO - DAG(s) dict_keys(['example_branch_datetime_operator', 'example_branch_datetime_operator_3', 'example_branch_datetime_operator_2']) retrieved from /home/airflow/.local/lib/python3.7/site-packages/airflow/example_dags/example_branch_datetime_operator.py
[2026-03-03T01:23:40.042+0000] {logging_mixin.py:149} INFO - [2026-03-03T01:23:40.041+0000] {dag.py:2726} INFO - Sync 3 DAGs
[2026-03-03T01:23:40.117+0000] {logging_mixin.py:149} INFO - [2026-03-03T01:23:40.117+0000] {dag.py:3490} INFO - Setting next_dagrun for example_branch_datetime_operator to 2026-03-02T00:00:00+00:00, run_after=2026-03-03T00:00:00+00:00
[2026-03-03T01:23:40.131+0000] {logging_mixin.py:149} INFO - [2026-03-03T01:23:40.131+0000] {dag.py:3490} INFO - Setting next_dagrun for example_branch_datetime_operator_2 to 2026-03-02T00:00:00+00:00, run_after=2026-03-03T00:00:00+00:00
[2026-03-03T01:23:40.137+0000] {logging_mixin.py:149} INFO - [2026-03-03T01:23:40.137+0000] {dag.py:3490} INFO - Setting next_dagrun for example_branch_datetime_operator_3 to 2026-03-02T00:00:00+00:00, run_after=2026-03-03T00:00:00+00:00
[2026-03-03T01:23:40.202+0000] {processor.py:178} INFO - Processing /home/airflow/.local/lib/python3.7/site-packages/airflow/example_dags/example_branch_datetime_operator.py took 0.285 seconds
[2026-03-03T01:24:10.304+0000] {processor.py:156} INFO - Started process (PID=2111) to work on /home/airflow/.local/lib/python3.7/site-packages/airflow/example_dags/example_branch_datetime_operator.py
[2026-03-03T01:24:10.307+0000] {processor.py:799} INFO - Processing file /home/airflow/.local/lib/python3.7/site-packages/airflow/example_dags/example_branch_datetime_operator.py for tasks to queue
[2026-03-03T01:24:10.310+0000] {logging_mixin.py:149} INFO - [2026-03-03T01:24:10.309+0000] {dagbag.py:541} INFO - Filling up the DagBag from /home/airflow/.local/lib/python3.7/site-packages/airflow/example_dags/example_branch_datetime_operator.py
[2026-03-03T01:24:10.331+0000] {processor.py:809} INFO - DAG(s) dict_keys(['example_branch_datetime_operator_2', 'example_branch_datetime_operator', 'example_branch_datetime_operator_3']) retrieved from /home/airflow/.local/lib/python3.7/site-packages/airflow/example_dags/example_branch_datetime_operator.py
[2026-03-03T01:24:10.416+0000] {logging_mixin.py:149} INFO - [2026-03-03T01:24:10.415+0000] {dag.py:2726} INFO - Sync 3 DAGs
[2026-03-03T01:24:10.490+0000] {logging_mixin.py:149} INFO - [2026-03-03T01:24:10.489+0000] {dag.py:3490} INFO - Setting next_dagrun for example_branch_datetime_operator to 2026-03-02T00:00:00+00:00, run_after=2026-03-03T00:00:00+00:00
[2026-03-03T01:24:10.506+0000] {logging_mixin.py:149} INFO - [2026-03-03T01:24:10.505+0000] {dag.py:3490} INFO - Setting next_dagrun for example_branch_datetime_operator_2 to 2026-03-02T00:00:00+00:00, run_after=2026-03-03T00:00:00+00:00
[2026-03-03T01:24:10.514+0000] {logging_mixin.py:149} INFO - [2026-03-03T01:24:10.513+0000] {dag.py:3490} INFO - Setting next_dagrun for example_branch_datetime_operator_3 to 2026-03-02T00:00:00+00:00, run_after=2026-03-03T00:00:00+00:00
[2026-03-03T01:24:10.565+0000] {processor.py:178} INFO - Processing /home/airflow/.local/lib/python3.7/site-packages/airflow/example_dags/example_branch_datetime_operator.py took 0.268 seconds
[2026-03-03T01:24:41.153+0000] {processor.py:156} INFO - Started process (PID=2173) to work on /home/airflow/.local/lib/python3.7/site-packages/airflow/example_dags/example_branch_datetime_operator.py
[2026-03-03T01:24:41.153+0000] {processor.py:799} INFO - Processing file /home/airflow/.local/lib/python3.7/site-packages/airflow/example_dags/example_branch_datetime_operator.py for tasks to queue
[2026-03-03T01:24:41.153+0000] {logging_mixin.py:149} INFO - [2026-03-03T01:24:41.153+0000] {dagbag.py:541} INFO - Filling up the DagBag from /home/airflow/.local/lib/python3.7/site-packages/airflow/example_dags/example_branch_datetime_operator.py
[2026-03-03T01:24:41.158+0000] {processor.py:809} INFO - DAG(s) dict_keys(['example_branch_datetime_operator', 'example_branch_datetime_operator_3', 'example_branch_datetime_operator_2']) retrieved from /home/airflow/.local/lib/python3.7/site-packages/airflow/example_dags/example_branch_datetime_operator.py
[2026-03-03T01:24:41.175+0000] {logging_mixin.py:149} INFO - [2026-03-03T01:24:41.175+0000] {dag.py:2726} INFO - Sync 3 DAGs
[2026-03-03T01:24:41.187+0000] {logging_mixin.py:149} INFO - [2026-03-03T01:24:41.187+0000] {dag.py:3490} INFO - Setting next_dagrun for example_branch_datetime_operator to 2026-03-02T00:00:00+00:00, run_after=2026-03-03T00:00:00+00:00
[2026-03-03T01:24:41.190+0000] {logging_mixin.py:149} INFO - [2026-03-03T01:24:41.190+0000] {dag.py:3490} INFO - Setting next_dagrun for example_branch_datetime_operator_2 to 2026-03-02T00:00:00+00:00, run_after=2026-03-03T00:00:00+00:00
[2026-03-03T01:24:41.194+0000] {logging_mixin.py:149} INFO - [2026-03-03T01:24:41.194+0000] {dag.py:3490} INFO - Setting next_dagrun for example_branch_datetime_operator_3 to 2026-03-02T00:00:00+00:00, run_after=2026-03-03T00:00:00+00:00
[2026-03-03T01:24:41.205+0000] {processor.py:178} INFO - Processing /home/airflow/.local/lib/python3.7/site-packages/airflow/example_dags/example_branch_datetime_operator.py took 0.055 seconds
[2026-03-03T01:25:11.695+0000] {processor.py:156} INFO - Started process (PID=2235) to work on /home/airflow/.local/lib/python3.7/site-packages/airflow/example_dags/example_branch_datetime_operator.py
[2026-03-03T01:25:11.698+0000] {processor.py:799} INFO - Processing file /home/airflow/.local/lib/python3.7/site-packages/airflow/example_dags/example_branch_datetime_operator.py for tasks to queue
[2026-03-03T01:25:11.703+0000] {logging_mixin.py:149} INFO - [2026-03-03T01:25:11.702+0000] {dagbag.py:541} INFO - Filling up the DagBag from /home/airflow/.local/lib/python3.7/site-packages/airflow/example_dags/example_branch_datetime_operator.py
[2026-03-03T01:25:11.726+0000] {processor.py:809} INFO - DAG(s) dict_keys(['example_branch_datetime_operator', 'example_branch_datetime_operator_2', 'example_branch_datetime_operator_3']) retrieved from /home/airflow/.local/lib/python3.7/site-packages/airflow/example_dags/example_branch_datetime_operator.py
[2026-03-03T01:25:11.814+0000] {logging_mixin.py:149} INFO - [2026-03-03T01:25:11.814+0000] {dag.py:2726} INFO - Sync 3 DAGs
[2026-03-03T01:25:11.895+0000] {logging_mixin.py:149} INFO - [2026-03-03T01:25:11.895+0000] {dag.py:3490} INFO - Setting next_dagrun for example_branch_datetime_operator to 2026-03-02T00:00:00+00:00, run_after=2026-03-03T00:00:00+00:00
[2026-03-03T01:25:11.911+0000] {logging_mixin.py:149} INFO - [2026-03-03T01:25:11.910+0000] {dag.py:3490} INFO - Setting next_dagrun for example_branch_datetime_operator_2 to 2026-03-02T00:00:00+00:00, run_after=2026-03-03T00:00:00+00:00
[2026-03-03T01:25:11.923+0000] {logging_mixin.py:149} INFO - [2026-03-03T01:25:11.922+0000] {dag.py:3490} INFO - Setting next_dagrun for example_branch_datetime_operator_3 to 2026-03-02T00:00:00+00:00, run_after=2026-03-03T00:00:00+00:00
[2026-03-03T01:25:11.985+0000] {processor.py:178} INFO - Processing /home/airflow/.local/lib/python3.7/site-packages/airflow/example_dags/example_branch_datetime_operator.py took 0.297 seconds
[2026-03-03T01:25:42.838+0000] {processor.py:156} INFO - Started process (PID=2297) to work on /home/airflow/.local/lib/python3.7/site-packages/airflow/example_dags/example_branch_datetime_operator.py
[2026-03-03T01:25:42.841+0000] {processor.py:799} INFO - Processing file /home/airflow/.local/lib/python3.7/site-packages/airflow/example_dags/example_branch_datetime_operator.py for tasks to queue
[2026-03-03T01:25:42.844+0000] {logging_mixin.py:149} INFO - [2026-03-03T01:25:42.843+0000] {dagbag.py:541} INFO - Filling up the DagBag from /home/airflow/.local/lib/python3.7/site-packages/airflow/example_dags/example_branch_datetime_operator.py
[2026-03-03T01:25:42.868+0000] {processor.py:809} INFO - DAG(s) dict_keys(['example_branch_datetime_operator_3', 'example_branch_datetime_operator_2', 'example_branch_datetime_operator']) retrieved from /home/airflow/.local/lib/python3.7/site-packages/airflow/example_dags/example_branch_datetime_operator.py
[2026-03-03T01:25:42.961+0000] {logging_mixin.py:149} INFO - [2026-03-03T01:25:42.961+0000] {dag.py:2726} INFO - Sync 3 DAGs
[2026-03-03T01:25:43.021+0000] {logging_mixin.py:149} INFO - [2026-03-03T01:25:43.021+0000] {dag.py:3490} INFO - Setting next_dagrun for example_branch_datetime_operator to 2026-03-02T00:00:00+00:00, run_after=2026-03-03T00:00:00+00:00
[2026-03-03T01:25:43.034+0000] {logging_mixin.py:149} INFO - [2026-03-03T01:25:43.034+0000] {dag.py:3490} INFO - Setting next_dagrun for example_branch_datetime_operator_2 to 2026-03-02T00:00:00+00:00, run_after=2026-03-03T00:00:00+00:00
[2026-03-03T01:25:43.040+0000] {logging_mixin.py:149} INFO - [2026-03-03T01:25:43.040+0000] {dag.py:3490} INFO - Setting next_dagrun for example_branch_datetime_operator_3 to 2026-03-02T00:00:00+00:00, run_after=2026-03-03T00:00:00+00:00
[2026-03-03T01:25:43.084+0000] {processor.py:178} INFO - Processing /home/airflow/.local/lib/python3.7/site-packages/airflow/example_dags/example_branch_datetime_operator.py took 0.254 seconds
[2026-03-03T01:26:13.429+0000] {processor.py:156} INFO - Started process (PID=2359) to work on /home/airflow/.local/lib/python3.7/site-packages/airflow/example_dags/example_branch_datetime_operator.py
[2026-03-03T01:26:13.431+0000] {processor.py:799} INFO - Processing file /home/airflow/.local/lib/python3.7/site-packages/airflow/example_dags/example_branch_datetime_operator.py for tasks to queue
[2026-03-03T01:26:13.433+0000] {logging_mixin.py:149} INFO - [2026-03-03T01:26:13.433+0000] {dagbag.py:541} INFO - Filling up the DagBag from /home/airflow/.local/lib/python3.7/site-packages/airflow/example_dags/example_branch_datetime_operator.py
[2026-03-03T01:26:13.451+0000] {processor.py:809} INFO - DAG(s) dict_keys(['example_branch_datetime_operator_3', 'example_branch_datetime_operator_2', 'example_branch_datetime_operator']) retrieved from /home/airflow/.local/lib/python3.7/site-packages/airflow/example_dags/example_branch_datetime_operator.py
[2026-03-03T01:26:13.512+0000] {logging_mixin.py:149} INFO - [2026-03-03T01:26:13.511+0000] {dag.py:2726} INFO - Sync 3 DAGs
[2026-03-03T01:26:13.567+0000] {logging_mixin.py:149} INFO - [2026-03-03T01:26:13.566+0000] {dag.py:3490} INFO - Setting next_dagrun for example_branch_datetime_operator to 2026-03-02T00:00:00+00:00, run_after=2026-03-03T00:00:00+00:00
[2026-03-03T01:26:13.577+0000] {logging_mixin.py:149} INFO - [2026-03-03T01:26:13.576+0000] {dag.py:3490} INFO - Setting next_dagrun for example_branch_datetime_operator_2 to 2026-03-02T00:00:00+00:00, run_after=2026-03-03T00:00:00+00:00
[2026-03-03T01:26:13.582+0000] {logging_mixin.py:149} INFO - [2026-03-03T01:26:13.582+0000] {dag.py:3490} INFO - Setting next_dagrun for example_branch_datetime_operator_3 to 2026-03-02T00:00:00+00:00, run_after=2026-03-03T00:00:00+00:00
[2026-03-03T01:26:13.613+0000] {processor.py:178} INFO - Processing /home/airflow/.local/lib/python3.7/site-packages/airflow/example_dags/example_branch_datetime_operator.py took 0.189 seconds
[2026-03-03T01:26:44.070+0000] {processor.py:156} INFO - Started process (PID=2421) to work on /home/airflow/.local/lib/python3.7/site-packages/airflow/example_dags/example_branch_datetime_operator.py
[2026-03-03T01:26:44.071+0000] {processor.py:799} INFO - Processing file /home/airflow/.local/lib/python3.7/site-packages/airflow/example_dags/example_branch_datetime_operator.py for tasks to queue
[2026-03-03T01:26:44.073+0000] {logging_mixin.py:149} INFO - [2026-03-03T01:26:44.073+0000] {dagbag.py:541} INFO - Filling up the DagBag from /home/airflow/.local/lib/python3.7/site-packages/airflow/example_dags/example_branch_datetime_operator.py
[2026-03-03T01:26:44.080+0000] {processor.py:809} INFO - DAG(s) dict_keys(['example_branch_datetime_operator', 'example_branch_datetime_operator_3', 'example_branch_datetime_operator_2']) retrieved from /home/airflow/.local/lib/python3.7/site-packages/airflow/example_dags/example_branch_datetime_operator.py
[2026-03-03T01:26:44.104+0000] {logging_mixin.py:149} INFO - [2026-03-03T01:26:44.104+0000] {dag.py:2726} INFO - Sync 3 DAGs
[2026-03-03T01:26:44.122+0000] {logging_mixin.py:149} INFO - [2026-03-03T01:26:44.122+0000] {dag.py:3490} INFO - Setting next_dagrun for example_branch_datetime_operator to 2026-03-02T00:00:00+00:00, run_after=2026-03-03T00:00:00+00:00
[2026-03-03T01:26:44.125+0000] {logging_mixin.py:149} INFO - [2026-03-03T01:26:44.125+0000] {dag.py:3490} INFO - Setting next_dagrun for example_branch_datetime_operator_2 to 2026-03-02T00:00:00+00:00, run_after=2026-03-03T00:00:00+00:00
[2026-03-03T01:26:44.126+0000] {logging_mixin.py:149} INFO - [2026-03-03T01:26:44.126+0000] {dag.py:3490} INFO - Setting next_dagrun for example_branch_datetime_operator_3 to 2026-03-02T00:00:00+00:00, run_after=2026-03-03T00:00:00+00:00
[2026-03-03T01:26:44.138+0000] {processor.py:178} INFO - Processing /home/airflow/.local/lib/python3.7/site-packages/airflow/example_dags/example_branch_datetime_operator.py took 0.072 seconds
[2026-03-03T01:27:14.911+0000] {processor.py:156} INFO - Started process (PID=2489) to work on /home/airflow/.local/lib/python3.7/site-packages/airflow/example_dags/example_branch_datetime_operator.py
[2026-03-03T01:27:14.913+0000] {processor.py:799} INFO - Processing file /home/airflow/.local/lib/python3.7/site-packages/airflow/example_dags/example_branch_datetime_operator.py for tasks to queue
[2026-03-03T01:27:14.913+0000] {logging_mixin.py:149} INFO - [2026-03-03T01:27:14.913+0000] {dagbag.py:541} INFO - Filling up the DagBag from /home/airflow/.local/lib/python3.7/site-packages/airflow/example_dags/example_branch_datetime_operator.py
[2026-03-03T01:27:14.921+0000] {processor.py:809} INFO - DAG(s) dict_keys(['example_branch_datetime_operator_2', 'example_branch_datetime_operator', 'example_branch_datetime_operator_3']) retrieved from /home/airflow/.local/lib/python3.7/site-packages/airflow/example_dags/example_branch_datetime_operator.py
[2026-03-03T01:27:14.950+0000] {logging_mixin.py:149} INFO - [2026-03-03T01:27:14.950+0000] {dag.py:2726} INFO - Sync 3 DAGs
[2026-03-03T01:27:14.965+0000] {logging_mixin.py:149} INFO - [2026-03-03T01:27:14.964+0000] {dag.py:3490} INFO - Setting next_dagrun for example_branch_datetime_operator to 2026-03-02T00:00:00+00:00, run_after=2026-03-03T00:00:00+00:00
[2026-03-03T01:27:14.967+0000] {logging_mixin.py:149} INFO - [2026-03-03T01:27:14.966+0000] {dag.py:3490} INFO - Setting next_dagrun for example_branch_datetime_operator_2 to 2026-03-02T00:00:00+00:00, run_after=2026-03-03T00:00:00+00:00
[2026-03-03T01:27:14.967+0000] {logging_mixin.py:149} INFO - [2026-03-03T01:27:14.967+0000] {dag.py:3490} INFO - Setting next_dagrun for example_branch_datetime_operator_3 to 2026-03-02T00:00:00+00:00, run_after=2026-03-03T00:00:00+00:00
[2026-03-03T01:27:14.983+0000] {processor.py:178} INFO - Processing /home/airflow/.local/lib/python3.7/site-packages/airflow/example_dags/example_branch_datetime_operator.py took 0.074 seconds
[2026-03-03T01:27:45.115+0000] {processor.py:156} INFO - Started process (PID=2551) to work on /home/airflow/.local/lib/python3.7/site-packages/airflow/example_dags/example_branch_datetime_operator.py
[2026-03-03T01:27:45.118+0000] {processor.py:799} INFO - Processing file /home/airflow/.local/lib/python3.7/site-packages/airflow/example_dags/example_branch_datetime_operator.py for tasks to queue
[2026-03-03T01:27:45.120+0000] {logging_mixin.py:149} INFO - [2026-03-03T01:27:45.120+0000] {dagbag.py:541} INFO - Filling up the DagBag from /home/airflow/.local/lib/python3.7/site-packages/airflow/example_dags/example_branch_datetime_operator.py
[2026-03-03T01:27:45.147+0000] {processor.py:809} INFO - DAG(s) dict_keys(['example_branch_datetime_operator_2', 'example_branch_datetime_operator', 'example_branch_datetime_operator_3']) retrieved from /home/airflow/.local/lib/python3.7/site-packages/airflow/example_dags/example_branch_datetime_operator.py
[2026-03-03T01:27:45.239+0000] {logging_mixin.py:149} INFO - [2026-03-03T01:27:45.238+0000] {dag.py:2726} INFO - Sync 3 DAGs
[2026-03-03T01:27:45.317+0000] {logging_mixin.py:149} INFO - [2026-03-03T01:27:45.316+0000] {dag.py:3490} INFO - Setting next_dagrun for example_branch_datetime_operator to 2026-03-02T00:00:00+00:00, run_after=2026-03-03T00:00:00+00:00
[2026-03-03T01:27:45.333+0000] {logging_mixin.py:149} INFO - [2026-03-03T01:27:45.332+0000] {dag.py:3490} INFO - Setting next_dagrun for example_branch_datetime_operator_2 to 2026-03-02T00:00:00+00:00, run_after=2026-03-03T00:00:00+00:00
[2026-03-03T01:27:45.343+0000] {logging_mixin.py:149} INFO - [2026-03-03T01:27:45.342+0000] {dag.py:3490} INFO - Setting next_dagrun for example_branch_datetime_operator_3 to 2026-03-02T00:00:00+00:00, run_after=2026-03-03T00:00:00+00:00
[2026-03-03T01:27:45.402+0000] {processor.py:178} INFO - Processing /home/airflow/.local/lib/python3.7/site-packages/airflow/example_dags/example_branch_datetime_operator.py took 0.295 seconds
[2026-03-03T01:28:16.380+0000] {processor.py:156} INFO - Started process (PID=2613) to work on /home/airflow/.local/lib/python3.7/site-packages/airflow/example_dags/example_branch_datetime_operator.py
[2026-03-03T01:28:16.383+0000] {processor.py:799} INFO - Processing file /home/airflow/.local/lib/python3.7/site-packages/airflow/example_dags/example_branch_datetime_operator.py for tasks to queue
[2026-03-03T01:28:16.383+0000] {logging_mixin.py:149} INFO - [2026-03-03T01:28:16.383+0000] {dagbag.py:541} INFO - Filling up the DagBag from /home/airflow/.local/lib/python3.7/site-packages/airflow/example_dags/example_branch_datetime_operator.py
[2026-03-03T01:28:16.390+0000] {processor.py:809} INFO - DAG(s) dict_keys(['example_branch_datetime_operator_2', 'example_branch_datetime_operator', 'example_branch_datetime_operator_3']) retrieved from /home/airflow/.local/lib/python3.7/site-packages/airflow/example_dags/example_branch_datetime_operator.py
[2026-03-03T01:28:16.427+0000] {logging_mixin.py:149} INFO - [2026-03-03T01:28:16.427+0000] {dag.py:2726} INFO - Sync 3 DAGs
[2026-03-03T01:28:16.439+0000] {logging_mixin.py:149} INFO - [2026-03-03T01:28:16.439+0000] {dag.py:3490} INFO - Setting next_dagrun for example_branch_datetime_operator to 2026-03-02T00:00:00+00:00, run_after=2026-03-03T00:00:00+00:00
[2026-03-03T01:28:16.442+0000] {logging_mixin.py:149} INFO - [2026-03-03T01:28:16.442+0000] {dag.py:3490} INFO - Setting next_dagrun for example_branch_datetime_operator_2 to 2026-03-02T00:00:00+00:00, run_after=2026-03-03T00:00:00+00:00
[2026-03-03T01:28:16.446+0000] {logging_mixin.py:149} INFO - [2026-03-03T01:28:16.446+0000] {dag.py:3490} INFO - Setting next_dagrun for example_branch_datetime_operator_3 to 2026-03-02T00:00:00+00:00, run_after=2026-03-03T00:00:00+00:00
[2026-03-03T01:28:16.458+0000] {processor.py:178} INFO - Processing /home/airflow/.local/lib/python3.7/site-packages/airflow/example_dags/example_branch_datetime_operator.py took 0.081 seconds
[2026-03-03T01:28:47.158+0000] {processor.py:156} INFO - Started process (PID=2675) to work on /home/airflow/.local/lib/python3.7/site-packages/airflow/example_dags/example_branch_datetime_operator.py
[2026-03-03T01:28:47.160+0000] {processor.py:799} INFO - Processing file /home/airflow/.local/lib/python3.7/site-packages/airflow/example_dags/example_branch_datetime_operator.py for tasks to queue
[2026-03-03T01:28:47.162+0000] {logging_mixin.py:149} INFO - [2026-03-03T01:28:47.161+0000] {dagbag.py:541} INFO - Filling up the DagBag from /home/airflow/.local/lib/python3.7/site-packages/airflow/example_dags/example_branch_datetime_operator.py
[2026-03-03T01:28:47.188+0000] {processor.py:809} INFO - DAG(s) dict_keys(['example_branch_datetime_operator_2', 'example_branch_datetime_operator', 'example_branch_datetime_operator_3']) retrieved from /home/airflow/.local/lib/python3.7/site-packages/airflow/example_dags/example_branch_datetime_operator.py
[2026-03-03T01:28:47.284+0000] {logging_mixin.py:149} INFO - [2026-03-03T01:28:47.284+0000] {dag.py:2726} INFO - Sync 3 DAGs
[2026-03-03T01:28:47.377+0000] {logging_mixin.py:149} INFO - [2026-03-03T01:28:47.377+0000] {dag.py:3490} INFO - Setting next_dagrun for example_branch_datetime_operator to 2026-03-02T00:00:00+00:00, run_after=2026-03-03T00:00:00+00:00
[2026-03-03T01:28:47.397+0000] {logging_mixin.py:149} INFO - [2026-03-03T01:28:47.396+0000] {dag.py:3490} INFO - Setting next_dagrun for example_branch_datetime_operator_2 to 2026-03-02T00:00:00+00:00, run_after=2026-03-03T00:00:00+00:00
[2026-03-03T01:28:47.407+0000] {logging_mixin.py:149} INFO - [2026-03-03T01:28:47.407+0000] {dag.py:3490} INFO - Setting next_dagrun for example_branch_datetime_operator_3 to 2026-03-02T00:00:00+00:00, run_after=2026-03-03T00:00:00+00:00
[2026-03-03T01:28:47.465+0000] {processor.py:178} INFO - Processing /home/airflow/.local/lib/python3.7/site-packages/airflow/example_dags/example_branch_datetime_operator.py took 0.313 seconds
[2026-03-03T01:29:18.346+0000] {processor.py:156} INFO - Started process (PID=2737) to work on /home/airflow/.local/lib/python3.7/site-packages/airflow/example_dags/example_branch_datetime_operator.py
[2026-03-03T01:29:18.347+0000] {processor.py:799} INFO - Processing file /home/airflow/.local/lib/python3.7/site-packages/airflow/example_dags/example_branch_datetime_operator.py for tasks to queue
[2026-03-03T01:29:18.350+0000] {logging_mixin.py:149} INFO - [2026-03-03T01:29:18.350+0000] {dagbag.py:541} INFO - Filling up the DagBag from /home/airflow/.local/lib/python3.7/site-packages/airflow/example_dags/example_branch_datetime_operator.py
[2026-03-03T01:29:18.358+0000] {processor.py:809} INFO - DAG(s) dict_keys(['example_branch_datetime_operator', 'example_branch_datetime_operator_2', 'example_branch_datetime_operator_3']) retrieved from /home/airflow/.local/lib/python3.7/site-packages/airflow/example_dags/example_branch_datetime_operator.py
[2026-03-03T01:29:18.389+0000] {logging_mixin.py:149} INFO - [2026-03-03T01:29:18.388+0000] {dag.py:2726} INFO - Sync 3 DAGs
[2026-03-03T01:29:18.404+0000] {logging_mixin.py:149} INFO - [2026-03-03T01:29:18.404+0000] {dag.py:3490} INFO - Setting next_dagrun for example_branch_datetime_operator to 2026-03-02T00:00:00+00:00, run_after=2026-03-03T00:00:00+00:00
[2026-03-03T01:29:18.406+0000] {logging_mixin.py:149} INFO - [2026-03-03T01:29:18.406+0000] {dag.py:3490} INFO - Setting next_dagrun for example_branch_datetime_operator_2 to 2026-03-02T00:00:00+00:00, run_after=2026-03-03T00:00:00+00:00
[2026-03-03T01:29:18.407+0000] {logging_mixin.py:149} INFO - [2026-03-03T01:29:18.407+0000] {dag.py:3490} INFO - Setting next_dagrun for example_branch_datetime_operator_3 to 2026-03-02T00:00:00+00:00, run_after=2026-03-03T00:00:00+00:00
[2026-03-03T01:29:18.424+0000] {processor.py:178} INFO - Processing /home/airflow/.local/lib/python3.7/site-packages/airflow/example_dags/example_branch_datetime_operator.py took 0.081 seconds
[2026-03-03T01:29:48.675+0000] {processor.py:156} INFO - Started process (PID=2798) to work on /home/airflow/.local/lib/python3.7/site-packages/airflow/example_dags/example_branch_datetime_operator.py
[2026-03-03T01:29:48.678+0000] {processor.py:799} INFO - Processing file /home/airflow/.local/lib/python3.7/site-packages/airflow/example_dags/example_branch_datetime_operator.py for tasks to queue
[2026-03-03T01:29:48.679+0000] {logging_mixin.py:149} INFO - [2026-03-03T01:29:48.679+0000] {dagbag.py:541} INFO - Filling up the DagBag from /home/airflow/.local/lib/python3.7/site-packages/airflow/example_dags/example_branch_datetime_operator.py
[2026-03-03T01:29:48.699+0000] {processor.py:809} INFO - DAG(s) dict_keys(['example_branch_datetime_operator_2', 'example_branch_datetime_operator', 'example_branch_datetime_operator_3']) retrieved from /home/airflow/.local/lib/python3.7/site-packages/airflow/example_dags/example_branch_datetime_operator.py
[2026-03-03T01:29:48.797+0000] {logging_mixin.py:149} INFO - [2026-03-03T01:29:48.797+0000] {dag.py:2726} INFO - Sync 3 DAGs
[2026-03-03T01:29:48.874+0000] {logging_mixin.py:149} INFO - [2026-03-03T01:29:48.874+0000] {dag.py:3490} INFO - Setting next_dagrun for example_branch_datetime_operator to 2026-03-02T00:00:00+00:00, run_after=2026-03-03T00:00:00+00:00
[2026-03-03T01:29:48.889+0000] {logging_mixin.py:149} INFO - [2026-03-03T01:29:48.889+0000] {dag.py:3490} INFO - Setting next_dagrun for example_branch_datetime_operator_2 to 2026-03-02T00:00:00+00:00, run_after=2026-03-03T00:00:00+00:00
[2026-03-03T01:29:48.897+0000] {logging_mixin.py:149} INFO - [2026-03-03T01:29:48.896+0000] {dag.py:3490} INFO - Setting next_dagrun for example_branch_datetime_operator_3 to 2026-03-02T00:00:00+00:00, run_after=2026-03-03T00:00:00+00:00
[2026-03-03T01:29:48.958+0000] {processor.py:178} INFO - Processing /home/airflow/.local/lib/python3.7/site-packages/airflow/example_dags/example_branch_datetime_operator.py took 0.291 seconds
[2026-03-03T01:30:19.414+0000] {processor.py:156} INFO - Started process (PID=2860) to work on /home/airflow/.local/lib/python3.7/site-packages/airflow/example_dags/example_branch_datetime_operator.py
[2026-03-03T01:30:19.418+0000] {processor.py:799} INFO - Processing file /home/airflow/.local/lib/python3.7/site-packages/airflow/example_dags/example_branch_datetime_operator.py for tasks to queue
[2026-03-03T01:30:19.422+0000] {logging_mixin.py:149} INFO - [2026-03-03T01:30:19.421+0000] {dagbag.py:541} INFO - Filling up the DagBag from /home/airflow/.local/lib/python3.7/site-packages/airflow/example_dags/example_branch_datetime_operator.py
[2026-03-03T01:30:19.447+0000] {processor.py:809} INFO - DAG(s) dict_keys(['example_branch_datetime_operator_3', 'example_branch_datetime_operator_2', 'example_branch_datetime_operator']) retrieved from /home/airflow/.local/lib/python3.7/site-packages/airflow/example_dags/example_branch_datetime_operator.py
[2026-03-03T01:30:19.548+0000] {logging_mixin.py:149} INFO - [2026-03-03T01:30:19.547+0000] {dag.py:2726} INFO - Sync 3 DAGs
[2026-03-03T01:30:19.638+0000] {logging_mixin.py:149} INFO - [2026-03-03T01:30:19.638+0000] {dag.py:3490} INFO - Setting next_dagrun for example_branch_datetime_operator to 2026-03-02T00:00:00+00:00, run_after=2026-03-03T00:00:00+00:00
[2026-03-03T01:30:19.652+0000] {logging_mixin.py:149} INFO - [2026-03-03T01:30:19.651+0000] {dag.py:3490} INFO - Setting next_dagrun for example_branch_datetime_operator_2 to 2026-03-02T00:00:00+00:00, run_after=2026-03-03T00:00:00+00:00
[2026-03-03T01:30:19.659+0000] {logging_mixin.py:149} INFO - [2026-03-03T01:30:19.659+0000] {dag.py:3490} INFO - Setting next_dagrun for example_branch_datetime_operator_3 to 2026-03-02T00:00:00+00:00, run_after=2026-03-03T00:00:00+00:00
[2026-03-03T01:30:19.712+0000] {processor.py:178} INFO - Processing /home/airflow/.local/lib/python3.7/site-packages/airflow/example_dags/example_branch_datetime_operator.py took 0.305 seconds
[2026-03-03T01:30:50.673+0000] {processor.py:156} INFO - Started process (PID=2922) to work on /home/airflow/.local/lib/python3.7/site-packages/airflow/example_dags/example_branch_datetime_operator.py
[2026-03-03T01:30:50.677+0000] {processor.py:799} INFO - Processing file /home/airflow/.local/lib/python3.7/site-packages/airflow/example_dags/example_branch_datetime_operator.py for tasks to queue
[2026-03-03T01:30:50.680+0000] {logging_mixin.py:149} INFO - [2026-03-03T01:30:50.680+0000] {dagbag.py:541} INFO - Filling up the DagBag from /home/airflow/.local/lib/python3.7/site-packages/airflow/example_dags/example_branch_datetime_operator.py
[2026-03-03T01:30:50.704+0000] {processor.py:809} INFO - DAG(s) dict_keys(['example_branch_datetime_operator_3', 'example_branch_datetime_operator', 'example_branch_datetime_operator_2']) retrieved from /home/airflow/.local/lib/python3.7/site-packages/airflow/example_dags/example_branch_datetime_operator.py
[2026-03-03T01:30:50.792+0000] {logging_mixin.py:149} INFO - [2026-03-03T01:30:50.792+0000] {dag.py:2726} INFO - Sync 3 DAGs
[2026-03-03T01:30:50.863+0000] {logging_mixin.py:149} INFO - [2026-03-03T01:30:50.863+0000] {dag.py:3490} INFO - Setting next_dagrun for example_branch_datetime_operator to 2026-03-02T00:00:00+00:00, run_after=2026-03-03T00:00:00+00:00
[2026-03-03T01:30:50.876+0000] {logging_mixin.py:149} INFO - [2026-03-03T01:30:50.876+0000] {dag.py:3490} INFO - Setting next_dagrun for example_branch_datetime_operator_2 to 2026-03-02T00:00:00+00:00, run_after=2026-03-03T00:00:00+00:00
[2026-03-03T01:30:50.884+0000] {logging_mixin.py:149} INFO - [2026-03-03T01:30:50.883+0000] {dag.py:3490} INFO - Setting next_dagrun for example_branch_datetime_operator_3 to 2026-03-02T00:00:00+00:00, run_after=2026-03-03T00:00:00+00:00
[2026-03-03T01:30:50.933+0000] {processor.py:178} INFO - Processing /home/airflow/.local/lib/python3.7/site-packages/airflow/example_dags/example_branch_datetime_operator.py took 0.268 seconds
[2026-03-03T01:31:21.288+0000] {processor.py:156} INFO - Started process (PID=2984) to work on /home/airflow/.local/lib/python3.7/site-packages/airflow/example_dags/example_branch_datetime_operator.py
[2026-03-03T01:31:21.292+0000] {processor.py:799} INFO - Processing file /home/airflow/.local/lib/python3.7/site-packages/airflow/example_dags/example_branch_datetime_operator.py for tasks to queue
[2026-03-03T01:31:21.295+0000] {logging_mixin.py:149} INFO - [2026-03-03T01:31:21.295+0000] {dagbag.py:541} INFO - Filling up the DagBag from /home/airflow/.local/lib/python3.7/site-packages/airflow/example_dags/example_branch_datetime_operator.py
[2026-03-03T01:31:21.301+0000] {processor.py:809} INFO - DAG(s) dict_keys(['example_branch_datetime_operator_2', 'example_branch_datetime_operator_3', 'example_branch_datetime_operator']) retrieved from /home/airflow/.local/lib/python3.7/site-packages/airflow/example_dags/example_branch_datetime_operator.py
[2026-03-03T01:31:21.328+0000] {logging_mixin.py:149} INFO - [2026-03-03T01:31:21.328+0000] {dag.py:2726} INFO - Sync 3 DAGs
[2026-03-03T01:31:21.345+0000] {logging_mixin.py:149} INFO - [2026-03-03T01:31:21.345+0000] {dag.py:3490} INFO - Setting next_dagrun for example_branch_datetime_operator to 2026-03-02T00:00:00+00:00, run_after=2026-03-03T00:00:00+00:00
[2026-03-03T01:31:21.348+0000] {logging_mixin.py:149} INFO - [2026-03-03T01:31:21.348+0000] {dag.py:3490} INFO - Setting next_dagrun for example_branch_datetime_operator_2 to 2026-03-02T00:00:00+00:00, run_after=2026-03-03T00:00:00+00:00
[2026-03-03T01:31:21.353+0000] {logging_mixin.py:149} INFO - [2026-03-03T01:31:21.353+0000] {dag.py:3490} INFO - Setting next_dagrun for example_branch_datetime_operator_3 to 2026-03-02T00:00:00+00:00, run_after=2026-03-03T00:00:00+00:00
[2026-03-03T01:31:21.372+0000] {processor.py:178} INFO - Processing /home/airflow/.local/lib/python3.7/site-packages/airflow/example_dags/example_branch_datetime_operator.py took 0.086 seconds
[2026-03-03T02:20:52.986+0000] {processor.py:156} INFO - Started process (PID=95) to work on /home/airflow/.local/lib/python3.7/site-packages/airflow/example_dags/example_branch_datetime_operator.py
[2026-03-03T02:20:52.988+0000] {processor.py:799} INFO - Processing file /home/airflow/.local/lib/python3.7/site-packages/airflow/example_dags/example_branch_datetime_operator.py for tasks to queue
[2026-03-03T02:20:52.994+0000] {logging_mixin.py:149} INFO - [2026-03-03T02:20:52.993+0000] {dagbag.py:541} INFO - Filling up the DagBag from /home/airflow/.local/lib/python3.7/site-packages/airflow/example_dags/example_branch_datetime_operator.py
[2026-03-03T02:20:53.022+0000] {processor.py:809} INFO - DAG(s) dict_keys(['example_branch_datetime_operator', 'example_branch_datetime_operator_2', 'example_branch_datetime_operator_3']) retrieved from /home/airflow/.local/lib/python3.7/site-packages/airflow/example_dags/example_branch_datetime_operator.py
[2026-03-03T02:20:53.123+0000] {logging_mixin.py:149} INFO - [2026-03-03T02:20:53.122+0000] {dag.py:2726} INFO - Sync 3 DAGs
[2026-03-03T02:20:53.243+0000] {logging_mixin.py:149} INFO - [2026-03-03T02:20:53.243+0000] {dag.py:3490} INFO - Setting next_dagrun for example_branch_datetime_operator to 2026-03-02T00:00:00+00:00, run_after=2026-03-03T00:00:00+00:00
[2026-03-03T02:20:53.265+0000] {logging_mixin.py:149} INFO - [2026-03-03T02:20:53.265+0000] {dag.py:3490} INFO - Setting next_dagrun for example_branch_datetime_operator_2 to 2026-03-02T00:00:00+00:00, run_after=2026-03-03T00:00:00+00:00
[2026-03-03T02:20:53.280+0000] {logging_mixin.py:149} INFO - [2026-03-03T02:20:53.280+0000] {dag.py:3490} INFO - Setting next_dagrun for example_branch_datetime_operator_3 to 2026-03-02T00:00:00+00:00, run_after=2026-03-03T00:00:00+00:00
[2026-03-03T02:20:53.371+0000] {processor.py:178} INFO - Processing /home/airflow/.local/lib/python3.7/site-packages/airflow/example_dags/example_branch_datetime_operator.py took 0.392 seconds
[2026-03-03T02:21:23.950+0000] {processor.py:156} INFO - Started process (PID=164) to work on /home/airflow/.local/lib/python3.7/site-packages/airflow/example_dags/example_branch_datetime_operator.py
[2026-03-03T02:21:23.951+0000] {processor.py:799} INFO - Processing file /home/airflow/.local/lib/python3.7/site-packages/airflow/example_dags/example_branch_datetime_operator.py for tasks to queue
[2026-03-03T02:21:23.952+0000] {logging_mixin.py:149} INFO - [2026-03-03T02:21:23.952+0000] {dagbag.py:541} INFO - Filling up the DagBag from /home/airflow/.local/lib/python3.7/site-packages/airflow/example_dags/example_branch_datetime_operator.py
[2026-03-03T02:21:23.959+0000] {processor.py:809} INFO - DAG(s) dict_keys(['example_branch_datetime_operator_3', 'example_branch_datetime_operator', 'example_branch_datetime_operator_2']) retrieved from /home/airflow/.local/lib/python3.7/site-packages/airflow/example_dags/example_branch_datetime_operator.py
[2026-03-03T02:21:23.985+0000] {logging_mixin.py:149} INFO - [2026-03-03T02:21:23.985+0000] {dag.py:2726} INFO - Sync 3 DAGs
[2026-03-03T02:21:24.001+0000] {logging_mixin.py:149} INFO - [2026-03-03T02:21:24.000+0000] {dag.py:3490} INFO - Setting next_dagrun for example_branch_datetime_operator to 2026-03-02T00:00:00+00:00, run_after=2026-03-03T00:00:00+00:00
[2026-03-03T02:21:24.003+0000] {logging_mixin.py:149} INFO - [2026-03-03T02:21:24.003+0000] {dag.py:3490} INFO - Setting next_dagrun for example_branch_datetime_operator_2 to 2026-03-02T00:00:00+00:00, run_after=2026-03-03T00:00:00+00:00
[2026-03-03T02:21:24.009+0000] {logging_mixin.py:149} INFO - [2026-03-03T02:21:24.008+0000] {dag.py:3490} INFO - Setting next_dagrun for example_branch_datetime_operator_3 to 2026-03-02T00:00:00+00:00, run_after=2026-03-03T00:00:00+00:00
[2026-03-03T02:21:24.020+0000] {processor.py:178} INFO - Processing /home/airflow/.local/lib/python3.7/site-packages/airflow/example_dags/example_branch_datetime_operator.py took 0.072 seconds
[2026-03-03T02:21:54.129+0000] {processor.py:156} INFO - Started process (PID=226) to work on /home/airflow/.local/lib/python3.7/site-packages/airflow/example_dags/example_branch_datetime_operator.py
[2026-03-03T02:21:54.131+0000] {processor.py:799} INFO - Processing file /home/airflow/.local/lib/python3.7/site-packages/airflow/example_dags/example_branch_datetime_operator.py for tasks to queue
[2026-03-03T02:21:54.131+0000] {logging_mixin.py:149} INFO - [2026-03-03T02:21:54.131+0000] {dagbag.py:541} INFO - Filling up the DagBag from /home/airflow/.local/lib/python3.7/site-packages/airflow/example_dags/example_branch_datetime_operator.py
[2026-03-03T02:21:54.139+0000] {processor.py:809} INFO - DAG(s) dict_keys(['example_branch_datetime_operator_3', 'example_branch_datetime_operator', 'example_branch_datetime_operator_2']) retrieved from /home/airflow/.local/lib/python3.7/site-packages/airflow/example_dags/example_branch_datetime_operator.py
[2026-03-03T02:21:54.162+0000] {logging_mixin.py:149} INFO - [2026-03-03T02:21:54.162+0000] {dag.py:2726} INFO - Sync 3 DAGs
[2026-03-03T02:21:54.182+0000] {logging_mixin.py:149} INFO - [2026-03-03T02:21:54.182+0000] {dag.py:3490} INFO - Setting next_dagrun for example_branch_datetime_operator to 2026-03-02T00:00:00+00:00, run_after=2026-03-03T00:00:00+00:00
[2026-03-03T02:21:54.186+0000] {logging_mixin.py:149} INFO - [2026-03-03T02:21:54.185+0000] {dag.py:3490} INFO - Setting next_dagrun for example_branch_datetime_operator_2 to 2026-03-02T00:00:00+00:00, run_after=2026-03-03T00:00:00+00:00
[2026-03-03T02:21:54.187+0000] {logging_mixin.py:149} INFO - [2026-03-03T02:21:54.187+0000] {dag.py:3490} INFO - Setting next_dagrun for example_branch_datetime_operator_3 to 2026-03-02T00:00:00+00:00, run_after=2026-03-03T00:00:00+00:00
[2026-03-03T02:21:54.197+0000] {processor.py:178} INFO - Processing /home/airflow/.local/lib/python3.7/site-packages/airflow/example_dags/example_branch_datetime_operator.py took 0.069 seconds
[2026-03-03T02:22:24.257+0000] {processor.py:156} INFO - Started process (PID=289) to work on /home/airflow/.local/lib/python3.7/site-packages/airflow/example_dags/example_branch_datetime_operator.py
[2026-03-03T02:22:24.258+0000] {processor.py:799} INFO - Processing file /home/airflow/.local/lib/python3.7/site-packages/airflow/example_dags/example_branch_datetime_operator.py for tasks to queue
[2026-03-03T02:22:24.258+0000] {logging_mixin.py:149} INFO - [2026-03-03T02:22:24.258+0000] {dagbag.py:541} INFO - Filling up the DagBag from /home/airflow/.local/lib/python3.7/site-packages/airflow/example_dags/example_branch_datetime_operator.py
[2026-03-03T02:22:24.263+0000] {processor.py:809} INFO - DAG(s) dict_keys(['example_branch_datetime_operator', 'example_branch_datetime_operator_2', 'example_branch_datetime_operator_3']) retrieved from /home/airflow/.local/lib/python3.7/site-packages/airflow/example_dags/example_branch_datetime_operator.py
[2026-03-03T02:22:24.279+0000] {logging_mixin.py:149} INFO - [2026-03-03T02:22:24.279+0000] {dag.py:2726} INFO - Sync 3 DAGs
[2026-03-03T02:22:24.292+0000] {logging_mixin.py:149} INFO - [2026-03-03T02:22:24.292+0000] {dag.py:3490} INFO - Setting next_dagrun for example_branch_datetime_operator to 2026-03-02T00:00:00+00:00, run_after=2026-03-03T00:00:00+00:00
[2026-03-03T02:22:24.294+0000] {logging_mixin.py:149} INFO - [2026-03-03T02:22:24.294+0000] {dag.py:3490} INFO - Setting next_dagrun for example_branch_datetime_operator_2 to 2026-03-02T00:00:00+00:00, run_after=2026-03-03T00:00:00+00:00
[2026-03-03T02:22:24.295+0000] {logging_mixin.py:149} INFO - [2026-03-03T02:22:24.295+0000] {dag.py:3490} INFO - Setting next_dagrun for example_branch_datetime_operator_3 to 2026-03-02T00:00:00+00:00, run_after=2026-03-03T00:00:00+00:00
[2026-03-03T02:22:24.303+0000] {processor.py:178} INFO - Processing /home/airflow/.local/lib/python3.7/site-packages/airflow/example_dags/example_branch_datetime_operator.py took 0.048 seconds
[2026-03-03T02:22:55.273+0000] {processor.py:156} INFO - Started process (PID=359) to work on /home/airflow/.local/lib/python3.7/site-packages/airflow/example_dags/example_branch_datetime_operator.py
[2026-03-03T02:22:55.274+0000] {processor.py:799} INFO - Processing file /home/airflow/.local/lib/python3.7/site-packages/airflow/example_dags/example_branch_datetime_operator.py for tasks to queue
[2026-03-03T02:22:55.276+0000] {logging_mixin.py:149} INFO - [2026-03-03T02:22:55.275+0000] {dagbag.py:541} INFO - Filling up the DagBag from /home/airflow/.local/lib/python3.7/site-packages/airflow/example_dags/example_branch_datetime_operator.py
[2026-03-03T02:22:55.281+0000] {processor.py:809} INFO - DAG(s) dict_keys(['example_branch_datetime_operator', 'example_branch_datetime_operator_3', 'example_branch_datetime_operator_2']) retrieved from /home/airflow/.local/lib/python3.7/site-packages/airflow/example_dags/example_branch_datetime_operator.py
[2026-03-03T02:22:55.298+0000] {logging_mixin.py:149} INFO - [2026-03-03T02:22:55.298+0000] {dag.py:2726} INFO - Sync 3 DAGs
[2026-03-03T02:22:55.311+0000] {logging_mixin.py:149} INFO - [2026-03-03T02:22:55.311+0000] {dag.py:3490} INFO - Setting next_dagrun for example_branch_datetime_operator to 2026-03-02T00:00:00+00:00, run_after=2026-03-03T00:00:00+00:00
[2026-03-03T02:22:55.313+0000] {logging_mixin.py:149} INFO - [2026-03-03T02:22:55.313+0000] {dag.py:3490} INFO - Setting next_dagrun for example_branch_datetime_operator_2 to 2026-03-02T00:00:00+00:00, run_after=2026-03-03T00:00:00+00:00
[2026-03-03T02:22:55.315+0000] {logging_mixin.py:149} INFO - [2026-03-03T02:22:55.315+0000] {dag.py:3490} INFO - Setting next_dagrun for example_branch_datetime_operator_3 to 2026-03-02T00:00:00+00:00, run_after=2026-03-03T00:00:00+00:00
[2026-03-03T02:22:55.328+0000] {processor.py:178} INFO - Processing /home/airflow/.local/lib/python3.7/site-packages/airflow/example_dags/example_branch_datetime_operator.py took 0.057 seconds
[2026-03-03T02:23:26.216+0000] {processor.py:156} INFO - Started process (PID=428) to work on /home/airflow/.local/lib/python3.7/site-packages/airflow/example_dags/example_branch_datetime_operator.py
[2026-03-03T02:23:26.217+0000] {processor.py:799} INFO - Processing file /home/airflow/.local/lib/python3.7/site-packages/airflow/example_dags/example_branch_datetime_operator.py for tasks to queue
[2026-03-03T02:23:26.218+0000] {logging_mixin.py:149} INFO - [2026-03-03T02:23:26.218+0000] {dagbag.py:541} INFO - Filling up the DagBag from /home/airflow/.local/lib/python3.7/site-packages/airflow/example_dags/example_branch_datetime_operator.py
[2026-03-03T02:23:26.225+0000] {processor.py:809} INFO - DAG(s) dict_keys(['example_branch_datetime_operator_2', 'example_branch_datetime_operator_3', 'example_branch_datetime_operator']) retrieved from /home/airflow/.local/lib/python3.7/site-packages/airflow/example_dags/example_branch_datetime_operator.py
[2026-03-03T02:23:26.246+0000] {logging_mixin.py:149} INFO - [2026-03-03T02:23:26.246+0000] {dag.py:2726} INFO - Sync 3 DAGs
[2026-03-03T02:23:26.266+0000] {logging_mixin.py:149} INFO - [2026-03-03T02:23:26.266+0000] {dag.py:3490} INFO - Setting next_dagrun for example_branch_datetime_operator to 2026-03-02T00:00:00+00:00, run_after=2026-03-03T00:00:00+00:00
[2026-03-03T02:23:26.271+0000] {logging_mixin.py:149} INFO - [2026-03-03T02:23:26.271+0000] {dag.py:3490} INFO - Setting next_dagrun for example_branch_datetime_operator_2 to 2026-03-02T00:00:00+00:00, run_after=2026-03-03T00:00:00+00:00
[2026-03-03T02:23:26.272+0000] {logging_mixin.py:149} INFO - [2026-03-03T02:23:26.272+0000] {dag.py:3490} INFO - Setting next_dagrun for example_branch_datetime_operator_3 to 2026-03-02T00:00:00+00:00, run_after=2026-03-03T00:00:00+00:00
[2026-03-03T02:23:26.287+0000] {processor.py:178} INFO - Processing /home/airflow/.local/lib/python3.7/site-packages/airflow/example_dags/example_branch_datetime_operator.py took 0.074 seconds
[2026-03-03T02:23:56.859+0000] {processor.py:156} INFO - Started process (PID=509) to work on /home/airflow/.local/lib/python3.7/site-packages/airflow/example_dags/example_branch_datetime_operator.py
[2026-03-03T02:23:56.859+0000] {processor.py:799} INFO - Processing file /home/airflow/.local/lib/python3.7/site-packages/airflow/example_dags/example_branch_datetime_operator.py for tasks to queue
[2026-03-03T02:23:56.860+0000] {logging_mixin.py:149} INFO - [2026-03-03T02:23:56.860+0000] {dagbag.py:541} INFO - Filling up the DagBag from /home/airflow/.local/lib/python3.7/site-packages/airflow/example_dags/example_branch_datetime_operator.py
[2026-03-03T02:23:56.867+0000] {processor.py:809} INFO - DAG(s) dict_keys(['example_branch_datetime_operator_3', 'example_branch_datetime_operator_2', 'example_branch_datetime_operator']) retrieved from /home/airflow/.local/lib/python3.7/site-packages/airflow/example_dags/example_branch_datetime_operator.py
[2026-03-03T02:23:56.885+0000] {logging_mixin.py:149} INFO - [2026-03-03T02:23:56.885+0000] {dag.py:2726} INFO - Sync 3 DAGs
[2026-03-03T02:23:56.896+0000] {logging_mixin.py:149} INFO - [2026-03-03T02:23:56.896+0000] {dag.py:3490} INFO - Setting next_dagrun for example_branch_datetime_operator to 2026-03-02T00:00:00+00:00, run_after=2026-03-03T00:00:00+00:00
[2026-03-03T02:23:56.899+0000] {logging_mixin.py:149} INFO - [2026-03-03T02:23:56.899+0000] {dag.py:3490} INFO - Setting next_dagrun for example_branch_datetime_operator_2 to 2026-03-02T00:00:00+00:00, run_after=2026-03-03T00:00:00+00:00
[2026-03-03T02:23:56.900+0000] {logging_mixin.py:149} INFO - [2026-03-03T02:23:56.899+0000] {dag.py:3490} INFO - Setting next_dagrun for example_branch_datetime_operator_3 to 2026-03-02T00:00:00+00:00, run_after=2026-03-03T00:00:00+00:00
[2026-03-03T02:23:56.917+0000] {processor.py:178} INFO - Processing /home/airflow/.local/lib/python3.7/site-packages/airflow/example_dags/example_branch_datetime_operator.py took 0.060 seconds
[2026-03-03T02:24:27.714+0000] {processor.py:156} INFO - Started process (PID=572) to work on /home/airflow/.local/lib/python3.7/site-packages/airflow/example_dags/example_branch_datetime_operator.py
[2026-03-03T02:24:27.715+0000] {processor.py:799} INFO - Processing file /home/airflow/.local/lib/python3.7/site-packages/airflow/example_dags/example_branch_datetime_operator.py for tasks to queue
[2026-03-03T02:24:27.716+0000] {logging_mixin.py:149} INFO - [2026-03-03T02:24:27.716+0000] {dagbag.py:541} INFO - Filling up the DagBag from /home/airflow/.local/lib/python3.7/site-packages/airflow/example_dags/example_branch_datetime_operator.py
[2026-03-03T02:24:27.722+0000] {processor.py:809} INFO - DAG(s) dict_keys(['example_branch_datetime_operator_2', 'example_branch_datetime_operator_3', 'example_branch_datetime_operator']) retrieved from /home/airflow/.local/lib/python3.7/site-packages/airflow/example_dags/example_branch_datetime_operator.py
[2026-03-03T02:24:27.745+0000] {logging_mixin.py:149} INFO - [2026-03-03T02:24:27.745+0000] {dag.py:2726} INFO - Sync 3 DAGs
[2026-03-03T02:24:27.762+0000] {logging_mixin.py:149} INFO - [2026-03-03T02:24:27.762+0000] {dag.py:3490} INFO - Setting next_dagrun for example_branch_datetime_operator to 2026-03-02T00:00:00+00:00, run_after=2026-03-03T00:00:00+00:00
[2026-03-03T02:24:27.768+0000] {logging_mixin.py:149} INFO - [2026-03-03T02:24:27.768+0000] {dag.py:3490} INFO - Setting next_dagrun for example_branch_datetime_operator_2 to 2026-03-02T00:00:00+00:00, run_after=2026-03-03T00:00:00+00:00
[2026-03-03T02:24:27.769+0000] {logging_mixin.py:149} INFO - [2026-03-03T02:24:27.769+0000] {dag.py:3490} INFO - Setting next_dagrun for example_branch_datetime_operator_3 to 2026-03-02T00:00:00+00:00, run_after=2026-03-03T00:00:00+00:00
[2026-03-03T02:24:27.784+0000] {processor.py:178} INFO - Processing /home/airflow/.local/lib/python3.7/site-packages/airflow/example_dags/example_branch_datetime_operator.py took 0.071 seconds
[2026-03-03T02:24:57.835+0000] {processor.py:156} INFO - Started process (PID=635) to work on /home/airflow/.local/lib/python3.7/site-packages/airflow/example_dags/example_branch_datetime_operator.py
[2026-03-03T02:24:57.835+0000] {processor.py:799} INFO - Processing file /home/airflow/.local/lib/python3.7/site-packages/airflow/example_dags/example_branch_datetime_operator.py for tasks to queue
[2026-03-03T02:24:57.836+0000] {logging_mixin.py:149} INFO - [2026-03-03T02:24:57.836+0000] {dagbag.py:541} INFO - Filling up the DagBag from /home/airflow/.local/lib/python3.7/site-packages/airflow/example_dags/example_branch_datetime_operator.py
[2026-03-03T02:24:57.844+0000] {processor.py:809} INFO - DAG(s) dict_keys(['example_branch_datetime_operator_2', 'example_branch_datetime_operator_3', 'example_branch_datetime_operator']) retrieved from /home/airflow/.local/lib/python3.7/site-packages/airflow/example_dags/example_branch_datetime_operator.py
[2026-03-03T02:24:57.866+0000] {logging_mixin.py:149} INFO - [2026-03-03T02:24:57.866+0000] {dag.py:2726} INFO - Sync 3 DAGs
[2026-03-03T02:24:57.881+0000] {logging_mixin.py:149} INFO - [2026-03-03T02:24:57.881+0000] {dag.py:3490} INFO - Setting next_dagrun for example_branch_datetime_operator to 2026-03-02T00:00:00+00:00, run_after=2026-03-03T00:00:00+00:00
[2026-03-03T02:24:57.883+0000] {logging_mixin.py:149} INFO - [2026-03-03T02:24:57.883+0000] {dag.py:3490} INFO - Setting next_dagrun for example_branch_datetime_operator_2 to 2026-03-02T00:00:00+00:00, run_after=2026-03-03T00:00:00+00:00
[2026-03-03T02:24:57.884+0000] {logging_mixin.py:149} INFO - [2026-03-03T02:24:57.884+0000] {dag.py:3490} INFO - Setting next_dagrun for example_branch_datetime_operator_3 to 2026-03-02T00:00:00+00:00, run_after=2026-03-03T00:00:00+00:00
[2026-03-03T02:24:57.895+0000] {processor.py:178} INFO - Processing /home/airflow/.local/lib/python3.7/site-packages/airflow/example_dags/example_branch_datetime_operator.py took 0.062 seconds
[2026-03-03T02:25:28.674+0000] {processor.py:156} INFO - Started process (PID=698) to work on /home/airflow/.local/lib/python3.7/site-packages/airflow/example_dags/example_branch_datetime_operator.py
[2026-03-03T02:25:28.674+0000] {processor.py:799} INFO - Processing file /home/airflow/.local/lib/python3.7/site-packages/airflow/example_dags/example_branch_datetime_operator.py for tasks to queue
[2026-03-03T02:25:28.675+0000] {logging_mixin.py:149} INFO - [2026-03-03T02:25:28.675+0000] {dagbag.py:541} INFO - Filling up the DagBag from /home/airflow/.local/lib/python3.7/site-packages/airflow/example_dags/example_branch_datetime_operator.py
[2026-03-03T02:25:28.681+0000] {processor.py:809} INFO - DAG(s) dict_keys(['example_branch_datetime_operator_2', 'example_branch_datetime_operator', 'example_branch_datetime_operator_3']) retrieved from /home/airflow/.local/lib/python3.7/site-packages/airflow/example_dags/example_branch_datetime_operator.py
[2026-03-03T02:25:28.705+0000] {logging_mixin.py:149} INFO - [2026-03-03T02:25:28.704+0000] {dag.py:2726} INFO - Sync 3 DAGs
[2026-03-03T02:25:28.717+0000] {logging_mixin.py:149} INFO - [2026-03-03T02:25:28.717+0000] {dag.py:3490} INFO - Setting next_dagrun for example_branch_datetime_operator to 2026-03-02T00:00:00+00:00, run_after=2026-03-03T00:00:00+00:00
[2026-03-03T02:25:28.719+0000] {logging_mixin.py:149} INFO - [2026-03-03T02:25:28.719+0000] {dag.py:3490} INFO - Setting next_dagrun for example_branch_datetime_operator_2 to 2026-03-02T00:00:00+00:00, run_after=2026-03-03T00:00:00+00:00
[2026-03-03T02:25:28.720+0000] {logging_mixin.py:149} INFO - [2026-03-03T02:25:28.720+0000] {dag.py:3490} INFO - Setting next_dagrun for example_branch_datetime_operator_3 to 2026-03-02T00:00:00+00:00, run_after=2026-03-03T00:00:00+00:00
[2026-03-03T02:25:28.736+0000] {processor.py:178} INFO - Processing /home/airflow/.local/lib/python3.7/site-packages/airflow/example_dags/example_branch_datetime_operator.py took 0.064 seconds
[2026-03-03T02:25:59.453+0000] {processor.py:156} INFO - Started process (PID=761) to work on /home/airflow/.local/lib/python3.7/site-packages/airflow/example_dags/example_branch_datetime_operator.py
[2026-03-03T02:25:59.455+0000] {processor.py:799} INFO - Processing file /home/airflow/.local/lib/python3.7/site-packages/airflow/example_dags/example_branch_datetime_operator.py for tasks to queue
[2026-03-03T02:25:59.455+0000] {logging_mixin.py:149} INFO - [2026-03-03T02:25:59.455+0000] {dagbag.py:541} INFO - Filling up the DagBag from /home/airflow/.local/lib/python3.7/site-packages/airflow/example_dags/example_branch_datetime_operator.py
[2026-03-03T02:25:59.461+0000] {processor.py:809} INFO - DAG(s) dict_keys(['example_branch_datetime_operator', 'example_branch_datetime_operator_2', 'example_branch_datetime_operator_3']) retrieved from /home/airflow/.local/lib/python3.7/site-packages/airflow/example_dags/example_branch_datetime_operator.py
[2026-03-03T02:25:59.479+0000] {logging_mixin.py:149} INFO - [2026-03-03T02:25:59.479+0000] {dag.py:2726} INFO - Sync 3 DAGs
[2026-03-03T02:25:59.490+0000] {logging_mixin.py:149} INFO - [2026-03-03T02:25:59.490+0000] {dag.py:3490} INFO - Setting next_dagrun for example_branch_datetime_operator to 2026-03-02T00:00:00+00:00, run_after=2026-03-03T00:00:00+00:00
[2026-03-03T02:25:59.492+0000] {logging_mixin.py:149} INFO - [2026-03-03T02:25:59.492+0000] {dag.py:3490} INFO - Setting next_dagrun for example_branch_datetime_operator_2 to 2026-03-02T00:00:00+00:00, run_after=2026-03-03T00:00:00+00:00
[2026-03-03T02:25:59.493+0000] {logging_mixin.py:149} INFO - [2026-03-03T02:25:59.493+0000] {dag.py:3490} INFO - Setting next_dagrun for example_branch_datetime_operator_3 to 2026-03-02T00:00:00+00:00, run_after=2026-03-03T00:00:00+00:00
[2026-03-03T02:25:59.506+0000] {processor.py:178} INFO - Processing /home/airflow/.local/lib/python3.7/site-packages/airflow/example_dags/example_branch_datetime_operator.py took 0.055 seconds
[2026-03-03T02:26:30.459+0000] {processor.py:156} INFO - Started process (PID=824) to work on /home/airflow/.local/lib/python3.7/site-packages/airflow/example_dags/example_branch_datetime_operator.py
[2026-03-03T02:26:30.461+0000] {processor.py:799} INFO - Processing file /home/airflow/.local/lib/python3.7/site-packages/airflow/example_dags/example_branch_datetime_operator.py for tasks to queue
[2026-03-03T02:26:30.462+0000] {logging_mixin.py:149} INFO - [2026-03-03T02:26:30.462+0000] {dagbag.py:541} INFO - Filling up the DagBag from /home/airflow/.local/lib/python3.7/site-packages/airflow/example_dags/example_branch_datetime_operator.py
[2026-03-03T02:26:30.468+0000] {processor.py:809} INFO - DAG(s) dict_keys(['example_branch_datetime_operator_3', 'example_branch_datetime_operator_2', 'example_branch_datetime_operator']) retrieved from /home/airflow/.local/lib/python3.7/site-packages/airflow/example_dags/example_branch_datetime_operator.py
[2026-03-03T02:26:30.490+0000] {logging_mixin.py:149} INFO - [2026-03-03T02:26:30.490+0000] {dag.py:2726} INFO - Sync 3 DAGs
[2026-03-03T02:26:30.503+0000] {logging_mixin.py:149} INFO - [2026-03-03T02:26:30.503+0000] {dag.py:3490} INFO - Setting next_dagrun for example_branch_datetime_operator to 2026-03-02T00:00:00+00:00, run_after=2026-03-03T00:00:00+00:00
[2026-03-03T02:26:30.506+0000] {logging_mixin.py:149} INFO - [2026-03-03T02:26:30.506+0000] {dag.py:3490} INFO - Setting next_dagrun for example_branch_datetime_operator_2 to 2026-03-02T00:00:00+00:00, run_after=2026-03-03T00:00:00+00:00
[2026-03-03T02:26:30.508+0000] {logging_mixin.py:149} INFO - [2026-03-03T02:26:30.508+0000] {dag.py:3490} INFO - Setting next_dagrun for example_branch_datetime_operator_3 to 2026-03-02T00:00:00+00:00, run_after=2026-03-03T00:00:00+00:00
[2026-03-03T02:26:30.517+0000] {processor.py:178} INFO - Processing /home/airflow/.local/lib/python3.7/site-packages/airflow/example_dags/example_branch_datetime_operator.py took 0.061 seconds
[2026-03-03T02:27:01.363+0000] {processor.py:156} INFO - Started process (PID=887) to work on /home/airflow/.local/lib/python3.7/site-packages/airflow/example_dags/example_branch_datetime_operator.py
[2026-03-03T02:27:01.364+0000] {processor.py:799} INFO - Processing file /home/airflow/.local/lib/python3.7/site-packages/airflow/example_dags/example_branch_datetime_operator.py for tasks to queue
[2026-03-03T02:27:01.365+0000] {logging_mixin.py:149} INFO - [2026-03-03T02:27:01.365+0000] {dagbag.py:541} INFO - Filling up the DagBag from /home/airflow/.local/lib/python3.7/site-packages/airflow/example_dags/example_branch_datetime_operator.py
[2026-03-03T02:27:01.370+0000] {processor.py:809} INFO - DAG(s) dict_keys(['example_branch_datetime_operator', 'example_branch_datetime_operator_2', 'example_branch_datetime_operator_3']) retrieved from /home/airflow/.local/lib/python3.7/site-packages/airflow/example_dags/example_branch_datetime_operator.py
[2026-03-03T02:27:01.389+0000] {logging_mixin.py:149} INFO - [2026-03-03T02:27:01.388+0000] {dag.py:2726} INFO - Sync 3 DAGs
[2026-03-03T02:27:01.402+0000] {logging_mixin.py:149} INFO - [2026-03-03T02:27:01.402+0000] {dag.py:3490} INFO - Setting next_dagrun for example_branch_datetime_operator to 2026-03-02T00:00:00+00:00, run_after=2026-03-03T00:00:00+00:00
[2026-03-03T02:27:01.404+0000] {logging_mixin.py:149} INFO - [2026-03-03T02:27:01.404+0000] {dag.py:3490} INFO - Setting next_dagrun for example_branch_datetime_operator_2 to 2026-03-02T00:00:00+00:00, run_after=2026-03-03T00:00:00+00:00
[2026-03-03T02:27:01.405+0000] {logging_mixin.py:149} INFO - [2026-03-03T02:27:01.405+0000] {dag.py:3490} INFO - Setting next_dagrun for example_branch_datetime_operator_3 to 2026-03-02T00:00:00+00:00, run_after=2026-03-03T00:00:00+00:00
[2026-03-03T02:27:01.420+0000] {processor.py:178} INFO - Processing /home/airflow/.local/lib/python3.7/site-packages/airflow/example_dags/example_branch_datetime_operator.py took 0.059 seconds
[2026-03-03T02:28:43.395+0000] {processor.py:156} INFO - Started process (PID=126) to work on /home/airflow/.local/lib/python3.7/site-packages/airflow/example_dags/example_branch_datetime_operator.py
[2026-03-03T02:28:43.397+0000] {processor.py:799} INFO - Processing file /home/airflow/.local/lib/python3.7/site-packages/airflow/example_dags/example_branch_datetime_operator.py for tasks to queue
[2026-03-03T02:28:43.398+0000] {logging_mixin.py:149} INFO - [2026-03-03T02:28:43.398+0000] {dagbag.py:541} INFO - Filling up the DagBag from /home/airflow/.local/lib/python3.7/site-packages/airflow/example_dags/example_branch_datetime_operator.py
[2026-03-03T02:28:43.405+0000] {processor.py:809} INFO - DAG(s) dict_keys(['example_branch_datetime_operator_3', 'example_branch_datetime_operator', 'example_branch_datetime_operator_2']) retrieved from /home/airflow/.local/lib/python3.7/site-packages/airflow/example_dags/example_branch_datetime_operator.py
[2026-03-03T02:28:43.425+0000] {logging_mixin.py:149} INFO - [2026-03-03T02:28:43.425+0000] {dag.py:2726} INFO - Sync 3 DAGs
[2026-03-03T02:28:43.443+0000] {logging_mixin.py:149} INFO - [2026-03-03T02:28:43.443+0000] {dag.py:3490} INFO - Setting next_dagrun for example_branch_datetime_operator to 2026-03-02T00:00:00+00:00, run_after=2026-03-03T00:00:00+00:00
[2026-03-03T02:28:43.445+0000] {logging_mixin.py:149} INFO - [2026-03-03T02:28:43.445+0000] {dag.py:3490} INFO - Setting next_dagrun for example_branch_datetime_operator_2 to 2026-03-02T00:00:00+00:00, run_after=2026-03-03T00:00:00+00:00
[2026-03-03T02:28:43.447+0000] {logging_mixin.py:149} INFO - [2026-03-03T02:28:43.447+0000] {dag.py:3490} INFO - Setting next_dagrun for example_branch_datetime_operator_3 to 2026-03-02T00:00:00+00:00, run_after=2026-03-03T00:00:00+00:00
[2026-03-03T02:28:43.462+0000] {processor.py:178} INFO - Processing /home/airflow/.local/lib/python3.7/site-packages/airflow/example_dags/example_branch_datetime_operator.py took 0.069 seconds
[2026-03-03T02:29:13.604+0000] {processor.py:156} INFO - Started process (PID=198) to work on /home/airflow/.local/lib/python3.7/site-packages/airflow/example_dags/example_branch_datetime_operator.py
[2026-03-03T02:29:13.604+0000] {processor.py:799} INFO - Processing file /home/airflow/.local/lib/python3.7/site-packages/airflow/example_dags/example_branch_datetime_operator.py for tasks to queue
[2026-03-03T02:29:13.605+0000] {logging_mixin.py:149} INFO - [2026-03-03T02:29:13.605+0000] {dagbag.py:541} INFO - Filling up the DagBag from /home/airflow/.local/lib/python3.7/site-packages/airflow/example_dags/example_branch_datetime_operator.py
[2026-03-03T02:29:13.608+0000] {processor.py:809} INFO - DAG(s) dict_keys(['example_branch_datetime_operator_2', 'example_branch_datetime_operator', 'example_branch_datetime_operator_3']) retrieved from /home/airflow/.local/lib/python3.7/site-packages/airflow/example_dags/example_branch_datetime_operator.py
[2026-03-03T02:29:13.623+0000] {logging_mixin.py:149} INFO - [2026-03-03T02:29:13.623+0000] {dag.py:2726} INFO - Sync 3 DAGs
[2026-03-03T02:29:13.635+0000] {logging_mixin.py:149} INFO - [2026-03-03T02:29:13.635+0000] {dag.py:3490} INFO - Setting next_dagrun for example_branch_datetime_operator to 2026-03-02T00:00:00+00:00, run_after=2026-03-03T00:00:00+00:00
[2026-03-03T02:29:13.637+0000] {logging_mixin.py:149} INFO - [2026-03-03T02:29:13.637+0000] {dag.py:3490} INFO - Setting next_dagrun for example_branch_datetime_operator_2 to 2026-03-02T00:00:00+00:00, run_after=2026-03-03T00:00:00+00:00
[2026-03-03T02:29:13.638+0000] {logging_mixin.py:149} INFO - [2026-03-03T02:29:13.638+0000] {dag.py:3490} INFO - Setting next_dagrun for example_branch_datetime_operator_3 to 2026-03-02T00:00:00+00:00, run_after=2026-03-03T00:00:00+00:00
[2026-03-03T02:29:13.652+0000] {processor.py:178} INFO - Processing /home/airflow/.local/lib/python3.7/site-packages/airflow/example_dags/example_branch_datetime_operator.py took 0.049 seconds
[2026-03-03T02:29:47.842+0000] {processor.py:156} INFO - Started process (PID=271) to work on /home/airflow/.local/lib/python3.7/site-packages/airflow/example_dags/example_branch_datetime_operator.py
[2026-03-03T02:29:47.845+0000] {processor.py:799} INFO - Processing file /home/airflow/.local/lib/python3.7/site-packages/airflow/example_dags/example_branch_datetime_operator.py for tasks to queue
[2026-03-03T02:29:47.848+0000] {logging_mixin.py:149} INFO - [2026-03-03T02:29:47.848+0000] {dagbag.py:541} INFO - Filling up the DagBag from /home/airflow/.local/lib/python3.7/site-packages/airflow/example_dags/example_branch_datetime_operator.py
[2026-03-03T02:29:47.869+0000] {processor.py:809} INFO - DAG(s) dict_keys(['example_branch_datetime_operator_2', 'example_branch_datetime_operator', 'example_branch_datetime_operator_3']) retrieved from /home/airflow/.local/lib/python3.7/site-packages/airflow/example_dags/example_branch_datetime_operator.py
[2026-03-03T02:29:47.944+0000] {logging_mixin.py:149} INFO - [2026-03-03T02:29:47.943+0000] {dag.py:2726} INFO - Sync 3 DAGs
[2026-03-03T02:29:48.024+0000] {logging_mixin.py:149} INFO - [2026-03-03T02:29:48.024+0000] {dag.py:3490} INFO - Setting next_dagrun for example_branch_datetime_operator to 2026-03-02T00:00:00+00:00, run_after=2026-03-03T00:00:00+00:00
[2026-03-03T02:29:48.040+0000] {logging_mixin.py:149} INFO - [2026-03-03T02:29:48.039+0000] {dag.py:3490} INFO - Setting next_dagrun for example_branch_datetime_operator_2 to 2026-03-02T00:00:00+00:00, run_after=2026-03-03T00:00:00+00:00
[2026-03-03T02:29:48.047+0000] {logging_mixin.py:149} INFO - [2026-03-03T02:29:48.047+0000] {dag.py:3490} INFO - Setting next_dagrun for example_branch_datetime_operator_3 to 2026-03-02T00:00:00+00:00, run_after=2026-03-03T00:00:00+00:00
[2026-03-03T02:29:48.097+0000] {processor.py:178} INFO - Processing /home/airflow/.local/lib/python3.7/site-packages/airflow/example_dags/example_branch_datetime_operator.py took 0.262 seconds
[2026-03-03T02:30:18.725+0000] {processor.py:156} INFO - Started process (PID=344) to work on /home/airflow/.local/lib/python3.7/site-packages/airflow/example_dags/example_branch_datetime_operator.py
[2026-03-03T02:30:18.728+0000] {processor.py:799} INFO - Processing file /home/airflow/.local/lib/python3.7/site-packages/airflow/example_dags/example_branch_datetime_operator.py for tasks to queue
[2026-03-03T02:30:18.729+0000] {logging_mixin.py:149} INFO - [2026-03-03T02:30:18.729+0000] {dagbag.py:541} INFO - Filling up the DagBag from /home/airflow/.local/lib/python3.7/site-packages/airflow/example_dags/example_branch_datetime_operator.py
[2026-03-03T02:30:18.747+0000] {processor.py:809} INFO - DAG(s) dict_keys(['example_branch_datetime_operator', 'example_branch_datetime_operator_3', 'example_branch_datetime_operator_2']) retrieved from /home/airflow/.local/lib/python3.7/site-packages/airflow/example_dags/example_branch_datetime_operator.py
[2026-03-03T02:30:18.815+0000] {logging_mixin.py:149} INFO - [2026-03-03T02:30:18.815+0000] {dag.py:2726} INFO - Sync 3 DAGs
[2026-03-03T02:30:18.871+0000] {logging_mixin.py:149} INFO - [2026-03-03T02:30:18.871+0000] {dag.py:3490} INFO - Setting next_dagrun for example_branch_datetime_operator to 2026-03-02T00:00:00+00:00, run_after=2026-03-03T00:00:00+00:00
[2026-03-03T02:30:18.882+0000] {logging_mixin.py:149} INFO - [2026-03-03T02:30:18.882+0000] {dag.py:3490} INFO - Setting next_dagrun for example_branch_datetime_operator_2 to 2026-03-02T00:00:00+00:00, run_after=2026-03-03T00:00:00+00:00
[2026-03-03T02:30:18.889+0000] {logging_mixin.py:149} INFO - [2026-03-03T02:30:18.888+0000] {dag.py:3490} INFO - Setting next_dagrun for example_branch_datetime_operator_3 to 2026-03-02T00:00:00+00:00, run_after=2026-03-03T00:00:00+00:00
[2026-03-03T02:30:18.934+0000] {processor.py:178} INFO - Processing /home/airflow/.local/lib/python3.7/site-packages/airflow/example_dags/example_branch_datetime_operator.py took 0.215 seconds
[2026-03-03T02:30:49.578+0000] {processor.py:156} INFO - Started process (PID=413) to work on /home/airflow/.local/lib/python3.7/site-packages/airflow/example_dags/example_branch_datetime_operator.py
[2026-03-03T02:30:49.581+0000] {processor.py:799} INFO - Processing file /home/airflow/.local/lib/python3.7/site-packages/airflow/example_dags/example_branch_datetime_operator.py for tasks to queue
[2026-03-03T02:30:49.587+0000] {logging_mixin.py:149} INFO - [2026-03-03T02:30:49.586+0000] {dagbag.py:541} INFO - Filling up the DagBag from /home/airflow/.local/lib/python3.7/site-packages/airflow/example_dags/example_branch_datetime_operator.py
[2026-03-03T02:30:49.606+0000] {processor.py:809} INFO - DAG(s) dict_keys(['example_branch_datetime_operator_3', 'example_branch_datetime_operator', 'example_branch_datetime_operator_2']) retrieved from /home/airflow/.local/lib/python3.7/site-packages/airflow/example_dags/example_branch_datetime_operator.py
[2026-03-03T02:30:49.721+0000] {logging_mixin.py:149} INFO - [2026-03-03T02:30:49.721+0000] {dag.py:2726} INFO - Sync 3 DAGs
[2026-03-03T02:30:49.789+0000] {logging_mixin.py:149} INFO - [2026-03-03T02:30:49.788+0000] {dag.py:3490} INFO - Setting next_dagrun for example_branch_datetime_operator to 2026-03-02T00:00:00+00:00, run_after=2026-03-03T00:00:00+00:00
[2026-03-03T02:30:49.801+0000] {logging_mixin.py:149} INFO - [2026-03-03T02:30:49.801+0000] {dag.py:3490} INFO - Setting next_dagrun for example_branch_datetime_operator_2 to 2026-03-02T00:00:00+00:00, run_after=2026-03-03T00:00:00+00:00
[2026-03-03T02:30:49.807+0000] {logging_mixin.py:149} INFO - [2026-03-03T02:30:49.807+0000] {dag.py:3490} INFO - Setting next_dagrun for example_branch_datetime_operator_3 to 2026-03-02T00:00:00+00:00, run_after=2026-03-03T00:00:00+00:00
[2026-03-03T02:30:49.851+0000] {processor.py:178} INFO - Processing /home/airflow/.local/lib/python3.7/site-packages/airflow/example_dags/example_branch_datetime_operator.py took 0.283 seconds
