[2026-03-03T00:56:04.859+0000] {processor.py:156} INFO - Started process (PID=68) to work on /home/airflow/.local/lib/python3.7/site-packages/airflow/example_dags/example_dag_decorator.py
[2026-03-03T00:56:04.860+0000] {processor.py:799} INFO - Processing file /home/airflow/.local/lib/python3.7/site-packages/airflow/example_dags/example_dag_decorator.py for tasks to queue
[2026-03-03T00:56:04.861+0000] {logging_mixin.py:149} INFO - [2026-03-03T00:56:04.861+0000] {dagbag.py:541} INFO - Filling up the DagBag from /home/airflow/.local/lib/python3.7/site-packages/airflow/example_dags/example_dag_decorator.py
[2026-03-03T00:56:04.865+0000] {logging_mixin.py:149} INFO - [2026-03-03T00:56:04.865+0000] {taskmixin.py:211} WARNING - Dependency <Task(_PythonDecoratedOperator): prepare_email>, send_email already registered for DAG: example_dag_decorator
[2026-03-03T00:56:04.866+0000] {logging_mixin.py:149} INFO - [2026-03-03T00:56:04.866+0000] {taskmixin.py:211} WARNING - Dependency <Task(EmailOperator): send_email>, prepare_email already registered for DAG: example_dag_decorator
[2026-03-03T00:56:04.875+0000] {processor.py:809} INFO - DAG(s) dict_keys(['example_dag_decorator']) retrieved from /home/airflow/.local/lib/python3.7/site-packages/airflow/example_dags/example_dag_decorator.py
[2026-03-03T00:56:04.891+0000] {logging_mixin.py:149} INFO - [2026-03-03T00:56:04.891+0000] {dag.py:2726} INFO - Sync 1 DAGs
[2026-03-03T00:56:04.914+0000] {logging_mixin.py:149} INFO - [2026-03-03T00:56:04.914+0000] {dag.py:3490} INFO - Setting next_dagrun for example_dag_decorator to None, run_after=None
[2026-03-03T00:56:04.940+0000] {processor.py:178} INFO - Processing /home/airflow/.local/lib/python3.7/site-packages/airflow/example_dags/example_dag_decorator.py took 0.083 seconds
[2026-03-03T00:56:37.153+0000] {processor.py:156} INFO - Started process (PID=130) to work on /home/airflow/.local/lib/python3.7/site-packages/airflow/example_dags/example_dag_decorator.py
[2026-03-03T00:56:37.155+0000] {processor.py:799} INFO - Processing file /home/airflow/.local/lib/python3.7/site-packages/airflow/example_dags/example_dag_decorator.py for tasks to queue
[2026-03-03T00:56:37.155+0000] {logging_mixin.py:149} INFO - [2026-03-03T00:56:37.155+0000] {dagbag.py:541} INFO - Filling up the DagBag from /home/airflow/.local/lib/python3.7/site-packages/airflow/example_dags/example_dag_decorator.py
[2026-03-03T00:56:37.159+0000] {logging_mixin.py:149} INFO - [2026-03-03T00:56:37.159+0000] {taskmixin.py:211} WARNING - Dependency <Task(_PythonDecoratedOperator): prepare_email>, send_email already registered for DAG: example_dag_decorator
[2026-03-03T00:56:37.159+0000] {logging_mixin.py:149} INFO - [2026-03-03T00:56:37.159+0000] {taskmixin.py:211} WARNING - Dependency <Task(EmailOperator): send_email>, prepare_email already registered for DAG: example_dag_decorator
[2026-03-03T00:56:37.163+0000] {processor.py:809} INFO - DAG(s) dict_keys(['example_dag_decorator']) retrieved from /home/airflow/.local/lib/python3.7/site-packages/airflow/example_dags/example_dag_decorator.py
[2026-03-03T00:56:37.197+0000] {logging_mixin.py:149} INFO - [2026-03-03T00:56:37.196+0000] {dag.py:2726} INFO - Sync 1 DAGs
[2026-03-03T00:56:37.212+0000] {logging_mixin.py:149} INFO - [2026-03-03T00:56:37.212+0000] {dag.py:3490} INFO - Setting next_dagrun for example_dag_decorator to None, run_after=None
[2026-03-03T00:56:37.225+0000] {processor.py:178} INFO - Processing /home/airflow/.local/lib/python3.7/site-packages/airflow/example_dags/example_dag_decorator.py took 0.073 seconds
[2026-03-03T00:57:08.104+0000] {processor.py:156} INFO - Started process (PID=192) to work on /home/airflow/.local/lib/python3.7/site-packages/airflow/example_dags/example_dag_decorator.py
[2026-03-03T00:57:08.105+0000] {processor.py:799} INFO - Processing file /home/airflow/.local/lib/python3.7/site-packages/airflow/example_dags/example_dag_decorator.py for tasks to queue
[2026-03-03T00:57:08.105+0000] {logging_mixin.py:149} INFO - [2026-03-03T00:57:08.105+0000] {dagbag.py:541} INFO - Filling up the DagBag from /home/airflow/.local/lib/python3.7/site-packages/airflow/example_dags/example_dag_decorator.py
[2026-03-03T00:57:08.111+0000] {logging_mixin.py:149} INFO - [2026-03-03T00:57:08.111+0000] {taskmixin.py:211} WARNING - Dependency <Task(_PythonDecoratedOperator): prepare_email>, send_email already registered for DAG: example_dag_decorator
[2026-03-03T00:57:08.111+0000] {logging_mixin.py:149} INFO - [2026-03-03T00:57:08.111+0000] {taskmixin.py:211} WARNING - Dependency <Task(EmailOperator): send_email>, prepare_email already registered for DAG: example_dag_decorator
[2026-03-03T00:57:08.115+0000] {processor.py:809} INFO - DAG(s) dict_keys(['example_dag_decorator']) retrieved from /home/airflow/.local/lib/python3.7/site-packages/airflow/example_dags/example_dag_decorator.py
[2026-03-03T00:57:08.145+0000] {logging_mixin.py:149} INFO - [2026-03-03T00:57:08.145+0000] {dag.py:2726} INFO - Sync 1 DAGs
[2026-03-03T00:57:08.160+0000] {logging_mixin.py:149} INFO - [2026-03-03T00:57:08.160+0000] {dag.py:3490} INFO - Setting next_dagrun for example_dag_decorator to None, run_after=None
[2026-03-03T00:57:08.172+0000] {processor.py:178} INFO - Processing /home/airflow/.local/lib/python3.7/site-packages/airflow/example_dags/example_dag_decorator.py took 0.070 seconds
[2026-03-03T00:57:39.038+0000] {processor.py:156} INFO - Started process (PID=254) to work on /home/airflow/.local/lib/python3.7/site-packages/airflow/example_dags/example_dag_decorator.py
[2026-03-03T00:57:39.039+0000] {processor.py:799} INFO - Processing file /home/airflow/.local/lib/python3.7/site-packages/airflow/example_dags/example_dag_decorator.py for tasks to queue
[2026-03-03T00:57:39.040+0000] {logging_mixin.py:149} INFO - [2026-03-03T00:57:39.040+0000] {dagbag.py:541} INFO - Filling up the DagBag from /home/airflow/.local/lib/python3.7/site-packages/airflow/example_dags/example_dag_decorator.py
[2026-03-03T00:57:39.049+0000] {logging_mixin.py:149} INFO - [2026-03-03T00:57:39.048+0000] {taskmixin.py:211} WARNING - Dependency <Task(_PythonDecoratedOperator): prepare_email>, send_email already registered for DAG: example_dag_decorator
[2026-03-03T00:57:39.049+0000] {logging_mixin.py:149} INFO - [2026-03-03T00:57:39.049+0000] {taskmixin.py:211} WARNING - Dependency <Task(EmailOperator): send_email>, prepare_email already registered for DAG: example_dag_decorator
[2026-03-03T00:57:39.054+0000] {processor.py:809} INFO - DAG(s) dict_keys(['example_dag_decorator']) retrieved from /home/airflow/.local/lib/python3.7/site-packages/airflow/example_dags/example_dag_decorator.py
[2026-03-03T00:57:39.090+0000] {logging_mixin.py:149} INFO - [2026-03-03T00:57:39.090+0000] {dag.py:2726} INFO - Sync 1 DAGs
[2026-03-03T00:57:39.106+0000] {logging_mixin.py:149} INFO - [2026-03-03T00:57:39.106+0000] {dag.py:3490} INFO - Setting next_dagrun for example_dag_decorator to None, run_after=None
[2026-03-03T00:57:39.120+0000] {processor.py:178} INFO - Processing /home/airflow/.local/lib/python3.7/site-packages/airflow/example_dags/example_dag_decorator.py took 0.084 seconds
[2026-03-03T00:58:09.390+0000] {processor.py:156} INFO - Started process (PID=316) to work on /home/airflow/.local/lib/python3.7/site-packages/airflow/example_dags/example_dag_decorator.py
[2026-03-03T00:58:09.391+0000] {processor.py:799} INFO - Processing file /home/airflow/.local/lib/python3.7/site-packages/airflow/example_dags/example_dag_decorator.py for tasks to queue
[2026-03-03T00:58:09.391+0000] {logging_mixin.py:149} INFO - [2026-03-03T00:58:09.391+0000] {dagbag.py:541} INFO - Filling up the DagBag from /home/airflow/.local/lib/python3.7/site-packages/airflow/example_dags/example_dag_decorator.py
[2026-03-03T00:58:09.394+0000] {logging_mixin.py:149} INFO - [2026-03-03T00:58:09.394+0000] {taskmixin.py:211} WARNING - Dependency <Task(_PythonDecoratedOperator): prepare_email>, send_email already registered for DAG: example_dag_decorator
[2026-03-03T00:58:09.394+0000] {logging_mixin.py:149} INFO - [2026-03-03T00:58:09.394+0000] {taskmixin.py:211} WARNING - Dependency <Task(EmailOperator): send_email>, prepare_email already registered for DAG: example_dag_decorator
[2026-03-03T00:58:09.398+0000] {processor.py:809} INFO - DAG(s) dict_keys(['example_dag_decorator']) retrieved from /home/airflow/.local/lib/python3.7/site-packages/airflow/example_dags/example_dag_decorator.py
[2026-03-03T00:58:09.442+0000] {logging_mixin.py:149} INFO - [2026-03-03T00:58:09.442+0000] {dag.py:2726} INFO - Sync 1 DAGs
[2026-03-03T00:58:09.455+0000] {logging_mixin.py:149} INFO - [2026-03-03T00:58:09.455+0000] {dag.py:3490} INFO - Setting next_dagrun for example_dag_decorator to None, run_after=None
[2026-03-03T00:58:09.470+0000] {processor.py:178} INFO - Processing /home/airflow/.local/lib/python3.7/site-packages/airflow/example_dags/example_dag_decorator.py took 0.082 seconds
[2026-03-03T00:58:40.260+0000] {processor.py:156} INFO - Started process (PID=378) to work on /home/airflow/.local/lib/python3.7/site-packages/airflow/example_dags/example_dag_decorator.py
[2026-03-03T00:58:40.260+0000] {processor.py:799} INFO - Processing file /home/airflow/.local/lib/python3.7/site-packages/airflow/example_dags/example_dag_decorator.py for tasks to queue
[2026-03-03T00:58:40.261+0000] {logging_mixin.py:149} INFO - [2026-03-03T00:58:40.261+0000] {dagbag.py:541} INFO - Filling up the DagBag from /home/airflow/.local/lib/python3.7/site-packages/airflow/example_dags/example_dag_decorator.py
[2026-03-03T00:58:40.265+0000] {logging_mixin.py:149} INFO - [2026-03-03T00:58:40.265+0000] {taskmixin.py:211} WARNING - Dependency <Task(_PythonDecoratedOperator): prepare_email>, send_email already registered for DAG: example_dag_decorator
[2026-03-03T00:58:40.265+0000] {logging_mixin.py:149} INFO - [2026-03-03T00:58:40.265+0000] {taskmixin.py:211} WARNING - Dependency <Task(EmailOperator): send_email>, prepare_email already registered for DAG: example_dag_decorator
[2026-03-03T00:58:40.271+0000] {processor.py:809} INFO - DAG(s) dict_keys(['example_dag_decorator']) retrieved from /home/airflow/.local/lib/python3.7/site-packages/airflow/example_dags/example_dag_decorator.py
[2026-03-03T00:58:40.305+0000] {logging_mixin.py:149} INFO - [2026-03-03T00:58:40.305+0000] {dag.py:2726} INFO - Sync 1 DAGs
[2026-03-03T00:58:40.318+0000] {logging_mixin.py:149} INFO - [2026-03-03T00:58:40.317+0000] {dag.py:3490} INFO - Setting next_dagrun for example_dag_decorator to None, run_after=None
[2026-03-03T00:58:40.331+0000] {processor.py:178} INFO - Processing /home/airflow/.local/lib/python3.7/site-packages/airflow/example_dags/example_dag_decorator.py took 0.072 seconds
[2026-03-03T00:59:11.375+0000] {processor.py:156} INFO - Started process (PID=440) to work on /home/airflow/.local/lib/python3.7/site-packages/airflow/example_dags/example_dag_decorator.py
[2026-03-03T00:59:11.375+0000] {processor.py:799} INFO - Processing file /home/airflow/.local/lib/python3.7/site-packages/airflow/example_dags/example_dag_decorator.py for tasks to queue
[2026-03-03T00:59:11.375+0000] {logging_mixin.py:149} INFO - [2026-03-03T00:59:11.375+0000] {dagbag.py:541} INFO - Filling up the DagBag from /home/airflow/.local/lib/python3.7/site-packages/airflow/example_dags/example_dag_decorator.py
[2026-03-03T00:59:11.378+0000] {logging_mixin.py:149} INFO - [2026-03-03T00:59:11.378+0000] {taskmixin.py:211} WARNING - Dependency <Task(_PythonDecoratedOperator): prepare_email>, send_email already registered for DAG: example_dag_decorator
[2026-03-03T00:59:11.378+0000] {logging_mixin.py:149} INFO - [2026-03-03T00:59:11.378+0000] {taskmixin.py:211} WARNING - Dependency <Task(EmailOperator): send_email>, prepare_email already registered for DAG: example_dag_decorator
[2026-03-03T00:59:11.382+0000] {processor.py:809} INFO - DAG(s) dict_keys(['example_dag_decorator']) retrieved from /home/airflow/.local/lib/python3.7/site-packages/airflow/example_dags/example_dag_decorator.py
[2026-03-03T00:59:11.419+0000] {logging_mixin.py:149} INFO - [2026-03-03T00:59:11.419+0000] {dag.py:2726} INFO - Sync 1 DAGs
[2026-03-03T00:59:11.431+0000] {logging_mixin.py:149} INFO - [2026-03-03T00:59:11.431+0000] {dag.py:3490} INFO - Setting next_dagrun for example_dag_decorator to None, run_after=None
[2026-03-03T00:59:11.443+0000] {processor.py:178} INFO - Processing /home/airflow/.local/lib/python3.7/site-packages/airflow/example_dags/example_dag_decorator.py took 0.070 seconds
[2026-03-03T00:59:42.145+0000] {processor.py:156} INFO - Started process (PID=502) to work on /home/airflow/.local/lib/python3.7/site-packages/airflow/example_dags/example_dag_decorator.py
[2026-03-03T00:59:42.146+0000] {processor.py:799} INFO - Processing file /home/airflow/.local/lib/python3.7/site-packages/airflow/example_dags/example_dag_decorator.py for tasks to queue
[2026-03-03T00:59:42.146+0000] {logging_mixin.py:149} INFO - [2026-03-03T00:59:42.146+0000] {dagbag.py:541} INFO - Filling up the DagBag from /home/airflow/.local/lib/python3.7/site-packages/airflow/example_dags/example_dag_decorator.py
[2026-03-03T00:59:42.151+0000] {logging_mixin.py:149} INFO - [2026-03-03T00:59:42.151+0000] {taskmixin.py:211} WARNING - Dependency <Task(_PythonDecoratedOperator): prepare_email>, send_email already registered for DAG: example_dag_decorator
[2026-03-03T00:59:42.152+0000] {logging_mixin.py:149} INFO - [2026-03-03T00:59:42.152+0000] {taskmixin.py:211} WARNING - Dependency <Task(EmailOperator): send_email>, prepare_email already registered for DAG: example_dag_decorator
[2026-03-03T00:59:42.158+0000] {processor.py:809} INFO - DAG(s) dict_keys(['example_dag_decorator']) retrieved from /home/airflow/.local/lib/python3.7/site-packages/airflow/example_dags/example_dag_decorator.py
[2026-03-03T00:59:42.192+0000] {logging_mixin.py:149} INFO - [2026-03-03T00:59:42.192+0000] {dag.py:2726} INFO - Sync 1 DAGs
[2026-03-03T00:59:42.204+0000] {logging_mixin.py:149} INFO - [2026-03-03T00:59:42.204+0000] {dag.py:3490} INFO - Setting next_dagrun for example_dag_decorator to None, run_after=None
[2026-03-03T00:59:42.219+0000] {processor.py:178} INFO - Processing /home/airflow/.local/lib/python3.7/site-packages/airflow/example_dags/example_dag_decorator.py took 0.075 seconds
[2026-03-03T01:00:13.800+0000] {processor.py:156} INFO - Started process (PID=564) to work on /home/airflow/.local/lib/python3.7/site-packages/airflow/example_dags/example_dag_decorator.py
[2026-03-03T01:00:13.805+0000] {processor.py:799} INFO - Processing file /home/airflow/.local/lib/python3.7/site-packages/airflow/example_dags/example_dag_decorator.py for tasks to queue
[2026-03-03T01:00:13.809+0000] {logging_mixin.py:149} INFO - [2026-03-03T01:00:13.809+0000] {dagbag.py:541} INFO - Filling up the DagBag from /home/airflow/.local/lib/python3.7/site-packages/airflow/example_dags/example_dag_decorator.py
[2026-03-03T01:00:13.828+0000] {logging_mixin.py:149} INFO - [2026-03-03T01:00:13.828+0000] {taskmixin.py:211} WARNING - Dependency <Task(_PythonDecoratedOperator): prepare_email>, send_email already registered for DAG: example_dag_decorator
[2026-03-03T01:00:13.829+0000] {logging_mixin.py:149} INFO - [2026-03-03T01:00:13.829+0000] {taskmixin.py:211} WARNING - Dependency <Task(EmailOperator): send_email>, prepare_email already registered for DAG: example_dag_decorator
[2026-03-03T01:00:13.854+0000] {processor.py:809} INFO - DAG(s) dict_keys(['example_dag_decorator']) retrieved from /home/airflow/.local/lib/python3.7/site-packages/airflow/example_dags/example_dag_decorator.py
[2026-03-03T01:00:14.046+0000] {logging_mixin.py:149} INFO - [2026-03-03T01:00:14.045+0000] {dag.py:2726} INFO - Sync 1 DAGs
[2026-03-03T01:00:14.112+0000] {logging_mixin.py:149} INFO - [2026-03-03T01:00:14.112+0000] {dag.py:3490} INFO - Setting next_dagrun for example_dag_decorator to None, run_after=None
[2026-03-03T01:00:14.189+0000] {processor.py:178} INFO - Processing /home/airflow/.local/lib/python3.7/site-packages/airflow/example_dags/example_dag_decorator.py took 0.397 seconds
[2026-03-03T01:00:45.024+0000] {processor.py:156} INFO - Started process (PID=626) to work on /home/airflow/.local/lib/python3.7/site-packages/airflow/example_dags/example_dag_decorator.py
[2026-03-03T01:00:45.026+0000] {processor.py:799} INFO - Processing file /home/airflow/.local/lib/python3.7/site-packages/airflow/example_dags/example_dag_decorator.py for tasks to queue
[2026-03-03T01:00:45.029+0000] {logging_mixin.py:149} INFO - [2026-03-03T01:00:45.028+0000] {dagbag.py:541} INFO - Filling up the DagBag from /home/airflow/.local/lib/python3.7/site-packages/airflow/example_dags/example_dag_decorator.py
[2026-03-03T01:00:45.044+0000] {logging_mixin.py:149} INFO - [2026-03-03T01:00:45.043+0000] {taskmixin.py:211} WARNING - Dependency <Task(_PythonDecoratedOperator): prepare_email>, send_email already registered for DAG: example_dag_decorator
[2026-03-03T01:00:45.046+0000] {logging_mixin.py:149} INFO - [2026-03-03T01:00:45.045+0000] {taskmixin.py:211} WARNING - Dependency <Task(EmailOperator): send_email>, prepare_email already registered for DAG: example_dag_decorator
[2026-03-03T01:00:45.068+0000] {processor.py:809} INFO - DAG(s) dict_keys(['example_dag_decorator']) retrieved from /home/airflow/.local/lib/python3.7/site-packages/airflow/example_dags/example_dag_decorator.py
[2026-03-03T01:00:45.252+0000] {logging_mixin.py:149} INFO - [2026-03-03T01:00:45.251+0000] {dag.py:2726} INFO - Sync 1 DAGs
[2026-03-03T01:00:45.328+0000] {logging_mixin.py:149} INFO - [2026-03-03T01:00:45.328+0000] {dag.py:3490} INFO - Setting next_dagrun for example_dag_decorator to None, run_after=None
[2026-03-03T01:00:45.395+0000] {processor.py:178} INFO - Processing /home/airflow/.local/lib/python3.7/site-packages/airflow/example_dags/example_dag_decorator.py took 0.379 seconds
[2026-03-03T01:01:15.981+0000] {processor.py:156} INFO - Started process (PID=688) to work on /home/airflow/.local/lib/python3.7/site-packages/airflow/example_dags/example_dag_decorator.py
[2026-03-03T01:01:15.982+0000] {processor.py:799} INFO - Processing file /home/airflow/.local/lib/python3.7/site-packages/airflow/example_dags/example_dag_decorator.py for tasks to queue
[2026-03-03T01:01:15.983+0000] {logging_mixin.py:149} INFO - [2026-03-03T01:01:15.983+0000] {dagbag.py:541} INFO - Filling up the DagBag from /home/airflow/.local/lib/python3.7/site-packages/airflow/example_dags/example_dag_decorator.py
[2026-03-03T01:01:15.987+0000] {logging_mixin.py:149} INFO - [2026-03-03T01:01:15.987+0000] {taskmixin.py:211} WARNING - Dependency <Task(_PythonDecoratedOperator): prepare_email>, send_email already registered for DAG: example_dag_decorator
[2026-03-03T01:01:15.987+0000] {logging_mixin.py:149} INFO - [2026-03-03T01:01:15.987+0000] {taskmixin.py:211} WARNING - Dependency <Task(EmailOperator): send_email>, prepare_email already registered for DAG: example_dag_decorator
[2026-03-03T01:01:15.992+0000] {processor.py:809} INFO - DAG(s) dict_keys(['example_dag_decorator']) retrieved from /home/airflow/.local/lib/python3.7/site-packages/airflow/example_dags/example_dag_decorator.py
[2026-03-03T01:01:16.028+0000] {logging_mixin.py:149} INFO - [2026-03-03T01:01:16.028+0000] {dag.py:2726} INFO - Sync 1 DAGs
[2026-03-03T01:01:16.040+0000] {logging_mixin.py:149} INFO - [2026-03-03T01:01:16.040+0000] {dag.py:3490} INFO - Setting next_dagrun for example_dag_decorator to None, run_after=None
[2026-03-03T01:01:16.049+0000] {processor.py:178} INFO - Processing /home/airflow/.local/lib/python3.7/site-packages/airflow/example_dags/example_dag_decorator.py took 0.070 seconds
[2026-03-03T01:01:46.740+0000] {processor.py:156} INFO - Started process (PID=750) to work on /home/airflow/.local/lib/python3.7/site-packages/airflow/example_dags/example_dag_decorator.py
[2026-03-03T01:01:46.741+0000] {processor.py:799} INFO - Processing file /home/airflow/.local/lib/python3.7/site-packages/airflow/example_dags/example_dag_decorator.py for tasks to queue
[2026-03-03T01:01:46.742+0000] {logging_mixin.py:149} INFO - [2026-03-03T01:01:46.742+0000] {dagbag.py:541} INFO - Filling up the DagBag from /home/airflow/.local/lib/python3.7/site-packages/airflow/example_dags/example_dag_decorator.py
[2026-03-03T01:01:46.748+0000] {logging_mixin.py:149} INFO - [2026-03-03T01:01:46.748+0000] {taskmixin.py:211} WARNING - Dependency <Task(_PythonDecoratedOperator): prepare_email>, send_email already registered for DAG: example_dag_decorator
[2026-03-03T01:01:46.748+0000] {logging_mixin.py:149} INFO - [2026-03-03T01:01:46.748+0000] {taskmixin.py:211} WARNING - Dependency <Task(EmailOperator): send_email>, prepare_email already registered for DAG: example_dag_decorator
[2026-03-03T01:01:46.755+0000] {processor.py:809} INFO - DAG(s) dict_keys(['example_dag_decorator']) retrieved from /home/airflow/.local/lib/python3.7/site-packages/airflow/example_dags/example_dag_decorator.py
[2026-03-03T01:01:46.796+0000] {logging_mixin.py:149} INFO - [2026-03-03T01:01:46.796+0000] {dag.py:2726} INFO - Sync 1 DAGs
[2026-03-03T01:01:46.809+0000] {logging_mixin.py:149} INFO - [2026-03-03T01:01:46.809+0000] {dag.py:3490} INFO - Setting next_dagrun for example_dag_decorator to None, run_after=None
[2026-03-03T01:01:46.821+0000] {processor.py:178} INFO - Processing /home/airflow/.local/lib/python3.7/site-packages/airflow/example_dags/example_dag_decorator.py took 0.083 seconds
[2026-03-03T01:02:17.542+0000] {processor.py:156} INFO - Started process (PID=812) to work on /home/airflow/.local/lib/python3.7/site-packages/airflow/example_dags/example_dag_decorator.py
[2026-03-03T01:02:17.542+0000] {processor.py:799} INFO - Processing file /home/airflow/.local/lib/python3.7/site-packages/airflow/example_dags/example_dag_decorator.py for tasks to queue
[2026-03-03T01:02:17.542+0000] {logging_mixin.py:149} INFO - [2026-03-03T01:02:17.542+0000] {dagbag.py:541} INFO - Filling up the DagBag from /home/airflow/.local/lib/python3.7/site-packages/airflow/example_dags/example_dag_decorator.py
[2026-03-03T01:02:17.546+0000] {logging_mixin.py:149} INFO - [2026-03-03T01:02:17.546+0000] {taskmixin.py:211} WARNING - Dependency <Task(_PythonDecoratedOperator): prepare_email>, send_email already registered for DAG: example_dag_decorator
[2026-03-03T01:02:17.546+0000] {logging_mixin.py:149} INFO - [2026-03-03T01:02:17.546+0000] {taskmixin.py:211} WARNING - Dependency <Task(EmailOperator): send_email>, prepare_email already registered for DAG: example_dag_decorator
[2026-03-03T01:02:17.550+0000] {processor.py:809} INFO - DAG(s) dict_keys(['example_dag_decorator']) retrieved from /home/airflow/.local/lib/python3.7/site-packages/airflow/example_dags/example_dag_decorator.py
[2026-03-03T01:02:17.584+0000] {logging_mixin.py:149} INFO - [2026-03-03T01:02:17.583+0000] {dag.py:2726} INFO - Sync 1 DAGs
[2026-03-03T01:02:17.596+0000] {logging_mixin.py:149} INFO - [2026-03-03T01:02:17.596+0000] {dag.py:3490} INFO - Setting next_dagrun for example_dag_decorator to None, run_after=None
[2026-03-03T01:02:17.604+0000] {processor.py:178} INFO - Processing /home/airflow/.local/lib/python3.7/site-packages/airflow/example_dags/example_dag_decorator.py took 0.064 seconds
[2026-03-03T01:02:48.294+0000] {processor.py:156} INFO - Started process (PID=874) to work on /home/airflow/.local/lib/python3.7/site-packages/airflow/example_dags/example_dag_decorator.py
[2026-03-03T01:02:48.294+0000] {processor.py:799} INFO - Processing file /home/airflow/.local/lib/python3.7/site-packages/airflow/example_dags/example_dag_decorator.py for tasks to queue
[2026-03-03T01:02:48.295+0000] {logging_mixin.py:149} INFO - [2026-03-03T01:02:48.294+0000] {dagbag.py:541} INFO - Filling up the DagBag from /home/airflow/.local/lib/python3.7/site-packages/airflow/example_dags/example_dag_decorator.py
[2026-03-03T01:02:48.299+0000] {logging_mixin.py:149} INFO - [2026-03-03T01:02:48.299+0000] {taskmixin.py:211} WARNING - Dependency <Task(_PythonDecoratedOperator): prepare_email>, send_email already registered for DAG: example_dag_decorator
[2026-03-03T01:02:48.299+0000] {logging_mixin.py:149} INFO - [2026-03-03T01:02:48.299+0000] {taskmixin.py:211} WARNING - Dependency <Task(EmailOperator): send_email>, prepare_email already registered for DAG: example_dag_decorator
[2026-03-03T01:02:48.304+0000] {processor.py:809} INFO - DAG(s) dict_keys(['example_dag_decorator']) retrieved from /home/airflow/.local/lib/python3.7/site-packages/airflow/example_dags/example_dag_decorator.py
[2026-03-03T01:02:48.338+0000] {logging_mixin.py:149} INFO - [2026-03-03T01:02:48.338+0000] {dag.py:2726} INFO - Sync 1 DAGs
[2026-03-03T01:02:48.350+0000] {logging_mixin.py:149} INFO - [2026-03-03T01:02:48.350+0000] {dag.py:3490} INFO - Setting next_dagrun for example_dag_decorator to None, run_after=None
[2026-03-03T01:02:48.360+0000] {processor.py:178} INFO - Processing /home/airflow/.local/lib/python3.7/site-packages/airflow/example_dags/example_dag_decorator.py took 0.069 seconds
[2026-03-03T01:03:19.055+0000] {processor.py:156} INFO - Started process (PID=936) to work on /home/airflow/.local/lib/python3.7/site-packages/airflow/example_dags/example_dag_decorator.py
[2026-03-03T01:03:19.056+0000] {processor.py:799} INFO - Processing file /home/airflow/.local/lib/python3.7/site-packages/airflow/example_dags/example_dag_decorator.py for tasks to queue
[2026-03-03T01:03:19.056+0000] {logging_mixin.py:149} INFO - [2026-03-03T01:03:19.056+0000] {dagbag.py:541} INFO - Filling up the DagBag from /home/airflow/.local/lib/python3.7/site-packages/airflow/example_dags/example_dag_decorator.py
[2026-03-03T01:03:19.061+0000] {logging_mixin.py:149} INFO - [2026-03-03T01:03:19.061+0000] {taskmixin.py:211} WARNING - Dependency <Task(_PythonDecoratedOperator): prepare_email>, send_email already registered for DAG: example_dag_decorator
[2026-03-03T01:03:19.061+0000] {logging_mixin.py:149} INFO - [2026-03-03T01:03:19.061+0000] {taskmixin.py:211} WARNING - Dependency <Task(EmailOperator): send_email>, prepare_email already registered for DAG: example_dag_decorator
[2026-03-03T01:03:19.066+0000] {processor.py:809} INFO - DAG(s) dict_keys(['example_dag_decorator']) retrieved from /home/airflow/.local/lib/python3.7/site-packages/airflow/example_dags/example_dag_decorator.py
[2026-03-03T01:03:19.101+0000] {logging_mixin.py:149} INFO - [2026-03-03T01:03:19.101+0000] {dag.py:2726} INFO - Sync 1 DAGs
[2026-03-03T01:03:19.111+0000] {logging_mixin.py:149} INFO - [2026-03-03T01:03:19.111+0000] {dag.py:3490} INFO - Setting next_dagrun for example_dag_decorator to None, run_after=None
[2026-03-03T01:03:19.123+0000] {processor.py:178} INFO - Processing /home/airflow/.local/lib/python3.7/site-packages/airflow/example_dags/example_dag_decorator.py took 0.069 seconds
[2026-03-03T01:03:49.869+0000] {processor.py:156} INFO - Started process (PID=998) to work on /home/airflow/.local/lib/python3.7/site-packages/airflow/example_dags/example_dag_decorator.py
[2026-03-03T01:03:49.871+0000] {processor.py:799} INFO - Processing file /home/airflow/.local/lib/python3.7/site-packages/airflow/example_dags/example_dag_decorator.py for tasks to queue
[2026-03-03T01:03:49.872+0000] {logging_mixin.py:149} INFO - [2026-03-03T01:03:49.872+0000] {dagbag.py:541} INFO - Filling up the DagBag from /home/airflow/.local/lib/python3.7/site-packages/airflow/example_dags/example_dag_decorator.py
[2026-03-03T01:03:49.878+0000] {logging_mixin.py:149} INFO - [2026-03-03T01:03:49.878+0000] {taskmixin.py:211} WARNING - Dependency <Task(_PythonDecoratedOperator): prepare_email>, send_email already registered for DAG: example_dag_decorator
[2026-03-03T01:03:49.878+0000] {logging_mixin.py:149} INFO - [2026-03-03T01:03:49.878+0000] {taskmixin.py:211} WARNING - Dependency <Task(EmailOperator): send_email>, prepare_email already registered for DAG: example_dag_decorator
[2026-03-03T01:03:49.884+0000] {processor.py:809} INFO - DAG(s) dict_keys(['example_dag_decorator']) retrieved from /home/airflow/.local/lib/python3.7/site-packages/airflow/example_dags/example_dag_decorator.py
[2026-03-03T01:03:49.930+0000] {logging_mixin.py:149} INFO - [2026-03-03T01:03:49.930+0000] {dag.py:2726} INFO - Sync 1 DAGs
[2026-03-03T01:03:49.942+0000] {logging_mixin.py:149} INFO - [2026-03-03T01:03:49.941+0000] {dag.py:3490} INFO - Setting next_dagrun for example_dag_decorator to None, run_after=None
[2026-03-03T01:03:49.952+0000] {processor.py:178} INFO - Processing /home/airflow/.local/lib/python3.7/site-packages/airflow/example_dags/example_dag_decorator.py took 0.085 seconds
[2026-03-03T01:04:20.523+0000] {processor.py:156} INFO - Started process (PID=1060) to work on /home/airflow/.local/lib/python3.7/site-packages/airflow/example_dags/example_dag_decorator.py
[2026-03-03T01:04:20.524+0000] {processor.py:799} INFO - Processing file /home/airflow/.local/lib/python3.7/site-packages/airflow/example_dags/example_dag_decorator.py for tasks to queue
[2026-03-03T01:04:20.524+0000] {logging_mixin.py:149} INFO - [2026-03-03T01:04:20.524+0000] {dagbag.py:541} INFO - Filling up the DagBag from /home/airflow/.local/lib/python3.7/site-packages/airflow/example_dags/example_dag_decorator.py
[2026-03-03T01:04:20.527+0000] {logging_mixin.py:149} INFO - [2026-03-03T01:04:20.527+0000] {taskmixin.py:211} WARNING - Dependency <Task(_PythonDecoratedOperator): prepare_email>, send_email already registered for DAG: example_dag_decorator
[2026-03-03T01:04:20.528+0000] {logging_mixin.py:149} INFO - [2026-03-03T01:04:20.528+0000] {taskmixin.py:211} WARNING - Dependency <Task(EmailOperator): send_email>, prepare_email already registered for DAG: example_dag_decorator
[2026-03-03T01:04:20.532+0000] {processor.py:809} INFO - DAG(s) dict_keys(['example_dag_decorator']) retrieved from /home/airflow/.local/lib/python3.7/site-packages/airflow/example_dags/example_dag_decorator.py
[2026-03-03T01:04:20.562+0000] {logging_mixin.py:149} INFO - [2026-03-03T01:04:20.562+0000] {dag.py:2726} INFO - Sync 1 DAGs
[2026-03-03T01:04:20.576+0000] {logging_mixin.py:149} INFO - [2026-03-03T01:04:20.576+0000] {dag.py:3490} INFO - Setting next_dagrun for example_dag_decorator to None, run_after=None
[2026-03-03T01:04:20.586+0000] {processor.py:178} INFO - Processing /home/airflow/.local/lib/python3.7/site-packages/airflow/example_dags/example_dag_decorator.py took 0.064 seconds
[2026-03-03T01:04:51.138+0000] {processor.py:156} INFO - Started process (PID=1122) to work on /home/airflow/.local/lib/python3.7/site-packages/airflow/example_dags/example_dag_decorator.py
[2026-03-03T01:04:51.139+0000] {processor.py:799} INFO - Processing file /home/airflow/.local/lib/python3.7/site-packages/airflow/example_dags/example_dag_decorator.py for tasks to queue
[2026-03-03T01:04:51.139+0000] {logging_mixin.py:149} INFO - [2026-03-03T01:04:51.139+0000] {dagbag.py:541} INFO - Filling up the DagBag from /home/airflow/.local/lib/python3.7/site-packages/airflow/example_dags/example_dag_decorator.py
[2026-03-03T01:04:51.144+0000] {logging_mixin.py:149} INFO - [2026-03-03T01:04:51.144+0000] {taskmixin.py:211} WARNING - Dependency <Task(_PythonDecoratedOperator): prepare_email>, send_email already registered for DAG: example_dag_decorator
[2026-03-03T01:04:51.144+0000] {logging_mixin.py:149} INFO - [2026-03-03T01:04:51.144+0000] {taskmixin.py:211} WARNING - Dependency <Task(EmailOperator): send_email>, prepare_email already registered for DAG: example_dag_decorator
[2026-03-03T01:04:51.149+0000] {processor.py:809} INFO - DAG(s) dict_keys(['example_dag_decorator']) retrieved from /home/airflow/.local/lib/python3.7/site-packages/airflow/example_dags/example_dag_decorator.py
[2026-03-03T01:04:51.183+0000] {logging_mixin.py:149} INFO - [2026-03-03T01:04:51.183+0000] {dag.py:2726} INFO - Sync 1 DAGs
[2026-03-03T01:04:51.195+0000] {logging_mixin.py:149} INFO - [2026-03-03T01:04:51.194+0000] {dag.py:3490} INFO - Setting next_dagrun for example_dag_decorator to None, run_after=None
[2026-03-03T01:04:51.205+0000] {processor.py:178} INFO - Processing /home/airflow/.local/lib/python3.7/site-packages/airflow/example_dags/example_dag_decorator.py took 0.070 seconds
[2026-03-03T01:05:21.935+0000] {processor.py:156} INFO - Started process (PID=1184) to work on /home/airflow/.local/lib/python3.7/site-packages/airflow/example_dags/example_dag_decorator.py
[2026-03-03T01:05:21.935+0000] {processor.py:799} INFO - Processing file /home/airflow/.local/lib/python3.7/site-packages/airflow/example_dags/example_dag_decorator.py for tasks to queue
[2026-03-03T01:05:21.936+0000] {logging_mixin.py:149} INFO - [2026-03-03T01:05:21.936+0000] {dagbag.py:541} INFO - Filling up the DagBag from /home/airflow/.local/lib/python3.7/site-packages/airflow/example_dags/example_dag_decorator.py
[2026-03-03T01:05:21.940+0000] {logging_mixin.py:149} INFO - [2026-03-03T01:05:21.940+0000] {taskmixin.py:211} WARNING - Dependency <Task(_PythonDecoratedOperator): prepare_email>, send_email already registered for DAG: example_dag_decorator
[2026-03-03T01:05:21.940+0000] {logging_mixin.py:149} INFO - [2026-03-03T01:05:21.940+0000] {taskmixin.py:211} WARNING - Dependency <Task(EmailOperator): send_email>, prepare_email already registered for DAG: example_dag_decorator
[2026-03-03T01:05:21.946+0000] {processor.py:809} INFO - DAG(s) dict_keys(['example_dag_decorator']) retrieved from /home/airflow/.local/lib/python3.7/site-packages/airflow/example_dags/example_dag_decorator.py
[2026-03-03T01:05:21.982+0000] {logging_mixin.py:149} INFO - [2026-03-03T01:05:21.982+0000] {dag.py:2726} INFO - Sync 1 DAGs
[2026-03-03T01:05:21.993+0000] {logging_mixin.py:149} INFO - [2026-03-03T01:05:21.993+0000] {dag.py:3490} INFO - Setting next_dagrun for example_dag_decorator to None, run_after=None
[2026-03-03T01:05:22.005+0000] {processor.py:178} INFO - Processing /home/airflow/.local/lib/python3.7/site-packages/airflow/example_dags/example_dag_decorator.py took 0.072 seconds
[2026-03-03T01:05:52.640+0000] {processor.py:156} INFO - Started process (PID=1246) to work on /home/airflow/.local/lib/python3.7/site-packages/airflow/example_dags/example_dag_decorator.py
[2026-03-03T01:05:52.641+0000] {processor.py:799} INFO - Processing file /home/airflow/.local/lib/python3.7/site-packages/airflow/example_dags/example_dag_decorator.py for tasks to queue
[2026-03-03T01:05:52.641+0000] {logging_mixin.py:149} INFO - [2026-03-03T01:05:52.641+0000] {dagbag.py:541} INFO - Filling up the DagBag from /home/airflow/.local/lib/python3.7/site-packages/airflow/example_dags/example_dag_decorator.py
[2026-03-03T01:05:52.644+0000] {logging_mixin.py:149} INFO - [2026-03-03T01:05:52.644+0000] {taskmixin.py:211} WARNING - Dependency <Task(_PythonDecoratedOperator): prepare_email>, send_email already registered for DAG: example_dag_decorator
[2026-03-03T01:05:52.644+0000] {logging_mixin.py:149} INFO - [2026-03-03T01:05:52.644+0000] {taskmixin.py:211} WARNING - Dependency <Task(EmailOperator): send_email>, prepare_email already registered for DAG: example_dag_decorator
[2026-03-03T01:05:52.649+0000] {processor.py:809} INFO - DAG(s) dict_keys(['example_dag_decorator']) retrieved from /home/airflow/.local/lib/python3.7/site-packages/airflow/example_dags/example_dag_decorator.py
[2026-03-03T01:05:52.678+0000] {logging_mixin.py:149} INFO - [2026-03-03T01:05:52.678+0000] {dag.py:2726} INFO - Sync 1 DAGs
[2026-03-03T01:05:52.688+0000] {logging_mixin.py:149} INFO - [2026-03-03T01:05:52.688+0000] {dag.py:3490} INFO - Setting next_dagrun for example_dag_decorator to None, run_after=None
[2026-03-03T01:05:52.697+0000] {processor.py:178} INFO - Processing /home/airflow/.local/lib/python3.7/site-packages/airflow/example_dags/example_dag_decorator.py took 0.059 seconds
[2026-03-03T01:06:23.122+0000] {processor.py:156} INFO - Started process (PID=1308) to work on /home/airflow/.local/lib/python3.7/site-packages/airflow/example_dags/example_dag_decorator.py
[2026-03-03T01:06:23.122+0000] {processor.py:799} INFO - Processing file /home/airflow/.local/lib/python3.7/site-packages/airflow/example_dags/example_dag_decorator.py for tasks to queue
[2026-03-03T01:06:23.123+0000] {logging_mixin.py:149} INFO - [2026-03-03T01:06:23.123+0000] {dagbag.py:541} INFO - Filling up the DagBag from /home/airflow/.local/lib/python3.7/site-packages/airflow/example_dags/example_dag_decorator.py
[2026-03-03T01:06:23.126+0000] {logging_mixin.py:149} INFO - [2026-03-03T01:06:23.126+0000] {taskmixin.py:211} WARNING - Dependency <Task(_PythonDecoratedOperator): prepare_email>, send_email already registered for DAG: example_dag_decorator
[2026-03-03T01:06:23.127+0000] {logging_mixin.py:149} INFO - [2026-03-03T01:06:23.127+0000] {taskmixin.py:211} WARNING - Dependency <Task(EmailOperator): send_email>, prepare_email already registered for DAG: example_dag_decorator
[2026-03-03T01:06:23.132+0000] {processor.py:809} INFO - DAG(s) dict_keys(['example_dag_decorator']) retrieved from /home/airflow/.local/lib/python3.7/site-packages/airflow/example_dags/example_dag_decorator.py
[2026-03-03T01:06:23.163+0000] {logging_mixin.py:149} INFO - [2026-03-03T01:06:23.162+0000] {dag.py:2726} INFO - Sync 1 DAGs
[2026-03-03T01:06:23.176+0000] {logging_mixin.py:149} INFO - [2026-03-03T01:06:23.176+0000] {dag.py:3490} INFO - Setting next_dagrun for example_dag_decorator to None, run_after=None
[2026-03-03T01:06:23.184+0000] {processor.py:178} INFO - Processing /home/airflow/.local/lib/python3.7/site-packages/airflow/example_dags/example_dag_decorator.py took 0.064 seconds
[2026-03-03T01:07:09.929+0000] {processor.py:156} INFO - Started process (PID=60) to work on /home/airflow/.local/lib/python3.7/site-packages/airflow/example_dags/example_dag_decorator.py
[2026-03-03T01:07:09.933+0000] {processor.py:799} INFO - Processing file /home/airflow/.local/lib/python3.7/site-packages/airflow/example_dags/example_dag_decorator.py for tasks to queue
[2026-03-03T01:07:09.935+0000] {logging_mixin.py:149} INFO - [2026-03-03T01:07:09.935+0000] {dagbag.py:541} INFO - Filling up the DagBag from /home/airflow/.local/lib/python3.7/site-packages/airflow/example_dags/example_dag_decorator.py
[2026-03-03T01:07:09.945+0000] {logging_mixin.py:149} INFO - [2026-03-03T01:07:09.945+0000] {taskmixin.py:211} WARNING - Dependency <Task(_PythonDecoratedOperator): prepare_email>, send_email already registered for DAG: example_dag_decorator
[2026-03-03T01:07:09.945+0000] {logging_mixin.py:149} INFO - [2026-03-03T01:07:09.945+0000] {taskmixin.py:211} WARNING - Dependency <Task(EmailOperator): send_email>, prepare_email already registered for DAG: example_dag_decorator
[2026-03-03T01:07:09.950+0000] {processor.py:809} INFO - DAG(s) dict_keys(['example_dag_decorator']) retrieved from /home/airflow/.local/lib/python3.7/site-packages/airflow/example_dags/example_dag_decorator.py
[2026-03-03T01:07:09.960+0000] {logging_mixin.py:149} INFO - [2026-03-03T01:07:09.960+0000] {dag.py:2726} INFO - Sync 1 DAGs
[2026-03-03T01:07:09.977+0000] {logging_mixin.py:149} INFO - [2026-03-03T01:07:09.977+0000] {dag.py:3490} INFO - Setting next_dagrun for example_dag_decorator to None, run_after=None
[2026-03-03T01:07:09.997+0000] {processor.py:178} INFO - Processing /home/airflow/.local/lib/python3.7/site-packages/airflow/example_dags/example_dag_decorator.py took 0.075 seconds
[2026-03-03T01:07:41.025+0000] {processor.py:156} INFO - Started process (PID=129) to work on /home/airflow/.local/lib/python3.7/site-packages/airflow/example_dags/example_dag_decorator.py
[2026-03-03T01:07:41.027+0000] {processor.py:799} INFO - Processing file /home/airflow/.local/lib/python3.7/site-packages/airflow/example_dags/example_dag_decorator.py for tasks to queue
[2026-03-03T01:07:41.027+0000] {logging_mixin.py:149} INFO - [2026-03-03T01:07:41.027+0000] {dagbag.py:541} INFO - Filling up the DagBag from /home/airflow/.local/lib/python3.7/site-packages/airflow/example_dags/example_dag_decorator.py
[2026-03-03T01:07:41.033+0000] {logging_mixin.py:149} INFO - [2026-03-03T01:07:41.033+0000] {taskmixin.py:211} WARNING - Dependency <Task(_PythonDecoratedOperator): prepare_email>, send_email already registered for DAG: example_dag_decorator
[2026-03-03T01:07:41.034+0000] {logging_mixin.py:149} INFO - [2026-03-03T01:07:41.034+0000] {taskmixin.py:211} WARNING - Dependency <Task(EmailOperator): send_email>, prepare_email already registered for DAG: example_dag_decorator
[2026-03-03T01:07:41.040+0000] {processor.py:809} INFO - DAG(s) dict_keys(['example_dag_decorator']) retrieved from /home/airflow/.local/lib/python3.7/site-packages/airflow/example_dags/example_dag_decorator.py
[2026-03-03T01:07:41.083+0000] {logging_mixin.py:149} INFO - [2026-03-03T01:07:41.083+0000] {dag.py:2726} INFO - Sync 1 DAGs
[2026-03-03T01:07:41.183+0000] {logging_mixin.py:149} INFO - [2026-03-03T01:07:41.183+0000] {dag.py:3490} INFO - Setting next_dagrun for example_dag_decorator to None, run_after=None
[2026-03-03T01:07:41.197+0000] {processor.py:178} INFO - Processing /home/airflow/.local/lib/python3.7/site-packages/airflow/example_dags/example_dag_decorator.py took 0.176 seconds
[2026-03-03T01:08:18.718+0000] {processor.py:156} INFO - Started process (PID=191) to work on /home/airflow/.local/lib/python3.7/site-packages/airflow/example_dags/example_dag_decorator.py
[2026-03-03T01:08:18.721+0000] {processor.py:799} INFO - Processing file /home/airflow/.local/lib/python3.7/site-packages/airflow/example_dags/example_dag_decorator.py for tasks to queue
[2026-03-03T01:08:18.724+0000] {logging_mixin.py:149} INFO - [2026-03-03T01:08:18.723+0000] {dagbag.py:541} INFO - Filling up the DagBag from /home/airflow/.local/lib/python3.7/site-packages/airflow/example_dags/example_dag_decorator.py
[2026-03-03T01:08:18.741+0000] {logging_mixin.py:149} INFO - [2026-03-03T01:08:18.740+0000] {taskmixin.py:211} WARNING - Dependency <Task(_PythonDecoratedOperator): prepare_email>, send_email already registered for DAG: example_dag_decorator
[2026-03-03T01:08:18.742+0000] {logging_mixin.py:149} INFO - [2026-03-03T01:08:18.742+0000] {taskmixin.py:211} WARNING - Dependency <Task(EmailOperator): send_email>, prepare_email already registered for DAG: example_dag_decorator
[2026-03-03T01:08:18.763+0000] {processor.py:809} INFO - DAG(s) dict_keys(['example_dag_decorator']) retrieved from /home/airflow/.local/lib/python3.7/site-packages/airflow/example_dags/example_dag_decorator.py
[2026-03-03T01:08:19.305+0000] {logging_mixin.py:149} INFO - [2026-03-03T01:08:19.304+0000] {dag.py:2726} INFO - Sync 1 DAGs
[2026-03-03T01:08:19.371+0000] {logging_mixin.py:149} INFO - [2026-03-03T01:08:19.370+0000] {dag.py:3490} INFO - Setting next_dagrun for example_dag_decorator to None, run_after=None
[2026-03-03T01:08:19.445+0000] {processor.py:178} INFO - Processing /home/airflow/.local/lib/python3.7/site-packages/airflow/example_dags/example_dag_decorator.py took 0.734 seconds
[2026-03-03T01:08:50.374+0000] {processor.py:156} INFO - Started process (PID=253) to work on /home/airflow/.local/lib/python3.7/site-packages/airflow/example_dags/example_dag_decorator.py
[2026-03-03T01:08:50.376+0000] {processor.py:799} INFO - Processing file /home/airflow/.local/lib/python3.7/site-packages/airflow/example_dags/example_dag_decorator.py for tasks to queue
[2026-03-03T01:08:50.378+0000] {logging_mixin.py:149} INFO - [2026-03-03T01:08:50.378+0000] {dagbag.py:541} INFO - Filling up the DagBag from /home/airflow/.local/lib/python3.7/site-packages/airflow/example_dags/example_dag_decorator.py
[2026-03-03T01:08:50.384+0000] {logging_mixin.py:149} INFO - [2026-03-03T01:08:50.384+0000] {taskmixin.py:211} WARNING - Dependency <Task(_PythonDecoratedOperator): prepare_email>, send_email already registered for DAG: example_dag_decorator
[2026-03-03T01:08:50.384+0000] {logging_mixin.py:149} INFO - [2026-03-03T01:08:50.384+0000] {taskmixin.py:211} WARNING - Dependency <Task(EmailOperator): send_email>, prepare_email already registered for DAG: example_dag_decorator
[2026-03-03T01:08:50.390+0000] {processor.py:809} INFO - DAG(s) dict_keys(['example_dag_decorator']) retrieved from /home/airflow/.local/lib/python3.7/site-packages/airflow/example_dags/example_dag_decorator.py
[2026-03-03T01:08:50.429+0000] {logging_mixin.py:149} INFO - [2026-03-03T01:08:50.428+0000] {dag.py:2726} INFO - Sync 1 DAGs
[2026-03-03T01:08:50.443+0000] {logging_mixin.py:149} INFO - [2026-03-03T01:08:50.442+0000] {dag.py:3490} INFO - Setting next_dagrun for example_dag_decorator to None, run_after=None
[2026-03-03T01:08:50.454+0000] {processor.py:178} INFO - Processing /home/airflow/.local/lib/python3.7/site-packages/airflow/example_dags/example_dag_decorator.py took 0.083 seconds
[2026-03-03T01:09:21.349+0000] {processor.py:156} INFO - Started process (PID=315) to work on /home/airflow/.local/lib/python3.7/site-packages/airflow/example_dags/example_dag_decorator.py
[2026-03-03T01:09:21.350+0000] {processor.py:799} INFO - Processing file /home/airflow/.local/lib/python3.7/site-packages/airflow/example_dags/example_dag_decorator.py for tasks to queue
[2026-03-03T01:09:21.350+0000] {logging_mixin.py:149} INFO - [2026-03-03T01:09:21.350+0000] {dagbag.py:541} INFO - Filling up the DagBag from /home/airflow/.local/lib/python3.7/site-packages/airflow/example_dags/example_dag_decorator.py
[2026-03-03T01:09:21.354+0000] {logging_mixin.py:149} INFO - [2026-03-03T01:09:21.354+0000] {taskmixin.py:211} WARNING - Dependency <Task(_PythonDecoratedOperator): prepare_email>, send_email already registered for DAG: example_dag_decorator
[2026-03-03T01:09:21.354+0000] {logging_mixin.py:149} INFO - [2026-03-03T01:09:21.354+0000] {taskmixin.py:211} WARNING - Dependency <Task(EmailOperator): send_email>, prepare_email already registered for DAG: example_dag_decorator
[2026-03-03T01:09:21.360+0000] {processor.py:809} INFO - DAG(s) dict_keys(['example_dag_decorator']) retrieved from /home/airflow/.local/lib/python3.7/site-packages/airflow/example_dags/example_dag_decorator.py
[2026-03-03T01:09:21.400+0000] {logging_mixin.py:149} INFO - [2026-03-03T01:09:21.400+0000] {dag.py:2726} INFO - Sync 1 DAGs
[2026-03-03T01:09:21.412+0000] {logging_mixin.py:149} INFO - [2026-03-03T01:09:21.412+0000] {dag.py:3490} INFO - Setting next_dagrun for example_dag_decorator to None, run_after=None
[2026-03-03T01:09:21.424+0000] {processor.py:178} INFO - Processing /home/airflow/.local/lib/python3.7/site-packages/airflow/example_dags/example_dag_decorator.py took 0.080 seconds
[2026-03-03T01:09:51.855+0000] {processor.py:156} INFO - Started process (PID=377) to work on /home/airflow/.local/lib/python3.7/site-packages/airflow/example_dags/example_dag_decorator.py
[2026-03-03T01:09:51.856+0000] {processor.py:799} INFO - Processing file /home/airflow/.local/lib/python3.7/site-packages/airflow/example_dags/example_dag_decorator.py for tasks to queue
[2026-03-03T01:09:51.856+0000] {logging_mixin.py:149} INFO - [2026-03-03T01:09:51.856+0000] {dagbag.py:541} INFO - Filling up the DagBag from /home/airflow/.local/lib/python3.7/site-packages/airflow/example_dags/example_dag_decorator.py
[2026-03-03T01:09:51.860+0000] {logging_mixin.py:149} INFO - [2026-03-03T01:09:51.860+0000] {taskmixin.py:211} WARNING - Dependency <Task(_PythonDecoratedOperator): prepare_email>, send_email already registered for DAG: example_dag_decorator
[2026-03-03T01:09:51.862+0000] {logging_mixin.py:149} INFO - [2026-03-03T01:09:51.861+0000] {taskmixin.py:211} WARNING - Dependency <Task(EmailOperator): send_email>, prepare_email already registered for DAG: example_dag_decorator
[2026-03-03T01:09:51.866+0000] {processor.py:809} INFO - DAG(s) dict_keys(['example_dag_decorator']) retrieved from /home/airflow/.local/lib/python3.7/site-packages/airflow/example_dags/example_dag_decorator.py
[2026-03-03T01:09:51.912+0000] {logging_mixin.py:149} INFO - [2026-03-03T01:09:51.912+0000] {dag.py:2726} INFO - Sync 1 DAGs
[2026-03-03T01:09:51.927+0000] {logging_mixin.py:149} INFO - [2026-03-03T01:09:51.927+0000] {dag.py:3490} INFO - Setting next_dagrun for example_dag_decorator to None, run_after=None
[2026-03-03T01:09:51.939+0000] {processor.py:178} INFO - Processing /home/airflow/.local/lib/python3.7/site-packages/airflow/example_dags/example_dag_decorator.py took 0.087 seconds
[2026-03-03T01:10:22.099+0000] {processor.py:156} INFO - Started process (PID=440) to work on /home/airflow/.local/lib/python3.7/site-packages/airflow/example_dags/example_dag_decorator.py
[2026-03-03T01:10:22.103+0000] {processor.py:799} INFO - Processing file /home/airflow/.local/lib/python3.7/site-packages/airflow/example_dags/example_dag_decorator.py for tasks to queue
[2026-03-03T01:10:22.105+0000] {logging_mixin.py:149} INFO - [2026-03-03T01:10:22.105+0000] {dagbag.py:541} INFO - Filling up the DagBag from /home/airflow/.local/lib/python3.7/site-packages/airflow/example_dags/example_dag_decorator.py
[2026-03-03T01:10:22.121+0000] {logging_mixin.py:149} INFO - [2026-03-03T01:10:22.121+0000] {taskmixin.py:211} WARNING - Dependency <Task(_PythonDecoratedOperator): prepare_email>, send_email already registered for DAG: example_dag_decorator
[2026-03-03T01:10:22.123+0000] {logging_mixin.py:149} INFO - [2026-03-03T01:10:22.123+0000] {taskmixin.py:211} WARNING - Dependency <Task(EmailOperator): send_email>, prepare_email already registered for DAG: example_dag_decorator
[2026-03-03T01:10:22.147+0000] {processor.py:809} INFO - DAG(s) dict_keys(['example_dag_decorator']) retrieved from /home/airflow/.local/lib/python3.7/site-packages/airflow/example_dags/example_dag_decorator.py
[2026-03-03T01:10:22.380+0000] {logging_mixin.py:149} INFO - [2026-03-03T01:10:22.379+0000] {dag.py:2726} INFO - Sync 1 DAGs
[2026-03-03T01:10:22.482+0000] {logging_mixin.py:149} INFO - [2026-03-03T01:10:22.481+0000] {dag.py:3490} INFO - Setting next_dagrun for example_dag_decorator to None, run_after=None
[2026-03-03T01:10:22.568+0000] {processor.py:178} INFO - Processing /home/airflow/.local/lib/python3.7/site-packages/airflow/example_dags/example_dag_decorator.py took 0.478 seconds
[2026-03-03T01:10:52.968+0000] {processor.py:156} INFO - Started process (PID=502) to work on /home/airflow/.local/lib/python3.7/site-packages/airflow/example_dags/example_dag_decorator.py
[2026-03-03T01:10:52.971+0000] {processor.py:799} INFO - Processing file /home/airflow/.local/lib/python3.7/site-packages/airflow/example_dags/example_dag_decorator.py for tasks to queue
[2026-03-03T01:10:52.974+0000] {logging_mixin.py:149} INFO - [2026-03-03T01:10:52.974+0000] {dagbag.py:541} INFO - Filling up the DagBag from /home/airflow/.local/lib/python3.7/site-packages/airflow/example_dags/example_dag_decorator.py
[2026-03-03T01:10:52.987+0000] {logging_mixin.py:149} INFO - [2026-03-03T01:10:52.987+0000] {taskmixin.py:211} WARNING - Dependency <Task(_PythonDecoratedOperator): prepare_email>, send_email already registered for DAG: example_dag_decorator
[2026-03-03T01:10:52.988+0000] {logging_mixin.py:149} INFO - [2026-03-03T01:10:52.988+0000] {taskmixin.py:211} WARNING - Dependency <Task(EmailOperator): send_email>, prepare_email already registered for DAG: example_dag_decorator
[2026-03-03T01:10:53.006+0000] {processor.py:809} INFO - DAG(s) dict_keys(['example_dag_decorator']) retrieved from /home/airflow/.local/lib/python3.7/site-packages/airflow/example_dags/example_dag_decorator.py
[2026-03-03T01:10:53.180+0000] {logging_mixin.py:149} INFO - [2026-03-03T01:10:53.179+0000] {dag.py:2726} INFO - Sync 1 DAGs
[2026-03-03T01:10:53.235+0000] {logging_mixin.py:149} INFO - [2026-03-03T01:10:53.234+0000] {dag.py:3490} INFO - Setting next_dagrun for example_dag_decorator to None, run_after=None
[2026-03-03T01:10:53.289+0000] {processor.py:178} INFO - Processing /home/airflow/.local/lib/python3.7/site-packages/airflow/example_dags/example_dag_decorator.py took 0.329 seconds
[2026-03-03T01:11:24.195+0000] {processor.py:156} INFO - Started process (PID=564) to work on /home/airflow/.local/lib/python3.7/site-packages/airflow/example_dags/example_dag_decorator.py
[2026-03-03T01:11:24.196+0000] {processor.py:799} INFO - Processing file /home/airflow/.local/lib/python3.7/site-packages/airflow/example_dags/example_dag_decorator.py for tasks to queue
[2026-03-03T01:11:24.197+0000] {logging_mixin.py:149} INFO - [2026-03-03T01:11:24.197+0000] {dagbag.py:541} INFO - Filling up the DagBag from /home/airflow/.local/lib/python3.7/site-packages/airflow/example_dags/example_dag_decorator.py
[2026-03-03T01:11:24.203+0000] {logging_mixin.py:149} INFO - [2026-03-03T01:11:24.203+0000] {taskmixin.py:211} WARNING - Dependency <Task(_PythonDecoratedOperator): prepare_email>, send_email already registered for DAG: example_dag_decorator
[2026-03-03T01:11:24.205+0000] {logging_mixin.py:149} INFO - [2026-03-03T01:11:24.205+0000] {taskmixin.py:211} WARNING - Dependency <Task(EmailOperator): send_email>, prepare_email already registered for DAG: example_dag_decorator
[2026-03-03T01:11:24.216+0000] {processor.py:809} INFO - DAG(s) dict_keys(['example_dag_decorator']) retrieved from /home/airflow/.local/lib/python3.7/site-packages/airflow/example_dags/example_dag_decorator.py
[2026-03-03T01:11:24.259+0000] {logging_mixin.py:149} INFO - [2026-03-03T01:11:24.259+0000] {dag.py:2726} INFO - Sync 1 DAGs
[2026-03-03T01:11:24.274+0000] {logging_mixin.py:149} INFO - [2026-03-03T01:11:24.274+0000] {dag.py:3490} INFO - Setting next_dagrun for example_dag_decorator to None, run_after=None
[2026-03-03T01:11:24.289+0000] {processor.py:178} INFO - Processing /home/airflow/.local/lib/python3.7/site-packages/airflow/example_dags/example_dag_decorator.py took 0.097 seconds
[2026-03-03T01:11:55.213+0000] {processor.py:156} INFO - Started process (PID=626) to work on /home/airflow/.local/lib/python3.7/site-packages/airflow/example_dags/example_dag_decorator.py
[2026-03-03T01:11:55.216+0000] {processor.py:799} INFO - Processing file /home/airflow/.local/lib/python3.7/site-packages/airflow/example_dags/example_dag_decorator.py for tasks to queue
[2026-03-03T01:11:55.218+0000] {logging_mixin.py:149} INFO - [2026-03-03T01:11:55.217+0000] {dagbag.py:541} INFO - Filling up the DagBag from /home/airflow/.local/lib/python3.7/site-packages/airflow/example_dags/example_dag_decorator.py
[2026-03-03T01:11:55.233+0000] {logging_mixin.py:149} INFO - [2026-03-03T01:11:55.232+0000] {taskmixin.py:211} WARNING - Dependency <Task(_PythonDecoratedOperator): prepare_email>, send_email already registered for DAG: example_dag_decorator
[2026-03-03T01:11:55.235+0000] {logging_mixin.py:149} INFO - [2026-03-03T01:11:55.235+0000] {taskmixin.py:211} WARNING - Dependency <Task(EmailOperator): send_email>, prepare_email already registered for DAG: example_dag_decorator
[2026-03-03T01:11:55.258+0000] {processor.py:809} INFO - DAG(s) dict_keys(['example_dag_decorator']) retrieved from /home/airflow/.local/lib/python3.7/site-packages/airflow/example_dags/example_dag_decorator.py
[2026-03-03T01:11:55.418+0000] {logging_mixin.py:149} INFO - [2026-03-03T01:11:55.417+0000] {dag.py:2726} INFO - Sync 1 DAGs
[2026-03-03T01:11:55.469+0000] {logging_mixin.py:149} INFO - [2026-03-03T01:11:55.469+0000] {dag.py:3490} INFO - Setting next_dagrun for example_dag_decorator to None, run_after=None
[2026-03-03T01:11:55.525+0000] {processor.py:178} INFO - Processing /home/airflow/.local/lib/python3.7/site-packages/airflow/example_dags/example_dag_decorator.py took 0.320 seconds
[2026-03-03T01:12:25.793+0000] {processor.py:156} INFO - Started process (PID=688) to work on /home/airflow/.local/lib/python3.7/site-packages/airflow/example_dags/example_dag_decorator.py
[2026-03-03T01:12:25.796+0000] {processor.py:799} INFO - Processing file /home/airflow/.local/lib/python3.7/site-packages/airflow/example_dags/example_dag_decorator.py for tasks to queue
[2026-03-03T01:12:25.797+0000] {logging_mixin.py:149} INFO - [2026-03-03T01:12:25.797+0000] {dagbag.py:541} INFO - Filling up the DagBag from /home/airflow/.local/lib/python3.7/site-packages/airflow/example_dags/example_dag_decorator.py
[2026-03-03T01:12:25.810+0000] {logging_mixin.py:149} INFO - [2026-03-03T01:12:25.810+0000] {taskmixin.py:211} WARNING - Dependency <Task(_PythonDecoratedOperator): prepare_email>, send_email already registered for DAG: example_dag_decorator
[2026-03-03T01:12:25.811+0000] {logging_mixin.py:149} INFO - [2026-03-03T01:12:25.810+0000] {taskmixin.py:211} WARNING - Dependency <Task(EmailOperator): send_email>, prepare_email already registered for DAG: example_dag_decorator
[2026-03-03T01:12:25.825+0000] {processor.py:809} INFO - DAG(s) dict_keys(['example_dag_decorator']) retrieved from /home/airflow/.local/lib/python3.7/site-packages/airflow/example_dags/example_dag_decorator.py
[2026-03-03T01:12:25.978+0000] {logging_mixin.py:149} INFO - [2026-03-03T01:12:25.977+0000] {dag.py:2726} INFO - Sync 1 DAGs
[2026-03-03T01:12:26.037+0000] {logging_mixin.py:149} INFO - [2026-03-03T01:12:26.037+0000] {dag.py:3490} INFO - Setting next_dagrun for example_dag_decorator to None, run_after=None
[2026-03-03T01:12:26.086+0000] {processor.py:178} INFO - Processing /home/airflow/.local/lib/python3.7/site-packages/airflow/example_dags/example_dag_decorator.py took 0.300 seconds
[2026-03-03T01:12:56.227+0000] {processor.py:156} INFO - Started process (PID=750) to work on /home/airflow/.local/lib/python3.7/site-packages/airflow/example_dags/example_dag_decorator.py
[2026-03-03T01:12:56.228+0000] {processor.py:799} INFO - Processing file /home/airflow/.local/lib/python3.7/site-packages/airflow/example_dags/example_dag_decorator.py for tasks to queue
[2026-03-03T01:12:56.229+0000] {logging_mixin.py:149} INFO - [2026-03-03T01:12:56.228+0000] {dagbag.py:541} INFO - Filling up the DagBag from /home/airflow/.local/lib/python3.7/site-packages/airflow/example_dags/example_dag_decorator.py
[2026-03-03T01:12:56.232+0000] {logging_mixin.py:149} INFO - [2026-03-03T01:12:56.231+0000] {taskmixin.py:211} WARNING - Dependency <Task(_PythonDecoratedOperator): prepare_email>, send_email already registered for DAG: example_dag_decorator
[2026-03-03T01:12:56.232+0000] {logging_mixin.py:149} INFO - [2026-03-03T01:12:56.232+0000] {taskmixin.py:211} WARNING - Dependency <Task(EmailOperator): send_email>, prepare_email already registered for DAG: example_dag_decorator
[2026-03-03T01:12:56.237+0000] {processor.py:809} INFO - DAG(s) dict_keys(['example_dag_decorator']) retrieved from /home/airflow/.local/lib/python3.7/site-packages/airflow/example_dags/example_dag_decorator.py
[2026-03-03T01:12:56.274+0000] {logging_mixin.py:149} INFO - [2026-03-03T01:12:56.274+0000] {dag.py:2726} INFO - Sync 1 DAGs
[2026-03-03T01:12:56.286+0000] {logging_mixin.py:149} INFO - [2026-03-03T01:12:56.285+0000] {dag.py:3490} INFO - Setting next_dagrun for example_dag_decorator to None, run_after=None
[2026-03-03T01:12:56.304+0000] {processor.py:178} INFO - Processing /home/airflow/.local/lib/python3.7/site-packages/airflow/example_dags/example_dag_decorator.py took 0.079 seconds
[2026-03-03T01:13:26.689+0000] {processor.py:156} INFO - Started process (PID=812) to work on /home/airflow/.local/lib/python3.7/site-packages/airflow/example_dags/example_dag_decorator.py
[2026-03-03T01:13:26.690+0000] {processor.py:799} INFO - Processing file /home/airflow/.local/lib/python3.7/site-packages/airflow/example_dags/example_dag_decorator.py for tasks to queue
[2026-03-03T01:13:26.690+0000] {logging_mixin.py:149} INFO - [2026-03-03T01:13:26.690+0000] {dagbag.py:541} INFO - Filling up the DagBag from /home/airflow/.local/lib/python3.7/site-packages/airflow/example_dags/example_dag_decorator.py
[2026-03-03T01:13:26.694+0000] {logging_mixin.py:149} INFO - [2026-03-03T01:13:26.694+0000] {taskmixin.py:211} WARNING - Dependency <Task(_PythonDecoratedOperator): prepare_email>, send_email already registered for DAG: example_dag_decorator
[2026-03-03T01:13:26.695+0000] {logging_mixin.py:149} INFO - [2026-03-03T01:13:26.695+0000] {taskmixin.py:211} WARNING - Dependency <Task(EmailOperator): send_email>, prepare_email already registered for DAG: example_dag_decorator
[2026-03-03T01:13:26.701+0000] {processor.py:809} INFO - DAG(s) dict_keys(['example_dag_decorator']) retrieved from /home/airflow/.local/lib/python3.7/site-packages/airflow/example_dags/example_dag_decorator.py
[2026-03-03T01:13:26.732+0000] {logging_mixin.py:149} INFO - [2026-03-03T01:13:26.731+0000] {dag.py:2726} INFO - Sync 1 DAGs
[2026-03-03T01:13:26.743+0000] {logging_mixin.py:149} INFO - [2026-03-03T01:13:26.742+0000] {dag.py:3490} INFO - Setting next_dagrun for example_dag_decorator to None, run_after=None
[2026-03-03T01:13:26.751+0000] {processor.py:178} INFO - Processing /home/airflow/.local/lib/python3.7/site-packages/airflow/example_dags/example_dag_decorator.py took 0.065 seconds
[2026-03-03T01:13:57.393+0000] {processor.py:156} INFO - Started process (PID=874) to work on /home/airflow/.local/lib/python3.7/site-packages/airflow/example_dags/example_dag_decorator.py
[2026-03-03T01:13:57.394+0000] {processor.py:799} INFO - Processing file /home/airflow/.local/lib/python3.7/site-packages/airflow/example_dags/example_dag_decorator.py for tasks to queue
[2026-03-03T01:13:57.395+0000] {logging_mixin.py:149} INFO - [2026-03-03T01:13:57.395+0000] {dagbag.py:541} INFO - Filling up the DagBag from /home/airflow/.local/lib/python3.7/site-packages/airflow/example_dags/example_dag_decorator.py
[2026-03-03T01:13:57.403+0000] {logging_mixin.py:149} INFO - [2026-03-03T01:13:57.403+0000] {taskmixin.py:211} WARNING - Dependency <Task(_PythonDecoratedOperator): prepare_email>, send_email already registered for DAG: example_dag_decorator
[2026-03-03T01:13:57.403+0000] {logging_mixin.py:149} INFO - [2026-03-03T01:13:57.403+0000] {taskmixin.py:211} WARNING - Dependency <Task(EmailOperator): send_email>, prepare_email already registered for DAG: example_dag_decorator
[2026-03-03T01:13:57.410+0000] {processor.py:809} INFO - DAG(s) dict_keys(['example_dag_decorator']) retrieved from /home/airflow/.local/lib/python3.7/site-packages/airflow/example_dags/example_dag_decorator.py
[2026-03-03T01:13:57.462+0000] {logging_mixin.py:149} INFO - [2026-03-03T01:13:57.462+0000] {dag.py:2726} INFO - Sync 1 DAGs
[2026-03-03T01:13:57.477+0000] {logging_mixin.py:149} INFO - [2026-03-03T01:13:57.477+0000] {dag.py:3490} INFO - Setting next_dagrun for example_dag_decorator to None, run_after=None
[2026-03-03T01:13:57.488+0000] {processor.py:178} INFO - Processing /home/airflow/.local/lib/python3.7/site-packages/airflow/example_dags/example_dag_decorator.py took 0.098 seconds
[2026-03-03T01:14:28.181+0000] {processor.py:156} INFO - Started process (PID=936) to work on /home/airflow/.local/lib/python3.7/site-packages/airflow/example_dags/example_dag_decorator.py
[2026-03-03T01:14:28.181+0000] {processor.py:799} INFO - Processing file /home/airflow/.local/lib/python3.7/site-packages/airflow/example_dags/example_dag_decorator.py for tasks to queue
[2026-03-03T01:14:28.182+0000] {logging_mixin.py:149} INFO - [2026-03-03T01:14:28.182+0000] {dagbag.py:541} INFO - Filling up the DagBag from /home/airflow/.local/lib/python3.7/site-packages/airflow/example_dags/example_dag_decorator.py
[2026-03-03T01:14:28.187+0000] {logging_mixin.py:149} INFO - [2026-03-03T01:14:28.187+0000] {taskmixin.py:211} WARNING - Dependency <Task(_PythonDecoratedOperator): prepare_email>, send_email already registered for DAG: example_dag_decorator
[2026-03-03T01:14:28.187+0000] {logging_mixin.py:149} INFO - [2026-03-03T01:14:28.187+0000] {taskmixin.py:211} WARNING - Dependency <Task(EmailOperator): send_email>, prepare_email already registered for DAG: example_dag_decorator
[2026-03-03T01:14:28.191+0000] {processor.py:809} INFO - DAG(s) dict_keys(['example_dag_decorator']) retrieved from /home/airflow/.local/lib/python3.7/site-packages/airflow/example_dags/example_dag_decorator.py
[2026-03-03T01:14:28.222+0000] {logging_mixin.py:149} INFO - [2026-03-03T01:14:28.222+0000] {dag.py:2726} INFO - Sync 1 DAGs
[2026-03-03T01:14:28.235+0000] {logging_mixin.py:149} INFO - [2026-03-03T01:14:28.235+0000] {dag.py:3490} INFO - Setting next_dagrun for example_dag_decorator to None, run_after=None
[2026-03-03T01:14:28.244+0000] {processor.py:178} INFO - Processing /home/airflow/.local/lib/python3.7/site-packages/airflow/example_dags/example_dag_decorator.py took 0.066 seconds
[2026-03-03T01:14:58.288+0000] {processor.py:156} INFO - Started process (PID=998) to work on /home/airflow/.local/lib/python3.7/site-packages/airflow/example_dags/example_dag_decorator.py
[2026-03-03T01:14:58.290+0000] {processor.py:799} INFO - Processing file /home/airflow/.local/lib/python3.7/site-packages/airflow/example_dags/example_dag_decorator.py for tasks to queue
[2026-03-03T01:14:58.291+0000] {logging_mixin.py:149} INFO - [2026-03-03T01:14:58.291+0000] {dagbag.py:541} INFO - Filling up the DagBag from /home/airflow/.local/lib/python3.7/site-packages/airflow/example_dags/example_dag_decorator.py
[2026-03-03T01:14:58.305+0000] {logging_mixin.py:149} INFO - [2026-03-03T01:14:58.305+0000] {taskmixin.py:211} WARNING - Dependency <Task(_PythonDecoratedOperator): prepare_email>, send_email already registered for DAG: example_dag_decorator
[2026-03-03T01:14:58.306+0000] {logging_mixin.py:149} INFO - [2026-03-03T01:14:58.306+0000] {taskmixin.py:211} WARNING - Dependency <Task(EmailOperator): send_email>, prepare_email already registered for DAG: example_dag_decorator
[2026-03-03T01:14:58.323+0000] {processor.py:809} INFO - DAG(s) dict_keys(['example_dag_decorator']) retrieved from /home/airflow/.local/lib/python3.7/site-packages/airflow/example_dags/example_dag_decorator.py
[2026-03-03T01:14:58.493+0000] {logging_mixin.py:149} INFO - [2026-03-03T01:14:58.492+0000] {dag.py:2726} INFO - Sync 1 DAGs
[2026-03-03T01:14:58.555+0000] {logging_mixin.py:149} INFO - [2026-03-03T01:14:58.555+0000] {dag.py:3490} INFO - Setting next_dagrun for example_dag_decorator to None, run_after=None
[2026-03-03T01:14:58.613+0000] {processor.py:178} INFO - Processing /home/airflow/.local/lib/python3.7/site-packages/airflow/example_dags/example_dag_decorator.py took 0.332 seconds
[2026-03-03T01:15:29.568+0000] {processor.py:156} INFO - Started process (PID=1060) to work on /home/airflow/.local/lib/python3.7/site-packages/airflow/example_dags/example_dag_decorator.py
[2026-03-03T01:15:29.569+0000] {processor.py:799} INFO - Processing file /home/airflow/.local/lib/python3.7/site-packages/airflow/example_dags/example_dag_decorator.py for tasks to queue
[2026-03-03T01:15:29.571+0000] {logging_mixin.py:149} INFO - [2026-03-03T01:15:29.571+0000] {dagbag.py:541} INFO - Filling up the DagBag from /home/airflow/.local/lib/python3.7/site-packages/airflow/example_dags/example_dag_decorator.py
[2026-03-03T01:15:29.577+0000] {logging_mixin.py:149} INFO - [2026-03-03T01:15:29.577+0000] {taskmixin.py:211} WARNING - Dependency <Task(_PythonDecoratedOperator): prepare_email>, send_email already registered for DAG: example_dag_decorator
[2026-03-03T01:15:29.577+0000] {logging_mixin.py:149} INFO - [2026-03-03T01:15:29.577+0000] {taskmixin.py:211} WARNING - Dependency <Task(EmailOperator): send_email>, prepare_email already registered for DAG: example_dag_decorator
[2026-03-03T01:15:29.586+0000] {processor.py:809} INFO - DAG(s) dict_keys(['example_dag_decorator']) retrieved from /home/airflow/.local/lib/python3.7/site-packages/airflow/example_dags/example_dag_decorator.py
[2026-03-03T01:15:29.625+0000] {logging_mixin.py:149} INFO - [2026-03-03T01:15:29.625+0000] {dag.py:2726} INFO - Sync 1 DAGs
[2026-03-03T01:15:29.637+0000] {logging_mixin.py:149} INFO - [2026-03-03T01:15:29.637+0000] {dag.py:3490} INFO - Setting next_dagrun for example_dag_decorator to None, run_after=None
[2026-03-03T01:15:29.647+0000] {processor.py:178} INFO - Processing /home/airflow/.local/lib/python3.7/site-packages/airflow/example_dags/example_dag_decorator.py took 0.084 seconds
[2026-03-03T01:16:00.358+0000] {processor.py:156} INFO - Started process (PID=1121) to work on /home/airflow/.local/lib/python3.7/site-packages/airflow/example_dags/example_dag_decorator.py
[2026-03-03T01:16:00.359+0000] {processor.py:799} INFO - Processing file /home/airflow/.local/lib/python3.7/site-packages/airflow/example_dags/example_dag_decorator.py for tasks to queue
[2026-03-03T01:16:00.359+0000] {logging_mixin.py:149} INFO - [2026-03-03T01:16:00.359+0000] {dagbag.py:541} INFO - Filling up the DagBag from /home/airflow/.local/lib/python3.7/site-packages/airflow/example_dags/example_dag_decorator.py
[2026-03-03T01:16:00.365+0000] {logging_mixin.py:149} INFO - [2026-03-03T01:16:00.365+0000] {taskmixin.py:211} WARNING - Dependency <Task(_PythonDecoratedOperator): prepare_email>, send_email already registered for DAG: example_dag_decorator
[2026-03-03T01:16:00.366+0000] {logging_mixin.py:149} INFO - [2026-03-03T01:16:00.366+0000] {taskmixin.py:211} WARNING - Dependency <Task(EmailOperator): send_email>, prepare_email already registered for DAG: example_dag_decorator
[2026-03-03T01:16:00.376+0000] {processor.py:809} INFO - DAG(s) dict_keys(['example_dag_decorator']) retrieved from /home/airflow/.local/lib/python3.7/site-packages/airflow/example_dags/example_dag_decorator.py
[2026-03-03T01:16:00.419+0000] {logging_mixin.py:149} INFO - [2026-03-03T01:16:00.419+0000] {dag.py:2726} INFO - Sync 1 DAGs
[2026-03-03T01:16:00.433+0000] {logging_mixin.py:149} INFO - [2026-03-03T01:16:00.433+0000] {dag.py:3490} INFO - Setting next_dagrun for example_dag_decorator to None, run_after=None
[2026-03-03T01:16:00.447+0000] {processor.py:178} INFO - Processing /home/airflow/.local/lib/python3.7/site-packages/airflow/example_dags/example_dag_decorator.py took 0.094 seconds
[2026-03-03T01:16:30.595+0000] {processor.py:156} INFO - Started process (PID=1183) to work on /home/airflow/.local/lib/python3.7/site-packages/airflow/example_dags/example_dag_decorator.py
[2026-03-03T01:16:30.597+0000] {processor.py:799} INFO - Processing file /home/airflow/.local/lib/python3.7/site-packages/airflow/example_dags/example_dag_decorator.py for tasks to queue
[2026-03-03T01:16:30.599+0000] {logging_mixin.py:149} INFO - [2026-03-03T01:16:30.599+0000] {dagbag.py:541} INFO - Filling up the DagBag from /home/airflow/.local/lib/python3.7/site-packages/airflow/example_dags/example_dag_decorator.py
[2026-03-03T01:16:30.614+0000] {logging_mixin.py:149} INFO - [2026-03-03T01:16:30.613+0000] {taskmixin.py:211} WARNING - Dependency <Task(_PythonDecoratedOperator): prepare_email>, send_email already registered for DAG: example_dag_decorator
[2026-03-03T01:16:30.615+0000] {logging_mixin.py:149} INFO - [2026-03-03T01:16:30.615+0000] {taskmixin.py:211} WARNING - Dependency <Task(EmailOperator): send_email>, prepare_email already registered for DAG: example_dag_decorator
[2026-03-03T01:16:30.632+0000] {processor.py:809} INFO - DAG(s) dict_keys(['example_dag_decorator']) retrieved from /home/airflow/.local/lib/python3.7/site-packages/airflow/example_dags/example_dag_decorator.py
[2026-03-03T01:16:30.803+0000] {logging_mixin.py:149} INFO - [2026-03-03T01:16:30.803+0000] {dag.py:2726} INFO - Sync 1 DAGs
[2026-03-03T01:16:30.860+0000] {logging_mixin.py:149} INFO - [2026-03-03T01:16:30.859+0000] {dag.py:3490} INFO - Setting next_dagrun for example_dag_decorator to None, run_after=None
[2026-03-03T01:16:30.918+0000] {processor.py:178} INFO - Processing /home/airflow/.local/lib/python3.7/site-packages/airflow/example_dags/example_dag_decorator.py took 0.328 seconds
[2026-03-03T01:17:01.056+0000] {processor.py:156} INFO - Started process (PID=1245) to work on /home/airflow/.local/lib/python3.7/site-packages/airflow/example_dags/example_dag_decorator.py
[2026-03-03T01:17:01.058+0000] {processor.py:799} INFO - Processing file /home/airflow/.local/lib/python3.7/site-packages/airflow/example_dags/example_dag_decorator.py for tasks to queue
[2026-03-03T01:17:01.059+0000] {logging_mixin.py:149} INFO - [2026-03-03T01:17:01.059+0000] {dagbag.py:541} INFO - Filling up the DagBag from /home/airflow/.local/lib/python3.7/site-packages/airflow/example_dags/example_dag_decorator.py
[2026-03-03T01:17:01.070+0000] {logging_mixin.py:149} INFO - [2026-03-03T01:17:01.070+0000] {taskmixin.py:211} WARNING - Dependency <Task(_PythonDecoratedOperator): prepare_email>, send_email already registered for DAG: example_dag_decorator
[2026-03-03T01:17:01.071+0000] {logging_mixin.py:149} INFO - [2026-03-03T01:17:01.071+0000] {taskmixin.py:211} WARNING - Dependency <Task(EmailOperator): send_email>, prepare_email already registered for DAG: example_dag_decorator
[2026-03-03T01:17:01.084+0000] {processor.py:809} INFO - DAG(s) dict_keys(['example_dag_decorator']) retrieved from /home/airflow/.local/lib/python3.7/site-packages/airflow/example_dags/example_dag_decorator.py
[2026-03-03T01:17:01.217+0000] {logging_mixin.py:149} INFO - [2026-03-03T01:17:01.217+0000] {dag.py:2726} INFO - Sync 1 DAGs
[2026-03-03T01:17:01.261+0000] {logging_mixin.py:149} INFO - [2026-03-03T01:17:01.261+0000] {dag.py:3490} INFO - Setting next_dagrun for example_dag_decorator to None, run_after=None
[2026-03-03T01:17:01.299+0000] {processor.py:178} INFO - Processing /home/airflow/.local/lib/python3.7/site-packages/airflow/example_dags/example_dag_decorator.py took 0.247 seconds
[2026-03-03T01:17:31.928+0000] {processor.py:156} INFO - Started process (PID=1306) to work on /home/airflow/.local/lib/python3.7/site-packages/airflow/example_dags/example_dag_decorator.py
[2026-03-03T01:17:31.928+0000] {processor.py:799} INFO - Processing file /home/airflow/.local/lib/python3.7/site-packages/airflow/example_dags/example_dag_decorator.py for tasks to queue
[2026-03-03T01:17:31.928+0000] {logging_mixin.py:149} INFO - [2026-03-03T01:17:31.928+0000] {dagbag.py:541} INFO - Filling up the DagBag from /home/airflow/.local/lib/python3.7/site-packages/airflow/example_dags/example_dag_decorator.py
[2026-03-03T01:17:31.932+0000] {logging_mixin.py:149} INFO - [2026-03-03T01:17:31.932+0000] {taskmixin.py:211} WARNING - Dependency <Task(_PythonDecoratedOperator): prepare_email>, send_email already registered for DAG: example_dag_decorator
[2026-03-03T01:17:31.932+0000] {logging_mixin.py:149} INFO - [2026-03-03T01:17:31.932+0000] {taskmixin.py:211} WARNING - Dependency <Task(EmailOperator): send_email>, prepare_email already registered for DAG: example_dag_decorator
[2026-03-03T01:17:31.936+0000] {processor.py:809} INFO - DAG(s) dict_keys(['example_dag_decorator']) retrieved from /home/airflow/.local/lib/python3.7/site-packages/airflow/example_dags/example_dag_decorator.py
[2026-03-03T01:17:31.966+0000] {logging_mixin.py:149} INFO - [2026-03-03T01:17:31.966+0000] {dag.py:2726} INFO - Sync 1 DAGs
[2026-03-03T01:17:31.977+0000] {logging_mixin.py:149} INFO - [2026-03-03T01:17:31.977+0000] {dag.py:3490} INFO - Setting next_dagrun for example_dag_decorator to None, run_after=None
[2026-03-03T01:17:31.984+0000] {processor.py:178} INFO - Processing /home/airflow/.local/lib/python3.7/site-packages/airflow/example_dags/example_dag_decorator.py took 0.058 seconds
[2026-03-03T01:18:02.910+0000] {processor.py:156} INFO - Started process (PID=1368) to work on /home/airflow/.local/lib/python3.7/site-packages/airflow/example_dags/example_dag_decorator.py
[2026-03-03T01:18:02.911+0000] {processor.py:799} INFO - Processing file /home/airflow/.local/lib/python3.7/site-packages/airflow/example_dags/example_dag_decorator.py for tasks to queue
[2026-03-03T01:18:02.911+0000] {logging_mixin.py:149} INFO - [2026-03-03T01:18:02.911+0000] {dagbag.py:541} INFO - Filling up the DagBag from /home/airflow/.local/lib/python3.7/site-packages/airflow/example_dags/example_dag_decorator.py
[2026-03-03T01:18:02.915+0000] {logging_mixin.py:149} INFO - [2026-03-03T01:18:02.915+0000] {taskmixin.py:211} WARNING - Dependency <Task(_PythonDecoratedOperator): prepare_email>, send_email already registered for DAG: example_dag_decorator
[2026-03-03T01:18:02.915+0000] {logging_mixin.py:149} INFO - [2026-03-03T01:18:02.915+0000] {taskmixin.py:211} WARNING - Dependency <Task(EmailOperator): send_email>, prepare_email already registered for DAG: example_dag_decorator
[2026-03-03T01:18:02.920+0000] {processor.py:809} INFO - DAG(s) dict_keys(['example_dag_decorator']) retrieved from /home/airflow/.local/lib/python3.7/site-packages/airflow/example_dags/example_dag_decorator.py
[2026-03-03T01:18:02.954+0000] {logging_mixin.py:149} INFO - [2026-03-03T01:18:02.954+0000] {dag.py:2726} INFO - Sync 1 DAGs
[2026-03-03T01:18:02.966+0000] {logging_mixin.py:149} INFO - [2026-03-03T01:18:02.966+0000] {dag.py:3490} INFO - Setting next_dagrun for example_dag_decorator to None, run_after=None
[2026-03-03T01:18:02.978+0000] {processor.py:178} INFO - Processing /home/airflow/.local/lib/python3.7/site-packages/airflow/example_dags/example_dag_decorator.py took 0.069 seconds
[2026-03-03T01:18:33.536+0000] {processor.py:156} INFO - Started process (PID=1430) to work on /home/airflow/.local/lib/python3.7/site-packages/airflow/example_dags/example_dag_decorator.py
[2026-03-03T01:18:33.538+0000] {processor.py:799} INFO - Processing file /home/airflow/.local/lib/python3.7/site-packages/airflow/example_dags/example_dag_decorator.py for tasks to queue
[2026-03-03T01:18:33.540+0000] {logging_mixin.py:149} INFO - [2026-03-03T01:18:33.539+0000] {dagbag.py:541} INFO - Filling up the DagBag from /home/airflow/.local/lib/python3.7/site-packages/airflow/example_dags/example_dag_decorator.py
[2026-03-03T01:18:33.554+0000] {logging_mixin.py:149} INFO - [2026-03-03T01:18:33.554+0000] {taskmixin.py:211} WARNING - Dependency <Task(_PythonDecoratedOperator): prepare_email>, send_email already registered for DAG: example_dag_decorator
[2026-03-03T01:18:33.555+0000] {logging_mixin.py:149} INFO - [2026-03-03T01:18:33.555+0000] {taskmixin.py:211} WARNING - Dependency <Task(EmailOperator): send_email>, prepare_email already registered for DAG: example_dag_decorator
[2026-03-03T01:18:33.572+0000] {processor.py:809} INFO - DAG(s) dict_keys(['example_dag_decorator']) retrieved from /home/airflow/.local/lib/python3.7/site-packages/airflow/example_dags/example_dag_decorator.py
[2026-03-03T01:18:33.734+0000] {logging_mixin.py:149} INFO - [2026-03-03T01:18:33.733+0000] {dag.py:2726} INFO - Sync 1 DAGs
[2026-03-03T01:18:33.794+0000] {logging_mixin.py:149} INFO - [2026-03-03T01:18:33.793+0000] {dag.py:3490} INFO - Setting next_dagrun for example_dag_decorator to None, run_after=None
[2026-03-03T01:18:33.849+0000] {processor.py:178} INFO - Processing /home/airflow/.local/lib/python3.7/site-packages/airflow/example_dags/example_dag_decorator.py took 0.320 seconds
[2026-03-03T01:19:03.963+0000] {processor.py:156} INFO - Started process (PID=1492) to work on /home/airflow/.local/lib/python3.7/site-packages/airflow/example_dags/example_dag_decorator.py
[2026-03-03T01:19:03.965+0000] {processor.py:799} INFO - Processing file /home/airflow/.local/lib/python3.7/site-packages/airflow/example_dags/example_dag_decorator.py for tasks to queue
[2026-03-03T01:19:03.967+0000] {logging_mixin.py:149} INFO - [2026-03-03T01:19:03.967+0000] {dagbag.py:541} INFO - Filling up the DagBag from /home/airflow/.local/lib/python3.7/site-packages/airflow/example_dags/example_dag_decorator.py
[2026-03-03T01:19:03.980+0000] {logging_mixin.py:149} INFO - [2026-03-03T01:19:03.980+0000] {taskmixin.py:211} WARNING - Dependency <Task(_PythonDecoratedOperator): prepare_email>, send_email already registered for DAG: example_dag_decorator
[2026-03-03T01:19:03.981+0000] {logging_mixin.py:149} INFO - [2026-03-03T01:19:03.981+0000] {taskmixin.py:211} WARNING - Dependency <Task(EmailOperator): send_email>, prepare_email already registered for DAG: example_dag_decorator
[2026-03-03T01:19:03.996+0000] {processor.py:809} INFO - DAG(s) dict_keys(['example_dag_decorator']) retrieved from /home/airflow/.local/lib/python3.7/site-packages/airflow/example_dags/example_dag_decorator.py
[2026-03-03T01:19:04.129+0000] {logging_mixin.py:149} INFO - [2026-03-03T01:19:04.128+0000] {dag.py:2726} INFO - Sync 1 DAGs
[2026-03-03T01:19:04.185+0000] {logging_mixin.py:149} INFO - [2026-03-03T01:19:04.185+0000] {dag.py:3490} INFO - Setting next_dagrun for example_dag_decorator to None, run_after=None
[2026-03-03T01:19:04.234+0000] {processor.py:178} INFO - Processing /home/airflow/.local/lib/python3.7/site-packages/airflow/example_dags/example_dag_decorator.py took 0.278 seconds
[2026-03-03T01:19:35.242+0000] {processor.py:156} INFO - Started process (PID=1554) to work on /home/airflow/.local/lib/python3.7/site-packages/airflow/example_dags/example_dag_decorator.py
[2026-03-03T01:19:35.244+0000] {processor.py:799} INFO - Processing file /home/airflow/.local/lib/python3.7/site-packages/airflow/example_dags/example_dag_decorator.py for tasks to queue
[2026-03-03T01:19:35.245+0000] {logging_mixin.py:149} INFO - [2026-03-03T01:19:35.245+0000] {dagbag.py:541} INFO - Filling up the DagBag from /home/airflow/.local/lib/python3.7/site-packages/airflow/example_dags/example_dag_decorator.py
[2026-03-03T01:19:35.251+0000] {logging_mixin.py:149} INFO - [2026-03-03T01:19:35.251+0000] {taskmixin.py:211} WARNING - Dependency <Task(_PythonDecoratedOperator): prepare_email>, send_email already registered for DAG: example_dag_decorator
[2026-03-03T01:19:35.252+0000] {logging_mixin.py:149} INFO - [2026-03-03T01:19:35.252+0000] {taskmixin.py:211} WARNING - Dependency <Task(EmailOperator): send_email>, prepare_email already registered for DAG: example_dag_decorator
[2026-03-03T01:19:35.257+0000] {processor.py:809} INFO - DAG(s) dict_keys(['example_dag_decorator']) retrieved from /home/airflow/.local/lib/python3.7/site-packages/airflow/example_dags/example_dag_decorator.py
[2026-03-03T01:19:35.293+0000] {logging_mixin.py:149} INFO - [2026-03-03T01:19:35.292+0000] {dag.py:2726} INFO - Sync 1 DAGs
[2026-03-03T01:19:35.308+0000] {logging_mixin.py:149} INFO - [2026-03-03T01:19:35.308+0000] {dag.py:3490} INFO - Setting next_dagrun for example_dag_decorator to None, run_after=None
[2026-03-03T01:19:35.319+0000] {processor.py:178} INFO - Processing /home/airflow/.local/lib/python3.7/site-packages/airflow/example_dags/example_dag_decorator.py took 0.080 seconds
[2026-03-03T01:20:05.921+0000] {processor.py:156} INFO - Started process (PID=1616) to work on /home/airflow/.local/lib/python3.7/site-packages/airflow/example_dags/example_dag_decorator.py
[2026-03-03T01:20:05.922+0000] {processor.py:799} INFO - Processing file /home/airflow/.local/lib/python3.7/site-packages/airflow/example_dags/example_dag_decorator.py for tasks to queue
[2026-03-03T01:20:05.922+0000] {logging_mixin.py:149} INFO - [2026-03-03T01:20:05.922+0000] {dagbag.py:541} INFO - Filling up the DagBag from /home/airflow/.local/lib/python3.7/site-packages/airflow/example_dags/example_dag_decorator.py
[2026-03-03T01:20:05.927+0000] {logging_mixin.py:149} INFO - [2026-03-03T01:20:05.927+0000] {taskmixin.py:211} WARNING - Dependency <Task(_PythonDecoratedOperator): prepare_email>, send_email already registered for DAG: example_dag_decorator
[2026-03-03T01:20:05.927+0000] {logging_mixin.py:149} INFO - [2026-03-03T01:20:05.927+0000] {taskmixin.py:211} WARNING - Dependency <Task(EmailOperator): send_email>, prepare_email already registered for DAG: example_dag_decorator
[2026-03-03T01:20:05.934+0000] {processor.py:809} INFO - DAG(s) dict_keys(['example_dag_decorator']) retrieved from /home/airflow/.local/lib/python3.7/site-packages/airflow/example_dags/example_dag_decorator.py
[2026-03-03T01:20:05.970+0000] {logging_mixin.py:149} INFO - [2026-03-03T01:20:05.970+0000] {dag.py:2726} INFO - Sync 1 DAGs
[2026-03-03T01:20:05.985+0000] {logging_mixin.py:149} INFO - [2026-03-03T01:20:05.984+0000] {dag.py:3490} INFO - Setting next_dagrun for example_dag_decorator to None, run_after=None
[2026-03-03T01:20:05.996+0000] {processor.py:178} INFO - Processing /home/airflow/.local/lib/python3.7/site-packages/airflow/example_dags/example_dag_decorator.py took 0.080 seconds
[2026-03-03T01:20:36.634+0000] {processor.py:156} INFO - Started process (PID=1678) to work on /home/airflow/.local/lib/python3.7/site-packages/airflow/example_dags/example_dag_decorator.py
[2026-03-03T01:20:36.635+0000] {processor.py:799} INFO - Processing file /home/airflow/.local/lib/python3.7/site-packages/airflow/example_dags/example_dag_decorator.py for tasks to queue
[2026-03-03T01:20:36.636+0000] {logging_mixin.py:149} INFO - [2026-03-03T01:20:36.636+0000] {dagbag.py:541} INFO - Filling up the DagBag from /home/airflow/.local/lib/python3.7/site-packages/airflow/example_dags/example_dag_decorator.py
[2026-03-03T01:20:36.641+0000] {logging_mixin.py:149} INFO - [2026-03-03T01:20:36.641+0000] {taskmixin.py:211} WARNING - Dependency <Task(_PythonDecoratedOperator): prepare_email>, send_email already registered for DAG: example_dag_decorator
[2026-03-03T01:20:36.641+0000] {logging_mixin.py:149} INFO - [2026-03-03T01:20:36.641+0000] {taskmixin.py:211} WARNING - Dependency <Task(EmailOperator): send_email>, prepare_email already registered for DAG: example_dag_decorator
[2026-03-03T01:20:36.646+0000] {processor.py:809} INFO - DAG(s) dict_keys(['example_dag_decorator']) retrieved from /home/airflow/.local/lib/python3.7/site-packages/airflow/example_dags/example_dag_decorator.py
[2026-03-03T01:20:36.686+0000] {logging_mixin.py:149} INFO - [2026-03-03T01:20:36.686+0000] {dag.py:2726} INFO - Sync 1 DAGs
[2026-03-03T01:20:36.701+0000] {logging_mixin.py:149} INFO - [2026-03-03T01:20:36.701+0000] {dag.py:3490} INFO - Setting next_dagrun for example_dag_decorator to None, run_after=None
[2026-03-03T01:20:36.713+0000] {processor.py:178} INFO - Processing /home/airflow/.local/lib/python3.7/site-packages/airflow/example_dags/example_dag_decorator.py took 0.083 seconds
[2026-03-03T01:21:07.236+0000] {processor.py:156} INFO - Started process (PID=1740) to work on /home/airflow/.local/lib/python3.7/site-packages/airflow/example_dags/example_dag_decorator.py
[2026-03-03T01:21:07.238+0000] {processor.py:799} INFO - Processing file /home/airflow/.local/lib/python3.7/site-packages/airflow/example_dags/example_dag_decorator.py for tasks to queue
[2026-03-03T01:21:07.238+0000] {logging_mixin.py:149} INFO - [2026-03-03T01:21:07.238+0000] {dagbag.py:541} INFO - Filling up the DagBag from /home/airflow/.local/lib/python3.7/site-packages/airflow/example_dags/example_dag_decorator.py
[2026-03-03T01:21:07.243+0000] {logging_mixin.py:149} INFO - [2026-03-03T01:21:07.243+0000] {taskmixin.py:211} WARNING - Dependency <Task(_PythonDecoratedOperator): prepare_email>, send_email already registered for DAG: example_dag_decorator
[2026-03-03T01:21:07.243+0000] {logging_mixin.py:149} INFO - [2026-03-03T01:21:07.243+0000] {taskmixin.py:211} WARNING - Dependency <Task(EmailOperator): send_email>, prepare_email already registered for DAG: example_dag_decorator
[2026-03-03T01:21:07.249+0000] {processor.py:809} INFO - DAG(s) dict_keys(['example_dag_decorator']) retrieved from /home/airflow/.local/lib/python3.7/site-packages/airflow/example_dags/example_dag_decorator.py
[2026-03-03T01:21:07.287+0000] {logging_mixin.py:149} INFO - [2026-03-03T01:21:07.287+0000] {dag.py:2726} INFO - Sync 1 DAGs
[2026-03-03T01:21:07.300+0000] {logging_mixin.py:149} INFO - [2026-03-03T01:21:07.299+0000] {dag.py:3490} INFO - Setting next_dagrun for example_dag_decorator to None, run_after=None
[2026-03-03T01:21:07.334+0000] {processor.py:178} INFO - Processing /home/airflow/.local/lib/python3.7/site-packages/airflow/example_dags/example_dag_decorator.py took 0.103 seconds
[2026-03-03T01:21:37.962+0000] {processor.py:156} INFO - Started process (PID=1802) to work on /home/airflow/.local/lib/python3.7/site-packages/airflow/example_dags/example_dag_decorator.py
[2026-03-03T01:21:37.963+0000] {processor.py:799} INFO - Processing file /home/airflow/.local/lib/python3.7/site-packages/airflow/example_dags/example_dag_decorator.py for tasks to queue
[2026-03-03T01:21:37.964+0000] {logging_mixin.py:149} INFO - [2026-03-03T01:21:37.964+0000] {dagbag.py:541} INFO - Filling up the DagBag from /home/airflow/.local/lib/python3.7/site-packages/airflow/example_dags/example_dag_decorator.py
[2026-03-03T01:21:37.970+0000] {logging_mixin.py:149} INFO - [2026-03-03T01:21:37.970+0000] {taskmixin.py:211} WARNING - Dependency <Task(_PythonDecoratedOperator): prepare_email>, send_email already registered for DAG: example_dag_decorator
[2026-03-03T01:21:37.970+0000] {logging_mixin.py:149} INFO - [2026-03-03T01:21:37.970+0000] {taskmixin.py:211} WARNING - Dependency <Task(EmailOperator): send_email>, prepare_email already registered for DAG: example_dag_decorator
[2026-03-03T01:21:37.976+0000] {processor.py:809} INFO - DAG(s) dict_keys(['example_dag_decorator']) retrieved from /home/airflow/.local/lib/python3.7/site-packages/airflow/example_dags/example_dag_decorator.py
[2026-03-03T01:21:38.011+0000] {logging_mixin.py:149} INFO - [2026-03-03T01:21:38.011+0000] {dag.py:2726} INFO - Sync 1 DAGs
[2026-03-03T01:21:38.026+0000] {logging_mixin.py:149} INFO - [2026-03-03T01:21:38.026+0000] {dag.py:3490} INFO - Setting next_dagrun for example_dag_decorator to None, run_after=None
[2026-03-03T01:21:42.789+0000] {processor.py:178} INFO - Processing /home/airflow/.local/lib/python3.7/site-packages/airflow/example_dags/example_dag_decorator.py took 4.830 seconds
[2026-03-03T01:22:13.392+0000] {processor.py:156} INFO - Started process (PID=1883) to work on /home/airflow/.local/lib/python3.7/site-packages/airflow/example_dags/example_dag_decorator.py
[2026-03-03T01:22:13.395+0000] {processor.py:799} INFO - Processing file /home/airflow/.local/lib/python3.7/site-packages/airflow/example_dags/example_dag_decorator.py for tasks to queue
[2026-03-03T01:22:13.396+0000] {logging_mixin.py:149} INFO - [2026-03-03T01:22:13.396+0000] {dagbag.py:541} INFO - Filling up the DagBag from /home/airflow/.local/lib/python3.7/site-packages/airflow/example_dags/example_dag_decorator.py
[2026-03-03T01:22:13.412+0000] {logging_mixin.py:149} INFO - [2026-03-03T01:22:13.411+0000] {taskmixin.py:211} WARNING - Dependency <Task(_PythonDecoratedOperator): prepare_email>, send_email already registered for DAG: example_dag_decorator
[2026-03-03T01:22:13.413+0000] {logging_mixin.py:149} INFO - [2026-03-03T01:22:13.413+0000] {taskmixin.py:211} WARNING - Dependency <Task(EmailOperator): send_email>, prepare_email already registered for DAG: example_dag_decorator
[2026-03-03T01:22:13.431+0000] {processor.py:809} INFO - DAG(s) dict_keys(['example_dag_decorator']) retrieved from /home/airflow/.local/lib/python3.7/site-packages/airflow/example_dags/example_dag_decorator.py
[2026-03-03T01:22:13.600+0000] {logging_mixin.py:149} INFO - [2026-03-03T01:22:13.600+0000] {dag.py:2726} INFO - Sync 1 DAGs
[2026-03-03T01:22:13.659+0000] {logging_mixin.py:149} INFO - [2026-03-03T01:22:13.658+0000] {dag.py:3490} INFO - Setting next_dagrun for example_dag_decorator to None, run_after=None
[2026-03-03T01:22:13.719+0000] {processor.py:178} INFO - Processing /home/airflow/.local/lib/python3.7/site-packages/airflow/example_dags/example_dag_decorator.py took 0.334 seconds
[2026-03-03T01:22:44.055+0000] {processor.py:156} INFO - Started process (PID=1945) to work on /home/airflow/.local/lib/python3.7/site-packages/airflow/example_dags/example_dag_decorator.py
[2026-03-03T01:22:44.057+0000] {processor.py:799} INFO - Processing file /home/airflow/.local/lib/python3.7/site-packages/airflow/example_dags/example_dag_decorator.py for tasks to queue
[2026-03-03T01:22:44.060+0000] {logging_mixin.py:149} INFO - [2026-03-03T01:22:44.059+0000] {dagbag.py:541} INFO - Filling up the DagBag from /home/airflow/.local/lib/python3.7/site-packages/airflow/example_dags/example_dag_decorator.py
[2026-03-03T01:22:44.065+0000] {logging_mixin.py:149} INFO - [2026-03-03T01:22:44.065+0000] {taskmixin.py:211} WARNING - Dependency <Task(_PythonDecoratedOperator): prepare_email>, send_email already registered for DAG: example_dag_decorator
[2026-03-03T01:22:44.066+0000] {logging_mixin.py:149} INFO - [2026-03-03T01:22:44.066+0000] {taskmixin.py:211} WARNING - Dependency <Task(EmailOperator): send_email>, prepare_email already registered for DAG: example_dag_decorator
[2026-03-03T01:22:44.072+0000] {processor.py:809} INFO - DAG(s) dict_keys(['example_dag_decorator']) retrieved from /home/airflow/.local/lib/python3.7/site-packages/airflow/example_dags/example_dag_decorator.py
[2026-03-03T01:22:44.129+0000] {logging_mixin.py:149} INFO - [2026-03-03T01:22:44.129+0000] {dag.py:2726} INFO - Sync 1 DAGs
[2026-03-03T01:22:44.143+0000] {logging_mixin.py:149} INFO - [2026-03-03T01:22:44.142+0000] {dag.py:3490} INFO - Setting next_dagrun for example_dag_decorator to None, run_after=None
[2026-03-03T01:22:44.155+0000] {processor.py:178} INFO - Processing /home/airflow/.local/lib/python3.7/site-packages/airflow/example_dags/example_dag_decorator.py took 0.104 seconds
[2026-03-03T01:23:14.523+0000] {processor.py:156} INFO - Started process (PID=2007) to work on /home/airflow/.local/lib/python3.7/site-packages/airflow/example_dags/example_dag_decorator.py
[2026-03-03T01:23:14.527+0000] {processor.py:799} INFO - Processing file /home/airflow/.local/lib/python3.7/site-packages/airflow/example_dags/example_dag_decorator.py for tasks to queue
[2026-03-03T01:23:14.529+0000] {logging_mixin.py:149} INFO - [2026-03-03T01:23:14.528+0000] {dagbag.py:541} INFO - Filling up the DagBag from /home/airflow/.local/lib/python3.7/site-packages/airflow/example_dags/example_dag_decorator.py
[2026-03-03T01:23:14.545+0000] {logging_mixin.py:149} INFO - [2026-03-03T01:23:14.545+0000] {taskmixin.py:211} WARNING - Dependency <Task(_PythonDecoratedOperator): prepare_email>, send_email already registered for DAG: example_dag_decorator
[2026-03-03T01:23:14.546+0000] {logging_mixin.py:149} INFO - [2026-03-03T01:23:14.546+0000] {taskmixin.py:211} WARNING - Dependency <Task(EmailOperator): send_email>, prepare_email already registered for DAG: example_dag_decorator
[2026-03-03T01:23:14.566+0000] {processor.py:809} INFO - DAG(s) dict_keys(['example_dag_decorator']) retrieved from /home/airflow/.local/lib/python3.7/site-packages/airflow/example_dags/example_dag_decorator.py
[2026-03-03T01:23:14.746+0000] {logging_mixin.py:149} INFO - [2026-03-03T01:23:14.746+0000] {dag.py:2726} INFO - Sync 1 DAGs
[2026-03-03T01:23:14.810+0000] {logging_mixin.py:149} INFO - [2026-03-03T01:23:14.810+0000] {dag.py:3490} INFO - Setting next_dagrun for example_dag_decorator to None, run_after=None
[2026-03-03T01:23:14.874+0000] {processor.py:178} INFO - Processing /home/airflow/.local/lib/python3.7/site-packages/airflow/example_dags/example_dag_decorator.py took 0.360 seconds
[2026-03-03T01:23:45.823+0000] {processor.py:156} INFO - Started process (PID=2069) to work on /home/airflow/.local/lib/python3.7/site-packages/airflow/example_dags/example_dag_decorator.py
[2026-03-03T01:23:45.826+0000] {processor.py:799} INFO - Processing file /home/airflow/.local/lib/python3.7/site-packages/airflow/example_dags/example_dag_decorator.py for tasks to queue
[2026-03-03T01:23:45.828+0000] {logging_mixin.py:149} INFO - [2026-03-03T01:23:45.828+0000] {dagbag.py:541} INFO - Filling up the DagBag from /home/airflow/.local/lib/python3.7/site-packages/airflow/example_dags/example_dag_decorator.py
[2026-03-03T01:23:45.842+0000] {logging_mixin.py:149} INFO - [2026-03-03T01:23:45.842+0000] {taskmixin.py:211} WARNING - Dependency <Task(_PythonDecoratedOperator): prepare_email>, send_email already registered for DAG: example_dag_decorator
[2026-03-03T01:23:45.843+0000] {logging_mixin.py:149} INFO - [2026-03-03T01:23:45.843+0000] {taskmixin.py:211} WARNING - Dependency <Task(EmailOperator): send_email>, prepare_email already registered for DAG: example_dag_decorator
[2026-03-03T01:23:45.863+0000] {processor.py:809} INFO - DAG(s) dict_keys(['example_dag_decorator']) retrieved from /home/airflow/.local/lib/python3.7/site-packages/airflow/example_dags/example_dag_decorator.py
[2026-03-03T01:23:46.026+0000] {logging_mixin.py:149} INFO - [2026-03-03T01:23:46.025+0000] {dag.py:2726} INFO - Sync 1 DAGs
[2026-03-03T01:23:46.084+0000] {logging_mixin.py:149} INFO - [2026-03-03T01:23:46.084+0000] {dag.py:3490} INFO - Setting next_dagrun for example_dag_decorator to None, run_after=None
[2026-03-03T01:23:46.141+0000] {processor.py:178} INFO - Processing /home/airflow/.local/lib/python3.7/site-packages/airflow/example_dags/example_dag_decorator.py took 0.325 seconds
[2026-03-03T01:24:16.684+0000] {processor.py:156} INFO - Started process (PID=2131) to work on /home/airflow/.local/lib/python3.7/site-packages/airflow/example_dags/example_dag_decorator.py
[2026-03-03T01:24:16.686+0000] {processor.py:799} INFO - Processing file /home/airflow/.local/lib/python3.7/site-packages/airflow/example_dags/example_dag_decorator.py for tasks to queue
[2026-03-03T01:24:16.687+0000] {logging_mixin.py:149} INFO - [2026-03-03T01:24:16.687+0000] {dagbag.py:541} INFO - Filling up the DagBag from /home/airflow/.local/lib/python3.7/site-packages/airflow/example_dags/example_dag_decorator.py
[2026-03-03T01:24:16.692+0000] {logging_mixin.py:149} INFO - [2026-03-03T01:24:16.692+0000] {taskmixin.py:211} WARNING - Dependency <Task(_PythonDecoratedOperator): prepare_email>, send_email already registered for DAG: example_dag_decorator
[2026-03-03T01:24:16.693+0000] {logging_mixin.py:149} INFO - [2026-03-03T01:24:16.693+0000] {taskmixin.py:211} WARNING - Dependency <Task(EmailOperator): send_email>, prepare_email already registered for DAG: example_dag_decorator
[2026-03-03T01:24:16.699+0000] {processor.py:809} INFO - DAG(s) dict_keys(['example_dag_decorator']) retrieved from /home/airflow/.local/lib/python3.7/site-packages/airflow/example_dags/example_dag_decorator.py
[2026-03-03T01:24:16.738+0000] {logging_mixin.py:149} INFO - [2026-03-03T01:24:16.738+0000] {dag.py:2726} INFO - Sync 1 DAGs
[2026-03-03T01:24:16.749+0000] {logging_mixin.py:149} INFO - [2026-03-03T01:24:16.749+0000] {dag.py:3490} INFO - Setting next_dagrun for example_dag_decorator to None, run_after=None
[2026-03-03T01:24:16.758+0000] {processor.py:178} INFO - Processing /home/airflow/.local/lib/python3.7/site-packages/airflow/example_dags/example_dag_decorator.py took 0.079 seconds
[2026-03-03T01:24:47.599+0000] {processor.py:156} INFO - Started process (PID=2193) to work on /home/airflow/.local/lib/python3.7/site-packages/airflow/example_dags/example_dag_decorator.py
[2026-03-03T01:24:47.600+0000] {processor.py:799} INFO - Processing file /home/airflow/.local/lib/python3.7/site-packages/airflow/example_dags/example_dag_decorator.py for tasks to queue
[2026-03-03T01:24:47.601+0000] {logging_mixin.py:149} INFO - [2026-03-03T01:24:47.601+0000] {dagbag.py:541} INFO - Filling up the DagBag from /home/airflow/.local/lib/python3.7/site-packages/airflow/example_dags/example_dag_decorator.py
[2026-03-03T01:24:47.607+0000] {logging_mixin.py:149} INFO - [2026-03-03T01:24:47.607+0000] {taskmixin.py:211} WARNING - Dependency <Task(_PythonDecoratedOperator): prepare_email>, send_email already registered for DAG: example_dag_decorator
[2026-03-03T01:24:47.608+0000] {logging_mixin.py:149} INFO - [2026-03-03T01:24:47.608+0000] {taskmixin.py:211} WARNING - Dependency <Task(EmailOperator): send_email>, prepare_email already registered for DAG: example_dag_decorator
[2026-03-03T01:24:47.615+0000] {processor.py:809} INFO - DAG(s) dict_keys(['example_dag_decorator']) retrieved from /home/airflow/.local/lib/python3.7/site-packages/airflow/example_dags/example_dag_decorator.py
[2026-03-03T01:24:47.653+0000] {logging_mixin.py:149} INFO - [2026-03-03T01:24:47.653+0000] {dag.py:2726} INFO - Sync 1 DAGs
[2026-03-03T01:24:47.664+0000] {logging_mixin.py:149} INFO - [2026-03-03T01:24:47.664+0000] {dag.py:3490} INFO - Setting next_dagrun for example_dag_decorator to None, run_after=None
[2026-03-03T01:24:47.673+0000] {processor.py:178} INFO - Processing /home/airflow/.local/lib/python3.7/site-packages/airflow/example_dags/example_dag_decorator.py took 0.078 seconds
[2026-03-03T01:25:18.407+0000] {processor.py:156} INFO - Started process (PID=2255) to work on /home/airflow/.local/lib/python3.7/site-packages/airflow/example_dags/example_dag_decorator.py
[2026-03-03T01:25:18.408+0000] {processor.py:799} INFO - Processing file /home/airflow/.local/lib/python3.7/site-packages/airflow/example_dags/example_dag_decorator.py for tasks to queue
[2026-03-03T01:25:18.409+0000] {logging_mixin.py:149} INFO - [2026-03-03T01:25:18.409+0000] {dagbag.py:541} INFO - Filling up the DagBag from /home/airflow/.local/lib/python3.7/site-packages/airflow/example_dags/example_dag_decorator.py
[2026-03-03T01:25:18.417+0000] {logging_mixin.py:149} INFO - [2026-03-03T01:25:18.416+0000] {taskmixin.py:211} WARNING - Dependency <Task(_PythonDecoratedOperator): prepare_email>, send_email already registered for DAG: example_dag_decorator
[2026-03-03T01:25:18.417+0000] {logging_mixin.py:149} INFO - [2026-03-03T01:25:18.417+0000] {taskmixin.py:211} WARNING - Dependency <Task(EmailOperator): send_email>, prepare_email already registered for DAG: example_dag_decorator
[2026-03-03T01:25:18.429+0000] {processor.py:809} INFO - DAG(s) dict_keys(['example_dag_decorator']) retrieved from /home/airflow/.local/lib/python3.7/site-packages/airflow/example_dags/example_dag_decorator.py
[2026-03-03T01:25:18.477+0000] {logging_mixin.py:149} INFO - [2026-03-03T01:25:18.477+0000] {dag.py:2726} INFO - Sync 1 DAGs
[2026-03-03T01:25:18.489+0000] {logging_mixin.py:149} INFO - [2026-03-03T01:25:18.489+0000] {dag.py:3490} INFO - Setting next_dagrun for example_dag_decorator to None, run_after=None
[2026-03-03T01:25:18.498+0000] {processor.py:178} INFO - Processing /home/airflow/.local/lib/python3.7/site-packages/airflow/example_dags/example_dag_decorator.py took 0.095 seconds
[2026-03-03T01:25:49.122+0000] {processor.py:156} INFO - Started process (PID=2317) to work on /home/airflow/.local/lib/python3.7/site-packages/airflow/example_dags/example_dag_decorator.py
[2026-03-03T01:25:49.125+0000] {processor.py:799} INFO - Processing file /home/airflow/.local/lib/python3.7/site-packages/airflow/example_dags/example_dag_decorator.py for tasks to queue
[2026-03-03T01:25:49.127+0000] {logging_mixin.py:149} INFO - [2026-03-03T01:25:49.126+0000] {dagbag.py:541} INFO - Filling up the DagBag from /home/airflow/.local/lib/python3.7/site-packages/airflow/example_dags/example_dag_decorator.py
[2026-03-03T01:25:49.142+0000] {logging_mixin.py:149} INFO - [2026-03-03T01:25:49.142+0000] {taskmixin.py:211} WARNING - Dependency <Task(_PythonDecoratedOperator): prepare_email>, send_email already registered for DAG: example_dag_decorator
[2026-03-03T01:25:49.143+0000] {logging_mixin.py:149} INFO - [2026-03-03T01:25:49.143+0000] {taskmixin.py:211} WARNING - Dependency <Task(EmailOperator): send_email>, prepare_email already registered for DAG: example_dag_decorator
[2026-03-03T01:25:49.163+0000] {processor.py:809} INFO - DAG(s) dict_keys(['example_dag_decorator']) retrieved from /home/airflow/.local/lib/python3.7/site-packages/airflow/example_dags/example_dag_decorator.py
[2026-03-03T01:25:49.329+0000] {logging_mixin.py:149} INFO - [2026-03-03T01:25:49.328+0000] {dag.py:2726} INFO - Sync 1 DAGs
[2026-03-03T01:25:49.398+0000] {logging_mixin.py:149} INFO - [2026-03-03T01:25:49.398+0000] {dag.py:3490} INFO - Setting next_dagrun for example_dag_decorator to None, run_after=None
[2026-03-03T01:25:49.460+0000] {processor.py:178} INFO - Processing /home/airflow/.local/lib/python3.7/site-packages/airflow/example_dags/example_dag_decorator.py took 0.346 seconds
[2026-03-03T01:26:20.271+0000] {processor.py:156} INFO - Started process (PID=2379) to work on /home/airflow/.local/lib/python3.7/site-packages/airflow/example_dags/example_dag_decorator.py
[2026-03-03T01:26:20.274+0000] {processor.py:799} INFO - Processing file /home/airflow/.local/lib/python3.7/site-packages/airflow/example_dags/example_dag_decorator.py for tasks to queue
[2026-03-03T01:26:20.276+0000] {logging_mixin.py:149} INFO - [2026-03-03T01:26:20.275+0000] {dagbag.py:541} INFO - Filling up the DagBag from /home/airflow/.local/lib/python3.7/site-packages/airflow/example_dags/example_dag_decorator.py
[2026-03-03T01:26:20.289+0000] {logging_mixin.py:149} INFO - [2026-03-03T01:26:20.289+0000] {taskmixin.py:211} WARNING - Dependency <Task(_PythonDecoratedOperator): prepare_email>, send_email already registered for DAG: example_dag_decorator
[2026-03-03T01:26:20.290+0000] {logging_mixin.py:149} INFO - [2026-03-03T01:26:20.290+0000] {taskmixin.py:211} WARNING - Dependency <Task(EmailOperator): send_email>, prepare_email already registered for DAG: example_dag_decorator
[2026-03-03T01:26:20.307+0000] {processor.py:809} INFO - DAG(s) dict_keys(['example_dag_decorator']) retrieved from /home/airflow/.local/lib/python3.7/site-packages/airflow/example_dags/example_dag_decorator.py
[2026-03-03T01:26:20.459+0000] {logging_mixin.py:149} INFO - [2026-03-03T01:26:20.459+0000] {dag.py:2726} INFO - Sync 1 DAGs
[2026-03-03T01:26:20.518+0000] {logging_mixin.py:149} INFO - [2026-03-03T01:26:20.517+0000] {dag.py:3490} INFO - Setting next_dagrun for example_dag_decorator to None, run_after=None
[2026-03-03T01:26:20.579+0000] {processor.py:178} INFO - Processing /home/airflow/.local/lib/python3.7/site-packages/airflow/example_dags/example_dag_decorator.py took 0.318 seconds
[2026-03-03T01:26:50.616+0000] {processor.py:156} INFO - Started process (PID=2440) to work on /home/airflow/.local/lib/python3.7/site-packages/airflow/example_dags/example_dag_decorator.py
[2026-03-03T01:26:50.618+0000] {processor.py:799} INFO - Processing file /home/airflow/.local/lib/python3.7/site-packages/airflow/example_dags/example_dag_decorator.py for tasks to queue
[2026-03-03T01:26:50.619+0000] {logging_mixin.py:149} INFO - [2026-03-03T01:26:50.619+0000] {dagbag.py:541} INFO - Filling up the DagBag from /home/airflow/.local/lib/python3.7/site-packages/airflow/example_dags/example_dag_decorator.py
[2026-03-03T01:26:50.624+0000] {logging_mixin.py:149} INFO - [2026-03-03T01:26:50.624+0000] {taskmixin.py:211} WARNING - Dependency <Task(_PythonDecoratedOperator): prepare_email>, send_email already registered for DAG: example_dag_decorator
[2026-03-03T01:26:50.625+0000] {logging_mixin.py:149} INFO - [2026-03-03T01:26:50.625+0000] {taskmixin.py:211} WARNING - Dependency <Task(EmailOperator): send_email>, prepare_email already registered for DAG: example_dag_decorator
[2026-03-03T01:26:50.631+0000] {processor.py:809} INFO - DAG(s) dict_keys(['example_dag_decorator']) retrieved from /home/airflow/.local/lib/python3.7/site-packages/airflow/example_dags/example_dag_decorator.py
[2026-03-03T01:26:50.672+0000] {logging_mixin.py:149} INFO - [2026-03-03T01:26:50.671+0000] {dag.py:2726} INFO - Sync 1 DAGs
[2026-03-03T01:26:50.684+0000] {logging_mixin.py:149} INFO - [2026-03-03T01:26:50.684+0000] {dag.py:3490} INFO - Setting next_dagrun for example_dag_decorator to None, run_after=None
[2026-03-03T01:26:50.694+0000] {processor.py:178} INFO - Processing /home/airflow/.local/lib/python3.7/site-packages/airflow/example_dags/example_dag_decorator.py took 0.081 seconds
[2026-03-03T01:27:21.417+0000] {processor.py:156} INFO - Started process (PID=2502) to work on /home/airflow/.local/lib/python3.7/site-packages/airflow/example_dags/example_dag_decorator.py
[2026-03-03T01:27:21.418+0000] {processor.py:799} INFO - Processing file /home/airflow/.local/lib/python3.7/site-packages/airflow/example_dags/example_dag_decorator.py for tasks to queue
[2026-03-03T01:27:21.418+0000] {logging_mixin.py:149} INFO - [2026-03-03T01:27:21.418+0000] {dagbag.py:541} INFO - Filling up the DagBag from /home/airflow/.local/lib/python3.7/site-packages/airflow/example_dags/example_dag_decorator.py
[2026-03-03T01:27:21.423+0000] {logging_mixin.py:149} INFO - [2026-03-03T01:27:21.423+0000] {taskmixin.py:211} WARNING - Dependency <Task(_PythonDecoratedOperator): prepare_email>, send_email already registered for DAG: example_dag_decorator
[2026-03-03T01:27:21.423+0000] {logging_mixin.py:149} INFO - [2026-03-03T01:27:21.423+0000] {taskmixin.py:211} WARNING - Dependency <Task(EmailOperator): send_email>, prepare_email already registered for DAG: example_dag_decorator
[2026-03-03T01:27:21.428+0000] {processor.py:809} INFO - DAG(s) dict_keys(['example_dag_decorator']) retrieved from /home/airflow/.local/lib/python3.7/site-packages/airflow/example_dags/example_dag_decorator.py
[2026-03-03T01:27:21.465+0000] {logging_mixin.py:149} INFO - [2026-03-03T01:27:21.465+0000] {dag.py:2726} INFO - Sync 1 DAGs
[2026-03-03T01:27:21.478+0000] {logging_mixin.py:149} INFO - [2026-03-03T01:27:21.478+0000] {dag.py:3490} INFO - Setting next_dagrun for example_dag_decorator to None, run_after=None
[2026-03-03T01:27:21.487+0000] {processor.py:178} INFO - Processing /home/airflow/.local/lib/python3.7/site-packages/airflow/example_dags/example_dag_decorator.py took 0.072 seconds
[2026-03-03T01:27:51.898+0000] {processor.py:156} INFO - Started process (PID=2564) to work on /home/airflow/.local/lib/python3.7/site-packages/airflow/example_dags/example_dag_decorator.py
[2026-03-03T01:27:51.899+0000] {processor.py:799} INFO - Processing file /home/airflow/.local/lib/python3.7/site-packages/airflow/example_dags/example_dag_decorator.py for tasks to queue
[2026-03-03T01:27:51.899+0000] {logging_mixin.py:149} INFO - [2026-03-03T01:27:51.899+0000] {dagbag.py:541} INFO - Filling up the DagBag from /home/airflow/.local/lib/python3.7/site-packages/airflow/example_dags/example_dag_decorator.py
[2026-03-03T01:27:51.903+0000] {logging_mixin.py:149} INFO - [2026-03-03T01:27:51.903+0000] {taskmixin.py:211} WARNING - Dependency <Task(_PythonDecoratedOperator): prepare_email>, send_email already registered for DAG: example_dag_decorator
[2026-03-03T01:27:51.903+0000] {logging_mixin.py:149} INFO - [2026-03-03T01:27:51.903+0000] {taskmixin.py:211} WARNING - Dependency <Task(EmailOperator): send_email>, prepare_email already registered for DAG: example_dag_decorator
[2026-03-03T01:27:51.910+0000] {processor.py:809} INFO - DAG(s) dict_keys(['example_dag_decorator']) retrieved from /home/airflow/.local/lib/python3.7/site-packages/airflow/example_dags/example_dag_decorator.py
[2026-03-03T01:27:51.947+0000] {logging_mixin.py:149} INFO - [2026-03-03T01:27:51.947+0000] {dag.py:2726} INFO - Sync 1 DAGs
[2026-03-03T01:27:51.958+0000] {logging_mixin.py:149} INFO - [2026-03-03T01:27:51.958+0000] {dag.py:3490} INFO - Setting next_dagrun for example_dag_decorator to None, run_after=None
[2026-03-03T01:27:51.968+0000] {processor.py:178} INFO - Processing /home/airflow/.local/lib/python3.7/site-packages/airflow/example_dags/example_dag_decorator.py took 0.073 seconds
[2026-03-03T01:28:22.911+0000] {processor.py:156} INFO - Started process (PID=2626) to work on /home/airflow/.local/lib/python3.7/site-packages/airflow/example_dags/example_dag_decorator.py
[2026-03-03T01:28:22.912+0000] {processor.py:799} INFO - Processing file /home/airflow/.local/lib/python3.7/site-packages/airflow/example_dags/example_dag_decorator.py for tasks to queue
[2026-03-03T01:28:22.912+0000] {logging_mixin.py:149} INFO - [2026-03-03T01:28:22.912+0000] {dagbag.py:541} INFO - Filling up the DagBag from /home/airflow/.local/lib/python3.7/site-packages/airflow/example_dags/example_dag_decorator.py
[2026-03-03T01:28:22.917+0000] {logging_mixin.py:149} INFO - [2026-03-03T01:28:22.917+0000] {taskmixin.py:211} WARNING - Dependency <Task(_PythonDecoratedOperator): prepare_email>, send_email already registered for DAG: example_dag_decorator
[2026-03-03T01:28:22.918+0000] {logging_mixin.py:149} INFO - [2026-03-03T01:28:22.917+0000] {taskmixin.py:211} WARNING - Dependency <Task(EmailOperator): send_email>, prepare_email already registered for DAG: example_dag_decorator
[2026-03-03T01:28:22.924+0000] {processor.py:809} INFO - DAG(s) dict_keys(['example_dag_decorator']) retrieved from /home/airflow/.local/lib/python3.7/site-packages/airflow/example_dags/example_dag_decorator.py
[2026-03-03T01:28:22.963+0000] {logging_mixin.py:149} INFO - [2026-03-03T01:28:22.963+0000] {dag.py:2726} INFO - Sync 1 DAGs
[2026-03-03T01:28:22.973+0000] {logging_mixin.py:149} INFO - [2026-03-03T01:28:22.973+0000] {dag.py:3490} INFO - Setting next_dagrun for example_dag_decorator to None, run_after=None
[2026-03-03T01:28:22.983+0000] {processor.py:178} INFO - Processing /home/airflow/.local/lib/python3.7/site-packages/airflow/example_dags/example_dag_decorator.py took 0.075 seconds
[2026-03-03T01:28:53.086+0000] {processor.py:156} INFO - Started process (PID=2688) to work on /home/airflow/.local/lib/python3.7/site-packages/airflow/example_dags/example_dag_decorator.py
[2026-03-03T01:28:53.087+0000] {processor.py:799} INFO - Processing file /home/airflow/.local/lib/python3.7/site-packages/airflow/example_dags/example_dag_decorator.py for tasks to queue
[2026-03-03T01:28:53.088+0000] {logging_mixin.py:149} INFO - [2026-03-03T01:28:53.088+0000] {dagbag.py:541} INFO - Filling up the DagBag from /home/airflow/.local/lib/python3.7/site-packages/airflow/example_dags/example_dag_decorator.py
[2026-03-03T01:28:53.101+0000] {logging_mixin.py:149} INFO - [2026-03-03T01:28:53.101+0000] {taskmixin.py:211} WARNING - Dependency <Task(_PythonDecoratedOperator): prepare_email>, send_email already registered for DAG: example_dag_decorator
[2026-03-03T01:28:53.102+0000] {logging_mixin.py:149} INFO - [2026-03-03T01:28:53.102+0000] {taskmixin.py:211} WARNING - Dependency <Task(EmailOperator): send_email>, prepare_email already registered for DAG: example_dag_decorator
[2026-03-03T01:28:53.119+0000] {processor.py:809} INFO - DAG(s) dict_keys(['example_dag_decorator']) retrieved from /home/airflow/.local/lib/python3.7/site-packages/airflow/example_dags/example_dag_decorator.py
[2026-03-03T01:28:53.273+0000] {logging_mixin.py:149} INFO - [2026-03-03T01:28:53.273+0000] {dag.py:2726} INFO - Sync 1 DAGs
[2026-03-03T01:28:53.335+0000] {logging_mixin.py:149} INFO - [2026-03-03T01:28:53.335+0000] {dag.py:3490} INFO - Setting next_dagrun for example_dag_decorator to None, run_after=None
[2026-03-03T01:28:53.392+0000] {processor.py:178} INFO - Processing /home/airflow/.local/lib/python3.7/site-packages/airflow/example_dags/example_dag_decorator.py took 0.314 seconds
[2026-03-03T01:29:23.842+0000] {processor.py:156} INFO - Started process (PID=2750) to work on /home/airflow/.local/lib/python3.7/site-packages/airflow/example_dags/example_dag_decorator.py
[2026-03-03T01:29:23.842+0000] {processor.py:799} INFO - Processing file /home/airflow/.local/lib/python3.7/site-packages/airflow/example_dags/example_dag_decorator.py for tasks to queue
[2026-03-03T01:29:23.844+0000] {logging_mixin.py:149} INFO - [2026-03-03T01:29:23.843+0000] {dagbag.py:541} INFO - Filling up the DagBag from /home/airflow/.local/lib/python3.7/site-packages/airflow/example_dags/example_dag_decorator.py
[2026-03-03T01:29:23.849+0000] {logging_mixin.py:149} INFO - [2026-03-03T01:29:23.849+0000] {taskmixin.py:211} WARNING - Dependency <Task(_PythonDecoratedOperator): prepare_email>, send_email already registered for DAG: example_dag_decorator
[2026-03-03T01:29:23.850+0000] {logging_mixin.py:149} INFO - [2026-03-03T01:29:23.850+0000] {taskmixin.py:211} WARNING - Dependency <Task(EmailOperator): send_email>, prepare_email already registered for DAG: example_dag_decorator
[2026-03-03T01:29:23.859+0000] {processor.py:809} INFO - DAG(s) dict_keys(['example_dag_decorator']) retrieved from /home/airflow/.local/lib/python3.7/site-packages/airflow/example_dags/example_dag_decorator.py
[2026-03-03T01:29:23.896+0000] {logging_mixin.py:149} INFO - [2026-03-03T01:29:23.896+0000] {dag.py:2726} INFO - Sync 1 DAGs
[2026-03-03T01:29:23.906+0000] {logging_mixin.py:149} INFO - [2026-03-03T01:29:23.906+0000] {dag.py:3490} INFO - Setting next_dagrun for example_dag_decorator to None, run_after=None
[2026-03-03T01:29:23.915+0000] {processor.py:178} INFO - Processing /home/airflow/.local/lib/python3.7/site-packages/airflow/example_dags/example_dag_decorator.py took 0.080 seconds
[2026-03-03T01:29:54.846+0000] {processor.py:156} INFO - Started process (PID=2811) to work on /home/airflow/.local/lib/python3.7/site-packages/airflow/example_dags/example_dag_decorator.py
[2026-03-03T01:29:54.849+0000] {processor.py:799} INFO - Processing file /home/airflow/.local/lib/python3.7/site-packages/airflow/example_dags/example_dag_decorator.py for tasks to queue
[2026-03-03T01:29:54.852+0000] {logging_mixin.py:149} INFO - [2026-03-03T01:29:54.851+0000] {dagbag.py:541} INFO - Filling up the DagBag from /home/airflow/.local/lib/python3.7/site-packages/airflow/example_dags/example_dag_decorator.py
[2026-03-03T01:29:54.866+0000] {logging_mixin.py:149} INFO - [2026-03-03T01:29:54.866+0000] {taskmixin.py:211} WARNING - Dependency <Task(_PythonDecoratedOperator): prepare_email>, send_email already registered for DAG: example_dag_decorator
[2026-03-03T01:29:54.867+0000] {logging_mixin.py:149} INFO - [2026-03-03T01:29:54.867+0000] {taskmixin.py:211} WARNING - Dependency <Task(EmailOperator): send_email>, prepare_email already registered for DAG: example_dag_decorator
[2026-03-03T01:29:54.887+0000] {processor.py:809} INFO - DAG(s) dict_keys(['example_dag_decorator']) retrieved from /home/airflow/.local/lib/python3.7/site-packages/airflow/example_dags/example_dag_decorator.py
[2026-03-03T01:29:55.060+0000] {logging_mixin.py:149} INFO - [2026-03-03T01:29:55.059+0000] {dag.py:2726} INFO - Sync 1 DAGs
[2026-03-03T01:29:55.123+0000] {logging_mixin.py:149} INFO - [2026-03-03T01:29:55.122+0000] {dag.py:3490} INFO - Setting next_dagrun for example_dag_decorator to None, run_after=None
[2026-03-03T01:29:55.187+0000] {processor.py:178} INFO - Processing /home/airflow/.local/lib/python3.7/site-packages/airflow/example_dags/example_dag_decorator.py took 0.347 seconds
[2026-03-03T01:30:25.544+0000] {processor.py:156} INFO - Started process (PID=2873) to work on /home/airflow/.local/lib/python3.7/site-packages/airflow/example_dags/example_dag_decorator.py
[2026-03-03T01:30:25.546+0000] {processor.py:799} INFO - Processing file /home/airflow/.local/lib/python3.7/site-packages/airflow/example_dags/example_dag_decorator.py for tasks to queue
[2026-03-03T01:30:25.550+0000] {logging_mixin.py:149} INFO - [2026-03-03T01:30:25.549+0000] {dagbag.py:541} INFO - Filling up the DagBag from /home/airflow/.local/lib/python3.7/site-packages/airflow/example_dags/example_dag_decorator.py
[2026-03-03T01:30:25.562+0000] {logging_mixin.py:149} INFO - [2026-03-03T01:30:25.562+0000] {taskmixin.py:211} WARNING - Dependency <Task(_PythonDecoratedOperator): prepare_email>, send_email already registered for DAG: example_dag_decorator
[2026-03-03T01:30:25.564+0000] {logging_mixin.py:149} INFO - [2026-03-03T01:30:25.564+0000] {taskmixin.py:211} WARNING - Dependency <Task(EmailOperator): send_email>, prepare_email already registered for DAG: example_dag_decorator
[2026-03-03T01:30:25.583+0000] {processor.py:809} INFO - DAG(s) dict_keys(['example_dag_decorator']) retrieved from /home/airflow/.local/lib/python3.7/site-packages/airflow/example_dags/example_dag_decorator.py
[2026-03-03T01:30:25.721+0000] {logging_mixin.py:149} INFO - [2026-03-03T01:30:25.721+0000] {dag.py:2726} INFO - Sync 1 DAGs
[2026-03-03T01:30:25.776+0000] {logging_mixin.py:149} INFO - [2026-03-03T01:30:25.776+0000] {dag.py:3490} INFO - Setting next_dagrun for example_dag_decorator to None, run_after=None
[2026-03-03T01:30:25.826+0000] {processor.py:178} INFO - Processing /home/airflow/.local/lib/python3.7/site-packages/airflow/example_dags/example_dag_decorator.py took 0.288 seconds
[2026-03-03T01:30:56.822+0000] {processor.py:156} INFO - Started process (PID=2935) to work on /home/airflow/.local/lib/python3.7/site-packages/airflow/example_dags/example_dag_decorator.py
[2026-03-03T01:30:56.823+0000] {processor.py:799} INFO - Processing file /home/airflow/.local/lib/python3.7/site-packages/airflow/example_dags/example_dag_decorator.py for tasks to queue
[2026-03-03T01:30:56.824+0000] {logging_mixin.py:149} INFO - [2026-03-03T01:30:56.824+0000] {dagbag.py:541} INFO - Filling up the DagBag from /home/airflow/.local/lib/python3.7/site-packages/airflow/example_dags/example_dag_decorator.py
[2026-03-03T01:30:56.827+0000] {logging_mixin.py:149} INFO - [2026-03-03T01:30:56.827+0000] {taskmixin.py:211} WARNING - Dependency <Task(_PythonDecoratedOperator): prepare_email>, send_email already registered for DAG: example_dag_decorator
[2026-03-03T01:30:56.828+0000] {logging_mixin.py:149} INFO - [2026-03-03T01:30:56.828+0000] {taskmixin.py:211} WARNING - Dependency <Task(EmailOperator): send_email>, prepare_email already registered for DAG: example_dag_decorator
[2026-03-03T01:30:56.832+0000] {processor.py:809} INFO - DAG(s) dict_keys(['example_dag_decorator']) retrieved from /home/airflow/.local/lib/python3.7/site-packages/airflow/example_dags/example_dag_decorator.py
[2026-03-03T01:30:56.864+0000] {logging_mixin.py:149} INFO - [2026-03-03T01:30:56.864+0000] {dag.py:2726} INFO - Sync 1 DAGs
[2026-03-03T01:30:56.875+0000] {logging_mixin.py:149} INFO - [2026-03-03T01:30:56.875+0000] {dag.py:3490} INFO - Setting next_dagrun for example_dag_decorator to None, run_after=None
[2026-03-03T01:30:56.884+0000] {processor.py:178} INFO - Processing /home/airflow/.local/lib/python3.7/site-packages/airflow/example_dags/example_dag_decorator.py took 0.065 seconds
[2026-03-03T01:31:27.814+0000] {processor.py:156} INFO - Started process (PID=2997) to work on /home/airflow/.local/lib/python3.7/site-packages/airflow/example_dags/example_dag_decorator.py
[2026-03-03T01:31:27.815+0000] {processor.py:799} INFO - Processing file /home/airflow/.local/lib/python3.7/site-packages/airflow/example_dags/example_dag_decorator.py for tasks to queue
[2026-03-03T01:31:27.815+0000] {logging_mixin.py:149} INFO - [2026-03-03T01:31:27.815+0000] {dagbag.py:541} INFO - Filling up the DagBag from /home/airflow/.local/lib/python3.7/site-packages/airflow/example_dags/example_dag_decorator.py
[2026-03-03T01:31:27.819+0000] {logging_mixin.py:149} INFO - [2026-03-03T01:31:27.819+0000] {taskmixin.py:211} WARNING - Dependency <Task(_PythonDecoratedOperator): prepare_email>, send_email already registered for DAG: example_dag_decorator
[2026-03-03T01:31:27.819+0000] {logging_mixin.py:149} INFO - [2026-03-03T01:31:27.819+0000] {taskmixin.py:211} WARNING - Dependency <Task(EmailOperator): send_email>, prepare_email already registered for DAG: example_dag_decorator
[2026-03-03T01:31:27.824+0000] {processor.py:809} INFO - DAG(s) dict_keys(['example_dag_decorator']) retrieved from /home/airflow/.local/lib/python3.7/site-packages/airflow/example_dags/example_dag_decorator.py
[2026-03-03T01:31:27.861+0000] {logging_mixin.py:149} INFO - [2026-03-03T01:31:27.861+0000] {dag.py:2726} INFO - Sync 1 DAGs
[2026-03-03T01:31:27.872+0000] {logging_mixin.py:149} INFO - [2026-03-03T01:31:27.872+0000] {dag.py:3490} INFO - Setting next_dagrun for example_dag_decorator to None, run_after=None
[2026-03-03T01:31:27.881+0000] {processor.py:178} INFO - Processing /home/airflow/.local/lib/python3.7/site-packages/airflow/example_dags/example_dag_decorator.py took 0.071 seconds
