[2026-03-03T00:56:04.366+0000] {processor.py:156} INFO - Started process (PID=58) to work on /home/airflow/.local/lib/python3.7/site-packages/airflow/example_dags/example_complex.py
[2026-03-03T00:56:04.367+0000] {processor.py:799} INFO - Processing file /home/airflow/.local/lib/python3.7/site-packages/airflow/example_dags/example_complex.py for tasks to queue
[2026-03-03T00:56:04.368+0000] {logging_mixin.py:149} INFO - [2026-03-03T00:56:04.368+0000] {dagbag.py:541} INFO - Filling up the DagBag from /home/airflow/.local/lib/python3.7/site-packages/airflow/example_dags/example_complex.py
[2026-03-03T00:56:04.378+0000] {logging_mixin.py:149} INFO - [2026-03-03T00:56:04.377+0000] {taskmixin.py:211} WARNING - Dependency <Task(BashOperator): create_entry_group>, delete_entry_group already registered for DAG: example_complex
[2026-03-03T00:56:04.378+0000] {logging_mixin.py:149} INFO - [2026-03-03T00:56:04.378+0000] {taskmixin.py:211} WARNING - Dependency <Task(BashOperator): delete_entry_group>, create_entry_group already registered for DAG: example_complex
[2026-03-03T00:56:04.378+0000] {logging_mixin.py:149} INFO - [2026-03-03T00:56:04.378+0000] {taskmixin.py:211} WARNING - Dependency <Task(BashOperator): create_entry_gcs>, delete_entry already registered for DAG: example_complex
[2026-03-03T00:56:04.380+0000] {logging_mixin.py:149} INFO - [2026-03-03T00:56:04.380+0000] {taskmixin.py:211} WARNING - Dependency <Task(BashOperator): delete_entry>, create_entry_gcs already registered for DAG: example_complex
[2026-03-03T00:56:04.380+0000] {logging_mixin.py:149} INFO - [2026-03-03T00:56:04.380+0000] {taskmixin.py:211} WARNING - Dependency <Task(BashOperator): create_tag>, delete_tag already registered for DAG: example_complex
[2026-03-03T00:56:04.383+0000] {logging_mixin.py:149} INFO - [2026-03-03T00:56:04.383+0000] {taskmixin.py:211} WARNING - Dependency <Task(BashOperator): delete_tag>, create_tag already registered for DAG: example_complex
[2026-03-03T00:56:04.388+0000] {processor.py:809} INFO - DAG(s) dict_keys(['example_complex']) retrieved from /home/airflow/.local/lib/python3.7/site-packages/airflow/example_dags/example_complex.py
[2026-03-03T00:56:04.406+0000] {logging_mixin.py:149} INFO - [2026-03-03T00:56:04.405+0000] {dag.py:2726} INFO - Sync 1 DAGs
[2026-03-03T00:56:04.430+0000] {logging_mixin.py:149} INFO - [2026-03-03T00:56:04.430+0000] {dag.py:3490} INFO - Setting next_dagrun for example_complex to None, run_after=None
[2026-03-03T00:56:04.452+0000] {processor.py:178} INFO - Processing /home/airflow/.local/lib/python3.7/site-packages/airflow/example_dags/example_complex.py took 0.088 seconds
[2026-03-03T00:56:36.240+0000] {processor.py:156} INFO - Started process (PID=120) to work on /home/airflow/.local/lib/python3.7/site-packages/airflow/example_dags/example_complex.py
[2026-03-03T00:56:36.242+0000] {processor.py:799} INFO - Processing file /home/airflow/.local/lib/python3.7/site-packages/airflow/example_dags/example_complex.py for tasks to queue
[2026-03-03T00:56:36.244+0000] {logging_mixin.py:149} INFO - [2026-03-03T00:56:36.244+0000] {dagbag.py:541} INFO - Filling up the DagBag from /home/airflow/.local/lib/python3.7/site-packages/airflow/example_dags/example_complex.py
[2026-03-03T00:56:36.266+0000] {logging_mixin.py:149} INFO - [2026-03-03T00:56:36.265+0000] {taskmixin.py:211} WARNING - Dependency <Task(BashOperator): create_entry_group>, delete_entry_group already registered for DAG: example_complex
[2026-03-03T00:56:36.267+0000] {logging_mixin.py:149} INFO - [2026-03-03T00:56:36.266+0000] {taskmixin.py:211} WARNING - Dependency <Task(BashOperator): delete_entry_group>, create_entry_group already registered for DAG: example_complex
[2026-03-03T00:56:36.268+0000] {logging_mixin.py:149} INFO - [2026-03-03T00:56:36.267+0000] {taskmixin.py:211} WARNING - Dependency <Task(BashOperator): create_entry_gcs>, delete_entry already registered for DAG: example_complex
[2026-03-03T00:56:36.269+0000] {logging_mixin.py:149} INFO - [2026-03-03T00:56:36.268+0000] {taskmixin.py:211} WARNING - Dependency <Task(BashOperator): delete_entry>, create_entry_gcs already registered for DAG: example_complex
[2026-03-03T00:56:36.271+0000] {logging_mixin.py:149} INFO - [2026-03-03T00:56:36.270+0000] {taskmixin.py:211} WARNING - Dependency <Task(BashOperator): create_tag>, delete_tag already registered for DAG: example_complex
[2026-03-03T00:56:36.271+0000] {logging_mixin.py:149} INFO - [2026-03-03T00:56:36.271+0000] {taskmixin.py:211} WARNING - Dependency <Task(BashOperator): delete_tag>, create_tag already registered for DAG: example_complex
[2026-03-03T00:56:36.276+0000] {processor.py:809} INFO - DAG(s) dict_keys(['example_complex']) retrieved from /home/airflow/.local/lib/python3.7/site-packages/airflow/example_dags/example_complex.py
[2026-03-03T00:56:36.358+0000] {logging_mixin.py:149} INFO - [2026-03-03T00:56:36.358+0000] {dag.py:2726} INFO - Sync 1 DAGs
[2026-03-03T00:56:36.421+0000] {logging_mixin.py:149} INFO - [2026-03-03T00:56:36.420+0000] {dag.py:3490} INFO - Setting next_dagrun for example_complex to None, run_after=None
[2026-03-03T00:56:36.487+0000] {processor.py:178} INFO - Processing /home/airflow/.local/lib/python3.7/site-packages/airflow/example_dags/example_complex.py took 0.255 seconds
[2026-03-03T00:57:06.747+0000] {processor.py:156} INFO - Started process (PID=181) to work on /home/airflow/.local/lib/python3.7/site-packages/airflow/example_dags/example_complex.py
[2026-03-03T00:57:06.747+0000] {processor.py:799} INFO - Processing file /home/airflow/.local/lib/python3.7/site-packages/airflow/example_dags/example_complex.py for tasks to queue
[2026-03-03T00:57:06.748+0000] {logging_mixin.py:149} INFO - [2026-03-03T00:57:06.748+0000] {dagbag.py:541} INFO - Filling up the DagBag from /home/airflow/.local/lib/python3.7/site-packages/airflow/example_dags/example_complex.py
[2026-03-03T00:57:06.752+0000] {logging_mixin.py:149} INFO - [2026-03-03T00:57:06.752+0000] {taskmixin.py:211} WARNING - Dependency <Task(BashOperator): create_entry_group>, delete_entry_group already registered for DAG: example_complex
[2026-03-03T00:57:06.752+0000] {logging_mixin.py:149} INFO - [2026-03-03T00:57:06.752+0000] {taskmixin.py:211} WARNING - Dependency <Task(BashOperator): delete_entry_group>, create_entry_group already registered for DAG: example_complex
[2026-03-03T00:57:06.753+0000] {logging_mixin.py:149} INFO - [2026-03-03T00:57:06.753+0000] {taskmixin.py:211} WARNING - Dependency <Task(BashOperator): create_entry_gcs>, delete_entry already registered for DAG: example_complex
[2026-03-03T00:57:06.753+0000] {logging_mixin.py:149} INFO - [2026-03-03T00:57:06.753+0000] {taskmixin.py:211} WARNING - Dependency <Task(BashOperator): delete_entry>, create_entry_gcs already registered for DAG: example_complex
[2026-03-03T00:57:06.753+0000] {logging_mixin.py:149} INFO - [2026-03-03T00:57:06.753+0000] {taskmixin.py:211} WARNING - Dependency <Task(BashOperator): create_tag>, delete_tag already registered for DAG: example_complex
[2026-03-03T00:57:06.753+0000] {logging_mixin.py:149} INFO - [2026-03-03T00:57:06.753+0000] {taskmixin.py:211} WARNING - Dependency <Task(BashOperator): delete_tag>, create_tag already registered for DAG: example_complex
[2026-03-03T00:57:06.753+0000] {processor.py:809} INFO - DAG(s) dict_keys(['example_complex']) retrieved from /home/airflow/.local/lib/python3.7/site-packages/airflow/example_dags/example_complex.py
[2026-03-03T00:57:06.780+0000] {logging_mixin.py:149} INFO - [2026-03-03T00:57:06.779+0000] {dag.py:2726} INFO - Sync 1 DAGs
[2026-03-03T00:57:06.791+0000] {logging_mixin.py:149} INFO - [2026-03-03T00:57:06.791+0000] {dag.py:3490} INFO - Setting next_dagrun for example_complex to None, run_after=None
[2026-03-03T00:57:06.802+0000] {processor.py:178} INFO - Processing /home/airflow/.local/lib/python3.7/site-packages/airflow/example_dags/example_complex.py took 0.056 seconds
[2026-03-03T00:57:37.684+0000] {processor.py:156} INFO - Started process (PID=244) to work on /home/airflow/.local/lib/python3.7/site-packages/airflow/example_dags/example_complex.py
[2026-03-03T00:57:37.685+0000] {processor.py:799} INFO - Processing file /home/airflow/.local/lib/python3.7/site-packages/airflow/example_dags/example_complex.py for tasks to queue
[2026-03-03T00:57:37.685+0000] {logging_mixin.py:149} INFO - [2026-03-03T00:57:37.685+0000] {dagbag.py:541} INFO - Filling up the DagBag from /home/airflow/.local/lib/python3.7/site-packages/airflow/example_dags/example_complex.py
[2026-03-03T00:57:37.690+0000] {logging_mixin.py:149} INFO - [2026-03-03T00:57:37.690+0000] {taskmixin.py:211} WARNING - Dependency <Task(BashOperator): create_entry_group>, delete_entry_group already registered for DAG: example_complex
[2026-03-03T00:57:37.691+0000] {logging_mixin.py:149} INFO - [2026-03-03T00:57:37.691+0000] {taskmixin.py:211} WARNING - Dependency <Task(BashOperator): delete_entry_group>, create_entry_group already registered for DAG: example_complex
[2026-03-03T00:57:37.691+0000] {logging_mixin.py:149} INFO - [2026-03-03T00:57:37.691+0000] {taskmixin.py:211} WARNING - Dependency <Task(BashOperator): create_entry_gcs>, delete_entry already registered for DAG: example_complex
[2026-03-03T00:57:37.692+0000] {logging_mixin.py:149} INFO - [2026-03-03T00:57:37.692+0000] {taskmixin.py:211} WARNING - Dependency <Task(BashOperator): delete_entry>, create_entry_gcs already registered for DAG: example_complex
[2026-03-03T00:57:37.693+0000] {logging_mixin.py:149} INFO - [2026-03-03T00:57:37.693+0000] {taskmixin.py:211} WARNING - Dependency <Task(BashOperator): create_tag>, delete_tag already registered for DAG: example_complex
[2026-03-03T00:57:37.693+0000] {logging_mixin.py:149} INFO - [2026-03-03T00:57:37.693+0000] {taskmixin.py:211} WARNING - Dependency <Task(BashOperator): delete_tag>, create_tag already registered for DAG: example_complex
[2026-03-03T00:57:37.694+0000] {processor.py:809} INFO - DAG(s) dict_keys(['example_complex']) retrieved from /home/airflow/.local/lib/python3.7/site-packages/airflow/example_dags/example_complex.py
[2026-03-03T00:57:37.713+0000] {logging_mixin.py:149} INFO - [2026-03-03T00:57:37.713+0000] {dag.py:2726} INFO - Sync 1 DAGs
[2026-03-03T00:57:37.726+0000] {logging_mixin.py:149} INFO - [2026-03-03T00:57:37.726+0000] {dag.py:3490} INFO - Setting next_dagrun for example_complex to None, run_after=None
[2026-03-03T00:57:37.739+0000] {processor.py:178} INFO - Processing /home/airflow/.local/lib/python3.7/site-packages/airflow/example_dags/example_complex.py took 0.056 seconds
[2026-03-03T00:58:08.556+0000] {processor.py:156} INFO - Started process (PID=306) to work on /home/airflow/.local/lib/python3.7/site-packages/airflow/example_dags/example_complex.py
[2026-03-03T00:58:08.558+0000] {processor.py:799} INFO - Processing file /home/airflow/.local/lib/python3.7/site-packages/airflow/example_dags/example_complex.py for tasks to queue
[2026-03-03T00:58:08.559+0000] {logging_mixin.py:149} INFO - [2026-03-03T00:58:08.559+0000] {dagbag.py:541} INFO - Filling up the DagBag from /home/airflow/.local/lib/python3.7/site-packages/airflow/example_dags/example_complex.py
[2026-03-03T00:58:08.580+0000] {logging_mixin.py:149} INFO - [2026-03-03T00:58:08.580+0000] {taskmixin.py:211} WARNING - Dependency <Task(BashOperator): create_entry_group>, delete_entry_group already registered for DAG: example_complex
[2026-03-03T00:58:08.581+0000] {logging_mixin.py:149} INFO - [2026-03-03T00:58:08.581+0000] {taskmixin.py:211} WARNING - Dependency <Task(BashOperator): delete_entry_group>, create_entry_group already registered for DAG: example_complex
[2026-03-03T00:58:08.581+0000] {logging_mixin.py:149} INFO - [2026-03-03T00:58:08.581+0000] {taskmixin.py:211} WARNING - Dependency <Task(BashOperator): create_entry_gcs>, delete_entry already registered for DAG: example_complex
[2026-03-03T00:58:08.582+0000] {logging_mixin.py:149} INFO - [2026-03-03T00:58:08.582+0000] {taskmixin.py:211} WARNING - Dependency <Task(BashOperator): delete_entry>, create_entry_gcs already registered for DAG: example_complex
[2026-03-03T00:58:08.583+0000] {logging_mixin.py:149} INFO - [2026-03-03T00:58:08.582+0000] {taskmixin.py:211} WARNING - Dependency <Task(BashOperator): create_tag>, delete_tag already registered for DAG: example_complex
[2026-03-03T00:58:08.583+0000] {logging_mixin.py:149} INFO - [2026-03-03T00:58:08.583+0000] {taskmixin.py:211} WARNING - Dependency <Task(BashOperator): delete_tag>, create_tag already registered for DAG: example_complex
[2026-03-03T00:58:08.587+0000] {processor.py:809} INFO - DAG(s) dict_keys(['example_complex']) retrieved from /home/airflow/.local/lib/python3.7/site-packages/airflow/example_dags/example_complex.py
[2026-03-03T00:58:08.662+0000] {logging_mixin.py:149} INFO - [2026-03-03T00:58:08.662+0000] {dag.py:2726} INFO - Sync 1 DAGs
[2026-03-03T00:58:08.732+0000] {logging_mixin.py:149} INFO - [2026-03-03T00:58:08.732+0000] {dag.py:3490} INFO - Setting next_dagrun for example_complex to None, run_after=None
[2026-03-03T00:58:08.790+0000] {processor.py:178} INFO - Processing /home/airflow/.local/lib/python3.7/site-packages/airflow/example_dags/example_complex.py took 0.242 seconds
[2026-03-03T00:58:38.879+0000] {processor.py:156} INFO - Started process (PID=368) to work on /home/airflow/.local/lib/python3.7/site-packages/airflow/example_dags/example_complex.py
[2026-03-03T00:58:38.880+0000] {processor.py:799} INFO - Processing file /home/airflow/.local/lib/python3.7/site-packages/airflow/example_dags/example_complex.py for tasks to queue
[2026-03-03T00:58:38.881+0000] {logging_mixin.py:149} INFO - [2026-03-03T00:58:38.881+0000] {dagbag.py:541} INFO - Filling up the DagBag from /home/airflow/.local/lib/python3.7/site-packages/airflow/example_dags/example_complex.py
[2026-03-03T00:58:38.889+0000] {logging_mixin.py:149} INFO - [2026-03-03T00:58:38.889+0000] {taskmixin.py:211} WARNING - Dependency <Task(BashOperator): create_entry_group>, delete_entry_group already registered for DAG: example_complex
[2026-03-03T00:58:38.889+0000] {logging_mixin.py:149} INFO - [2026-03-03T00:58:38.889+0000] {taskmixin.py:211} WARNING - Dependency <Task(BashOperator): delete_entry_group>, create_entry_group already registered for DAG: example_complex
[2026-03-03T00:58:38.889+0000] {logging_mixin.py:149} INFO - [2026-03-03T00:58:38.889+0000] {taskmixin.py:211} WARNING - Dependency <Task(BashOperator): create_entry_gcs>, delete_entry already registered for DAG: example_complex
[2026-03-03T00:58:38.889+0000] {logging_mixin.py:149} INFO - [2026-03-03T00:58:38.889+0000] {taskmixin.py:211} WARNING - Dependency <Task(BashOperator): delete_entry>, create_entry_gcs already registered for DAG: example_complex
[2026-03-03T00:58:38.889+0000] {logging_mixin.py:149} INFO - [2026-03-03T00:58:38.889+0000] {taskmixin.py:211} WARNING - Dependency <Task(BashOperator): create_tag>, delete_tag already registered for DAG: example_complex
[2026-03-03T00:58:38.889+0000] {logging_mixin.py:149} INFO - [2026-03-03T00:58:38.889+0000] {taskmixin.py:211} WARNING - Dependency <Task(BashOperator): delete_tag>, create_tag already registered for DAG: example_complex
[2026-03-03T00:58:38.890+0000] {processor.py:809} INFO - DAG(s) dict_keys(['example_complex']) retrieved from /home/airflow/.local/lib/python3.7/site-packages/airflow/example_dags/example_complex.py
[2026-03-03T00:58:38.915+0000] {logging_mixin.py:149} INFO - [2026-03-03T00:58:38.914+0000] {dag.py:2726} INFO - Sync 1 DAGs
[2026-03-03T00:58:38.929+0000] {logging_mixin.py:149} INFO - [2026-03-03T00:58:38.929+0000] {dag.py:3490} INFO - Setting next_dagrun for example_complex to None, run_after=None
[2026-03-03T00:58:38.937+0000] {processor.py:178} INFO - Processing /home/airflow/.local/lib/python3.7/site-packages/airflow/example_dags/example_complex.py took 0.059 seconds
[2026-03-03T00:59:09.955+0000] {processor.py:156} INFO - Started process (PID=430) to work on /home/airflow/.local/lib/python3.7/site-packages/airflow/example_dags/example_complex.py
[2026-03-03T00:59:09.959+0000] {processor.py:799} INFO - Processing file /home/airflow/.local/lib/python3.7/site-packages/airflow/example_dags/example_complex.py for tasks to queue
[2026-03-03T00:59:09.960+0000] {logging_mixin.py:149} INFO - [2026-03-03T00:59:09.960+0000] {dagbag.py:541} INFO - Filling up the DagBag from /home/airflow/.local/lib/python3.7/site-packages/airflow/example_dags/example_complex.py
[2026-03-03T00:59:09.964+0000] {logging_mixin.py:149} INFO - [2026-03-03T00:59:09.964+0000] {taskmixin.py:211} WARNING - Dependency <Task(BashOperator): create_entry_group>, delete_entry_group already registered for DAG: example_complex
[2026-03-03T00:59:09.965+0000] {logging_mixin.py:149} INFO - [2026-03-03T00:59:09.965+0000] {taskmixin.py:211} WARNING - Dependency <Task(BashOperator): delete_entry_group>, create_entry_group already registered for DAG: example_complex
[2026-03-03T00:59:09.967+0000] {logging_mixin.py:149} INFO - [2026-03-03T00:59:09.967+0000] {taskmixin.py:211} WARNING - Dependency <Task(BashOperator): create_entry_gcs>, delete_entry already registered for DAG: example_complex
[2026-03-03T00:59:09.969+0000] {logging_mixin.py:149} INFO - [2026-03-03T00:59:09.969+0000] {taskmixin.py:211} WARNING - Dependency <Task(BashOperator): delete_entry>, create_entry_gcs already registered for DAG: example_complex
[2026-03-03T00:59:09.970+0000] {logging_mixin.py:149} INFO - [2026-03-03T00:59:09.970+0000] {taskmixin.py:211} WARNING - Dependency <Task(BashOperator): create_tag>, delete_tag already registered for DAG: example_complex
[2026-03-03T00:59:09.970+0000] {logging_mixin.py:149} INFO - [2026-03-03T00:59:09.970+0000] {taskmixin.py:211} WARNING - Dependency <Task(BashOperator): delete_tag>, create_tag already registered for DAG: example_complex
[2026-03-03T00:59:09.970+0000] {processor.py:809} INFO - DAG(s) dict_keys(['example_complex']) retrieved from /home/airflow/.local/lib/python3.7/site-packages/airflow/example_dags/example_complex.py
[2026-03-03T00:59:09.990+0000] {logging_mixin.py:149} INFO - [2026-03-03T00:59:09.990+0000] {dag.py:2726} INFO - Sync 1 DAGs
[2026-03-03T00:59:10.003+0000] {logging_mixin.py:149} INFO - [2026-03-03T00:59:10.003+0000] {dag.py:3490} INFO - Setting next_dagrun for example_complex to None, run_after=None
[2026-03-03T00:59:10.010+0000] {processor.py:178} INFO - Processing /home/airflow/.local/lib/python3.7/site-packages/airflow/example_dags/example_complex.py took 0.057 seconds
[2026-03-03T00:59:40.652+0000] {processor.py:156} INFO - Started process (PID=492) to work on /home/airflow/.local/lib/python3.7/site-packages/airflow/example_dags/example_complex.py
[2026-03-03T00:59:40.652+0000] {processor.py:799} INFO - Processing file /home/airflow/.local/lib/python3.7/site-packages/airflow/example_dags/example_complex.py for tasks to queue
[2026-03-03T00:59:40.653+0000] {logging_mixin.py:149} INFO - [2026-03-03T00:59:40.653+0000] {dagbag.py:541} INFO - Filling up the DagBag from /home/airflow/.local/lib/python3.7/site-packages/airflow/example_dags/example_complex.py
[2026-03-03T00:59:40.657+0000] {logging_mixin.py:149} INFO - [2026-03-03T00:59:40.657+0000] {taskmixin.py:211} WARNING - Dependency <Task(BashOperator): create_entry_group>, delete_entry_group already registered for DAG: example_complex
[2026-03-03T00:59:40.658+0000] {logging_mixin.py:149} INFO - [2026-03-03T00:59:40.658+0000] {taskmixin.py:211} WARNING - Dependency <Task(BashOperator): delete_entry_group>, create_entry_group already registered for DAG: example_complex
[2026-03-03T00:59:40.658+0000] {logging_mixin.py:149} INFO - [2026-03-03T00:59:40.658+0000] {taskmixin.py:211} WARNING - Dependency <Task(BashOperator): create_entry_gcs>, delete_entry already registered for DAG: example_complex
[2026-03-03T00:59:40.658+0000] {logging_mixin.py:149} INFO - [2026-03-03T00:59:40.658+0000] {taskmixin.py:211} WARNING - Dependency <Task(BashOperator): delete_entry>, create_entry_gcs already registered for DAG: example_complex
[2026-03-03T00:59:40.658+0000] {logging_mixin.py:149} INFO - [2026-03-03T00:59:40.658+0000] {taskmixin.py:211} WARNING - Dependency <Task(BashOperator): create_tag>, delete_tag already registered for DAG: example_complex
[2026-03-03T00:59:40.658+0000] {logging_mixin.py:149} INFO - [2026-03-03T00:59:40.658+0000] {taskmixin.py:211} WARNING - Dependency <Task(BashOperator): delete_tag>, create_tag already registered for DAG: example_complex
[2026-03-03T00:59:40.659+0000] {processor.py:809} INFO - DAG(s) dict_keys(['example_complex']) retrieved from /home/airflow/.local/lib/python3.7/site-packages/airflow/example_dags/example_complex.py
[2026-03-03T00:59:40.682+0000] {logging_mixin.py:149} INFO - [2026-03-03T00:59:40.682+0000] {dag.py:2726} INFO - Sync 1 DAGs
[2026-03-03T00:59:40.692+0000] {logging_mixin.py:149} INFO - [2026-03-03T00:59:40.692+0000] {dag.py:3490} INFO - Setting next_dagrun for example_complex to None, run_after=None
[2026-03-03T00:59:40.699+0000] {processor.py:178} INFO - Processing /home/airflow/.local/lib/python3.7/site-packages/airflow/example_dags/example_complex.py took 0.050 seconds
[2026-03-03T01:00:12.097+0000] {processor.py:156} INFO - Started process (PID=554) to work on /home/airflow/.local/lib/python3.7/site-packages/airflow/example_dags/example_complex.py
[2026-03-03T01:00:12.100+0000] {processor.py:799} INFO - Processing file /home/airflow/.local/lib/python3.7/site-packages/airflow/example_dags/example_complex.py for tasks to queue
[2026-03-03T01:00:12.101+0000] {logging_mixin.py:149} INFO - [2026-03-03T01:00:12.101+0000] {dagbag.py:541} INFO - Filling up the DagBag from /home/airflow/.local/lib/python3.7/site-packages/airflow/example_dags/example_complex.py
[2026-03-03T01:00:12.136+0000] {logging_mixin.py:149} INFO - [2026-03-03T01:00:12.135+0000] {taskmixin.py:211} WARNING - Dependency <Task(BashOperator): create_entry_group>, delete_entry_group already registered for DAG: example_complex
[2026-03-03T01:00:12.137+0000] {logging_mixin.py:149} INFO - [2026-03-03T01:00:12.137+0000] {taskmixin.py:211} WARNING - Dependency <Task(BashOperator): delete_entry_group>, create_entry_group already registered for DAG: example_complex
[2026-03-03T01:00:12.139+0000] {logging_mixin.py:149} INFO - [2026-03-03T01:00:12.138+0000] {taskmixin.py:211} WARNING - Dependency <Task(BashOperator): create_entry_gcs>, delete_entry already registered for DAG: example_complex
[2026-03-03T01:00:12.142+0000] {logging_mixin.py:149} INFO - [2026-03-03T01:00:12.142+0000] {taskmixin.py:211} WARNING - Dependency <Task(BashOperator): delete_entry>, create_entry_gcs already registered for DAG: example_complex
[2026-03-03T01:00:12.144+0000] {logging_mixin.py:149} INFO - [2026-03-03T01:00:12.143+0000] {taskmixin.py:211} WARNING - Dependency <Task(BashOperator): create_tag>, delete_tag already registered for DAG: example_complex
[2026-03-03T01:00:12.144+0000] {logging_mixin.py:149} INFO - [2026-03-03T01:00:12.144+0000] {taskmixin.py:211} WARNING - Dependency <Task(BashOperator): delete_tag>, create_tag already registered for DAG: example_complex
[2026-03-03T01:00:12.147+0000] {processor.py:809} INFO - DAG(s) dict_keys(['example_complex']) retrieved from /home/airflow/.local/lib/python3.7/site-packages/airflow/example_dags/example_complex.py
[2026-03-03T01:00:12.229+0000] {logging_mixin.py:149} INFO - [2026-03-03T01:00:12.229+0000] {dag.py:2726} INFO - Sync 1 DAGs
[2026-03-03T01:00:12.296+0000] {logging_mixin.py:149} INFO - [2026-03-03T01:00:12.295+0000] {dag.py:3490} INFO - Setting next_dagrun for example_complex to None, run_after=None
[2026-03-03T01:00:12.360+0000] {processor.py:178} INFO - Processing /home/airflow/.local/lib/python3.7/site-packages/airflow/example_dags/example_complex.py took 0.270 seconds
[2026-03-03T01:00:43.374+0000] {processor.py:156} INFO - Started process (PID=616) to work on /home/airflow/.local/lib/python3.7/site-packages/airflow/example_dags/example_complex.py
[2026-03-03T01:00:43.379+0000] {processor.py:799} INFO - Processing file /home/airflow/.local/lib/python3.7/site-packages/airflow/example_dags/example_complex.py for tasks to queue
[2026-03-03T01:00:43.383+0000] {logging_mixin.py:149} INFO - [2026-03-03T01:00:43.382+0000] {dagbag.py:541} INFO - Filling up the DagBag from /home/airflow/.local/lib/python3.7/site-packages/airflow/example_dags/example_complex.py
[2026-03-03T01:00:43.409+0000] {logging_mixin.py:149} INFO - [2026-03-03T01:00:43.408+0000] {taskmixin.py:211} WARNING - Dependency <Task(BashOperator): create_entry_group>, delete_entry_group already registered for DAG: example_complex
[2026-03-03T01:00:43.410+0000] {logging_mixin.py:149} INFO - [2026-03-03T01:00:43.410+0000] {taskmixin.py:211} WARNING - Dependency <Task(BashOperator): delete_entry_group>, create_entry_group already registered for DAG: example_complex
[2026-03-03T01:00:43.411+0000] {logging_mixin.py:149} INFO - [2026-03-03T01:00:43.411+0000] {taskmixin.py:211} WARNING - Dependency <Task(BashOperator): create_entry_gcs>, delete_entry already registered for DAG: example_complex
[2026-03-03T01:00:43.412+0000] {logging_mixin.py:149} INFO - [2026-03-03T01:00:43.412+0000] {taskmixin.py:211} WARNING - Dependency <Task(BashOperator): delete_entry>, create_entry_gcs already registered for DAG: example_complex
[2026-03-03T01:00:43.413+0000] {logging_mixin.py:149} INFO - [2026-03-03T01:00:43.413+0000] {taskmixin.py:211} WARNING - Dependency <Task(BashOperator): create_tag>, delete_tag already registered for DAG: example_complex
[2026-03-03T01:00:43.413+0000] {logging_mixin.py:149} INFO - [2026-03-03T01:00:43.413+0000] {taskmixin.py:211} WARNING - Dependency <Task(BashOperator): delete_tag>, create_tag already registered for DAG: example_complex
[2026-03-03T01:00:43.417+0000] {processor.py:809} INFO - DAG(s) dict_keys(['example_complex']) retrieved from /home/airflow/.local/lib/python3.7/site-packages/airflow/example_dags/example_complex.py
[2026-03-03T01:00:43.509+0000] {logging_mixin.py:149} INFO - [2026-03-03T01:00:43.508+0000] {dag.py:2726} INFO - Sync 1 DAGs
[2026-03-03T01:00:43.586+0000] {logging_mixin.py:149} INFO - [2026-03-03T01:00:43.585+0000] {dag.py:3490} INFO - Setting next_dagrun for example_complex to None, run_after=None
[2026-03-03T01:00:43.646+0000] {processor.py:178} INFO - Processing /home/airflow/.local/lib/python3.7/site-packages/airflow/example_dags/example_complex.py took 0.279 seconds
[2026-03-03T01:01:14.636+0000] {processor.py:156} INFO - Started process (PID=678) to work on /home/airflow/.local/lib/python3.7/site-packages/airflow/example_dags/example_complex.py
[2026-03-03T01:01:14.637+0000] {processor.py:799} INFO - Processing file /home/airflow/.local/lib/python3.7/site-packages/airflow/example_dags/example_complex.py for tasks to queue
[2026-03-03T01:01:14.638+0000] {logging_mixin.py:149} INFO - [2026-03-03T01:01:14.638+0000] {dagbag.py:541} INFO - Filling up the DagBag from /home/airflow/.local/lib/python3.7/site-packages/airflow/example_dags/example_complex.py
[2026-03-03T01:01:14.646+0000] {logging_mixin.py:149} INFO - [2026-03-03T01:01:14.646+0000] {taskmixin.py:211} WARNING - Dependency <Task(BashOperator): create_entry_group>, delete_entry_group already registered for DAG: example_complex
[2026-03-03T01:01:14.646+0000] {logging_mixin.py:149} INFO - [2026-03-03T01:01:14.646+0000] {taskmixin.py:211} WARNING - Dependency <Task(BashOperator): delete_entry_group>, create_entry_group already registered for DAG: example_complex
[2026-03-03T01:01:14.647+0000] {logging_mixin.py:149} INFO - [2026-03-03T01:01:14.646+0000] {taskmixin.py:211} WARNING - Dependency <Task(BashOperator): create_entry_gcs>, delete_entry already registered for DAG: example_complex
[2026-03-03T01:01:14.647+0000] {logging_mixin.py:149} INFO - [2026-03-03T01:01:14.647+0000] {taskmixin.py:211} WARNING - Dependency <Task(BashOperator): delete_entry>, create_entry_gcs already registered for DAG: example_complex
[2026-03-03T01:01:14.647+0000] {logging_mixin.py:149} INFO - [2026-03-03T01:01:14.647+0000] {taskmixin.py:211} WARNING - Dependency <Task(BashOperator): create_tag>, delete_tag already registered for DAG: example_complex
[2026-03-03T01:01:14.647+0000] {logging_mixin.py:149} INFO - [2026-03-03T01:01:14.647+0000] {taskmixin.py:211} WARNING - Dependency <Task(BashOperator): delete_tag>, create_tag already registered for DAG: example_complex
[2026-03-03T01:01:14.648+0000] {processor.py:809} INFO - DAG(s) dict_keys(['example_complex']) retrieved from /home/airflow/.local/lib/python3.7/site-packages/airflow/example_dags/example_complex.py
[2026-03-03T01:01:14.673+0000] {logging_mixin.py:149} INFO - [2026-03-03T01:01:14.673+0000] {dag.py:2726} INFO - Sync 1 DAGs
[2026-03-03T01:01:14.688+0000] {logging_mixin.py:149} INFO - [2026-03-03T01:01:14.688+0000] {dag.py:3490} INFO - Setting next_dagrun for example_complex to None, run_after=None
[2026-03-03T01:01:14.699+0000] {processor.py:178} INFO - Processing /home/airflow/.local/lib/python3.7/site-packages/airflow/example_dags/example_complex.py took 0.067 seconds
[2026-03-03T01:01:45.376+0000] {processor.py:156} INFO - Started process (PID=740) to work on /home/airflow/.local/lib/python3.7/site-packages/airflow/example_dags/example_complex.py
[2026-03-03T01:01:45.378+0000] {processor.py:799} INFO - Processing file /home/airflow/.local/lib/python3.7/site-packages/airflow/example_dags/example_complex.py for tasks to queue
[2026-03-03T01:01:45.379+0000] {logging_mixin.py:149} INFO - [2026-03-03T01:01:45.379+0000] {dagbag.py:541} INFO - Filling up the DagBag from /home/airflow/.local/lib/python3.7/site-packages/airflow/example_dags/example_complex.py
[2026-03-03T01:01:45.388+0000] {logging_mixin.py:149} INFO - [2026-03-03T01:01:45.388+0000] {taskmixin.py:211} WARNING - Dependency <Task(BashOperator): create_entry_group>, delete_entry_group already registered for DAG: example_complex
[2026-03-03T01:01:45.388+0000] {logging_mixin.py:149} INFO - [2026-03-03T01:01:45.388+0000] {taskmixin.py:211} WARNING - Dependency <Task(BashOperator): delete_entry_group>, create_entry_group already registered for DAG: example_complex
[2026-03-03T01:01:45.389+0000] {logging_mixin.py:149} INFO - [2026-03-03T01:01:45.389+0000] {taskmixin.py:211} WARNING - Dependency <Task(BashOperator): create_entry_gcs>, delete_entry already registered for DAG: example_complex
[2026-03-03T01:01:45.389+0000] {logging_mixin.py:149} INFO - [2026-03-03T01:01:45.389+0000] {taskmixin.py:211} WARNING - Dependency <Task(BashOperator): delete_entry>, create_entry_gcs already registered for DAG: example_complex
[2026-03-03T01:01:45.389+0000] {logging_mixin.py:149} INFO - [2026-03-03T01:01:45.389+0000] {taskmixin.py:211} WARNING - Dependency <Task(BashOperator): create_tag>, delete_tag already registered for DAG: example_complex
[2026-03-03T01:01:45.390+0000] {logging_mixin.py:149} INFO - [2026-03-03T01:01:45.390+0000] {taskmixin.py:211} WARNING - Dependency <Task(BashOperator): delete_tag>, create_tag already registered for DAG: example_complex
[2026-03-03T01:01:45.391+0000] {processor.py:809} INFO - DAG(s) dict_keys(['example_complex']) retrieved from /home/airflow/.local/lib/python3.7/site-packages/airflow/example_dags/example_complex.py
[2026-03-03T01:01:45.414+0000] {logging_mixin.py:149} INFO - [2026-03-03T01:01:45.414+0000] {dag.py:2726} INFO - Sync 1 DAGs
[2026-03-03T01:01:45.431+0000] {logging_mixin.py:149} INFO - [2026-03-03T01:01:45.431+0000] {dag.py:3490} INFO - Setting next_dagrun for example_complex to None, run_after=None
[2026-03-03T01:01:45.447+0000] {processor.py:178} INFO - Processing /home/airflow/.local/lib/python3.7/site-packages/airflow/example_dags/example_complex.py took 0.074 seconds
[2026-03-03T01:02:16.239+0000] {processor.py:156} INFO - Started process (PID=802) to work on /home/airflow/.local/lib/python3.7/site-packages/airflow/example_dags/example_complex.py
[2026-03-03T01:02:16.240+0000] {processor.py:799} INFO - Processing file /home/airflow/.local/lib/python3.7/site-packages/airflow/example_dags/example_complex.py for tasks to queue
[2026-03-03T01:02:16.240+0000] {logging_mixin.py:149} INFO - [2026-03-03T01:02:16.240+0000] {dagbag.py:541} INFO - Filling up the DagBag from /home/airflow/.local/lib/python3.7/site-packages/airflow/example_dags/example_complex.py
[2026-03-03T01:02:16.246+0000] {logging_mixin.py:149} INFO - [2026-03-03T01:02:16.246+0000] {taskmixin.py:211} WARNING - Dependency <Task(BashOperator): create_entry_group>, delete_entry_group already registered for DAG: example_complex
[2026-03-03T01:02:16.246+0000] {logging_mixin.py:149} INFO - [2026-03-03T01:02:16.246+0000] {taskmixin.py:211} WARNING - Dependency <Task(BashOperator): delete_entry_group>, create_entry_group already registered for DAG: example_complex
[2026-03-03T01:02:16.246+0000] {logging_mixin.py:149} INFO - [2026-03-03T01:02:16.246+0000] {taskmixin.py:211} WARNING - Dependency <Task(BashOperator): create_entry_gcs>, delete_entry already registered for DAG: example_complex
[2026-03-03T01:02:16.247+0000] {logging_mixin.py:149} INFO - [2026-03-03T01:02:16.247+0000] {taskmixin.py:211} WARNING - Dependency <Task(BashOperator): delete_entry>, create_entry_gcs already registered for DAG: example_complex
[2026-03-03T01:02:16.247+0000] {logging_mixin.py:149} INFO - [2026-03-03T01:02:16.247+0000] {taskmixin.py:211} WARNING - Dependency <Task(BashOperator): create_tag>, delete_tag already registered for DAG: example_complex
[2026-03-03T01:02:16.247+0000] {logging_mixin.py:149} INFO - [2026-03-03T01:02:16.247+0000] {taskmixin.py:211} WARNING - Dependency <Task(BashOperator): delete_tag>, create_tag already registered for DAG: example_complex
[2026-03-03T01:02:16.247+0000] {processor.py:809} INFO - DAG(s) dict_keys(['example_complex']) retrieved from /home/airflow/.local/lib/python3.7/site-packages/airflow/example_dags/example_complex.py
[2026-03-03T01:02:16.266+0000] {logging_mixin.py:149} INFO - [2026-03-03T01:02:16.266+0000] {dag.py:2726} INFO - Sync 1 DAGs
[2026-03-03T01:02:16.279+0000] {logging_mixin.py:149} INFO - [2026-03-03T01:02:16.279+0000] {dag.py:3490} INFO - Setting next_dagrun for example_complex to None, run_after=None
[2026-03-03T01:02:16.288+0000] {processor.py:178} INFO - Processing /home/airflow/.local/lib/python3.7/site-packages/airflow/example_dags/example_complex.py took 0.052 seconds
[2026-03-03T01:02:46.975+0000] {processor.py:156} INFO - Started process (PID=864) to work on /home/airflow/.local/lib/python3.7/site-packages/airflow/example_dags/example_complex.py
[2026-03-03T01:02:46.976+0000] {processor.py:799} INFO - Processing file /home/airflow/.local/lib/python3.7/site-packages/airflow/example_dags/example_complex.py for tasks to queue
[2026-03-03T01:02:46.977+0000] {logging_mixin.py:149} INFO - [2026-03-03T01:02:46.977+0000] {dagbag.py:541} INFO - Filling up the DagBag from /home/airflow/.local/lib/python3.7/site-packages/airflow/example_dags/example_complex.py
[2026-03-03T01:02:46.986+0000] {logging_mixin.py:149} INFO - [2026-03-03T01:02:46.986+0000] {taskmixin.py:211} WARNING - Dependency <Task(BashOperator): create_entry_group>, delete_entry_group already registered for DAG: example_complex
[2026-03-03T01:02:46.987+0000] {logging_mixin.py:149} INFO - [2026-03-03T01:02:46.987+0000] {taskmixin.py:211} WARNING - Dependency <Task(BashOperator): delete_entry_group>, create_entry_group already registered for DAG: example_complex
[2026-03-03T01:02:46.987+0000] {logging_mixin.py:149} INFO - [2026-03-03T01:02:46.987+0000] {taskmixin.py:211} WARNING - Dependency <Task(BashOperator): create_entry_gcs>, delete_entry already registered for DAG: example_complex
[2026-03-03T01:02:46.987+0000] {logging_mixin.py:149} INFO - [2026-03-03T01:02:46.987+0000] {taskmixin.py:211} WARNING - Dependency <Task(BashOperator): delete_entry>, create_entry_gcs already registered for DAG: example_complex
[2026-03-03T01:02:46.987+0000] {logging_mixin.py:149} INFO - [2026-03-03T01:02:46.987+0000] {taskmixin.py:211} WARNING - Dependency <Task(BashOperator): create_tag>, delete_tag already registered for DAG: example_complex
[2026-03-03T01:02:46.988+0000] {logging_mixin.py:149} INFO - [2026-03-03T01:02:46.988+0000] {taskmixin.py:211} WARNING - Dependency <Task(BashOperator): delete_tag>, create_tag already registered for DAG: example_complex
[2026-03-03T01:02:46.988+0000] {processor.py:809} INFO - DAG(s) dict_keys(['example_complex']) retrieved from /home/airflow/.local/lib/python3.7/site-packages/airflow/example_dags/example_complex.py
[2026-03-03T01:02:47.008+0000] {logging_mixin.py:149} INFO - [2026-03-03T01:02:47.008+0000] {dag.py:2726} INFO - Sync 1 DAGs
[2026-03-03T01:02:47.021+0000] {logging_mixin.py:149} INFO - [2026-03-03T01:02:47.020+0000] {dag.py:3490} INFO - Setting next_dagrun for example_complex to None, run_after=None
[2026-03-03T01:02:47.030+0000] {processor.py:178} INFO - Processing /home/airflow/.local/lib/python3.7/site-packages/airflow/example_dags/example_complex.py took 0.057 seconds
[2026-03-03T01:03:17.732+0000] {processor.py:156} INFO - Started process (PID=926) to work on /home/airflow/.local/lib/python3.7/site-packages/airflow/example_dags/example_complex.py
[2026-03-03T01:03:17.733+0000] {processor.py:799} INFO - Processing file /home/airflow/.local/lib/python3.7/site-packages/airflow/example_dags/example_complex.py for tasks to queue
[2026-03-03T01:03:17.733+0000] {logging_mixin.py:149} INFO - [2026-03-03T01:03:17.733+0000] {dagbag.py:541} INFO - Filling up the DagBag from /home/airflow/.local/lib/python3.7/site-packages/airflow/example_dags/example_complex.py
[2026-03-03T01:03:17.744+0000] {logging_mixin.py:149} INFO - [2026-03-03T01:03:17.744+0000] {taskmixin.py:211} WARNING - Dependency <Task(BashOperator): create_entry_group>, delete_entry_group already registered for DAG: example_complex
[2026-03-03T01:03:17.745+0000] {logging_mixin.py:149} INFO - [2026-03-03T01:03:17.745+0000] {taskmixin.py:211} WARNING - Dependency <Task(BashOperator): delete_entry_group>, create_entry_group already registered for DAG: example_complex
[2026-03-03T01:03:17.745+0000] {logging_mixin.py:149} INFO - [2026-03-03T01:03:17.745+0000] {taskmixin.py:211} WARNING - Dependency <Task(BashOperator): create_entry_gcs>, delete_entry already registered for DAG: example_complex
[2026-03-03T01:03:17.746+0000] {logging_mixin.py:149} INFO - [2026-03-03T01:03:17.746+0000] {taskmixin.py:211} WARNING - Dependency <Task(BashOperator): delete_entry>, create_entry_gcs already registered for DAG: example_complex
[2026-03-03T01:03:17.746+0000] {logging_mixin.py:149} INFO - [2026-03-03T01:03:17.746+0000] {taskmixin.py:211} WARNING - Dependency <Task(BashOperator): create_tag>, delete_tag already registered for DAG: example_complex
[2026-03-03T01:03:17.746+0000] {logging_mixin.py:149} INFO - [2026-03-03T01:03:17.746+0000] {taskmixin.py:211} WARNING - Dependency <Task(BashOperator): delete_tag>, create_tag already registered for DAG: example_complex
[2026-03-03T01:03:17.748+0000] {processor.py:809} INFO - DAG(s) dict_keys(['example_complex']) retrieved from /home/airflow/.local/lib/python3.7/site-packages/airflow/example_dags/example_complex.py
[2026-03-03T01:03:17.772+0000] {logging_mixin.py:149} INFO - [2026-03-03T01:03:17.771+0000] {dag.py:2726} INFO - Sync 1 DAGs
[2026-03-03T01:03:17.786+0000] {logging_mixin.py:149} INFO - [2026-03-03T01:03:17.786+0000] {dag.py:3490} INFO - Setting next_dagrun for example_complex to None, run_after=None
[2026-03-03T01:03:17.795+0000] {processor.py:178} INFO - Processing /home/airflow/.local/lib/python3.7/site-packages/airflow/example_dags/example_complex.py took 0.068 seconds
[2026-03-03T01:03:48.497+0000] {processor.py:156} INFO - Started process (PID=988) to work on /home/airflow/.local/lib/python3.7/site-packages/airflow/example_dags/example_complex.py
[2026-03-03T01:03:48.498+0000] {processor.py:799} INFO - Processing file /home/airflow/.local/lib/python3.7/site-packages/airflow/example_dags/example_complex.py for tasks to queue
[2026-03-03T01:03:48.499+0000] {logging_mixin.py:149} INFO - [2026-03-03T01:03:48.499+0000] {dagbag.py:541} INFO - Filling up the DagBag from /home/airflow/.local/lib/python3.7/site-packages/airflow/example_dags/example_complex.py
[2026-03-03T01:03:48.505+0000] {logging_mixin.py:149} INFO - [2026-03-03T01:03:48.505+0000] {taskmixin.py:211} WARNING - Dependency <Task(BashOperator): create_entry_group>, delete_entry_group already registered for DAG: example_complex
[2026-03-03T01:03:48.506+0000] {logging_mixin.py:149} INFO - [2026-03-03T01:03:48.505+0000] {taskmixin.py:211} WARNING - Dependency <Task(BashOperator): delete_entry_group>, create_entry_group already registered for DAG: example_complex
[2026-03-03T01:03:48.506+0000] {logging_mixin.py:149} INFO - [2026-03-03T01:03:48.506+0000] {taskmixin.py:211} WARNING - Dependency <Task(BashOperator): create_entry_gcs>, delete_entry already registered for DAG: example_complex
[2026-03-03T01:03:48.506+0000] {logging_mixin.py:149} INFO - [2026-03-03T01:03:48.506+0000] {taskmixin.py:211} WARNING - Dependency <Task(BashOperator): delete_entry>, create_entry_gcs already registered for DAG: example_complex
[2026-03-03T01:03:48.506+0000] {logging_mixin.py:149} INFO - [2026-03-03T01:03:48.506+0000] {taskmixin.py:211} WARNING - Dependency <Task(BashOperator): create_tag>, delete_tag already registered for DAG: example_complex
[2026-03-03T01:03:48.506+0000] {logging_mixin.py:149} INFO - [2026-03-03T01:03:48.506+0000] {taskmixin.py:211} WARNING - Dependency <Task(BashOperator): delete_tag>, create_tag already registered for DAG: example_complex
[2026-03-03T01:03:48.507+0000] {processor.py:809} INFO - DAG(s) dict_keys(['example_complex']) retrieved from /home/airflow/.local/lib/python3.7/site-packages/airflow/example_dags/example_complex.py
[2026-03-03T01:03:48.532+0000] {logging_mixin.py:149} INFO - [2026-03-03T01:03:48.532+0000] {dag.py:2726} INFO - Sync 1 DAGs
[2026-03-03T01:03:48.554+0000] {logging_mixin.py:149} INFO - [2026-03-03T01:03:48.553+0000] {dag.py:3490} INFO - Setting next_dagrun for example_complex to None, run_after=None
[2026-03-03T01:03:48.568+0000] {processor.py:178} INFO - Processing /home/airflow/.local/lib/python3.7/site-packages/airflow/example_dags/example_complex.py took 0.075 seconds
[2026-03-03T01:04:19.255+0000] {processor.py:156} INFO - Started process (PID=1050) to work on /home/airflow/.local/lib/python3.7/site-packages/airflow/example_dags/example_complex.py
[2026-03-03T01:04:19.256+0000] {processor.py:799} INFO - Processing file /home/airflow/.local/lib/python3.7/site-packages/airflow/example_dags/example_complex.py for tasks to queue
[2026-03-03T01:04:19.256+0000] {logging_mixin.py:149} INFO - [2026-03-03T01:04:19.256+0000] {dagbag.py:541} INFO - Filling up the DagBag from /home/airflow/.local/lib/python3.7/site-packages/airflow/example_dags/example_complex.py
[2026-03-03T01:04:19.262+0000] {logging_mixin.py:149} INFO - [2026-03-03T01:04:19.261+0000] {taskmixin.py:211} WARNING - Dependency <Task(BashOperator): create_entry_group>, delete_entry_group already registered for DAG: example_complex
[2026-03-03T01:04:19.263+0000] {logging_mixin.py:149} INFO - [2026-03-03T01:04:19.263+0000] {taskmixin.py:211} WARNING - Dependency <Task(BashOperator): delete_entry_group>, create_entry_group already registered for DAG: example_complex
[2026-03-03T01:04:19.263+0000] {logging_mixin.py:149} INFO - [2026-03-03T01:04:19.263+0000] {taskmixin.py:211} WARNING - Dependency <Task(BashOperator): create_entry_gcs>, delete_entry already registered for DAG: example_complex
[2026-03-03T01:04:19.263+0000] {logging_mixin.py:149} INFO - [2026-03-03T01:04:19.263+0000] {taskmixin.py:211} WARNING - Dependency <Task(BashOperator): delete_entry>, create_entry_gcs already registered for DAG: example_complex
[2026-03-03T01:04:19.263+0000] {logging_mixin.py:149} INFO - [2026-03-03T01:04:19.263+0000] {taskmixin.py:211} WARNING - Dependency <Task(BashOperator): create_tag>, delete_tag already registered for DAG: example_complex
[2026-03-03T01:04:19.263+0000] {logging_mixin.py:149} INFO - [2026-03-03T01:04:19.263+0000] {taskmixin.py:211} WARNING - Dependency <Task(BashOperator): delete_tag>, create_tag already registered for DAG: example_complex
[2026-03-03T01:04:19.264+0000] {processor.py:809} INFO - DAG(s) dict_keys(['example_complex']) retrieved from /home/airflow/.local/lib/python3.7/site-packages/airflow/example_dags/example_complex.py
[2026-03-03T01:04:19.280+0000] {logging_mixin.py:149} INFO - [2026-03-03T01:04:19.279+0000] {dag.py:2726} INFO - Sync 1 DAGs
[2026-03-03T01:04:19.290+0000] {logging_mixin.py:149} INFO - [2026-03-03T01:04:19.290+0000] {dag.py:3490} INFO - Setting next_dagrun for example_complex to None, run_after=None
[2026-03-03T01:04:19.298+0000] {processor.py:178} INFO - Processing /home/airflow/.local/lib/python3.7/site-packages/airflow/example_dags/example_complex.py took 0.048 seconds
[2026-03-03T01:04:49.826+0000] {processor.py:156} INFO - Started process (PID=1112) to work on /home/airflow/.local/lib/python3.7/site-packages/airflow/example_dags/example_complex.py
[2026-03-03T01:04:49.826+0000] {processor.py:799} INFO - Processing file /home/airflow/.local/lib/python3.7/site-packages/airflow/example_dags/example_complex.py for tasks to queue
[2026-03-03T01:04:49.827+0000] {logging_mixin.py:149} INFO - [2026-03-03T01:04:49.827+0000] {dagbag.py:541} INFO - Filling up the DagBag from /home/airflow/.local/lib/python3.7/site-packages/airflow/example_dags/example_complex.py
[2026-03-03T01:04:49.835+0000] {logging_mixin.py:149} INFO - [2026-03-03T01:04:49.835+0000] {taskmixin.py:211} WARNING - Dependency <Task(BashOperator): create_entry_group>, delete_entry_group already registered for DAG: example_complex
[2026-03-03T01:04:49.835+0000] {logging_mixin.py:149} INFO - [2026-03-03T01:04:49.835+0000] {taskmixin.py:211} WARNING - Dependency <Task(BashOperator): delete_entry_group>, create_entry_group already registered for DAG: example_complex
[2026-03-03T01:04:49.836+0000] {logging_mixin.py:149} INFO - [2026-03-03T01:04:49.836+0000] {taskmixin.py:211} WARNING - Dependency <Task(BashOperator): create_entry_gcs>, delete_entry already registered for DAG: example_complex
[2026-03-03T01:04:49.836+0000] {logging_mixin.py:149} INFO - [2026-03-03T01:04:49.836+0000] {taskmixin.py:211} WARNING - Dependency <Task(BashOperator): delete_entry>, create_entry_gcs already registered for DAG: example_complex
[2026-03-03T01:04:49.836+0000] {logging_mixin.py:149} INFO - [2026-03-03T01:04:49.836+0000] {taskmixin.py:211} WARNING - Dependency <Task(BashOperator): create_tag>, delete_tag already registered for DAG: example_complex
[2026-03-03T01:04:49.836+0000] {logging_mixin.py:149} INFO - [2026-03-03T01:04:49.836+0000] {taskmixin.py:211} WARNING - Dependency <Task(BashOperator): delete_tag>, create_tag already registered for DAG: example_complex
[2026-03-03T01:04:49.837+0000] {processor.py:809} INFO - DAG(s) dict_keys(['example_complex']) retrieved from /home/airflow/.local/lib/python3.7/site-packages/airflow/example_dags/example_complex.py
[2026-03-03T01:04:49.858+0000] {logging_mixin.py:149} INFO - [2026-03-03T01:04:49.857+0000] {dag.py:2726} INFO - Sync 1 DAGs
[2026-03-03T01:04:49.871+0000] {logging_mixin.py:149} INFO - [2026-03-03T01:04:49.870+0000] {dag.py:3490} INFO - Setting next_dagrun for example_complex to None, run_after=None
[2026-03-03T01:04:49.880+0000] {processor.py:178} INFO - Processing /home/airflow/.local/lib/python3.7/site-packages/airflow/example_dags/example_complex.py took 0.060 seconds
[2026-03-03T01:05:20.627+0000] {processor.py:156} INFO - Started process (PID=1174) to work on /home/airflow/.local/lib/python3.7/site-packages/airflow/example_dags/example_complex.py
[2026-03-03T01:05:20.628+0000] {processor.py:799} INFO - Processing file /home/airflow/.local/lib/python3.7/site-packages/airflow/example_dags/example_complex.py for tasks to queue
[2026-03-03T01:05:20.630+0000] {logging_mixin.py:149} INFO - [2026-03-03T01:05:20.629+0000] {dagbag.py:541} INFO - Filling up the DagBag from /home/airflow/.local/lib/python3.7/site-packages/airflow/example_dags/example_complex.py
[2026-03-03T01:05:20.642+0000] {logging_mixin.py:149} INFO - [2026-03-03T01:05:20.642+0000] {taskmixin.py:211} WARNING - Dependency <Task(BashOperator): create_entry_group>, delete_entry_group already registered for DAG: example_complex
[2026-03-03T01:05:20.642+0000] {logging_mixin.py:149} INFO - [2026-03-03T01:05:20.642+0000] {taskmixin.py:211} WARNING - Dependency <Task(BashOperator): delete_entry_group>, create_entry_group already registered for DAG: example_complex
[2026-03-03T01:05:20.642+0000] {logging_mixin.py:149} INFO - [2026-03-03T01:05:20.642+0000] {taskmixin.py:211} WARNING - Dependency <Task(BashOperator): create_entry_gcs>, delete_entry already registered for DAG: example_complex
[2026-03-03T01:05:20.642+0000] {logging_mixin.py:149} INFO - [2026-03-03T01:05:20.642+0000] {taskmixin.py:211} WARNING - Dependency <Task(BashOperator): delete_entry>, create_entry_gcs already registered for DAG: example_complex
[2026-03-03T01:05:20.643+0000] {logging_mixin.py:149} INFO - [2026-03-03T01:05:20.643+0000] {taskmixin.py:211} WARNING - Dependency <Task(BashOperator): create_tag>, delete_tag already registered for DAG: example_complex
[2026-03-03T01:05:20.643+0000] {logging_mixin.py:149} INFO - [2026-03-03T01:05:20.643+0000] {taskmixin.py:211} WARNING - Dependency <Task(BashOperator): delete_tag>, create_tag already registered for DAG: example_complex
[2026-03-03T01:05:20.644+0000] {processor.py:809} INFO - DAG(s) dict_keys(['example_complex']) retrieved from /home/airflow/.local/lib/python3.7/site-packages/airflow/example_dags/example_complex.py
[2026-03-03T01:05:20.667+0000] {logging_mixin.py:149} INFO - [2026-03-03T01:05:20.667+0000] {dag.py:2726} INFO - Sync 1 DAGs
[2026-03-03T01:05:20.682+0000] {logging_mixin.py:149} INFO - [2026-03-03T01:05:20.681+0000] {dag.py:3490} INFO - Setting next_dagrun for example_complex to None, run_after=None
[2026-03-03T01:05:20.691+0000] {processor.py:178} INFO - Processing /home/airflow/.local/lib/python3.7/site-packages/airflow/example_dags/example_complex.py took 0.069 seconds
[2026-03-03T01:05:51.346+0000] {processor.py:156} INFO - Started process (PID=1236) to work on /home/airflow/.local/lib/python3.7/site-packages/airflow/example_dags/example_complex.py
[2026-03-03T01:05:51.347+0000] {processor.py:799} INFO - Processing file /home/airflow/.local/lib/python3.7/site-packages/airflow/example_dags/example_complex.py for tasks to queue
[2026-03-03T01:05:51.348+0000] {logging_mixin.py:149} INFO - [2026-03-03T01:05:51.348+0000] {dagbag.py:541} INFO - Filling up the DagBag from /home/airflow/.local/lib/python3.7/site-packages/airflow/example_dags/example_complex.py
[2026-03-03T01:05:51.354+0000] {logging_mixin.py:149} INFO - [2026-03-03T01:05:51.354+0000] {taskmixin.py:211} WARNING - Dependency <Task(BashOperator): create_entry_group>, delete_entry_group already registered for DAG: example_complex
[2026-03-03T01:05:51.354+0000] {logging_mixin.py:149} INFO - [2026-03-03T01:05:51.354+0000] {taskmixin.py:211} WARNING - Dependency <Task(BashOperator): delete_entry_group>, create_entry_group already registered for DAG: example_complex
[2026-03-03T01:05:51.354+0000] {logging_mixin.py:149} INFO - [2026-03-03T01:05:51.354+0000] {taskmixin.py:211} WARNING - Dependency <Task(BashOperator): create_entry_gcs>, delete_entry already registered for DAG: example_complex
[2026-03-03T01:05:51.354+0000] {logging_mixin.py:149} INFO - [2026-03-03T01:05:51.354+0000] {taskmixin.py:211} WARNING - Dependency <Task(BashOperator): delete_entry>, create_entry_gcs already registered for DAG: example_complex
[2026-03-03T01:05:51.354+0000] {logging_mixin.py:149} INFO - [2026-03-03T01:05:51.354+0000] {taskmixin.py:211} WARNING - Dependency <Task(BashOperator): create_tag>, delete_tag already registered for DAG: example_complex
[2026-03-03T01:05:51.355+0000] {logging_mixin.py:149} INFO - [2026-03-03T01:05:51.355+0000] {taskmixin.py:211} WARNING - Dependency <Task(BashOperator): delete_tag>, create_tag already registered for DAG: example_complex
[2026-03-03T01:05:51.355+0000] {processor.py:809} INFO - DAG(s) dict_keys(['example_complex']) retrieved from /home/airflow/.local/lib/python3.7/site-packages/airflow/example_dags/example_complex.py
[2026-03-03T01:05:51.372+0000] {logging_mixin.py:149} INFO - [2026-03-03T01:05:51.372+0000] {dag.py:2726} INFO - Sync 1 DAGs
[2026-03-03T01:05:51.383+0000] {logging_mixin.py:149} INFO - [2026-03-03T01:05:51.383+0000] {dag.py:3490} INFO - Setting next_dagrun for example_complex to None, run_after=None
[2026-03-03T01:05:51.391+0000] {processor.py:178} INFO - Processing /home/airflow/.local/lib/python3.7/site-packages/airflow/example_dags/example_complex.py took 0.048 seconds
[2026-03-03T01:06:21.838+0000] {processor.py:156} INFO - Started process (PID=1298) to work on /home/airflow/.local/lib/python3.7/site-packages/airflow/example_dags/example_complex.py
[2026-03-03T01:06:21.839+0000] {processor.py:799} INFO - Processing file /home/airflow/.local/lib/python3.7/site-packages/airflow/example_dags/example_complex.py for tasks to queue
[2026-03-03T01:06:21.840+0000] {logging_mixin.py:149} INFO - [2026-03-03T01:06:21.840+0000] {dagbag.py:541} INFO - Filling up the DagBag from /home/airflow/.local/lib/python3.7/site-packages/airflow/example_dags/example_complex.py
[2026-03-03T01:06:21.846+0000] {logging_mixin.py:149} INFO - [2026-03-03T01:06:21.846+0000] {taskmixin.py:211} WARNING - Dependency <Task(BashOperator): create_entry_group>, delete_entry_group already registered for DAG: example_complex
[2026-03-03T01:06:21.846+0000] {logging_mixin.py:149} INFO - [2026-03-03T01:06:21.846+0000] {taskmixin.py:211} WARNING - Dependency <Task(BashOperator): delete_entry_group>, create_entry_group already registered for DAG: example_complex
[2026-03-03T01:06:21.846+0000] {logging_mixin.py:149} INFO - [2026-03-03T01:06:21.846+0000] {taskmixin.py:211} WARNING - Dependency <Task(BashOperator): create_entry_gcs>, delete_entry already registered for DAG: example_complex
[2026-03-03T01:06:21.846+0000] {logging_mixin.py:149} INFO - [2026-03-03T01:06:21.846+0000] {taskmixin.py:211} WARNING - Dependency <Task(BashOperator): delete_entry>, create_entry_gcs already registered for DAG: example_complex
[2026-03-03T01:06:21.847+0000] {logging_mixin.py:149} INFO - [2026-03-03T01:06:21.847+0000] {taskmixin.py:211} WARNING - Dependency <Task(BashOperator): create_tag>, delete_tag already registered for DAG: example_complex
[2026-03-03T01:06:21.847+0000] {logging_mixin.py:149} INFO - [2026-03-03T01:06:21.847+0000] {taskmixin.py:211} WARNING - Dependency <Task(BashOperator): delete_tag>, create_tag already registered for DAG: example_complex
[2026-03-03T01:06:21.847+0000] {processor.py:809} INFO - DAG(s) dict_keys(['example_complex']) retrieved from /home/airflow/.local/lib/python3.7/site-packages/airflow/example_dags/example_complex.py
[2026-03-03T01:06:21.863+0000] {logging_mixin.py:149} INFO - [2026-03-03T01:06:21.863+0000] {dag.py:2726} INFO - Sync 1 DAGs
[2026-03-03T01:06:21.874+0000] {logging_mixin.py:149} INFO - [2026-03-03T01:06:21.874+0000] {dag.py:3490} INFO - Setting next_dagrun for example_complex to None, run_after=None
[2026-03-03T01:06:21.882+0000] {processor.py:178} INFO - Processing /home/airflow/.local/lib/python3.7/site-packages/airflow/example_dags/example_complex.py took 0.048 seconds
[2026-03-03T01:07:09.430+0000] {processor.py:156} INFO - Started process (PID=50) to work on /home/airflow/.local/lib/python3.7/site-packages/airflow/example_dags/example_complex.py
[2026-03-03T01:07:09.430+0000] {processor.py:799} INFO - Processing file /home/airflow/.local/lib/python3.7/site-packages/airflow/example_dags/example_complex.py for tasks to queue
[2026-03-03T01:07:09.431+0000] {logging_mixin.py:149} INFO - [2026-03-03T01:07:09.431+0000] {dagbag.py:541} INFO - Filling up the DagBag from /home/airflow/.local/lib/python3.7/site-packages/airflow/example_dags/example_complex.py
[2026-03-03T01:07:09.443+0000] {logging_mixin.py:149} INFO - [2026-03-03T01:07:09.443+0000] {taskmixin.py:211} WARNING - Dependency <Task(BashOperator): create_entry_group>, delete_entry_group already registered for DAG: example_complex
[2026-03-03T01:07:09.444+0000] {logging_mixin.py:149} INFO - [2026-03-03T01:07:09.444+0000] {taskmixin.py:211} WARNING - Dependency <Task(BashOperator): delete_entry_group>, create_entry_group already registered for DAG: example_complex
[2026-03-03T01:07:09.446+0000] {logging_mixin.py:149} INFO - [2026-03-03T01:07:09.446+0000] {taskmixin.py:211} WARNING - Dependency <Task(BashOperator): create_entry_gcs>, delete_entry already registered for DAG: example_complex
[2026-03-03T01:07:09.446+0000] {logging_mixin.py:149} INFO - [2026-03-03T01:07:09.446+0000] {taskmixin.py:211} WARNING - Dependency <Task(BashOperator): delete_entry>, create_entry_gcs already registered for DAG: example_complex
[2026-03-03T01:07:09.447+0000] {logging_mixin.py:149} INFO - [2026-03-03T01:07:09.447+0000] {taskmixin.py:211} WARNING - Dependency <Task(BashOperator): create_tag>, delete_tag already registered for DAG: example_complex
[2026-03-03T01:07:09.447+0000] {logging_mixin.py:149} INFO - [2026-03-03T01:07:09.447+0000] {taskmixin.py:211} WARNING - Dependency <Task(BashOperator): delete_tag>, create_tag already registered for DAG: example_complex
[2026-03-03T01:07:09.449+0000] {processor.py:809} INFO - DAG(s) dict_keys(['example_complex']) retrieved from /home/airflow/.local/lib/python3.7/site-packages/airflow/example_dags/example_complex.py
[2026-03-03T01:07:09.466+0000] {logging_mixin.py:149} INFO - [2026-03-03T01:07:09.466+0000] {dag.py:2726} INFO - Sync 1 DAGs
[2026-03-03T01:07:09.487+0000] {logging_mixin.py:149} INFO - [2026-03-03T01:07:09.487+0000] {dag.py:3490} INFO - Setting next_dagrun for example_complex to None, run_after=None
[2026-03-03T01:07:09.506+0000] {processor.py:178} INFO - Processing /home/airflow/.local/lib/python3.7/site-packages/airflow/example_dags/example_complex.py took 0.079 seconds
[2026-03-03T01:07:39.593+0000] {processor.py:156} INFO - Started process (PID=112) to work on /home/airflow/.local/lib/python3.7/site-packages/airflow/example_dags/example_complex.py
[2026-03-03T01:07:39.593+0000] {processor.py:799} INFO - Processing file /home/airflow/.local/lib/python3.7/site-packages/airflow/example_dags/example_complex.py for tasks to queue
[2026-03-03T01:07:39.594+0000] {logging_mixin.py:149} INFO - [2026-03-03T01:07:39.594+0000] {dagbag.py:541} INFO - Filling up the DagBag from /home/airflow/.local/lib/python3.7/site-packages/airflow/example_dags/example_complex.py
[2026-03-03T01:07:39.600+0000] {logging_mixin.py:149} INFO - [2026-03-03T01:07:39.600+0000] {taskmixin.py:211} WARNING - Dependency <Task(BashOperator): create_entry_group>, delete_entry_group already registered for DAG: example_complex
[2026-03-03T01:07:39.601+0000] {logging_mixin.py:149} INFO - [2026-03-03T01:07:39.601+0000] {taskmixin.py:211} WARNING - Dependency <Task(BashOperator): delete_entry_group>, create_entry_group already registered for DAG: example_complex
[2026-03-03T01:07:39.602+0000] {logging_mixin.py:149} INFO - [2026-03-03T01:07:39.602+0000] {taskmixin.py:211} WARNING - Dependency <Task(BashOperator): create_entry_gcs>, delete_entry already registered for DAG: example_complex
[2026-03-03T01:07:39.602+0000] {logging_mixin.py:149} INFO - [2026-03-03T01:07:39.602+0000] {taskmixin.py:211} WARNING - Dependency <Task(BashOperator): delete_entry>, create_entry_gcs already registered for DAG: example_complex
[2026-03-03T01:07:39.603+0000] {logging_mixin.py:149} INFO - [2026-03-03T01:07:39.603+0000] {taskmixin.py:211} WARNING - Dependency <Task(BashOperator): create_tag>, delete_tag already registered for DAG: example_complex
[2026-03-03T01:07:39.603+0000] {logging_mixin.py:149} INFO - [2026-03-03T01:07:39.603+0000] {taskmixin.py:211} WARNING - Dependency <Task(BashOperator): delete_tag>, create_tag already registered for DAG: example_complex
[2026-03-03T01:07:39.604+0000] {processor.py:809} INFO - DAG(s) dict_keys(['example_complex']) retrieved from /home/airflow/.local/lib/python3.7/site-packages/airflow/example_dags/example_complex.py
[2026-03-03T01:07:39.624+0000] {logging_mixin.py:149} INFO - [2026-03-03T01:07:39.624+0000] {dag.py:2726} INFO - Sync 1 DAGs
[2026-03-03T01:07:39.635+0000] {logging_mixin.py:149} INFO - [2026-03-03T01:07:39.635+0000] {dag.py:3490} INFO - Setting next_dagrun for example_complex to None, run_after=None
[2026-03-03T01:07:39.647+0000] {processor.py:178} INFO - Processing /home/airflow/.local/lib/python3.7/site-packages/airflow/example_dags/example_complex.py took 0.057 seconds
[2026-03-03T01:08:14.930+0000] {processor.py:156} INFO - Started process (PID=181) to work on /home/airflow/.local/lib/python3.7/site-packages/airflow/example_dags/example_complex.py
[2026-03-03T01:08:14.932+0000] {processor.py:799} INFO - Processing file /home/airflow/.local/lib/python3.7/site-packages/airflow/example_dags/example_complex.py for tasks to queue
[2026-03-03T01:08:14.936+0000] {logging_mixin.py:149} INFO - [2026-03-03T01:08:14.935+0000] {dagbag.py:541} INFO - Filling up the DagBag from /home/airflow/.local/lib/python3.7/site-packages/airflow/example_dags/example_complex.py
[2026-03-03T01:08:14.964+0000] {logging_mixin.py:149} INFO - [2026-03-03T01:08:14.963+0000] {taskmixin.py:211} WARNING - Dependency <Task(BashOperator): create_entry_group>, delete_entry_group already registered for DAG: example_complex
[2026-03-03T01:08:14.966+0000] {logging_mixin.py:149} INFO - [2026-03-03T01:08:14.966+0000] {taskmixin.py:211} WARNING - Dependency <Task(BashOperator): delete_entry_group>, create_entry_group already registered for DAG: example_complex
[2026-03-03T01:08:14.970+0000] {logging_mixin.py:149} INFO - [2026-03-03T01:08:14.969+0000] {taskmixin.py:211} WARNING - Dependency <Task(BashOperator): create_entry_gcs>, delete_entry already registered for DAG: example_complex
[2026-03-03T01:08:14.971+0000] {logging_mixin.py:149} INFO - [2026-03-03T01:08:14.970+0000] {taskmixin.py:211} WARNING - Dependency <Task(BashOperator): delete_entry>, create_entry_gcs already registered for DAG: example_complex
[2026-03-03T01:08:14.972+0000] {logging_mixin.py:149} INFO - [2026-03-03T01:08:14.972+0000] {taskmixin.py:211} WARNING - Dependency <Task(BashOperator): create_tag>, delete_tag already registered for DAG: example_complex
[2026-03-03T01:08:14.974+0000] {logging_mixin.py:149} INFO - [2026-03-03T01:08:14.974+0000] {taskmixin.py:211} WARNING - Dependency <Task(BashOperator): delete_tag>, create_tag already registered for DAG: example_complex
[2026-03-03T01:08:14.978+0000] {processor.py:809} INFO - DAG(s) dict_keys(['example_complex']) retrieved from /home/airflow/.local/lib/python3.7/site-packages/airflow/example_dags/example_complex.py
[2026-03-03T01:08:15.063+0000] {logging_mixin.py:149} INFO - [2026-03-03T01:08:15.063+0000] {dag.py:2726} INFO - Sync 1 DAGs
[2026-03-03T01:08:15.469+0000] {logging_mixin.py:149} INFO - [2026-03-03T01:08:15.469+0000] {dag.py:3490} INFO - Setting next_dagrun for example_complex to None, run_after=None
[2026-03-03T01:08:15.529+0000] {processor.py:178} INFO - Processing /home/airflow/.local/lib/python3.7/site-packages/airflow/example_dags/example_complex.py took 0.606 seconds
[2026-03-03T01:08:45.956+0000] {processor.py:156} INFO - Started process (PID=243) to work on /home/airflow/.local/lib/python3.7/site-packages/airflow/example_dags/example_complex.py
[2026-03-03T01:08:45.958+0000] {processor.py:799} INFO - Processing file /home/airflow/.local/lib/python3.7/site-packages/airflow/example_dags/example_complex.py for tasks to queue
[2026-03-03T01:08:45.959+0000] {logging_mixin.py:149} INFO - [2026-03-03T01:08:45.959+0000] {dagbag.py:541} INFO - Filling up the DagBag from /home/airflow/.local/lib/python3.7/site-packages/airflow/example_dags/example_complex.py
[2026-03-03T01:08:45.966+0000] {logging_mixin.py:149} INFO - [2026-03-03T01:08:45.966+0000] {taskmixin.py:211} WARNING - Dependency <Task(BashOperator): create_entry_group>, delete_entry_group already registered for DAG: example_complex
[2026-03-03T01:08:45.969+0000] {logging_mixin.py:149} INFO - [2026-03-03T01:08:45.969+0000] {taskmixin.py:211} WARNING - Dependency <Task(BashOperator): delete_entry_group>, create_entry_group already registered for DAG: example_complex
[2026-03-03T01:08:45.970+0000] {logging_mixin.py:149} INFO - [2026-03-03T01:08:45.970+0000] {taskmixin.py:211} WARNING - Dependency <Task(BashOperator): create_entry_gcs>, delete_entry already registered for DAG: example_complex
[2026-03-03T01:08:45.971+0000] {logging_mixin.py:149} INFO - [2026-03-03T01:08:45.971+0000] {taskmixin.py:211} WARNING - Dependency <Task(BashOperator): delete_entry>, create_entry_gcs already registered for DAG: example_complex
[2026-03-03T01:08:45.972+0000] {logging_mixin.py:149} INFO - [2026-03-03T01:08:45.972+0000] {taskmixin.py:211} WARNING - Dependency <Task(BashOperator): create_tag>, delete_tag already registered for DAG: example_complex
[2026-03-03T01:08:45.973+0000] {logging_mixin.py:149} INFO - [2026-03-03T01:08:45.973+0000] {taskmixin.py:211} WARNING - Dependency <Task(BashOperator): delete_tag>, create_tag already registered for DAG: example_complex
[2026-03-03T01:08:45.974+0000] {processor.py:809} INFO - DAG(s) dict_keys(['example_complex']) retrieved from /home/airflow/.local/lib/python3.7/site-packages/airflow/example_dags/example_complex.py
[2026-03-03T01:08:46.010+0000] {logging_mixin.py:149} INFO - [2026-03-03T01:08:46.010+0000] {dag.py:2726} INFO - Sync 1 DAGs
[2026-03-03T01:08:46.030+0000] {logging_mixin.py:149} INFO - [2026-03-03T01:08:46.029+0000] {dag.py:3490} INFO - Setting next_dagrun for example_complex to None, run_after=None
[2026-03-03T01:08:46.039+0000] {processor.py:178} INFO - Processing /home/airflow/.local/lib/python3.7/site-packages/airflow/example_dags/example_complex.py took 0.087 seconds
[2026-03-03T01:09:16.910+0000] {processor.py:156} INFO - Started process (PID=305) to work on /home/airflow/.local/lib/python3.7/site-packages/airflow/example_dags/example_complex.py
[2026-03-03T01:09:16.911+0000] {processor.py:799} INFO - Processing file /home/airflow/.local/lib/python3.7/site-packages/airflow/example_dags/example_complex.py for tasks to queue
[2026-03-03T01:09:16.911+0000] {logging_mixin.py:149} INFO - [2026-03-03T01:09:16.911+0000] {dagbag.py:541} INFO - Filling up the DagBag from /home/airflow/.local/lib/python3.7/site-packages/airflow/example_dags/example_complex.py
[2026-03-03T01:09:16.919+0000] {logging_mixin.py:149} INFO - [2026-03-03T01:09:16.919+0000] {taskmixin.py:211} WARNING - Dependency <Task(BashOperator): create_entry_group>, delete_entry_group already registered for DAG: example_complex
[2026-03-03T01:09:16.919+0000] {logging_mixin.py:149} INFO - [2026-03-03T01:09:16.919+0000] {taskmixin.py:211} WARNING - Dependency <Task(BashOperator): delete_entry_group>, create_entry_group already registered for DAG: example_complex
[2026-03-03T01:09:16.920+0000] {logging_mixin.py:149} INFO - [2026-03-03T01:09:16.920+0000] {taskmixin.py:211} WARNING - Dependency <Task(BashOperator): create_entry_gcs>, delete_entry already registered for DAG: example_complex
[2026-03-03T01:09:16.920+0000] {logging_mixin.py:149} INFO - [2026-03-03T01:09:16.920+0000] {taskmixin.py:211} WARNING - Dependency <Task(BashOperator): delete_entry>, create_entry_gcs already registered for DAG: example_complex
[2026-03-03T01:09:16.921+0000] {logging_mixin.py:149} INFO - [2026-03-03T01:09:16.921+0000] {taskmixin.py:211} WARNING - Dependency <Task(BashOperator): create_tag>, delete_tag already registered for DAG: example_complex
[2026-03-03T01:09:16.921+0000] {logging_mixin.py:149} INFO - [2026-03-03T01:09:16.921+0000] {taskmixin.py:211} WARNING - Dependency <Task(BashOperator): delete_tag>, create_tag already registered for DAG: example_complex
[2026-03-03T01:09:16.922+0000] {processor.py:809} INFO - DAG(s) dict_keys(['example_complex']) retrieved from /home/airflow/.local/lib/python3.7/site-packages/airflow/example_dags/example_complex.py
[2026-03-03T01:09:16.946+0000] {logging_mixin.py:149} INFO - [2026-03-03T01:09:16.945+0000] {dag.py:2726} INFO - Sync 1 DAGs
[2026-03-03T01:09:16.960+0000] {logging_mixin.py:149} INFO - [2026-03-03T01:09:16.960+0000] {dag.py:3490} INFO - Setting next_dagrun for example_complex to None, run_after=None
[2026-03-03T01:09:16.971+0000] {processor.py:178} INFO - Processing /home/airflow/.local/lib/python3.7/site-packages/airflow/example_dags/example_complex.py took 0.063 seconds
[2026-03-03T01:09:47.873+0000] {processor.py:156} INFO - Started process (PID=367) to work on /home/airflow/.local/lib/python3.7/site-packages/airflow/example_dags/example_complex.py
[2026-03-03T01:09:47.875+0000] {processor.py:799} INFO - Processing file /home/airflow/.local/lib/python3.7/site-packages/airflow/example_dags/example_complex.py for tasks to queue
[2026-03-03T01:09:47.875+0000] {logging_mixin.py:149} INFO - [2026-03-03T01:09:47.875+0000] {dagbag.py:541} INFO - Filling up the DagBag from /home/airflow/.local/lib/python3.7/site-packages/airflow/example_dags/example_complex.py
[2026-03-03T01:09:47.884+0000] {logging_mixin.py:149} INFO - [2026-03-03T01:09:47.884+0000] {taskmixin.py:211} WARNING - Dependency <Task(BashOperator): create_entry_group>, delete_entry_group already registered for DAG: example_complex
[2026-03-03T01:09:47.884+0000] {logging_mixin.py:149} INFO - [2026-03-03T01:09:47.884+0000] {taskmixin.py:211} WARNING - Dependency <Task(BashOperator): delete_entry_group>, create_entry_group already registered for DAG: example_complex
[2026-03-03T01:09:47.885+0000] {logging_mixin.py:149} INFO - [2026-03-03T01:09:47.885+0000] {taskmixin.py:211} WARNING - Dependency <Task(BashOperator): create_entry_gcs>, delete_entry already registered for DAG: example_complex
[2026-03-03T01:09:47.886+0000] {logging_mixin.py:149} INFO - [2026-03-03T01:09:47.886+0000] {taskmixin.py:211} WARNING - Dependency <Task(BashOperator): delete_entry>, create_entry_gcs already registered for DAG: example_complex
[2026-03-03T01:09:47.886+0000] {logging_mixin.py:149} INFO - [2026-03-03T01:09:47.886+0000] {taskmixin.py:211} WARNING - Dependency <Task(BashOperator): create_tag>, delete_tag already registered for DAG: example_complex
[2026-03-03T01:09:47.886+0000] {logging_mixin.py:149} INFO - [2026-03-03T01:09:47.886+0000] {taskmixin.py:211} WARNING - Dependency <Task(BashOperator): delete_tag>, create_tag already registered for DAG: example_complex
[2026-03-03T01:09:47.887+0000] {processor.py:809} INFO - DAG(s) dict_keys(['example_complex']) retrieved from /home/airflow/.local/lib/python3.7/site-packages/airflow/example_dags/example_complex.py
[2026-03-03T01:09:47.913+0000] {logging_mixin.py:149} INFO - [2026-03-03T01:09:47.913+0000] {dag.py:2726} INFO - Sync 1 DAGs
[2026-03-03T01:09:47.930+0000] {logging_mixin.py:149} INFO - [2026-03-03T01:09:47.930+0000] {dag.py:3490} INFO - Setting next_dagrun for example_complex to None, run_after=None
[2026-03-03T01:09:47.944+0000] {processor.py:178} INFO - Processing /home/airflow/.local/lib/python3.7/site-packages/airflow/example_dags/example_complex.py took 0.073 seconds
[2026-03-03T01:10:18.206+0000] {processor.py:156} INFO - Started process (PID=429) to work on /home/airflow/.local/lib/python3.7/site-packages/airflow/example_dags/example_complex.py
[2026-03-03T01:10:18.209+0000] {processor.py:799} INFO - Processing file /home/airflow/.local/lib/python3.7/site-packages/airflow/example_dags/example_complex.py for tasks to queue
[2026-03-03T01:10:18.212+0000] {logging_mixin.py:149} INFO - [2026-03-03T01:10:18.211+0000] {dagbag.py:541} INFO - Filling up the DagBag from /home/airflow/.local/lib/python3.7/site-packages/airflow/example_dags/example_complex.py
[2026-03-03T01:10:18.240+0000] {logging_mixin.py:149} INFO - [2026-03-03T01:10:18.239+0000] {taskmixin.py:211} WARNING - Dependency <Task(BashOperator): create_entry_group>, delete_entry_group already registered for DAG: example_complex
[2026-03-03T01:10:18.241+0000] {logging_mixin.py:149} INFO - [2026-03-03T01:10:18.241+0000] {taskmixin.py:211} WARNING - Dependency <Task(BashOperator): delete_entry_group>, create_entry_group already registered for DAG: example_complex
[2026-03-03T01:10:18.243+0000] {logging_mixin.py:149} INFO - [2026-03-03T01:10:18.242+0000] {taskmixin.py:211} WARNING - Dependency <Task(BashOperator): create_entry_gcs>, delete_entry already registered for DAG: example_complex
[2026-03-03T01:10:18.244+0000] {logging_mixin.py:149} INFO - [2026-03-03T01:10:18.243+0000] {taskmixin.py:211} WARNING - Dependency <Task(BashOperator): delete_entry>, create_entry_gcs already registered for DAG: example_complex
[2026-03-03T01:10:18.245+0000] {logging_mixin.py:149} INFO - [2026-03-03T01:10:18.245+0000] {taskmixin.py:211} WARNING - Dependency <Task(BashOperator): create_tag>, delete_tag already registered for DAG: example_complex
[2026-03-03T01:10:18.247+0000] {logging_mixin.py:149} INFO - [2026-03-03T01:10:18.247+0000] {taskmixin.py:211} WARNING - Dependency <Task(BashOperator): delete_tag>, create_tag already registered for DAG: example_complex
[2026-03-03T01:10:18.254+0000] {processor.py:809} INFO - DAG(s) dict_keys(['example_complex']) retrieved from /home/airflow/.local/lib/python3.7/site-packages/airflow/example_dags/example_complex.py
[2026-03-03T01:10:18.357+0000] {logging_mixin.py:149} INFO - [2026-03-03T01:10:18.356+0000] {dag.py:2726} INFO - Sync 1 DAGs
[2026-03-03T01:10:18.438+0000] {logging_mixin.py:149} INFO - [2026-03-03T01:10:18.437+0000] {dag.py:3490} INFO - Setting next_dagrun for example_complex to None, run_after=None
[2026-03-03T01:10:18.513+0000] {processor.py:178} INFO - Processing /home/airflow/.local/lib/python3.7/site-packages/airflow/example_dags/example_complex.py took 0.321 seconds
[2026-03-03T01:10:49.324+0000] {processor.py:156} INFO - Started process (PID=491) to work on /home/airflow/.local/lib/python3.7/site-packages/airflow/example_dags/example_complex.py
[2026-03-03T01:10:49.326+0000] {processor.py:799} INFO - Processing file /home/airflow/.local/lib/python3.7/site-packages/airflow/example_dags/example_complex.py for tasks to queue
[2026-03-03T01:10:49.328+0000] {logging_mixin.py:149} INFO - [2026-03-03T01:10:49.327+0000] {dagbag.py:541} INFO - Filling up the DagBag from /home/airflow/.local/lib/python3.7/site-packages/airflow/example_dags/example_complex.py
[2026-03-03T01:10:49.350+0000] {logging_mixin.py:149} INFO - [2026-03-03T01:10:49.350+0000] {taskmixin.py:211} WARNING - Dependency <Task(BashOperator): create_entry_group>, delete_entry_group already registered for DAG: example_complex
[2026-03-03T01:10:49.351+0000] {logging_mixin.py:149} INFO - [2026-03-03T01:10:49.351+0000] {taskmixin.py:211} WARNING - Dependency <Task(BashOperator): delete_entry_group>, create_entry_group already registered for DAG: example_complex
[2026-03-03T01:10:49.352+0000] {logging_mixin.py:149} INFO - [2026-03-03T01:10:49.352+0000] {taskmixin.py:211} WARNING - Dependency <Task(BashOperator): create_entry_gcs>, delete_entry already registered for DAG: example_complex
[2026-03-03T01:10:49.352+0000] {logging_mixin.py:149} INFO - [2026-03-03T01:10:49.352+0000] {taskmixin.py:211} WARNING - Dependency <Task(BashOperator): delete_entry>, create_entry_gcs already registered for DAG: example_complex
[2026-03-03T01:10:49.353+0000] {logging_mixin.py:149} INFO - [2026-03-03T01:10:49.352+0000] {taskmixin.py:211} WARNING - Dependency <Task(BashOperator): create_tag>, delete_tag already registered for DAG: example_complex
[2026-03-03T01:10:49.358+0000] {logging_mixin.py:149} INFO - [2026-03-03T01:10:49.358+0000] {taskmixin.py:211} WARNING - Dependency <Task(BashOperator): delete_tag>, create_tag already registered for DAG: example_complex
[2026-03-03T01:10:49.364+0000] {processor.py:809} INFO - DAG(s) dict_keys(['example_complex']) retrieved from /home/airflow/.local/lib/python3.7/site-packages/airflow/example_dags/example_complex.py
[2026-03-03T01:10:49.442+0000] {logging_mixin.py:149} INFO - [2026-03-03T01:10:49.441+0000] {dag.py:2726} INFO - Sync 1 DAGs
[2026-03-03T01:10:49.513+0000] {logging_mixin.py:149} INFO - [2026-03-03T01:10:49.512+0000] {dag.py:3490} INFO - Setting next_dagrun for example_complex to None, run_after=None
[2026-03-03T01:10:49.569+0000] {processor.py:178} INFO - Processing /home/airflow/.local/lib/python3.7/site-packages/airflow/example_dags/example_complex.py took 0.252 seconds
[2026-03-03T01:11:19.739+0000] {processor.py:156} INFO - Started process (PID=553) to work on /home/airflow/.local/lib/python3.7/site-packages/airflow/example_dags/example_complex.py
[2026-03-03T01:11:19.741+0000] {processor.py:799} INFO - Processing file /home/airflow/.local/lib/python3.7/site-packages/airflow/example_dags/example_complex.py for tasks to queue
[2026-03-03T01:11:19.743+0000] {logging_mixin.py:149} INFO - [2026-03-03T01:11:19.743+0000] {dagbag.py:541} INFO - Filling up the DagBag from /home/airflow/.local/lib/python3.7/site-packages/airflow/example_dags/example_complex.py
[2026-03-03T01:11:19.753+0000] {logging_mixin.py:149} INFO - [2026-03-03T01:11:19.753+0000] {taskmixin.py:211} WARNING - Dependency <Task(BashOperator): create_entry_group>, delete_entry_group already registered for DAG: example_complex
[2026-03-03T01:11:19.754+0000] {logging_mixin.py:149} INFO - [2026-03-03T01:11:19.754+0000] {taskmixin.py:211} WARNING - Dependency <Task(BashOperator): delete_entry_group>, create_entry_group already registered for DAG: example_complex
[2026-03-03T01:11:19.755+0000] {logging_mixin.py:149} INFO - [2026-03-03T01:11:19.755+0000] {taskmixin.py:211} WARNING - Dependency <Task(BashOperator): create_entry_gcs>, delete_entry already registered for DAG: example_complex
[2026-03-03T01:11:19.756+0000] {logging_mixin.py:149} INFO - [2026-03-03T01:11:19.756+0000] {taskmixin.py:211} WARNING - Dependency <Task(BashOperator): delete_entry>, create_entry_gcs already registered for DAG: example_complex
[2026-03-03T01:11:19.756+0000] {logging_mixin.py:149} INFO - [2026-03-03T01:11:19.756+0000] {taskmixin.py:211} WARNING - Dependency <Task(BashOperator): create_tag>, delete_tag already registered for DAG: example_complex
[2026-03-03T01:11:19.756+0000] {logging_mixin.py:149} INFO - [2026-03-03T01:11:19.756+0000] {taskmixin.py:211} WARNING - Dependency <Task(BashOperator): delete_tag>, create_tag already registered for DAG: example_complex
[2026-03-03T01:11:19.757+0000] {processor.py:809} INFO - DAG(s) dict_keys(['example_complex']) retrieved from /home/airflow/.local/lib/python3.7/site-packages/airflow/example_dags/example_complex.py
[2026-03-03T01:11:19.781+0000] {logging_mixin.py:149} INFO - [2026-03-03T01:11:19.781+0000] {dag.py:2726} INFO - Sync 1 DAGs
[2026-03-03T01:11:19.798+0000] {logging_mixin.py:149} INFO - [2026-03-03T01:11:19.798+0000] {dag.py:3490} INFO - Setting next_dagrun for example_complex to None, run_after=None
[2026-03-03T01:11:19.811+0000] {processor.py:178} INFO - Processing /home/airflow/.local/lib/python3.7/site-packages/airflow/example_dags/example_complex.py took 0.074 seconds
[2026-03-03T01:11:50.385+0000] {processor.py:156} INFO - Started process (PID=615) to work on /home/airflow/.local/lib/python3.7/site-packages/airflow/example_dags/example_complex.py
[2026-03-03T01:11:50.386+0000] {processor.py:799} INFO - Processing file /home/airflow/.local/lib/python3.7/site-packages/airflow/example_dags/example_complex.py for tasks to queue
[2026-03-03T01:11:50.392+0000] {logging_mixin.py:149} INFO - [2026-03-03T01:11:50.391+0000] {dagbag.py:541} INFO - Filling up the DagBag from /home/airflow/.local/lib/python3.7/site-packages/airflow/example_dags/example_complex.py
[2026-03-03T01:11:50.414+0000] {logging_mixin.py:149} INFO - [2026-03-03T01:11:50.414+0000] {taskmixin.py:211} WARNING - Dependency <Task(BashOperator): create_entry_group>, delete_entry_group already registered for DAG: example_complex
[2026-03-03T01:11:50.415+0000] {logging_mixin.py:149} INFO - [2026-03-03T01:11:50.415+0000] {taskmixin.py:211} WARNING - Dependency <Task(BashOperator): delete_entry_group>, create_entry_group already registered for DAG: example_complex
[2026-03-03T01:11:50.416+0000] {logging_mixin.py:149} INFO - [2026-03-03T01:11:50.416+0000] {taskmixin.py:211} WARNING - Dependency <Task(BashOperator): create_entry_gcs>, delete_entry already registered for DAG: example_complex
[2026-03-03T01:11:50.416+0000] {logging_mixin.py:149} INFO - [2026-03-03T01:11:50.416+0000] {taskmixin.py:211} WARNING - Dependency <Task(BashOperator): delete_entry>, create_entry_gcs already registered for DAG: example_complex
[2026-03-03T01:11:50.418+0000] {logging_mixin.py:149} INFO - [2026-03-03T01:11:50.417+0000] {taskmixin.py:211} WARNING - Dependency <Task(BashOperator): create_tag>, delete_tag already registered for DAG: example_complex
[2026-03-03T01:11:50.419+0000] {logging_mixin.py:149} INFO - [2026-03-03T01:11:50.418+0000] {taskmixin.py:211} WARNING - Dependency <Task(BashOperator): delete_tag>, create_tag already registered for DAG: example_complex
[2026-03-03T01:11:50.428+0000] {processor.py:809} INFO - DAG(s) dict_keys(['example_complex']) retrieved from /home/airflow/.local/lib/python3.7/site-packages/airflow/example_dags/example_complex.py
[2026-03-03T01:11:50.517+0000] {logging_mixin.py:149} INFO - [2026-03-03T01:11:50.516+0000] {dag.py:2726} INFO - Sync 1 DAGs
[2026-03-03T01:11:50.589+0000] {logging_mixin.py:149} INFO - [2026-03-03T01:11:50.588+0000] {dag.py:3490} INFO - Setting next_dagrun for example_complex to None, run_after=None
[2026-03-03T01:11:50.643+0000] {processor.py:178} INFO - Processing /home/airflow/.local/lib/python3.7/site-packages/airflow/example_dags/example_complex.py took 0.266 seconds
[2026-03-03T01:12:21.285+0000] {processor.py:156} INFO - Started process (PID=677) to work on /home/airflow/.local/lib/python3.7/site-packages/airflow/example_dags/example_complex.py
[2026-03-03T01:12:21.288+0000] {processor.py:799} INFO - Processing file /home/airflow/.local/lib/python3.7/site-packages/airflow/example_dags/example_complex.py for tasks to queue
[2026-03-03T01:12:21.289+0000] {logging_mixin.py:149} INFO - [2026-03-03T01:12:21.289+0000] {dagbag.py:541} INFO - Filling up the DagBag from /home/airflow/.local/lib/python3.7/site-packages/airflow/example_dags/example_complex.py
[2026-03-03T01:12:21.306+0000] {logging_mixin.py:149} INFO - [2026-03-03T01:12:21.306+0000] {taskmixin.py:211} WARNING - Dependency <Task(BashOperator): create_entry_group>, delete_entry_group already registered for DAG: example_complex
[2026-03-03T01:12:21.307+0000] {logging_mixin.py:149} INFO - [2026-03-03T01:12:21.307+0000] {taskmixin.py:211} WARNING - Dependency <Task(BashOperator): delete_entry_group>, create_entry_group already registered for DAG: example_complex
[2026-03-03T01:12:21.308+0000] {logging_mixin.py:149} INFO - [2026-03-03T01:12:21.308+0000] {taskmixin.py:211} WARNING - Dependency <Task(BashOperator): create_entry_gcs>, delete_entry already registered for DAG: example_complex
[2026-03-03T01:12:21.308+0000] {logging_mixin.py:149} INFO - [2026-03-03T01:12:21.308+0000] {taskmixin.py:211} WARNING - Dependency <Task(BashOperator): delete_entry>, create_entry_gcs already registered for DAG: example_complex
[2026-03-03T01:12:21.310+0000] {logging_mixin.py:149} INFO - [2026-03-03T01:12:21.309+0000] {taskmixin.py:211} WARNING - Dependency <Task(BashOperator): create_tag>, delete_tag already registered for DAG: example_complex
[2026-03-03T01:12:21.311+0000] {logging_mixin.py:149} INFO - [2026-03-03T01:12:21.310+0000] {taskmixin.py:211} WARNING - Dependency <Task(BashOperator): delete_tag>, create_tag already registered for DAG: example_complex
[2026-03-03T01:12:21.315+0000] {processor.py:809} INFO - DAG(s) dict_keys(['example_complex']) retrieved from /home/airflow/.local/lib/python3.7/site-packages/airflow/example_dags/example_complex.py
[2026-03-03T01:12:21.385+0000] {logging_mixin.py:149} INFO - [2026-03-03T01:12:21.384+0000] {dag.py:2726} INFO - Sync 1 DAGs
[2026-03-03T01:12:21.447+0000] {logging_mixin.py:149} INFO - [2026-03-03T01:12:21.447+0000] {dag.py:3490} INFO - Setting next_dagrun for example_complex to None, run_after=None
[2026-03-03T01:12:21.498+0000] {processor.py:178} INFO - Processing /home/airflow/.local/lib/python3.7/site-packages/airflow/example_dags/example_complex.py took 0.220 seconds
[2026-03-03T01:12:51.897+0000] {processor.py:156} INFO - Started process (PID=739) to work on /home/airflow/.local/lib/python3.7/site-packages/airflow/example_dags/example_complex.py
[2026-03-03T01:12:51.897+0000] {processor.py:799} INFO - Processing file /home/airflow/.local/lib/python3.7/site-packages/airflow/example_dags/example_complex.py for tasks to queue
[2026-03-03T01:12:51.898+0000] {logging_mixin.py:149} INFO - [2026-03-03T01:12:51.898+0000] {dagbag.py:541} INFO - Filling up the DagBag from /home/airflow/.local/lib/python3.7/site-packages/airflow/example_dags/example_complex.py
[2026-03-03T01:12:51.902+0000] {logging_mixin.py:149} INFO - [2026-03-03T01:12:51.902+0000] {taskmixin.py:211} WARNING - Dependency <Task(BashOperator): create_entry_group>, delete_entry_group already registered for DAG: example_complex
[2026-03-03T01:12:51.902+0000] {logging_mixin.py:149} INFO - [2026-03-03T01:12:51.902+0000] {taskmixin.py:211} WARNING - Dependency <Task(BashOperator): delete_entry_group>, create_entry_group already registered for DAG: example_complex
[2026-03-03T01:12:51.902+0000] {logging_mixin.py:149} INFO - [2026-03-03T01:12:51.902+0000] {taskmixin.py:211} WARNING - Dependency <Task(BashOperator): create_entry_gcs>, delete_entry already registered for DAG: example_complex
[2026-03-03T01:12:51.902+0000] {logging_mixin.py:149} INFO - [2026-03-03T01:12:51.902+0000] {taskmixin.py:211} WARNING - Dependency <Task(BashOperator): delete_entry>, create_entry_gcs already registered for DAG: example_complex
[2026-03-03T01:12:51.903+0000] {logging_mixin.py:149} INFO - [2026-03-03T01:12:51.903+0000] {taskmixin.py:211} WARNING - Dependency <Task(BashOperator): create_tag>, delete_tag already registered for DAG: example_complex
[2026-03-03T01:12:51.903+0000] {logging_mixin.py:149} INFO - [2026-03-03T01:12:51.903+0000] {taskmixin.py:211} WARNING - Dependency <Task(BashOperator): delete_tag>, create_tag already registered for DAG: example_complex
[2026-03-03T01:12:51.904+0000] {processor.py:809} INFO - DAG(s) dict_keys(['example_complex']) retrieved from /home/airflow/.local/lib/python3.7/site-packages/airflow/example_dags/example_complex.py
[2026-03-03T01:12:51.920+0000] {logging_mixin.py:149} INFO - [2026-03-03T01:12:51.920+0000] {dag.py:2726} INFO - Sync 1 DAGs
[2026-03-03T01:12:51.931+0000] {logging_mixin.py:149} INFO - [2026-03-03T01:12:51.931+0000] {dag.py:3490} INFO - Setting next_dagrun for example_complex to None, run_after=None
[2026-03-03T01:12:51.940+0000] {processor.py:178} INFO - Processing /home/airflow/.local/lib/python3.7/site-packages/airflow/example_dags/example_complex.py took 0.045 seconds
[2026-03-03T01:13:22.316+0000] {processor.py:156} INFO - Started process (PID=801) to work on /home/airflow/.local/lib/python3.7/site-packages/airflow/example_dags/example_complex.py
[2026-03-03T01:13:22.317+0000] {processor.py:799} INFO - Processing file /home/airflow/.local/lib/python3.7/site-packages/airflow/example_dags/example_complex.py for tasks to queue
[2026-03-03T01:13:22.317+0000] {logging_mixin.py:149} INFO - [2026-03-03T01:13:22.317+0000] {dagbag.py:541} INFO - Filling up the DagBag from /home/airflow/.local/lib/python3.7/site-packages/airflow/example_dags/example_complex.py
[2026-03-03T01:13:22.322+0000] {logging_mixin.py:149} INFO - [2026-03-03T01:13:22.321+0000] {taskmixin.py:211} WARNING - Dependency <Task(BashOperator): create_entry_group>, delete_entry_group already registered for DAG: example_complex
[2026-03-03T01:13:22.322+0000] {logging_mixin.py:149} INFO - [2026-03-03T01:13:22.322+0000] {taskmixin.py:211} WARNING - Dependency <Task(BashOperator): delete_entry_group>, create_entry_group already registered for DAG: example_complex
[2026-03-03T01:13:22.322+0000] {logging_mixin.py:149} INFO - [2026-03-03T01:13:22.322+0000] {taskmixin.py:211} WARNING - Dependency <Task(BashOperator): create_entry_gcs>, delete_entry already registered for DAG: example_complex
[2026-03-03T01:13:22.322+0000] {logging_mixin.py:149} INFO - [2026-03-03T01:13:22.322+0000] {taskmixin.py:211} WARNING - Dependency <Task(BashOperator): delete_entry>, create_entry_gcs already registered for DAG: example_complex
[2026-03-03T01:13:22.322+0000] {logging_mixin.py:149} INFO - [2026-03-03T01:13:22.322+0000] {taskmixin.py:211} WARNING - Dependency <Task(BashOperator): create_tag>, delete_tag already registered for DAG: example_complex
[2026-03-03T01:13:22.322+0000] {logging_mixin.py:149} INFO - [2026-03-03T01:13:22.322+0000] {taskmixin.py:211} WARNING - Dependency <Task(BashOperator): delete_tag>, create_tag already registered for DAG: example_complex
[2026-03-03T01:13:22.323+0000] {processor.py:809} INFO - DAG(s) dict_keys(['example_complex']) retrieved from /home/airflow/.local/lib/python3.7/site-packages/airflow/example_dags/example_complex.py
[2026-03-03T01:13:22.339+0000] {logging_mixin.py:149} INFO - [2026-03-03T01:13:22.339+0000] {dag.py:2726} INFO - Sync 1 DAGs
[2026-03-03T01:13:22.351+0000] {logging_mixin.py:149} INFO - [2026-03-03T01:13:22.351+0000] {dag.py:3490} INFO - Setting next_dagrun for example_complex to None, run_after=None
[2026-03-03T01:13:22.361+0000] {processor.py:178} INFO - Processing /home/airflow/.local/lib/python3.7/site-packages/airflow/example_dags/example_complex.py took 0.047 seconds
[2026-03-03T01:13:52.992+0000] {processor.py:156} INFO - Started process (PID=863) to work on /home/airflow/.local/lib/python3.7/site-packages/airflow/example_dags/example_complex.py
[2026-03-03T01:13:52.993+0000] {processor.py:799} INFO - Processing file /home/airflow/.local/lib/python3.7/site-packages/airflow/example_dags/example_complex.py for tasks to queue
[2026-03-03T01:13:52.993+0000] {logging_mixin.py:149} INFO - [2026-03-03T01:13:52.993+0000] {dagbag.py:541} INFO - Filling up the DagBag from /home/airflow/.local/lib/python3.7/site-packages/airflow/example_dags/example_complex.py
[2026-03-03T01:13:52.998+0000] {logging_mixin.py:149} INFO - [2026-03-03T01:13:52.998+0000] {taskmixin.py:211} WARNING - Dependency <Task(BashOperator): create_entry_group>, delete_entry_group already registered for DAG: example_complex
[2026-03-03T01:13:52.999+0000] {logging_mixin.py:149} INFO - [2026-03-03T01:13:52.998+0000] {taskmixin.py:211} WARNING - Dependency <Task(BashOperator): delete_entry_group>, create_entry_group already registered for DAG: example_complex
[2026-03-03T01:13:52.999+0000] {logging_mixin.py:149} INFO - [2026-03-03T01:13:52.999+0000] {taskmixin.py:211} WARNING - Dependency <Task(BashOperator): create_entry_gcs>, delete_entry already registered for DAG: example_complex
[2026-03-03T01:13:52.999+0000] {logging_mixin.py:149} INFO - [2026-03-03T01:13:52.999+0000] {taskmixin.py:211} WARNING - Dependency <Task(BashOperator): delete_entry>, create_entry_gcs already registered for DAG: example_complex
[2026-03-03T01:13:52.999+0000] {logging_mixin.py:149} INFO - [2026-03-03T01:13:52.999+0000] {taskmixin.py:211} WARNING - Dependency <Task(BashOperator): create_tag>, delete_tag already registered for DAG: example_complex
[2026-03-03T01:13:52.999+0000] {logging_mixin.py:149} INFO - [2026-03-03T01:13:52.999+0000] {taskmixin.py:211} WARNING - Dependency <Task(BashOperator): delete_tag>, create_tag already registered for DAG: example_complex
[2026-03-03T01:13:53.000+0000] {processor.py:809} INFO - DAG(s) dict_keys(['example_complex']) retrieved from /home/airflow/.local/lib/python3.7/site-packages/airflow/example_dags/example_complex.py
[2026-03-03T01:13:53.017+0000] {logging_mixin.py:149} INFO - [2026-03-03T01:13:53.017+0000] {dag.py:2726} INFO - Sync 1 DAGs
[2026-03-03T01:13:53.028+0000] {logging_mixin.py:149} INFO - [2026-03-03T01:13:53.028+0000] {dag.py:3490} INFO - Setting next_dagrun for example_complex to None, run_after=None
[2026-03-03T01:13:53.039+0000] {processor.py:178} INFO - Processing /home/airflow/.local/lib/python3.7/site-packages/airflow/example_dags/example_complex.py took 0.049 seconds
[2026-03-03T01:14:23.766+0000] {processor.py:156} INFO - Started process (PID=925) to work on /home/airflow/.local/lib/python3.7/site-packages/airflow/example_dags/example_complex.py
[2026-03-03T01:14:23.767+0000] {processor.py:799} INFO - Processing file /home/airflow/.local/lib/python3.7/site-packages/airflow/example_dags/example_complex.py for tasks to queue
[2026-03-03T01:14:23.767+0000] {logging_mixin.py:149} INFO - [2026-03-03T01:14:23.767+0000] {dagbag.py:541} INFO - Filling up the DagBag from /home/airflow/.local/lib/python3.7/site-packages/airflow/example_dags/example_complex.py
[2026-03-03T01:14:23.773+0000] {logging_mixin.py:149} INFO - [2026-03-03T01:14:23.773+0000] {taskmixin.py:211} WARNING - Dependency <Task(BashOperator): create_entry_group>, delete_entry_group already registered for DAG: example_complex
[2026-03-03T01:14:23.774+0000] {logging_mixin.py:149} INFO - [2026-03-03T01:14:23.774+0000] {taskmixin.py:211} WARNING - Dependency <Task(BashOperator): delete_entry_group>, create_entry_group already registered for DAG: example_complex
[2026-03-03T01:14:23.774+0000] {logging_mixin.py:149} INFO - [2026-03-03T01:14:23.774+0000] {taskmixin.py:211} WARNING - Dependency <Task(BashOperator): create_entry_gcs>, delete_entry already registered for DAG: example_complex
[2026-03-03T01:14:23.774+0000] {logging_mixin.py:149} INFO - [2026-03-03T01:14:23.774+0000] {taskmixin.py:211} WARNING - Dependency <Task(BashOperator): delete_entry>, create_entry_gcs already registered for DAG: example_complex
[2026-03-03T01:14:23.774+0000] {logging_mixin.py:149} INFO - [2026-03-03T01:14:23.774+0000] {taskmixin.py:211} WARNING - Dependency <Task(BashOperator): create_tag>, delete_tag already registered for DAG: example_complex
[2026-03-03T01:14:23.774+0000] {logging_mixin.py:149} INFO - [2026-03-03T01:14:23.774+0000] {taskmixin.py:211} WARNING - Dependency <Task(BashOperator): delete_tag>, create_tag already registered for DAG: example_complex
[2026-03-03T01:14:23.775+0000] {processor.py:809} INFO - DAG(s) dict_keys(['example_complex']) retrieved from /home/airflow/.local/lib/python3.7/site-packages/airflow/example_dags/example_complex.py
[2026-03-03T01:14:23.795+0000] {logging_mixin.py:149} INFO - [2026-03-03T01:14:23.795+0000] {dag.py:2726} INFO - Sync 1 DAGs
[2026-03-03T01:14:23.809+0000] {logging_mixin.py:149} INFO - [2026-03-03T01:14:23.809+0000] {dag.py:3490} INFO - Setting next_dagrun for example_complex to None, run_after=None
[2026-03-03T01:14:23.819+0000] {processor.py:178} INFO - Processing /home/airflow/.local/lib/python3.7/site-packages/airflow/example_dags/example_complex.py took 0.056 seconds
[2026-03-03T01:14:54.253+0000] {processor.py:156} INFO - Started process (PID=987) to work on /home/airflow/.local/lib/python3.7/site-packages/airflow/example_dags/example_complex.py
[2026-03-03T01:14:54.254+0000] {processor.py:799} INFO - Processing file /home/airflow/.local/lib/python3.7/site-packages/airflow/example_dags/example_complex.py for tasks to queue
[2026-03-03T01:14:54.255+0000] {logging_mixin.py:149} INFO - [2026-03-03T01:14:54.255+0000] {dagbag.py:541} INFO - Filling up the DagBag from /home/airflow/.local/lib/python3.7/site-packages/airflow/example_dags/example_complex.py
[2026-03-03T01:14:54.277+0000] {logging_mixin.py:149} INFO - [2026-03-03T01:14:54.276+0000] {taskmixin.py:211} WARNING - Dependency <Task(BashOperator): create_entry_group>, delete_entry_group already registered for DAG: example_complex
[2026-03-03T01:14:54.278+0000] {logging_mixin.py:149} INFO - [2026-03-03T01:14:54.278+0000] {taskmixin.py:211} WARNING - Dependency <Task(BashOperator): delete_entry_group>, create_entry_group already registered for DAG: example_complex
[2026-03-03T01:14:54.279+0000] {logging_mixin.py:149} INFO - [2026-03-03T01:14:54.279+0000] {taskmixin.py:211} WARNING - Dependency <Task(BashOperator): create_entry_gcs>, delete_entry already registered for DAG: example_complex
[2026-03-03T01:14:54.279+0000] {logging_mixin.py:149} INFO - [2026-03-03T01:14:54.279+0000] {taskmixin.py:211} WARNING - Dependency <Task(BashOperator): delete_entry>, create_entry_gcs already registered for DAG: example_complex
[2026-03-03T01:14:54.280+0000] {logging_mixin.py:149} INFO - [2026-03-03T01:14:54.280+0000] {taskmixin.py:211} WARNING - Dependency <Task(BashOperator): create_tag>, delete_tag already registered for DAG: example_complex
[2026-03-03T01:14:54.280+0000] {logging_mixin.py:149} INFO - [2026-03-03T01:14:54.280+0000] {taskmixin.py:211} WARNING - Dependency <Task(BashOperator): delete_tag>, create_tag already registered for DAG: example_complex
[2026-03-03T01:14:54.284+0000] {processor.py:809} INFO - DAG(s) dict_keys(['example_complex']) retrieved from /home/airflow/.local/lib/python3.7/site-packages/airflow/example_dags/example_complex.py
[2026-03-03T01:14:54.352+0000] {logging_mixin.py:149} INFO - [2026-03-03T01:14:54.352+0000] {dag.py:2726} INFO - Sync 1 DAGs
[2026-03-03T01:14:54.410+0000] {logging_mixin.py:149} INFO - [2026-03-03T01:14:54.410+0000] {dag.py:3490} INFO - Setting next_dagrun for example_complex to None, run_after=None
[2026-03-03T01:14:54.452+0000] {processor.py:178} INFO - Processing /home/airflow/.local/lib/python3.7/site-packages/airflow/example_dags/example_complex.py took 0.205 seconds
[2026-03-03T01:15:25.090+0000] {processor.py:156} INFO - Started process (PID=1049) to work on /home/airflow/.local/lib/python3.7/site-packages/airflow/example_dags/example_complex.py
[2026-03-03T01:15:25.091+0000] {processor.py:799} INFO - Processing file /home/airflow/.local/lib/python3.7/site-packages/airflow/example_dags/example_complex.py for tasks to queue
[2026-03-03T01:15:25.092+0000] {logging_mixin.py:149} INFO - [2026-03-03T01:15:25.092+0000] {dagbag.py:541} INFO - Filling up the DagBag from /home/airflow/.local/lib/python3.7/site-packages/airflow/example_dags/example_complex.py
[2026-03-03T01:15:25.098+0000] {logging_mixin.py:149} INFO - [2026-03-03T01:15:25.098+0000] {taskmixin.py:211} WARNING - Dependency <Task(BashOperator): create_entry_group>, delete_entry_group already registered for DAG: example_complex
[2026-03-03T01:15:25.098+0000] {logging_mixin.py:149} INFO - [2026-03-03T01:15:25.098+0000] {taskmixin.py:211} WARNING - Dependency <Task(BashOperator): delete_entry_group>, create_entry_group already registered for DAG: example_complex
[2026-03-03T01:15:25.099+0000] {logging_mixin.py:149} INFO - [2026-03-03T01:15:25.098+0000] {taskmixin.py:211} WARNING - Dependency <Task(BashOperator): create_entry_gcs>, delete_entry already registered for DAG: example_complex
[2026-03-03T01:15:25.099+0000] {logging_mixin.py:149} INFO - [2026-03-03T01:15:25.099+0000] {taskmixin.py:211} WARNING - Dependency <Task(BashOperator): delete_entry>, create_entry_gcs already registered for DAG: example_complex
[2026-03-03T01:15:25.099+0000] {logging_mixin.py:149} INFO - [2026-03-03T01:15:25.099+0000] {taskmixin.py:211} WARNING - Dependency <Task(BashOperator): create_tag>, delete_tag already registered for DAG: example_complex
[2026-03-03T01:15:25.099+0000] {logging_mixin.py:149} INFO - [2026-03-03T01:15:25.099+0000] {taskmixin.py:211} WARNING - Dependency <Task(BashOperator): delete_tag>, create_tag already registered for DAG: example_complex
[2026-03-03T01:15:25.100+0000] {processor.py:809} INFO - DAG(s) dict_keys(['example_complex']) retrieved from /home/airflow/.local/lib/python3.7/site-packages/airflow/example_dags/example_complex.py
[2026-03-03T01:15:25.122+0000] {logging_mixin.py:149} INFO - [2026-03-03T01:15:25.122+0000] {dag.py:2726} INFO - Sync 1 DAGs
[2026-03-03T01:15:25.136+0000] {logging_mixin.py:149} INFO - [2026-03-03T01:15:25.135+0000] {dag.py:3490} INFO - Setting next_dagrun for example_complex to None, run_after=None
[2026-03-03T01:15:25.147+0000] {processor.py:178} INFO - Processing /home/airflow/.local/lib/python3.7/site-packages/airflow/example_dags/example_complex.py took 0.058 seconds
[2026-03-03T01:15:55.895+0000] {processor.py:156} INFO - Started process (PID=1110) to work on /home/airflow/.local/lib/python3.7/site-packages/airflow/example_dags/example_complex.py
[2026-03-03T01:15:55.896+0000] {processor.py:799} INFO - Processing file /home/airflow/.local/lib/python3.7/site-packages/airflow/example_dags/example_complex.py for tasks to queue
[2026-03-03T01:15:55.896+0000] {logging_mixin.py:149} INFO - [2026-03-03T01:15:55.896+0000] {dagbag.py:541} INFO - Filling up the DagBag from /home/airflow/.local/lib/python3.7/site-packages/airflow/example_dags/example_complex.py
[2026-03-03T01:15:55.904+0000] {logging_mixin.py:149} INFO - [2026-03-03T01:15:55.904+0000] {taskmixin.py:211} WARNING - Dependency <Task(BashOperator): create_entry_group>, delete_entry_group already registered for DAG: example_complex
[2026-03-03T01:15:55.904+0000] {logging_mixin.py:149} INFO - [2026-03-03T01:15:55.904+0000] {taskmixin.py:211} WARNING - Dependency <Task(BashOperator): delete_entry_group>, create_entry_group already registered for DAG: example_complex
[2026-03-03T01:15:55.905+0000] {logging_mixin.py:149} INFO - [2026-03-03T01:15:55.904+0000] {taskmixin.py:211} WARNING - Dependency <Task(BashOperator): create_entry_gcs>, delete_entry already registered for DAG: example_complex
[2026-03-03T01:15:55.905+0000] {logging_mixin.py:149} INFO - [2026-03-03T01:15:55.905+0000] {taskmixin.py:211} WARNING - Dependency <Task(BashOperator): delete_entry>, create_entry_gcs already registered for DAG: example_complex
[2026-03-03T01:15:55.905+0000] {logging_mixin.py:149} INFO - [2026-03-03T01:15:55.905+0000] {taskmixin.py:211} WARNING - Dependency <Task(BashOperator): create_tag>, delete_tag already registered for DAG: example_complex
[2026-03-03T01:15:55.905+0000] {logging_mixin.py:149} INFO - [2026-03-03T01:15:55.905+0000] {taskmixin.py:211} WARNING - Dependency <Task(BashOperator): delete_tag>, create_tag already registered for DAG: example_complex
[2026-03-03T01:15:55.906+0000] {processor.py:809} INFO - DAG(s) dict_keys(['example_complex']) retrieved from /home/airflow/.local/lib/python3.7/site-packages/airflow/example_dags/example_complex.py
[2026-03-03T01:15:55.930+0000] {logging_mixin.py:149} INFO - [2026-03-03T01:15:55.930+0000] {dag.py:2726} INFO - Sync 1 DAGs
[2026-03-03T01:15:55.945+0000] {logging_mixin.py:149} INFO - [2026-03-03T01:15:55.945+0000] {dag.py:3490} INFO - Setting next_dagrun for example_complex to None, run_after=None
[2026-03-03T01:15:55.955+0000] {processor.py:178} INFO - Processing /home/airflow/.local/lib/python3.7/site-packages/airflow/example_dags/example_complex.py took 0.062 seconds
[2026-03-03T01:16:26.907+0000] {processor.py:156} INFO - Started process (PID=1172) to work on /home/airflow/.local/lib/python3.7/site-packages/airflow/example_dags/example_complex.py
[2026-03-03T01:16:26.909+0000] {processor.py:799} INFO - Processing file /home/airflow/.local/lib/python3.7/site-packages/airflow/example_dags/example_complex.py for tasks to queue
[2026-03-03T01:16:26.910+0000] {logging_mixin.py:149} INFO - [2026-03-03T01:16:26.910+0000] {dagbag.py:541} INFO - Filling up the DagBag from /home/airflow/.local/lib/python3.7/site-packages/airflow/example_dags/example_complex.py
[2026-03-03T01:16:26.933+0000] {logging_mixin.py:149} INFO - [2026-03-03T01:16:26.932+0000] {taskmixin.py:211} WARNING - Dependency <Task(BashOperator): create_entry_group>, delete_entry_group already registered for DAG: example_complex
[2026-03-03T01:16:26.935+0000] {logging_mixin.py:149} INFO - [2026-03-03T01:16:26.934+0000] {taskmixin.py:211} WARNING - Dependency <Task(BashOperator): delete_entry_group>, create_entry_group already registered for DAG: example_complex
[2026-03-03T01:16:26.936+0000] {logging_mixin.py:149} INFO - [2026-03-03T01:16:26.936+0000] {taskmixin.py:211} WARNING - Dependency <Task(BashOperator): create_entry_gcs>, delete_entry already registered for DAG: example_complex
[2026-03-03T01:16:26.937+0000] {logging_mixin.py:149} INFO - [2026-03-03T01:16:26.936+0000] {taskmixin.py:211} WARNING - Dependency <Task(BashOperator): delete_entry>, create_entry_gcs already registered for DAG: example_complex
[2026-03-03T01:16:26.938+0000] {logging_mixin.py:149} INFO - [2026-03-03T01:16:26.937+0000] {taskmixin.py:211} WARNING - Dependency <Task(BashOperator): create_tag>, delete_tag already registered for DAG: example_complex
[2026-03-03T01:16:26.938+0000] {logging_mixin.py:149} INFO - [2026-03-03T01:16:26.938+0000] {taskmixin.py:211} WARNING - Dependency <Task(BashOperator): delete_tag>, create_tag already registered for DAG: example_complex
[2026-03-03T01:16:26.941+0000] {processor.py:809} INFO - DAG(s) dict_keys(['example_complex']) retrieved from /home/airflow/.local/lib/python3.7/site-packages/airflow/example_dags/example_complex.py
[2026-03-03T01:16:27.028+0000] {logging_mixin.py:149} INFO - [2026-03-03T01:16:27.027+0000] {dag.py:2726} INFO - Sync 1 DAGs
[2026-03-03T01:16:27.101+0000] {logging_mixin.py:149} INFO - [2026-03-03T01:16:27.100+0000] {dag.py:3490} INFO - Setting next_dagrun for example_complex to None, run_after=None
[2026-03-03T01:16:27.155+0000] {processor.py:178} INFO - Processing /home/airflow/.local/lib/python3.7/site-packages/airflow/example_dags/example_complex.py took 0.256 seconds
[2026-03-03T01:16:57.880+0000] {processor.py:156} INFO - Started process (PID=1234) to work on /home/airflow/.local/lib/python3.7/site-packages/airflow/example_dags/example_complex.py
[2026-03-03T01:16:57.882+0000] {processor.py:799} INFO - Processing file /home/airflow/.local/lib/python3.7/site-packages/airflow/example_dags/example_complex.py for tasks to queue
[2026-03-03T01:16:57.883+0000] {logging_mixin.py:149} INFO - [2026-03-03T01:16:57.883+0000] {dagbag.py:541} INFO - Filling up the DagBag from /home/airflow/.local/lib/python3.7/site-packages/airflow/example_dags/example_complex.py
[2026-03-03T01:16:57.903+0000] {logging_mixin.py:149} INFO - [2026-03-03T01:16:57.902+0000] {taskmixin.py:211} WARNING - Dependency <Task(BashOperator): create_entry_group>, delete_entry_group already registered for DAG: example_complex
[2026-03-03T01:16:57.904+0000] {logging_mixin.py:149} INFO - [2026-03-03T01:16:57.904+0000] {taskmixin.py:211} WARNING - Dependency <Task(BashOperator): delete_entry_group>, create_entry_group already registered for DAG: example_complex
[2026-03-03T01:16:57.904+0000] {logging_mixin.py:149} INFO - [2026-03-03T01:16:57.904+0000] {taskmixin.py:211} WARNING - Dependency <Task(BashOperator): create_entry_gcs>, delete_entry already registered for DAG: example_complex
[2026-03-03T01:16:57.905+0000] {logging_mixin.py:149} INFO - [2026-03-03T01:16:57.905+0000] {taskmixin.py:211} WARNING - Dependency <Task(BashOperator): delete_entry>, create_entry_gcs already registered for DAG: example_complex
[2026-03-03T01:16:57.905+0000] {logging_mixin.py:149} INFO - [2026-03-03T01:16:57.905+0000] {taskmixin.py:211} WARNING - Dependency <Task(BashOperator): create_tag>, delete_tag already registered for DAG: example_complex
[2026-03-03T01:16:57.906+0000] {logging_mixin.py:149} INFO - [2026-03-03T01:16:57.906+0000] {taskmixin.py:211} WARNING - Dependency <Task(BashOperator): delete_tag>, create_tag already registered for DAG: example_complex
[2026-03-03T01:16:57.908+0000] {processor.py:809} INFO - DAG(s) dict_keys(['example_complex']) retrieved from /home/airflow/.local/lib/python3.7/site-packages/airflow/example_dags/example_complex.py
[2026-03-03T01:16:57.971+0000] {logging_mixin.py:149} INFO - [2026-03-03T01:16:57.970+0000] {dag.py:2726} INFO - Sync 1 DAGs
[2026-03-03T01:16:58.018+0000] {logging_mixin.py:149} INFO - [2026-03-03T01:16:58.017+0000] {dag.py:3490} INFO - Setting next_dagrun for example_complex to None, run_after=None
[2026-03-03T01:16:58.056+0000] {processor.py:178} INFO - Processing /home/airflow/.local/lib/python3.7/site-packages/airflow/example_dags/example_complex.py took 0.181 seconds
[2026-03-03T01:17:28.586+0000] {processor.py:156} INFO - Started process (PID=1296) to work on /home/airflow/.local/lib/python3.7/site-packages/airflow/example_dags/example_complex.py
[2026-03-03T01:17:28.587+0000] {processor.py:799} INFO - Processing file /home/airflow/.local/lib/python3.7/site-packages/airflow/example_dags/example_complex.py for tasks to queue
[2026-03-03T01:17:28.587+0000] {logging_mixin.py:149} INFO - [2026-03-03T01:17:28.587+0000] {dagbag.py:541} INFO - Filling up the DagBag from /home/airflow/.local/lib/python3.7/site-packages/airflow/example_dags/example_complex.py
[2026-03-03T01:17:28.592+0000] {logging_mixin.py:149} INFO - [2026-03-03T01:17:28.592+0000] {taskmixin.py:211} WARNING - Dependency <Task(BashOperator): create_entry_group>, delete_entry_group already registered for DAG: example_complex
[2026-03-03T01:17:28.592+0000] {logging_mixin.py:149} INFO - [2026-03-03T01:17:28.592+0000] {taskmixin.py:211} WARNING - Dependency <Task(BashOperator): delete_entry_group>, create_entry_group already registered for DAG: example_complex
[2026-03-03T01:17:28.592+0000] {logging_mixin.py:149} INFO - [2026-03-03T01:17:28.592+0000] {taskmixin.py:211} WARNING - Dependency <Task(BashOperator): create_entry_gcs>, delete_entry already registered for DAG: example_complex
[2026-03-03T01:17:28.592+0000] {logging_mixin.py:149} INFO - [2026-03-03T01:17:28.592+0000] {taskmixin.py:211} WARNING - Dependency <Task(BashOperator): delete_entry>, create_entry_gcs already registered for DAG: example_complex
[2026-03-03T01:17:28.592+0000] {logging_mixin.py:149} INFO - [2026-03-03T01:17:28.592+0000] {taskmixin.py:211} WARNING - Dependency <Task(BashOperator): create_tag>, delete_tag already registered for DAG: example_complex
[2026-03-03T01:17:28.593+0000] {logging_mixin.py:149} INFO - [2026-03-03T01:17:28.593+0000] {taskmixin.py:211} WARNING - Dependency <Task(BashOperator): delete_tag>, create_tag already registered for DAG: example_complex
[2026-03-03T01:17:28.593+0000] {processor.py:809} INFO - DAG(s) dict_keys(['example_complex']) retrieved from /home/airflow/.local/lib/python3.7/site-packages/airflow/example_dags/example_complex.py
[2026-03-03T01:17:28.609+0000] {logging_mixin.py:149} INFO - [2026-03-03T01:17:28.609+0000] {dag.py:2726} INFO - Sync 1 DAGs
[2026-03-03T01:17:28.619+0000] {logging_mixin.py:149} INFO - [2026-03-03T01:17:28.619+0000] {dag.py:3490} INFO - Setting next_dagrun for example_complex to None, run_after=None
[2026-03-03T01:17:28.627+0000] {processor.py:178} INFO - Processing /home/airflow/.local/lib/python3.7/site-packages/airflow/example_dags/example_complex.py took 0.044 seconds
[2026-03-03T01:17:59.572+0000] {processor.py:156} INFO - Started process (PID=1358) to work on /home/airflow/.local/lib/python3.7/site-packages/airflow/example_dags/example_complex.py
[2026-03-03T01:17:59.573+0000] {processor.py:799} INFO - Processing file /home/airflow/.local/lib/python3.7/site-packages/airflow/example_dags/example_complex.py for tasks to queue
[2026-03-03T01:17:59.574+0000] {logging_mixin.py:149} INFO - [2026-03-03T01:17:59.573+0000] {dagbag.py:541} INFO - Filling up the DagBag from /home/airflow/.local/lib/python3.7/site-packages/airflow/example_dags/example_complex.py
[2026-03-03T01:17:59.581+0000] {logging_mixin.py:149} INFO - [2026-03-03T01:17:59.581+0000] {taskmixin.py:211} WARNING - Dependency <Task(BashOperator): create_entry_group>, delete_entry_group already registered for DAG: example_complex
[2026-03-03T01:17:59.581+0000] {logging_mixin.py:149} INFO - [2026-03-03T01:17:59.581+0000] {taskmixin.py:211} WARNING - Dependency <Task(BashOperator): delete_entry_group>, create_entry_group already registered for DAG: example_complex
[2026-03-03T01:17:59.581+0000] {logging_mixin.py:149} INFO - [2026-03-03T01:17:59.581+0000] {taskmixin.py:211} WARNING - Dependency <Task(BashOperator): create_entry_gcs>, delete_entry already registered for DAG: example_complex
[2026-03-03T01:17:59.581+0000] {logging_mixin.py:149} INFO - [2026-03-03T01:17:59.581+0000] {taskmixin.py:211} WARNING - Dependency <Task(BashOperator): delete_entry>, create_entry_gcs already registered for DAG: example_complex
[2026-03-03T01:17:59.582+0000] {logging_mixin.py:149} INFO - [2026-03-03T01:17:59.582+0000] {taskmixin.py:211} WARNING - Dependency <Task(BashOperator): create_tag>, delete_tag already registered for DAG: example_complex
[2026-03-03T01:17:59.582+0000] {logging_mixin.py:149} INFO - [2026-03-03T01:17:59.582+0000] {taskmixin.py:211} WARNING - Dependency <Task(BashOperator): delete_tag>, create_tag already registered for DAG: example_complex
[2026-03-03T01:17:59.583+0000] {processor.py:809} INFO - DAG(s) dict_keys(['example_complex']) retrieved from /home/airflow/.local/lib/python3.7/site-packages/airflow/example_dags/example_complex.py
[2026-03-03T01:17:59.607+0000] {logging_mixin.py:149} INFO - [2026-03-03T01:17:59.607+0000] {dag.py:2726} INFO - Sync 1 DAGs
[2026-03-03T01:17:59.622+0000] {logging_mixin.py:149} INFO - [2026-03-03T01:17:59.622+0000] {dag.py:3490} INFO - Setting next_dagrun for example_complex to None, run_after=None
[2026-03-03T01:17:59.632+0000] {processor.py:178} INFO - Processing /home/airflow/.local/lib/python3.7/site-packages/airflow/example_dags/example_complex.py took 0.062 seconds
[2026-03-03T01:18:30.129+0000] {processor.py:156} INFO - Started process (PID=1420) to work on /home/airflow/.local/lib/python3.7/site-packages/airflow/example_dags/example_complex.py
[2026-03-03T01:18:30.131+0000] {processor.py:799} INFO - Processing file /home/airflow/.local/lib/python3.7/site-packages/airflow/example_dags/example_complex.py for tasks to queue
[2026-03-03T01:18:30.133+0000] {logging_mixin.py:149} INFO - [2026-03-03T01:18:30.133+0000] {dagbag.py:541} INFO - Filling up the DagBag from /home/airflow/.local/lib/python3.7/site-packages/airflow/example_dags/example_complex.py
[2026-03-03T01:18:30.153+0000] {logging_mixin.py:149} INFO - [2026-03-03T01:18:30.152+0000] {taskmixin.py:211} WARNING - Dependency <Task(BashOperator): create_entry_group>, delete_entry_group already registered for DAG: example_complex
[2026-03-03T01:18:30.154+0000] {logging_mixin.py:149} INFO - [2026-03-03T01:18:30.153+0000] {taskmixin.py:211} WARNING - Dependency <Task(BashOperator): delete_entry_group>, create_entry_group already registered for DAG: example_complex
[2026-03-03T01:18:30.155+0000] {logging_mixin.py:149} INFO - [2026-03-03T01:18:30.155+0000] {taskmixin.py:211} WARNING - Dependency <Task(BashOperator): create_entry_gcs>, delete_entry already registered for DAG: example_complex
[2026-03-03T01:18:30.156+0000] {logging_mixin.py:149} INFO - [2026-03-03T01:18:30.155+0000] {taskmixin.py:211} WARNING - Dependency <Task(BashOperator): delete_entry>, create_entry_gcs already registered for DAG: example_complex
[2026-03-03T01:18:30.157+0000] {logging_mixin.py:149} INFO - [2026-03-03T01:18:30.157+0000] {taskmixin.py:211} WARNING - Dependency <Task(BashOperator): create_tag>, delete_tag already registered for DAG: example_complex
[2026-03-03T01:18:30.157+0000] {logging_mixin.py:149} INFO - [2026-03-03T01:18:30.157+0000] {taskmixin.py:211} WARNING - Dependency <Task(BashOperator): delete_tag>, create_tag already registered for DAG: example_complex
[2026-03-03T01:18:30.161+0000] {processor.py:809} INFO - DAG(s) dict_keys(['example_complex']) retrieved from /home/airflow/.local/lib/python3.7/site-packages/airflow/example_dags/example_complex.py
[2026-03-03T01:18:30.233+0000] {logging_mixin.py:149} INFO - [2026-03-03T01:18:30.232+0000] {dag.py:2726} INFO - Sync 1 DAGs
[2026-03-03T01:18:30.290+0000] {logging_mixin.py:149} INFO - [2026-03-03T01:18:30.289+0000] {dag.py:3490} INFO - Setting next_dagrun for example_complex to None, run_after=None
[2026-03-03T01:18:30.343+0000] {processor.py:178} INFO - Processing /home/airflow/.local/lib/python3.7/site-packages/airflow/example_dags/example_complex.py took 0.220 seconds
[2026-03-03T01:19:00.553+0000] {processor.py:156} INFO - Started process (PID=1482) to work on /home/airflow/.local/lib/python3.7/site-packages/airflow/example_dags/example_complex.py
[2026-03-03T01:19:00.554+0000] {processor.py:799} INFO - Processing file /home/airflow/.local/lib/python3.7/site-packages/airflow/example_dags/example_complex.py for tasks to queue
[2026-03-03T01:19:00.556+0000] {logging_mixin.py:149} INFO - [2026-03-03T01:19:00.556+0000] {dagbag.py:541} INFO - Filling up the DagBag from /home/airflow/.local/lib/python3.7/site-packages/airflow/example_dags/example_complex.py
[2026-03-03T01:19:00.574+0000] {logging_mixin.py:149} INFO - [2026-03-03T01:19:00.573+0000] {taskmixin.py:211} WARNING - Dependency <Task(BashOperator): create_entry_group>, delete_entry_group already registered for DAG: example_complex
[2026-03-03T01:19:00.575+0000] {logging_mixin.py:149} INFO - [2026-03-03T01:19:00.575+0000] {taskmixin.py:211} WARNING - Dependency <Task(BashOperator): delete_entry_group>, create_entry_group already registered for DAG: example_complex
[2026-03-03T01:19:00.576+0000] {logging_mixin.py:149} INFO - [2026-03-03T01:19:00.576+0000] {taskmixin.py:211} WARNING - Dependency <Task(BashOperator): create_entry_gcs>, delete_entry already registered for DAG: example_complex
[2026-03-03T01:19:00.577+0000] {logging_mixin.py:149} INFO - [2026-03-03T01:19:00.576+0000] {taskmixin.py:211} WARNING - Dependency <Task(BashOperator): delete_entry>, create_entry_gcs already registered for DAG: example_complex
[2026-03-03T01:19:00.578+0000] {logging_mixin.py:149} INFO - [2026-03-03T01:19:00.577+0000] {taskmixin.py:211} WARNING - Dependency <Task(BashOperator): create_tag>, delete_tag already registered for DAG: example_complex
[2026-03-03T01:19:00.578+0000] {logging_mixin.py:149} INFO - [2026-03-03T01:19:00.578+0000] {taskmixin.py:211} WARNING - Dependency <Task(BashOperator): delete_tag>, create_tag already registered for DAG: example_complex
[2026-03-03T01:19:00.582+0000] {processor.py:809} INFO - DAG(s) dict_keys(['example_complex']) retrieved from /home/airflow/.local/lib/python3.7/site-packages/airflow/example_dags/example_complex.py
[2026-03-03T01:19:00.647+0000] {logging_mixin.py:149} INFO - [2026-03-03T01:19:00.647+0000] {dag.py:2726} INFO - Sync 1 DAGs
[2026-03-03T01:19:00.699+0000] {logging_mixin.py:149} INFO - [2026-03-03T01:19:00.699+0000] {dag.py:3490} INFO - Setting next_dagrun for example_complex to None, run_after=None
[2026-03-03T01:19:00.756+0000] {processor.py:178} INFO - Processing /home/airflow/.local/lib/python3.7/site-packages/airflow/example_dags/example_complex.py took 0.210 seconds
[2026-03-03T01:19:30.873+0000] {processor.py:156} INFO - Started process (PID=1544) to work on /home/airflow/.local/lib/python3.7/site-packages/airflow/example_dags/example_complex.py
[2026-03-03T01:19:30.874+0000] {processor.py:799} INFO - Processing file /home/airflow/.local/lib/python3.7/site-packages/airflow/example_dags/example_complex.py for tasks to queue
[2026-03-03T01:19:30.874+0000] {logging_mixin.py:149} INFO - [2026-03-03T01:19:30.874+0000] {dagbag.py:541} INFO - Filling up the DagBag from /home/airflow/.local/lib/python3.7/site-packages/airflow/example_dags/example_complex.py
[2026-03-03T01:19:30.879+0000] {logging_mixin.py:149} INFO - [2026-03-03T01:19:30.879+0000] {taskmixin.py:211} WARNING - Dependency <Task(BashOperator): create_entry_group>, delete_entry_group already registered for DAG: example_complex
[2026-03-03T01:19:30.880+0000] {logging_mixin.py:149} INFO - [2026-03-03T01:19:30.879+0000] {taskmixin.py:211} WARNING - Dependency <Task(BashOperator): delete_entry_group>, create_entry_group already registered for DAG: example_complex
[2026-03-03T01:19:30.880+0000] {logging_mixin.py:149} INFO - [2026-03-03T01:19:30.880+0000] {taskmixin.py:211} WARNING - Dependency <Task(BashOperator): create_entry_gcs>, delete_entry already registered for DAG: example_complex
[2026-03-03T01:19:30.880+0000] {logging_mixin.py:149} INFO - [2026-03-03T01:19:30.880+0000] {taskmixin.py:211} WARNING - Dependency <Task(BashOperator): delete_entry>, create_entry_gcs already registered for DAG: example_complex
[2026-03-03T01:19:30.880+0000] {logging_mixin.py:149} INFO - [2026-03-03T01:19:30.880+0000] {taskmixin.py:211} WARNING - Dependency <Task(BashOperator): create_tag>, delete_tag already registered for DAG: example_complex
[2026-03-03T01:19:30.882+0000] {logging_mixin.py:149} INFO - [2026-03-03T01:19:30.882+0000] {taskmixin.py:211} WARNING - Dependency <Task(BashOperator): delete_tag>, create_tag already registered for DAG: example_complex
[2026-03-03T01:19:30.883+0000] {processor.py:809} INFO - DAG(s) dict_keys(['example_complex']) retrieved from /home/airflow/.local/lib/python3.7/site-packages/airflow/example_dags/example_complex.py
[2026-03-03T01:19:30.900+0000] {logging_mixin.py:149} INFO - [2026-03-03T01:19:30.899+0000] {dag.py:2726} INFO - Sync 1 DAGs
[2026-03-03T01:19:30.912+0000] {logging_mixin.py:149} INFO - [2026-03-03T01:19:30.912+0000] {dag.py:3490} INFO - Setting next_dagrun for example_complex to None, run_after=None
[2026-03-03T01:19:30.921+0000] {processor.py:178} INFO - Processing /home/airflow/.local/lib/python3.7/site-packages/airflow/example_dags/example_complex.py took 0.050 seconds
[2026-03-03T01:20:01.550+0000] {processor.py:156} INFO - Started process (PID=1606) to work on /home/airflow/.local/lib/python3.7/site-packages/airflow/example_dags/example_complex.py
[2026-03-03T01:20:01.550+0000] {processor.py:799} INFO - Processing file /home/airflow/.local/lib/python3.7/site-packages/airflow/example_dags/example_complex.py for tasks to queue
[2026-03-03T01:20:01.551+0000] {logging_mixin.py:149} INFO - [2026-03-03T01:20:01.551+0000] {dagbag.py:541} INFO - Filling up the DagBag from /home/airflow/.local/lib/python3.7/site-packages/airflow/example_dags/example_complex.py
[2026-03-03T01:20:01.555+0000] {logging_mixin.py:149} INFO - [2026-03-03T01:20:01.555+0000] {taskmixin.py:211} WARNING - Dependency <Task(BashOperator): create_entry_group>, delete_entry_group already registered for DAG: example_complex
[2026-03-03T01:20:01.556+0000] {logging_mixin.py:149} INFO - [2026-03-03T01:20:01.556+0000] {taskmixin.py:211} WARNING - Dependency <Task(BashOperator): delete_entry_group>, create_entry_group already registered for DAG: example_complex
[2026-03-03T01:20:01.556+0000] {logging_mixin.py:149} INFO - [2026-03-03T01:20:01.556+0000] {taskmixin.py:211} WARNING - Dependency <Task(BashOperator): create_entry_gcs>, delete_entry already registered for DAG: example_complex
[2026-03-03T01:20:01.556+0000] {logging_mixin.py:149} INFO - [2026-03-03T01:20:01.556+0000] {taskmixin.py:211} WARNING - Dependency <Task(BashOperator): delete_entry>, create_entry_gcs already registered for DAG: example_complex
[2026-03-03T01:20:01.556+0000] {logging_mixin.py:149} INFO - [2026-03-03T01:20:01.556+0000] {taskmixin.py:211} WARNING - Dependency <Task(BashOperator): create_tag>, delete_tag already registered for DAG: example_complex
[2026-03-03T01:20:01.556+0000] {logging_mixin.py:149} INFO - [2026-03-03T01:20:01.556+0000] {taskmixin.py:211} WARNING - Dependency <Task(BashOperator): delete_tag>, create_tag already registered for DAG: example_complex
[2026-03-03T01:20:01.557+0000] {processor.py:809} INFO - DAG(s) dict_keys(['example_complex']) retrieved from /home/airflow/.local/lib/python3.7/site-packages/airflow/example_dags/example_complex.py
[2026-03-03T01:20:01.573+0000] {logging_mixin.py:149} INFO - [2026-03-03T01:20:01.573+0000] {dag.py:2726} INFO - Sync 1 DAGs
[2026-03-03T01:20:01.584+0000] {logging_mixin.py:149} INFO - [2026-03-03T01:20:01.584+0000] {dag.py:3490} INFO - Setting next_dagrun for example_complex to None, run_after=None
[2026-03-03T01:20:01.594+0000] {processor.py:178} INFO - Processing /home/airflow/.local/lib/python3.7/site-packages/airflow/example_dags/example_complex.py took 0.045 seconds
[2026-03-03T01:20:32.242+0000] {processor.py:156} INFO - Started process (PID=1668) to work on /home/airflow/.local/lib/python3.7/site-packages/airflow/example_dags/example_complex.py
[2026-03-03T01:20:32.242+0000] {processor.py:799} INFO - Processing file /home/airflow/.local/lib/python3.7/site-packages/airflow/example_dags/example_complex.py for tasks to queue
[2026-03-03T01:20:32.242+0000] {logging_mixin.py:149} INFO - [2026-03-03T01:20:32.242+0000] {dagbag.py:541} INFO - Filling up the DagBag from /home/airflow/.local/lib/python3.7/site-packages/airflow/example_dags/example_complex.py
[2026-03-03T01:20:32.247+0000] {logging_mixin.py:149} INFO - [2026-03-03T01:20:32.247+0000] {taskmixin.py:211} WARNING - Dependency <Task(BashOperator): create_entry_group>, delete_entry_group already registered for DAG: example_complex
[2026-03-03T01:20:32.247+0000] {logging_mixin.py:149} INFO - [2026-03-03T01:20:32.247+0000] {taskmixin.py:211} WARNING - Dependency <Task(BashOperator): delete_entry_group>, create_entry_group already registered for DAG: example_complex
[2026-03-03T01:20:32.247+0000] {logging_mixin.py:149} INFO - [2026-03-03T01:20:32.247+0000] {taskmixin.py:211} WARNING - Dependency <Task(BashOperator): create_entry_gcs>, delete_entry already registered for DAG: example_complex
[2026-03-03T01:20:32.247+0000] {logging_mixin.py:149} INFO - [2026-03-03T01:20:32.247+0000] {taskmixin.py:211} WARNING - Dependency <Task(BashOperator): delete_entry>, create_entry_gcs already registered for DAG: example_complex
[2026-03-03T01:20:32.247+0000] {logging_mixin.py:149} INFO - [2026-03-03T01:20:32.247+0000] {taskmixin.py:211} WARNING - Dependency <Task(BashOperator): create_tag>, delete_tag already registered for DAG: example_complex
[2026-03-03T01:20:32.247+0000] {logging_mixin.py:149} INFO - [2026-03-03T01:20:32.247+0000] {taskmixin.py:211} WARNING - Dependency <Task(BashOperator): delete_tag>, create_tag already registered for DAG: example_complex
[2026-03-03T01:20:32.248+0000] {processor.py:809} INFO - DAG(s) dict_keys(['example_complex']) retrieved from /home/airflow/.local/lib/python3.7/site-packages/airflow/example_dags/example_complex.py
[2026-03-03T01:20:32.264+0000] {logging_mixin.py:149} INFO - [2026-03-03T01:20:32.264+0000] {dag.py:2726} INFO - Sync 1 DAGs
[2026-03-03T01:20:32.275+0000] {logging_mixin.py:149} INFO - [2026-03-03T01:20:32.275+0000] {dag.py:3490} INFO - Setting next_dagrun for example_complex to None, run_after=None
[2026-03-03T01:20:32.283+0000] {processor.py:178} INFO - Processing /home/airflow/.local/lib/python3.7/site-packages/airflow/example_dags/example_complex.py took 0.043 seconds
[2026-03-03T01:21:02.897+0000] {processor.py:156} INFO - Started process (PID=1730) to work on /home/airflow/.local/lib/python3.7/site-packages/airflow/example_dags/example_complex.py
[2026-03-03T01:21:02.897+0000] {processor.py:799} INFO - Processing file /home/airflow/.local/lib/python3.7/site-packages/airflow/example_dags/example_complex.py for tasks to queue
[2026-03-03T01:21:02.898+0000] {logging_mixin.py:149} INFO - [2026-03-03T01:21:02.898+0000] {dagbag.py:541} INFO - Filling up the DagBag from /home/airflow/.local/lib/python3.7/site-packages/airflow/example_dags/example_complex.py
[2026-03-03T01:21:02.904+0000] {logging_mixin.py:149} INFO - [2026-03-03T01:21:02.903+0000] {taskmixin.py:211} WARNING - Dependency <Task(BashOperator): create_entry_group>, delete_entry_group already registered for DAG: example_complex
[2026-03-03T01:21:02.904+0000] {logging_mixin.py:149} INFO - [2026-03-03T01:21:02.904+0000] {taskmixin.py:211} WARNING - Dependency <Task(BashOperator): delete_entry_group>, create_entry_group already registered for DAG: example_complex
[2026-03-03T01:21:02.904+0000] {logging_mixin.py:149} INFO - [2026-03-03T01:21:02.904+0000] {taskmixin.py:211} WARNING - Dependency <Task(BashOperator): create_entry_gcs>, delete_entry already registered for DAG: example_complex
[2026-03-03T01:21:02.904+0000] {logging_mixin.py:149} INFO - [2026-03-03T01:21:02.904+0000] {taskmixin.py:211} WARNING - Dependency <Task(BashOperator): delete_entry>, create_entry_gcs already registered for DAG: example_complex
[2026-03-03T01:21:02.904+0000] {logging_mixin.py:149} INFO - [2026-03-03T01:21:02.904+0000] {taskmixin.py:211} WARNING - Dependency <Task(BashOperator): create_tag>, delete_tag already registered for DAG: example_complex
[2026-03-03T01:21:02.904+0000] {logging_mixin.py:149} INFO - [2026-03-03T01:21:02.904+0000] {taskmixin.py:211} WARNING - Dependency <Task(BashOperator): delete_tag>, create_tag already registered for DAG: example_complex
[2026-03-03T01:21:02.905+0000] {processor.py:809} INFO - DAG(s) dict_keys(['example_complex']) retrieved from /home/airflow/.local/lib/python3.7/site-packages/airflow/example_dags/example_complex.py
[2026-03-03T01:21:02.926+0000] {logging_mixin.py:149} INFO - [2026-03-03T01:21:02.926+0000] {dag.py:2726} INFO - Sync 1 DAGs
[2026-03-03T01:21:02.940+0000] {logging_mixin.py:149} INFO - [2026-03-03T01:21:02.940+0000] {dag.py:3490} INFO - Setting next_dagrun for example_complex to None, run_after=None
[2026-03-03T01:21:02.950+0000] {processor.py:178} INFO - Processing /home/airflow/.local/lib/python3.7/site-packages/airflow/example_dags/example_complex.py took 0.057 seconds
[2026-03-03T01:21:33.559+0000] {processor.py:156} INFO - Started process (PID=1792) to work on /home/airflow/.local/lib/python3.7/site-packages/airflow/example_dags/example_complex.py
[2026-03-03T01:21:33.560+0000] {processor.py:799} INFO - Processing file /home/airflow/.local/lib/python3.7/site-packages/airflow/example_dags/example_complex.py for tasks to queue
[2026-03-03T01:21:33.560+0000] {logging_mixin.py:149} INFO - [2026-03-03T01:21:33.560+0000] {dagbag.py:541} INFO - Filling up the DagBag from /home/airflow/.local/lib/python3.7/site-packages/airflow/example_dags/example_complex.py
[2026-03-03T01:21:33.568+0000] {logging_mixin.py:149} INFO - [2026-03-03T01:21:33.568+0000] {taskmixin.py:211} WARNING - Dependency <Task(BashOperator): create_entry_group>, delete_entry_group already registered for DAG: example_complex
[2026-03-03T01:21:33.569+0000] {logging_mixin.py:149} INFO - [2026-03-03T01:21:33.569+0000] {taskmixin.py:211} WARNING - Dependency <Task(BashOperator): delete_entry_group>, create_entry_group already registered for DAG: example_complex
[2026-03-03T01:21:33.569+0000] {logging_mixin.py:149} INFO - [2026-03-03T01:21:33.569+0000] {taskmixin.py:211} WARNING - Dependency <Task(BashOperator): create_entry_gcs>, delete_entry already registered for DAG: example_complex
[2026-03-03T01:21:33.570+0000] {logging_mixin.py:149} INFO - [2026-03-03T01:21:33.570+0000] {taskmixin.py:211} WARNING - Dependency <Task(BashOperator): delete_entry>, create_entry_gcs already registered for DAG: example_complex
[2026-03-03T01:21:33.570+0000] {logging_mixin.py:149} INFO - [2026-03-03T01:21:33.570+0000] {taskmixin.py:211} WARNING - Dependency <Task(BashOperator): create_tag>, delete_tag already registered for DAG: example_complex
[2026-03-03T01:21:33.570+0000] {logging_mixin.py:149} INFO - [2026-03-03T01:21:33.570+0000] {taskmixin.py:211} WARNING - Dependency <Task(BashOperator): delete_tag>, create_tag already registered for DAG: example_complex
[2026-03-03T01:21:33.571+0000] {processor.py:809} INFO - DAG(s) dict_keys(['example_complex']) retrieved from /home/airflow/.local/lib/python3.7/site-packages/airflow/example_dags/example_complex.py
[2026-03-03T01:21:33.596+0000] {logging_mixin.py:149} INFO - [2026-03-03T01:21:33.595+0000] {dag.py:2726} INFO - Sync 1 DAGs
[2026-03-03T01:21:33.611+0000] {logging_mixin.py:149} INFO - [2026-03-03T01:21:33.611+0000] {dag.py:3490} INFO - Setting next_dagrun for example_complex to None, run_after=None
[2026-03-03T01:21:33.623+0000] {processor.py:178} INFO - Processing /home/airflow/.local/lib/python3.7/site-packages/airflow/example_dags/example_complex.py took 0.067 seconds
[2026-03-03T01:22:04.048+0000] {processor.py:156} INFO - Started process (PID=1854) to work on /home/airflow/.local/lib/python3.7/site-packages/airflow/example_dags/example_complex.py
[2026-03-03T01:22:04.050+0000] {processor.py:799} INFO - Processing file /home/airflow/.local/lib/python3.7/site-packages/airflow/example_dags/example_complex.py for tasks to queue
[2026-03-03T01:22:04.052+0000] {logging_mixin.py:149} INFO - [2026-03-03T01:22:04.051+0000] {dagbag.py:541} INFO - Filling up the DagBag from /home/airflow/.local/lib/python3.7/site-packages/airflow/example_dags/example_complex.py
[2026-03-03T01:22:04.077+0000] {logging_mixin.py:149} INFO - [2026-03-03T01:22:04.076+0000] {taskmixin.py:211} WARNING - Dependency <Task(BashOperator): create_entry_group>, delete_entry_group already registered for DAG: example_complex
[2026-03-03T01:22:04.077+0000] {logging_mixin.py:149} INFO - [2026-03-03T01:22:04.077+0000] {taskmixin.py:211} WARNING - Dependency <Task(BashOperator): delete_entry_group>, create_entry_group already registered for DAG: example_complex
[2026-03-03T01:22:04.078+0000] {logging_mixin.py:149} INFO - [2026-03-03T01:22:04.078+0000] {taskmixin.py:211} WARNING - Dependency <Task(BashOperator): create_entry_gcs>, delete_entry already registered for DAG: example_complex
[2026-03-03T01:22:04.079+0000] {logging_mixin.py:149} INFO - [2026-03-03T01:22:04.079+0000] {taskmixin.py:211} WARNING - Dependency <Task(BashOperator): delete_entry>, create_entry_gcs already registered for DAG: example_complex
[2026-03-03T01:22:04.083+0000] {logging_mixin.py:149} INFO - [2026-03-03T01:22:04.082+0000] {taskmixin.py:211} WARNING - Dependency <Task(BashOperator): create_tag>, delete_tag already registered for DAG: example_complex
[2026-03-03T01:22:04.084+0000] {logging_mixin.py:149} INFO - [2026-03-03T01:22:04.084+0000] {taskmixin.py:211} WARNING - Dependency <Task(BashOperator): delete_tag>, create_tag already registered for DAG: example_complex
[2026-03-03T01:22:04.088+0000] {processor.py:809} INFO - DAG(s) dict_keys(['example_complex']) retrieved from /home/airflow/.local/lib/python3.7/site-packages/airflow/example_dags/example_complex.py
[2026-03-03T01:22:04.166+0000] {logging_mixin.py:149} INFO - [2026-03-03T01:22:04.166+0000] {dag.py:2726} INFO - Sync 1 DAGs
[2026-03-03T01:22:04.228+0000] {logging_mixin.py:149} INFO - [2026-03-03T01:22:04.228+0000] {dag.py:3490} INFO - Setting next_dagrun for example_complex to None, run_after=None
[2026-03-03T01:22:04.278+0000] {processor.py:178} INFO - Processing /home/airflow/.local/lib/python3.7/site-packages/airflow/example_dags/example_complex.py took 0.238 seconds
[2026-03-03T01:22:34.855+0000] {processor.py:156} INFO - Started process (PID=1916) to work on /home/airflow/.local/lib/python3.7/site-packages/airflow/example_dags/example_complex.py
[2026-03-03T01:22:34.860+0000] {processor.py:799} INFO - Processing file /home/airflow/.local/lib/python3.7/site-packages/airflow/example_dags/example_complex.py for tasks to queue
[2026-03-03T01:22:34.862+0000] {logging_mixin.py:149} INFO - [2026-03-03T01:22:34.862+0000] {dagbag.py:541} INFO - Filling up the DagBag from /home/airflow/.local/lib/python3.7/site-packages/airflow/example_dags/example_complex.py
[2026-03-03T01:22:34.891+0000] {logging_mixin.py:149} INFO - [2026-03-03T01:22:34.890+0000] {taskmixin.py:211} WARNING - Dependency <Task(BashOperator): create_entry_group>, delete_entry_group already registered for DAG: example_complex
[2026-03-03T01:22:34.893+0000] {logging_mixin.py:149} INFO - [2026-03-03T01:22:34.892+0000] {taskmixin.py:211} WARNING - Dependency <Task(BashOperator): delete_entry_group>, create_entry_group already registered for DAG: example_complex
[2026-03-03T01:22:34.894+0000] {logging_mixin.py:149} INFO - [2026-03-03T01:22:34.894+0000] {taskmixin.py:211} WARNING - Dependency <Task(BashOperator): create_entry_gcs>, delete_entry already registered for DAG: example_complex
[2026-03-03T01:22:34.896+0000] {logging_mixin.py:149} INFO - [2026-03-03T01:22:34.896+0000] {taskmixin.py:211} WARNING - Dependency <Task(BashOperator): delete_entry>, create_entry_gcs already registered for DAG: example_complex
[2026-03-03T01:22:34.898+0000] {logging_mixin.py:149} INFO - [2026-03-03T01:22:34.898+0000] {taskmixin.py:211} WARNING - Dependency <Task(BashOperator): create_tag>, delete_tag already registered for DAG: example_complex
[2026-03-03T01:22:34.899+0000] {logging_mixin.py:149} INFO - [2026-03-03T01:22:34.899+0000] {taskmixin.py:211} WARNING - Dependency <Task(BashOperator): delete_tag>, create_tag already registered for DAG: example_complex
[2026-03-03T01:22:34.906+0000] {processor.py:809} INFO - DAG(s) dict_keys(['example_complex']) retrieved from /home/airflow/.local/lib/python3.7/site-packages/airflow/example_dags/example_complex.py
[2026-03-03T01:22:35.008+0000] {logging_mixin.py:149} INFO - [2026-03-03T01:22:35.007+0000] {dag.py:2726} INFO - Sync 1 DAGs
[2026-03-03T01:22:35.097+0000] {logging_mixin.py:149} INFO - [2026-03-03T01:22:35.096+0000] {dag.py:3490} INFO - Setting next_dagrun for example_complex to None, run_after=None
[2026-03-03T01:22:35.165+0000] {processor.py:178} INFO - Processing /home/airflow/.local/lib/python3.7/site-packages/airflow/example_dags/example_complex.py took 0.318 seconds
[2026-03-03T01:23:05.750+0000] {processor.py:156} INFO - Started process (PID=1978) to work on /home/airflow/.local/lib/python3.7/site-packages/airflow/example_dags/example_complex.py
[2026-03-03T01:23:05.752+0000] {processor.py:799} INFO - Processing file /home/airflow/.local/lib/python3.7/site-packages/airflow/example_dags/example_complex.py for tasks to queue
[2026-03-03T01:23:05.754+0000] {logging_mixin.py:149} INFO - [2026-03-03T01:23:05.754+0000] {dagbag.py:541} INFO - Filling up the DagBag from /home/airflow/.local/lib/python3.7/site-packages/airflow/example_dags/example_complex.py
[2026-03-03T01:23:05.778+0000] {logging_mixin.py:149} INFO - [2026-03-03T01:23:05.777+0000] {taskmixin.py:211} WARNING - Dependency <Task(BashOperator): create_entry_group>, delete_entry_group already registered for DAG: example_complex
[2026-03-03T01:23:05.779+0000] {logging_mixin.py:149} INFO - [2026-03-03T01:23:05.779+0000] {taskmixin.py:211} WARNING - Dependency <Task(BashOperator): delete_entry_group>, create_entry_group already registered for DAG: example_complex
[2026-03-03T01:23:05.780+0000] {logging_mixin.py:149} INFO - [2026-03-03T01:23:05.779+0000] {taskmixin.py:211} WARNING - Dependency <Task(BashOperator): create_entry_gcs>, delete_entry already registered for DAG: example_complex
[2026-03-03T01:23:05.780+0000] {logging_mixin.py:149} INFO - [2026-03-03T01:23:05.780+0000] {taskmixin.py:211} WARNING - Dependency <Task(BashOperator): delete_entry>, create_entry_gcs already registered for DAG: example_complex
[2026-03-03T01:23:05.781+0000] {logging_mixin.py:149} INFO - [2026-03-03T01:23:05.781+0000] {taskmixin.py:211} WARNING - Dependency <Task(BashOperator): create_tag>, delete_tag already registered for DAG: example_complex
[2026-03-03T01:23:05.782+0000] {logging_mixin.py:149} INFO - [2026-03-03T01:23:05.782+0000] {taskmixin.py:211} WARNING - Dependency <Task(BashOperator): delete_tag>, create_tag already registered for DAG: example_complex
[2026-03-03T01:23:05.786+0000] {processor.py:809} INFO - DAG(s) dict_keys(['example_complex']) retrieved from /home/airflow/.local/lib/python3.7/site-packages/airflow/example_dags/example_complex.py
[2026-03-03T01:23:05.870+0000] {logging_mixin.py:149} INFO - [2026-03-03T01:23:05.869+0000] {dag.py:2726} INFO - Sync 1 DAGs
[2026-03-03T01:23:05.945+0000] {logging_mixin.py:149} INFO - [2026-03-03T01:23:05.945+0000] {dag.py:3490} INFO - Setting next_dagrun for example_complex to None, run_after=None
[2026-03-03T01:23:06.011+0000] {processor.py:178} INFO - Processing /home/airflow/.local/lib/python3.7/site-packages/airflow/example_dags/example_complex.py took 0.268 seconds
[2026-03-03T01:23:36.069+0000] {processor.py:156} INFO - Started process (PID=2040) to work on /home/airflow/.local/lib/python3.7/site-packages/airflow/example_dags/example_complex.py
[2026-03-03T01:23:36.072+0000] {processor.py:799} INFO - Processing file /home/airflow/.local/lib/python3.7/site-packages/airflow/example_dags/example_complex.py for tasks to queue
[2026-03-03T01:23:36.075+0000] {logging_mixin.py:149} INFO - [2026-03-03T01:23:36.074+0000] {dagbag.py:541} INFO - Filling up the DagBag from /home/airflow/.local/lib/python3.7/site-packages/airflow/example_dags/example_complex.py
[2026-03-03T01:23:36.107+0000] {logging_mixin.py:149} INFO - [2026-03-03T01:23:36.106+0000] {taskmixin.py:211} WARNING - Dependency <Task(BashOperator): create_entry_group>, delete_entry_group already registered for DAG: example_complex
[2026-03-03T01:23:36.109+0000] {logging_mixin.py:149} INFO - [2026-03-03T01:23:36.109+0000] {taskmixin.py:211} WARNING - Dependency <Task(BashOperator): delete_entry_group>, create_entry_group already registered for DAG: example_complex
[2026-03-03T01:23:36.111+0000] {logging_mixin.py:149} INFO - [2026-03-03T01:23:36.110+0000] {taskmixin.py:211} WARNING - Dependency <Task(BashOperator): create_entry_gcs>, delete_entry already registered for DAG: example_complex
[2026-03-03T01:23:36.112+0000] {logging_mixin.py:149} INFO - [2026-03-03T01:23:36.111+0000] {taskmixin.py:211} WARNING - Dependency <Task(BashOperator): delete_entry>, create_entry_gcs already registered for DAG: example_complex
[2026-03-03T01:23:36.113+0000] {logging_mixin.py:149} INFO - [2026-03-03T01:23:36.113+0000] {taskmixin.py:211} WARNING - Dependency <Task(BashOperator): create_tag>, delete_tag already registered for DAG: example_complex
[2026-03-03T01:23:36.114+0000] {logging_mixin.py:149} INFO - [2026-03-03T01:23:36.114+0000] {taskmixin.py:211} WARNING - Dependency <Task(BashOperator): delete_tag>, create_tag already registered for DAG: example_complex
[2026-03-03T01:23:36.119+0000] {processor.py:809} INFO - DAG(s) dict_keys(['example_complex']) retrieved from /home/airflow/.local/lib/python3.7/site-packages/airflow/example_dags/example_complex.py
[2026-03-03T01:23:36.209+0000] {logging_mixin.py:149} INFO - [2026-03-03T01:23:36.208+0000] {dag.py:2726} INFO - Sync 1 DAGs
[2026-03-03T01:23:36.275+0000] {logging_mixin.py:149} INFO - [2026-03-03T01:23:36.275+0000] {dag.py:3490} INFO - Setting next_dagrun for example_complex to None, run_after=None
[2026-03-03T01:23:36.330+0000] {processor.py:178} INFO - Processing /home/airflow/.local/lib/python3.7/site-packages/airflow/example_dags/example_complex.py took 0.272 seconds
[2026-03-03T01:24:07.498+0000] {processor.py:156} INFO - Started process (PID=2102) to work on /home/airflow/.local/lib/python3.7/site-packages/airflow/example_dags/example_complex.py
[2026-03-03T01:24:07.501+0000] {processor.py:799} INFO - Processing file /home/airflow/.local/lib/python3.7/site-packages/airflow/example_dags/example_complex.py for tasks to queue
[2026-03-03T01:24:07.505+0000] {logging_mixin.py:149} INFO - [2026-03-03T01:24:07.504+0000] {dagbag.py:541} INFO - Filling up the DagBag from /home/airflow/.local/lib/python3.7/site-packages/airflow/example_dags/example_complex.py
[2026-03-03T01:24:07.534+0000] {logging_mixin.py:149} INFO - [2026-03-03T01:24:07.534+0000] {taskmixin.py:211} WARNING - Dependency <Task(BashOperator): create_entry_group>, delete_entry_group already registered for DAG: example_complex
[2026-03-03T01:24:07.537+0000] {logging_mixin.py:149} INFO - [2026-03-03T01:24:07.536+0000] {taskmixin.py:211} WARNING - Dependency <Task(BashOperator): delete_entry_group>, create_entry_group already registered for DAG: example_complex
[2026-03-03T01:24:07.538+0000] {logging_mixin.py:149} INFO - [2026-03-03T01:24:07.537+0000] {taskmixin.py:211} WARNING - Dependency <Task(BashOperator): create_entry_gcs>, delete_entry already registered for DAG: example_complex
[2026-03-03T01:24:07.538+0000] {logging_mixin.py:149} INFO - [2026-03-03T01:24:07.538+0000] {taskmixin.py:211} WARNING - Dependency <Task(BashOperator): delete_entry>, create_entry_gcs already registered for DAG: example_complex
[2026-03-03T01:24:07.539+0000] {logging_mixin.py:149} INFO - [2026-03-03T01:24:07.539+0000] {taskmixin.py:211} WARNING - Dependency <Task(BashOperator): create_tag>, delete_tag already registered for DAG: example_complex
[2026-03-03T01:24:07.539+0000] {logging_mixin.py:149} INFO - [2026-03-03T01:24:07.539+0000] {taskmixin.py:211} WARNING - Dependency <Task(BashOperator): delete_tag>, create_tag already registered for DAG: example_complex
[2026-03-03T01:24:07.543+0000] {processor.py:809} INFO - DAG(s) dict_keys(['example_complex']) retrieved from /home/airflow/.local/lib/python3.7/site-packages/airflow/example_dags/example_complex.py
[2026-03-03T01:24:07.642+0000] {logging_mixin.py:149} INFO - [2026-03-03T01:24:07.642+0000] {dag.py:2726} INFO - Sync 1 DAGs
[2026-03-03T01:24:07.717+0000] {logging_mixin.py:149} INFO - [2026-03-03T01:24:07.716+0000] {dag.py:3490} INFO - Setting next_dagrun for example_complex to None, run_after=None
[2026-03-03T01:24:07.784+0000] {processor.py:178} INFO - Processing /home/airflow/.local/lib/python3.7/site-packages/airflow/example_dags/example_complex.py took 0.294 seconds
[2026-03-03T01:24:37.880+0000] {processor.py:156} INFO - Started process (PID=2164) to work on /home/airflow/.local/lib/python3.7/site-packages/airflow/example_dags/example_complex.py
[2026-03-03T01:24:37.881+0000] {processor.py:799} INFO - Processing file /home/airflow/.local/lib/python3.7/site-packages/airflow/example_dags/example_complex.py for tasks to queue
[2026-03-03T01:24:37.882+0000] {logging_mixin.py:149} INFO - [2026-03-03T01:24:37.881+0000] {dagbag.py:541} INFO - Filling up the DagBag from /home/airflow/.local/lib/python3.7/site-packages/airflow/example_dags/example_complex.py
[2026-03-03T01:24:37.887+0000] {logging_mixin.py:149} INFO - [2026-03-03T01:24:37.887+0000] {taskmixin.py:211} WARNING - Dependency <Task(BashOperator): create_entry_group>, delete_entry_group already registered for DAG: example_complex
[2026-03-03T01:24:37.887+0000] {logging_mixin.py:149} INFO - [2026-03-03T01:24:37.887+0000] {taskmixin.py:211} WARNING - Dependency <Task(BashOperator): delete_entry_group>, create_entry_group already registered for DAG: example_complex
[2026-03-03T01:24:37.887+0000] {logging_mixin.py:149} INFO - [2026-03-03T01:24:37.887+0000] {taskmixin.py:211} WARNING - Dependency <Task(BashOperator): create_entry_gcs>, delete_entry already registered for DAG: example_complex
[2026-03-03T01:24:37.888+0000] {logging_mixin.py:149} INFO - [2026-03-03T01:24:37.888+0000] {taskmixin.py:211} WARNING - Dependency <Task(BashOperator): delete_entry>, create_entry_gcs already registered for DAG: example_complex
[2026-03-03T01:24:37.888+0000] {logging_mixin.py:149} INFO - [2026-03-03T01:24:37.888+0000] {taskmixin.py:211} WARNING - Dependency <Task(BashOperator): create_tag>, delete_tag already registered for DAG: example_complex
[2026-03-03T01:24:37.888+0000] {logging_mixin.py:149} INFO - [2026-03-03T01:24:37.888+0000] {taskmixin.py:211} WARNING - Dependency <Task(BashOperator): delete_tag>, create_tag already registered for DAG: example_complex
[2026-03-03T01:24:37.889+0000] {processor.py:809} INFO - DAG(s) dict_keys(['example_complex']) retrieved from /home/airflow/.local/lib/python3.7/site-packages/airflow/example_dags/example_complex.py
[2026-03-03T01:24:37.908+0000] {logging_mixin.py:149} INFO - [2026-03-03T01:24:37.908+0000] {dag.py:2726} INFO - Sync 1 DAGs
[2026-03-03T01:24:37.920+0000] {logging_mixin.py:149} INFO - [2026-03-03T01:24:37.920+0000] {dag.py:3490} INFO - Setting next_dagrun for example_complex to None, run_after=None
[2026-03-03T01:24:37.928+0000] {processor.py:178} INFO - Processing /home/airflow/.local/lib/python3.7/site-packages/airflow/example_dags/example_complex.py took 0.050 seconds
[2026-03-03T01:25:08.967+0000] {processor.py:156} INFO - Started process (PID=2226) to work on /home/airflow/.local/lib/python3.7/site-packages/airflow/example_dags/example_complex.py
[2026-03-03T01:25:08.970+0000] {processor.py:799} INFO - Processing file /home/airflow/.local/lib/python3.7/site-packages/airflow/example_dags/example_complex.py for tasks to queue
[2026-03-03T01:25:08.972+0000] {logging_mixin.py:149} INFO - [2026-03-03T01:25:08.971+0000] {dagbag.py:541} INFO - Filling up the DagBag from /home/airflow/.local/lib/python3.7/site-packages/airflow/example_dags/example_complex.py
[2026-03-03T01:25:08.997+0000] {logging_mixin.py:149} INFO - [2026-03-03T01:25:08.996+0000] {taskmixin.py:211} WARNING - Dependency <Task(BashOperator): create_entry_group>, delete_entry_group already registered for DAG: example_complex
[2026-03-03T01:25:08.998+0000] {logging_mixin.py:149} INFO - [2026-03-03T01:25:08.997+0000] {taskmixin.py:211} WARNING - Dependency <Task(BashOperator): delete_entry_group>, create_entry_group already registered for DAG: example_complex
[2026-03-03T01:25:08.998+0000] {logging_mixin.py:149} INFO - [2026-03-03T01:25:08.998+0000] {taskmixin.py:211} WARNING - Dependency <Task(BashOperator): create_entry_gcs>, delete_entry already registered for DAG: example_complex
[2026-03-03T01:25:08.999+0000] {logging_mixin.py:149} INFO - [2026-03-03T01:25:08.999+0000] {taskmixin.py:211} WARNING - Dependency <Task(BashOperator): delete_entry>, create_entry_gcs already registered for DAG: example_complex
[2026-03-03T01:25:09.000+0000] {logging_mixin.py:149} INFO - [2026-03-03T01:25:09.000+0000] {taskmixin.py:211} WARNING - Dependency <Task(BashOperator): create_tag>, delete_tag already registered for DAG: example_complex
[2026-03-03T01:25:09.000+0000] {logging_mixin.py:149} INFO - [2026-03-03T01:25:09.000+0000] {taskmixin.py:211} WARNING - Dependency <Task(BashOperator): delete_tag>, create_tag already registered for DAG: example_complex
[2026-03-03T01:25:09.005+0000] {processor.py:809} INFO - DAG(s) dict_keys(['example_complex']) retrieved from /home/airflow/.local/lib/python3.7/site-packages/airflow/example_dags/example_complex.py
[2026-03-03T01:25:09.126+0000] {logging_mixin.py:149} INFO - [2026-03-03T01:25:09.126+0000] {dag.py:2726} INFO - Sync 1 DAGs
[2026-03-03T01:25:09.184+0000] {logging_mixin.py:149} INFO - [2026-03-03T01:25:09.183+0000] {dag.py:3490} INFO - Setting next_dagrun for example_complex to None, run_after=None
[2026-03-03T01:25:09.206+0000] {processor.py:178} INFO - Processing /home/airflow/.local/lib/python3.7/site-packages/airflow/example_dags/example_complex.py took 0.245 seconds
[2026-03-03T01:25:39.476+0000] {processor.py:156} INFO - Started process (PID=2288) to work on /home/airflow/.local/lib/python3.7/site-packages/airflow/example_dags/example_complex.py
[2026-03-03T01:25:39.477+0000] {processor.py:799} INFO - Processing file /home/airflow/.local/lib/python3.7/site-packages/airflow/example_dags/example_complex.py for tasks to queue
[2026-03-03T01:25:39.477+0000] {logging_mixin.py:149} INFO - [2026-03-03T01:25:39.477+0000] {dagbag.py:541} INFO - Filling up the DagBag from /home/airflow/.local/lib/python3.7/site-packages/airflow/example_dags/example_complex.py
[2026-03-03T01:25:39.482+0000] {logging_mixin.py:149} INFO - [2026-03-03T01:25:39.482+0000] {taskmixin.py:211} WARNING - Dependency <Task(BashOperator): create_entry_group>, delete_entry_group already registered for DAG: example_complex
[2026-03-03T01:25:39.484+0000] {logging_mixin.py:149} INFO - [2026-03-03T01:25:39.484+0000] {taskmixin.py:211} WARNING - Dependency <Task(BashOperator): delete_entry_group>, create_entry_group already registered for DAG: example_complex
[2026-03-03T01:25:39.484+0000] {logging_mixin.py:149} INFO - [2026-03-03T01:25:39.484+0000] {taskmixin.py:211} WARNING - Dependency <Task(BashOperator): create_entry_gcs>, delete_entry already registered for DAG: example_complex
[2026-03-03T01:25:39.484+0000] {logging_mixin.py:149} INFO - [2026-03-03T01:25:39.484+0000] {taskmixin.py:211} WARNING - Dependency <Task(BashOperator): delete_entry>, create_entry_gcs already registered for DAG: example_complex
[2026-03-03T01:25:39.484+0000] {logging_mixin.py:149} INFO - [2026-03-03T01:25:39.484+0000] {taskmixin.py:211} WARNING - Dependency <Task(BashOperator): create_tag>, delete_tag already registered for DAG: example_complex
[2026-03-03T01:25:39.484+0000] {logging_mixin.py:149} INFO - [2026-03-03T01:25:39.484+0000] {taskmixin.py:211} WARNING - Dependency <Task(BashOperator): delete_tag>, create_tag already registered for DAG: example_complex
[2026-03-03T01:25:39.485+0000] {processor.py:809} INFO - DAG(s) dict_keys(['example_complex']) retrieved from /home/airflow/.local/lib/python3.7/site-packages/airflow/example_dags/example_complex.py
[2026-03-03T01:25:39.500+0000] {logging_mixin.py:149} INFO - [2026-03-03T01:25:39.500+0000] {dag.py:2726} INFO - Sync 1 DAGs
[2026-03-03T01:25:39.511+0000] {logging_mixin.py:149} INFO - [2026-03-03T01:25:39.511+0000] {dag.py:3490} INFO - Setting next_dagrun for example_complex to None, run_after=None
[2026-03-03T01:25:39.520+0000] {processor.py:178} INFO - Processing /home/airflow/.local/lib/python3.7/site-packages/airflow/example_dags/example_complex.py took 0.045 seconds
[2026-03-03T01:26:10.140+0000] {processor.py:156} INFO - Started process (PID=2350) to work on /home/airflow/.local/lib/python3.7/site-packages/airflow/example_dags/example_complex.py
[2026-03-03T01:26:10.141+0000] {processor.py:799} INFO - Processing file /home/airflow/.local/lib/python3.7/site-packages/airflow/example_dags/example_complex.py for tasks to queue
[2026-03-03T01:26:10.141+0000] {logging_mixin.py:149} INFO - [2026-03-03T01:26:10.141+0000] {dagbag.py:541} INFO - Filling up the DagBag from /home/airflow/.local/lib/python3.7/site-packages/airflow/example_dags/example_complex.py
[2026-03-03T01:26:10.146+0000] {logging_mixin.py:149} INFO - [2026-03-03T01:26:10.146+0000] {taskmixin.py:211} WARNING - Dependency <Task(BashOperator): create_entry_group>, delete_entry_group already registered for DAG: example_complex
[2026-03-03T01:26:10.146+0000] {logging_mixin.py:149} INFO - [2026-03-03T01:26:10.146+0000] {taskmixin.py:211} WARNING - Dependency <Task(BashOperator): delete_entry_group>, create_entry_group already registered for DAG: example_complex
[2026-03-03T01:26:10.146+0000] {logging_mixin.py:149} INFO - [2026-03-03T01:26:10.146+0000] {taskmixin.py:211} WARNING - Dependency <Task(BashOperator): create_entry_gcs>, delete_entry already registered for DAG: example_complex
[2026-03-03T01:26:10.146+0000] {logging_mixin.py:149} INFO - [2026-03-03T01:26:10.146+0000] {taskmixin.py:211} WARNING - Dependency <Task(BashOperator): delete_entry>, create_entry_gcs already registered for DAG: example_complex
[2026-03-03T01:26:10.146+0000] {logging_mixin.py:149} INFO - [2026-03-03T01:26:10.146+0000] {taskmixin.py:211} WARNING - Dependency <Task(BashOperator): create_tag>, delete_tag already registered for DAG: example_complex
[2026-03-03T01:26:10.146+0000] {logging_mixin.py:149} INFO - [2026-03-03T01:26:10.146+0000] {taskmixin.py:211} WARNING - Dependency <Task(BashOperator): delete_tag>, create_tag already registered for DAG: example_complex
[2026-03-03T01:26:10.147+0000] {processor.py:809} INFO - DAG(s) dict_keys(['example_complex']) retrieved from /home/airflow/.local/lib/python3.7/site-packages/airflow/example_dags/example_complex.py
[2026-03-03T01:26:10.161+0000] {logging_mixin.py:149} INFO - [2026-03-03T01:26:10.161+0000] {dag.py:2726} INFO - Sync 1 DAGs
[2026-03-03T01:26:10.171+0000] {logging_mixin.py:149} INFO - [2026-03-03T01:26:10.171+0000] {dag.py:3490} INFO - Setting next_dagrun for example_complex to None, run_after=None
[2026-03-03T01:26:10.178+0000] {processor.py:178} INFO - Processing /home/airflow/.local/lib/python3.7/site-packages/airflow/example_dags/example_complex.py took 0.040 seconds
[2026-03-03T01:26:40.727+0000] {processor.py:156} INFO - Started process (PID=2412) to work on /home/airflow/.local/lib/python3.7/site-packages/airflow/example_dags/example_complex.py
[2026-03-03T01:26:40.730+0000] {processor.py:799} INFO - Processing file /home/airflow/.local/lib/python3.7/site-packages/airflow/example_dags/example_complex.py for tasks to queue
[2026-03-03T01:26:40.731+0000] {logging_mixin.py:149} INFO - [2026-03-03T01:26:40.731+0000] {dagbag.py:541} INFO - Filling up the DagBag from /home/airflow/.local/lib/python3.7/site-packages/airflow/example_dags/example_complex.py
[2026-03-03T01:26:40.737+0000] {logging_mixin.py:149} INFO - [2026-03-03T01:26:40.737+0000] {taskmixin.py:211} WARNING - Dependency <Task(BashOperator): create_entry_group>, delete_entry_group already registered for DAG: example_complex
[2026-03-03T01:26:40.738+0000] {logging_mixin.py:149} INFO - [2026-03-03T01:26:40.738+0000] {taskmixin.py:211} WARNING - Dependency <Task(BashOperator): delete_entry_group>, create_entry_group already registered for DAG: example_complex
[2026-03-03T01:26:40.738+0000] {logging_mixin.py:149} INFO - [2026-03-03T01:26:40.738+0000] {taskmixin.py:211} WARNING - Dependency <Task(BashOperator): create_entry_gcs>, delete_entry already registered for DAG: example_complex
[2026-03-03T01:26:40.738+0000] {logging_mixin.py:149} INFO - [2026-03-03T01:26:40.738+0000] {taskmixin.py:211} WARNING - Dependency <Task(BashOperator): delete_entry>, create_entry_gcs already registered for DAG: example_complex
[2026-03-03T01:26:40.739+0000] {logging_mixin.py:149} INFO - [2026-03-03T01:26:40.739+0000] {taskmixin.py:211} WARNING - Dependency <Task(BashOperator): create_tag>, delete_tag already registered for DAG: example_complex
[2026-03-03T01:26:40.741+0000] {logging_mixin.py:149} INFO - [2026-03-03T01:26:40.741+0000] {taskmixin.py:211} WARNING - Dependency <Task(BashOperator): delete_tag>, create_tag already registered for DAG: example_complex
[2026-03-03T01:26:40.743+0000] {processor.py:809} INFO - DAG(s) dict_keys(['example_complex']) retrieved from /home/airflow/.local/lib/python3.7/site-packages/airflow/example_dags/example_complex.py
[2026-03-03T01:26:40.766+0000] {logging_mixin.py:149} INFO - [2026-03-03T01:26:40.766+0000] {dag.py:2726} INFO - Sync 1 DAGs
[2026-03-03T01:26:40.779+0000] {logging_mixin.py:149} INFO - [2026-03-03T01:26:40.779+0000] {dag.py:3490} INFO - Setting next_dagrun for example_complex to None, run_after=None
[2026-03-03T01:26:40.788+0000] {processor.py:178} INFO - Processing /home/airflow/.local/lib/python3.7/site-packages/airflow/example_dags/example_complex.py took 0.063 seconds
[2026-03-03T01:27:11.608+0000] {processor.py:156} INFO - Started process (PID=2473) to work on /home/airflow/.local/lib/python3.7/site-packages/airflow/example_dags/example_complex.py
[2026-03-03T01:27:11.611+0000] {processor.py:799} INFO - Processing file /home/airflow/.local/lib/python3.7/site-packages/airflow/example_dags/example_complex.py for tasks to queue
[2026-03-03T01:27:11.611+0000] {logging_mixin.py:149} INFO - [2026-03-03T01:27:11.611+0000] {dagbag.py:541} INFO - Filling up the DagBag from /home/airflow/.local/lib/python3.7/site-packages/airflow/example_dags/example_complex.py
[2026-03-03T01:27:11.615+0000] {logging_mixin.py:149} INFO - [2026-03-03T01:27:11.615+0000] {taskmixin.py:211} WARNING - Dependency <Task(BashOperator): create_entry_group>, delete_entry_group already registered for DAG: example_complex
[2026-03-03T01:27:11.616+0000] {logging_mixin.py:149} INFO - [2026-03-03T01:27:11.616+0000] {taskmixin.py:211} WARNING - Dependency <Task(BashOperator): delete_entry_group>, create_entry_group already registered for DAG: example_complex
[2026-03-03T01:27:11.616+0000] {logging_mixin.py:149} INFO - [2026-03-03T01:27:11.616+0000] {taskmixin.py:211} WARNING - Dependency <Task(BashOperator): create_entry_gcs>, delete_entry already registered for DAG: example_complex
[2026-03-03T01:27:11.616+0000] {logging_mixin.py:149} INFO - [2026-03-03T01:27:11.616+0000] {taskmixin.py:211} WARNING - Dependency <Task(BashOperator): delete_entry>, create_entry_gcs already registered for DAG: example_complex
[2026-03-03T01:27:11.616+0000] {logging_mixin.py:149} INFO - [2026-03-03T01:27:11.616+0000] {taskmixin.py:211} WARNING - Dependency <Task(BashOperator): create_tag>, delete_tag already registered for DAG: example_complex
[2026-03-03T01:27:11.616+0000] {logging_mixin.py:149} INFO - [2026-03-03T01:27:11.616+0000] {taskmixin.py:211} WARNING - Dependency <Task(BashOperator): delete_tag>, create_tag already registered for DAG: example_complex
[2026-03-03T01:27:11.617+0000] {processor.py:809} INFO - DAG(s) dict_keys(['example_complex']) retrieved from /home/airflow/.local/lib/python3.7/site-packages/airflow/example_dags/example_complex.py
[2026-03-03T01:27:11.639+0000] {logging_mixin.py:149} INFO - [2026-03-03T01:27:11.639+0000] {dag.py:2726} INFO - Sync 1 DAGs
[2026-03-03T01:27:11.649+0000] {logging_mixin.py:149} INFO - [2026-03-03T01:27:11.649+0000] {dag.py:3490} INFO - Setting next_dagrun for example_complex to None, run_after=None
[2026-03-03T01:27:11.656+0000] {processor.py:178} INFO - Processing /home/airflow/.local/lib/python3.7/site-packages/airflow/example_dags/example_complex.py took 0.049 seconds
[2026-03-03T01:27:42.895+0000] {processor.py:156} INFO - Started process (PID=2535) to work on /home/airflow/.local/lib/python3.7/site-packages/airflow/example_dags/example_complex.py
[2026-03-03T01:27:42.897+0000] {processor.py:799} INFO - Processing file /home/airflow/.local/lib/python3.7/site-packages/airflow/example_dags/example_complex.py for tasks to queue
[2026-03-03T01:27:42.899+0000] {logging_mixin.py:149} INFO - [2026-03-03T01:27:42.899+0000] {dagbag.py:541} INFO - Filling up the DagBag from /home/airflow/.local/lib/python3.7/site-packages/airflow/example_dags/example_complex.py
[2026-03-03T01:27:42.926+0000] {logging_mixin.py:149} INFO - [2026-03-03T01:27:42.926+0000] {taskmixin.py:211} WARNING - Dependency <Task(BashOperator): create_entry_group>, delete_entry_group already registered for DAG: example_complex
[2026-03-03T01:27:42.927+0000] {logging_mixin.py:149} INFO - [2026-03-03T01:27:42.927+0000] {taskmixin.py:211} WARNING - Dependency <Task(BashOperator): delete_entry_group>, create_entry_group already registered for DAG: example_complex
[2026-03-03T01:27:42.928+0000] {logging_mixin.py:149} INFO - [2026-03-03T01:27:42.928+0000] {taskmixin.py:211} WARNING - Dependency <Task(BashOperator): create_entry_gcs>, delete_entry already registered for DAG: example_complex
[2026-03-03T01:27:42.928+0000] {logging_mixin.py:149} INFO - [2026-03-03T01:27:42.928+0000] {taskmixin.py:211} WARNING - Dependency <Task(BashOperator): delete_entry>, create_entry_gcs already registered for DAG: example_complex
[2026-03-03T01:27:42.929+0000] {logging_mixin.py:149} INFO - [2026-03-03T01:27:42.929+0000] {taskmixin.py:211} WARNING - Dependency <Task(BashOperator): create_tag>, delete_tag already registered for DAG: example_complex
[2026-03-03T01:27:42.930+0000] {logging_mixin.py:149} INFO - [2026-03-03T01:27:42.930+0000] {taskmixin.py:211} WARNING - Dependency <Task(BashOperator): delete_tag>, create_tag already registered for DAG: example_complex
[2026-03-03T01:27:42.933+0000] {processor.py:809} INFO - DAG(s) dict_keys(['example_complex']) retrieved from /home/airflow/.local/lib/python3.7/site-packages/airflow/example_dags/example_complex.py
[2026-03-03T01:27:43.036+0000] {logging_mixin.py:149} INFO - [2026-03-03T01:27:43.035+0000] {dag.py:2726} INFO - Sync 1 DAGs
[2026-03-03T01:27:43.113+0000] {logging_mixin.py:149} INFO - [2026-03-03T01:27:43.112+0000] {dag.py:3490} INFO - Setting next_dagrun for example_complex to None, run_after=None
[2026-03-03T01:27:43.177+0000] {processor.py:178} INFO - Processing /home/airflow/.local/lib/python3.7/site-packages/airflow/example_dags/example_complex.py took 0.289 seconds
[2026-03-03T01:28:14.064+0000] {processor.py:156} INFO - Started process (PID=2597) to work on /home/airflow/.local/lib/python3.7/site-packages/airflow/example_dags/example_complex.py
[2026-03-03T01:28:14.066+0000] {processor.py:799} INFO - Processing file /home/airflow/.local/lib/python3.7/site-packages/airflow/example_dags/example_complex.py for tasks to queue
[2026-03-03T01:28:14.067+0000] {logging_mixin.py:149} INFO - [2026-03-03T01:28:14.067+0000] {dagbag.py:541} INFO - Filling up the DagBag from /home/airflow/.local/lib/python3.7/site-packages/airflow/example_dags/example_complex.py
[2026-03-03T01:28:14.077+0000] {logging_mixin.py:149} INFO - [2026-03-03T01:28:14.077+0000] {taskmixin.py:211} WARNING - Dependency <Task(BashOperator): create_entry_group>, delete_entry_group already registered for DAG: example_complex
[2026-03-03T01:28:14.078+0000] {logging_mixin.py:149} INFO - [2026-03-03T01:28:14.078+0000] {taskmixin.py:211} WARNING - Dependency <Task(BashOperator): delete_entry_group>, create_entry_group already registered for DAG: example_complex
[2026-03-03T01:28:14.078+0000] {logging_mixin.py:149} INFO - [2026-03-03T01:28:14.078+0000] {taskmixin.py:211} WARNING - Dependency <Task(BashOperator): create_entry_gcs>, delete_entry already registered for DAG: example_complex
[2026-03-03T01:28:14.078+0000] {logging_mixin.py:149} INFO - [2026-03-03T01:28:14.078+0000] {taskmixin.py:211} WARNING - Dependency <Task(BashOperator): delete_entry>, create_entry_gcs already registered for DAG: example_complex
[2026-03-03T01:28:14.078+0000] {logging_mixin.py:149} INFO - [2026-03-03T01:28:14.078+0000] {taskmixin.py:211} WARNING - Dependency <Task(BashOperator): create_tag>, delete_tag already registered for DAG: example_complex
[2026-03-03T01:28:14.078+0000] {logging_mixin.py:149} INFO - [2026-03-03T01:28:14.078+0000] {taskmixin.py:211} WARNING - Dependency <Task(BashOperator): delete_tag>, create_tag already registered for DAG: example_complex
[2026-03-03T01:28:14.079+0000] {processor.py:809} INFO - DAG(s) dict_keys(['example_complex']) retrieved from /home/airflow/.local/lib/python3.7/site-packages/airflow/example_dags/example_complex.py
[2026-03-03T01:28:14.105+0000] {logging_mixin.py:149} INFO - [2026-03-03T01:28:14.105+0000] {dag.py:2726} INFO - Sync 1 DAGs
[2026-03-03T01:28:14.123+0000] {logging_mixin.py:149} INFO - [2026-03-03T01:28:14.123+0000] {dag.py:3490} INFO - Setting next_dagrun for example_complex to None, run_after=None
[2026-03-03T01:28:14.138+0000] {processor.py:178} INFO - Processing /home/airflow/.local/lib/python3.7/site-packages/airflow/example_dags/example_complex.py took 0.078 seconds
[2026-03-03T01:28:45.024+0000] {processor.py:156} INFO - Started process (PID=2666) to work on /home/airflow/.local/lib/python3.7/site-packages/airflow/example_dags/example_complex.py
[2026-03-03T01:28:45.027+0000] {processor.py:799} INFO - Processing file /home/airflow/.local/lib/python3.7/site-packages/airflow/example_dags/example_complex.py for tasks to queue
[2026-03-03T01:28:45.029+0000] {logging_mixin.py:149} INFO - [2026-03-03T01:28:45.029+0000] {dagbag.py:541} INFO - Filling up the DagBag from /home/airflow/.local/lib/python3.7/site-packages/airflow/example_dags/example_complex.py
[2026-03-03T01:28:45.058+0000] {logging_mixin.py:149} INFO - [2026-03-03T01:28:45.057+0000] {taskmixin.py:211} WARNING - Dependency <Task(BashOperator): create_entry_group>, delete_entry_group already registered for DAG: example_complex
[2026-03-03T01:28:45.059+0000] {logging_mixin.py:149} INFO - [2026-03-03T01:28:45.059+0000] {taskmixin.py:211} WARNING - Dependency <Task(BashOperator): delete_entry_group>, create_entry_group already registered for DAG: example_complex
[2026-03-03T01:28:45.061+0000] {logging_mixin.py:149} INFO - [2026-03-03T01:28:45.061+0000] {taskmixin.py:211} WARNING - Dependency <Task(BashOperator): create_entry_gcs>, delete_entry already registered for DAG: example_complex
[2026-03-03T01:28:45.065+0000] {logging_mixin.py:149} INFO - [2026-03-03T01:28:45.065+0000] {taskmixin.py:211} WARNING - Dependency <Task(BashOperator): delete_entry>, create_entry_gcs already registered for DAG: example_complex
[2026-03-03T01:28:45.066+0000] {logging_mixin.py:149} INFO - [2026-03-03T01:28:45.066+0000] {taskmixin.py:211} WARNING - Dependency <Task(BashOperator): create_tag>, delete_tag already registered for DAG: example_complex
[2026-03-03T01:28:45.067+0000] {logging_mixin.py:149} INFO - [2026-03-03T01:28:45.066+0000] {taskmixin.py:211} WARNING - Dependency <Task(BashOperator): delete_tag>, create_tag already registered for DAG: example_complex
[2026-03-03T01:28:45.073+0000] {processor.py:809} INFO - DAG(s) dict_keys(['example_complex']) retrieved from /home/airflow/.local/lib/python3.7/site-packages/airflow/example_dags/example_complex.py
[2026-03-03T01:28:45.159+0000] {logging_mixin.py:149} INFO - [2026-03-03T01:28:45.158+0000] {dag.py:2726} INFO - Sync 1 DAGs
[2026-03-03T01:28:45.228+0000] {logging_mixin.py:149} INFO - [2026-03-03T01:28:45.227+0000] {dag.py:3490} INFO - Setting next_dagrun for example_complex to None, run_after=None
[2026-03-03T01:28:45.294+0000] {processor.py:178} INFO - Processing /home/airflow/.local/lib/python3.7/site-packages/airflow/example_dags/example_complex.py took 0.278 seconds
[2026-03-03T01:29:16.055+0000] {processor.py:156} INFO - Started process (PID=2728) to work on /home/airflow/.local/lib/python3.7/site-packages/airflow/example_dags/example_complex.py
[2026-03-03T01:29:16.056+0000] {processor.py:799} INFO - Processing file /home/airflow/.local/lib/python3.7/site-packages/airflow/example_dags/example_complex.py for tasks to queue
[2026-03-03T01:29:16.057+0000] {logging_mixin.py:149} INFO - [2026-03-03T01:29:16.057+0000] {dagbag.py:541} INFO - Filling up the DagBag from /home/airflow/.local/lib/python3.7/site-packages/airflow/example_dags/example_complex.py
[2026-03-03T01:29:16.067+0000] {logging_mixin.py:149} INFO - [2026-03-03T01:29:16.066+0000] {taskmixin.py:211} WARNING - Dependency <Task(BashOperator): create_entry_group>, delete_entry_group already registered for DAG: example_complex
[2026-03-03T01:29:16.070+0000] {logging_mixin.py:149} INFO - [2026-03-03T01:29:16.070+0000] {taskmixin.py:211} WARNING - Dependency <Task(BashOperator): delete_entry_group>, create_entry_group already registered for DAG: example_complex
[2026-03-03T01:29:16.071+0000] {logging_mixin.py:149} INFO - [2026-03-03T01:29:16.071+0000] {taskmixin.py:211} WARNING - Dependency <Task(BashOperator): create_entry_gcs>, delete_entry already registered for DAG: example_complex
[2026-03-03T01:29:16.071+0000] {logging_mixin.py:149} INFO - [2026-03-03T01:29:16.071+0000] {taskmixin.py:211} WARNING - Dependency <Task(BashOperator): delete_entry>, create_entry_gcs already registered for DAG: example_complex
[2026-03-03T01:29:16.071+0000] {logging_mixin.py:149} INFO - [2026-03-03T01:29:16.071+0000] {taskmixin.py:211} WARNING - Dependency <Task(BashOperator): create_tag>, delete_tag already registered for DAG: example_complex
[2026-03-03T01:29:16.071+0000] {logging_mixin.py:149} INFO - [2026-03-03T01:29:16.071+0000] {taskmixin.py:211} WARNING - Dependency <Task(BashOperator): delete_tag>, create_tag already registered for DAG: example_complex
[2026-03-03T01:29:16.072+0000] {processor.py:809} INFO - DAG(s) dict_keys(['example_complex']) retrieved from /home/airflow/.local/lib/python3.7/site-packages/airflow/example_dags/example_complex.py
[2026-03-03T01:29:16.098+0000] {logging_mixin.py:149} INFO - [2026-03-03T01:29:16.097+0000] {dag.py:2726} INFO - Sync 1 DAGs
[2026-03-03T01:29:16.114+0000] {logging_mixin.py:149} INFO - [2026-03-03T01:29:16.113+0000] {dag.py:3490} INFO - Setting next_dagrun for example_complex to None, run_after=None
[2026-03-03T01:29:16.127+0000] {processor.py:178} INFO - Processing /home/airflow/.local/lib/python3.7/site-packages/airflow/example_dags/example_complex.py took 0.077 seconds
[2026-03-03T01:29:46.345+0000] {processor.py:156} INFO - Started process (PID=2789) to work on /home/airflow/.local/lib/python3.7/site-packages/airflow/example_dags/example_complex.py
[2026-03-03T01:29:46.346+0000] {processor.py:799} INFO - Processing file /home/airflow/.local/lib/python3.7/site-packages/airflow/example_dags/example_complex.py for tasks to queue
[2026-03-03T01:29:46.346+0000] {logging_mixin.py:149} INFO - [2026-03-03T01:29:46.346+0000] {dagbag.py:541} INFO - Filling up the DagBag from /home/airflow/.local/lib/python3.7/site-packages/airflow/example_dags/example_complex.py
[2026-03-03T01:29:46.351+0000] {logging_mixin.py:149} INFO - [2026-03-03T01:29:46.351+0000] {taskmixin.py:211} WARNING - Dependency <Task(BashOperator): create_entry_group>, delete_entry_group already registered for DAG: example_complex
[2026-03-03T01:29:46.355+0000] {logging_mixin.py:149} INFO - [2026-03-03T01:29:46.355+0000] {taskmixin.py:211} WARNING - Dependency <Task(BashOperator): delete_entry_group>, create_entry_group already registered for DAG: example_complex
[2026-03-03T01:29:46.355+0000] {logging_mixin.py:149} INFO - [2026-03-03T01:29:46.355+0000] {taskmixin.py:211} WARNING - Dependency <Task(BashOperator): create_entry_gcs>, delete_entry already registered for DAG: example_complex
[2026-03-03T01:29:46.355+0000] {logging_mixin.py:149} INFO - [2026-03-03T01:29:46.355+0000] {taskmixin.py:211} WARNING - Dependency <Task(BashOperator): delete_entry>, create_entry_gcs already registered for DAG: example_complex
[2026-03-03T01:29:46.355+0000] {logging_mixin.py:149} INFO - [2026-03-03T01:29:46.355+0000] {taskmixin.py:211} WARNING - Dependency <Task(BashOperator): create_tag>, delete_tag already registered for DAG: example_complex
[2026-03-03T01:29:46.355+0000] {logging_mixin.py:149} INFO - [2026-03-03T01:29:46.355+0000] {taskmixin.py:211} WARNING - Dependency <Task(BashOperator): delete_tag>, create_tag already registered for DAG: example_complex
[2026-03-03T01:29:46.356+0000] {processor.py:809} INFO - DAG(s) dict_keys(['example_complex']) retrieved from /home/airflow/.local/lib/python3.7/site-packages/airflow/example_dags/example_complex.py
[2026-03-03T01:29:46.377+0000] {logging_mixin.py:149} INFO - [2026-03-03T01:29:46.377+0000] {dag.py:2726} INFO - Sync 1 DAGs
[2026-03-03T01:29:46.389+0000] {logging_mixin.py:149} INFO - [2026-03-03T01:29:46.389+0000] {dag.py:3490} INFO - Setting next_dagrun for example_complex to None, run_after=None
[2026-03-03T01:29:46.403+0000] {processor.py:178} INFO - Processing /home/airflow/.local/lib/python3.7/site-packages/airflow/example_dags/example_complex.py took 0.061 seconds
[2026-03-03T01:30:17.005+0000] {processor.py:156} INFO - Started process (PID=2851) to work on /home/airflow/.local/lib/python3.7/site-packages/airflow/example_dags/example_complex.py
[2026-03-03T01:30:17.007+0000] {processor.py:799} INFO - Processing file /home/airflow/.local/lib/python3.7/site-packages/airflow/example_dags/example_complex.py for tasks to queue
[2026-03-03T01:30:17.009+0000] {logging_mixin.py:149} INFO - [2026-03-03T01:30:17.009+0000] {dagbag.py:541} INFO - Filling up the DagBag from /home/airflow/.local/lib/python3.7/site-packages/airflow/example_dags/example_complex.py
[2026-03-03T01:30:17.038+0000] {logging_mixin.py:149} INFO - [2026-03-03T01:30:17.038+0000] {taskmixin.py:211} WARNING - Dependency <Task(BashOperator): create_entry_group>, delete_entry_group already registered for DAG: example_complex
[2026-03-03T01:30:17.039+0000] {logging_mixin.py:149} INFO - [2026-03-03T01:30:17.039+0000] {taskmixin.py:211} WARNING - Dependency <Task(BashOperator): delete_entry_group>, create_entry_group already registered for DAG: example_complex
[2026-03-03T01:30:17.040+0000] {logging_mixin.py:149} INFO - [2026-03-03T01:30:17.040+0000] {taskmixin.py:211} WARNING - Dependency <Task(BashOperator): create_entry_gcs>, delete_entry already registered for DAG: example_complex
[2026-03-03T01:30:17.040+0000] {logging_mixin.py:149} INFO - [2026-03-03T01:30:17.040+0000] {taskmixin.py:211} WARNING - Dependency <Task(BashOperator): delete_entry>, create_entry_gcs already registered for DAG: example_complex
[2026-03-03T01:30:17.042+0000] {logging_mixin.py:149} INFO - [2026-03-03T01:30:17.041+0000] {taskmixin.py:211} WARNING - Dependency <Task(BashOperator): create_tag>, delete_tag already registered for DAG: example_complex
[2026-03-03T01:30:17.042+0000] {logging_mixin.py:149} INFO - [2026-03-03T01:30:17.042+0000] {taskmixin.py:211} WARNING - Dependency <Task(BashOperator): delete_tag>, create_tag already registered for DAG: example_complex
[2026-03-03T01:30:17.046+0000] {processor.py:809} INFO - DAG(s) dict_keys(['example_complex']) retrieved from /home/airflow/.local/lib/python3.7/site-packages/airflow/example_dags/example_complex.py
[2026-03-03T01:30:17.137+0000] {logging_mixin.py:149} INFO - [2026-03-03T01:30:17.136+0000] {dag.py:2726} INFO - Sync 1 DAGs
[2026-03-03T01:30:17.212+0000] {logging_mixin.py:149} INFO - [2026-03-03T01:30:17.212+0000] {dag.py:3490} INFO - Setting next_dagrun for example_complex to None, run_after=None
[2026-03-03T01:30:17.285+0000] {processor.py:178} INFO - Processing /home/airflow/.local/lib/python3.7/site-packages/airflow/example_dags/example_complex.py took 0.288 seconds
[2026-03-03T01:30:47.368+0000] {processor.py:156} INFO - Started process (PID=2913) to work on /home/airflow/.local/lib/python3.7/site-packages/airflow/example_dags/example_complex.py
[2026-03-03T01:30:47.369+0000] {processor.py:799} INFO - Processing file /home/airflow/.local/lib/python3.7/site-packages/airflow/example_dags/example_complex.py for tasks to queue
[2026-03-03T01:30:47.370+0000] {logging_mixin.py:149} INFO - [2026-03-03T01:30:47.370+0000] {dagbag.py:541} INFO - Filling up the DagBag from /home/airflow/.local/lib/python3.7/site-packages/airflow/example_dags/example_complex.py
[2026-03-03T01:30:47.380+0000] {logging_mixin.py:149} INFO - [2026-03-03T01:30:47.379+0000] {taskmixin.py:211} WARNING - Dependency <Task(BashOperator): create_entry_group>, delete_entry_group already registered for DAG: example_complex
[2026-03-03T01:30:47.380+0000] {logging_mixin.py:149} INFO - [2026-03-03T01:30:47.380+0000] {taskmixin.py:211} WARNING - Dependency <Task(BashOperator): delete_entry_group>, create_entry_group already registered for DAG: example_complex
[2026-03-03T01:30:47.381+0000] {logging_mixin.py:149} INFO - [2026-03-03T01:30:47.381+0000] {taskmixin.py:211} WARNING - Dependency <Task(BashOperator): create_entry_gcs>, delete_entry already registered for DAG: example_complex
[2026-03-03T01:30:47.382+0000] {logging_mixin.py:149} INFO - [2026-03-03T01:30:47.382+0000] {taskmixin.py:211} WARNING - Dependency <Task(BashOperator): delete_entry>, create_entry_gcs already registered for DAG: example_complex
[2026-03-03T01:30:47.383+0000] {logging_mixin.py:149} INFO - [2026-03-03T01:30:47.383+0000] {taskmixin.py:211} WARNING - Dependency <Task(BashOperator): create_tag>, delete_tag already registered for DAG: example_complex
[2026-03-03T01:30:47.384+0000] {logging_mixin.py:149} INFO - [2026-03-03T01:30:47.384+0000] {taskmixin.py:211} WARNING - Dependency <Task(BashOperator): delete_tag>, create_tag already registered for DAG: example_complex
[2026-03-03T01:30:47.385+0000] {processor.py:809} INFO - DAG(s) dict_keys(['example_complex']) retrieved from /home/airflow/.local/lib/python3.7/site-packages/airflow/example_dags/example_complex.py
[2026-03-03T01:30:47.410+0000] {logging_mixin.py:149} INFO - [2026-03-03T01:30:47.410+0000] {dag.py:2726} INFO - Sync 1 DAGs
[2026-03-03T01:30:47.428+0000] {logging_mixin.py:149} INFO - [2026-03-03T01:30:47.428+0000] {dag.py:3490} INFO - Setting next_dagrun for example_complex to None, run_after=None
[2026-03-03T01:30:47.454+0000] {processor.py:178} INFO - Processing /home/airflow/.local/lib/python3.7/site-packages/airflow/example_dags/example_complex.py took 0.089 seconds
[2026-03-03T01:31:17.955+0000] {processor.py:156} INFO - Started process (PID=2975) to work on /home/airflow/.local/lib/python3.7/site-packages/airflow/example_dags/example_complex.py
[2026-03-03T01:31:17.956+0000] {processor.py:799} INFO - Processing file /home/airflow/.local/lib/python3.7/site-packages/airflow/example_dags/example_complex.py for tasks to queue
[2026-03-03T01:31:17.957+0000] {logging_mixin.py:149} INFO - [2026-03-03T01:31:17.957+0000] {dagbag.py:541} INFO - Filling up the DagBag from /home/airflow/.local/lib/python3.7/site-packages/airflow/example_dags/example_complex.py
[2026-03-03T01:31:17.966+0000] {logging_mixin.py:149} INFO - [2026-03-03T01:31:17.966+0000] {taskmixin.py:211} WARNING - Dependency <Task(BashOperator): create_entry_group>, delete_entry_group already registered for DAG: example_complex
[2026-03-03T01:31:17.967+0000] {logging_mixin.py:149} INFO - [2026-03-03T01:31:17.967+0000] {taskmixin.py:211} WARNING - Dependency <Task(BashOperator): delete_entry_group>, create_entry_group already registered for DAG: example_complex
[2026-03-03T01:31:17.967+0000] {logging_mixin.py:149} INFO - [2026-03-03T01:31:17.967+0000] {taskmixin.py:211} WARNING - Dependency <Task(BashOperator): create_entry_gcs>, delete_entry already registered for DAG: example_complex
[2026-03-03T01:31:17.967+0000] {logging_mixin.py:149} INFO - [2026-03-03T01:31:17.967+0000] {taskmixin.py:211} WARNING - Dependency <Task(BashOperator): delete_entry>, create_entry_gcs already registered for DAG: example_complex
[2026-03-03T01:31:17.968+0000] {logging_mixin.py:149} INFO - [2026-03-03T01:31:17.968+0000] {taskmixin.py:211} WARNING - Dependency <Task(BashOperator): create_tag>, delete_tag already registered for DAG: example_complex
[2026-03-03T01:31:17.968+0000] {logging_mixin.py:149} INFO - [2026-03-03T01:31:17.968+0000] {taskmixin.py:211} WARNING - Dependency <Task(BashOperator): delete_tag>, create_tag already registered for DAG: example_complex
[2026-03-03T01:31:17.969+0000] {processor.py:809} INFO - DAG(s) dict_keys(['example_complex']) retrieved from /home/airflow/.local/lib/python3.7/site-packages/airflow/example_dags/example_complex.py
[2026-03-03T01:31:17.999+0000] {logging_mixin.py:149} INFO - [2026-03-03T01:31:17.999+0000] {dag.py:2726} INFO - Sync 1 DAGs
[2026-03-03T01:31:18.019+0000] {logging_mixin.py:149} INFO - [2026-03-03T01:31:18.019+0000] {dag.py:3490} INFO - Setting next_dagrun for example_complex to None, run_after=None
[2026-03-03T01:31:18.039+0000] {processor.py:178} INFO - Processing /home/airflow/.local/lib/python3.7/site-packages/airflow/example_dags/example_complex.py took 0.088 seconds
