[2026-03-03T00:56:03.811+0000] {processor.py:156} INFO - Started process (PID=47) to work on /home/airflow/.local/lib/python3.7/site-packages/airflow/example_dags/example_datasets.py
[2026-03-03T00:56:03.811+0000] {processor.py:799} INFO - Processing file /home/airflow/.local/lib/python3.7/site-packages/airflow/example_dags/example_datasets.py for tasks to queue
[2026-03-03T00:56:03.812+0000] {logging_mixin.py:149} INFO - [2026-03-03T00:56:03.812+0000] {dagbag.py:541} INFO - Filling up the DagBag from /home/airflow/.local/lib/python3.7/site-packages/airflow/example_dags/example_datasets.py
[2026-03-03T00:56:03.824+0000] {processor.py:809} INFO - DAG(s) dict_keys(['dataset_consumes_1_never_scheduled', 'dataset_produces_2', 'dataset_produces_1', 'dataset_consumes_1', 'dataset_consumes_1_and_2', 'dataset_consumes_unknown_never_scheduled']) retrieved from /home/airflow/.local/lib/python3.7/site-packages/airflow/example_dags/example_datasets.py
[2026-03-03T00:56:03.844+0000] {logging_mixin.py:149} INFO - [2026-03-03T00:56:03.844+0000] {dag.py:2726} INFO - Sync 6 DAGs
[2026-03-03T00:56:03.892+0000] {logging_mixin.py:149} INFO - [2026-03-03T00:56:03.892+0000] {dag.py:3490} INFO - Setting next_dagrun for dataset_consumes_1 to None, run_after=None
[2026-03-03T00:56:03.896+0000] {logging_mixin.py:149} INFO - [2026-03-03T00:56:03.896+0000] {dag.py:3490} INFO - Setting next_dagrun for dataset_consumes_1_and_2 to None, run_after=None
[2026-03-03T00:56:03.899+0000] {logging_mixin.py:149} INFO - [2026-03-03T00:56:03.899+0000] {dag.py:3490} INFO - Setting next_dagrun for dataset_consumes_1_never_scheduled to None, run_after=None
[2026-03-03T00:56:03.901+0000] {logging_mixin.py:149} INFO - [2026-03-03T00:56:03.900+0000] {dag.py:3490} INFO - Setting next_dagrun for dataset_consumes_unknown_never_scheduled to None, run_after=None
[2026-03-03T00:56:03.906+0000] {logging_mixin.py:149} INFO - [2026-03-03T00:56:03.906+0000] {dag.py:3490} INFO - Setting next_dagrun for dataset_produces_1 to 2026-03-02T00:00:00+00:00, run_after=2026-03-03T00:00:00+00:00
[2026-03-03T00:56:03.908+0000] {logging_mixin.py:149} INFO - [2026-03-03T00:56:03.908+0000] {dag.py:3490} INFO - Setting next_dagrun for dataset_produces_2 to None, run_after=None
[2026-03-03T00:56:03.940+0000] {processor.py:178} INFO - Processing /home/airflow/.local/lib/python3.7/site-packages/airflow/example_dags/example_datasets.py took 0.131 seconds
[2026-03-03T00:56:34.701+0000] {processor.py:156} INFO - Started process (PID=109) to work on /home/airflow/.local/lib/python3.7/site-packages/airflow/example_dags/example_datasets.py
[2026-03-03T00:56:34.706+0000] {processor.py:799} INFO - Processing file /home/airflow/.local/lib/python3.7/site-packages/airflow/example_dags/example_datasets.py for tasks to queue
[2026-03-03T00:56:34.708+0000] {logging_mixin.py:149} INFO - [2026-03-03T00:56:34.707+0000] {dagbag.py:541} INFO - Filling up the DagBag from /home/airflow/.local/lib/python3.7/site-packages/airflow/example_dags/example_datasets.py
[2026-03-03T00:56:34.728+0000] {processor.py:809} INFO - DAG(s) dict_keys(['dataset_consumes_1_and_2', 'dataset_consumes_1', 'dataset_produces_1', 'dataset_consumes_unknown_never_scheduled', 'dataset_consumes_1_never_scheduled', 'dataset_produces_2']) retrieved from /home/airflow/.local/lib/python3.7/site-packages/airflow/example_dags/example_datasets.py
[2026-03-03T00:56:34.994+0000] {logging_mixin.py:149} INFO - [2026-03-03T00:56:34.994+0000] {dag.py:2726} INFO - Sync 6 DAGs
[2026-03-03T00:56:35.072+0000] {logging_mixin.py:149} INFO - [2026-03-03T00:56:35.072+0000] {dag.py:3490} INFO - Setting next_dagrun for dataset_consumes_1 to None, run_after=None
[2026-03-03T00:56:35.085+0000] {logging_mixin.py:149} INFO - [2026-03-03T00:56:35.084+0000] {dag.py:3490} INFO - Setting next_dagrun for dataset_consumes_1_and_2 to None, run_after=None
[2026-03-03T00:56:35.090+0000] {logging_mixin.py:149} INFO - [2026-03-03T00:56:35.089+0000] {dag.py:3490} INFO - Setting next_dagrun for dataset_consumes_1_never_scheduled to None, run_after=None
[2026-03-03T00:56:35.093+0000] {logging_mixin.py:149} INFO - [2026-03-03T00:56:35.093+0000] {dag.py:3490} INFO - Setting next_dagrun for dataset_consumes_unknown_never_scheduled to None, run_after=None
[2026-03-03T00:56:35.099+0000] {logging_mixin.py:149} INFO - [2026-03-03T00:56:35.099+0000] {dag.py:3490} INFO - Setting next_dagrun for dataset_produces_1 to 2026-03-02T00:00:00+00:00, run_after=2026-03-03T00:00:00+00:00
[2026-03-03T00:56:35.106+0000] {logging_mixin.py:149} INFO - [2026-03-03T00:56:35.106+0000] {dag.py:3490} INFO - Setting next_dagrun for dataset_produces_2 to None, run_after=None
[2026-03-03T00:56:35.210+0000] {processor.py:178} INFO - Processing /home/airflow/.local/lib/python3.7/site-packages/airflow/example_dags/example_datasets.py took 0.517 seconds
[2026-03-03T00:57:05.427+0000] {processor.py:156} INFO - Started process (PID=172) to work on /home/airflow/.local/lib/python3.7/site-packages/airflow/example_dags/example_datasets.py
[2026-03-03T00:57:05.428+0000] {processor.py:799} INFO - Processing file /home/airflow/.local/lib/python3.7/site-packages/airflow/example_dags/example_datasets.py for tasks to queue
[2026-03-03T00:57:05.428+0000] {logging_mixin.py:149} INFO - [2026-03-03T00:57:05.428+0000] {dagbag.py:541} INFO - Filling up the DagBag from /home/airflow/.local/lib/python3.7/site-packages/airflow/example_dags/example_datasets.py
[2026-03-03T00:57:05.432+0000] {processor.py:809} INFO - DAG(s) dict_keys(['dataset_consumes_1', 'dataset_produces_2', 'dataset_consumes_1_never_scheduled', 'dataset_consumes_1_and_2', 'dataset_produces_1', 'dataset_consumes_unknown_never_scheduled']) retrieved from /home/airflow/.local/lib/python3.7/site-packages/airflow/example_dags/example_datasets.py
[2026-03-03T00:57:05.456+0000] {logging_mixin.py:149} INFO - [2026-03-03T00:57:05.455+0000] {dag.py:2726} INFO - Sync 6 DAGs
[2026-03-03T00:57:05.471+0000] {logging_mixin.py:149} INFO - [2026-03-03T00:57:05.471+0000] {dag.py:3490} INFO - Setting next_dagrun for dataset_consumes_1 to None, run_after=None
[2026-03-03T00:57:05.472+0000] {logging_mixin.py:149} INFO - [2026-03-03T00:57:05.472+0000] {dag.py:3490} INFO - Setting next_dagrun for dataset_consumes_1_and_2 to None, run_after=None
[2026-03-03T00:57:05.474+0000] {logging_mixin.py:149} INFO - [2026-03-03T00:57:05.474+0000] {dag.py:3490} INFO - Setting next_dagrun for dataset_consumes_1_never_scheduled to None, run_after=None
[2026-03-03T00:57:05.474+0000] {logging_mixin.py:149} INFO - [2026-03-03T00:57:05.474+0000] {dag.py:3490} INFO - Setting next_dagrun for dataset_consumes_unknown_never_scheduled to None, run_after=None
[2026-03-03T00:57:05.476+0000] {logging_mixin.py:149} INFO - [2026-03-03T00:57:05.476+0000] {dag.py:3490} INFO - Setting next_dagrun for dataset_produces_1 to 2026-03-02T00:00:00+00:00, run_after=2026-03-03T00:00:00+00:00
[2026-03-03T00:57:05.477+0000] {logging_mixin.py:149} INFO - [2026-03-03T00:57:05.477+0000] {dag.py:3490} INFO - Setting next_dagrun for dataset_produces_2 to None, run_after=None
[2026-03-03T00:57:05.496+0000] {processor.py:178} INFO - Processing /home/airflow/.local/lib/python3.7/site-packages/airflow/example_dags/example_datasets.py took 0.070 seconds
[2026-03-03T00:57:36.239+0000] {processor.py:156} INFO - Started process (PID=233) to work on /home/airflow/.local/lib/python3.7/site-packages/airflow/example_dags/example_datasets.py
[2026-03-03T00:57:36.241+0000] {processor.py:799} INFO - Processing file /home/airflow/.local/lib/python3.7/site-packages/airflow/example_dags/example_datasets.py for tasks to queue
[2026-03-03T00:57:36.241+0000] {logging_mixin.py:149} INFO - [2026-03-03T00:57:36.241+0000] {dagbag.py:541} INFO - Filling up the DagBag from /home/airflow/.local/lib/python3.7/site-packages/airflow/example_dags/example_datasets.py
[2026-03-03T00:57:36.253+0000] {processor.py:809} INFO - DAG(s) dict_keys(['dataset_consumes_1_and_2', 'dataset_produces_1', 'dataset_consumes_unknown_never_scheduled', 'dataset_consumes_1_never_scheduled', 'dataset_consumes_1', 'dataset_produces_2']) retrieved from /home/airflow/.local/lib/python3.7/site-packages/airflow/example_dags/example_datasets.py
[2026-03-03T00:57:36.323+0000] {logging_mixin.py:149} INFO - [2026-03-03T00:57:36.323+0000] {dag.py:2726} INFO - Sync 6 DAGs
[2026-03-03T00:57:36.346+0000] {logging_mixin.py:149} INFO - [2026-03-03T00:57:36.345+0000] {dag.py:3490} INFO - Setting next_dagrun for dataset_consumes_1 to None, run_after=None
[2026-03-03T00:57:36.350+0000] {logging_mixin.py:149} INFO - [2026-03-03T00:57:36.350+0000] {dag.py:3490} INFO - Setting next_dagrun for dataset_consumes_1_and_2 to None, run_after=None
[2026-03-03T00:57:36.350+0000] {logging_mixin.py:149} INFO - [2026-03-03T00:57:36.350+0000] {dag.py:3490} INFO - Setting next_dagrun for dataset_consumes_1_never_scheduled to None, run_after=None
[2026-03-03T00:57:36.352+0000] {logging_mixin.py:149} INFO - [2026-03-03T00:57:36.352+0000] {dag.py:3490} INFO - Setting next_dagrun for dataset_consumes_unknown_never_scheduled to None, run_after=None
[2026-03-03T00:57:36.353+0000] {logging_mixin.py:149} INFO - [2026-03-03T00:57:36.353+0000] {dag.py:3490} INFO - Setting next_dagrun for dataset_produces_1 to 2026-03-02T00:00:00+00:00, run_after=2026-03-03T00:00:00+00:00
[2026-03-03T00:57:36.355+0000] {logging_mixin.py:149} INFO - [2026-03-03T00:57:36.355+0000] {dag.py:3490} INFO - Setting next_dagrun for dataset_produces_2 to None, run_after=None
[2026-03-03T00:57:36.374+0000] {processor.py:178} INFO - Processing /home/airflow/.local/lib/python3.7/site-packages/airflow/example_dags/example_datasets.py took 0.137 seconds
[2026-03-03T00:58:07.102+0000] {processor.py:156} INFO - Started process (PID=295) to work on /home/airflow/.local/lib/python3.7/site-packages/airflow/example_dags/example_datasets.py
[2026-03-03T00:58:07.106+0000] {processor.py:799} INFO - Processing file /home/airflow/.local/lib/python3.7/site-packages/airflow/example_dags/example_datasets.py for tasks to queue
[2026-03-03T00:58:07.109+0000] {logging_mixin.py:149} INFO - [2026-03-03T00:58:07.109+0000] {dagbag.py:541} INFO - Filling up the DagBag from /home/airflow/.local/lib/python3.7/site-packages/airflow/example_dags/example_datasets.py
[2026-03-03T00:58:07.130+0000] {processor.py:809} INFO - DAG(s) dict_keys(['dataset_produces_2', 'dataset_consumes_1_and_2', 'dataset_consumes_unknown_never_scheduled', 'dataset_consumes_1_never_scheduled', 'dataset_consumes_1', 'dataset_produces_1']) retrieved from /home/airflow/.local/lib/python3.7/site-packages/airflow/example_dags/example_datasets.py
[2026-03-03T00:58:07.238+0000] {logging_mixin.py:149} INFO - [2026-03-03T00:58:07.237+0000] {dag.py:2726} INFO - Sync 6 DAGs
[2026-03-03T00:58:07.308+0000] {logging_mixin.py:149} INFO - [2026-03-03T00:58:07.308+0000] {dag.py:3490} INFO - Setting next_dagrun for dataset_consumes_1 to None, run_after=None
[2026-03-03T00:58:07.319+0000] {logging_mixin.py:149} INFO - [2026-03-03T00:58:07.318+0000] {dag.py:3490} INFO - Setting next_dagrun for dataset_consumes_1_and_2 to None, run_after=None
[2026-03-03T00:58:07.323+0000] {logging_mixin.py:149} INFO - [2026-03-03T00:58:07.323+0000] {dag.py:3490} INFO - Setting next_dagrun for dataset_consumes_1_never_scheduled to None, run_after=None
[2026-03-03T00:58:07.328+0000] {logging_mixin.py:149} INFO - [2026-03-03T00:58:07.328+0000] {dag.py:3490} INFO - Setting next_dagrun for dataset_consumes_unknown_never_scheduled to None, run_after=None
[2026-03-03T00:58:07.333+0000] {logging_mixin.py:149} INFO - [2026-03-03T00:58:07.333+0000] {dag.py:3490} INFO - Setting next_dagrun for dataset_produces_1 to 2026-03-02T00:00:00+00:00, run_after=2026-03-03T00:00:00+00:00
[2026-03-03T00:58:07.338+0000] {logging_mixin.py:149} INFO - [2026-03-03T00:58:07.338+0000] {dag.py:3490} INFO - Setting next_dagrun for dataset_produces_2 to None, run_after=None
[2026-03-03T00:58:07.451+0000] {processor.py:178} INFO - Processing /home/airflow/.local/lib/python3.7/site-packages/airflow/example_dags/example_datasets.py took 0.355 seconds
[2026-03-03T00:58:37.490+0000] {processor.py:156} INFO - Started process (PID=357) to work on /home/airflow/.local/lib/python3.7/site-packages/airflow/example_dags/example_datasets.py
[2026-03-03T00:58:37.492+0000] {processor.py:799} INFO - Processing file /home/airflow/.local/lib/python3.7/site-packages/airflow/example_dags/example_datasets.py for tasks to queue
[2026-03-03T00:58:37.492+0000] {logging_mixin.py:149} INFO - [2026-03-03T00:58:37.492+0000] {dagbag.py:541} INFO - Filling up the DagBag from /home/airflow/.local/lib/python3.7/site-packages/airflow/example_dags/example_datasets.py
[2026-03-03T00:58:37.497+0000] {processor.py:809} INFO - DAG(s) dict_keys(['dataset_produces_2', 'dataset_consumes_1_and_2', 'dataset_consumes_unknown_never_scheduled', 'dataset_consumes_1_never_scheduled', 'dataset_consumes_1', 'dataset_produces_1']) retrieved from /home/airflow/.local/lib/python3.7/site-packages/airflow/example_dags/example_datasets.py
[2026-03-03T00:58:37.522+0000] {logging_mixin.py:149} INFO - [2026-03-03T00:58:37.522+0000] {dag.py:2726} INFO - Sync 6 DAGs
[2026-03-03T00:58:37.534+0000] {logging_mixin.py:149} INFO - [2026-03-03T00:58:37.534+0000] {dag.py:3490} INFO - Setting next_dagrun for dataset_consumes_1 to None, run_after=None
[2026-03-03T00:58:37.536+0000] {logging_mixin.py:149} INFO - [2026-03-03T00:58:37.536+0000] {dag.py:3490} INFO - Setting next_dagrun for dataset_consumes_1_and_2 to None, run_after=None
[2026-03-03T00:58:37.536+0000] {logging_mixin.py:149} INFO - [2026-03-03T00:58:37.536+0000] {dag.py:3490} INFO - Setting next_dagrun for dataset_consumes_1_never_scheduled to None, run_after=None
[2026-03-03T00:58:37.537+0000] {logging_mixin.py:149} INFO - [2026-03-03T00:58:37.537+0000] {dag.py:3490} INFO - Setting next_dagrun for dataset_consumes_unknown_never_scheduled to None, run_after=None
[2026-03-03T00:58:37.538+0000] {logging_mixin.py:149} INFO - [2026-03-03T00:58:37.538+0000] {dag.py:3490} INFO - Setting next_dagrun for dataset_produces_1 to 2026-03-02T00:00:00+00:00, run_after=2026-03-03T00:00:00+00:00
[2026-03-03T00:58:37.539+0000] {logging_mixin.py:149} INFO - [2026-03-03T00:58:37.539+0000] {dag.py:3490} INFO - Setting next_dagrun for dataset_produces_2 to None, run_after=None
[2026-03-03T00:58:37.552+0000] {processor.py:178} INFO - Processing /home/airflow/.local/lib/python3.7/site-packages/airflow/example_dags/example_datasets.py took 0.065 seconds
[2026-03-03T00:59:08.543+0000] {processor.py:156} INFO - Started process (PID=419) to work on /home/airflow/.local/lib/python3.7/site-packages/airflow/example_dags/example_datasets.py
[2026-03-03T00:59:08.544+0000] {processor.py:799} INFO - Processing file /home/airflow/.local/lib/python3.7/site-packages/airflow/example_dags/example_datasets.py for tasks to queue
[2026-03-03T00:59:08.545+0000] {logging_mixin.py:149} INFO - [2026-03-03T00:59:08.545+0000] {dagbag.py:541} INFO - Filling up the DagBag from /home/airflow/.local/lib/python3.7/site-packages/airflow/example_dags/example_datasets.py
[2026-03-03T00:59:08.550+0000] {processor.py:809} INFO - DAG(s) dict_keys(['dataset_produces_2', 'dataset_produces_1', 'dataset_consumes_1', 'dataset_consumes_1_and_2', 'dataset_consumes_unknown_never_scheduled', 'dataset_consumes_1_never_scheduled']) retrieved from /home/airflow/.local/lib/python3.7/site-packages/airflow/example_dags/example_datasets.py
[2026-03-03T00:59:08.578+0000] {logging_mixin.py:149} INFO - [2026-03-03T00:59:08.578+0000] {dag.py:2726} INFO - Sync 6 DAGs
[2026-03-03T00:59:08.591+0000] {logging_mixin.py:149} INFO - [2026-03-03T00:59:08.591+0000] {dag.py:3490} INFO - Setting next_dagrun for dataset_consumes_1 to None, run_after=None
[2026-03-03T00:59:08.592+0000] {logging_mixin.py:149} INFO - [2026-03-03T00:59:08.592+0000] {dag.py:3490} INFO - Setting next_dagrun for dataset_consumes_1_and_2 to None, run_after=None
[2026-03-03T00:59:08.593+0000] {logging_mixin.py:149} INFO - [2026-03-03T00:59:08.593+0000] {dag.py:3490} INFO - Setting next_dagrun for dataset_consumes_1_never_scheduled to None, run_after=None
[2026-03-03T00:59:08.593+0000] {logging_mixin.py:149} INFO - [2026-03-03T00:59:08.593+0000] {dag.py:3490} INFO - Setting next_dagrun for dataset_consumes_unknown_never_scheduled to None, run_after=None
[2026-03-03T00:59:08.594+0000] {logging_mixin.py:149} INFO - [2026-03-03T00:59:08.594+0000] {dag.py:3490} INFO - Setting next_dagrun for dataset_produces_1 to 2026-03-02T00:00:00+00:00, run_after=2026-03-03T00:00:00+00:00
[2026-03-03T00:59:08.595+0000] {logging_mixin.py:149} INFO - [2026-03-03T00:59:08.595+0000] {dag.py:3490} INFO - Setting next_dagrun for dataset_produces_2 to None, run_after=None
[2026-03-03T00:59:08.610+0000] {processor.py:178} INFO - Processing /home/airflow/.local/lib/python3.7/site-packages/airflow/example_dags/example_datasets.py took 0.068 seconds
[2026-03-03T00:59:39.290+0000] {processor.py:156} INFO - Started process (PID=481) to work on /home/airflow/.local/lib/python3.7/site-packages/airflow/example_dags/example_datasets.py
[2026-03-03T00:59:39.290+0000] {processor.py:799} INFO - Processing file /home/airflow/.local/lib/python3.7/site-packages/airflow/example_dags/example_datasets.py for tasks to queue
[2026-03-03T00:59:39.291+0000] {logging_mixin.py:149} INFO - [2026-03-03T00:59:39.291+0000] {dagbag.py:541} INFO - Filling up the DagBag from /home/airflow/.local/lib/python3.7/site-packages/airflow/example_dags/example_datasets.py
[2026-03-03T00:59:39.299+0000] {processor.py:809} INFO - DAG(s) dict_keys(['dataset_consumes_1', 'dataset_consumes_unknown_never_scheduled', 'dataset_produces_2', 'dataset_consumes_1_and_2', 'dataset_produces_1', 'dataset_consumes_1_never_scheduled']) retrieved from /home/airflow/.local/lib/python3.7/site-packages/airflow/example_dags/example_datasets.py
[2026-03-03T00:59:39.327+0000] {logging_mixin.py:149} INFO - [2026-03-03T00:59:39.327+0000] {dag.py:2726} INFO - Sync 6 DAGs
[2026-03-03T00:59:39.342+0000] {logging_mixin.py:149} INFO - [2026-03-03T00:59:39.342+0000] {dag.py:3490} INFO - Setting next_dagrun for dataset_consumes_1 to None, run_after=None
[2026-03-03T00:59:39.345+0000] {logging_mixin.py:149} INFO - [2026-03-03T00:59:39.345+0000] {dag.py:3490} INFO - Setting next_dagrun for dataset_consumes_1_and_2 to None, run_after=None
[2026-03-03T00:59:39.346+0000] {logging_mixin.py:149} INFO - [2026-03-03T00:59:39.346+0000] {dag.py:3490} INFO - Setting next_dagrun for dataset_consumes_1_never_scheduled to None, run_after=None
[2026-03-03T00:59:39.347+0000] {logging_mixin.py:149} INFO - [2026-03-03T00:59:39.347+0000] {dag.py:3490} INFO - Setting next_dagrun for dataset_consumes_unknown_never_scheduled to None, run_after=None
[2026-03-03T00:59:39.348+0000] {logging_mixin.py:149} INFO - [2026-03-03T00:59:39.348+0000] {dag.py:3490} INFO - Setting next_dagrun for dataset_produces_1 to 2026-03-02T00:00:00+00:00, run_after=2026-03-03T00:00:00+00:00
[2026-03-03T00:59:39.349+0000] {logging_mixin.py:149} INFO - [2026-03-03T00:59:39.349+0000] {dag.py:3490} INFO - Setting next_dagrun for dataset_produces_2 to None, run_after=None
[2026-03-03T00:59:39.375+0000] {processor.py:178} INFO - Processing /home/airflow/.local/lib/python3.7/site-packages/airflow/example_dags/example_datasets.py took 0.086 seconds
[2026-03-03T01:00:10.582+0000] {processor.py:156} INFO - Started process (PID=543) to work on /home/airflow/.local/lib/python3.7/site-packages/airflow/example_dags/example_datasets.py
[2026-03-03T01:00:10.584+0000] {processor.py:799} INFO - Processing file /home/airflow/.local/lib/python3.7/site-packages/airflow/example_dags/example_datasets.py for tasks to queue
[2026-03-03T01:00:10.586+0000] {logging_mixin.py:149} INFO - [2026-03-03T01:00:10.586+0000] {dagbag.py:541} INFO - Filling up the DagBag from /home/airflow/.local/lib/python3.7/site-packages/airflow/example_dags/example_datasets.py
[2026-03-03T01:00:10.609+0000] {processor.py:809} INFO - DAG(s) dict_keys(['dataset_consumes_1_and_2', 'dataset_produces_1', 'dataset_consumes_1_never_scheduled', 'dataset_consumes_unknown_never_scheduled', 'dataset_produces_2', 'dataset_consumes_1']) retrieved from /home/airflow/.local/lib/python3.7/site-packages/airflow/example_dags/example_datasets.py
[2026-03-03T01:00:10.725+0000] {logging_mixin.py:149} INFO - [2026-03-03T01:00:10.725+0000] {dag.py:2726} INFO - Sync 6 DAGs
[2026-03-03T01:00:10.803+0000] {logging_mixin.py:149} INFO - [2026-03-03T01:00:10.802+0000] {dag.py:3490} INFO - Setting next_dagrun for dataset_consumes_1 to None, run_after=None
[2026-03-03T01:00:10.816+0000] {logging_mixin.py:149} INFO - [2026-03-03T01:00:10.816+0000] {dag.py:3490} INFO - Setting next_dagrun for dataset_consumes_1_and_2 to None, run_after=None
[2026-03-03T01:00:10.820+0000] {logging_mixin.py:149} INFO - [2026-03-03T01:00:10.820+0000] {dag.py:3490} INFO - Setting next_dagrun for dataset_consumes_1_never_scheduled to None, run_after=None
[2026-03-03T01:00:10.828+0000] {logging_mixin.py:149} INFO - [2026-03-03T01:00:10.827+0000] {dag.py:3490} INFO - Setting next_dagrun for dataset_consumes_unknown_never_scheduled to None, run_after=None
[2026-03-03T01:00:10.840+0000] {logging_mixin.py:149} INFO - [2026-03-03T01:00:10.837+0000] {dag.py:3490} INFO - Setting next_dagrun for dataset_produces_1 to 2026-03-02T00:00:00+00:00, run_after=2026-03-03T00:00:00+00:00
[2026-03-03T01:00:10.846+0000] {logging_mixin.py:149} INFO - [2026-03-03T01:00:10.846+0000] {dag.py:3490} INFO - Setting next_dagrun for dataset_produces_2 to None, run_after=None
[2026-03-03T01:00:10.948+0000] {processor.py:178} INFO - Processing /home/airflow/.local/lib/python3.7/site-packages/airflow/example_dags/example_datasets.py took 0.374 seconds
[2026-03-03T01:00:41.526+0000] {processor.py:156} INFO - Started process (PID=605) to work on /home/airflow/.local/lib/python3.7/site-packages/airflow/example_dags/example_datasets.py
[2026-03-03T01:00:41.528+0000] {processor.py:799} INFO - Processing file /home/airflow/.local/lib/python3.7/site-packages/airflow/example_dags/example_datasets.py for tasks to queue
[2026-03-03T01:00:41.530+0000] {logging_mixin.py:149} INFO - [2026-03-03T01:00:41.529+0000] {dagbag.py:541} INFO - Filling up the DagBag from /home/airflow/.local/lib/python3.7/site-packages/airflow/example_dags/example_datasets.py
[2026-03-03T01:00:41.560+0000] {processor.py:809} INFO - DAG(s) dict_keys(['dataset_produces_2', 'dataset_consumes_unknown_never_scheduled', 'dataset_consumes_1_never_scheduled', 'dataset_consumes_1_and_2', 'dataset_consumes_1', 'dataset_produces_1']) retrieved from /home/airflow/.local/lib/python3.7/site-packages/airflow/example_dags/example_datasets.py
[2026-03-03T01:00:41.689+0000] {logging_mixin.py:149} INFO - [2026-03-03T01:00:41.689+0000] {dag.py:2726} INFO - Sync 6 DAGs
[2026-03-03T01:00:41.769+0000] {logging_mixin.py:149} INFO - [2026-03-03T01:00:41.769+0000] {dag.py:3490} INFO - Setting next_dagrun for dataset_consumes_1 to None, run_after=None
[2026-03-03T01:00:41.780+0000] {logging_mixin.py:149} INFO - [2026-03-03T01:00:41.780+0000] {dag.py:3490} INFO - Setting next_dagrun for dataset_consumes_1_and_2 to None, run_after=None
[2026-03-03T01:00:41.785+0000] {logging_mixin.py:149} INFO - [2026-03-03T01:00:41.785+0000] {dag.py:3490} INFO - Setting next_dagrun for dataset_consumes_1_never_scheduled to None, run_after=None
[2026-03-03T01:00:41.789+0000] {logging_mixin.py:149} INFO - [2026-03-03T01:00:41.789+0000] {dag.py:3490} INFO - Setting next_dagrun for dataset_consumes_unknown_never_scheduled to None, run_after=None
[2026-03-03T01:00:41.797+0000] {logging_mixin.py:149} INFO - [2026-03-03T01:00:41.797+0000] {dag.py:3490} INFO - Setting next_dagrun for dataset_produces_1 to 2026-03-02T00:00:00+00:00, run_after=2026-03-03T00:00:00+00:00
[2026-03-03T01:00:41.802+0000] {logging_mixin.py:149} INFO - [2026-03-03T01:00:41.802+0000] {dag.py:3490} INFO - Setting next_dagrun for dataset_produces_2 to None, run_after=None
[2026-03-03T01:00:41.897+0000] {processor.py:178} INFO - Processing /home/airflow/.local/lib/python3.7/site-packages/airflow/example_dags/example_datasets.py took 0.378 seconds
[2026-03-03T01:01:12.294+0000] {processor.py:156} INFO - Started process (PID=667) to work on /home/airflow/.local/lib/python3.7/site-packages/airflow/example_dags/example_datasets.py
[2026-03-03T01:01:12.295+0000] {processor.py:799} INFO - Processing file /home/airflow/.local/lib/python3.7/site-packages/airflow/example_dags/example_datasets.py for tasks to queue
[2026-03-03T01:01:12.295+0000] {logging_mixin.py:149} INFO - [2026-03-03T01:01:12.295+0000] {dagbag.py:541} INFO - Filling up the DagBag from /home/airflow/.local/lib/python3.7/site-packages/airflow/example_dags/example_datasets.py
[2026-03-03T01:01:12.299+0000] {processor.py:809} INFO - DAG(s) dict_keys(['dataset_produces_2', 'dataset_consumes_1_and_2', 'dataset_produces_1', 'dataset_consumes_unknown_never_scheduled', 'dataset_consumes_1_never_scheduled', 'dataset_consumes_1']) retrieved from /home/airflow/.local/lib/python3.7/site-packages/airflow/example_dags/example_datasets.py
[2026-03-03T01:01:12.317+0000] {logging_mixin.py:149} INFO - [2026-03-03T01:01:12.317+0000] {dag.py:2726} INFO - Sync 6 DAGs
[2026-03-03T01:01:12.329+0000] {logging_mixin.py:149} INFO - [2026-03-03T01:01:12.329+0000] {dag.py:3490} INFO - Setting next_dagrun for dataset_consumes_1 to None, run_after=None
[2026-03-03T01:01:12.330+0000] {logging_mixin.py:149} INFO - [2026-03-03T01:01:12.330+0000] {dag.py:3490} INFO - Setting next_dagrun for dataset_consumes_1_and_2 to None, run_after=None
[2026-03-03T01:01:12.331+0000] {logging_mixin.py:149} INFO - [2026-03-03T01:01:12.331+0000] {dag.py:3490} INFO - Setting next_dagrun for dataset_consumes_1_never_scheduled to None, run_after=None
[2026-03-03T01:01:12.331+0000] {logging_mixin.py:149} INFO - [2026-03-03T01:01:12.331+0000] {dag.py:3490} INFO - Setting next_dagrun for dataset_consumes_unknown_never_scheduled to None, run_after=None
[2026-03-03T01:01:12.332+0000] {logging_mixin.py:149} INFO - [2026-03-03T01:01:12.332+0000] {dag.py:3490} INFO - Setting next_dagrun for dataset_produces_1 to 2026-03-02T00:00:00+00:00, run_after=2026-03-03T00:00:00+00:00
[2026-03-03T01:01:12.333+0000] {logging_mixin.py:149} INFO - [2026-03-03T01:01:12.333+0000] {dag.py:3490} INFO - Setting next_dagrun for dataset_produces_2 to None, run_after=None
[2026-03-03T01:01:12.348+0000] {processor.py:178} INFO - Processing /home/airflow/.local/lib/python3.7/site-packages/airflow/example_dags/example_datasets.py took 0.056 seconds
[2026-03-03T01:01:43.020+0000] {processor.py:156} INFO - Started process (PID=729) to work on /home/airflow/.local/lib/python3.7/site-packages/airflow/example_dags/example_datasets.py
[2026-03-03T01:01:43.020+0000] {processor.py:799} INFO - Processing file /home/airflow/.local/lib/python3.7/site-packages/airflow/example_dags/example_datasets.py for tasks to queue
[2026-03-03T01:01:43.021+0000] {logging_mixin.py:149} INFO - [2026-03-03T01:01:43.021+0000] {dagbag.py:541} INFO - Filling up the DagBag from /home/airflow/.local/lib/python3.7/site-packages/airflow/example_dags/example_datasets.py
[2026-03-03T01:01:43.028+0000] {processor.py:809} INFO - DAG(s) dict_keys(['dataset_consumes_1', 'dataset_produces_2', 'dataset_produces_1', 'dataset_consumes_unknown_never_scheduled', 'dataset_consumes_1_and_2', 'dataset_consumes_1_never_scheduled']) retrieved from /home/airflow/.local/lib/python3.7/site-packages/airflow/example_dags/example_datasets.py
[2026-03-03T01:01:43.051+0000] {logging_mixin.py:149} INFO - [2026-03-03T01:01:43.051+0000] {dag.py:2726} INFO - Sync 6 DAGs
[2026-03-03T01:01:43.065+0000] {logging_mixin.py:149} INFO - [2026-03-03T01:01:43.065+0000] {dag.py:3490} INFO - Setting next_dagrun for dataset_consumes_1 to None, run_after=None
[2026-03-03T01:01:43.067+0000] {logging_mixin.py:149} INFO - [2026-03-03T01:01:43.067+0000] {dag.py:3490} INFO - Setting next_dagrun for dataset_consumes_1_and_2 to None, run_after=None
[2026-03-03T01:01:43.068+0000] {logging_mixin.py:149} INFO - [2026-03-03T01:01:43.068+0000] {dag.py:3490} INFO - Setting next_dagrun for dataset_consumes_1_never_scheduled to None, run_after=None
[2026-03-03T01:01:43.069+0000] {logging_mixin.py:149} INFO - [2026-03-03T01:01:43.069+0000] {dag.py:3490} INFO - Setting next_dagrun for dataset_consumes_unknown_never_scheduled to None, run_after=None
[2026-03-03T01:01:43.070+0000] {logging_mixin.py:149} INFO - [2026-03-03T01:01:43.070+0000] {dag.py:3490} INFO - Setting next_dagrun for dataset_produces_1 to 2026-03-02T00:00:00+00:00, run_after=2026-03-03T00:00:00+00:00
[2026-03-03T01:01:43.070+0000] {logging_mixin.py:149} INFO - [2026-03-03T01:01:43.070+0000] {dag.py:3490} INFO - Setting next_dagrun for dataset_produces_2 to None, run_after=None
[2026-03-03T01:01:43.088+0000] {processor.py:178} INFO - Processing /home/airflow/.local/lib/python3.7/site-packages/airflow/example_dags/example_datasets.py took 0.072 seconds
[2026-03-03T01:02:13.888+0000] {processor.py:156} INFO - Started process (PID=791) to work on /home/airflow/.local/lib/python3.7/site-packages/airflow/example_dags/example_datasets.py
[2026-03-03T01:02:13.889+0000] {processor.py:799} INFO - Processing file /home/airflow/.local/lib/python3.7/site-packages/airflow/example_dags/example_datasets.py for tasks to queue
[2026-03-03T01:02:13.889+0000] {logging_mixin.py:149} INFO - [2026-03-03T01:02:13.889+0000] {dagbag.py:541} INFO - Filling up the DagBag from /home/airflow/.local/lib/python3.7/site-packages/airflow/example_dags/example_datasets.py
[2026-03-03T01:02:13.894+0000] {processor.py:809} INFO - DAG(s) dict_keys(['dataset_produces_1', 'dataset_consumes_1', 'dataset_consumes_unknown_never_scheduled', 'dataset_produces_2', 'dataset_consumes_1_never_scheduled', 'dataset_consumes_1_and_2']) retrieved from /home/airflow/.local/lib/python3.7/site-packages/airflow/example_dags/example_datasets.py
[2026-03-03T01:02:13.918+0000] {logging_mixin.py:149} INFO - [2026-03-03T01:02:13.918+0000] {dag.py:2726} INFO - Sync 6 DAGs
[2026-03-03T01:02:13.933+0000] {logging_mixin.py:149} INFO - [2026-03-03T01:02:13.933+0000] {dag.py:3490} INFO - Setting next_dagrun for dataset_consumes_1 to None, run_after=None
[2026-03-03T01:02:13.935+0000] {logging_mixin.py:149} INFO - [2026-03-03T01:02:13.935+0000] {dag.py:3490} INFO - Setting next_dagrun for dataset_consumes_1_and_2 to None, run_after=None
[2026-03-03T01:02:13.936+0000] {logging_mixin.py:149} INFO - [2026-03-03T01:02:13.936+0000] {dag.py:3490} INFO - Setting next_dagrun for dataset_consumes_1_never_scheduled to None, run_after=None
[2026-03-03T01:02:13.936+0000] {logging_mixin.py:149} INFO - [2026-03-03T01:02:13.936+0000] {dag.py:3490} INFO - Setting next_dagrun for dataset_consumes_unknown_never_scheduled to None, run_after=None
[2026-03-03T01:02:13.937+0000] {logging_mixin.py:149} INFO - [2026-03-03T01:02:13.937+0000] {dag.py:3490} INFO - Setting next_dagrun for dataset_produces_1 to 2026-03-02T00:00:00+00:00, run_after=2026-03-03T00:00:00+00:00
[2026-03-03T01:02:13.937+0000] {logging_mixin.py:149} INFO - [2026-03-03T01:02:13.937+0000] {dag.py:3490} INFO - Setting next_dagrun for dataset_produces_2 to None, run_after=None
[2026-03-03T01:02:13.952+0000] {processor.py:178} INFO - Processing /home/airflow/.local/lib/python3.7/site-packages/airflow/example_dags/example_datasets.py took 0.065 seconds
[2026-03-03T01:02:44.634+0000] {processor.py:156} INFO - Started process (PID=853) to work on /home/airflow/.local/lib/python3.7/site-packages/airflow/example_dags/example_datasets.py
[2026-03-03T01:02:44.634+0000] {processor.py:799} INFO - Processing file /home/airflow/.local/lib/python3.7/site-packages/airflow/example_dags/example_datasets.py for tasks to queue
[2026-03-03T01:02:44.635+0000] {logging_mixin.py:149} INFO - [2026-03-03T01:02:44.635+0000] {dagbag.py:541} INFO - Filling up the DagBag from /home/airflow/.local/lib/python3.7/site-packages/airflow/example_dags/example_datasets.py
[2026-03-03T01:02:44.639+0000] {processor.py:809} INFO - DAG(s) dict_keys(['dataset_produces_2', 'dataset_consumes_1', 'dataset_consumes_1_never_scheduled', 'dataset_consumes_unknown_never_scheduled', 'dataset_consumes_1_and_2', 'dataset_produces_1']) retrieved from /home/airflow/.local/lib/python3.7/site-packages/airflow/example_dags/example_datasets.py
[2026-03-03T01:02:44.659+0000] {logging_mixin.py:149} INFO - [2026-03-03T01:02:44.658+0000] {dag.py:2726} INFO - Sync 6 DAGs
[2026-03-03T01:02:44.671+0000] {logging_mixin.py:149} INFO - [2026-03-03T01:02:44.671+0000] {dag.py:3490} INFO - Setting next_dagrun for dataset_consumes_1 to None, run_after=None
[2026-03-03T01:02:44.672+0000] {logging_mixin.py:149} INFO - [2026-03-03T01:02:44.672+0000] {dag.py:3490} INFO - Setting next_dagrun for dataset_consumes_1_and_2 to None, run_after=None
[2026-03-03T01:02:44.673+0000] {logging_mixin.py:149} INFO - [2026-03-03T01:02:44.673+0000] {dag.py:3490} INFO - Setting next_dagrun for dataset_consumes_1_never_scheduled to None, run_after=None
[2026-03-03T01:02:44.673+0000] {logging_mixin.py:149} INFO - [2026-03-03T01:02:44.673+0000] {dag.py:3490} INFO - Setting next_dagrun for dataset_consumes_unknown_never_scheduled to None, run_after=None
[2026-03-03T01:02:44.674+0000] {logging_mixin.py:149} INFO - [2026-03-03T01:02:44.674+0000] {dag.py:3490} INFO - Setting next_dagrun for dataset_produces_1 to 2026-03-02T00:00:00+00:00, run_after=2026-03-03T00:00:00+00:00
[2026-03-03T01:02:44.675+0000] {logging_mixin.py:149} INFO - [2026-03-03T01:02:44.675+0000] {dag.py:3490} INFO - Setting next_dagrun for dataset_produces_2 to None, run_after=None
[2026-03-03T01:02:44.688+0000] {processor.py:178} INFO - Processing /home/airflow/.local/lib/python3.7/site-packages/airflow/example_dags/example_datasets.py took 0.056 seconds
[2026-03-03T01:03:15.386+0000] {processor.py:156} INFO - Started process (PID=915) to work on /home/airflow/.local/lib/python3.7/site-packages/airflow/example_dags/example_datasets.py
[2026-03-03T01:03:15.387+0000] {processor.py:799} INFO - Processing file /home/airflow/.local/lib/python3.7/site-packages/airflow/example_dags/example_datasets.py for tasks to queue
[2026-03-03T01:03:15.387+0000] {logging_mixin.py:149} INFO - [2026-03-03T01:03:15.387+0000] {dagbag.py:541} INFO - Filling up the DagBag from /home/airflow/.local/lib/python3.7/site-packages/airflow/example_dags/example_datasets.py
[2026-03-03T01:03:15.392+0000] {processor.py:809} INFO - DAG(s) dict_keys(['dataset_consumes_unknown_never_scheduled', 'dataset_produces_1', 'dataset_produces_2', 'dataset_consumes_1_and_2', 'dataset_consumes_1', 'dataset_consumes_1_never_scheduled']) retrieved from /home/airflow/.local/lib/python3.7/site-packages/airflow/example_dags/example_datasets.py
[2026-03-03T01:03:15.413+0000] {logging_mixin.py:149} INFO - [2026-03-03T01:03:15.413+0000] {dag.py:2726} INFO - Sync 6 DAGs
[2026-03-03T01:03:15.427+0000] {logging_mixin.py:149} INFO - [2026-03-03T01:03:15.427+0000] {dag.py:3490} INFO - Setting next_dagrun for dataset_consumes_1 to None, run_after=None
[2026-03-03T01:03:15.428+0000] {logging_mixin.py:149} INFO - [2026-03-03T01:03:15.428+0000] {dag.py:3490} INFO - Setting next_dagrun for dataset_consumes_1_and_2 to None, run_after=None
[2026-03-03T01:03:15.429+0000] {logging_mixin.py:149} INFO - [2026-03-03T01:03:15.429+0000] {dag.py:3490} INFO - Setting next_dagrun for dataset_consumes_1_never_scheduled to None, run_after=None
[2026-03-03T01:03:15.429+0000] {logging_mixin.py:149} INFO - [2026-03-03T01:03:15.429+0000] {dag.py:3490} INFO - Setting next_dagrun for dataset_consumes_unknown_never_scheduled to None, run_after=None
[2026-03-03T01:03:15.430+0000] {logging_mixin.py:149} INFO - [2026-03-03T01:03:15.430+0000] {dag.py:3490} INFO - Setting next_dagrun for dataset_produces_1 to 2026-03-02T00:00:00+00:00, run_after=2026-03-03T00:00:00+00:00
[2026-03-03T01:03:15.431+0000] {logging_mixin.py:149} INFO - [2026-03-03T01:03:15.431+0000] {dag.py:3490} INFO - Setting next_dagrun for dataset_produces_2 to None, run_after=None
[2026-03-03T01:03:15.445+0000] {processor.py:178} INFO - Processing /home/airflow/.local/lib/python3.7/site-packages/airflow/example_dags/example_datasets.py took 0.061 seconds
[2026-03-03T01:03:46.118+0000] {processor.py:156} INFO - Started process (PID=977) to work on /home/airflow/.local/lib/python3.7/site-packages/airflow/example_dags/example_datasets.py
[2026-03-03T01:03:46.119+0000] {processor.py:799} INFO - Processing file /home/airflow/.local/lib/python3.7/site-packages/airflow/example_dags/example_datasets.py for tasks to queue
[2026-03-03T01:03:46.119+0000] {logging_mixin.py:149} INFO - [2026-03-03T01:03:46.119+0000] {dagbag.py:541} INFO - Filling up the DagBag from /home/airflow/.local/lib/python3.7/site-packages/airflow/example_dags/example_datasets.py
[2026-03-03T01:03:46.126+0000] {processor.py:809} INFO - DAG(s) dict_keys(['dataset_consumes_1_never_scheduled', 'dataset_consumes_unknown_never_scheduled', 'dataset_produces_1', 'dataset_consumes_1_and_2', 'dataset_produces_2', 'dataset_consumes_1']) retrieved from /home/airflow/.local/lib/python3.7/site-packages/airflow/example_dags/example_datasets.py
[2026-03-03T01:03:46.151+0000] {logging_mixin.py:149} INFO - [2026-03-03T01:03:46.151+0000] {dag.py:2726} INFO - Sync 6 DAGs
[2026-03-03T01:03:46.165+0000] {logging_mixin.py:149} INFO - [2026-03-03T01:03:46.164+0000] {dag.py:3490} INFO - Setting next_dagrun for dataset_consumes_1 to None, run_after=None
[2026-03-03T01:03:46.166+0000] {logging_mixin.py:149} INFO - [2026-03-03T01:03:46.166+0000] {dag.py:3490} INFO - Setting next_dagrun for dataset_consumes_1_and_2 to None, run_after=None
[2026-03-03T01:03:46.167+0000] {logging_mixin.py:149} INFO - [2026-03-03T01:03:46.167+0000] {dag.py:3490} INFO - Setting next_dagrun for dataset_consumes_1_never_scheduled to None, run_after=None
[2026-03-03T01:03:46.167+0000] {logging_mixin.py:149} INFO - [2026-03-03T01:03:46.167+0000] {dag.py:3490} INFO - Setting next_dagrun for dataset_consumes_unknown_never_scheduled to None, run_after=None
[2026-03-03T01:03:46.169+0000] {logging_mixin.py:149} INFO - [2026-03-03T01:03:46.169+0000] {dag.py:3490} INFO - Setting next_dagrun for dataset_produces_1 to 2026-03-02T00:00:00+00:00, run_after=2026-03-03T00:00:00+00:00
[2026-03-03T01:03:46.170+0000] {logging_mixin.py:149} INFO - [2026-03-03T01:03:46.169+0000] {dag.py:3490} INFO - Setting next_dagrun for dataset_produces_2 to None, run_after=None
[2026-03-03T01:03:46.190+0000] {processor.py:178} INFO - Processing /home/airflow/.local/lib/python3.7/site-packages/airflow/example_dags/example_datasets.py took 0.074 seconds
[2026-03-03T01:04:16.960+0000] {processor.py:156} INFO - Started process (PID=1039) to work on /home/airflow/.local/lib/python3.7/site-packages/airflow/example_dags/example_datasets.py
[2026-03-03T01:04:16.961+0000] {processor.py:799} INFO - Processing file /home/airflow/.local/lib/python3.7/site-packages/airflow/example_dags/example_datasets.py for tasks to queue
[2026-03-03T01:04:16.961+0000] {logging_mixin.py:149} INFO - [2026-03-03T01:04:16.961+0000] {dagbag.py:541} INFO - Filling up the DagBag from /home/airflow/.local/lib/python3.7/site-packages/airflow/example_dags/example_datasets.py
[2026-03-03T01:04:16.966+0000] {processor.py:809} INFO - DAG(s) dict_keys(['dataset_consumes_1_and_2', 'dataset_consumes_1_never_scheduled', 'dataset_consumes_1', 'dataset_consumes_unknown_never_scheduled', 'dataset_produces_2', 'dataset_produces_1']) retrieved from /home/airflow/.local/lib/python3.7/site-packages/airflow/example_dags/example_datasets.py
[2026-03-03T01:04:16.982+0000] {logging_mixin.py:149} INFO - [2026-03-03T01:04:16.982+0000] {dag.py:2726} INFO - Sync 6 DAGs
[2026-03-03T01:04:16.993+0000] {logging_mixin.py:149} INFO - [2026-03-03T01:04:16.993+0000] {dag.py:3490} INFO - Setting next_dagrun for dataset_consumes_1 to None, run_after=None
[2026-03-03T01:04:16.995+0000] {logging_mixin.py:149} INFO - [2026-03-03T01:04:16.995+0000] {dag.py:3490} INFO - Setting next_dagrun for dataset_consumes_1_and_2 to None, run_after=None
[2026-03-03T01:04:16.995+0000] {logging_mixin.py:149} INFO - [2026-03-03T01:04:16.995+0000] {dag.py:3490} INFO - Setting next_dagrun for dataset_consumes_1_never_scheduled to None, run_after=None
[2026-03-03T01:04:16.996+0000] {logging_mixin.py:149} INFO - [2026-03-03T01:04:16.996+0000] {dag.py:3490} INFO - Setting next_dagrun for dataset_consumes_unknown_never_scheduled to None, run_after=None
[2026-03-03T01:04:16.997+0000] {logging_mixin.py:149} INFO - [2026-03-03T01:04:16.997+0000] {dag.py:3490} INFO - Setting next_dagrun for dataset_produces_1 to 2026-03-02T00:00:00+00:00, run_after=2026-03-03T00:00:00+00:00
[2026-03-03T01:04:16.997+0000] {logging_mixin.py:149} INFO - [2026-03-03T01:04:16.997+0000] {dag.py:3490} INFO - Setting next_dagrun for dataset_produces_2 to None, run_after=None
[2026-03-03T01:04:17.012+0000] {processor.py:178} INFO - Processing /home/airflow/.local/lib/python3.7/site-packages/airflow/example_dags/example_datasets.py took 0.054 seconds
[2026-03-03T01:04:47.492+0000] {processor.py:156} INFO - Started process (PID=1101) to work on /home/airflow/.local/lib/python3.7/site-packages/airflow/example_dags/example_datasets.py
[2026-03-03T01:04:47.493+0000] {processor.py:799} INFO - Processing file /home/airflow/.local/lib/python3.7/site-packages/airflow/example_dags/example_datasets.py for tasks to queue
[2026-03-03T01:04:47.493+0000] {logging_mixin.py:149} INFO - [2026-03-03T01:04:47.493+0000] {dagbag.py:541} INFO - Filling up the DagBag from /home/airflow/.local/lib/python3.7/site-packages/airflow/example_dags/example_datasets.py
[2026-03-03T01:04:47.499+0000] {processor.py:809} INFO - DAG(s) dict_keys(['dataset_produces_1', 'dataset_consumes_1_never_scheduled', 'dataset_consumes_1', 'dataset_produces_2', 'dataset_consumes_1_and_2', 'dataset_consumes_unknown_never_scheduled']) retrieved from /home/airflow/.local/lib/python3.7/site-packages/airflow/example_dags/example_datasets.py
[2026-03-03T01:04:47.522+0000] {logging_mixin.py:149} INFO - [2026-03-03T01:04:47.521+0000] {dag.py:2726} INFO - Sync 6 DAGs
[2026-03-03T01:04:47.536+0000] {logging_mixin.py:149} INFO - [2026-03-03T01:04:47.536+0000] {dag.py:3490} INFO - Setting next_dagrun for dataset_consumes_1 to None, run_after=None
[2026-03-03T01:04:47.538+0000] {logging_mixin.py:149} INFO - [2026-03-03T01:04:47.538+0000] {dag.py:3490} INFO - Setting next_dagrun for dataset_consumes_1_and_2 to None, run_after=None
[2026-03-03T01:04:47.539+0000] {logging_mixin.py:149} INFO - [2026-03-03T01:04:47.539+0000] {dag.py:3490} INFO - Setting next_dagrun for dataset_consumes_1_never_scheduled to None, run_after=None
[2026-03-03T01:04:47.539+0000] {logging_mixin.py:149} INFO - [2026-03-03T01:04:47.539+0000] {dag.py:3490} INFO - Setting next_dagrun for dataset_consumes_unknown_never_scheduled to None, run_after=None
[2026-03-03T01:04:47.541+0000] {logging_mixin.py:149} INFO - [2026-03-03T01:04:47.541+0000] {dag.py:3490} INFO - Setting next_dagrun for dataset_produces_1 to 2026-03-02T00:00:00+00:00, run_after=2026-03-03T00:00:00+00:00
[2026-03-03T01:04:47.541+0000] {logging_mixin.py:149} INFO - [2026-03-03T01:04:47.541+0000] {dag.py:3490} INFO - Setting next_dagrun for dataset_produces_2 to None, run_after=None
[2026-03-03T01:04:47.559+0000] {processor.py:178} INFO - Processing /home/airflow/.local/lib/python3.7/site-packages/airflow/example_dags/example_datasets.py took 0.069 seconds
[2026-03-03T01:05:18.274+0000] {processor.py:156} INFO - Started process (PID=1163) to work on /home/airflow/.local/lib/python3.7/site-packages/airflow/example_dags/example_datasets.py
[2026-03-03T01:05:18.274+0000] {processor.py:799} INFO - Processing file /home/airflow/.local/lib/python3.7/site-packages/airflow/example_dags/example_datasets.py for tasks to queue
[2026-03-03T01:05:18.275+0000] {logging_mixin.py:149} INFO - [2026-03-03T01:05:18.275+0000] {dagbag.py:541} INFO - Filling up the DagBag from /home/airflow/.local/lib/python3.7/site-packages/airflow/example_dags/example_datasets.py
[2026-03-03T01:05:18.280+0000] {processor.py:809} INFO - DAG(s) dict_keys(['dataset_consumes_1_and_2', 'dataset_consumes_1', 'dataset_produces_2', 'dataset_consumes_unknown_never_scheduled', 'dataset_produces_1', 'dataset_consumes_1_never_scheduled']) retrieved from /home/airflow/.local/lib/python3.7/site-packages/airflow/example_dags/example_datasets.py
[2026-03-03T01:05:18.299+0000] {logging_mixin.py:149} INFO - [2026-03-03T01:05:18.299+0000] {dag.py:2726} INFO - Sync 6 DAGs
[2026-03-03T01:05:18.311+0000] {logging_mixin.py:149} INFO - [2026-03-03T01:05:18.311+0000] {dag.py:3490} INFO - Setting next_dagrun for dataset_consumes_1 to None, run_after=None
[2026-03-03T01:05:18.313+0000] {logging_mixin.py:149} INFO - [2026-03-03T01:05:18.313+0000] {dag.py:3490} INFO - Setting next_dagrun for dataset_consumes_1_and_2 to None, run_after=None
[2026-03-03T01:05:18.314+0000] {logging_mixin.py:149} INFO - [2026-03-03T01:05:18.313+0000] {dag.py:3490} INFO - Setting next_dagrun for dataset_consumes_1_never_scheduled to None, run_after=None
[2026-03-03T01:05:18.314+0000] {logging_mixin.py:149} INFO - [2026-03-03T01:05:18.314+0000] {dag.py:3490} INFO - Setting next_dagrun for dataset_consumes_unknown_never_scheduled to None, run_after=None
[2026-03-03T01:05:18.315+0000] {logging_mixin.py:149} INFO - [2026-03-03T01:05:18.315+0000] {dag.py:3490} INFO - Setting next_dagrun for dataset_produces_1 to 2026-03-02T00:00:00+00:00, run_after=2026-03-03T00:00:00+00:00
[2026-03-03T01:05:18.316+0000] {logging_mixin.py:149} INFO - [2026-03-03T01:05:18.316+0000] {dag.py:3490} INFO - Setting next_dagrun for dataset_produces_2 to None, run_after=None
[2026-03-03T01:05:18.328+0000] {processor.py:178} INFO - Processing /home/airflow/.local/lib/python3.7/site-packages/airflow/example_dags/example_datasets.py took 0.056 seconds
[2026-03-03T01:05:49.060+0000] {processor.py:156} INFO - Started process (PID=1225) to work on /home/airflow/.local/lib/python3.7/site-packages/airflow/example_dags/example_datasets.py
[2026-03-03T01:05:49.061+0000] {processor.py:799} INFO - Processing file /home/airflow/.local/lib/python3.7/site-packages/airflow/example_dags/example_datasets.py for tasks to queue
[2026-03-03T01:05:49.061+0000] {logging_mixin.py:149} INFO - [2026-03-03T01:05:49.061+0000] {dagbag.py:541} INFO - Filling up the DagBag from /home/airflow/.local/lib/python3.7/site-packages/airflow/example_dags/example_datasets.py
[2026-03-03T01:05:49.067+0000] {processor.py:809} INFO - DAG(s) dict_keys(['dataset_consumes_1', 'dataset_produces_1', 'dataset_consumes_1_never_scheduled', 'dataset_consumes_unknown_never_scheduled', 'dataset_produces_2', 'dataset_consumes_1_and_2']) retrieved from /home/airflow/.local/lib/python3.7/site-packages/airflow/example_dags/example_datasets.py
[2026-03-03T01:05:49.087+0000] {logging_mixin.py:149} INFO - [2026-03-03T01:05:49.087+0000] {dag.py:2726} INFO - Sync 6 DAGs
[2026-03-03T01:05:49.100+0000] {logging_mixin.py:149} INFO - [2026-03-03T01:05:49.100+0000] {dag.py:3490} INFO - Setting next_dagrun for dataset_consumes_1 to None, run_after=None
[2026-03-03T01:05:49.101+0000] {logging_mixin.py:149} INFO - [2026-03-03T01:05:49.101+0000] {dag.py:3490} INFO - Setting next_dagrun for dataset_consumes_1_and_2 to None, run_after=None
[2026-03-03T01:05:49.102+0000] {logging_mixin.py:149} INFO - [2026-03-03T01:05:49.102+0000] {dag.py:3490} INFO - Setting next_dagrun for dataset_consumes_1_never_scheduled to None, run_after=None
[2026-03-03T01:05:49.102+0000] {logging_mixin.py:149} INFO - [2026-03-03T01:05:49.102+0000] {dag.py:3490} INFO - Setting next_dagrun for dataset_consumes_unknown_never_scheduled to None, run_after=None
[2026-03-03T01:05:49.104+0000] {logging_mixin.py:149} INFO - [2026-03-03T01:05:49.104+0000] {dag.py:3490} INFO - Setting next_dagrun for dataset_produces_1 to 2026-03-02T00:00:00+00:00, run_after=2026-03-03T00:00:00+00:00
[2026-03-03T01:05:49.104+0000] {logging_mixin.py:149} INFO - [2026-03-03T01:05:49.104+0000] {dag.py:3490} INFO - Setting next_dagrun for dataset_produces_2 to None, run_after=None
[2026-03-03T01:05:49.120+0000] {processor.py:178} INFO - Processing /home/airflow/.local/lib/python3.7/site-packages/airflow/example_dags/example_datasets.py took 0.063 seconds
[2026-03-03T01:06:19.564+0000] {processor.py:156} INFO - Started process (PID=1287) to work on /home/airflow/.local/lib/python3.7/site-packages/airflow/example_dags/example_datasets.py
[2026-03-03T01:06:19.565+0000] {processor.py:799} INFO - Processing file /home/airflow/.local/lib/python3.7/site-packages/airflow/example_dags/example_datasets.py for tasks to queue
[2026-03-03T01:06:19.566+0000] {logging_mixin.py:149} INFO - [2026-03-03T01:06:19.566+0000] {dagbag.py:541} INFO - Filling up the DagBag from /home/airflow/.local/lib/python3.7/site-packages/airflow/example_dags/example_datasets.py
[2026-03-03T01:06:19.570+0000] {processor.py:809} INFO - DAG(s) dict_keys(['dataset_consumes_1_and_2', 'dataset_consumes_1_never_scheduled', 'dataset_produces_2', 'dataset_consumes_1', 'dataset_consumes_unknown_never_scheduled', 'dataset_produces_1']) retrieved from /home/airflow/.local/lib/python3.7/site-packages/airflow/example_dags/example_datasets.py
[2026-03-03T01:06:19.587+0000] {logging_mixin.py:149} INFO - [2026-03-03T01:06:19.587+0000] {dag.py:2726} INFO - Sync 6 DAGs
[2026-03-03T01:06:19.598+0000] {logging_mixin.py:149} INFO - [2026-03-03T01:06:19.598+0000] {dag.py:3490} INFO - Setting next_dagrun for dataset_consumes_1 to None, run_after=None
[2026-03-03T01:06:19.600+0000] {logging_mixin.py:149} INFO - [2026-03-03T01:06:19.600+0000] {dag.py:3490} INFO - Setting next_dagrun for dataset_consumes_1_and_2 to None, run_after=None
[2026-03-03T01:06:19.600+0000] {logging_mixin.py:149} INFO - [2026-03-03T01:06:19.600+0000] {dag.py:3490} INFO - Setting next_dagrun for dataset_consumes_1_never_scheduled to None, run_after=None
[2026-03-03T01:06:19.601+0000] {logging_mixin.py:149} INFO - [2026-03-03T01:06:19.601+0000] {dag.py:3490} INFO - Setting next_dagrun for dataset_consumes_unknown_never_scheduled to None, run_after=None
[2026-03-03T01:06:19.602+0000] {logging_mixin.py:149} INFO - [2026-03-03T01:06:19.602+0000] {dag.py:3490} INFO - Setting next_dagrun for dataset_produces_1 to 2026-03-02T00:00:00+00:00, run_after=2026-03-03T00:00:00+00:00
[2026-03-03T01:06:19.602+0000] {logging_mixin.py:149} INFO - [2026-03-03T01:06:19.602+0000] {dag.py:3490} INFO - Setting next_dagrun for dataset_produces_2 to None, run_after=None
[2026-03-03T01:06:19.616+0000] {processor.py:178} INFO - Processing /home/airflow/.local/lib/python3.7/site-packages/airflow/example_dags/example_datasets.py took 0.054 seconds
[2026-03-03T01:07:09.101+0000] {processor.py:156} INFO - Started process (PID=39) to work on /home/airflow/.local/lib/python3.7/site-packages/airflow/example_dags/example_datasets.py
[2026-03-03T01:07:09.102+0000] {processor.py:799} INFO - Processing file /home/airflow/.local/lib/python3.7/site-packages/airflow/example_dags/example_datasets.py for tasks to queue
[2026-03-03T01:07:09.102+0000] {logging_mixin.py:149} INFO - [2026-03-03T01:07:09.102+0000] {dagbag.py:541} INFO - Filling up the DagBag from /home/airflow/.local/lib/python3.7/site-packages/airflow/example_dags/example_datasets.py
[2026-03-03T01:07:09.118+0000] {processor.py:809} INFO - DAG(s) dict_keys(['dataset_consumes_1', 'dataset_consumes_1_and_2', 'dataset_produces_2', 'dataset_produces_1', 'dataset_consumes_unknown_never_scheduled', 'dataset_consumes_1_never_scheduled']) retrieved from /home/airflow/.local/lib/python3.7/site-packages/airflow/example_dags/example_datasets.py
[2026-03-03T01:07:09.130+0000] {logging_mixin.py:149} INFO - [2026-03-03T01:07:09.130+0000] {dag.py:2726} INFO - Sync 6 DAGs
[2026-03-03T01:07:09.151+0000] {logging_mixin.py:149} INFO - [2026-03-03T01:07:09.151+0000] {dag.py:3490} INFO - Setting next_dagrun for dataset_consumes_1 to None, run_after=None
[2026-03-03T01:07:09.154+0000] {logging_mixin.py:149} INFO - [2026-03-03T01:07:09.154+0000] {dag.py:3490} INFO - Setting next_dagrun for dataset_consumes_1_and_2 to None, run_after=None
[2026-03-03T01:07:09.155+0000] {logging_mixin.py:149} INFO - [2026-03-03T01:07:09.155+0000] {dag.py:3490} INFO - Setting next_dagrun for dataset_consumes_1_never_scheduled to None, run_after=None
[2026-03-03T01:07:09.156+0000] {logging_mixin.py:149} INFO - [2026-03-03T01:07:09.156+0000] {dag.py:3490} INFO - Setting next_dagrun for dataset_consumes_unknown_never_scheduled to None, run_after=None
[2026-03-03T01:07:09.158+0000] {logging_mixin.py:149} INFO - [2026-03-03T01:07:09.158+0000] {dag.py:3490} INFO - Setting next_dagrun for dataset_produces_1 to 2026-03-02T00:00:00+00:00, run_after=2026-03-03T00:00:00+00:00
[2026-03-03T01:07:09.162+0000] {logging_mixin.py:149} INFO - [2026-03-03T01:07:09.161+0000] {dag.py:3490} INFO - Setting next_dagrun for dataset_produces_2 to None, run_after=None
[2026-03-03T01:07:09.186+0000] {processor.py:178} INFO - Processing /home/airflow/.local/lib/python3.7/site-packages/airflow/example_dags/example_datasets.py took 0.087 seconds
[2026-03-03T01:07:39.210+0000] {processor.py:156} INFO - Started process (PID=101) to work on /home/airflow/.local/lib/python3.7/site-packages/airflow/example_dags/example_datasets.py
[2026-03-03T01:07:39.211+0000] {processor.py:799} INFO - Processing file /home/airflow/.local/lib/python3.7/site-packages/airflow/example_dags/example_datasets.py for tasks to queue
[2026-03-03T01:07:39.211+0000] {logging_mixin.py:149} INFO - [2026-03-03T01:07:39.211+0000] {dagbag.py:541} INFO - Filling up the DagBag from /home/airflow/.local/lib/python3.7/site-packages/airflow/example_dags/example_datasets.py
[2026-03-03T01:07:39.215+0000] {processor.py:809} INFO - DAG(s) dict_keys(['dataset_consumes_unknown_never_scheduled', 'dataset_produces_1', 'dataset_consumes_1', 'dataset_consumes_1_and_2', 'dataset_consumes_1_never_scheduled', 'dataset_produces_2']) retrieved from /home/airflow/.local/lib/python3.7/site-packages/airflow/example_dags/example_datasets.py
[2026-03-03T01:07:39.252+0000] {logging_mixin.py:149} INFO - [2026-03-03T01:07:39.252+0000] {dag.py:2726} INFO - Sync 6 DAGs
[2026-03-03T01:07:39.268+0000] {logging_mixin.py:149} INFO - [2026-03-03T01:07:39.268+0000] {dag.py:3490} INFO - Setting next_dagrun for dataset_consumes_1 to None, run_after=None
[2026-03-03T01:07:39.271+0000] {logging_mixin.py:149} INFO - [2026-03-03T01:07:39.271+0000] {dag.py:3490} INFO - Setting next_dagrun for dataset_consumes_1_and_2 to None, run_after=None
[2026-03-03T01:07:39.271+0000] {logging_mixin.py:149} INFO - [2026-03-03T01:07:39.271+0000] {dag.py:3490} INFO - Setting next_dagrun for dataset_consumes_1_never_scheduled to None, run_after=None
[2026-03-03T01:07:39.272+0000] {logging_mixin.py:149} INFO - [2026-03-03T01:07:39.272+0000] {dag.py:3490} INFO - Setting next_dagrun for dataset_consumes_unknown_never_scheduled to None, run_after=None
[2026-03-03T01:07:39.273+0000] {logging_mixin.py:149} INFO - [2026-03-03T01:07:39.273+0000] {dag.py:3490} INFO - Setting next_dagrun for dataset_produces_1 to 2026-03-02T00:00:00+00:00, run_after=2026-03-03T00:00:00+00:00
[2026-03-03T01:07:39.275+0000] {logging_mixin.py:149} INFO - [2026-03-03T01:07:39.275+0000] {dag.py:3490} INFO - Setting next_dagrun for dataset_produces_2 to None, run_after=None
[2026-03-03T01:07:39.359+0000] {processor.py:178} INFO - Processing /home/airflow/.local/lib/python3.7/site-packages/airflow/example_dags/example_datasets.py took 0.151 seconds
[2026-03-03T01:08:11.187+0000] {processor.py:156} INFO - Started process (PID=170) to work on /home/airflow/.local/lib/python3.7/site-packages/airflow/example_dags/example_datasets.py
[2026-03-03T01:08:11.189+0000] {processor.py:799} INFO - Processing file /home/airflow/.local/lib/python3.7/site-packages/airflow/example_dags/example_datasets.py for tasks to queue
[2026-03-03T01:08:11.192+0000] {logging_mixin.py:149} INFO - [2026-03-03T01:08:11.191+0000] {dagbag.py:541} INFO - Filling up the DagBag from /home/airflow/.local/lib/python3.7/site-packages/airflow/example_dags/example_datasets.py
[2026-03-03T01:08:11.215+0000] {processor.py:809} INFO - DAG(s) dict_keys(['dataset_produces_1', 'dataset_consumes_1_never_scheduled', 'dataset_consumes_unknown_never_scheduled', 'dataset_consumes_1', 'dataset_produces_2', 'dataset_consumes_1_and_2']) retrieved from /home/airflow/.local/lib/python3.7/site-packages/airflow/example_dags/example_datasets.py
[2026-03-03T01:08:11.327+0000] {logging_mixin.py:149} INFO - [2026-03-03T01:08:11.326+0000] {dag.py:2726} INFO - Sync 6 DAGs
[2026-03-03T01:08:11.720+0000] {logging_mixin.py:149} INFO - [2026-03-03T01:08:11.719+0000] {dag.py:3490} INFO - Setting next_dagrun for dataset_consumes_1 to None, run_after=None
[2026-03-03T01:08:11.730+0000] {logging_mixin.py:149} INFO - [2026-03-03T01:08:11.730+0000] {dag.py:3490} INFO - Setting next_dagrun for dataset_consumes_1_and_2 to None, run_after=None
[2026-03-03T01:08:11.735+0000] {logging_mixin.py:149} INFO - [2026-03-03T01:08:11.735+0000] {dag.py:3490} INFO - Setting next_dagrun for dataset_consumes_1_never_scheduled to None, run_after=None
[2026-03-03T01:08:11.740+0000] {logging_mixin.py:149} INFO - [2026-03-03T01:08:11.740+0000] {dag.py:3490} INFO - Setting next_dagrun for dataset_consumes_unknown_never_scheduled to None, run_after=None
[2026-03-03T01:08:11.748+0000] {logging_mixin.py:149} INFO - [2026-03-03T01:08:11.747+0000] {dag.py:3490} INFO - Setting next_dagrun for dataset_produces_1 to 2026-03-02T00:00:00+00:00, run_after=2026-03-03T00:00:00+00:00
[2026-03-03T01:08:11.755+0000] {logging_mixin.py:149} INFO - [2026-03-03T01:08:11.754+0000] {dag.py:3490} INFO - Setting next_dagrun for dataset_produces_2 to None, run_after=None
[2026-03-03T01:08:11.858+0000] {processor.py:178} INFO - Processing /home/airflow/.local/lib/python3.7/site-packages/airflow/example_dags/example_datasets.py took 0.680 seconds
[2026-03-03T01:08:42.598+0000] {processor.py:156} INFO - Started process (PID=232) to work on /home/airflow/.local/lib/python3.7/site-packages/airflow/example_dags/example_datasets.py
[2026-03-03T01:08:42.599+0000] {processor.py:799} INFO - Processing file /home/airflow/.local/lib/python3.7/site-packages/airflow/example_dags/example_datasets.py for tasks to queue
[2026-03-03T01:08:42.601+0000] {logging_mixin.py:149} INFO - [2026-03-03T01:08:42.601+0000] {dagbag.py:541} INFO - Filling up the DagBag from /home/airflow/.local/lib/python3.7/site-packages/airflow/example_dags/example_datasets.py
[2026-03-03T01:08:42.610+0000] {processor.py:809} INFO - DAG(s) dict_keys(['dataset_produces_1', 'dataset_consumes_1_never_scheduled', 'dataset_consumes_1', 'dataset_consumes_1_and_2', 'dataset_produces_2', 'dataset_consumes_unknown_never_scheduled']) retrieved from /home/airflow/.local/lib/python3.7/site-packages/airflow/example_dags/example_datasets.py
[2026-03-03T01:08:42.636+0000] {logging_mixin.py:149} INFO - [2026-03-03T01:08:42.636+0000] {dag.py:2726} INFO - Sync 6 DAGs
[2026-03-03T01:08:42.648+0000] {logging_mixin.py:149} INFO - [2026-03-03T01:08:42.648+0000] {dag.py:3490} INFO - Setting next_dagrun for dataset_consumes_1 to None, run_after=None
[2026-03-03T01:08:42.652+0000] {logging_mixin.py:149} INFO - [2026-03-03T01:08:42.652+0000] {dag.py:3490} INFO - Setting next_dagrun for dataset_consumes_1_and_2 to None, run_after=None
[2026-03-03T01:08:42.653+0000] {logging_mixin.py:149} INFO - [2026-03-03T01:08:42.653+0000] {dag.py:3490} INFO - Setting next_dagrun for dataset_consumes_1_never_scheduled to None, run_after=None
[2026-03-03T01:08:42.655+0000] {logging_mixin.py:149} INFO - [2026-03-03T01:08:42.655+0000] {dag.py:3490} INFO - Setting next_dagrun for dataset_consumes_unknown_never_scheduled to None, run_after=None
[2026-03-03T01:08:42.656+0000] {logging_mixin.py:149} INFO - [2026-03-03T01:08:42.656+0000] {dag.py:3490} INFO - Setting next_dagrun for dataset_produces_1 to 2026-03-02T00:00:00+00:00, run_after=2026-03-03T00:00:00+00:00
[2026-03-03T01:08:42.657+0000] {logging_mixin.py:149} INFO - [2026-03-03T01:08:42.657+0000] {dag.py:3490} INFO - Setting next_dagrun for dataset_produces_2 to None, run_after=None
[2026-03-03T01:08:42.678+0000] {processor.py:178} INFO - Processing /home/airflow/.local/lib/python3.7/site-packages/airflow/example_dags/example_datasets.py took 0.084 seconds
[2026-03-03T01:09:13.561+0000] {processor.py:156} INFO - Started process (PID=294) to work on /home/airflow/.local/lib/python3.7/site-packages/airflow/example_dags/example_datasets.py
[2026-03-03T01:09:13.563+0000] {processor.py:799} INFO - Processing file /home/airflow/.local/lib/python3.7/site-packages/airflow/example_dags/example_datasets.py for tasks to queue
[2026-03-03T01:09:13.563+0000] {logging_mixin.py:149} INFO - [2026-03-03T01:09:13.563+0000] {dagbag.py:541} INFO - Filling up the DagBag from /home/airflow/.local/lib/python3.7/site-packages/airflow/example_dags/example_datasets.py
[2026-03-03T01:09:13.572+0000] {processor.py:809} INFO - DAG(s) dict_keys(['dataset_produces_2', 'dataset_consumes_1', 'dataset_produces_1', 'dataset_consumes_1_never_scheduled', 'dataset_consumes_1_and_2', 'dataset_consumes_unknown_never_scheduled']) retrieved from /home/airflow/.local/lib/python3.7/site-packages/airflow/example_dags/example_datasets.py
[2026-03-03T01:09:13.610+0000] {logging_mixin.py:149} INFO - [2026-03-03T01:09:13.610+0000] {dag.py:2726} INFO - Sync 6 DAGs
[2026-03-03T01:09:13.630+0000] {logging_mixin.py:149} INFO - [2026-03-03T01:09:13.629+0000] {dag.py:3490} INFO - Setting next_dagrun for dataset_consumes_1 to None, run_after=None
[2026-03-03T01:09:13.632+0000] {logging_mixin.py:149} INFO - [2026-03-03T01:09:13.631+0000] {dag.py:3490} INFO - Setting next_dagrun for dataset_consumes_1_and_2 to None, run_after=None
[2026-03-03T01:09:13.633+0000] {logging_mixin.py:149} INFO - [2026-03-03T01:09:13.633+0000] {dag.py:3490} INFO - Setting next_dagrun for dataset_consumes_1_never_scheduled to None, run_after=None
[2026-03-03T01:09:13.634+0000] {logging_mixin.py:149} INFO - [2026-03-03T01:09:13.634+0000] {dag.py:3490} INFO - Setting next_dagrun for dataset_consumes_unknown_never_scheduled to None, run_after=None
[2026-03-03T01:09:13.635+0000] {logging_mixin.py:149} INFO - [2026-03-03T01:09:13.635+0000] {dag.py:3490} INFO - Setting next_dagrun for dataset_produces_1 to 2026-03-02T00:00:00+00:00, run_after=2026-03-03T00:00:00+00:00
[2026-03-03T01:09:13.637+0000] {logging_mixin.py:149} INFO - [2026-03-03T01:09:13.637+0000] {dag.py:3490} INFO - Setting next_dagrun for dataset_produces_2 to None, run_after=None
[2026-03-03T01:09:13.662+0000] {processor.py:178} INFO - Processing /home/airflow/.local/lib/python3.7/site-packages/airflow/example_dags/example_datasets.py took 0.104 seconds
[2026-03-03T01:09:44.517+0000] {processor.py:156} INFO - Started process (PID=356) to work on /home/airflow/.local/lib/python3.7/site-packages/airflow/example_dags/example_datasets.py
[2026-03-03T01:09:44.519+0000] {processor.py:799} INFO - Processing file /home/airflow/.local/lib/python3.7/site-packages/airflow/example_dags/example_datasets.py for tasks to queue
[2026-03-03T01:09:44.519+0000] {logging_mixin.py:149} INFO - [2026-03-03T01:09:44.519+0000] {dagbag.py:541} INFO - Filling up the DagBag from /home/airflow/.local/lib/python3.7/site-packages/airflow/example_dags/example_datasets.py
[2026-03-03T01:09:44.527+0000] {processor.py:809} INFO - DAG(s) dict_keys(['dataset_consumes_1_never_scheduled', 'dataset_produces_1', 'dataset_consumes_1_and_2', 'dataset_consumes_1', 'dataset_produces_2', 'dataset_consumes_unknown_never_scheduled']) retrieved from /home/airflow/.local/lib/python3.7/site-packages/airflow/example_dags/example_datasets.py
[2026-03-03T01:09:44.566+0000] {logging_mixin.py:149} INFO - [2026-03-03T01:09:44.566+0000] {dag.py:2726} INFO - Sync 6 DAGs
[2026-03-03T01:09:44.586+0000] {logging_mixin.py:149} INFO - [2026-03-03T01:09:44.586+0000] {dag.py:3490} INFO - Setting next_dagrun for dataset_consumes_1 to None, run_after=None
[2026-03-03T01:09:44.592+0000] {logging_mixin.py:149} INFO - [2026-03-03T01:09:44.592+0000] {dag.py:3490} INFO - Setting next_dagrun for dataset_consumes_1_and_2 to None, run_after=None
[2026-03-03T01:09:44.594+0000] {logging_mixin.py:149} INFO - [2026-03-03T01:09:44.594+0000] {dag.py:3490} INFO - Setting next_dagrun for dataset_consumes_1_never_scheduled to None, run_after=None
[2026-03-03T01:09:44.595+0000] {logging_mixin.py:149} INFO - [2026-03-03T01:09:44.595+0000] {dag.py:3490} INFO - Setting next_dagrun for dataset_consumes_unknown_never_scheduled to None, run_after=None
[2026-03-03T01:09:44.597+0000] {logging_mixin.py:149} INFO - [2026-03-03T01:09:44.597+0000] {dag.py:3490} INFO - Setting next_dagrun for dataset_produces_1 to 2026-03-02T00:00:00+00:00, run_after=2026-03-03T00:00:00+00:00
[2026-03-03T01:09:44.598+0000] {logging_mixin.py:149} INFO - [2026-03-03T01:09:44.598+0000] {dag.py:3490} INFO - Setting next_dagrun for dataset_produces_2 to None, run_after=None
[2026-03-03T01:09:44.618+0000] {processor.py:178} INFO - Processing /home/airflow/.local/lib/python3.7/site-packages/airflow/example_dags/example_datasets.py took 0.104 seconds
[2026-03-03T01:10:15.215+0000] {processor.py:156} INFO - Started process (PID=418) to work on /home/airflow/.local/lib/python3.7/site-packages/airflow/example_dags/example_datasets.py
[2026-03-03T01:10:15.219+0000] {processor.py:799} INFO - Processing file /home/airflow/.local/lib/python3.7/site-packages/airflow/example_dags/example_datasets.py for tasks to queue
[2026-03-03T01:10:15.224+0000] {logging_mixin.py:149} INFO - [2026-03-03T01:10:15.223+0000] {dagbag.py:541} INFO - Filling up the DagBag from /home/airflow/.local/lib/python3.7/site-packages/airflow/example_dags/example_datasets.py
[2026-03-03T01:10:15.261+0000] {processor.py:809} INFO - DAG(s) dict_keys(['dataset_consumes_unknown_never_scheduled', 'dataset_produces_1', 'dataset_produces_2', 'dataset_consumes_1_never_scheduled', 'dataset_consumes_1_and_2', 'dataset_consumes_1']) retrieved from /home/airflow/.local/lib/python3.7/site-packages/airflow/example_dags/example_datasets.py
[2026-03-03T01:10:15.420+0000] {logging_mixin.py:149} INFO - [2026-03-03T01:10:15.419+0000] {dag.py:2726} INFO - Sync 6 DAGs
[2026-03-03T01:10:15.531+0000] {logging_mixin.py:149} INFO - [2026-03-03T01:10:15.529+0000] {dag.py:3490} INFO - Setting next_dagrun for dataset_consumes_1 to None, run_after=None
[2026-03-03T01:10:15.563+0000] {logging_mixin.py:149} INFO - [2026-03-03T01:10:15.561+0000] {dag.py:3490} INFO - Setting next_dagrun for dataset_consumes_1_and_2 to None, run_after=None
[2026-03-03T01:10:15.570+0000] {logging_mixin.py:149} INFO - [2026-03-03T01:10:15.569+0000] {dag.py:3490} INFO - Setting next_dagrun for dataset_consumes_1_never_scheduled to None, run_after=None
[2026-03-03T01:10:15.576+0000] {logging_mixin.py:149} INFO - [2026-03-03T01:10:15.575+0000] {dag.py:3490} INFO - Setting next_dagrun for dataset_consumes_unknown_never_scheduled to None, run_after=None
[2026-03-03T01:10:15.588+0000] {logging_mixin.py:149} INFO - [2026-03-03T01:10:15.586+0000] {dag.py:3490} INFO - Setting next_dagrun for dataset_produces_1 to 2026-03-02T00:00:00+00:00, run_after=2026-03-03T00:00:00+00:00
[2026-03-03T01:10:15.597+0000] {logging_mixin.py:149} INFO - [2026-03-03T01:10:15.596+0000] {dag.py:3490} INFO - Setting next_dagrun for dataset_produces_2 to None, run_after=None
[2026-03-03T01:10:15.769+0000] {processor.py:178} INFO - Processing /home/airflow/.local/lib/python3.7/site-packages/airflow/example_dags/example_datasets.py took 0.566 seconds
[2026-03-03T01:10:46.000+0000] {processor.py:156} INFO - Started process (PID=480) to work on /home/airflow/.local/lib/python3.7/site-packages/airflow/example_dags/example_datasets.py
[2026-03-03T01:10:46.004+0000] {processor.py:799} INFO - Processing file /home/airflow/.local/lib/python3.7/site-packages/airflow/example_dags/example_datasets.py for tasks to queue
[2026-03-03T01:10:46.009+0000] {logging_mixin.py:149} INFO - [2026-03-03T01:10:46.009+0000] {dagbag.py:541} INFO - Filling up the DagBag from /home/airflow/.local/lib/python3.7/site-packages/airflow/example_dags/example_datasets.py
[2026-03-03T01:10:46.031+0000] {processor.py:809} INFO - DAG(s) dict_keys(['dataset_consumes_1_and_2', 'dataset_consumes_1_never_scheduled', 'dataset_consumes_unknown_never_scheduled', 'dataset_consumes_1', 'dataset_produces_2', 'dataset_produces_1']) retrieved from /home/airflow/.local/lib/python3.7/site-packages/airflow/example_dags/example_datasets.py
[2026-03-03T01:10:46.134+0000] {logging_mixin.py:149} INFO - [2026-03-03T01:10:46.133+0000] {dag.py:2726} INFO - Sync 6 DAGs
[2026-03-03T01:10:46.205+0000] {logging_mixin.py:149} INFO - [2026-03-03T01:10:46.205+0000] {dag.py:3490} INFO - Setting next_dagrun for dataset_consumes_1 to None, run_after=None
[2026-03-03T01:10:46.214+0000] {logging_mixin.py:149} INFO - [2026-03-03T01:10:46.213+0000] {dag.py:3490} INFO - Setting next_dagrun for dataset_consumes_1_and_2 to None, run_after=None
[2026-03-03T01:10:46.219+0000] {logging_mixin.py:149} INFO - [2026-03-03T01:10:46.218+0000] {dag.py:3490} INFO - Setting next_dagrun for dataset_consumes_1_never_scheduled to None, run_after=None
[2026-03-03T01:10:46.224+0000] {logging_mixin.py:149} INFO - [2026-03-03T01:10:46.223+0000] {dag.py:3490} INFO - Setting next_dagrun for dataset_consumes_unknown_never_scheduled to None, run_after=None
[2026-03-03T01:10:46.231+0000] {logging_mixin.py:149} INFO - [2026-03-03T01:10:46.230+0000] {dag.py:3490} INFO - Setting next_dagrun for dataset_produces_1 to 2026-03-02T00:00:00+00:00, run_after=2026-03-03T00:00:00+00:00
[2026-03-03T01:10:46.234+0000] {logging_mixin.py:149} INFO - [2026-03-03T01:10:46.234+0000] {dag.py:3490} INFO - Setting next_dagrun for dataset_produces_2 to None, run_after=None
[2026-03-03T01:10:46.323+0000] {processor.py:178} INFO - Processing /home/airflow/.local/lib/python3.7/site-packages/airflow/example_dags/example_datasets.py took 0.330 seconds
[2026-03-03T01:11:16.406+0000] {processor.py:156} INFO - Started process (PID=542) to work on /home/airflow/.local/lib/python3.7/site-packages/airflow/example_dags/example_datasets.py
[2026-03-03T01:11:16.407+0000] {processor.py:799} INFO - Processing file /home/airflow/.local/lib/python3.7/site-packages/airflow/example_dags/example_datasets.py for tasks to queue
[2026-03-03T01:11:16.408+0000] {logging_mixin.py:149} INFO - [2026-03-03T01:11:16.407+0000] {dagbag.py:541} INFO - Filling up the DagBag from /home/airflow/.local/lib/python3.7/site-packages/airflow/example_dags/example_datasets.py
[2026-03-03T01:11:16.412+0000] {processor.py:809} INFO - DAG(s) dict_keys(['dataset_produces_2', 'dataset_produces_1', 'dataset_consumes_1_and_2', 'dataset_consumes_1', 'dataset_consumes_1_never_scheduled', 'dataset_consumes_unknown_never_scheduled']) retrieved from /home/airflow/.local/lib/python3.7/site-packages/airflow/example_dags/example_datasets.py
[2026-03-03T01:11:16.428+0000] {logging_mixin.py:149} INFO - [2026-03-03T01:11:16.428+0000] {dag.py:2726} INFO - Sync 6 DAGs
[2026-03-03T01:11:16.439+0000] {logging_mixin.py:149} INFO - [2026-03-03T01:11:16.439+0000] {dag.py:3490} INFO - Setting next_dagrun for dataset_consumes_1 to None, run_after=None
[2026-03-03T01:11:16.440+0000] {logging_mixin.py:149} INFO - [2026-03-03T01:11:16.440+0000] {dag.py:3490} INFO - Setting next_dagrun for dataset_consumes_1_and_2 to None, run_after=None
[2026-03-03T01:11:16.441+0000] {logging_mixin.py:149} INFO - [2026-03-03T01:11:16.441+0000] {dag.py:3490} INFO - Setting next_dagrun for dataset_consumes_1_never_scheduled to None, run_after=None
[2026-03-03T01:11:16.441+0000] {logging_mixin.py:149} INFO - [2026-03-03T01:11:16.441+0000] {dag.py:3490} INFO - Setting next_dagrun for dataset_consumes_unknown_never_scheduled to None, run_after=None
[2026-03-03T01:11:16.442+0000] {logging_mixin.py:149} INFO - [2026-03-03T01:11:16.442+0000] {dag.py:3490} INFO - Setting next_dagrun for dataset_produces_1 to 2026-03-02T00:00:00+00:00, run_after=2026-03-03T00:00:00+00:00
[2026-03-03T01:11:16.442+0000] {logging_mixin.py:149} INFO - [2026-03-03T01:11:16.442+0000] {dag.py:3490} INFO - Setting next_dagrun for dataset_produces_2 to None, run_after=None
[2026-03-03T01:11:16.454+0000] {processor.py:178} INFO - Processing /home/airflow/.local/lib/python3.7/site-packages/airflow/example_dags/example_datasets.py took 0.050 seconds
[2026-03-03T01:11:46.934+0000] {processor.py:156} INFO - Started process (PID=604) to work on /home/airflow/.local/lib/python3.7/site-packages/airflow/example_dags/example_datasets.py
[2026-03-03T01:11:46.936+0000] {processor.py:799} INFO - Processing file /home/airflow/.local/lib/python3.7/site-packages/airflow/example_dags/example_datasets.py for tasks to queue
[2026-03-03T01:11:46.941+0000] {logging_mixin.py:149} INFO - [2026-03-03T01:11:46.940+0000] {dagbag.py:541} INFO - Filling up the DagBag from /home/airflow/.local/lib/python3.7/site-packages/airflow/example_dags/example_datasets.py
[2026-03-03T01:11:46.964+0000] {processor.py:809} INFO - DAG(s) dict_keys(['dataset_produces_2', 'dataset_consumes_1_and_2', 'dataset_consumes_1', 'dataset_produces_1', 'dataset_consumes_1_never_scheduled', 'dataset_consumes_unknown_never_scheduled']) retrieved from /home/airflow/.local/lib/python3.7/site-packages/airflow/example_dags/example_datasets.py
[2026-03-03T01:11:47.076+0000] {logging_mixin.py:149} INFO - [2026-03-03T01:11:47.075+0000] {dag.py:2726} INFO - Sync 6 DAGs
[2026-03-03T01:11:47.153+0000] {logging_mixin.py:149} INFO - [2026-03-03T01:11:47.153+0000] {dag.py:3490} INFO - Setting next_dagrun for dataset_consumes_1 to None, run_after=None
[2026-03-03T01:11:47.166+0000] {logging_mixin.py:149} INFO - [2026-03-03T01:11:47.166+0000] {dag.py:3490} INFO - Setting next_dagrun for dataset_consumes_1_and_2 to None, run_after=None
[2026-03-03T01:11:47.173+0000] {logging_mixin.py:149} INFO - [2026-03-03T01:11:47.173+0000] {dag.py:3490} INFO - Setting next_dagrun for dataset_consumes_1_never_scheduled to None, run_after=None
[2026-03-03T01:11:47.178+0000] {logging_mixin.py:149} INFO - [2026-03-03T01:11:47.177+0000] {dag.py:3490} INFO - Setting next_dagrun for dataset_consumes_unknown_never_scheduled to None, run_after=None
[2026-03-03T01:11:47.185+0000] {logging_mixin.py:149} INFO - [2026-03-03T01:11:47.184+0000] {dag.py:3490} INFO - Setting next_dagrun for dataset_produces_1 to 2026-03-02T00:00:00+00:00, run_after=2026-03-03T00:00:00+00:00
[2026-03-03T01:11:47.190+0000] {logging_mixin.py:149} INFO - [2026-03-03T01:11:47.189+0000] {dag.py:3490} INFO - Setting next_dagrun for dataset_produces_2 to None, run_after=None
[2026-03-03T01:11:47.294+0000] {processor.py:178} INFO - Processing /home/airflow/.local/lib/python3.7/site-packages/airflow/example_dags/example_datasets.py took 0.367 seconds
[2026-03-03T01:12:17.827+0000] {processor.py:156} INFO - Started process (PID=666) to work on /home/airflow/.local/lib/python3.7/site-packages/airflow/example_dags/example_datasets.py
[2026-03-03T01:12:17.829+0000] {processor.py:799} INFO - Processing file /home/airflow/.local/lib/python3.7/site-packages/airflow/example_dags/example_datasets.py for tasks to queue
[2026-03-03T01:12:17.831+0000] {logging_mixin.py:149} INFO - [2026-03-03T01:12:17.831+0000] {dagbag.py:541} INFO - Filling up the DagBag from /home/airflow/.local/lib/python3.7/site-packages/airflow/example_dags/example_datasets.py
[2026-03-03T01:12:17.852+0000] {processor.py:809} INFO - DAG(s) dict_keys(['dataset_produces_2', 'dataset_produces_1', 'dataset_consumes_1_never_scheduled', 'dataset_consumes_1_and_2', 'dataset_consumes_unknown_never_scheduled', 'dataset_consumes_1']) retrieved from /home/airflow/.local/lib/python3.7/site-packages/airflow/example_dags/example_datasets.py
[2026-03-03T01:12:17.949+0000] {logging_mixin.py:149} INFO - [2026-03-03T01:12:17.949+0000] {dag.py:2726} INFO - Sync 6 DAGs
[2026-03-03T01:12:18.016+0000] {logging_mixin.py:149} INFO - [2026-03-03T01:12:18.016+0000] {dag.py:3490} INFO - Setting next_dagrun for dataset_consumes_1 to None, run_after=None
[2026-03-03T01:12:18.027+0000] {logging_mixin.py:149} INFO - [2026-03-03T01:12:18.027+0000] {dag.py:3490} INFO - Setting next_dagrun for dataset_consumes_1_and_2 to None, run_after=None
[2026-03-03T01:12:18.031+0000] {logging_mixin.py:149} INFO - [2026-03-03T01:12:18.031+0000] {dag.py:3490} INFO - Setting next_dagrun for dataset_consumes_1_never_scheduled to None, run_after=None
[2026-03-03T01:12:18.034+0000] {logging_mixin.py:149} INFO - [2026-03-03T01:12:18.034+0000] {dag.py:3490} INFO - Setting next_dagrun for dataset_consumes_unknown_never_scheduled to None, run_after=None
[2026-03-03T01:12:18.041+0000] {logging_mixin.py:149} INFO - [2026-03-03T01:12:18.040+0000] {dag.py:3490} INFO - Setting next_dagrun for dataset_produces_1 to 2026-03-02T00:00:00+00:00, run_after=2026-03-03T00:00:00+00:00
[2026-03-03T01:12:18.045+0000] {logging_mixin.py:149} INFO - [2026-03-03T01:12:18.045+0000] {dag.py:3490} INFO - Setting next_dagrun for dataset_produces_2 to None, run_after=None
[2026-03-03T01:12:18.143+0000] {processor.py:178} INFO - Processing /home/airflow/.local/lib/python3.7/site-packages/airflow/example_dags/example_datasets.py took 0.323 seconds
[2026-03-03T01:12:48.309+0000] {processor.py:156} INFO - Started process (PID=727) to work on /home/airflow/.local/lib/python3.7/site-packages/airflow/example_dags/example_datasets.py
[2026-03-03T01:12:48.311+0000] {processor.py:799} INFO - Processing file /home/airflow/.local/lib/python3.7/site-packages/airflow/example_dags/example_datasets.py for tasks to queue
[2026-03-03T01:12:48.312+0000] {logging_mixin.py:149} INFO - [2026-03-03T01:12:48.312+0000] {dagbag.py:541} INFO - Filling up the DagBag from /home/airflow/.local/lib/python3.7/site-packages/airflow/example_dags/example_datasets.py
[2026-03-03T01:12:48.332+0000] {processor.py:809} INFO - DAG(s) dict_keys(['dataset_consumes_1', 'dataset_consumes_unknown_never_scheduled', 'dataset_consumes_1_and_2', 'dataset_consumes_1_never_scheduled', 'dataset_produces_1', 'dataset_produces_2']) retrieved from /home/airflow/.local/lib/python3.7/site-packages/airflow/example_dags/example_datasets.py
[2026-03-03T01:12:48.426+0000] {logging_mixin.py:149} INFO - [2026-03-03T01:12:48.426+0000] {dag.py:2726} INFO - Sync 6 DAGs
[2026-03-03T01:12:48.485+0000] {logging_mixin.py:149} INFO - [2026-03-03T01:12:48.485+0000] {dag.py:3490} INFO - Setting next_dagrun for dataset_consumes_1 to None, run_after=None
[2026-03-03T01:12:48.493+0000] {logging_mixin.py:149} INFO - [2026-03-03T01:12:48.493+0000] {dag.py:3490} INFO - Setting next_dagrun for dataset_consumes_1_and_2 to None, run_after=None
[2026-03-03T01:12:48.497+0000] {logging_mixin.py:149} INFO - [2026-03-03T01:12:48.496+0000] {dag.py:3490} INFO - Setting next_dagrun for dataset_consumes_1_never_scheduled to None, run_after=None
[2026-03-03T01:12:48.500+0000] {logging_mixin.py:149} INFO - [2026-03-03T01:12:48.499+0000] {dag.py:3490} INFO - Setting next_dagrun for dataset_consumes_unknown_never_scheduled to None, run_after=None
[2026-03-03T01:12:48.506+0000] {logging_mixin.py:149} INFO - [2026-03-03T01:12:48.505+0000] {dag.py:3490} INFO - Setting next_dagrun for dataset_produces_1 to 2026-03-02T00:00:00+00:00, run_after=2026-03-03T00:00:00+00:00
[2026-03-03T01:12:48.511+0000] {logging_mixin.py:149} INFO - [2026-03-03T01:12:48.510+0000] {dag.py:3490} INFO - Setting next_dagrun for dataset_produces_2 to None, run_after=None
[2026-03-03T01:12:48.595+0000] {processor.py:178} INFO - Processing /home/airflow/.local/lib/python3.7/site-packages/airflow/example_dags/example_datasets.py took 0.292 seconds
[2026-03-03T01:13:18.977+0000] {processor.py:156} INFO - Started process (PID=789) to work on /home/airflow/.local/lib/python3.7/site-packages/airflow/example_dags/example_datasets.py
[2026-03-03T01:13:18.977+0000] {processor.py:799} INFO - Processing file /home/airflow/.local/lib/python3.7/site-packages/airflow/example_dags/example_datasets.py for tasks to queue
[2026-03-03T01:13:18.977+0000] {logging_mixin.py:149} INFO - [2026-03-03T01:13:18.977+0000] {dagbag.py:541} INFO - Filling up the DagBag from /home/airflow/.local/lib/python3.7/site-packages/airflow/example_dags/example_datasets.py
[2026-03-03T01:13:18.981+0000] {processor.py:809} INFO - DAG(s) dict_keys(['dataset_consumes_1', 'dataset_consumes_1_and_2', 'dataset_consumes_unknown_never_scheduled', 'dataset_consumes_1_never_scheduled', 'dataset_produces_1', 'dataset_produces_2']) retrieved from /home/airflow/.local/lib/python3.7/site-packages/airflow/example_dags/example_datasets.py
[2026-03-03T01:13:18.998+0000] {logging_mixin.py:149} INFO - [2026-03-03T01:13:18.997+0000] {dag.py:2726} INFO - Sync 6 DAGs
[2026-03-03T01:13:19.009+0000] {logging_mixin.py:149} INFO - [2026-03-03T01:13:19.009+0000] {dag.py:3490} INFO - Setting next_dagrun for dataset_consumes_1 to None, run_after=None
[2026-03-03T01:13:19.010+0000] {logging_mixin.py:149} INFO - [2026-03-03T01:13:19.010+0000] {dag.py:3490} INFO - Setting next_dagrun for dataset_consumes_1_and_2 to None, run_after=None
[2026-03-03T01:13:19.011+0000] {logging_mixin.py:149} INFO - [2026-03-03T01:13:19.011+0000] {dag.py:3490} INFO - Setting next_dagrun for dataset_consumes_1_never_scheduled to None, run_after=None
[2026-03-03T01:13:19.011+0000] {logging_mixin.py:149} INFO - [2026-03-03T01:13:19.011+0000] {dag.py:3490} INFO - Setting next_dagrun for dataset_consumes_unknown_never_scheduled to None, run_after=None
[2026-03-03T01:13:19.012+0000] {logging_mixin.py:149} INFO - [2026-03-03T01:13:19.012+0000] {dag.py:3490} INFO - Setting next_dagrun for dataset_produces_1 to 2026-03-02T00:00:00+00:00, run_after=2026-03-03T00:00:00+00:00
[2026-03-03T01:13:19.013+0000] {logging_mixin.py:149} INFO - [2026-03-03T01:13:19.013+0000] {dag.py:3490} INFO - Setting next_dagrun for dataset_produces_2 to None, run_after=None
[2026-03-03T01:13:19.025+0000] {processor.py:178} INFO - Processing /home/airflow/.local/lib/python3.7/site-packages/airflow/example_dags/example_datasets.py took 0.050 seconds
[2026-03-03T01:13:49.574+0000] {processor.py:156} INFO - Started process (PID=851) to work on /home/airflow/.local/lib/python3.7/site-packages/airflow/example_dags/example_datasets.py
[2026-03-03T01:13:49.575+0000] {processor.py:799} INFO - Processing file /home/airflow/.local/lib/python3.7/site-packages/airflow/example_dags/example_datasets.py for tasks to queue
[2026-03-03T01:13:49.575+0000] {logging_mixin.py:149} INFO - [2026-03-03T01:13:49.575+0000] {dagbag.py:541} INFO - Filling up the DagBag from /home/airflow/.local/lib/python3.7/site-packages/airflow/example_dags/example_datasets.py
[2026-03-03T01:13:49.580+0000] {processor.py:809} INFO - DAG(s) dict_keys(['dataset_consumes_1_never_scheduled', 'dataset_consumes_1_and_2', 'dataset_produces_1', 'dataset_consumes_1', 'dataset_produces_2', 'dataset_consumes_unknown_never_scheduled']) retrieved from /home/airflow/.local/lib/python3.7/site-packages/airflow/example_dags/example_datasets.py
[2026-03-03T01:13:49.598+0000] {logging_mixin.py:149} INFO - [2026-03-03T01:13:49.597+0000] {dag.py:2726} INFO - Sync 6 DAGs
[2026-03-03T01:13:49.610+0000] {logging_mixin.py:149} INFO - [2026-03-03T01:13:49.610+0000] {dag.py:3490} INFO - Setting next_dagrun for dataset_consumes_1 to None, run_after=None
[2026-03-03T01:13:49.612+0000] {logging_mixin.py:149} INFO - [2026-03-03T01:13:49.612+0000] {dag.py:3490} INFO - Setting next_dagrun for dataset_consumes_1_and_2 to None, run_after=None
[2026-03-03T01:13:49.612+0000] {logging_mixin.py:149} INFO - [2026-03-03T01:13:49.612+0000] {dag.py:3490} INFO - Setting next_dagrun for dataset_consumes_1_never_scheduled to None, run_after=None
[2026-03-03T01:13:49.613+0000] {logging_mixin.py:149} INFO - [2026-03-03T01:13:49.613+0000] {dag.py:3490} INFO - Setting next_dagrun for dataset_consumes_unknown_never_scheduled to None, run_after=None
[2026-03-03T01:13:49.614+0000] {logging_mixin.py:149} INFO - [2026-03-03T01:13:49.614+0000] {dag.py:3490} INFO - Setting next_dagrun for dataset_produces_1 to 2026-03-02T00:00:00+00:00, run_after=2026-03-03T00:00:00+00:00
[2026-03-03T01:13:49.614+0000] {logging_mixin.py:149} INFO - [2026-03-03T01:13:49.614+0000] {dag.py:3490} INFO - Setting next_dagrun for dataset_produces_2 to None, run_after=None
[2026-03-03T01:13:49.630+0000] {processor.py:178} INFO - Processing /home/airflow/.local/lib/python3.7/site-packages/airflow/example_dags/example_datasets.py took 0.058 seconds
[2026-03-03T01:14:20.384+0000] {processor.py:156} INFO - Started process (PID=913) to work on /home/airflow/.local/lib/python3.7/site-packages/airflow/example_dags/example_datasets.py
[2026-03-03T01:14:20.385+0000] {processor.py:799} INFO - Processing file /home/airflow/.local/lib/python3.7/site-packages/airflow/example_dags/example_datasets.py for tasks to queue
[2026-03-03T01:14:20.385+0000] {logging_mixin.py:149} INFO - [2026-03-03T01:14:20.385+0000] {dagbag.py:541} INFO - Filling up the DagBag from /home/airflow/.local/lib/python3.7/site-packages/airflow/example_dags/example_datasets.py
[2026-03-03T01:14:20.391+0000] {processor.py:809} INFO - DAG(s) dict_keys(['dataset_produces_2', 'dataset_consumes_1', 'dataset_produces_1', 'dataset_consumes_unknown_never_scheduled', 'dataset_consumes_1_and_2', 'dataset_consumes_1_never_scheduled']) retrieved from /home/airflow/.local/lib/python3.7/site-packages/airflow/example_dags/example_datasets.py
[2026-03-03T01:14:20.412+0000] {logging_mixin.py:149} INFO - [2026-03-03T01:14:20.412+0000] {dag.py:2726} INFO - Sync 6 DAGs
[2026-03-03T01:14:20.425+0000] {logging_mixin.py:149} INFO - [2026-03-03T01:14:20.425+0000] {dag.py:3490} INFO - Setting next_dagrun for dataset_consumes_1 to None, run_after=None
[2026-03-03T01:14:20.426+0000] {logging_mixin.py:149} INFO - [2026-03-03T01:14:20.426+0000] {dag.py:3490} INFO - Setting next_dagrun for dataset_consumes_1_and_2 to None, run_after=None
[2026-03-03T01:14:20.427+0000] {logging_mixin.py:149} INFO - [2026-03-03T01:14:20.427+0000] {dag.py:3490} INFO - Setting next_dagrun for dataset_consumes_1_never_scheduled to None, run_after=None
[2026-03-03T01:14:20.427+0000] {logging_mixin.py:149} INFO - [2026-03-03T01:14:20.427+0000] {dag.py:3490} INFO - Setting next_dagrun for dataset_consumes_unknown_never_scheduled to None, run_after=None
[2026-03-03T01:14:20.428+0000] {logging_mixin.py:149} INFO - [2026-03-03T01:14:20.428+0000] {dag.py:3490} INFO - Setting next_dagrun for dataset_produces_1 to 2026-03-02T00:00:00+00:00, run_after=2026-03-03T00:00:00+00:00
[2026-03-03T01:14:20.429+0000] {logging_mixin.py:149} INFO - [2026-03-03T01:14:20.429+0000] {dag.py:3490} INFO - Setting next_dagrun for dataset_produces_2 to None, run_after=None
[2026-03-03T01:14:20.443+0000] {processor.py:178} INFO - Processing /home/airflow/.local/lib/python3.7/site-packages/airflow/example_dags/example_datasets.py took 0.061 seconds
[2026-03-03T01:14:51.262+0000] {processor.py:156} INFO - Started process (PID=975) to work on /home/airflow/.local/lib/python3.7/site-packages/airflow/example_dags/example_datasets.py
[2026-03-03T01:14:51.264+0000] {processor.py:799} INFO - Processing file /home/airflow/.local/lib/python3.7/site-packages/airflow/example_dags/example_datasets.py for tasks to queue
[2026-03-03T01:14:51.265+0000] {logging_mixin.py:149} INFO - [2026-03-03T01:14:51.264+0000] {dagbag.py:541} INFO - Filling up the DagBag from /home/airflow/.local/lib/python3.7/site-packages/airflow/example_dags/example_datasets.py
[2026-03-03T01:14:51.283+0000] {processor.py:809} INFO - DAG(s) dict_keys(['dataset_consumes_1_never_scheduled', 'dataset_produces_1', 'dataset_produces_2', 'dataset_consumes_unknown_never_scheduled', 'dataset_consumes_1_and_2', 'dataset_consumes_1']) retrieved from /home/airflow/.local/lib/python3.7/site-packages/airflow/example_dags/example_datasets.py
[2026-03-03T01:14:51.377+0000] {logging_mixin.py:149} INFO - [2026-03-03T01:14:51.376+0000] {dag.py:2726} INFO - Sync 6 DAGs
[2026-03-03T01:14:51.444+0000] {logging_mixin.py:149} INFO - [2026-03-03T01:14:51.443+0000] {dag.py:3490} INFO - Setting next_dagrun for dataset_consumes_1 to None, run_after=None
[2026-03-03T01:14:51.454+0000] {logging_mixin.py:149} INFO - [2026-03-03T01:14:51.453+0000] {dag.py:3490} INFO - Setting next_dagrun for dataset_consumes_1_and_2 to None, run_after=None
[2026-03-03T01:14:51.459+0000] {logging_mixin.py:149} INFO - [2026-03-03T01:14:51.458+0000] {dag.py:3490} INFO - Setting next_dagrun for dataset_consumes_1_never_scheduled to None, run_after=None
[2026-03-03T01:14:51.462+0000] {logging_mixin.py:149} INFO - [2026-03-03T01:14:51.462+0000] {dag.py:3490} INFO - Setting next_dagrun for dataset_consumes_unknown_never_scheduled to None, run_after=None
[2026-03-03T01:14:51.468+0000] {logging_mixin.py:149} INFO - [2026-03-03T01:14:51.467+0000] {dag.py:3490} INFO - Setting next_dagrun for dataset_produces_1 to 2026-03-02T00:00:00+00:00, run_after=2026-03-03T00:00:00+00:00
[2026-03-03T01:14:51.473+0000] {logging_mixin.py:149} INFO - [2026-03-03T01:14:51.472+0000] {dag.py:3490} INFO - Setting next_dagrun for dataset_produces_2 to None, run_after=None
[2026-03-03T01:14:51.556+0000] {processor.py:178} INFO - Processing /home/airflow/.local/lib/python3.7/site-packages/airflow/example_dags/example_datasets.py took 0.300 seconds
[2026-03-03T01:15:21.663+0000] {processor.py:156} INFO - Started process (PID=1037) to work on /home/airflow/.local/lib/python3.7/site-packages/airflow/example_dags/example_datasets.py
[2026-03-03T01:15:21.663+0000] {processor.py:799} INFO - Processing file /home/airflow/.local/lib/python3.7/site-packages/airflow/example_dags/example_datasets.py for tasks to queue
[2026-03-03T01:15:21.664+0000] {logging_mixin.py:149} INFO - [2026-03-03T01:15:21.664+0000] {dagbag.py:541} INFO - Filling up the DagBag from /home/airflow/.local/lib/python3.7/site-packages/airflow/example_dags/example_datasets.py
[2026-03-03T01:15:21.669+0000] {processor.py:809} INFO - DAG(s) dict_keys(['dataset_consumes_unknown_never_scheduled', 'dataset_produces_1', 'dataset_consumes_1_never_scheduled', 'dataset_consumes_1', 'dataset_consumes_1_and_2', 'dataset_produces_2']) retrieved from /home/airflow/.local/lib/python3.7/site-packages/airflow/example_dags/example_datasets.py
[2026-03-03T01:15:21.690+0000] {logging_mixin.py:149} INFO - [2026-03-03T01:15:21.690+0000] {dag.py:2726} INFO - Sync 6 DAGs
[2026-03-03T01:15:21.703+0000] {logging_mixin.py:149} INFO - [2026-03-03T01:15:21.703+0000] {dag.py:3490} INFO - Setting next_dagrun for dataset_consumes_1 to None, run_after=None
[2026-03-03T01:15:21.704+0000] {logging_mixin.py:149} INFO - [2026-03-03T01:15:21.704+0000] {dag.py:3490} INFO - Setting next_dagrun for dataset_consumes_1_and_2 to None, run_after=None
[2026-03-03T01:15:21.705+0000] {logging_mixin.py:149} INFO - [2026-03-03T01:15:21.705+0000] {dag.py:3490} INFO - Setting next_dagrun for dataset_consumes_1_never_scheduled to None, run_after=None
[2026-03-03T01:15:21.705+0000] {logging_mixin.py:149} INFO - [2026-03-03T01:15:21.705+0000] {dag.py:3490} INFO - Setting next_dagrun for dataset_consumes_unknown_never_scheduled to None, run_after=None
[2026-03-03T01:15:21.707+0000] {logging_mixin.py:149} INFO - [2026-03-03T01:15:21.707+0000] {dag.py:3490} INFO - Setting next_dagrun for dataset_produces_1 to 2026-03-02T00:00:00+00:00, run_after=2026-03-03T00:00:00+00:00
[2026-03-03T01:15:21.707+0000] {logging_mixin.py:149} INFO - [2026-03-03T01:15:21.707+0000] {dag.py:3490} INFO - Setting next_dagrun for dataset_produces_2 to None, run_after=None
[2026-03-03T01:15:21.722+0000] {processor.py:178} INFO - Processing /home/airflow/.local/lib/python3.7/site-packages/airflow/example_dags/example_datasets.py took 0.062 seconds
[2026-03-03T01:15:52.520+0000] {processor.py:156} INFO - Started process (PID=1098) to work on /home/airflow/.local/lib/python3.7/site-packages/airflow/example_dags/example_datasets.py
[2026-03-03T01:15:52.521+0000] {processor.py:799} INFO - Processing file /home/airflow/.local/lib/python3.7/site-packages/airflow/example_dags/example_datasets.py for tasks to queue
[2026-03-03T01:15:52.521+0000] {logging_mixin.py:149} INFO - [2026-03-03T01:15:52.521+0000] {dagbag.py:541} INFO - Filling up the DagBag from /home/airflow/.local/lib/python3.7/site-packages/airflow/example_dags/example_datasets.py
[2026-03-03T01:15:52.529+0000] {processor.py:809} INFO - DAG(s) dict_keys(['dataset_consumes_1', 'dataset_consumes_unknown_never_scheduled', 'dataset_consumes_1_never_scheduled', 'dataset_produces_2', 'dataset_consumes_1_and_2', 'dataset_produces_1']) retrieved from /home/airflow/.local/lib/python3.7/site-packages/airflow/example_dags/example_datasets.py
[2026-03-03T01:15:52.550+0000] {logging_mixin.py:149} INFO - [2026-03-03T01:15:52.550+0000] {dag.py:2726} INFO - Sync 6 DAGs
[2026-03-03T01:15:52.562+0000] {logging_mixin.py:149} INFO - [2026-03-03T01:15:52.562+0000] {dag.py:3490} INFO - Setting next_dagrun for dataset_consumes_1 to None, run_after=None
[2026-03-03T01:15:52.564+0000] {logging_mixin.py:149} INFO - [2026-03-03T01:15:52.564+0000] {dag.py:3490} INFO - Setting next_dagrun for dataset_consumes_1_and_2 to None, run_after=None
[2026-03-03T01:15:52.565+0000] {logging_mixin.py:149} INFO - [2026-03-03T01:15:52.565+0000] {dag.py:3490} INFO - Setting next_dagrun for dataset_consumes_1_never_scheduled to None, run_after=None
[2026-03-03T01:15:52.565+0000] {logging_mixin.py:149} INFO - [2026-03-03T01:15:52.565+0000] {dag.py:3490} INFO - Setting next_dagrun for dataset_consumes_unknown_never_scheduled to None, run_after=None
[2026-03-03T01:15:52.566+0000] {logging_mixin.py:149} INFO - [2026-03-03T01:15:52.566+0000] {dag.py:3490} INFO - Setting next_dagrun for dataset_produces_1 to 2026-03-02T00:00:00+00:00, run_after=2026-03-03T00:00:00+00:00
[2026-03-03T01:15:52.567+0000] {logging_mixin.py:149} INFO - [2026-03-03T01:15:52.567+0000] {dag.py:3490} INFO - Setting next_dagrun for dataset_produces_2 to None, run_after=None
[2026-03-03T01:15:52.582+0000] {processor.py:178} INFO - Processing /home/airflow/.local/lib/python3.7/site-packages/airflow/example_dags/example_datasets.py took 0.065 seconds
[2026-03-03T01:16:22.875+0000] {processor.py:156} INFO - Started process (PID=1160) to work on /home/airflow/.local/lib/python3.7/site-packages/airflow/example_dags/example_datasets.py
[2026-03-03T01:16:22.877+0000] {processor.py:799} INFO - Processing file /home/airflow/.local/lib/python3.7/site-packages/airflow/example_dags/example_datasets.py for tasks to queue
[2026-03-03T01:16:22.879+0000] {logging_mixin.py:149} INFO - [2026-03-03T01:16:22.878+0000] {dagbag.py:541} INFO - Filling up the DagBag from /home/airflow/.local/lib/python3.7/site-packages/airflow/example_dags/example_datasets.py
[2026-03-03T01:16:22.901+0000] {processor.py:809} INFO - DAG(s) dict_keys(['dataset_consumes_1', 'dataset_consumes_unknown_never_scheduled', 'dataset_consumes_1_never_scheduled', 'dataset_consumes_1_and_2', 'dataset_produces_2', 'dataset_produces_1']) retrieved from /home/airflow/.local/lib/python3.7/site-packages/airflow/example_dags/example_datasets.py
[2026-03-03T01:16:23.005+0000] {logging_mixin.py:149} INFO - [2026-03-03T01:16:23.004+0000] {dag.py:2726} INFO - Sync 6 DAGs
[2026-03-03T01:16:23.079+0000] {logging_mixin.py:149} INFO - [2026-03-03T01:16:23.078+0000] {dag.py:3490} INFO - Setting next_dagrun for dataset_consumes_1 to None, run_after=None
[2026-03-03T01:16:23.090+0000] {logging_mixin.py:149} INFO - [2026-03-03T01:16:23.089+0000] {dag.py:3490} INFO - Setting next_dagrun for dataset_consumes_1_and_2 to None, run_after=None
[2026-03-03T01:16:23.095+0000] {logging_mixin.py:149} INFO - [2026-03-03T01:16:23.095+0000] {dag.py:3490} INFO - Setting next_dagrun for dataset_consumes_1_never_scheduled to None, run_after=None
[2026-03-03T01:16:23.101+0000] {logging_mixin.py:149} INFO - [2026-03-03T01:16:23.100+0000] {dag.py:3490} INFO - Setting next_dagrun for dataset_consumes_unknown_never_scheduled to None, run_after=None
[2026-03-03T01:16:23.109+0000] {logging_mixin.py:149} INFO - [2026-03-03T01:16:23.108+0000] {dag.py:3490} INFO - Setting next_dagrun for dataset_produces_1 to 2026-03-02T00:00:00+00:00, run_after=2026-03-03T00:00:00+00:00
[2026-03-03T01:16:23.114+0000] {logging_mixin.py:149} INFO - [2026-03-03T01:16:23.113+0000] {dag.py:3490} INFO - Setting next_dagrun for dataset_produces_2 to None, run_after=None
[2026-03-03T01:16:23.222+0000] {processor.py:178} INFO - Processing /home/airflow/.local/lib/python3.7/site-packages/airflow/example_dags/example_datasets.py took 0.354 seconds
[2026-03-03T01:16:53.751+0000] {processor.py:156} INFO - Started process (PID=1222) to work on /home/airflow/.local/lib/python3.7/site-packages/airflow/example_dags/example_datasets.py
[2026-03-03T01:16:53.752+0000] {processor.py:799} INFO - Processing file /home/airflow/.local/lib/python3.7/site-packages/airflow/example_dags/example_datasets.py for tasks to queue
[2026-03-03T01:16:53.754+0000] {logging_mixin.py:149} INFO - [2026-03-03T01:16:53.753+0000] {dagbag.py:541} INFO - Filling up the DagBag from /home/airflow/.local/lib/python3.7/site-packages/airflow/example_dags/example_datasets.py
[2026-03-03T01:16:53.769+0000] {processor.py:809} INFO - DAG(s) dict_keys(['dataset_consumes_1', 'dataset_consumes_1_never_scheduled', 'dataset_consumes_1_and_2', 'dataset_produces_2', 'dataset_produces_1', 'dataset_consumes_unknown_never_scheduled']) retrieved from /home/airflow/.local/lib/python3.7/site-packages/airflow/example_dags/example_datasets.py
[2026-03-03T01:16:53.843+0000] {logging_mixin.py:149} INFO - [2026-03-03T01:16:53.843+0000] {dag.py:2726} INFO - Sync 6 DAGs
[2026-03-03T01:16:53.893+0000] {logging_mixin.py:149} INFO - [2026-03-03T01:16:53.893+0000] {dag.py:3490} INFO - Setting next_dagrun for dataset_consumes_1 to None, run_after=None
[2026-03-03T01:16:53.900+0000] {logging_mixin.py:149} INFO - [2026-03-03T01:16:53.900+0000] {dag.py:3490} INFO - Setting next_dagrun for dataset_consumes_1_and_2 to None, run_after=None
[2026-03-03T01:16:53.903+0000] {logging_mixin.py:149} INFO - [2026-03-03T01:16:53.903+0000] {dag.py:3490} INFO - Setting next_dagrun for dataset_consumes_1_never_scheduled to None, run_after=None
[2026-03-03T01:16:53.905+0000] {logging_mixin.py:149} INFO - [2026-03-03T01:16:53.905+0000] {dag.py:3490} INFO - Setting next_dagrun for dataset_consumes_unknown_never_scheduled to None, run_after=None
[2026-03-03T01:16:53.910+0000] {logging_mixin.py:149} INFO - [2026-03-03T01:16:53.910+0000] {dag.py:3490} INFO - Setting next_dagrun for dataset_produces_1 to 2026-03-02T00:00:00+00:00, run_after=2026-03-03T00:00:00+00:00
[2026-03-03T01:16:53.913+0000] {logging_mixin.py:149} INFO - [2026-03-03T01:16:53.913+0000] {dag.py:3490} INFO - Setting next_dagrun for dataset_produces_2 to None, run_after=None
[2026-03-03T01:16:53.977+0000] {processor.py:178} INFO - Processing /home/airflow/.local/lib/python3.7/site-packages/airflow/example_dags/example_datasets.py took 0.233 seconds
[2026-03-03T01:17:24.278+0000] {processor.py:156} INFO - Started process (PID=1284) to work on /home/airflow/.local/lib/python3.7/site-packages/airflow/example_dags/example_datasets.py
[2026-03-03T01:17:24.279+0000] {processor.py:799} INFO - Processing file /home/airflow/.local/lib/python3.7/site-packages/airflow/example_dags/example_datasets.py for tasks to queue
[2026-03-03T01:17:24.279+0000] {logging_mixin.py:149} INFO - [2026-03-03T01:17:24.279+0000] {dagbag.py:541} INFO - Filling up the DagBag from /home/airflow/.local/lib/python3.7/site-packages/airflow/example_dags/example_datasets.py
[2026-03-03T01:17:24.284+0000] {processor.py:809} INFO - DAG(s) dict_keys(['dataset_consumes_unknown_never_scheduled', 'dataset_consumes_1_and_2', 'dataset_produces_1', 'dataset_produces_2', 'dataset_consumes_1', 'dataset_consumes_1_never_scheduled']) retrieved from /home/airflow/.local/lib/python3.7/site-packages/airflow/example_dags/example_datasets.py
[2026-03-03T01:17:24.303+0000] {logging_mixin.py:149} INFO - [2026-03-03T01:17:24.303+0000] {dag.py:2726} INFO - Sync 6 DAGs
[2026-03-03T01:17:24.315+0000] {logging_mixin.py:149} INFO - [2026-03-03T01:17:24.315+0000] {dag.py:3490} INFO - Setting next_dagrun for dataset_consumes_1 to None, run_after=None
[2026-03-03T01:17:24.316+0000] {logging_mixin.py:149} INFO - [2026-03-03T01:17:24.316+0000] {dag.py:3490} INFO - Setting next_dagrun for dataset_consumes_1_and_2 to None, run_after=None
[2026-03-03T01:17:24.317+0000] {logging_mixin.py:149} INFO - [2026-03-03T01:17:24.317+0000] {dag.py:3490} INFO - Setting next_dagrun for dataset_consumes_1_never_scheduled to None, run_after=None
[2026-03-03T01:17:24.317+0000] {logging_mixin.py:149} INFO - [2026-03-03T01:17:24.317+0000] {dag.py:3490} INFO - Setting next_dagrun for dataset_consumes_unknown_never_scheduled to None, run_after=None
[2026-03-03T01:17:24.318+0000] {logging_mixin.py:149} INFO - [2026-03-03T01:17:24.318+0000] {dag.py:3490} INFO - Setting next_dagrun for dataset_produces_1 to 2026-03-02T00:00:00+00:00, run_after=2026-03-03T00:00:00+00:00
[2026-03-03T01:17:24.319+0000] {logging_mixin.py:149} INFO - [2026-03-03T01:17:24.319+0000] {dag.py:3490} INFO - Setting next_dagrun for dataset_produces_2 to None, run_after=None
[2026-03-03T01:17:24.332+0000] {processor.py:178} INFO - Processing /home/airflow/.local/lib/python3.7/site-packages/airflow/example_dags/example_datasets.py took 0.056 seconds
[2026-03-03T01:17:55.189+0000] {processor.py:156} INFO - Started process (PID=1346) to work on /home/airflow/.local/lib/python3.7/site-packages/airflow/example_dags/example_datasets.py
[2026-03-03T01:17:55.190+0000] {processor.py:799} INFO - Processing file /home/airflow/.local/lib/python3.7/site-packages/airflow/example_dags/example_datasets.py for tasks to queue
[2026-03-03T01:17:55.191+0000] {logging_mixin.py:149} INFO - [2026-03-03T01:17:55.191+0000] {dagbag.py:541} INFO - Filling up the DagBag from /home/airflow/.local/lib/python3.7/site-packages/airflow/example_dags/example_datasets.py
[2026-03-03T01:17:55.195+0000] {processor.py:809} INFO - DAG(s) dict_keys(['dataset_consumes_1', 'dataset_produces_1', 'dataset_consumes_unknown_never_scheduled', 'dataset_produces_2', 'dataset_consumes_1_never_scheduled', 'dataset_consumes_1_and_2']) retrieved from /home/airflow/.local/lib/python3.7/site-packages/airflow/example_dags/example_datasets.py
[2026-03-03T01:17:55.214+0000] {logging_mixin.py:149} INFO - [2026-03-03T01:17:55.214+0000] {dag.py:2726} INFO - Sync 6 DAGs
[2026-03-03T01:17:55.226+0000] {logging_mixin.py:149} INFO - [2026-03-03T01:17:55.226+0000] {dag.py:3490} INFO - Setting next_dagrun for dataset_consumes_1 to None, run_after=None
[2026-03-03T01:17:55.228+0000] {logging_mixin.py:149} INFO - [2026-03-03T01:17:55.228+0000] {dag.py:3490} INFO - Setting next_dagrun for dataset_consumes_1_and_2 to None, run_after=None
[2026-03-03T01:17:55.228+0000] {logging_mixin.py:149} INFO - [2026-03-03T01:17:55.228+0000] {dag.py:3490} INFO - Setting next_dagrun for dataset_consumes_1_never_scheduled to None, run_after=None
[2026-03-03T01:17:55.229+0000] {logging_mixin.py:149} INFO - [2026-03-03T01:17:55.229+0000] {dag.py:3490} INFO - Setting next_dagrun for dataset_consumes_unknown_never_scheduled to None, run_after=None
[2026-03-03T01:17:55.230+0000] {logging_mixin.py:149} INFO - [2026-03-03T01:17:55.230+0000] {dag.py:3490} INFO - Setting next_dagrun for dataset_produces_1 to 2026-03-02T00:00:00+00:00, run_after=2026-03-03T00:00:00+00:00
[2026-03-03T01:17:55.230+0000] {logging_mixin.py:149} INFO - [2026-03-03T01:17:55.230+0000] {dag.py:3490} INFO - Setting next_dagrun for dataset_produces_2 to None, run_after=None
[2026-03-03T01:17:55.244+0000] {processor.py:178} INFO - Processing /home/airflow/.local/lib/python3.7/site-packages/airflow/example_dags/example_datasets.py took 0.057 seconds
[2026-03-03T01:18:25.561+0000] {processor.py:156} INFO - Started process (PID=1408) to work on /home/airflow/.local/lib/python3.7/site-packages/airflow/example_dags/example_datasets.py
[2026-03-03T01:18:25.563+0000] {processor.py:799} INFO - Processing file /home/airflow/.local/lib/python3.7/site-packages/airflow/example_dags/example_datasets.py for tasks to queue
[2026-03-03T01:18:25.565+0000] {logging_mixin.py:149} INFO - [2026-03-03T01:18:25.565+0000] {dagbag.py:541} INFO - Filling up the DagBag from /home/airflow/.local/lib/python3.7/site-packages/airflow/example_dags/example_datasets.py
[2026-03-03T01:18:25.584+0000] {processor.py:809} INFO - DAG(s) dict_keys(['dataset_consumes_1_and_2', 'dataset_produces_1', 'dataset_consumes_unknown_never_scheduled', 'dataset_consumes_1_never_scheduled', 'dataset_consumes_1', 'dataset_produces_2']) retrieved from /home/airflow/.local/lib/python3.7/site-packages/airflow/example_dags/example_datasets.py
[2026-03-03T01:18:25.675+0000] {logging_mixin.py:149} INFO - [2026-03-03T01:18:25.675+0000] {dag.py:2726} INFO - Sync 6 DAGs
[2026-03-03T01:18:25.734+0000] {logging_mixin.py:149} INFO - [2026-03-03T01:18:25.734+0000] {dag.py:3490} INFO - Setting next_dagrun for dataset_consumes_1 to None, run_after=None
[2026-03-03T01:18:25.744+0000] {logging_mixin.py:149} INFO - [2026-03-03T01:18:25.743+0000] {dag.py:3490} INFO - Setting next_dagrun for dataset_consumes_1_and_2 to None, run_after=None
[2026-03-03T01:18:25.751+0000] {logging_mixin.py:149} INFO - [2026-03-03T01:18:25.751+0000] {dag.py:3490} INFO - Setting next_dagrun for dataset_consumes_1_never_scheduled to None, run_after=None
[2026-03-03T01:18:25.754+0000] {logging_mixin.py:149} INFO - [2026-03-03T01:18:25.754+0000] {dag.py:3490} INFO - Setting next_dagrun for dataset_consumes_unknown_never_scheduled to None, run_after=None
[2026-03-03T01:18:25.762+0000] {logging_mixin.py:149} INFO - [2026-03-03T01:18:25.761+0000] {dag.py:3490} INFO - Setting next_dagrun for dataset_produces_1 to 2026-03-02T00:00:00+00:00, run_after=2026-03-03T00:00:00+00:00
[2026-03-03T01:18:25.768+0000] {logging_mixin.py:149} INFO - [2026-03-03T01:18:25.768+0000] {dag.py:3490} INFO - Setting next_dagrun for dataset_produces_2 to None, run_after=None
[2026-03-03T01:18:25.852+0000] {processor.py:178} INFO - Processing /home/airflow/.local/lib/python3.7/site-packages/airflow/example_dags/example_datasets.py took 0.298 seconds
[2026-03-03T01:18:56.249+0000] {processor.py:156} INFO - Started process (PID=1470) to work on /home/airflow/.local/lib/python3.7/site-packages/airflow/example_dags/example_datasets.py
[2026-03-03T01:18:56.251+0000] {processor.py:799} INFO - Processing file /home/airflow/.local/lib/python3.7/site-packages/airflow/example_dags/example_datasets.py for tasks to queue
[2026-03-03T01:18:56.252+0000] {logging_mixin.py:149} INFO - [2026-03-03T01:18:56.252+0000] {dagbag.py:541} INFO - Filling up the DagBag from /home/airflow/.local/lib/python3.7/site-packages/airflow/example_dags/example_datasets.py
[2026-03-03T01:18:56.269+0000] {processor.py:809} INFO - DAG(s) dict_keys(['dataset_consumes_1_never_scheduled', 'dataset_produces_1', 'dataset_produces_2', 'dataset_consumes_unknown_never_scheduled', 'dataset_consumes_1_and_2', 'dataset_consumes_1']) retrieved from /home/airflow/.local/lib/python3.7/site-packages/airflow/example_dags/example_datasets.py
[2026-03-03T01:18:56.361+0000] {logging_mixin.py:149} INFO - [2026-03-03T01:18:56.360+0000] {dag.py:2726} INFO - Sync 6 DAGs
[2026-03-03T01:18:56.417+0000] {logging_mixin.py:149} INFO - [2026-03-03T01:18:56.416+0000] {dag.py:3490} INFO - Setting next_dagrun for dataset_consumes_1 to None, run_after=None
[2026-03-03T01:18:56.424+0000] {logging_mixin.py:149} INFO - [2026-03-03T01:18:56.424+0000] {dag.py:3490} INFO - Setting next_dagrun for dataset_consumes_1_and_2 to None, run_after=None
[2026-03-03T01:18:56.429+0000] {logging_mixin.py:149} INFO - [2026-03-03T01:18:56.428+0000] {dag.py:3490} INFO - Setting next_dagrun for dataset_consumes_1_never_scheduled to None, run_after=None
[2026-03-03T01:18:56.432+0000] {logging_mixin.py:149} INFO - [2026-03-03T01:18:56.432+0000] {dag.py:3490} INFO - Setting next_dagrun for dataset_consumes_unknown_never_scheduled to None, run_after=None
[2026-03-03T01:18:56.438+0000] {logging_mixin.py:149} INFO - [2026-03-03T01:18:56.438+0000] {dag.py:3490} INFO - Setting next_dagrun for dataset_produces_1 to 2026-03-02T00:00:00+00:00, run_after=2026-03-03T00:00:00+00:00
[2026-03-03T01:18:56.443+0000] {logging_mixin.py:149} INFO - [2026-03-03T01:18:56.443+0000] {dag.py:3490} INFO - Setting next_dagrun for dataset_produces_2 to None, run_after=None
[2026-03-03T01:18:56.522+0000] {processor.py:178} INFO - Processing /home/airflow/.local/lib/python3.7/site-packages/airflow/example_dags/example_datasets.py took 0.280 seconds
[2026-03-03T01:19:27.434+0000] {processor.py:156} INFO - Started process (PID=1532) to work on /home/airflow/.local/lib/python3.7/site-packages/airflow/example_dags/example_datasets.py
[2026-03-03T01:19:27.434+0000] {processor.py:799} INFO - Processing file /home/airflow/.local/lib/python3.7/site-packages/airflow/example_dags/example_datasets.py for tasks to queue
[2026-03-03T01:19:27.435+0000] {logging_mixin.py:149} INFO - [2026-03-03T01:19:27.435+0000] {dagbag.py:541} INFO - Filling up the DagBag from /home/airflow/.local/lib/python3.7/site-packages/airflow/example_dags/example_datasets.py
[2026-03-03T01:19:27.443+0000] {processor.py:809} INFO - DAG(s) dict_keys(['dataset_consumes_1', 'dataset_consumes_1_and_2', 'dataset_produces_2', 'dataset_produces_1', 'dataset_consumes_unknown_never_scheduled', 'dataset_consumes_1_never_scheduled']) retrieved from /home/airflow/.local/lib/python3.7/site-packages/airflow/example_dags/example_datasets.py
[2026-03-03T01:19:27.467+0000] {logging_mixin.py:149} INFO - [2026-03-03T01:19:27.467+0000] {dag.py:2726} INFO - Sync 6 DAGs
[2026-03-03T01:19:27.482+0000] {logging_mixin.py:149} INFO - [2026-03-03T01:19:27.482+0000] {dag.py:3490} INFO - Setting next_dagrun for dataset_consumes_1 to None, run_after=None
[2026-03-03T01:19:27.484+0000] {logging_mixin.py:149} INFO - [2026-03-03T01:19:27.484+0000] {dag.py:3490} INFO - Setting next_dagrun for dataset_consumes_1_and_2 to None, run_after=None
[2026-03-03T01:19:27.484+0000] {logging_mixin.py:149} INFO - [2026-03-03T01:19:27.484+0000] {dag.py:3490} INFO - Setting next_dagrun for dataset_consumes_1_never_scheduled to None, run_after=None
[2026-03-03T01:19:27.485+0000] {logging_mixin.py:149} INFO - [2026-03-03T01:19:27.485+0000] {dag.py:3490} INFO - Setting next_dagrun for dataset_consumes_unknown_never_scheduled to None, run_after=None
[2026-03-03T01:19:27.486+0000] {logging_mixin.py:149} INFO - [2026-03-03T01:19:27.486+0000] {dag.py:3490} INFO - Setting next_dagrun for dataset_produces_1 to 2026-03-02T00:00:00+00:00, run_after=2026-03-03T00:00:00+00:00
[2026-03-03T01:19:27.487+0000] {logging_mixin.py:149} INFO - [2026-03-03T01:19:27.487+0000] {dag.py:3490} INFO - Setting next_dagrun for dataset_produces_2 to None, run_after=None
[2026-03-03T01:19:27.501+0000] {processor.py:178} INFO - Processing /home/airflow/.local/lib/python3.7/site-packages/airflow/example_dags/example_datasets.py took 0.072 seconds
[2026-03-03T01:19:58.195+0000] {processor.py:156} INFO - Started process (PID=1594) to work on /home/airflow/.local/lib/python3.7/site-packages/airflow/example_dags/example_datasets.py
[2026-03-03T01:19:58.196+0000] {processor.py:799} INFO - Processing file /home/airflow/.local/lib/python3.7/site-packages/airflow/example_dags/example_datasets.py for tasks to queue
[2026-03-03T01:19:58.196+0000] {logging_mixin.py:149} INFO - [2026-03-03T01:19:58.196+0000] {dagbag.py:541} INFO - Filling up the DagBag from /home/airflow/.local/lib/python3.7/site-packages/airflow/example_dags/example_datasets.py
[2026-03-03T01:19:58.204+0000] {processor.py:809} INFO - DAG(s) dict_keys(['dataset_consumes_1_never_scheduled', 'dataset_consumes_unknown_never_scheduled', 'dataset_consumes_1_and_2', 'dataset_produces_2', 'dataset_produces_1', 'dataset_consumes_1']) retrieved from /home/airflow/.local/lib/python3.7/site-packages/airflow/example_dags/example_datasets.py
[2026-03-03T01:19:58.227+0000] {logging_mixin.py:149} INFO - [2026-03-03T01:19:58.227+0000] {dag.py:2726} INFO - Sync 6 DAGs
[2026-03-03T01:19:58.243+0000] {logging_mixin.py:149} INFO - [2026-03-03T01:19:58.243+0000] {dag.py:3490} INFO - Setting next_dagrun for dataset_consumes_1 to None, run_after=None
[2026-03-03T01:19:58.245+0000] {logging_mixin.py:149} INFO - [2026-03-03T01:19:58.245+0000] {dag.py:3490} INFO - Setting next_dagrun for dataset_consumes_1_and_2 to None, run_after=None
[2026-03-03T01:19:58.246+0000] {logging_mixin.py:149} INFO - [2026-03-03T01:19:58.246+0000] {dag.py:3490} INFO - Setting next_dagrun for dataset_consumes_1_never_scheduled to None, run_after=None
[2026-03-03T01:19:58.246+0000] {logging_mixin.py:149} INFO - [2026-03-03T01:19:58.246+0000] {dag.py:3490} INFO - Setting next_dagrun for dataset_consumes_unknown_never_scheduled to None, run_after=None
[2026-03-03T01:19:58.247+0000] {logging_mixin.py:149} INFO - [2026-03-03T01:19:58.247+0000] {dag.py:3490} INFO - Setting next_dagrun for dataset_produces_1 to 2026-03-02T00:00:00+00:00, run_after=2026-03-03T00:00:00+00:00
[2026-03-03T01:19:58.249+0000] {logging_mixin.py:149} INFO - [2026-03-03T01:19:58.249+0000] {dag.py:3490} INFO - Setting next_dagrun for dataset_produces_2 to None, run_after=None
[2026-03-03T01:19:58.263+0000] {processor.py:178} INFO - Processing /home/airflow/.local/lib/python3.7/site-packages/airflow/example_dags/example_datasets.py took 0.070 seconds
[2026-03-03T01:20:28.876+0000] {processor.py:156} INFO - Started process (PID=1656) to work on /home/airflow/.local/lib/python3.7/site-packages/airflow/example_dags/example_datasets.py
[2026-03-03T01:20:28.877+0000] {processor.py:799} INFO - Processing file /home/airflow/.local/lib/python3.7/site-packages/airflow/example_dags/example_datasets.py for tasks to queue
[2026-03-03T01:20:28.877+0000] {logging_mixin.py:149} INFO - [2026-03-03T01:20:28.877+0000] {dagbag.py:541} INFO - Filling up the DagBag from /home/airflow/.local/lib/python3.7/site-packages/airflow/example_dags/example_datasets.py
[2026-03-03T01:20:28.884+0000] {processor.py:809} INFO - DAG(s) dict_keys(['dataset_consumes_1_and_2', 'dataset_produces_2', 'dataset_produces_1', 'dataset_consumes_1', 'dataset_consumes_1_never_scheduled', 'dataset_consumes_unknown_never_scheduled']) retrieved from /home/airflow/.local/lib/python3.7/site-packages/airflow/example_dags/example_datasets.py
[2026-03-03T01:20:28.910+0000] {logging_mixin.py:149} INFO - [2026-03-03T01:20:28.910+0000] {dag.py:2726} INFO - Sync 6 DAGs
[2026-03-03T01:20:28.924+0000] {logging_mixin.py:149} INFO - [2026-03-03T01:20:28.924+0000] {dag.py:3490} INFO - Setting next_dagrun for dataset_consumes_1 to None, run_after=None
[2026-03-03T01:20:28.927+0000] {logging_mixin.py:149} INFO - [2026-03-03T01:20:28.927+0000] {dag.py:3490} INFO - Setting next_dagrun for dataset_consumes_1_and_2 to None, run_after=None
[2026-03-03T01:20:28.927+0000] {logging_mixin.py:149} INFO - [2026-03-03T01:20:28.927+0000] {dag.py:3490} INFO - Setting next_dagrun for dataset_consumes_1_never_scheduled to None, run_after=None
[2026-03-03T01:20:28.928+0000] {logging_mixin.py:149} INFO - [2026-03-03T01:20:28.928+0000] {dag.py:3490} INFO - Setting next_dagrun for dataset_consumes_unknown_never_scheduled to None, run_after=None
[2026-03-03T01:20:28.930+0000] {logging_mixin.py:149} INFO - [2026-03-03T01:20:28.930+0000] {dag.py:3490} INFO - Setting next_dagrun for dataset_produces_1 to 2026-03-02T00:00:00+00:00, run_after=2026-03-03T00:00:00+00:00
[2026-03-03T01:20:28.931+0000] {logging_mixin.py:149} INFO - [2026-03-03T01:20:28.931+0000] {dag.py:3490} INFO - Setting next_dagrun for dataset_produces_2 to None, run_after=None
[2026-03-03T01:20:28.945+0000] {processor.py:178} INFO - Processing /home/airflow/.local/lib/python3.7/site-packages/airflow/example_dags/example_datasets.py took 0.072 seconds
[2026-03-03T01:20:59.540+0000] {processor.py:156} INFO - Started process (PID=1718) to work on /home/airflow/.local/lib/python3.7/site-packages/airflow/example_dags/example_datasets.py
[2026-03-03T01:20:59.541+0000] {processor.py:799} INFO - Processing file /home/airflow/.local/lib/python3.7/site-packages/airflow/example_dags/example_datasets.py for tasks to queue
[2026-03-03T01:20:59.541+0000] {logging_mixin.py:149} INFO - [2026-03-03T01:20:59.541+0000] {dagbag.py:541} INFO - Filling up the DagBag from /home/airflow/.local/lib/python3.7/site-packages/airflow/example_dags/example_datasets.py
[2026-03-03T01:20:59.548+0000] {processor.py:809} INFO - DAG(s) dict_keys(['dataset_produces_2', 'dataset_produces_1', 'dataset_consumes_1', 'dataset_consumes_unknown_never_scheduled', 'dataset_consumes_1_never_scheduled', 'dataset_consumes_1_and_2']) retrieved from /home/airflow/.local/lib/python3.7/site-packages/airflow/example_dags/example_datasets.py
[2026-03-03T01:20:59.573+0000] {logging_mixin.py:149} INFO - [2026-03-03T01:20:59.573+0000] {dag.py:2726} INFO - Sync 6 DAGs
[2026-03-03T01:20:59.587+0000] {logging_mixin.py:149} INFO - [2026-03-03T01:20:59.587+0000] {dag.py:3490} INFO - Setting next_dagrun for dataset_consumes_1 to None, run_after=None
[2026-03-03T01:20:59.589+0000] {logging_mixin.py:149} INFO - [2026-03-03T01:20:59.589+0000] {dag.py:3490} INFO - Setting next_dagrun for dataset_consumes_1_and_2 to None, run_after=None
[2026-03-03T01:20:59.590+0000] {logging_mixin.py:149} INFO - [2026-03-03T01:20:59.589+0000] {dag.py:3490} INFO - Setting next_dagrun for dataset_consumes_1_never_scheduled to None, run_after=None
[2026-03-03T01:20:59.590+0000] {logging_mixin.py:149} INFO - [2026-03-03T01:20:59.590+0000] {dag.py:3490} INFO - Setting next_dagrun for dataset_consumes_unknown_never_scheduled to None, run_after=None
[2026-03-03T01:20:59.592+0000] {logging_mixin.py:149} INFO - [2026-03-03T01:20:59.592+0000] {dag.py:3490} INFO - Setting next_dagrun for dataset_produces_1 to 2026-03-02T00:00:00+00:00, run_after=2026-03-03T00:00:00+00:00
[2026-03-03T01:20:59.593+0000] {logging_mixin.py:149} INFO - [2026-03-03T01:20:59.593+0000] {dag.py:3490} INFO - Setting next_dagrun for dataset_produces_2 to None, run_after=None
[2026-03-03T01:20:59.606+0000] {processor.py:178} INFO - Processing /home/airflow/.local/lib/python3.7/site-packages/airflow/example_dags/example_datasets.py took 0.071 seconds
[2026-03-03T01:21:30.171+0000] {processor.py:156} INFO - Started process (PID=1780) to work on /home/airflow/.local/lib/python3.7/site-packages/airflow/example_dags/example_datasets.py
[2026-03-03T01:21:30.172+0000] {processor.py:799} INFO - Processing file /home/airflow/.local/lib/python3.7/site-packages/airflow/example_dags/example_datasets.py for tasks to queue
[2026-03-03T01:21:30.172+0000] {logging_mixin.py:149} INFO - [2026-03-03T01:21:30.172+0000] {dagbag.py:541} INFO - Filling up the DagBag from /home/airflow/.local/lib/python3.7/site-packages/airflow/example_dags/example_datasets.py
[2026-03-03T01:21:30.180+0000] {processor.py:809} INFO - DAG(s) dict_keys(['dataset_consumes_1', 'dataset_produces_1', 'dataset_produces_2', 'dataset_consumes_unknown_never_scheduled', 'dataset_consumes_1_never_scheduled', 'dataset_consumes_1_and_2']) retrieved from /home/airflow/.local/lib/python3.7/site-packages/airflow/example_dags/example_datasets.py
[2026-03-03T01:21:30.204+0000] {logging_mixin.py:149} INFO - [2026-03-03T01:21:30.204+0000] {dag.py:2726} INFO - Sync 6 DAGs
[2026-03-03T01:21:30.219+0000] {logging_mixin.py:149} INFO - [2026-03-03T01:21:30.219+0000] {dag.py:3490} INFO - Setting next_dagrun for dataset_consumes_1 to None, run_after=None
[2026-03-03T01:21:30.222+0000] {logging_mixin.py:149} INFO - [2026-03-03T01:21:30.221+0000] {dag.py:3490} INFO - Setting next_dagrun for dataset_consumes_1_and_2 to None, run_after=None
[2026-03-03T01:21:30.222+0000] {logging_mixin.py:149} INFO - [2026-03-03T01:21:30.222+0000] {dag.py:3490} INFO - Setting next_dagrun for dataset_consumes_1_never_scheduled to None, run_after=None
[2026-03-03T01:21:30.223+0000] {logging_mixin.py:149} INFO - [2026-03-03T01:21:30.223+0000] {dag.py:3490} INFO - Setting next_dagrun for dataset_consumes_unknown_never_scheduled to None, run_after=None
[2026-03-03T01:21:30.225+0000] {logging_mixin.py:149} INFO - [2026-03-03T01:21:30.225+0000] {dag.py:3490} INFO - Setting next_dagrun for dataset_produces_1 to 2026-03-02T00:00:00+00:00, run_after=2026-03-03T00:00:00+00:00
[2026-03-03T01:21:30.227+0000] {logging_mixin.py:149} INFO - [2026-03-03T01:21:30.227+0000] {dag.py:3490} INFO - Setting next_dagrun for dataset_produces_2 to None, run_after=None
[2026-03-03T01:21:30.241+0000] {processor.py:178} INFO - Processing /home/airflow/.local/lib/python3.7/site-packages/airflow/example_dags/example_datasets.py took 0.076 seconds
[2026-03-03T01:22:00.450+0000] {processor.py:156} INFO - Started process (PID=1842) to work on /home/airflow/.local/lib/python3.7/site-packages/airflow/example_dags/example_datasets.py
[2026-03-03T01:22:00.452+0000] {processor.py:799} INFO - Processing file /home/airflow/.local/lib/python3.7/site-packages/airflow/example_dags/example_datasets.py for tasks to queue
[2026-03-03T01:22:00.453+0000] {logging_mixin.py:149} INFO - [2026-03-03T01:22:00.453+0000] {dagbag.py:541} INFO - Filling up the DagBag from /home/airflow/.local/lib/python3.7/site-packages/airflow/example_dags/example_datasets.py
[2026-03-03T01:22:00.474+0000] {processor.py:809} INFO - DAG(s) dict_keys(['dataset_produces_2', 'dataset_consumes_1', 'dataset_consumes_1_never_scheduled', 'dataset_consumes_unknown_never_scheduled', 'dataset_consumes_1_and_2', 'dataset_produces_1']) retrieved from /home/airflow/.local/lib/python3.7/site-packages/airflow/example_dags/example_datasets.py
[2026-03-03T01:22:00.551+0000] {logging_mixin.py:149} INFO - [2026-03-03T01:22:00.550+0000] {dag.py:2726} INFO - Sync 6 DAGs
[2026-03-03T01:22:00.619+0000] {logging_mixin.py:149} INFO - [2026-03-03T01:22:00.618+0000] {dag.py:3490} INFO - Setting next_dagrun for dataset_consumes_1 to None, run_after=None
[2026-03-03T01:22:00.628+0000] {logging_mixin.py:149} INFO - [2026-03-03T01:22:00.628+0000] {dag.py:3490} INFO - Setting next_dagrun for dataset_consumes_1_and_2 to None, run_after=None
[2026-03-03T01:22:00.633+0000] {logging_mixin.py:149} INFO - [2026-03-03T01:22:00.632+0000] {dag.py:3490} INFO - Setting next_dagrun for dataset_consumes_1_never_scheduled to None, run_after=None
[2026-03-03T01:22:00.637+0000] {logging_mixin.py:149} INFO - [2026-03-03T01:22:00.637+0000] {dag.py:3490} INFO - Setting next_dagrun for dataset_consumes_unknown_never_scheduled to None, run_after=None
[2026-03-03T01:22:00.644+0000] {logging_mixin.py:149} INFO - [2026-03-03T01:22:00.644+0000] {dag.py:3490} INFO - Setting next_dagrun for dataset_produces_1 to 2026-03-02T00:00:00+00:00, run_after=2026-03-03T00:00:00+00:00
[2026-03-03T01:22:00.650+0000] {logging_mixin.py:149} INFO - [2026-03-03T01:22:00.650+0000] {dag.py:3490} INFO - Setting next_dagrun for dataset_produces_2 to None, run_after=None
[2026-03-03T01:22:00.732+0000] {processor.py:178} INFO - Processing /home/airflow/.local/lib/python3.7/site-packages/airflow/example_dags/example_datasets.py took 0.290 seconds
[2026-03-03T01:22:31.029+0000] {processor.py:156} INFO - Started process (PID=1904) to work on /home/airflow/.local/lib/python3.7/site-packages/airflow/example_dags/example_datasets.py
[2026-03-03T01:22:31.032+0000] {processor.py:799} INFO - Processing file /home/airflow/.local/lib/python3.7/site-packages/airflow/example_dags/example_datasets.py for tasks to queue
[2026-03-03T01:22:31.035+0000] {logging_mixin.py:149} INFO - [2026-03-03T01:22:31.034+0000] {dagbag.py:541} INFO - Filling up the DagBag from /home/airflow/.local/lib/python3.7/site-packages/airflow/example_dags/example_datasets.py
[2026-03-03T01:22:31.062+0000] {processor.py:809} INFO - DAG(s) dict_keys(['dataset_consumes_1_never_scheduled', 'dataset_consumes_unknown_never_scheduled', 'dataset_produces_1', 'dataset_consumes_1_and_2', 'dataset_consumes_1', 'dataset_produces_2']) retrieved from /home/airflow/.local/lib/python3.7/site-packages/airflow/example_dags/example_datasets.py
[2026-03-03T01:22:31.348+0000] {logging_mixin.py:149} INFO - [2026-03-03T01:22:31.347+0000] {dag.py:2726} INFO - Sync 6 DAGs
[2026-03-03T01:22:31.411+0000] {logging_mixin.py:149} INFO - [2026-03-03T01:22:31.411+0000] {dag.py:3490} INFO - Setting next_dagrun for dataset_consumes_1 to None, run_after=None
[2026-03-03T01:22:31.422+0000] {logging_mixin.py:149} INFO - [2026-03-03T01:22:31.422+0000] {dag.py:3490} INFO - Setting next_dagrun for dataset_consumes_1_and_2 to None, run_after=None
[2026-03-03T01:22:31.427+0000] {logging_mixin.py:149} INFO - [2026-03-03T01:22:31.427+0000] {dag.py:3490} INFO - Setting next_dagrun for dataset_consumes_1_never_scheduled to None, run_after=None
[2026-03-03T01:22:31.431+0000] {logging_mixin.py:149} INFO - [2026-03-03T01:22:31.431+0000] {dag.py:3490} INFO - Setting next_dagrun for dataset_consumes_unknown_never_scheduled to None, run_after=None
[2026-03-03T01:22:31.440+0000] {logging_mixin.py:149} INFO - [2026-03-03T01:22:31.440+0000] {dag.py:3490} INFO - Setting next_dagrun for dataset_produces_1 to 2026-03-02T00:00:00+00:00, run_after=2026-03-03T00:00:00+00:00
[2026-03-03T01:22:31.445+0000] {logging_mixin.py:149} INFO - [2026-03-03T01:22:31.444+0000] {dag.py:3490} INFO - Setting next_dagrun for dataset_produces_2 to None, run_after=None
[2026-03-03T01:22:31.556+0000] {processor.py:178} INFO - Processing /home/airflow/.local/lib/python3.7/site-packages/airflow/example_dags/example_datasets.py took 0.535 seconds
[2026-03-03T01:23:01.732+0000] {processor.py:156} INFO - Started process (PID=1967) to work on /home/airflow/.local/lib/python3.7/site-packages/airflow/example_dags/example_datasets.py
[2026-03-03T01:23:01.733+0000] {processor.py:799} INFO - Processing file /home/airflow/.local/lib/python3.7/site-packages/airflow/example_dags/example_datasets.py for tasks to queue
[2026-03-03T01:23:01.733+0000] {logging_mixin.py:149} INFO - [2026-03-03T01:23:01.733+0000] {dagbag.py:541} INFO - Filling up the DagBag from /home/airflow/.local/lib/python3.7/site-packages/airflow/example_dags/example_datasets.py
[2026-03-03T01:23:01.738+0000] {processor.py:809} INFO - DAG(s) dict_keys(['dataset_consumes_1_and_2', 'dataset_consumes_1_never_scheduled', 'dataset_consumes_unknown_never_scheduled', 'dataset_produces_1', 'dataset_consumes_1', 'dataset_produces_2']) retrieved from /home/airflow/.local/lib/python3.7/site-packages/airflow/example_dags/example_datasets.py
[2026-03-03T01:23:01.753+0000] {logging_mixin.py:149} INFO - [2026-03-03T01:23:01.753+0000] {dag.py:2726} INFO - Sync 6 DAGs
[2026-03-03T01:23:01.765+0000] {logging_mixin.py:149} INFO - [2026-03-03T01:23:01.765+0000] {dag.py:3490} INFO - Setting next_dagrun for dataset_consumes_1 to None, run_after=None
[2026-03-03T01:23:01.766+0000] {logging_mixin.py:149} INFO - [2026-03-03T01:23:01.766+0000] {dag.py:3490} INFO - Setting next_dagrun for dataset_consumes_1_and_2 to None, run_after=None
[2026-03-03T01:23:01.767+0000] {logging_mixin.py:149} INFO - [2026-03-03T01:23:01.767+0000] {dag.py:3490} INFO - Setting next_dagrun for dataset_consumes_1_never_scheduled to None, run_after=None
[2026-03-03T01:23:01.768+0000] {logging_mixin.py:149} INFO - [2026-03-03T01:23:01.768+0000] {dag.py:3490} INFO - Setting next_dagrun for dataset_consumes_unknown_never_scheduled to None, run_after=None
[2026-03-03T01:23:01.769+0000] {logging_mixin.py:149} INFO - [2026-03-03T01:23:01.769+0000] {dag.py:3490} INFO - Setting next_dagrun for dataset_produces_1 to 2026-03-02T00:00:00+00:00, run_after=2026-03-03T00:00:00+00:00
[2026-03-03T01:23:01.769+0000] {logging_mixin.py:149} INFO - [2026-03-03T01:23:01.769+0000] {dag.py:3490} INFO - Setting next_dagrun for dataset_produces_2 to None, run_after=None
[2026-03-03T01:23:01.782+0000] {processor.py:178} INFO - Processing /home/airflow/.local/lib/python3.7/site-packages/airflow/example_dags/example_datasets.py took 0.051 seconds
[2026-03-03T01:23:32.907+0000] {processor.py:156} INFO - Started process (PID=2028) to work on /home/airflow/.local/lib/python3.7/site-packages/airflow/example_dags/example_datasets.py
[2026-03-03T01:23:32.909+0000] {processor.py:799} INFO - Processing file /home/airflow/.local/lib/python3.7/site-packages/airflow/example_dags/example_datasets.py for tasks to queue
[2026-03-03T01:23:32.912+0000] {logging_mixin.py:149} INFO - [2026-03-03T01:23:32.911+0000] {dagbag.py:541} INFO - Filling up the DagBag from /home/airflow/.local/lib/python3.7/site-packages/airflow/example_dags/example_datasets.py
[2026-03-03T01:23:32.935+0000] {processor.py:809} INFO - DAG(s) dict_keys(['dataset_consumes_1_and_2', 'dataset_produces_2', 'dataset_consumes_1_never_scheduled', 'dataset_consumes_1', 'dataset_consumes_unknown_never_scheduled', 'dataset_produces_1']) retrieved from /home/airflow/.local/lib/python3.7/site-packages/airflow/example_dags/example_datasets.py
[2026-03-03T01:23:33.063+0000] {logging_mixin.py:149} INFO - [2026-03-03T01:23:33.063+0000] {dag.py:2726} INFO - Sync 6 DAGs
[2026-03-03T01:23:33.132+0000] {logging_mixin.py:149} INFO - [2026-03-03T01:23:33.131+0000] {dag.py:3490} INFO - Setting next_dagrun for dataset_consumes_1 to None, run_after=None
[2026-03-03T01:23:33.142+0000] {logging_mixin.py:149} INFO - [2026-03-03T01:23:33.142+0000] {dag.py:3490} INFO - Setting next_dagrun for dataset_consumes_1_and_2 to None, run_after=None
[2026-03-03T01:23:33.149+0000] {logging_mixin.py:149} INFO - [2026-03-03T01:23:33.148+0000] {dag.py:3490} INFO - Setting next_dagrun for dataset_consumes_1_never_scheduled to None, run_after=None
[2026-03-03T01:23:33.154+0000] {logging_mixin.py:149} INFO - [2026-03-03T01:23:33.153+0000] {dag.py:3490} INFO - Setting next_dagrun for dataset_consumes_unknown_never_scheduled to None, run_after=None
[2026-03-03T01:23:33.162+0000] {logging_mixin.py:149} INFO - [2026-03-03T01:23:33.161+0000] {dag.py:3490} INFO - Setting next_dagrun for dataset_produces_1 to 2026-03-02T00:00:00+00:00, run_after=2026-03-03T00:00:00+00:00
[2026-03-03T01:23:33.166+0000] {logging_mixin.py:149} INFO - [2026-03-03T01:23:33.166+0000] {dag.py:3490} INFO - Setting next_dagrun for dataset_produces_2 to None, run_after=None
[2026-03-03T01:23:33.278+0000] {processor.py:178} INFO - Processing /home/airflow/.local/lib/python3.7/site-packages/airflow/example_dags/example_datasets.py took 0.380 seconds
[2026-03-03T01:24:04.156+0000] {processor.py:156} INFO - Started process (PID=2090) to work on /home/airflow/.local/lib/python3.7/site-packages/airflow/example_dags/example_datasets.py
[2026-03-03T01:24:04.162+0000] {processor.py:799} INFO - Processing file /home/airflow/.local/lib/python3.7/site-packages/airflow/example_dags/example_datasets.py for tasks to queue
[2026-03-03T01:24:04.164+0000] {logging_mixin.py:149} INFO - [2026-03-03T01:24:04.164+0000] {dagbag.py:541} INFO - Filling up the DagBag from /home/airflow/.local/lib/python3.7/site-packages/airflow/example_dags/example_datasets.py
[2026-03-03T01:24:04.193+0000] {processor.py:809} INFO - DAG(s) dict_keys(['dataset_produces_1', 'dataset_consumes_1_never_scheduled', 'dataset_consumes_1_and_2', 'dataset_consumes_1', 'dataset_produces_2', 'dataset_consumes_unknown_never_scheduled']) retrieved from /home/airflow/.local/lib/python3.7/site-packages/airflow/example_dags/example_datasets.py
[2026-03-03T01:24:04.310+0000] {logging_mixin.py:149} INFO - [2026-03-03T01:24:04.309+0000] {dag.py:2726} INFO - Sync 6 DAGs
[2026-03-03T01:24:04.386+0000] {logging_mixin.py:149} INFO - [2026-03-03T01:24:04.386+0000] {dag.py:3490} INFO - Setting next_dagrun for dataset_consumes_1 to None, run_after=None
[2026-03-03T01:24:04.399+0000] {logging_mixin.py:149} INFO - [2026-03-03T01:24:04.398+0000] {dag.py:3490} INFO - Setting next_dagrun for dataset_consumes_1_and_2 to None, run_after=None
[2026-03-03T01:24:04.407+0000] {logging_mixin.py:149} INFO - [2026-03-03T01:24:04.406+0000] {dag.py:3490} INFO - Setting next_dagrun for dataset_consumes_1_never_scheduled to None, run_after=None
[2026-03-03T01:24:04.412+0000] {logging_mixin.py:149} INFO - [2026-03-03T01:24:04.412+0000] {dag.py:3490} INFO - Setting next_dagrun for dataset_consumes_unknown_never_scheduled to None, run_after=None
[2026-03-03T01:24:04.421+0000] {logging_mixin.py:149} INFO - [2026-03-03T01:24:04.420+0000] {dag.py:3490} INFO - Setting next_dagrun for dataset_produces_1 to 2026-03-02T00:00:00+00:00, run_after=2026-03-03T00:00:00+00:00
[2026-03-03T01:24:04.425+0000] {logging_mixin.py:149} INFO - [2026-03-03T01:24:04.425+0000] {dag.py:3490} INFO - Setting next_dagrun for dataset_produces_2 to None, run_after=None
[2026-03-03T01:24:04.525+0000] {processor.py:178} INFO - Processing /home/airflow/.local/lib/python3.7/site-packages/airflow/example_dags/example_datasets.py took 0.376 seconds
[2026-03-03T01:24:35.255+0000] {processor.py:156} INFO - Started process (PID=2152) to work on /home/airflow/.local/lib/python3.7/site-packages/airflow/example_dags/example_datasets.py
[2026-03-03T01:24:35.258+0000] {processor.py:799} INFO - Processing file /home/airflow/.local/lib/python3.7/site-packages/airflow/example_dags/example_datasets.py for tasks to queue
[2026-03-03T01:24:35.259+0000] {logging_mixin.py:149} INFO - [2026-03-03T01:24:35.259+0000] {dagbag.py:541} INFO - Filling up the DagBag from /home/airflow/.local/lib/python3.7/site-packages/airflow/example_dags/example_datasets.py
[2026-03-03T01:24:35.293+0000] {processor.py:809} INFO - DAG(s) dict_keys(['dataset_consumes_unknown_never_scheduled', 'dataset_consumes_1_and_2', 'dataset_consumes_1', 'dataset_produces_2', 'dataset_consumes_1_never_scheduled', 'dataset_produces_1']) retrieved from /home/airflow/.local/lib/python3.7/site-packages/airflow/example_dags/example_datasets.py
[2026-03-03T01:24:35.410+0000] {logging_mixin.py:149} INFO - [2026-03-03T01:24:35.410+0000] {dag.py:2726} INFO - Sync 6 DAGs
[2026-03-03T01:24:35.487+0000] {logging_mixin.py:149} INFO - [2026-03-03T01:24:35.487+0000] {dag.py:3490} INFO - Setting next_dagrun for dataset_consumes_1 to None, run_after=None
[2026-03-03T01:24:35.497+0000] {logging_mixin.py:149} INFO - [2026-03-03T01:24:35.497+0000] {dag.py:3490} INFO - Setting next_dagrun for dataset_consumes_1_and_2 to None, run_after=None
[2026-03-03T01:24:35.509+0000] {logging_mixin.py:149} INFO - [2026-03-03T01:24:35.508+0000] {dag.py:3490} INFO - Setting next_dagrun for dataset_consumes_1_never_scheduled to None, run_after=None
[2026-03-03T01:24:35.512+0000] {logging_mixin.py:149} INFO - [2026-03-03T01:24:35.512+0000] {dag.py:3490} INFO - Setting next_dagrun for dataset_consumes_unknown_never_scheduled to None, run_after=None
[2026-03-03T01:24:35.520+0000] {logging_mixin.py:149} INFO - [2026-03-03T01:24:35.519+0000] {dag.py:3490} INFO - Setting next_dagrun for dataset_produces_1 to 2026-03-02T00:00:00+00:00, run_after=2026-03-03T00:00:00+00:00
[2026-03-03T01:24:35.524+0000] {logging_mixin.py:149} INFO - [2026-03-03T01:24:35.524+0000] {dag.py:3490} INFO - Setting next_dagrun for dataset_produces_2 to None, run_after=None
[2026-03-03T01:24:35.635+0000] {processor.py:178} INFO - Processing /home/airflow/.local/lib/python3.7/site-packages/airflow/example_dags/example_datasets.py took 0.389 seconds
[2026-03-03T01:25:06.169+0000] {processor.py:156} INFO - Started process (PID=2214) to work on /home/airflow/.local/lib/python3.7/site-packages/airflow/example_dags/example_datasets.py
[2026-03-03T01:25:06.171+0000] {processor.py:799} INFO - Processing file /home/airflow/.local/lib/python3.7/site-packages/airflow/example_dags/example_datasets.py for tasks to queue
[2026-03-03T01:25:06.173+0000] {logging_mixin.py:149} INFO - [2026-03-03T01:25:06.173+0000] {dagbag.py:541} INFO - Filling up the DagBag from /home/airflow/.local/lib/python3.7/site-packages/airflow/example_dags/example_datasets.py
[2026-03-03T01:25:06.196+0000] {processor.py:809} INFO - DAG(s) dict_keys(['dataset_produces_2', 'dataset_consumes_unknown_never_scheduled', 'dataset_consumes_1', 'dataset_produces_1', 'dataset_consumes_1_never_scheduled', 'dataset_consumes_1_and_2']) retrieved from /home/airflow/.local/lib/python3.7/site-packages/airflow/example_dags/example_datasets.py
[2026-03-03T01:25:06.320+0000] {logging_mixin.py:149} INFO - [2026-03-03T01:25:06.320+0000] {dag.py:2726} INFO - Sync 6 DAGs
[2026-03-03T01:25:06.410+0000] {logging_mixin.py:149} INFO - [2026-03-03T01:25:06.409+0000] {dag.py:3490} INFO - Setting next_dagrun for dataset_consumes_1 to None, run_after=None
[2026-03-03T01:25:06.421+0000] {logging_mixin.py:149} INFO - [2026-03-03T01:25:06.421+0000] {dag.py:3490} INFO - Setting next_dagrun for dataset_consumes_1_and_2 to None, run_after=None
[2026-03-03T01:25:06.429+0000] {logging_mixin.py:149} INFO - [2026-03-03T01:25:06.429+0000] {dag.py:3490} INFO - Setting next_dagrun for dataset_consumes_1_never_scheduled to None, run_after=None
[2026-03-03T01:25:06.434+0000] {logging_mixin.py:149} INFO - [2026-03-03T01:25:06.433+0000] {dag.py:3490} INFO - Setting next_dagrun for dataset_consumes_unknown_never_scheduled to None, run_after=None
[2026-03-03T01:25:06.443+0000] {logging_mixin.py:149} INFO - [2026-03-03T01:25:06.442+0000] {dag.py:3490} INFO - Setting next_dagrun for dataset_produces_1 to 2026-03-02T00:00:00+00:00, run_after=2026-03-03T00:00:00+00:00
[2026-03-03T01:25:06.447+0000] {logging_mixin.py:149} INFO - [2026-03-03T01:25:06.447+0000] {dag.py:3490} INFO - Setting next_dagrun for dataset_produces_2 to None, run_after=None
[2026-03-03T01:25:06.554+0000] {processor.py:178} INFO - Processing /home/airflow/.local/lib/python3.7/site-packages/airflow/example_dags/example_datasets.py took 0.394 seconds
[2026-03-03T01:25:37.006+0000] {processor.py:156} INFO - Started process (PID=2276) to work on /home/airflow/.local/lib/python3.7/site-packages/airflow/example_dags/example_datasets.py
[2026-03-03T01:25:37.007+0000] {processor.py:799} INFO - Processing file /home/airflow/.local/lib/python3.7/site-packages/airflow/example_dags/example_datasets.py for tasks to queue
[2026-03-03T01:25:37.008+0000] {logging_mixin.py:149} INFO - [2026-03-03T01:25:37.008+0000] {dagbag.py:541} INFO - Filling up the DagBag from /home/airflow/.local/lib/python3.7/site-packages/airflow/example_dags/example_datasets.py
[2026-03-03T01:25:37.012+0000] {processor.py:809} INFO - DAG(s) dict_keys(['dataset_consumes_unknown_never_scheduled', 'dataset_produces_2', 'dataset_produces_1', 'dataset_consumes_1', 'dataset_consumes_1_and_2', 'dataset_consumes_1_never_scheduled']) retrieved from /home/airflow/.local/lib/python3.7/site-packages/airflow/example_dags/example_datasets.py
[2026-03-03T01:25:37.041+0000] {logging_mixin.py:149} INFO - [2026-03-03T01:25:37.041+0000] {dag.py:2726} INFO - Sync 6 DAGs
[2026-03-03T01:25:37.056+0000] {logging_mixin.py:149} INFO - [2026-03-03T01:25:37.056+0000] {dag.py:3490} INFO - Setting next_dagrun for dataset_consumes_1 to None, run_after=None
[2026-03-03T01:25:37.058+0000] {logging_mixin.py:149} INFO - [2026-03-03T01:25:37.057+0000] {dag.py:3490} INFO - Setting next_dagrun for dataset_consumes_1_and_2 to None, run_after=None
[2026-03-03T01:25:37.058+0000] {logging_mixin.py:149} INFO - [2026-03-03T01:25:37.058+0000] {dag.py:3490} INFO - Setting next_dagrun for dataset_consumes_1_never_scheduled to None, run_after=None
[2026-03-03T01:25:37.059+0000] {logging_mixin.py:149} INFO - [2026-03-03T01:25:37.059+0000] {dag.py:3490} INFO - Setting next_dagrun for dataset_consumes_unknown_never_scheduled to None, run_after=None
[2026-03-03T01:25:37.060+0000] {logging_mixin.py:149} INFO - [2026-03-03T01:25:37.060+0000] {dag.py:3490} INFO - Setting next_dagrun for dataset_produces_1 to 2026-03-02T00:00:00+00:00, run_after=2026-03-03T00:00:00+00:00
[2026-03-03T01:25:37.061+0000] {logging_mixin.py:149} INFO - [2026-03-03T01:25:37.061+0000] {dag.py:3490} INFO - Setting next_dagrun for dataset_produces_2 to None, run_after=None
[2026-03-03T01:25:37.076+0000] {processor.py:178} INFO - Processing /home/airflow/.local/lib/python3.7/site-packages/airflow/example_dags/example_datasets.py took 0.074 seconds
[2026-03-03T01:26:07.732+0000] {processor.py:156} INFO - Started process (PID=2338) to work on /home/airflow/.local/lib/python3.7/site-packages/airflow/example_dags/example_datasets.py
[2026-03-03T01:26:07.735+0000] {processor.py:799} INFO - Processing file /home/airflow/.local/lib/python3.7/site-packages/airflow/example_dags/example_datasets.py for tasks to queue
[2026-03-03T01:26:07.736+0000] {logging_mixin.py:149} INFO - [2026-03-03T01:26:07.736+0000] {dagbag.py:541} INFO - Filling up the DagBag from /home/airflow/.local/lib/python3.7/site-packages/airflow/example_dags/example_datasets.py
[2026-03-03T01:26:07.742+0000] {processor.py:809} INFO - DAG(s) dict_keys(['dataset_produces_1', 'dataset_consumes_unknown_never_scheduled', 'dataset_consumes_1_and_2', 'dataset_produces_2', 'dataset_consumes_1', 'dataset_consumes_1_never_scheduled']) retrieved from /home/airflow/.local/lib/python3.7/site-packages/airflow/example_dags/example_datasets.py
[2026-03-03T01:26:07.767+0000] {logging_mixin.py:149} INFO - [2026-03-03T01:26:07.766+0000] {dag.py:2726} INFO - Sync 6 DAGs
[2026-03-03T01:26:07.784+0000] {logging_mixin.py:149} INFO - [2026-03-03T01:26:07.784+0000] {dag.py:3490} INFO - Setting next_dagrun for dataset_consumes_1 to None, run_after=None
[2026-03-03T01:26:07.788+0000] {logging_mixin.py:149} INFO - [2026-03-03T01:26:07.788+0000] {dag.py:3490} INFO - Setting next_dagrun for dataset_consumes_1_and_2 to None, run_after=None
[2026-03-03T01:26:07.790+0000] {logging_mixin.py:149} INFO - [2026-03-03T01:26:07.790+0000] {dag.py:3490} INFO - Setting next_dagrun for dataset_consumes_1_never_scheduled to None, run_after=None
[2026-03-03T01:26:07.791+0000] {logging_mixin.py:149} INFO - [2026-03-03T01:26:07.791+0000] {dag.py:3490} INFO - Setting next_dagrun for dataset_consumes_unknown_never_scheduled to None, run_after=None
[2026-03-03T01:26:07.794+0000] {logging_mixin.py:149} INFO - [2026-03-03T01:26:07.794+0000] {dag.py:3490} INFO - Setting next_dagrun for dataset_produces_1 to 2026-03-02T00:00:00+00:00, run_after=2026-03-03T00:00:00+00:00
[2026-03-03T01:26:07.795+0000] {logging_mixin.py:149} INFO - [2026-03-03T01:26:07.795+0000] {dag.py:3490} INFO - Setting next_dagrun for dataset_produces_2 to None, run_after=None
[2026-03-03T01:26:07.813+0000] {processor.py:178} INFO - Processing /home/airflow/.local/lib/python3.7/site-packages/airflow/example_dags/example_datasets.py took 0.083 seconds
[2026-03-03T01:26:38.244+0000] {processor.py:156} INFO - Started process (PID=2400) to work on /home/airflow/.local/lib/python3.7/site-packages/airflow/example_dags/example_datasets.py
[2026-03-03T01:26:38.245+0000] {processor.py:799} INFO - Processing file /home/airflow/.local/lib/python3.7/site-packages/airflow/example_dags/example_datasets.py for tasks to queue
[2026-03-03T01:26:38.248+0000] {logging_mixin.py:149} INFO - [2026-03-03T01:26:38.248+0000] {dagbag.py:541} INFO - Filling up the DagBag from /home/airflow/.local/lib/python3.7/site-packages/airflow/example_dags/example_datasets.py
[2026-03-03T01:26:38.255+0000] {processor.py:809} INFO - DAG(s) dict_keys(['dataset_produces_2', 'dataset_consumes_1_and_2', 'dataset_consumes_unknown_never_scheduled', 'dataset_produces_1', 'dataset_consumes_1_never_scheduled', 'dataset_consumes_1']) retrieved from /home/airflow/.local/lib/python3.7/site-packages/airflow/example_dags/example_datasets.py
[2026-03-03T01:26:38.287+0000] {logging_mixin.py:149} INFO - [2026-03-03T01:26:38.287+0000] {dag.py:2726} INFO - Sync 6 DAGs
[2026-03-03T01:26:38.304+0000] {logging_mixin.py:149} INFO - [2026-03-03T01:26:38.304+0000] {dag.py:3490} INFO - Setting next_dagrun for dataset_consumes_1 to None, run_after=None
[2026-03-03T01:26:38.307+0000] {logging_mixin.py:149} INFO - [2026-03-03T01:26:38.307+0000] {dag.py:3490} INFO - Setting next_dagrun for dataset_consumes_1_and_2 to None, run_after=None
[2026-03-03T01:26:38.310+0000] {logging_mixin.py:149} INFO - [2026-03-03T01:26:38.310+0000] {dag.py:3490} INFO - Setting next_dagrun for dataset_consumes_1_never_scheduled to None, run_after=None
[2026-03-03T01:26:38.311+0000] {logging_mixin.py:149} INFO - [2026-03-03T01:26:38.311+0000] {dag.py:3490} INFO - Setting next_dagrun for dataset_consumes_unknown_never_scheduled to None, run_after=None
[2026-03-03T01:26:38.312+0000] {logging_mixin.py:149} INFO - [2026-03-03T01:26:38.312+0000] {dag.py:3490} INFO - Setting next_dagrun for dataset_produces_1 to 2026-03-02T00:00:00+00:00, run_after=2026-03-03T00:00:00+00:00
[2026-03-03T01:26:38.312+0000] {logging_mixin.py:149} INFO - [2026-03-03T01:26:38.312+0000] {dag.py:3490} INFO - Setting next_dagrun for dataset_produces_2 to None, run_after=None
[2026-03-03T01:26:38.328+0000] {processor.py:178} INFO - Processing /home/airflow/.local/lib/python3.7/site-packages/airflow/example_dags/example_datasets.py took 0.086 seconds
[2026-03-03T01:27:09.161+0000] {processor.py:156} INFO - Started process (PID=2461) to work on /home/airflow/.local/lib/python3.7/site-packages/airflow/example_dags/example_datasets.py
[2026-03-03T01:27:09.163+0000] {processor.py:799} INFO - Processing file /home/airflow/.local/lib/python3.7/site-packages/airflow/example_dags/example_datasets.py for tasks to queue
[2026-03-03T01:27:09.164+0000] {logging_mixin.py:149} INFO - [2026-03-03T01:27:09.163+0000] {dagbag.py:541} INFO - Filling up the DagBag from /home/airflow/.local/lib/python3.7/site-packages/airflow/example_dags/example_datasets.py
[2026-03-03T01:27:09.168+0000] {processor.py:809} INFO - DAG(s) dict_keys(['dataset_consumes_1', 'dataset_consumes_unknown_never_scheduled', 'dataset_produces_1', 'dataset_produces_2', 'dataset_consumes_1_and_2', 'dataset_consumes_1_never_scheduled']) retrieved from /home/airflow/.local/lib/python3.7/site-packages/airflow/example_dags/example_datasets.py
[2026-03-03T01:27:09.192+0000] {logging_mixin.py:149} INFO - [2026-03-03T01:27:09.192+0000] {dag.py:2726} INFO - Sync 6 DAGs
[2026-03-03T01:27:09.207+0000] {logging_mixin.py:149} INFO - [2026-03-03T01:27:09.207+0000] {dag.py:3490} INFO - Setting next_dagrun for dataset_consumes_1 to None, run_after=None
[2026-03-03T01:27:09.210+0000] {logging_mixin.py:149} INFO - [2026-03-03T01:27:09.210+0000] {dag.py:3490} INFO - Setting next_dagrun for dataset_consumes_1_and_2 to None, run_after=None
[2026-03-03T01:27:09.211+0000] {logging_mixin.py:149} INFO - [2026-03-03T01:27:09.211+0000] {dag.py:3490} INFO - Setting next_dagrun for dataset_consumes_1_never_scheduled to None, run_after=None
[2026-03-03T01:27:09.212+0000] {logging_mixin.py:149} INFO - [2026-03-03T01:27:09.212+0000] {dag.py:3490} INFO - Setting next_dagrun for dataset_consumes_unknown_never_scheduled to None, run_after=None
[2026-03-03T01:27:09.213+0000] {logging_mixin.py:149} INFO - [2026-03-03T01:27:09.213+0000] {dag.py:3490} INFO - Setting next_dagrun for dataset_produces_1 to 2026-03-02T00:00:00+00:00, run_after=2026-03-03T00:00:00+00:00
[2026-03-03T01:27:09.215+0000] {logging_mixin.py:149} INFO - [2026-03-03T01:27:09.215+0000] {dag.py:3490} INFO - Setting next_dagrun for dataset_produces_2 to None, run_after=None
[2026-03-03T01:27:09.228+0000] {processor.py:178} INFO - Processing /home/airflow/.local/lib/python3.7/site-packages/airflow/example_dags/example_datasets.py took 0.068 seconds
[2026-03-03T01:27:39.626+0000] {processor.py:156} INFO - Started process (PID=2523) to work on /home/airflow/.local/lib/python3.7/site-packages/airflow/example_dags/example_datasets.py
[2026-03-03T01:27:39.630+0000] {processor.py:799} INFO - Processing file /home/airflow/.local/lib/python3.7/site-packages/airflow/example_dags/example_datasets.py for tasks to queue
[2026-03-03T01:27:39.632+0000] {logging_mixin.py:149} INFO - [2026-03-03T01:27:39.632+0000] {dagbag.py:541} INFO - Filling up the DagBag from /home/airflow/.local/lib/python3.7/site-packages/airflow/example_dags/example_datasets.py
[2026-03-03T01:27:39.661+0000] {processor.py:809} INFO - DAG(s) dict_keys(['dataset_produces_1', 'dataset_consumes_1', 'dataset_consumes_1_and_2', 'dataset_consumes_unknown_never_scheduled', 'dataset_produces_2', 'dataset_consumes_1_never_scheduled']) retrieved from /home/airflow/.local/lib/python3.7/site-packages/airflow/example_dags/example_datasets.py
[2026-03-03T01:27:39.843+0000] {logging_mixin.py:149} INFO - [2026-03-03T01:27:39.842+0000] {dag.py:2726} INFO - Sync 6 DAGs
[2026-03-03T01:27:39.948+0000] {logging_mixin.py:149} INFO - [2026-03-03T01:27:39.948+0000] {dag.py:3490} INFO - Setting next_dagrun for dataset_consumes_1 to None, run_after=None
[2026-03-03T01:27:39.963+0000] {logging_mixin.py:149} INFO - [2026-03-03T01:27:39.962+0000] {dag.py:3490} INFO - Setting next_dagrun for dataset_consumes_1_and_2 to None, run_after=None
[2026-03-03T01:27:39.975+0000] {logging_mixin.py:149} INFO - [2026-03-03T01:27:39.975+0000] {dag.py:3490} INFO - Setting next_dagrun for dataset_consumes_1_never_scheduled to None, run_after=None
[2026-03-03T01:27:39.979+0000] {logging_mixin.py:149} INFO - [2026-03-03T01:27:39.979+0000] {dag.py:3490} INFO - Setting next_dagrun for dataset_consumes_unknown_never_scheduled to None, run_after=None
[2026-03-03T01:27:39.989+0000] {logging_mixin.py:149} INFO - [2026-03-03T01:27:39.988+0000] {dag.py:3490} INFO - Setting next_dagrun for dataset_produces_1 to 2026-03-02T00:00:00+00:00, run_after=2026-03-03T00:00:00+00:00
[2026-03-03T01:27:39.996+0000] {logging_mixin.py:149} INFO - [2026-03-03T01:27:39.995+0000] {dag.py:3490} INFO - Setting next_dagrun for dataset_produces_2 to None, run_after=None
[2026-03-03T01:27:40.116+0000] {processor.py:178} INFO - Processing /home/airflow/.local/lib/python3.7/site-packages/airflow/example_dags/example_datasets.py took 0.499 seconds
[2026-03-03T01:28:10.572+0000] {processor.py:156} INFO - Started process (PID=2585) to work on /home/airflow/.local/lib/python3.7/site-packages/airflow/example_dags/example_datasets.py
[2026-03-03T01:28:10.574+0000] {processor.py:799} INFO - Processing file /home/airflow/.local/lib/python3.7/site-packages/airflow/example_dags/example_datasets.py for tasks to queue
[2026-03-03T01:28:10.575+0000] {logging_mixin.py:149} INFO - [2026-03-03T01:28:10.575+0000] {dagbag.py:541} INFO - Filling up the DagBag from /home/airflow/.local/lib/python3.7/site-packages/airflow/example_dags/example_datasets.py
[2026-03-03T01:28:10.584+0000] {processor.py:809} INFO - DAG(s) dict_keys(['dataset_consumes_1_and_2', 'dataset_produces_2', 'dataset_produces_1', 'dataset_consumes_unknown_never_scheduled', 'dataset_consumes_1', 'dataset_consumes_1_never_scheduled']) retrieved from /home/airflow/.local/lib/python3.7/site-packages/airflow/example_dags/example_datasets.py
[2026-03-03T01:28:10.617+0000] {logging_mixin.py:149} INFO - [2026-03-03T01:28:10.617+0000] {dag.py:2726} INFO - Sync 6 DAGs
[2026-03-03T01:28:10.633+0000] {logging_mixin.py:149} INFO - [2026-03-03T01:28:10.633+0000] {dag.py:3490} INFO - Setting next_dagrun for dataset_consumes_1 to None, run_after=None
[2026-03-03T01:28:10.636+0000] {logging_mixin.py:149} INFO - [2026-03-03T01:28:10.636+0000] {dag.py:3490} INFO - Setting next_dagrun for dataset_consumes_1_and_2 to None, run_after=None
[2026-03-03T01:28:10.637+0000] {logging_mixin.py:149} INFO - [2026-03-03T01:28:10.637+0000] {dag.py:3490} INFO - Setting next_dagrun for dataset_consumes_1_never_scheduled to None, run_after=None
[2026-03-03T01:28:10.638+0000] {logging_mixin.py:149} INFO - [2026-03-03T01:28:10.637+0000] {dag.py:3490} INFO - Setting next_dagrun for dataset_consumes_unknown_never_scheduled to None, run_after=None
[2026-03-03T01:28:10.639+0000] {logging_mixin.py:149} INFO - [2026-03-03T01:28:10.639+0000] {dag.py:3490} INFO - Setting next_dagrun for dataset_produces_1 to 2026-03-02T00:00:00+00:00, run_after=2026-03-03T00:00:00+00:00
[2026-03-03T01:28:10.640+0000] {logging_mixin.py:149} INFO - [2026-03-03T01:28:10.640+0000] {dag.py:3490} INFO - Setting next_dagrun for dataset_produces_2 to None, run_after=None
[2026-03-03T01:28:10.654+0000] {processor.py:178} INFO - Processing /home/airflow/.local/lib/python3.7/site-packages/airflow/example_dags/example_datasets.py took 0.087 seconds
[2026-03-03T01:28:41.271+0000] {processor.py:156} INFO - Started process (PID=2647) to work on /home/airflow/.local/lib/python3.7/site-packages/airflow/example_dags/example_datasets.py
[2026-03-03T01:28:41.274+0000] {processor.py:799} INFO - Processing file /home/airflow/.local/lib/python3.7/site-packages/airflow/example_dags/example_datasets.py for tasks to queue
[2026-03-03T01:28:41.276+0000] {logging_mixin.py:149} INFO - [2026-03-03T01:28:41.275+0000] {dagbag.py:541} INFO - Filling up the DagBag from /home/airflow/.local/lib/python3.7/site-packages/airflow/example_dags/example_datasets.py
[2026-03-03T01:28:41.304+0000] {processor.py:809} INFO - DAG(s) dict_keys(['dataset_consumes_unknown_never_scheduled', 'dataset_consumes_1_never_scheduled', 'dataset_produces_2', 'dataset_consumes_1_and_2', 'dataset_consumes_1', 'dataset_produces_1']) retrieved from /home/airflow/.local/lib/python3.7/site-packages/airflow/example_dags/example_datasets.py
[2026-03-03T01:28:41.418+0000] {logging_mixin.py:149} INFO - [2026-03-03T01:28:41.417+0000] {dag.py:2726} INFO - Sync 6 DAGs
[2026-03-03T01:28:41.493+0000] {logging_mixin.py:149} INFO - [2026-03-03T01:28:41.492+0000] {dag.py:3490} INFO - Setting next_dagrun for dataset_consumes_1 to None, run_after=None
[2026-03-03T01:28:41.504+0000] {logging_mixin.py:149} INFO - [2026-03-03T01:28:41.504+0000] {dag.py:3490} INFO - Setting next_dagrun for dataset_consumes_1_and_2 to None, run_after=None
[2026-03-03T01:28:41.509+0000] {logging_mixin.py:149} INFO - [2026-03-03T01:28:41.509+0000] {dag.py:3490} INFO - Setting next_dagrun for dataset_consumes_1_never_scheduled to None, run_after=None
[2026-03-03T01:28:41.515+0000] {logging_mixin.py:149} INFO - [2026-03-03T01:28:41.514+0000] {dag.py:3490} INFO - Setting next_dagrun for dataset_consumes_unknown_never_scheduled to None, run_after=None
[2026-03-03T01:28:41.522+0000] {logging_mixin.py:149} INFO - [2026-03-03T01:28:41.522+0000] {dag.py:3490} INFO - Setting next_dagrun for dataset_produces_1 to 2026-03-02T00:00:00+00:00, run_after=2026-03-03T00:00:00+00:00
[2026-03-03T01:28:41.527+0000] {logging_mixin.py:149} INFO - [2026-03-03T01:28:41.526+0000] {dag.py:3490} INFO - Setting next_dagrun for dataset_produces_2 to None, run_after=None
[2026-03-03T01:28:41.626+0000] {processor.py:178} INFO - Processing /home/airflow/.local/lib/python3.7/site-packages/airflow/example_dags/example_datasets.py took 0.363 seconds
[2026-03-03T01:29:12.563+0000] {processor.py:156} INFO - Started process (PID=2709) to work on /home/airflow/.local/lib/python3.7/site-packages/airflow/example_dags/example_datasets.py
[2026-03-03T01:29:12.565+0000] {processor.py:799} INFO - Processing file /home/airflow/.local/lib/python3.7/site-packages/airflow/example_dags/example_datasets.py for tasks to queue
[2026-03-03T01:29:12.567+0000] {logging_mixin.py:149} INFO - [2026-03-03T01:29:12.567+0000] {dagbag.py:541} INFO - Filling up the DagBag from /home/airflow/.local/lib/python3.7/site-packages/airflow/example_dags/example_datasets.py
[2026-03-03T01:29:12.577+0000] {processor.py:809} INFO - DAG(s) dict_keys(['dataset_consumes_1_never_scheduled', 'dataset_consumes_unknown_never_scheduled', 'dataset_produces_1', 'dataset_consumes_1_and_2', 'dataset_consumes_1', 'dataset_produces_2']) retrieved from /home/airflow/.local/lib/python3.7/site-packages/airflow/example_dags/example_datasets.py
[2026-03-03T01:29:12.611+0000] {logging_mixin.py:149} INFO - [2026-03-03T01:29:12.610+0000] {dag.py:2726} INFO - Sync 6 DAGs
[2026-03-03T01:29:12.630+0000] {logging_mixin.py:149} INFO - [2026-03-03T01:29:12.630+0000] {dag.py:3490} INFO - Setting next_dagrun for dataset_consumes_1 to None, run_after=None
[2026-03-03T01:29:12.632+0000] {logging_mixin.py:149} INFO - [2026-03-03T01:29:12.632+0000] {dag.py:3490} INFO - Setting next_dagrun for dataset_consumes_1_and_2 to None, run_after=None
[2026-03-03T01:29:12.633+0000] {logging_mixin.py:149} INFO - [2026-03-03T01:29:12.633+0000] {dag.py:3490} INFO - Setting next_dagrun for dataset_consumes_1_never_scheduled to None, run_after=None
[2026-03-03T01:29:12.633+0000] {logging_mixin.py:149} INFO - [2026-03-03T01:29:12.633+0000] {dag.py:3490} INFO - Setting next_dagrun for dataset_consumes_unknown_never_scheduled to None, run_after=None
[2026-03-03T01:29:12.634+0000] {logging_mixin.py:149} INFO - [2026-03-03T01:29:12.634+0000] {dag.py:3490} INFO - Setting next_dagrun for dataset_produces_1 to 2026-03-02T00:00:00+00:00, run_after=2026-03-03T00:00:00+00:00
[2026-03-03T01:29:12.635+0000] {logging_mixin.py:149} INFO - [2026-03-03T01:29:12.635+0000] {dag.py:3490} INFO - Setting next_dagrun for dataset_produces_2 to None, run_after=None
[2026-03-03T01:29:12.655+0000] {processor.py:178} INFO - Processing /home/airflow/.local/lib/python3.7/site-packages/airflow/example_dags/example_datasets.py took 0.097 seconds
[2026-03-03T01:29:43.378+0000] {processor.py:156} INFO - Started process (PID=2771) to work on /home/airflow/.local/lib/python3.7/site-packages/airflow/example_dags/example_datasets.py
[2026-03-03T01:29:43.381+0000] {processor.py:799} INFO - Processing file /home/airflow/.local/lib/python3.7/site-packages/airflow/example_dags/example_datasets.py for tasks to queue
[2026-03-03T01:29:43.384+0000] {logging_mixin.py:149} INFO - [2026-03-03T01:29:43.383+0000] {dagbag.py:541} INFO - Filling up the DagBag from /home/airflow/.local/lib/python3.7/site-packages/airflow/example_dags/example_datasets.py
[2026-03-03T01:29:43.415+0000] {processor.py:809} INFO - DAG(s) dict_keys(['dataset_consumes_1', 'dataset_produces_1', 'dataset_produces_2', 'dataset_consumes_unknown_never_scheduled', 'dataset_consumes_1_and_2', 'dataset_consumes_1_never_scheduled']) retrieved from /home/airflow/.local/lib/python3.7/site-packages/airflow/example_dags/example_datasets.py
[2026-03-03T01:29:43.541+0000] {logging_mixin.py:149} INFO - [2026-03-03T01:29:43.540+0000] {dag.py:2726} INFO - Sync 6 DAGs
[2026-03-03T01:29:43.632+0000] {logging_mixin.py:149} INFO - [2026-03-03T01:29:43.631+0000] {dag.py:3490} INFO - Setting next_dagrun for dataset_consumes_1 to None, run_after=None
[2026-03-03T01:29:43.644+0000] {logging_mixin.py:149} INFO - [2026-03-03T01:29:43.644+0000] {dag.py:3490} INFO - Setting next_dagrun for dataset_consumes_1_and_2 to None, run_after=None
[2026-03-03T01:29:43.651+0000] {logging_mixin.py:149} INFO - [2026-03-03T01:29:43.651+0000] {dag.py:3490} INFO - Setting next_dagrun for dataset_consumes_1_never_scheduled to None, run_after=None
[2026-03-03T01:29:43.655+0000] {logging_mixin.py:149} INFO - [2026-03-03T01:29:43.655+0000] {dag.py:3490} INFO - Setting next_dagrun for dataset_consumes_unknown_never_scheduled to None, run_after=None
[2026-03-03T01:29:43.663+0000] {logging_mixin.py:149} INFO - [2026-03-03T01:29:43.662+0000] {dag.py:3490} INFO - Setting next_dagrun for dataset_produces_1 to 2026-03-02T00:00:00+00:00, run_after=2026-03-03T00:00:00+00:00
[2026-03-03T01:29:43.670+0000] {logging_mixin.py:149} INFO - [2026-03-03T01:29:43.670+0000] {dag.py:3490} INFO - Setting next_dagrun for dataset_produces_2 to None, run_after=None
[2026-03-03T01:29:43.784+0000] {processor.py:178} INFO - Processing /home/airflow/.local/lib/python3.7/site-packages/airflow/example_dags/example_datasets.py took 0.415 seconds
[2026-03-03T01:30:14.092+0000] {processor.py:156} INFO - Started process (PID=2832) to work on /home/airflow/.local/lib/python3.7/site-packages/airflow/example_dags/example_datasets.py
[2026-03-03T01:30:14.097+0000] {processor.py:799} INFO - Processing file /home/airflow/.local/lib/python3.7/site-packages/airflow/example_dags/example_datasets.py for tasks to queue
[2026-03-03T01:30:14.100+0000] {logging_mixin.py:149} INFO - [2026-03-03T01:30:14.099+0000] {dagbag.py:541} INFO - Filling up the DagBag from /home/airflow/.local/lib/python3.7/site-packages/airflow/example_dags/example_datasets.py
[2026-03-03T01:30:14.128+0000] {processor.py:809} INFO - DAG(s) dict_keys(['dataset_consumes_unknown_never_scheduled', 'dataset_consumes_1_never_scheduled', 'dataset_produces_1', 'dataset_consumes_1', 'dataset_produces_2', 'dataset_consumes_1_and_2']) retrieved from /home/airflow/.local/lib/python3.7/site-packages/airflow/example_dags/example_datasets.py
[2026-03-03T01:30:14.251+0000] {logging_mixin.py:149} INFO - [2026-03-03T01:30:14.251+0000] {dag.py:2726} INFO - Sync 6 DAGs
[2026-03-03T01:30:14.336+0000] {logging_mixin.py:149} INFO - [2026-03-03T01:30:14.335+0000] {dag.py:3490} INFO - Setting next_dagrun for dataset_consumes_1 to None, run_after=None
[2026-03-03T01:30:14.346+0000] {logging_mixin.py:149} INFO - [2026-03-03T01:30:14.346+0000] {dag.py:3490} INFO - Setting next_dagrun for dataset_consumes_1_and_2 to None, run_after=None
[2026-03-03T01:30:14.352+0000] {logging_mixin.py:149} INFO - [2026-03-03T01:30:14.351+0000] {dag.py:3490} INFO - Setting next_dagrun for dataset_consumes_1_never_scheduled to None, run_after=None
[2026-03-03T01:30:14.356+0000] {logging_mixin.py:149} INFO - [2026-03-03T01:30:14.356+0000] {dag.py:3490} INFO - Setting next_dagrun for dataset_consumes_unknown_never_scheduled to None, run_after=None
[2026-03-03T01:30:14.363+0000] {logging_mixin.py:149} INFO - [2026-03-03T01:30:14.362+0000] {dag.py:3490} INFO - Setting next_dagrun for dataset_produces_1 to 2026-03-02T00:00:00+00:00, run_after=2026-03-03T00:00:00+00:00
[2026-03-03T01:30:14.369+0000] {logging_mixin.py:149} INFO - [2026-03-03T01:30:14.369+0000] {dag.py:3490} INFO - Setting next_dagrun for dataset_produces_2 to None, run_after=None
[2026-03-03T01:30:14.480+0000] {processor.py:178} INFO - Processing /home/airflow/.local/lib/python3.7/site-packages/airflow/example_dags/example_datasets.py took 0.396 seconds
[2026-03-03T01:30:44.852+0000] {processor.py:156} INFO - Started process (PID=2900) to work on /home/airflow/.local/lib/python3.7/site-packages/airflow/example_dags/example_datasets.py
[2026-03-03T01:30:44.853+0000] {processor.py:799} INFO - Processing file /home/airflow/.local/lib/python3.7/site-packages/airflow/example_dags/example_datasets.py for tasks to queue
[2026-03-03T01:30:44.854+0000] {logging_mixin.py:149} INFO - [2026-03-03T01:30:44.854+0000] {dagbag.py:541} INFO - Filling up the DagBag from /home/airflow/.local/lib/python3.7/site-packages/airflow/example_dags/example_datasets.py
[2026-03-03T01:30:44.863+0000] {processor.py:809} INFO - DAG(s) dict_keys(['dataset_consumes_unknown_never_scheduled', 'dataset_produces_1', 'dataset_consumes_1', 'dataset_produces_2', 'dataset_consumes_1_and_2', 'dataset_consumes_1_never_scheduled']) retrieved from /home/airflow/.local/lib/python3.7/site-packages/airflow/example_dags/example_datasets.py
[2026-03-03T01:30:44.910+0000] {logging_mixin.py:149} INFO - [2026-03-03T01:30:44.910+0000] {dag.py:2726} INFO - Sync 6 DAGs
[2026-03-03T01:30:44.932+0000] {logging_mixin.py:149} INFO - [2026-03-03T01:30:44.932+0000] {dag.py:3490} INFO - Setting next_dagrun for dataset_consumes_1 to None, run_after=None
[2026-03-03T01:30:44.938+0000] {logging_mixin.py:149} INFO - [2026-03-03T01:30:44.938+0000] {dag.py:3490} INFO - Setting next_dagrun for dataset_consumes_1_and_2 to None, run_after=None
[2026-03-03T01:30:44.941+0000] {logging_mixin.py:149} INFO - [2026-03-03T01:30:44.941+0000] {dag.py:3490} INFO - Setting next_dagrun for dataset_consumes_1_never_scheduled to None, run_after=None
[2026-03-03T01:30:44.944+0000] {logging_mixin.py:149} INFO - [2026-03-03T01:30:44.944+0000] {dag.py:3490} INFO - Setting next_dagrun for dataset_consumes_unknown_never_scheduled to None, run_after=None
[2026-03-03T01:30:44.945+0000] {logging_mixin.py:149} INFO - [2026-03-03T01:30:44.945+0000] {dag.py:3490} INFO - Setting next_dagrun for dataset_produces_1 to 2026-03-02T00:00:00+00:00, run_after=2026-03-03T00:00:00+00:00
[2026-03-03T01:30:44.946+0000] {logging_mixin.py:149} INFO - [2026-03-03T01:30:44.946+0000] {dag.py:3490} INFO - Setting next_dagrun for dataset_produces_2 to None, run_after=None
[2026-03-03T01:30:44.982+0000] {processor.py:178} INFO - Processing /home/airflow/.local/lib/python3.7/site-packages/airflow/example_dags/example_datasets.py took 0.134 seconds
[2026-03-03T01:31:15.442+0000] {processor.py:156} INFO - Started process (PID=2963) to work on /home/airflow/.local/lib/python3.7/site-packages/airflow/example_dags/example_datasets.py
[2026-03-03T01:31:15.443+0000] {processor.py:799} INFO - Processing file /home/airflow/.local/lib/python3.7/site-packages/airflow/example_dags/example_datasets.py for tasks to queue
[2026-03-03T01:31:15.444+0000] {logging_mixin.py:149} INFO - [2026-03-03T01:31:15.444+0000] {dagbag.py:541} INFO - Filling up the DagBag from /home/airflow/.local/lib/python3.7/site-packages/airflow/example_dags/example_datasets.py
[2026-03-03T01:31:15.454+0000] {processor.py:809} INFO - DAG(s) dict_keys(['dataset_consumes_unknown_never_scheduled', 'dataset_produces_1', 'dataset_consumes_1_never_scheduled', 'dataset_consumes_1_and_2', 'dataset_consumes_1', 'dataset_produces_2']) retrieved from /home/airflow/.local/lib/python3.7/site-packages/airflow/example_dags/example_datasets.py
[2026-03-03T01:31:15.490+0000] {logging_mixin.py:149} INFO - [2026-03-03T01:31:15.490+0000] {dag.py:2726} INFO - Sync 6 DAGs
[2026-03-03T01:31:15.509+0000] {logging_mixin.py:149} INFO - [2026-03-03T01:31:15.509+0000] {dag.py:3490} INFO - Setting next_dagrun for dataset_consumes_1 to None, run_after=None
[2026-03-03T01:31:15.512+0000] {logging_mixin.py:149} INFO - [2026-03-03T01:31:15.512+0000] {dag.py:3490} INFO - Setting next_dagrun for dataset_consumes_1_and_2 to None, run_after=None
[2026-03-03T01:31:15.515+0000] {logging_mixin.py:149} INFO - [2026-03-03T01:31:15.514+0000] {dag.py:3490} INFO - Setting next_dagrun for dataset_consumes_1_never_scheduled to None, run_after=None
[2026-03-03T01:31:15.515+0000] {logging_mixin.py:149} INFO - [2026-03-03T01:31:15.515+0000] {dag.py:3490} INFO - Setting next_dagrun for dataset_consumes_unknown_never_scheduled to None, run_after=None
[2026-03-03T01:31:15.517+0000] {logging_mixin.py:149} INFO - [2026-03-03T01:31:15.517+0000] {dag.py:3490} INFO - Setting next_dagrun for dataset_produces_1 to 2026-03-02T00:00:00+00:00, run_after=2026-03-03T00:00:00+00:00
[2026-03-03T01:31:15.517+0000] {logging_mixin.py:149} INFO - [2026-03-03T01:31:15.517+0000] {dag.py:3490} INFO - Setting next_dagrun for dataset_produces_2 to None, run_after=None
[2026-03-03T01:31:15.540+0000] {processor.py:178} INFO - Processing /home/airflow/.local/lib/python3.7/site-packages/airflow/example_dags/example_datasets.py took 0.102 seconds
[2026-03-03T02:20:48.071+0000] {processor.py:156} INFO - Started process (PID=68) to work on /home/airflow/.local/lib/python3.7/site-packages/airflow/example_dags/example_datasets.py
[2026-03-03T02:20:48.074+0000] {processor.py:799} INFO - Processing file /home/airflow/.local/lib/python3.7/site-packages/airflow/example_dags/example_datasets.py for tasks to queue
[2026-03-03T02:20:48.078+0000] {logging_mixin.py:149} INFO - [2026-03-03T02:20:48.078+0000] {dagbag.py:541} INFO - Filling up the DagBag from /home/airflow/.local/lib/python3.7/site-packages/airflow/example_dags/example_datasets.py
[2026-03-03T02:20:48.106+0000] {processor.py:809} INFO - DAG(s) dict_keys(['dataset_consumes_1_never_scheduled', 'dataset_consumes_1_and_2', 'dataset_produces_2', 'dataset_consumes_unknown_never_scheduled', 'dataset_consumes_1', 'dataset_produces_1']) retrieved from /home/airflow/.local/lib/python3.7/site-packages/airflow/example_dags/example_datasets.py
[2026-03-03T02:20:48.153+0000] {logging_mixin.py:149} INFO - [2026-03-03T02:20:48.152+0000] {dag.py:2726} INFO - Sync 6 DAGs
[2026-03-03T02:20:48.231+0000] {logging_mixin.py:149} INFO - [2026-03-03T02:20:48.231+0000] {dag.py:3490} INFO - Setting next_dagrun for dataset_consumes_1 to None, run_after=None
[2026-03-03T02:20:48.245+0000] {logging_mixin.py:149} INFO - [2026-03-03T02:20:48.245+0000] {dag.py:3490} INFO - Setting next_dagrun for dataset_consumes_1_and_2 to None, run_after=None
[2026-03-03T02:20:48.249+0000] {logging_mixin.py:149} INFO - [2026-03-03T02:20:48.249+0000] {dag.py:3490} INFO - Setting next_dagrun for dataset_consumes_1_never_scheduled to None, run_after=None
[2026-03-03T02:20:48.257+0000] {logging_mixin.py:149} INFO - [2026-03-03T02:20:48.257+0000] {dag.py:3490} INFO - Setting next_dagrun for dataset_consumes_unknown_never_scheduled to None, run_after=None
[2026-03-03T02:20:48.265+0000] {logging_mixin.py:149} INFO - [2026-03-03T02:20:48.264+0000] {dag.py:3490} INFO - Setting next_dagrun for dataset_produces_1 to 2026-03-02T00:00:00+00:00, run_after=2026-03-03T00:00:00+00:00
[2026-03-03T02:20:48.270+0000] {logging_mixin.py:149} INFO - [2026-03-03T02:20:48.270+0000] {dag.py:3490} INFO - Setting next_dagrun for dataset_produces_2 to None, run_after=None
[2026-03-03T02:20:48.387+0000] {processor.py:178} INFO - Processing /home/airflow/.local/lib/python3.7/site-packages/airflow/example_dags/example_datasets.py took 0.323 seconds
[2026-03-03T02:21:19.097+0000] {processor.py:156} INFO - Started process (PID=136) to work on /home/airflow/.local/lib/python3.7/site-packages/airflow/example_dags/example_datasets.py
[2026-03-03T02:21:19.098+0000] {processor.py:799} INFO - Processing file /home/airflow/.local/lib/python3.7/site-packages/airflow/example_dags/example_datasets.py for tasks to queue
[2026-03-03T02:21:19.099+0000] {logging_mixin.py:149} INFO - [2026-03-03T02:21:19.098+0000] {dagbag.py:541} INFO - Filling up the DagBag from /home/airflow/.local/lib/python3.7/site-packages/airflow/example_dags/example_datasets.py
[2026-03-03T02:21:19.110+0000] {processor.py:809} INFO - DAG(s) dict_keys(['dataset_consumes_unknown_never_scheduled', 'dataset_consumes_1', 'dataset_produces_1', 'dataset_consumes_1_never_scheduled', 'dataset_consumes_1_and_2', 'dataset_produces_2']) retrieved from /home/airflow/.local/lib/python3.7/site-packages/airflow/example_dags/example_datasets.py
[2026-03-03T02:21:19.177+0000] {logging_mixin.py:149} INFO - [2026-03-03T02:21:19.177+0000] {dag.py:2726} INFO - Sync 6 DAGs
[2026-03-03T02:21:19.189+0000] {logging_mixin.py:149} INFO - [2026-03-03T02:21:19.189+0000] {dag.py:3490} INFO - Setting next_dagrun for dataset_consumes_1 to None, run_after=None
[2026-03-03T02:21:19.191+0000] {logging_mixin.py:149} INFO - [2026-03-03T02:21:19.191+0000] {dag.py:3490} INFO - Setting next_dagrun for dataset_consumes_1_and_2 to None, run_after=None
[2026-03-03T02:21:19.191+0000] {logging_mixin.py:149} INFO - [2026-03-03T02:21:19.191+0000] {dag.py:3490} INFO - Setting next_dagrun for dataset_consumes_1_never_scheduled to None, run_after=None
[2026-03-03T02:21:19.191+0000] {logging_mixin.py:149} INFO - [2026-03-03T02:21:19.191+0000] {dag.py:3490} INFO - Setting next_dagrun for dataset_consumes_unknown_never_scheduled to None, run_after=None
[2026-03-03T02:21:19.192+0000] {logging_mixin.py:149} INFO - [2026-03-03T02:21:19.192+0000] {dag.py:3490} INFO - Setting next_dagrun for dataset_produces_1 to 2026-03-02T00:00:00+00:00, run_after=2026-03-03T00:00:00+00:00
[2026-03-03T02:21:19.193+0000] {logging_mixin.py:149} INFO - [2026-03-03T02:21:19.193+0000] {dag.py:3490} INFO - Setting next_dagrun for dataset_produces_2 to None, run_after=None
[2026-03-03T02:21:19.209+0000] {processor.py:178} INFO - Processing /home/airflow/.local/lib/python3.7/site-packages/airflow/example_dags/example_datasets.py took 0.115 seconds
[2026-03-03T02:21:49.259+0000] {processor.py:156} INFO - Started process (PID=200) to work on /home/airflow/.local/lib/python3.7/site-packages/airflow/example_dags/example_datasets.py
[2026-03-03T02:21:49.260+0000] {processor.py:799} INFO - Processing file /home/airflow/.local/lib/python3.7/site-packages/airflow/example_dags/example_datasets.py for tasks to queue
[2026-03-03T02:21:49.261+0000] {logging_mixin.py:149} INFO - [2026-03-03T02:21:49.261+0000] {dagbag.py:541} INFO - Filling up the DagBag from /home/airflow/.local/lib/python3.7/site-packages/airflow/example_dags/example_datasets.py
[2026-03-03T02:21:49.267+0000] {processor.py:809} INFO - DAG(s) dict_keys(['dataset_produces_2', 'dataset_consumes_1_and_2', 'dataset_consumes_1', 'dataset_consumes_unknown_never_scheduled', 'dataset_produces_1', 'dataset_consumes_1_never_scheduled']) retrieved from /home/airflow/.local/lib/python3.7/site-packages/airflow/example_dags/example_datasets.py
[2026-03-03T02:21:49.301+0000] {logging_mixin.py:149} INFO - [2026-03-03T02:21:49.301+0000] {dag.py:2726} INFO - Sync 6 DAGs
[2026-03-03T02:21:49.324+0000] {logging_mixin.py:149} INFO - [2026-03-03T02:21:49.324+0000] {dag.py:3490} INFO - Setting next_dagrun for dataset_consumes_1 to None, run_after=None
[2026-03-03T02:21:49.326+0000] {logging_mixin.py:149} INFO - [2026-03-03T02:21:49.326+0000] {dag.py:3490} INFO - Setting next_dagrun for dataset_consumes_1_and_2 to None, run_after=None
[2026-03-03T02:21:49.327+0000] {logging_mixin.py:149} INFO - [2026-03-03T02:21:49.327+0000] {dag.py:3490} INFO - Setting next_dagrun for dataset_consumes_1_never_scheduled to None, run_after=None
[2026-03-03T02:21:49.327+0000] {logging_mixin.py:149} INFO - [2026-03-03T02:21:49.327+0000] {dag.py:3490} INFO - Setting next_dagrun for dataset_consumes_unknown_never_scheduled to None, run_after=None
[2026-03-03T02:21:49.328+0000] {logging_mixin.py:149} INFO - [2026-03-03T02:21:49.328+0000] {dag.py:3490} INFO - Setting next_dagrun for dataset_produces_1 to 2026-03-02T00:00:00+00:00, run_after=2026-03-03T00:00:00+00:00
[2026-03-03T02:21:49.329+0000] {logging_mixin.py:149} INFO - [2026-03-03T02:21:49.329+0000] {dag.py:3490} INFO - Setting next_dagrun for dataset_produces_2 to None, run_after=None
[2026-03-03T02:21:49.351+0000] {processor.py:178} INFO - Processing /home/airflow/.local/lib/python3.7/site-packages/airflow/example_dags/example_datasets.py took 0.096 seconds
[2026-03-03T02:22:19.394+0000] {processor.py:156} INFO - Started process (PID=270) to work on /home/airflow/.local/lib/python3.7/site-packages/airflow/example_dags/example_datasets.py
[2026-03-03T02:22:19.394+0000] {processor.py:799} INFO - Processing file /home/airflow/.local/lib/python3.7/site-packages/airflow/example_dags/example_datasets.py for tasks to queue
[2026-03-03T02:22:19.394+0000] {logging_mixin.py:149} INFO - [2026-03-03T02:22:19.394+0000] {dagbag.py:541} INFO - Filling up the DagBag from /home/airflow/.local/lib/python3.7/site-packages/airflow/example_dags/example_datasets.py
[2026-03-03T02:22:19.398+0000] {processor.py:809} INFO - DAG(s) dict_keys(['dataset_consumes_1_never_scheduled', 'dataset_consumes_1_and_2', 'dataset_consumes_unknown_never_scheduled', 'dataset_produces_2', 'dataset_consumes_1', 'dataset_produces_1']) retrieved from /home/airflow/.local/lib/python3.7/site-packages/airflow/example_dags/example_datasets.py
[2026-03-03T02:22:19.426+0000] {logging_mixin.py:149} INFO - [2026-03-03T02:22:19.426+0000] {dag.py:2726} INFO - Sync 6 DAGs
[2026-03-03T02:22:19.440+0000] {logging_mixin.py:149} INFO - [2026-03-03T02:22:19.440+0000] {dag.py:3490} INFO - Setting next_dagrun for dataset_consumes_1 to None, run_after=None
[2026-03-03T02:22:19.443+0000] {logging_mixin.py:149} INFO - [2026-03-03T02:22:19.443+0000] {dag.py:3490} INFO - Setting next_dagrun for dataset_consumes_1_and_2 to None, run_after=None
[2026-03-03T02:22:19.444+0000] {logging_mixin.py:149} INFO - [2026-03-03T02:22:19.444+0000] {dag.py:3490} INFO - Setting next_dagrun for dataset_consumes_1_never_scheduled to None, run_after=None
[2026-03-03T02:22:19.446+0000] {logging_mixin.py:149} INFO - [2026-03-03T02:22:19.446+0000] {dag.py:3490} INFO - Setting next_dagrun for dataset_consumes_unknown_never_scheduled to None, run_after=None
[2026-03-03T02:22:19.447+0000] {logging_mixin.py:149} INFO - [2026-03-03T02:22:19.447+0000] {dag.py:3490} INFO - Setting next_dagrun for dataset_produces_1 to 2026-03-02T00:00:00+00:00, run_after=2026-03-03T00:00:00+00:00
[2026-03-03T02:22:19.448+0000] {logging_mixin.py:149} INFO - [2026-03-03T02:22:19.448+0000] {dag.py:3490} INFO - Setting next_dagrun for dataset_produces_2 to None, run_after=None
[2026-03-03T02:22:19.460+0000] {processor.py:178} INFO - Processing /home/airflow/.local/lib/python3.7/site-packages/airflow/example_dags/example_datasets.py took 0.068 seconds
[2026-03-03T02:22:49.521+0000] {processor.py:156} INFO - Started process (PID=340) to work on /home/airflow/.local/lib/python3.7/site-packages/airflow/example_dags/example_datasets.py
[2026-03-03T02:22:49.522+0000] {processor.py:799} INFO - Processing file /home/airflow/.local/lib/python3.7/site-packages/airflow/example_dags/example_datasets.py for tasks to queue
[2026-03-03T02:22:49.522+0000] {logging_mixin.py:149} INFO - [2026-03-03T02:22:49.522+0000] {dagbag.py:541} INFO - Filling up the DagBag from /home/airflow/.local/lib/python3.7/site-packages/airflow/example_dags/example_datasets.py
[2026-03-03T02:22:49.526+0000] {processor.py:809} INFO - DAG(s) dict_keys(['dataset_consumes_1_never_scheduled', 'dataset_consumes_1_and_2', 'dataset_produces_1', 'dataset_consumes_unknown_never_scheduled', 'dataset_consumes_1', 'dataset_produces_2']) retrieved from /home/airflow/.local/lib/python3.7/site-packages/airflow/example_dags/example_datasets.py
[2026-03-03T02:22:49.541+0000] {logging_mixin.py:149} INFO - [2026-03-03T02:22:49.541+0000] {dag.py:2726} INFO - Sync 6 DAGs
[2026-03-03T02:22:49.552+0000] {logging_mixin.py:149} INFO - [2026-03-03T02:22:49.552+0000] {dag.py:3490} INFO - Setting next_dagrun for dataset_consumes_1 to None, run_after=None
[2026-03-03T02:22:49.554+0000] {logging_mixin.py:149} INFO - [2026-03-03T02:22:49.553+0000] {dag.py:3490} INFO - Setting next_dagrun for dataset_consumes_1_and_2 to None, run_after=None
[2026-03-03T02:22:49.554+0000] {logging_mixin.py:149} INFO - [2026-03-03T02:22:49.554+0000] {dag.py:3490} INFO - Setting next_dagrun for dataset_consumes_1_never_scheduled to None, run_after=None
[2026-03-03T02:22:49.555+0000] {logging_mixin.py:149} INFO - [2026-03-03T02:22:49.554+0000] {dag.py:3490} INFO - Setting next_dagrun for dataset_consumes_unknown_never_scheduled to None, run_after=None
[2026-03-03T02:22:49.556+0000] {logging_mixin.py:149} INFO - [2026-03-03T02:22:49.556+0000] {dag.py:3490} INFO - Setting next_dagrun for dataset_produces_1 to 2026-03-02T00:00:00+00:00, run_after=2026-03-03T00:00:00+00:00
[2026-03-03T02:22:49.556+0000] {logging_mixin.py:149} INFO - [2026-03-03T02:22:49.556+0000] {dag.py:3490} INFO - Setting next_dagrun for dataset_produces_2 to None, run_after=None
[2026-03-03T02:22:49.568+0000] {processor.py:178} INFO - Processing /home/airflow/.local/lib/python3.7/site-packages/airflow/example_dags/example_datasets.py took 0.049 seconds
[2026-03-03T02:23:19.610+0000] {processor.py:156} INFO - Started process (PID=409) to work on /home/airflow/.local/lib/python3.7/site-packages/airflow/example_dags/example_datasets.py
[2026-03-03T02:23:19.611+0000] {processor.py:799} INFO - Processing file /home/airflow/.local/lib/python3.7/site-packages/airflow/example_dags/example_datasets.py for tasks to queue
[2026-03-03T02:23:19.611+0000] {logging_mixin.py:149} INFO - [2026-03-03T02:23:19.611+0000] {dagbag.py:541} INFO - Filling up the DagBag from /home/airflow/.local/lib/python3.7/site-packages/airflow/example_dags/example_datasets.py
[2026-03-03T02:23:19.615+0000] {processor.py:809} INFO - DAG(s) dict_keys(['dataset_produces_2', 'dataset_consumes_1', 'dataset_consumes_unknown_never_scheduled', 'dataset_produces_1', 'dataset_consumes_1_never_scheduled', 'dataset_consumes_1_and_2']) retrieved from /home/airflow/.local/lib/python3.7/site-packages/airflow/example_dags/example_datasets.py
[2026-03-03T02:23:19.630+0000] {logging_mixin.py:149} INFO - [2026-03-03T02:23:19.630+0000] {dag.py:2726} INFO - Sync 6 DAGs
[2026-03-03T02:23:19.641+0000] {logging_mixin.py:149} INFO - [2026-03-03T02:23:19.641+0000] {dag.py:3490} INFO - Setting next_dagrun for dataset_consumes_1 to None, run_after=None
[2026-03-03T02:23:19.642+0000] {logging_mixin.py:149} INFO - [2026-03-03T02:23:19.642+0000] {dag.py:3490} INFO - Setting next_dagrun for dataset_consumes_1_and_2 to None, run_after=None
[2026-03-03T02:23:19.643+0000] {logging_mixin.py:149} INFO - [2026-03-03T02:23:19.643+0000] {dag.py:3490} INFO - Setting next_dagrun for dataset_consumes_1_never_scheduled to None, run_after=None
[2026-03-03T02:23:19.643+0000] {logging_mixin.py:149} INFO - [2026-03-03T02:23:19.643+0000] {dag.py:3490} INFO - Setting next_dagrun for dataset_consumes_unknown_never_scheduled to None, run_after=None
[2026-03-03T02:23:19.644+0000] {logging_mixin.py:149} INFO - [2026-03-03T02:23:19.644+0000] {dag.py:3490} INFO - Setting next_dagrun for dataset_produces_1 to 2026-03-02T00:00:00+00:00, run_after=2026-03-03T00:00:00+00:00
[2026-03-03T02:23:19.645+0000] {logging_mixin.py:149} INFO - [2026-03-03T02:23:19.645+0000] {dag.py:3490} INFO - Setting next_dagrun for dataset_produces_2 to None, run_after=None
[2026-03-03T02:23:19.657+0000] {processor.py:178} INFO - Processing /home/airflow/.local/lib/python3.7/site-packages/airflow/example_dags/example_datasets.py took 0.048 seconds
[2026-03-03T02:23:50.117+0000] {processor.py:156} INFO - Started process (PID=488) to work on /home/airflow/.local/lib/python3.7/site-packages/airflow/example_dags/example_datasets.py
[2026-03-03T02:23:50.118+0000] {processor.py:799} INFO - Processing file /home/airflow/.local/lib/python3.7/site-packages/airflow/example_dags/example_datasets.py for tasks to queue
[2026-03-03T02:23:50.119+0000] {logging_mixin.py:149} INFO - [2026-03-03T02:23:50.119+0000] {dagbag.py:541} INFO - Filling up the DagBag from /home/airflow/.local/lib/python3.7/site-packages/airflow/example_dags/example_datasets.py
[2026-03-03T02:23:50.128+0000] {processor.py:809} INFO - DAG(s) dict_keys(['dataset_produces_1', 'dataset_consumes_1_never_scheduled', 'dataset_consumes_1_and_2', 'dataset_produces_2', 'dataset_consumes_unknown_never_scheduled', 'dataset_consumes_1']) retrieved from /home/airflow/.local/lib/python3.7/site-packages/airflow/example_dags/example_datasets.py
[2026-03-03T02:23:50.159+0000] {logging_mixin.py:149} INFO - [2026-03-03T02:23:50.159+0000] {dag.py:2726} INFO - Sync 6 DAGs
[2026-03-03T02:23:50.176+0000] {logging_mixin.py:149} INFO - [2026-03-03T02:23:50.175+0000] {dag.py:3490} INFO - Setting next_dagrun for dataset_consumes_1 to None, run_after=None
[2026-03-03T02:23:50.179+0000] {logging_mixin.py:149} INFO - [2026-03-03T02:23:50.179+0000] {dag.py:3490} INFO - Setting next_dagrun for dataset_consumes_1_and_2 to None, run_after=None
[2026-03-03T02:23:50.180+0000] {logging_mixin.py:149} INFO - [2026-03-03T02:23:50.180+0000] {dag.py:3490} INFO - Setting next_dagrun for dataset_consumes_1_never_scheduled to None, run_after=None
[2026-03-03T02:23:50.181+0000] {logging_mixin.py:149} INFO - [2026-03-03T02:23:50.181+0000] {dag.py:3490} INFO - Setting next_dagrun for dataset_consumes_unknown_never_scheduled to None, run_after=None
[2026-03-03T02:23:50.184+0000] {logging_mixin.py:149} INFO - [2026-03-03T02:23:50.183+0000] {dag.py:3490} INFO - Setting next_dagrun for dataset_produces_1 to 2026-03-02T00:00:00+00:00, run_after=2026-03-03T00:00:00+00:00
[2026-03-03T02:23:50.184+0000] {logging_mixin.py:149} INFO - [2026-03-03T02:23:50.184+0000] {dag.py:3490} INFO - Setting next_dagrun for dataset_produces_2 to None, run_after=None
[2026-03-03T02:23:50.206+0000] {processor.py:178} INFO - Processing /home/airflow/.local/lib/python3.7/site-packages/airflow/example_dags/example_datasets.py took 0.093 seconds
[2026-03-03T02:24:20.857+0000] {processor.py:156} INFO - Started process (PID=551) to work on /home/airflow/.local/lib/python3.7/site-packages/airflow/example_dags/example_datasets.py
[2026-03-03T02:24:20.860+0000] {processor.py:799} INFO - Processing file /home/airflow/.local/lib/python3.7/site-packages/airflow/example_dags/example_datasets.py for tasks to queue
[2026-03-03T02:24:20.860+0000] {logging_mixin.py:149} INFO - [2026-03-03T02:24:20.860+0000] {dagbag.py:541} INFO - Filling up the DagBag from /home/airflow/.local/lib/python3.7/site-packages/airflow/example_dags/example_datasets.py
[2026-03-03T02:24:20.868+0000] {processor.py:809} INFO - DAG(s) dict_keys(['dataset_produces_2', 'dataset_consumes_unknown_never_scheduled', 'dataset_consumes_1_never_scheduled', 'dataset_consumes_1', 'dataset_consumes_1_and_2', 'dataset_produces_1']) retrieved from /home/airflow/.local/lib/python3.7/site-packages/airflow/example_dags/example_datasets.py
[2026-03-03T02:24:20.894+0000] {logging_mixin.py:149} INFO - [2026-03-03T02:24:20.894+0000] {dag.py:2726} INFO - Sync 6 DAGs
[2026-03-03T02:24:20.914+0000] {logging_mixin.py:149} INFO - [2026-03-03T02:24:20.914+0000] {dag.py:3490} INFO - Setting next_dagrun for dataset_consumes_1 to None, run_after=None
[2026-03-03T02:24:20.917+0000] {logging_mixin.py:149} INFO - [2026-03-03T02:24:20.917+0000] {dag.py:3490} INFO - Setting next_dagrun for dataset_consumes_1_and_2 to None, run_after=None
[2026-03-03T02:24:20.918+0000] {logging_mixin.py:149} INFO - [2026-03-03T02:24:20.918+0000] {dag.py:3490} INFO - Setting next_dagrun for dataset_consumes_1_never_scheduled to None, run_after=None
[2026-03-03T02:24:20.921+0000] {logging_mixin.py:149} INFO - [2026-03-03T02:24:20.921+0000] {dag.py:3490} INFO - Setting next_dagrun for dataset_consumes_unknown_never_scheduled to None, run_after=None
[2026-03-03T02:24:20.922+0000] {logging_mixin.py:149} INFO - [2026-03-03T02:24:20.922+0000] {dag.py:3490} INFO - Setting next_dagrun for dataset_produces_1 to 2026-03-02T00:00:00+00:00, run_after=2026-03-03T00:00:00+00:00
[2026-03-03T02:24:20.923+0000] {logging_mixin.py:149} INFO - [2026-03-03T02:24:20.923+0000] {dag.py:3490} INFO - Setting next_dagrun for dataset_produces_2 to None, run_after=None
[2026-03-03T02:24:20.944+0000] {processor.py:178} INFO - Processing /home/airflow/.local/lib/python3.7/site-packages/airflow/example_dags/example_datasets.py took 0.091 seconds
[2026-03-03T02:24:50.968+0000] {processor.py:156} INFO - Started process (PID=615) to work on /home/airflow/.local/lib/python3.7/site-packages/airflow/example_dags/example_datasets.py
[2026-03-03T02:24:50.969+0000] {processor.py:799} INFO - Processing file /home/airflow/.local/lib/python3.7/site-packages/airflow/example_dags/example_datasets.py for tasks to queue
[2026-03-03T02:24:50.969+0000] {logging_mixin.py:149} INFO - [2026-03-03T02:24:50.969+0000] {dagbag.py:541} INFO - Filling up the DagBag from /home/airflow/.local/lib/python3.7/site-packages/airflow/example_dags/example_datasets.py
[2026-03-03T02:24:50.973+0000] {processor.py:809} INFO - DAG(s) dict_keys(['dataset_consumes_1_and_2', 'dataset_consumes_1', 'dataset_produces_2', 'dataset_consumes_unknown_never_scheduled', 'dataset_consumes_1_never_scheduled', 'dataset_produces_1']) retrieved from /home/airflow/.local/lib/python3.7/site-packages/airflow/example_dags/example_datasets.py
[2026-03-03T02:24:50.990+0000] {logging_mixin.py:149} INFO - [2026-03-03T02:24:50.990+0000] {dag.py:2726} INFO - Sync 6 DAGs
[2026-03-03T02:24:51.001+0000] {logging_mixin.py:149} INFO - [2026-03-03T02:24:51.001+0000] {dag.py:3490} INFO - Setting next_dagrun for dataset_consumes_1 to None, run_after=None
[2026-03-03T02:24:51.003+0000] {logging_mixin.py:149} INFO - [2026-03-03T02:24:51.003+0000] {dag.py:3490} INFO - Setting next_dagrun for dataset_consumes_1_and_2 to None, run_after=None
[2026-03-03T02:24:51.003+0000] {logging_mixin.py:149} INFO - [2026-03-03T02:24:51.003+0000] {dag.py:3490} INFO - Setting next_dagrun for dataset_consumes_1_never_scheduled to None, run_after=None
[2026-03-03T02:24:51.004+0000] {logging_mixin.py:149} INFO - [2026-03-03T02:24:51.004+0000] {dag.py:3490} INFO - Setting next_dagrun for dataset_consumes_unknown_never_scheduled to None, run_after=None
[2026-03-03T02:24:51.005+0000] {logging_mixin.py:149} INFO - [2026-03-03T02:24:51.005+0000] {dag.py:3490} INFO - Setting next_dagrun for dataset_produces_1 to 2026-03-02T00:00:00+00:00, run_after=2026-03-03T00:00:00+00:00
[2026-03-03T02:24:51.005+0000] {logging_mixin.py:149} INFO - [2026-03-03T02:24:51.005+0000] {dag.py:3490} INFO - Setting next_dagrun for dataset_produces_2 to None, run_after=None
[2026-03-03T02:24:51.018+0000] {processor.py:178} INFO - Processing /home/airflow/.local/lib/python3.7/site-packages/airflow/example_dags/example_datasets.py took 0.052 seconds
[2026-03-03T02:25:21.947+0000] {processor.py:156} INFO - Started process (PID=677) to work on /home/airflow/.local/lib/python3.7/site-packages/airflow/example_dags/example_datasets.py
[2026-03-03T02:25:21.947+0000] {processor.py:799} INFO - Processing file /home/airflow/.local/lib/python3.7/site-packages/airflow/example_dags/example_datasets.py for tasks to queue
[2026-03-03T02:25:21.948+0000] {logging_mixin.py:149} INFO - [2026-03-03T02:25:21.948+0000] {dagbag.py:541} INFO - Filling up the DagBag from /home/airflow/.local/lib/python3.7/site-packages/airflow/example_dags/example_datasets.py
[2026-03-03T02:25:21.953+0000] {processor.py:809} INFO - DAG(s) dict_keys(['dataset_consumes_1', 'dataset_consumes_1_never_scheduled', 'dataset_consumes_1_and_2', 'dataset_produces_2', 'dataset_consumes_unknown_never_scheduled', 'dataset_produces_1']) retrieved from /home/airflow/.local/lib/python3.7/site-packages/airflow/example_dags/example_datasets.py
[2026-03-03T02:25:21.973+0000] {logging_mixin.py:149} INFO - [2026-03-03T02:25:21.973+0000] {dag.py:2726} INFO - Sync 6 DAGs
[2026-03-03T02:25:21.986+0000] {logging_mixin.py:149} INFO - [2026-03-03T02:25:21.985+0000] {dag.py:3490} INFO - Setting next_dagrun for dataset_consumes_1 to None, run_after=None
[2026-03-03T02:25:21.987+0000] {logging_mixin.py:149} INFO - [2026-03-03T02:25:21.987+0000] {dag.py:3490} INFO - Setting next_dagrun for dataset_consumes_1_and_2 to None, run_after=None
[2026-03-03T02:25:21.987+0000] {logging_mixin.py:149} INFO - [2026-03-03T02:25:21.987+0000] {dag.py:3490} INFO - Setting next_dagrun for dataset_consumes_1_never_scheduled to None, run_after=None
[2026-03-03T02:25:21.988+0000] {logging_mixin.py:149} INFO - [2026-03-03T02:25:21.988+0000] {dag.py:3490} INFO - Setting next_dagrun for dataset_consumes_unknown_never_scheduled to None, run_after=None
[2026-03-03T02:25:21.989+0000] {logging_mixin.py:149} INFO - [2026-03-03T02:25:21.989+0000] {dag.py:3490} INFO - Setting next_dagrun for dataset_produces_1 to 2026-03-02T00:00:00+00:00, run_after=2026-03-03T00:00:00+00:00
[2026-03-03T02:25:21.989+0000] {logging_mixin.py:149} INFO - [2026-03-03T02:25:21.989+0000] {dag.py:3490} INFO - Setting next_dagrun for dataset_produces_2 to None, run_after=None
[2026-03-03T02:25:22.003+0000] {processor.py:178} INFO - Processing /home/airflow/.local/lib/python3.7/site-packages/airflow/example_dags/example_datasets.py took 0.059 seconds
[2026-03-03T02:25:52.688+0000] {processor.py:156} INFO - Started process (PID=740) to work on /home/airflow/.local/lib/python3.7/site-packages/airflow/example_dags/example_datasets.py
[2026-03-03T02:25:52.688+0000] {processor.py:799} INFO - Processing file /home/airflow/.local/lib/python3.7/site-packages/airflow/example_dags/example_datasets.py for tasks to queue
[2026-03-03T02:25:52.690+0000] {logging_mixin.py:149} INFO - [2026-03-03T02:25:52.690+0000] {dagbag.py:541} INFO - Filling up the DagBag from /home/airflow/.local/lib/python3.7/site-packages/airflow/example_dags/example_datasets.py
[2026-03-03T02:25:52.695+0000] {processor.py:809} INFO - DAG(s) dict_keys(['dataset_produces_2', 'dataset_consumes_unknown_never_scheduled', 'dataset_consumes_1_and_2', 'dataset_consumes_1', 'dataset_produces_1', 'dataset_consumes_1_never_scheduled']) retrieved from /home/airflow/.local/lib/python3.7/site-packages/airflow/example_dags/example_datasets.py
[2026-03-03T02:25:52.722+0000] {logging_mixin.py:149} INFO - [2026-03-03T02:25:52.722+0000] {dag.py:2726} INFO - Sync 6 DAGs
[2026-03-03T02:25:52.742+0000] {logging_mixin.py:149} INFO - [2026-03-03T02:25:52.742+0000] {dag.py:3490} INFO - Setting next_dagrun for dataset_consumes_1 to None, run_after=None
[2026-03-03T02:25:52.744+0000] {logging_mixin.py:149} INFO - [2026-03-03T02:25:52.743+0000] {dag.py:3490} INFO - Setting next_dagrun for dataset_consumes_1_and_2 to None, run_after=None
[2026-03-03T02:25:52.744+0000] {logging_mixin.py:149} INFO - [2026-03-03T02:25:52.744+0000] {dag.py:3490} INFO - Setting next_dagrun for dataset_consumes_1_never_scheduled to None, run_after=None
[2026-03-03T02:25:52.745+0000] {logging_mixin.py:149} INFO - [2026-03-03T02:25:52.745+0000] {dag.py:3490} INFO - Setting next_dagrun for dataset_consumes_unknown_never_scheduled to None, run_after=None
[2026-03-03T02:25:52.746+0000] {logging_mixin.py:149} INFO - [2026-03-03T02:25:52.746+0000] {dag.py:3490} INFO - Setting next_dagrun for dataset_produces_1 to 2026-03-02T00:00:00+00:00, run_after=2026-03-03T00:00:00+00:00
[2026-03-03T02:25:52.747+0000] {logging_mixin.py:149} INFO - [2026-03-03T02:25:52.747+0000] {dag.py:3490} INFO - Setting next_dagrun for dataset_produces_2 to None, run_after=None
[2026-03-03T02:25:52.761+0000] {processor.py:178} INFO - Processing /home/airflow/.local/lib/python3.7/site-packages/airflow/example_dags/example_datasets.py took 0.075 seconds
[2026-03-03T02:26:23.558+0000] {processor.py:156} INFO - Started process (PID=803) to work on /home/airflow/.local/lib/python3.7/site-packages/airflow/example_dags/example_datasets.py
[2026-03-03T02:26:23.558+0000] {processor.py:799} INFO - Processing file /home/airflow/.local/lib/python3.7/site-packages/airflow/example_dags/example_datasets.py for tasks to queue
[2026-03-03T02:26:23.559+0000] {logging_mixin.py:149} INFO - [2026-03-03T02:26:23.559+0000] {dagbag.py:541} INFO - Filling up the DagBag from /home/airflow/.local/lib/python3.7/site-packages/airflow/example_dags/example_datasets.py
[2026-03-03T02:26:23.564+0000] {processor.py:809} INFO - DAG(s) dict_keys(['dataset_consumes_1_and_2', 'dataset_consumes_1', 'dataset_produces_2', 'dataset_produces_1', 'dataset_consumes_1_never_scheduled', 'dataset_consumes_unknown_never_scheduled']) retrieved from /home/airflow/.local/lib/python3.7/site-packages/airflow/example_dags/example_datasets.py
[2026-03-03T02:26:23.594+0000] {logging_mixin.py:149} INFO - [2026-03-03T02:26:23.594+0000] {dag.py:2726} INFO - Sync 6 DAGs
[2026-03-03T02:26:23.609+0000] {logging_mixin.py:149} INFO - [2026-03-03T02:26:23.609+0000] {dag.py:3490} INFO - Setting next_dagrun for dataset_consumes_1 to None, run_after=None
[2026-03-03T02:26:23.612+0000] {logging_mixin.py:149} INFO - [2026-03-03T02:26:23.612+0000] {dag.py:3490} INFO - Setting next_dagrun for dataset_consumes_1_and_2 to None, run_after=None
[2026-03-03T02:26:23.613+0000] {logging_mixin.py:149} INFO - [2026-03-03T02:26:23.613+0000] {dag.py:3490} INFO - Setting next_dagrun for dataset_consumes_1_never_scheduled to None, run_after=None
[2026-03-03T02:26:23.614+0000] {logging_mixin.py:149} INFO - [2026-03-03T02:26:23.613+0000] {dag.py:3490} INFO - Setting next_dagrun for dataset_consumes_unknown_never_scheduled to None, run_after=None
[2026-03-03T02:26:23.615+0000] {logging_mixin.py:149} INFO - [2026-03-03T02:26:23.615+0000] {dag.py:3490} INFO - Setting next_dagrun for dataset_produces_1 to 2026-03-02T00:00:00+00:00, run_after=2026-03-03T00:00:00+00:00
[2026-03-03T02:26:23.617+0000] {logging_mixin.py:149} INFO - [2026-03-03T02:26:23.617+0000] {dag.py:3490} INFO - Setting next_dagrun for dataset_produces_2 to None, run_after=None
[2026-03-03T02:26:23.633+0000] {processor.py:178} INFO - Processing /home/airflow/.local/lib/python3.7/site-packages/airflow/example_dags/example_datasets.py took 0.078 seconds
[2026-03-03T02:26:54.545+0000] {processor.py:156} INFO - Started process (PID=866) to work on /home/airflow/.local/lib/python3.7/site-packages/airflow/example_dags/example_datasets.py
[2026-03-03T02:26:54.548+0000] {processor.py:799} INFO - Processing file /home/airflow/.local/lib/python3.7/site-packages/airflow/example_dags/example_datasets.py for tasks to queue
[2026-03-03T02:26:54.549+0000] {logging_mixin.py:149} INFO - [2026-03-03T02:26:54.549+0000] {dagbag.py:541} INFO - Filling up the DagBag from /home/airflow/.local/lib/python3.7/site-packages/airflow/example_dags/example_datasets.py
[2026-03-03T02:26:54.555+0000] {processor.py:809} INFO - DAG(s) dict_keys(['dataset_produces_2', 'dataset_consumes_1_and_2', 'dataset_consumes_1', 'dataset_consumes_1_never_scheduled', 'dataset_produces_1', 'dataset_consumes_unknown_never_scheduled']) retrieved from /home/airflow/.local/lib/python3.7/site-packages/airflow/example_dags/example_datasets.py
[2026-03-03T02:26:54.587+0000] {logging_mixin.py:149} INFO - [2026-03-03T02:26:54.587+0000] {dag.py:2726} INFO - Sync 6 DAGs
[2026-03-03T02:26:54.603+0000] {logging_mixin.py:149} INFO - [2026-03-03T02:26:54.603+0000] {dag.py:3490} INFO - Setting next_dagrun for dataset_consumes_1 to None, run_after=None
[2026-03-03T02:26:54.604+0000] {logging_mixin.py:149} INFO - [2026-03-03T02:26:54.604+0000] {dag.py:3490} INFO - Setting next_dagrun for dataset_consumes_1_and_2 to None, run_after=None
[2026-03-03T02:26:54.605+0000] {logging_mixin.py:149} INFO - [2026-03-03T02:26:54.605+0000] {dag.py:3490} INFO - Setting next_dagrun for dataset_consumes_1_never_scheduled to None, run_after=None
[2026-03-03T02:26:54.605+0000] {logging_mixin.py:149} INFO - [2026-03-03T02:26:54.605+0000] {dag.py:3490} INFO - Setting next_dagrun for dataset_consumes_unknown_never_scheduled to None, run_after=None
[2026-03-03T02:26:54.607+0000] {logging_mixin.py:149} INFO - [2026-03-03T02:26:54.607+0000] {dag.py:3490} INFO - Setting next_dagrun for dataset_produces_1 to 2026-03-02T00:00:00+00:00, run_after=2026-03-03T00:00:00+00:00
[2026-03-03T02:26:54.608+0000] {logging_mixin.py:149} INFO - [2026-03-03T02:26:54.608+0000] {dag.py:3490} INFO - Setting next_dagrun for dataset_produces_2 to None, run_after=None
[2026-03-03T02:26:54.625+0000] {processor.py:178} INFO - Processing /home/airflow/.local/lib/python3.7/site-packages/airflow/example_dags/example_datasets.py took 0.083 seconds
[2026-03-03T02:28:42.211+0000] {processor.py:156} INFO - Started process (PID=106) to work on /home/airflow/.local/lib/python3.7/site-packages/airflow/example_dags/example_datasets.py
[2026-03-03T02:28:42.212+0000] {processor.py:799} INFO - Processing file /home/airflow/.local/lib/python3.7/site-packages/airflow/example_dags/example_datasets.py for tasks to queue
[2026-03-03T02:28:42.212+0000] {logging_mixin.py:149} INFO - [2026-03-03T02:28:42.212+0000] {dagbag.py:541} INFO - Filling up the DagBag from /home/airflow/.local/lib/python3.7/site-packages/airflow/example_dags/example_datasets.py
[2026-03-03T02:28:42.221+0000] {processor.py:809} INFO - DAG(s) dict_keys(['dataset_consumes_unknown_never_scheduled', 'dataset_consumes_1', 'dataset_consumes_1_and_2', 'dataset_produces_2', 'dataset_consumes_1_never_scheduled', 'dataset_produces_1']) retrieved from /home/airflow/.local/lib/python3.7/site-packages/airflow/example_dags/example_datasets.py
[2026-03-03T02:28:42.284+0000] {logging_mixin.py:149} INFO - [2026-03-03T02:28:42.284+0000] {dag.py:2726} INFO - Sync 6 DAGs
[2026-03-03T02:28:42.302+0000] {logging_mixin.py:149} INFO - [2026-03-03T02:28:42.302+0000] {dag.py:3490} INFO - Setting next_dagrun for dataset_consumes_1 to None, run_after=None
[2026-03-03T02:28:42.306+0000] {logging_mixin.py:149} INFO - [2026-03-03T02:28:42.306+0000] {dag.py:3490} INFO - Setting next_dagrun for dataset_consumes_1_and_2 to None, run_after=None
[2026-03-03T02:28:42.310+0000] {logging_mixin.py:149} INFO - [2026-03-03T02:28:42.310+0000] {dag.py:3490} INFO - Setting next_dagrun for dataset_consumes_1_never_scheduled to None, run_after=None
[2026-03-03T02:28:42.311+0000] {logging_mixin.py:149} INFO - [2026-03-03T02:28:42.311+0000] {dag.py:3490} INFO - Setting next_dagrun for dataset_consumes_unknown_never_scheduled to None, run_after=None
[2026-03-03T02:28:42.314+0000] {logging_mixin.py:149} INFO - [2026-03-03T02:28:42.314+0000] {dag.py:3490} INFO - Setting next_dagrun for dataset_produces_1 to 2026-03-02T00:00:00+00:00, run_after=2026-03-03T00:00:00+00:00
[2026-03-03T02:28:42.316+0000] {logging_mixin.py:149} INFO - [2026-03-03T02:28:42.316+0000] {dag.py:3490} INFO - Setting next_dagrun for dataset_produces_2 to None, run_after=None
[2026-03-03T02:28:42.371+0000] {processor.py:178} INFO - Processing /home/airflow/.local/lib/python3.7/site-packages/airflow/example_dags/example_datasets.py took 0.162 seconds
[2026-03-03T02:29:12.682+0000] {processor.py:156} INFO - Started process (PID=167) to work on /home/airflow/.local/lib/python3.7/site-packages/airflow/example_dags/example_datasets.py
[2026-03-03T02:29:12.684+0000] {processor.py:799} INFO - Processing file /home/airflow/.local/lib/python3.7/site-packages/airflow/example_dags/example_datasets.py for tasks to queue
[2026-03-03T02:29:12.685+0000] {logging_mixin.py:149} INFO - [2026-03-03T02:29:12.685+0000] {dagbag.py:541} INFO - Filling up the DagBag from /home/airflow/.local/lib/python3.7/site-packages/airflow/example_dags/example_datasets.py
[2026-03-03T02:29:12.691+0000] {processor.py:809} INFO - DAG(s) dict_keys(['dataset_consumes_1', 'dataset_produces_1', 'dataset_consumes_unknown_never_scheduled', 'dataset_produces_2', 'dataset_consumes_1_and_2', 'dataset_consumes_1_never_scheduled']) retrieved from /home/airflow/.local/lib/python3.7/site-packages/airflow/example_dags/example_datasets.py
[2026-03-03T02:29:12.716+0000] {logging_mixin.py:149} INFO - [2026-03-03T02:29:12.716+0000] {dag.py:2726} INFO - Sync 6 DAGs
[2026-03-03T02:29:12.732+0000] {logging_mixin.py:149} INFO - [2026-03-03T02:29:12.732+0000] {dag.py:3490} INFO - Setting next_dagrun for dataset_consumes_1 to None, run_after=None
[2026-03-03T02:29:12.738+0000] {logging_mixin.py:149} INFO - [2026-03-03T02:29:12.738+0000] {dag.py:3490} INFO - Setting next_dagrun for dataset_consumes_1_and_2 to None, run_after=None
[2026-03-03T02:29:12.744+0000] {logging_mixin.py:149} INFO - [2026-03-03T02:29:12.744+0000] {dag.py:3490} INFO - Setting next_dagrun for dataset_consumes_1_never_scheduled to None, run_after=None
[2026-03-03T02:29:12.748+0000] {logging_mixin.py:149} INFO - [2026-03-03T02:29:12.748+0000] {dag.py:3490} INFO - Setting next_dagrun for dataset_consumes_unknown_never_scheduled to None, run_after=None
[2026-03-03T02:29:12.755+0000] {logging_mixin.py:149} INFO - [2026-03-03T02:29:12.754+0000] {dag.py:3490} INFO - Setting next_dagrun for dataset_produces_1 to 2026-03-02T00:00:00+00:00, run_after=2026-03-03T00:00:00+00:00
[2026-03-03T02:29:12.759+0000] {logging_mixin.py:149} INFO - [2026-03-03T02:29:12.759+0000] {dag.py:3490} INFO - Setting next_dagrun for dataset_produces_2 to None, run_after=None
[2026-03-03T02:29:12.823+0000] {processor.py:178} INFO - Processing /home/airflow/.local/lib/python3.7/site-packages/airflow/example_dags/example_datasets.py took 0.143 seconds
[2026-03-03T02:29:43.833+0000] {processor.py:156} INFO - Started process (PID=240) to work on /home/airflow/.local/lib/python3.7/site-packages/airflow/example_dags/example_datasets.py
[2026-03-03T02:29:43.836+0000] {processor.py:799} INFO - Processing file /home/airflow/.local/lib/python3.7/site-packages/airflow/example_dags/example_datasets.py for tasks to queue
[2026-03-03T02:29:43.839+0000] {logging_mixin.py:149} INFO - [2026-03-03T02:29:43.839+0000] {dagbag.py:541} INFO - Filling up the DagBag from /home/airflow/.local/lib/python3.7/site-packages/airflow/example_dags/example_datasets.py
[2026-03-03T02:29:43.879+0000] {processor.py:809} INFO - DAG(s) dict_keys(['dataset_consumes_1_never_scheduled', 'dataset_produces_1', 'dataset_consumes_unknown_never_scheduled', 'dataset_produces_2', 'dataset_consumes_1_and_2', 'dataset_consumes_1']) retrieved from /home/airflow/.local/lib/python3.7/site-packages/airflow/example_dags/example_datasets.py
[2026-03-03T02:29:43.979+0000] {logging_mixin.py:149} INFO - [2026-03-03T02:29:43.978+0000] {dag.py:2726} INFO - Sync 6 DAGs
[2026-03-03T02:29:44.048+0000] {logging_mixin.py:149} INFO - [2026-03-03T02:29:44.047+0000] {dag.py:3490} INFO - Setting next_dagrun for dataset_consumes_1 to None, run_after=None
[2026-03-03T02:29:44.063+0000] {logging_mixin.py:149} INFO - [2026-03-03T02:29:44.062+0000] {dag.py:3490} INFO - Setting next_dagrun for dataset_consumes_1_and_2 to None, run_after=None
[2026-03-03T02:29:44.067+0000] {logging_mixin.py:149} INFO - [2026-03-03T02:29:44.067+0000] {dag.py:3490} INFO - Setting next_dagrun for dataset_consumes_1_never_scheduled to None, run_after=None
[2026-03-03T02:29:44.073+0000] {logging_mixin.py:149} INFO - [2026-03-03T02:29:44.073+0000] {dag.py:3490} INFO - Setting next_dagrun for dataset_consumes_unknown_never_scheduled to None, run_after=None
[2026-03-03T02:29:44.080+0000] {logging_mixin.py:149} INFO - [2026-03-03T02:29:44.079+0000] {dag.py:3490} INFO - Setting next_dagrun for dataset_produces_1 to 2026-03-02T00:00:00+00:00, run_after=2026-03-03T00:00:00+00:00
[2026-03-03T02:29:44.085+0000] {logging_mixin.py:149} INFO - [2026-03-03T02:29:44.085+0000] {dag.py:3490} INFO - Setting next_dagrun for dataset_produces_2 to None, run_after=None
[2026-03-03T02:29:44.171+0000] {processor.py:178} INFO - Processing /home/airflow/.local/lib/python3.7/site-packages/airflow/example_dags/example_datasets.py took 0.350 seconds
[2026-03-03T02:30:14.438+0000] {processor.py:156} INFO - Started process (PID=313) to work on /home/airflow/.local/lib/python3.7/site-packages/airflow/example_dags/example_datasets.py
[2026-03-03T02:30:14.441+0000] {processor.py:799} INFO - Processing file /home/airflow/.local/lib/python3.7/site-packages/airflow/example_dags/example_datasets.py for tasks to queue
[2026-03-03T02:30:14.443+0000] {logging_mixin.py:149} INFO - [2026-03-03T02:30:14.443+0000] {dagbag.py:541} INFO - Filling up the DagBag from /home/airflow/.local/lib/python3.7/site-packages/airflow/example_dags/example_datasets.py
[2026-03-03T02:30:14.463+0000] {processor.py:809} INFO - DAG(s) dict_keys(['dataset_produces_2', 'dataset_produces_1', 'dataset_consumes_1_and_2', 'dataset_consumes_unknown_never_scheduled', 'dataset_consumes_1', 'dataset_consumes_1_never_scheduled']) retrieved from /home/airflow/.local/lib/python3.7/site-packages/airflow/example_dags/example_datasets.py
[2026-03-03T02:30:14.572+0000] {logging_mixin.py:149} INFO - [2026-03-03T02:30:14.572+0000] {dag.py:2726} INFO - Sync 6 DAGs
[2026-03-03T02:30:14.634+0000] {logging_mixin.py:149} INFO - [2026-03-03T02:30:14.634+0000] {dag.py:3490} INFO - Setting next_dagrun for dataset_consumes_1 to None, run_after=None
[2026-03-03T02:30:14.643+0000] {logging_mixin.py:149} INFO - [2026-03-03T02:30:14.643+0000] {dag.py:3490} INFO - Setting next_dagrun for dataset_consumes_1_and_2 to None, run_after=None
[2026-03-03T02:30:14.646+0000] {logging_mixin.py:149} INFO - [2026-03-03T02:30:14.646+0000] {dag.py:3490} INFO - Setting next_dagrun for dataset_consumes_1_never_scheduled to None, run_after=None
[2026-03-03T02:30:14.652+0000] {logging_mixin.py:149} INFO - [2026-03-03T02:30:14.651+0000] {dag.py:3490} INFO - Setting next_dagrun for dataset_consumes_unknown_never_scheduled to None, run_after=None
[2026-03-03T02:30:14.661+0000] {logging_mixin.py:149} INFO - [2026-03-03T02:30:14.661+0000] {dag.py:3490} INFO - Setting next_dagrun for dataset_produces_1 to 2026-03-02T00:00:00+00:00, run_after=2026-03-03T00:00:00+00:00
[2026-03-03T02:30:14.665+0000] {logging_mixin.py:149} INFO - [2026-03-03T02:30:14.665+0000] {dag.py:3490} INFO - Setting next_dagrun for dataset_produces_2 to None, run_after=None
[2026-03-03T02:30:14.770+0000] {processor.py:178} INFO - Processing /home/airflow/.local/lib/python3.7/site-packages/airflow/example_dags/example_datasets.py took 0.339 seconds
[2026-03-03T02:30:45.486+0000] {processor.py:156} INFO - Started process (PID=385) to work on /home/airflow/.local/lib/python3.7/site-packages/airflow/example_dags/example_datasets.py
[2026-03-03T02:30:45.489+0000] {processor.py:799} INFO - Processing file /home/airflow/.local/lib/python3.7/site-packages/airflow/example_dags/example_datasets.py for tasks to queue
[2026-03-03T02:30:45.492+0000] {logging_mixin.py:149} INFO - [2026-03-03T02:30:45.492+0000] {dagbag.py:541} INFO - Filling up the DagBag from /home/airflow/.local/lib/python3.7/site-packages/airflow/example_dags/example_datasets.py
[2026-03-03T02:30:45.513+0000] {processor.py:809} INFO - DAG(s) dict_keys(['dataset_produces_2', 'dataset_consumes_unknown_never_scheduled', 'dataset_consumes_1_never_scheduled', 'dataset_produces_1', 'dataset_consumes_1', 'dataset_consumes_1_and_2']) retrieved from /home/airflow/.local/lib/python3.7/site-packages/airflow/example_dags/example_datasets.py
[2026-03-03T02:30:45.625+0000] {logging_mixin.py:149} INFO - [2026-03-03T02:30:45.624+0000] {dag.py:2726} INFO - Sync 6 DAGs
[2026-03-03T02:30:45.685+0000] {logging_mixin.py:149} INFO - [2026-03-03T02:30:45.685+0000] {dag.py:3490} INFO - Setting next_dagrun for dataset_consumes_1 to None, run_after=None
[2026-03-03T02:30:45.696+0000] {logging_mixin.py:149} INFO - [2026-03-03T02:30:45.696+0000] {dag.py:3490} INFO - Setting next_dagrun for dataset_consumes_1_and_2 to None, run_after=None
[2026-03-03T02:30:45.700+0000] {logging_mixin.py:149} INFO - [2026-03-03T02:30:45.700+0000] {dag.py:3490} INFO - Setting next_dagrun for dataset_consumes_1_never_scheduled to None, run_after=None
[2026-03-03T02:30:45.703+0000] {logging_mixin.py:149} INFO - [2026-03-03T02:30:45.702+0000] {dag.py:3490} INFO - Setting next_dagrun for dataset_consumes_unknown_never_scheduled to None, run_after=None
[2026-03-03T02:30:45.711+0000] {logging_mixin.py:149} INFO - [2026-03-03T02:30:45.707+0000] {dag.py:3490} INFO - Setting next_dagrun for dataset_produces_1 to 2026-03-02T00:00:00+00:00, run_after=2026-03-03T00:00:00+00:00
[2026-03-03T02:30:45.715+0000] {logging_mixin.py:149} INFO - [2026-03-03T02:30:45.715+0000] {dag.py:3490} INFO - Setting next_dagrun for dataset_produces_2 to None, run_after=None
[2026-03-03T02:30:45.814+0000] {processor.py:178} INFO - Processing /home/airflow/.local/lib/python3.7/site-packages/airflow/example_dags/example_datasets.py took 0.335 seconds
