[2026-03-03T00:56:04.358+0000] {processor.py:156} INFO - Started process (PID=57) to work on /home/airflow/.local/lib/python3.7/site-packages/airflow/example_dags/example_external_task_marker_dag.py
[2026-03-03T00:56:04.359+0000] {processor.py:799} INFO - Processing file /home/airflow/.local/lib/python3.7/site-packages/airflow/example_dags/example_external_task_marker_dag.py for tasks to queue
[2026-03-03T00:56:04.360+0000] {logging_mixin.py:149} INFO - [2026-03-03T00:56:04.359+0000] {dagbag.py:541} INFO - Filling up the DagBag from /home/airflow/.local/lib/python3.7/site-packages/airflow/example_dags/example_external_task_marker_dag.py
[2026-03-03T00:56:04.365+0000] {processor.py:809} INFO - DAG(s) dict_keys(['example_external_task_marker_parent', 'example_external_task_marker_child']) retrieved from /home/airflow/.local/lib/python3.7/site-packages/airflow/example_dags/example_external_task_marker_dag.py
[2026-03-03T00:56:04.380+0000] {logging_mixin.py:149} INFO - [2026-03-03T00:56:04.380+0000] {dag.py:2726} INFO - Sync 2 DAGs
[2026-03-03T00:56:04.402+0000] {logging_mixin.py:149} INFO - [2026-03-03T00:56:04.402+0000] {dag.py:3490} INFO - Setting next_dagrun for example_external_task_marker_child to None, run_after=None
[2026-03-03T00:56:04.408+0000] {logging_mixin.py:149} INFO - [2026-03-03T00:56:04.408+0000] {dag.py:3490} INFO - Setting next_dagrun for example_external_task_marker_parent to None, run_after=None
[2026-03-03T00:56:04.428+0000] {processor.py:178} INFO - Processing /home/airflow/.local/lib/python3.7/site-packages/airflow/example_dags/example_external_task_marker_dag.py took 0.071 seconds
[2026-03-03T00:56:36.195+0000] {processor.py:156} INFO - Started process (PID=119) to work on /home/airflow/.local/lib/python3.7/site-packages/airflow/example_dags/example_external_task_marker_dag.py
[2026-03-03T00:56:36.200+0000] {processor.py:799} INFO - Processing file /home/airflow/.local/lib/python3.7/site-packages/airflow/example_dags/example_external_task_marker_dag.py for tasks to queue
[2026-03-03T00:56:36.203+0000] {logging_mixin.py:149} INFO - [2026-03-03T00:56:36.202+0000] {dagbag.py:541} INFO - Filling up the DagBag from /home/airflow/.local/lib/python3.7/site-packages/airflow/example_dags/example_external_task_marker_dag.py
[2026-03-03T00:56:36.218+0000] {processor.py:809} INFO - DAG(s) dict_keys(['example_external_task_marker_parent', 'example_external_task_marker_child']) retrieved from /home/airflow/.local/lib/python3.7/site-packages/airflow/example_dags/example_external_task_marker_dag.py
[2026-03-03T00:56:36.383+0000] {logging_mixin.py:149} INFO - [2026-03-03T00:56:36.382+0000] {dag.py:2726} INFO - Sync 2 DAGs
[2026-03-03T00:56:36.464+0000] {logging_mixin.py:149} INFO - [2026-03-03T00:56:36.464+0000] {dag.py:3490} INFO - Setting next_dagrun for example_external_task_marker_child to None, run_after=None
[2026-03-03T00:56:36.474+0000] {logging_mixin.py:149} INFO - [2026-03-03T00:56:36.474+0000] {dag.py:3490} INFO - Setting next_dagrun for example_external_task_marker_parent to None, run_after=None
[2026-03-03T00:56:36.537+0000] {processor.py:178} INFO - Processing /home/airflow/.local/lib/python3.7/site-packages/airflow/example_dags/example_external_task_marker_dag.py took 0.351 seconds
[2026-03-03T00:57:06.753+0000] {processor.py:156} INFO - Started process (PID=182) to work on /home/airflow/.local/lib/python3.7/site-packages/airflow/example_dags/example_external_task_marker_dag.py
[2026-03-03T00:57:06.754+0000] {processor.py:799} INFO - Processing file /home/airflow/.local/lib/python3.7/site-packages/airflow/example_dags/example_external_task_marker_dag.py for tasks to queue
[2026-03-03T00:57:06.754+0000] {logging_mixin.py:149} INFO - [2026-03-03T00:57:06.754+0000] {dagbag.py:541} INFO - Filling up the DagBag from /home/airflow/.local/lib/python3.7/site-packages/airflow/example_dags/example_external_task_marker_dag.py
[2026-03-03T00:57:06.757+0000] {processor.py:809} INFO - DAG(s) dict_keys(['example_external_task_marker_child', 'example_external_task_marker_parent']) retrieved from /home/airflow/.local/lib/python3.7/site-packages/airflow/example_dags/example_external_task_marker_dag.py
[2026-03-03T00:57:06.776+0000] {logging_mixin.py:149} INFO - [2026-03-03T00:57:06.775+0000] {dag.py:2726} INFO - Sync 2 DAGs
[2026-03-03T00:57:06.788+0000] {logging_mixin.py:149} INFO - [2026-03-03T00:57:06.788+0000] {dag.py:3490} INFO - Setting next_dagrun for example_external_task_marker_child to None, run_after=None
[2026-03-03T00:57:06.790+0000] {logging_mixin.py:149} INFO - [2026-03-03T00:57:06.790+0000] {dag.py:3490} INFO - Setting next_dagrun for example_external_task_marker_parent to None, run_after=None
[2026-03-03T00:57:06.802+0000] {processor.py:178} INFO - Processing /home/airflow/.local/lib/python3.7/site-packages/airflow/example_dags/example_external_task_marker_dag.py took 0.051 seconds
[2026-03-03T00:57:37.627+0000] {processor.py:156} INFO - Started process (PID=243) to work on /home/airflow/.local/lib/python3.7/site-packages/airflow/example_dags/example_external_task_marker_dag.py
[2026-03-03T00:57:37.627+0000] {processor.py:799} INFO - Processing file /home/airflow/.local/lib/python3.7/site-packages/airflow/example_dags/example_external_task_marker_dag.py for tasks to queue
[2026-03-03T00:57:37.628+0000] {logging_mixin.py:149} INFO - [2026-03-03T00:57:37.628+0000] {dagbag.py:541} INFO - Filling up the DagBag from /home/airflow/.local/lib/python3.7/site-packages/airflow/example_dags/example_external_task_marker_dag.py
[2026-03-03T00:57:37.632+0000] {processor.py:809} INFO - DAG(s) dict_keys(['example_external_task_marker_parent', 'example_external_task_marker_child']) retrieved from /home/airflow/.local/lib/python3.7/site-packages/airflow/example_dags/example_external_task_marker_dag.py
[2026-03-03T00:57:37.652+0000] {logging_mixin.py:149} INFO - [2026-03-03T00:57:37.652+0000] {dag.py:2726} INFO - Sync 2 DAGs
[2026-03-03T00:57:37.668+0000] {logging_mixin.py:149} INFO - [2026-03-03T00:57:37.668+0000] {dag.py:3490} INFO - Setting next_dagrun for example_external_task_marker_child to None, run_after=None
[2026-03-03T00:57:37.670+0000] {logging_mixin.py:149} INFO - [2026-03-03T00:57:37.670+0000] {dag.py:3490} INFO - Setting next_dagrun for example_external_task_marker_parent to None, run_after=None
[2026-03-03T00:57:37.680+0000] {processor.py:178} INFO - Processing /home/airflow/.local/lib/python3.7/site-packages/airflow/example_dags/example_external_task_marker_dag.py took 0.054 seconds
[2026-03-03T00:58:08.475+0000] {processor.py:156} INFO - Started process (PID=305) to work on /home/airflow/.local/lib/python3.7/site-packages/airflow/example_dags/example_external_task_marker_dag.py
[2026-03-03T00:58:08.478+0000] {processor.py:799} INFO - Processing file /home/airflow/.local/lib/python3.7/site-packages/airflow/example_dags/example_external_task_marker_dag.py for tasks to queue
[2026-03-03T00:58:08.483+0000] {logging_mixin.py:149} INFO - [2026-03-03T00:58:08.480+0000] {dagbag.py:541} INFO - Filling up the DagBag from /home/airflow/.local/lib/python3.7/site-packages/airflow/example_dags/example_external_task_marker_dag.py
[2026-03-03T00:58:08.496+0000] {processor.py:809} INFO - DAG(s) dict_keys(['example_external_task_marker_child', 'example_external_task_marker_parent']) retrieved from /home/airflow/.local/lib/python3.7/site-packages/airflow/example_dags/example_external_task_marker_dag.py
[2026-03-03T00:58:08.565+0000] {logging_mixin.py:149} INFO - [2026-03-03T00:58:08.565+0000] {dag.py:2726} INFO - Sync 2 DAGs
[2026-03-03T00:58:08.628+0000] {logging_mixin.py:149} INFO - [2026-03-03T00:58:08.627+0000] {dag.py:3490} INFO - Setting next_dagrun for example_external_task_marker_child to None, run_after=None
[2026-03-03T00:58:08.636+0000] {logging_mixin.py:149} INFO - [2026-03-03T00:58:08.636+0000] {dag.py:3490} INFO - Setting next_dagrun for example_external_task_marker_parent to None, run_after=None
[2026-03-03T00:58:08.682+0000] {processor.py:178} INFO - Processing /home/airflow/.local/lib/python3.7/site-packages/airflow/example_dags/example_external_task_marker_dag.py took 0.212 seconds
[2026-03-03T00:58:38.873+0000] {processor.py:156} INFO - Started process (PID=367) to work on /home/airflow/.local/lib/python3.7/site-packages/airflow/example_dags/example_external_task_marker_dag.py
[2026-03-03T00:58:38.873+0000] {processor.py:799} INFO - Processing file /home/airflow/.local/lib/python3.7/site-packages/airflow/example_dags/example_external_task_marker_dag.py for tasks to queue
[2026-03-03T00:58:38.874+0000] {logging_mixin.py:149} INFO - [2026-03-03T00:58:38.873+0000] {dagbag.py:541} INFO - Filling up the DagBag from /home/airflow/.local/lib/python3.7/site-packages/airflow/example_dags/example_external_task_marker_dag.py
[2026-03-03T00:58:38.876+0000] {processor.py:809} INFO - DAG(s) dict_keys(['example_external_task_marker_child', 'example_external_task_marker_parent']) retrieved from /home/airflow/.local/lib/python3.7/site-packages/airflow/example_dags/example_external_task_marker_dag.py
[2026-03-03T00:58:38.894+0000] {logging_mixin.py:149} INFO - [2026-03-03T00:58:38.894+0000] {dag.py:2726} INFO - Sync 2 DAGs
[2026-03-03T00:58:38.910+0000] {logging_mixin.py:149} INFO - [2026-03-03T00:58:38.910+0000] {dag.py:3490} INFO - Setting next_dagrun for example_external_task_marker_child to None, run_after=None
[2026-03-03T00:58:38.911+0000] {logging_mixin.py:149} INFO - [2026-03-03T00:58:38.911+0000] {dag.py:3490} INFO - Setting next_dagrun for example_external_task_marker_parent to None, run_after=None
[2026-03-03T00:58:38.926+0000] {processor.py:178} INFO - Processing /home/airflow/.local/lib/python3.7/site-packages/airflow/example_dags/example_external_task_marker_dag.py took 0.055 seconds
[2026-03-03T00:59:09.945+0000] {processor.py:156} INFO - Started process (PID=429) to work on /home/airflow/.local/lib/python3.7/site-packages/airflow/example_dags/example_external_task_marker_dag.py
[2026-03-03T00:59:09.946+0000] {processor.py:799} INFO - Processing file /home/airflow/.local/lib/python3.7/site-packages/airflow/example_dags/example_external_task_marker_dag.py for tasks to queue
[2026-03-03T00:59:09.946+0000] {logging_mixin.py:149} INFO - [2026-03-03T00:59:09.946+0000] {dagbag.py:541} INFO - Filling up the DagBag from /home/airflow/.local/lib/python3.7/site-packages/airflow/example_dags/example_external_task_marker_dag.py
[2026-03-03T00:59:09.949+0000] {processor.py:809} INFO - DAG(s) dict_keys(['example_external_task_marker_parent', 'example_external_task_marker_child']) retrieved from /home/airflow/.local/lib/python3.7/site-packages/airflow/example_dags/example_external_task_marker_dag.py
[2026-03-03T00:59:09.963+0000] {logging_mixin.py:149} INFO - [2026-03-03T00:59:09.963+0000] {dag.py:2726} INFO - Sync 2 DAGs
[2026-03-03T00:59:09.977+0000] {logging_mixin.py:149} INFO - [2026-03-03T00:59:09.977+0000] {dag.py:3490} INFO - Setting next_dagrun for example_external_task_marker_child to None, run_after=None
[2026-03-03T00:59:09.980+0000] {logging_mixin.py:149} INFO - [2026-03-03T00:59:09.980+0000] {dag.py:3490} INFO - Setting next_dagrun for example_external_task_marker_parent to None, run_after=None
[2026-03-03T00:59:09.994+0000] {processor.py:178} INFO - Processing /home/airflow/.local/lib/python3.7/site-packages/airflow/example_dags/example_external_task_marker_dag.py took 0.051 seconds
[2026-03-03T00:59:40.623+0000] {processor.py:156} INFO - Started process (PID=491) to work on /home/airflow/.local/lib/python3.7/site-packages/airflow/example_dags/example_external_task_marker_dag.py
[2026-03-03T00:59:40.624+0000] {processor.py:799} INFO - Processing file /home/airflow/.local/lib/python3.7/site-packages/airflow/example_dags/example_external_task_marker_dag.py for tasks to queue
[2026-03-03T00:59:40.624+0000] {logging_mixin.py:149} INFO - [2026-03-03T00:59:40.624+0000] {dagbag.py:541} INFO - Filling up the DagBag from /home/airflow/.local/lib/python3.7/site-packages/airflow/example_dags/example_external_task_marker_dag.py
[2026-03-03T00:59:40.627+0000] {processor.py:809} INFO - DAG(s) dict_keys(['example_external_task_marker_parent', 'example_external_task_marker_child']) retrieved from /home/airflow/.local/lib/python3.7/site-packages/airflow/example_dags/example_external_task_marker_dag.py
[2026-03-03T00:59:40.646+0000] {logging_mixin.py:149} INFO - [2026-03-03T00:59:40.646+0000] {dag.py:2726} INFO - Sync 2 DAGs
[2026-03-03T00:59:40.658+0000] {logging_mixin.py:149} INFO - [2026-03-03T00:59:40.658+0000] {dag.py:3490} INFO - Setting next_dagrun for example_external_task_marker_child to None, run_after=None
[2026-03-03T00:59:40.662+0000] {logging_mixin.py:149} INFO - [2026-03-03T00:59:40.662+0000] {dag.py:3490} INFO - Setting next_dagrun for example_external_task_marker_parent to None, run_after=None
[2026-03-03T00:59:40.677+0000] {processor.py:178} INFO - Processing /home/airflow/.local/lib/python3.7/site-packages/airflow/example_dags/example_external_task_marker_dag.py took 0.056 seconds
[2026-03-03T01:00:12.000+0000] {processor.py:156} INFO - Started process (PID=553) to work on /home/airflow/.local/lib/python3.7/site-packages/airflow/example_dags/example_external_task_marker_dag.py
[2026-03-03T01:00:12.004+0000] {processor.py:799} INFO - Processing file /home/airflow/.local/lib/python3.7/site-packages/airflow/example_dags/example_external_task_marker_dag.py for tasks to queue
[2026-03-03T01:00:12.008+0000] {logging_mixin.py:149} INFO - [2026-03-03T01:00:12.006+0000] {dagbag.py:541} INFO - Filling up the DagBag from /home/airflow/.local/lib/python3.7/site-packages/airflow/example_dags/example_external_task_marker_dag.py
[2026-03-03T01:00:12.025+0000] {processor.py:809} INFO - DAG(s) dict_keys(['example_external_task_marker_child', 'example_external_task_marker_parent']) retrieved from /home/airflow/.local/lib/python3.7/site-packages/airflow/example_dags/example_external_task_marker_dag.py
[2026-03-03T01:00:12.110+0000] {logging_mixin.py:149} INFO - [2026-03-03T01:00:12.109+0000] {dag.py:2726} INFO - Sync 2 DAGs
[2026-03-03T01:00:12.194+0000] {logging_mixin.py:149} INFO - [2026-03-03T01:00:12.193+0000] {dag.py:3490} INFO - Setting next_dagrun for example_external_task_marker_child to None, run_after=None
[2026-03-03T01:00:12.204+0000] {logging_mixin.py:149} INFO - [2026-03-03T01:00:12.203+0000] {dag.py:3490} INFO - Setting next_dagrun for example_external_task_marker_parent to None, run_after=None
[2026-03-03T01:00:12.259+0000] {processor.py:178} INFO - Processing /home/airflow/.local/lib/python3.7/site-packages/airflow/example_dags/example_external_task_marker_dag.py took 0.267 seconds
[2026-03-03T01:00:43.224+0000] {processor.py:156} INFO - Started process (PID=615) to work on /home/airflow/.local/lib/python3.7/site-packages/airflow/example_dags/example_external_task_marker_dag.py
[2026-03-03T01:00:43.227+0000] {processor.py:799} INFO - Processing file /home/airflow/.local/lib/python3.7/site-packages/airflow/example_dags/example_external_task_marker_dag.py for tasks to queue
[2026-03-03T01:00:43.232+0000] {logging_mixin.py:149} INFO - [2026-03-03T01:00:43.232+0000] {dagbag.py:541} INFO - Filling up the DagBag from /home/airflow/.local/lib/python3.7/site-packages/airflow/example_dags/example_external_task_marker_dag.py
[2026-03-03T01:00:43.244+0000] {processor.py:809} INFO - DAG(s) dict_keys(['example_external_task_marker_parent', 'example_external_task_marker_child']) retrieved from /home/airflow/.local/lib/python3.7/site-packages/airflow/example_dags/example_external_task_marker_dag.py
[2026-03-03T01:00:43.329+0000] {logging_mixin.py:149} INFO - [2026-03-03T01:00:43.328+0000] {dag.py:2726} INFO - Sync 2 DAGs
[2026-03-03T01:00:43.406+0000] {logging_mixin.py:149} INFO - [2026-03-03T01:00:43.406+0000] {dag.py:3490} INFO - Setting next_dagrun for example_external_task_marker_child to None, run_after=None
[2026-03-03T01:00:43.421+0000] {logging_mixin.py:149} INFO - [2026-03-03T01:00:43.420+0000] {dag.py:3490} INFO - Setting next_dagrun for example_external_task_marker_parent to None, run_after=None
[2026-03-03T01:00:43.478+0000] {processor.py:178} INFO - Processing /home/airflow/.local/lib/python3.7/site-packages/airflow/example_dags/example_external_task_marker_dag.py took 0.262 seconds
[2026-03-03T01:01:13.593+0000] {processor.py:156} INFO - Started process (PID=677) to work on /home/airflow/.local/lib/python3.7/site-packages/airflow/example_dags/example_external_task_marker_dag.py
[2026-03-03T01:01:13.594+0000] {processor.py:799} INFO - Processing file /home/airflow/.local/lib/python3.7/site-packages/airflow/example_dags/example_external_task_marker_dag.py for tasks to queue
[2026-03-03T01:01:13.594+0000] {logging_mixin.py:149} INFO - [2026-03-03T01:01:13.594+0000] {dagbag.py:541} INFO - Filling up the DagBag from /home/airflow/.local/lib/python3.7/site-packages/airflow/example_dags/example_external_task_marker_dag.py
[2026-03-03T01:01:13.597+0000] {processor.py:809} INFO - DAG(s) dict_keys(['example_external_task_marker_parent', 'example_external_task_marker_child']) retrieved from /home/airflow/.local/lib/python3.7/site-packages/airflow/example_dags/example_external_task_marker_dag.py
[2026-03-03T01:01:13.611+0000] {logging_mixin.py:149} INFO - [2026-03-03T01:01:13.610+0000] {dag.py:2726} INFO - Sync 2 DAGs
[2026-03-03T01:01:13.621+0000] {logging_mixin.py:149} INFO - [2026-03-03T01:01:13.621+0000] {dag.py:3490} INFO - Setting next_dagrun for example_external_task_marker_child to None, run_after=None
[2026-03-03T01:01:13.623+0000] {logging_mixin.py:149} INFO - [2026-03-03T01:01:13.623+0000] {dag.py:3490} INFO - Setting next_dagrun for example_external_task_marker_parent to None, run_after=None
[2026-03-03T01:01:13.629+0000] {processor.py:178} INFO - Processing /home/airflow/.local/lib/python3.7/site-packages/airflow/example_dags/example_external_task_marker_dag.py took 0.038 seconds
[2026-03-03T01:01:44.328+0000] {processor.py:156} INFO - Started process (PID=739) to work on /home/airflow/.local/lib/python3.7/site-packages/airflow/example_dags/example_external_task_marker_dag.py
[2026-03-03T01:01:44.328+0000] {processor.py:799} INFO - Processing file /home/airflow/.local/lib/python3.7/site-packages/airflow/example_dags/example_external_task_marker_dag.py for tasks to queue
[2026-03-03T01:01:44.329+0000] {logging_mixin.py:149} INFO - [2026-03-03T01:01:44.329+0000] {dagbag.py:541} INFO - Filling up the DagBag from /home/airflow/.local/lib/python3.7/site-packages/airflow/example_dags/example_external_task_marker_dag.py
[2026-03-03T01:01:44.331+0000] {processor.py:809} INFO - DAG(s) dict_keys(['example_external_task_marker_child', 'example_external_task_marker_parent']) retrieved from /home/airflow/.local/lib/python3.7/site-packages/airflow/example_dags/example_external_task_marker_dag.py
[2026-03-03T01:01:44.346+0000] {logging_mixin.py:149} INFO - [2026-03-03T01:01:44.346+0000] {dag.py:2726} INFO - Sync 2 DAGs
[2026-03-03T01:01:44.357+0000] {logging_mixin.py:149} INFO - [2026-03-03T01:01:44.357+0000] {dag.py:3490} INFO - Setting next_dagrun for example_external_task_marker_child to None, run_after=None
[2026-03-03T01:01:44.359+0000] {logging_mixin.py:149} INFO - [2026-03-03T01:01:44.359+0000] {dag.py:3490} INFO - Setting next_dagrun for example_external_task_marker_parent to None, run_after=None
[2026-03-03T01:01:44.365+0000] {processor.py:178} INFO - Processing /home/airflow/.local/lib/python3.7/site-packages/airflow/example_dags/example_external_task_marker_dag.py took 0.039 seconds
[2026-03-03T01:02:15.212+0000] {processor.py:156} INFO - Started process (PID=801) to work on /home/airflow/.local/lib/python3.7/site-packages/airflow/example_dags/example_external_task_marker_dag.py
[2026-03-03T01:02:15.212+0000] {processor.py:799} INFO - Processing file /home/airflow/.local/lib/python3.7/site-packages/airflow/example_dags/example_external_task_marker_dag.py for tasks to queue
[2026-03-03T01:02:15.213+0000] {logging_mixin.py:149} INFO - [2026-03-03T01:02:15.213+0000] {dagbag.py:541} INFO - Filling up the DagBag from /home/airflow/.local/lib/python3.7/site-packages/airflow/example_dags/example_external_task_marker_dag.py
[2026-03-03T01:02:15.215+0000] {processor.py:809} INFO - DAG(s) dict_keys(['example_external_task_marker_parent', 'example_external_task_marker_child']) retrieved from /home/airflow/.local/lib/python3.7/site-packages/airflow/example_dags/example_external_task_marker_dag.py
[2026-03-03T01:02:15.229+0000] {logging_mixin.py:149} INFO - [2026-03-03T01:02:15.229+0000] {dag.py:2726} INFO - Sync 2 DAGs
[2026-03-03T01:02:15.241+0000] {logging_mixin.py:149} INFO - [2026-03-03T01:02:15.241+0000] {dag.py:3490} INFO - Setting next_dagrun for example_external_task_marker_child to None, run_after=None
[2026-03-03T01:02:15.244+0000] {logging_mixin.py:149} INFO - [2026-03-03T01:02:15.244+0000] {dag.py:3490} INFO - Setting next_dagrun for example_external_task_marker_parent to None, run_after=None
[2026-03-03T01:02:15.252+0000] {processor.py:178} INFO - Processing /home/airflow/.local/lib/python3.7/site-packages/airflow/example_dags/example_external_task_marker_dag.py took 0.042 seconds
[2026-03-03T01:02:45.937+0000] {processor.py:156} INFO - Started process (PID=863) to work on /home/airflow/.local/lib/python3.7/site-packages/airflow/example_dags/example_external_task_marker_dag.py
[2026-03-03T01:02:45.937+0000] {processor.py:799} INFO - Processing file /home/airflow/.local/lib/python3.7/site-packages/airflow/example_dags/example_external_task_marker_dag.py for tasks to queue
[2026-03-03T01:02:45.938+0000] {logging_mixin.py:149} INFO - [2026-03-03T01:02:45.938+0000] {dagbag.py:541} INFO - Filling up the DagBag from /home/airflow/.local/lib/python3.7/site-packages/airflow/example_dags/example_external_task_marker_dag.py
[2026-03-03T01:02:45.941+0000] {processor.py:809} INFO - DAG(s) dict_keys(['example_external_task_marker_parent', 'example_external_task_marker_child']) retrieved from /home/airflow/.local/lib/python3.7/site-packages/airflow/example_dags/example_external_task_marker_dag.py
[2026-03-03T01:02:45.954+0000] {logging_mixin.py:149} INFO - [2026-03-03T01:02:45.954+0000] {dag.py:2726} INFO - Sync 2 DAGs
[2026-03-03T01:02:45.966+0000] {logging_mixin.py:149} INFO - [2026-03-03T01:02:45.966+0000] {dag.py:3490} INFO - Setting next_dagrun for example_external_task_marker_child to None, run_after=None
[2026-03-03T01:02:45.967+0000] {logging_mixin.py:149} INFO - [2026-03-03T01:02:45.967+0000] {dag.py:3490} INFO - Setting next_dagrun for example_external_task_marker_parent to None, run_after=None
[2026-03-03T01:02:45.973+0000] {processor.py:178} INFO - Processing /home/airflow/.local/lib/python3.7/site-packages/airflow/example_dags/example_external_task_marker_dag.py took 0.038 seconds
[2026-03-03T01:03:16.699+0000] {processor.py:156} INFO - Started process (PID=925) to work on /home/airflow/.local/lib/python3.7/site-packages/airflow/example_dags/example_external_task_marker_dag.py
[2026-03-03T01:03:16.700+0000] {processor.py:799} INFO - Processing file /home/airflow/.local/lib/python3.7/site-packages/airflow/example_dags/example_external_task_marker_dag.py for tasks to queue
[2026-03-03T01:03:16.700+0000] {logging_mixin.py:149} INFO - [2026-03-03T01:03:16.700+0000] {dagbag.py:541} INFO - Filling up the DagBag from /home/airflow/.local/lib/python3.7/site-packages/airflow/example_dags/example_external_task_marker_dag.py
[2026-03-03T01:03:16.704+0000] {processor.py:809} INFO - DAG(s) dict_keys(['example_external_task_marker_parent', 'example_external_task_marker_child']) retrieved from /home/airflow/.local/lib/python3.7/site-packages/airflow/example_dags/example_external_task_marker_dag.py
[2026-03-03T01:03:16.717+0000] {logging_mixin.py:149} INFO - [2026-03-03T01:03:16.716+0000] {dag.py:2726} INFO - Sync 2 DAGs
[2026-03-03T01:03:16.727+0000] {logging_mixin.py:149} INFO - [2026-03-03T01:03:16.727+0000] {dag.py:3490} INFO - Setting next_dagrun for example_external_task_marker_child to None, run_after=None
[2026-03-03T01:03:16.729+0000] {logging_mixin.py:149} INFO - [2026-03-03T01:03:16.729+0000] {dag.py:3490} INFO - Setting next_dagrun for example_external_task_marker_parent to None, run_after=None
[2026-03-03T01:03:16.735+0000] {processor.py:178} INFO - Processing /home/airflow/.local/lib/python3.7/site-packages/airflow/example_dags/example_external_task_marker_dag.py took 0.038 seconds
[2026-03-03T01:03:47.450+0000] {processor.py:156} INFO - Started process (PID=987) to work on /home/airflow/.local/lib/python3.7/site-packages/airflow/example_dags/example_external_task_marker_dag.py
[2026-03-03T01:03:47.450+0000] {processor.py:799} INFO - Processing file /home/airflow/.local/lib/python3.7/site-packages/airflow/example_dags/example_external_task_marker_dag.py for tasks to queue
[2026-03-03T01:03:47.451+0000] {logging_mixin.py:149} INFO - [2026-03-03T01:03:47.451+0000] {dagbag.py:541} INFO - Filling up the DagBag from /home/airflow/.local/lib/python3.7/site-packages/airflow/example_dags/example_external_task_marker_dag.py
[2026-03-03T01:03:47.455+0000] {processor.py:809} INFO - DAG(s) dict_keys(['example_external_task_marker_child', 'example_external_task_marker_parent']) retrieved from /home/airflow/.local/lib/python3.7/site-packages/airflow/example_dags/example_external_task_marker_dag.py
[2026-03-03T01:03:47.469+0000] {logging_mixin.py:149} INFO - [2026-03-03T01:03:47.469+0000] {dag.py:2726} INFO - Sync 2 DAGs
[2026-03-03T01:03:47.481+0000] {logging_mixin.py:149} INFO - [2026-03-03T01:03:47.481+0000] {dag.py:3490} INFO - Setting next_dagrun for example_external_task_marker_child to None, run_after=None
[2026-03-03T01:03:47.483+0000] {logging_mixin.py:149} INFO - [2026-03-03T01:03:47.483+0000] {dag.py:3490} INFO - Setting next_dagrun for example_external_task_marker_parent to None, run_after=None
[2026-03-03T01:03:47.489+0000] {processor.py:178} INFO - Processing /home/airflow/.local/lib/python3.7/site-packages/airflow/example_dags/example_external_task_marker_dag.py took 0.041 seconds
[2026-03-03T01:04:18.221+0000] {processor.py:156} INFO - Started process (PID=1049) to work on /home/airflow/.local/lib/python3.7/site-packages/airflow/example_dags/example_external_task_marker_dag.py
[2026-03-03T01:04:18.221+0000] {processor.py:799} INFO - Processing file /home/airflow/.local/lib/python3.7/site-packages/airflow/example_dags/example_external_task_marker_dag.py for tasks to queue
[2026-03-03T01:04:18.222+0000] {logging_mixin.py:149} INFO - [2026-03-03T01:04:18.222+0000] {dagbag.py:541} INFO - Filling up the DagBag from /home/airflow/.local/lib/python3.7/site-packages/airflow/example_dags/example_external_task_marker_dag.py
[2026-03-03T01:04:18.225+0000] {processor.py:809} INFO - DAG(s) dict_keys(['example_external_task_marker_child', 'example_external_task_marker_parent']) retrieved from /home/airflow/.local/lib/python3.7/site-packages/airflow/example_dags/example_external_task_marker_dag.py
[2026-03-03T01:04:18.238+0000] {logging_mixin.py:149} INFO - [2026-03-03T01:04:18.238+0000] {dag.py:2726} INFO - Sync 2 DAGs
[2026-03-03T01:04:18.249+0000] {logging_mixin.py:149} INFO - [2026-03-03T01:04:18.249+0000] {dag.py:3490} INFO - Setting next_dagrun for example_external_task_marker_child to None, run_after=None
[2026-03-03T01:04:18.250+0000] {logging_mixin.py:149} INFO - [2026-03-03T01:04:18.250+0000] {dag.py:3490} INFO - Setting next_dagrun for example_external_task_marker_parent to None, run_after=None
[2026-03-03T01:04:18.256+0000] {processor.py:178} INFO - Processing /home/airflow/.local/lib/python3.7/site-packages/airflow/example_dags/example_external_task_marker_dag.py took 0.037 seconds
[2026-03-03T01:04:48.781+0000] {processor.py:156} INFO - Started process (PID=1111) to work on /home/airflow/.local/lib/python3.7/site-packages/airflow/example_dags/example_external_task_marker_dag.py
[2026-03-03T01:04:48.781+0000] {processor.py:799} INFO - Processing file /home/airflow/.local/lib/python3.7/site-packages/airflow/example_dags/example_external_task_marker_dag.py for tasks to queue
[2026-03-03T01:04:48.781+0000] {logging_mixin.py:149} INFO - [2026-03-03T01:04:48.781+0000] {dagbag.py:541} INFO - Filling up the DagBag from /home/airflow/.local/lib/python3.7/site-packages/airflow/example_dags/example_external_task_marker_dag.py
[2026-03-03T01:04:48.784+0000] {processor.py:809} INFO - DAG(s) dict_keys(['example_external_task_marker_parent', 'example_external_task_marker_child']) retrieved from /home/airflow/.local/lib/python3.7/site-packages/airflow/example_dags/example_external_task_marker_dag.py
[2026-03-03T01:04:48.797+0000] {logging_mixin.py:149} INFO - [2026-03-03T01:04:48.797+0000] {dag.py:2726} INFO - Sync 2 DAGs
[2026-03-03T01:04:48.808+0000] {logging_mixin.py:149} INFO - [2026-03-03T01:04:48.808+0000] {dag.py:3490} INFO - Setting next_dagrun for example_external_task_marker_child to None, run_after=None
[2026-03-03T01:04:48.809+0000] {logging_mixin.py:149} INFO - [2026-03-03T01:04:48.809+0000] {dag.py:3490} INFO - Setting next_dagrun for example_external_task_marker_parent to None, run_after=None
[2026-03-03T01:04:48.816+0000] {processor.py:178} INFO - Processing /home/airflow/.local/lib/python3.7/site-packages/airflow/example_dags/example_external_task_marker_dag.py took 0.036 seconds
[2026-03-03T01:05:19.581+0000] {processor.py:156} INFO - Started process (PID=1173) to work on /home/airflow/.local/lib/python3.7/site-packages/airflow/example_dags/example_external_task_marker_dag.py
[2026-03-03T01:05:19.582+0000] {processor.py:799} INFO - Processing file /home/airflow/.local/lib/python3.7/site-packages/airflow/example_dags/example_external_task_marker_dag.py for tasks to queue
[2026-03-03T01:05:19.582+0000] {logging_mixin.py:149} INFO - [2026-03-03T01:05:19.582+0000] {dagbag.py:541} INFO - Filling up the DagBag from /home/airflow/.local/lib/python3.7/site-packages/airflow/example_dags/example_external_task_marker_dag.py
[2026-03-03T01:05:19.585+0000] {processor.py:809} INFO - DAG(s) dict_keys(['example_external_task_marker_child', 'example_external_task_marker_parent']) retrieved from /home/airflow/.local/lib/python3.7/site-packages/airflow/example_dags/example_external_task_marker_dag.py
[2026-03-03T01:05:19.599+0000] {logging_mixin.py:149} INFO - [2026-03-03T01:05:19.599+0000] {dag.py:2726} INFO - Sync 2 DAGs
[2026-03-03T01:05:19.609+0000] {logging_mixin.py:149} INFO - [2026-03-03T01:05:19.609+0000] {dag.py:3490} INFO - Setting next_dagrun for example_external_task_marker_child to None, run_after=None
[2026-03-03T01:05:19.611+0000] {logging_mixin.py:149} INFO - [2026-03-03T01:05:19.611+0000] {dag.py:3490} INFO - Setting next_dagrun for example_external_task_marker_parent to None, run_after=None
[2026-03-03T01:05:19.618+0000] {processor.py:178} INFO - Processing /home/airflow/.local/lib/python3.7/site-packages/airflow/example_dags/example_external_task_marker_dag.py took 0.038 seconds
[2026-03-03T01:05:50.317+0000] {processor.py:156} INFO - Started process (PID=1235) to work on /home/airflow/.local/lib/python3.7/site-packages/airflow/example_dags/example_external_task_marker_dag.py
[2026-03-03T01:05:50.318+0000] {processor.py:799} INFO - Processing file /home/airflow/.local/lib/python3.7/site-packages/airflow/example_dags/example_external_task_marker_dag.py for tasks to queue
[2026-03-03T01:05:50.318+0000] {logging_mixin.py:149} INFO - [2026-03-03T01:05:50.318+0000] {dagbag.py:541} INFO - Filling up the DagBag from /home/airflow/.local/lib/python3.7/site-packages/airflow/example_dags/example_external_task_marker_dag.py
[2026-03-03T01:05:50.321+0000] {processor.py:809} INFO - DAG(s) dict_keys(['example_external_task_marker_child', 'example_external_task_marker_parent']) retrieved from /home/airflow/.local/lib/python3.7/site-packages/airflow/example_dags/example_external_task_marker_dag.py
[2026-03-03T01:05:50.334+0000] {logging_mixin.py:149} INFO - [2026-03-03T01:05:50.334+0000] {dag.py:2726} INFO - Sync 2 DAGs
[2026-03-03T01:05:50.344+0000] {logging_mixin.py:149} INFO - [2026-03-03T01:05:50.344+0000] {dag.py:3490} INFO - Setting next_dagrun for example_external_task_marker_child to None, run_after=None
[2026-03-03T01:05:50.345+0000] {logging_mixin.py:149} INFO - [2026-03-03T01:05:50.345+0000] {dag.py:3490} INFO - Setting next_dagrun for example_external_task_marker_parent to None, run_after=None
[2026-03-03T01:05:50.352+0000] {processor.py:178} INFO - Processing /home/airflow/.local/lib/python3.7/site-packages/airflow/example_dags/example_external_task_marker_dag.py took 0.036 seconds
[2026-03-03T01:06:20.793+0000] {processor.py:156} INFO - Started process (PID=1297) to work on /home/airflow/.local/lib/python3.7/site-packages/airflow/example_dags/example_external_task_marker_dag.py
[2026-03-03T01:06:20.793+0000] {processor.py:799} INFO - Processing file /home/airflow/.local/lib/python3.7/site-packages/airflow/example_dags/example_external_task_marker_dag.py for tasks to queue
[2026-03-03T01:06:20.794+0000] {logging_mixin.py:149} INFO - [2026-03-03T01:06:20.793+0000] {dagbag.py:541} INFO - Filling up the DagBag from /home/airflow/.local/lib/python3.7/site-packages/airflow/example_dags/example_external_task_marker_dag.py
[2026-03-03T01:06:20.796+0000] {processor.py:809} INFO - DAG(s) dict_keys(['example_external_task_marker_parent', 'example_external_task_marker_child']) retrieved from /home/airflow/.local/lib/python3.7/site-packages/airflow/example_dags/example_external_task_marker_dag.py
[2026-03-03T01:06:20.809+0000] {logging_mixin.py:149} INFO - [2026-03-03T01:06:20.809+0000] {dag.py:2726} INFO - Sync 2 DAGs
[2026-03-03T01:06:20.820+0000] {logging_mixin.py:149} INFO - [2026-03-03T01:06:20.820+0000] {dag.py:3490} INFO - Setting next_dagrun for example_external_task_marker_child to None, run_after=None
[2026-03-03T01:06:20.822+0000] {logging_mixin.py:149} INFO - [2026-03-03T01:06:20.822+0000] {dag.py:3490} INFO - Setting next_dagrun for example_external_task_marker_parent to None, run_after=None
[2026-03-03T01:06:20.828+0000] {processor.py:178} INFO - Processing /home/airflow/.local/lib/python3.7/site-packages/airflow/example_dags/example_external_task_marker_dag.py took 0.037 seconds
[2026-03-03T01:07:09.418+0000] {processor.py:156} INFO - Started process (PID=49) to work on /home/airflow/.local/lib/python3.7/site-packages/airflow/example_dags/example_external_task_marker_dag.py
[2026-03-03T01:07:09.420+0000] {processor.py:799} INFO - Processing file /home/airflow/.local/lib/python3.7/site-packages/airflow/example_dags/example_external_task_marker_dag.py for tasks to queue
[2026-03-03T01:07:09.420+0000] {logging_mixin.py:149} INFO - [2026-03-03T01:07:09.420+0000] {dagbag.py:541} INFO - Filling up the DagBag from /home/airflow/.local/lib/python3.7/site-packages/airflow/example_dags/example_external_task_marker_dag.py
[2026-03-03T01:07:09.425+0000] {processor.py:809} INFO - DAG(s) dict_keys(['example_external_task_marker_parent', 'example_external_task_marker_child']) retrieved from /home/airflow/.local/lib/python3.7/site-packages/airflow/example_dags/example_external_task_marker_dag.py
[2026-03-03T01:07:09.436+0000] {logging_mixin.py:149} INFO - [2026-03-03T01:07:09.435+0000] {dag.py:2726} INFO - Sync 2 DAGs
[2026-03-03T01:07:09.464+0000] {logging_mixin.py:149} INFO - [2026-03-03T01:07:09.464+0000] {dag.py:3490} INFO - Setting next_dagrun for example_external_task_marker_child to None, run_after=None
[2026-03-03T01:07:09.467+0000] {logging_mixin.py:149} INFO - [2026-03-03T01:07:09.467+0000] {dag.py:3490} INFO - Setting next_dagrun for example_external_task_marker_parent to None, run_after=None
[2026-03-03T01:07:09.482+0000] {processor.py:178} INFO - Processing /home/airflow/.local/lib/python3.7/site-packages/airflow/example_dags/example_external_task_marker_dag.py took 0.065 seconds
[2026-03-03T01:07:39.576+0000] {processor.py:156} INFO - Started process (PID=111) to work on /home/airflow/.local/lib/python3.7/site-packages/airflow/example_dags/example_external_task_marker_dag.py
[2026-03-03T01:07:39.576+0000] {processor.py:799} INFO - Processing file /home/airflow/.local/lib/python3.7/site-packages/airflow/example_dags/example_external_task_marker_dag.py for tasks to queue
[2026-03-03T01:07:39.577+0000] {logging_mixin.py:149} INFO - [2026-03-03T01:07:39.576+0000] {dagbag.py:541} INFO - Filling up the DagBag from /home/airflow/.local/lib/python3.7/site-packages/airflow/example_dags/example_external_task_marker_dag.py
[2026-03-03T01:07:39.579+0000] {processor.py:809} INFO - DAG(s) dict_keys(['example_external_task_marker_child', 'example_external_task_marker_parent']) retrieved from /home/airflow/.local/lib/python3.7/site-packages/airflow/example_dags/example_external_task_marker_dag.py
[2026-03-03T01:07:39.593+0000] {logging_mixin.py:149} INFO - [2026-03-03T01:07:39.593+0000] {dag.py:2726} INFO - Sync 2 DAGs
[2026-03-03T01:07:39.605+0000] {logging_mixin.py:149} INFO - [2026-03-03T01:07:39.605+0000] {dag.py:3490} INFO - Setting next_dagrun for example_external_task_marker_child to None, run_after=None
[2026-03-03T01:07:39.607+0000] {logging_mixin.py:149} INFO - [2026-03-03T01:07:39.607+0000] {dag.py:3490} INFO - Setting next_dagrun for example_external_task_marker_parent to None, run_after=None
[2026-03-03T01:07:39.620+0000] {processor.py:178} INFO - Processing /home/airflow/.local/lib/python3.7/site-packages/airflow/example_dags/example_external_task_marker_dag.py took 0.046 seconds
[2026-03-03T01:08:14.917+0000] {processor.py:156} INFO - Started process (PID=180) to work on /home/airflow/.local/lib/python3.7/site-packages/airflow/example_dags/example_external_task_marker_dag.py
[2026-03-03T01:08:14.919+0000] {processor.py:799} INFO - Processing file /home/airflow/.local/lib/python3.7/site-packages/airflow/example_dags/example_external_task_marker_dag.py for tasks to queue
[2026-03-03T01:08:14.922+0000] {logging_mixin.py:149} INFO - [2026-03-03T01:08:14.921+0000] {dagbag.py:541} INFO - Filling up the DagBag from /home/airflow/.local/lib/python3.7/site-packages/airflow/example_dags/example_external_task_marker_dag.py
[2026-03-03T01:08:14.940+0000] {processor.py:809} INFO - DAG(s) dict_keys(['example_external_task_marker_child', 'example_external_task_marker_parent']) retrieved from /home/airflow/.local/lib/python3.7/site-packages/airflow/example_dags/example_external_task_marker_dag.py
[2026-03-03T01:08:15.023+0000] {logging_mixin.py:149} INFO - [2026-03-03T01:08:15.022+0000] {dag.py:2726} INFO - Sync 2 DAGs
[2026-03-03T01:08:15.413+0000] {logging_mixin.py:149} INFO - [2026-03-03T01:08:15.413+0000] {dag.py:3490} INFO - Setting next_dagrun for example_external_task_marker_child to None, run_after=None
[2026-03-03T01:08:15.422+0000] {logging_mixin.py:149} INFO - [2026-03-03T01:08:15.422+0000] {dag.py:3490} INFO - Setting next_dagrun for example_external_task_marker_parent to None, run_after=None
[2026-03-03T01:08:15.481+0000] {processor.py:178} INFO - Processing /home/airflow/.local/lib/python3.7/site-packages/airflow/example_dags/example_external_task_marker_dag.py took 0.574 seconds
[2026-03-03T01:08:45.947+0000] {processor.py:156} INFO - Started process (PID=242) to work on /home/airflow/.local/lib/python3.7/site-packages/airflow/example_dags/example_external_task_marker_dag.py
[2026-03-03T01:08:45.951+0000] {processor.py:799} INFO - Processing file /home/airflow/.local/lib/python3.7/site-packages/airflow/example_dags/example_external_task_marker_dag.py for tasks to queue
[2026-03-03T01:08:45.954+0000] {logging_mixin.py:149} INFO - [2026-03-03T01:08:45.953+0000] {dagbag.py:541} INFO - Filling up the DagBag from /home/airflow/.local/lib/python3.7/site-packages/airflow/example_dags/example_external_task_marker_dag.py
[2026-03-03T01:08:45.959+0000] {processor.py:809} INFO - DAG(s) dict_keys(['example_external_task_marker_parent', 'example_external_task_marker_child']) retrieved from /home/airflow/.local/lib/python3.7/site-packages/airflow/example_dags/example_external_task_marker_dag.py
[2026-03-03T01:08:45.985+0000] {logging_mixin.py:149} INFO - [2026-03-03T01:08:45.985+0000] {dag.py:2726} INFO - Sync 2 DAGs
[2026-03-03T01:08:46.009+0000] {logging_mixin.py:149} INFO - [2026-03-03T01:08:46.009+0000] {dag.py:3490} INFO - Setting next_dagrun for example_external_task_marker_child to None, run_after=None
[2026-03-03T01:08:46.012+0000] {logging_mixin.py:149} INFO - [2026-03-03T01:08:46.012+0000] {dag.py:3490} INFO - Setting next_dagrun for example_external_task_marker_parent to None, run_after=None
[2026-03-03T01:08:46.025+0000] {processor.py:178} INFO - Processing /home/airflow/.local/lib/python3.7/site-packages/airflow/example_dags/example_external_task_marker_dag.py took 0.081 seconds
[2026-03-03T01:09:16.907+0000] {processor.py:156} INFO - Started process (PID=304) to work on /home/airflow/.local/lib/python3.7/site-packages/airflow/example_dags/example_external_task_marker_dag.py
[2026-03-03T01:09:16.908+0000] {processor.py:799} INFO - Processing file /home/airflow/.local/lib/python3.7/site-packages/airflow/example_dags/example_external_task_marker_dag.py for tasks to queue
[2026-03-03T01:09:16.908+0000] {logging_mixin.py:149} INFO - [2026-03-03T01:09:16.908+0000] {dagbag.py:541} INFO - Filling up the DagBag from /home/airflow/.local/lib/python3.7/site-packages/airflow/example_dags/example_external_task_marker_dag.py
[2026-03-03T01:09:16.911+0000] {processor.py:809} INFO - DAG(s) dict_keys(['example_external_task_marker_child', 'example_external_task_marker_parent']) retrieved from /home/airflow/.local/lib/python3.7/site-packages/airflow/example_dags/example_external_task_marker_dag.py
[2026-03-03T01:09:16.933+0000] {logging_mixin.py:149} INFO - [2026-03-03T01:09:16.933+0000] {dag.py:2726} INFO - Sync 2 DAGs
[2026-03-03T01:09:16.951+0000] {logging_mixin.py:149} INFO - [2026-03-03T01:09:16.950+0000] {dag.py:3490} INFO - Setting next_dagrun for example_external_task_marker_child to None, run_after=None
[2026-03-03T01:09:16.952+0000] {logging_mixin.py:149} INFO - [2026-03-03T01:09:16.952+0000] {dag.py:3490} INFO - Setting next_dagrun for example_external_task_marker_parent to None, run_after=None
[2026-03-03T01:09:16.966+0000] {processor.py:178} INFO - Processing /home/airflow/.local/lib/python3.7/site-packages/airflow/example_dags/example_external_task_marker_dag.py took 0.062 seconds
[2026-03-03T01:09:47.869+0000] {processor.py:156} INFO - Started process (PID=366) to work on /home/airflow/.local/lib/python3.7/site-packages/airflow/example_dags/example_external_task_marker_dag.py
[2026-03-03T01:09:47.870+0000] {processor.py:799} INFO - Processing file /home/airflow/.local/lib/python3.7/site-packages/airflow/example_dags/example_external_task_marker_dag.py for tasks to queue
[2026-03-03T01:09:47.870+0000] {logging_mixin.py:149} INFO - [2026-03-03T01:09:47.870+0000] {dagbag.py:541} INFO - Filling up the DagBag from /home/airflow/.local/lib/python3.7/site-packages/airflow/example_dags/example_external_task_marker_dag.py
[2026-03-03T01:09:47.874+0000] {processor.py:809} INFO - DAG(s) dict_keys(['example_external_task_marker_parent', 'example_external_task_marker_child']) retrieved from /home/airflow/.local/lib/python3.7/site-packages/airflow/example_dags/example_external_task_marker_dag.py
[2026-03-03T01:09:47.905+0000] {logging_mixin.py:149} INFO - [2026-03-03T01:09:47.905+0000] {dag.py:2726} INFO - Sync 2 DAGs
[2026-03-03T01:09:47.920+0000] {logging_mixin.py:149} INFO - [2026-03-03T01:09:47.920+0000] {dag.py:3490} INFO - Setting next_dagrun for example_external_task_marker_child to None, run_after=None
[2026-03-03T01:09:47.922+0000] {logging_mixin.py:149} INFO - [2026-03-03T01:09:47.922+0000] {dag.py:3490} INFO - Setting next_dagrun for example_external_task_marker_parent to None, run_after=None
[2026-03-03T01:09:47.938+0000] {processor.py:178} INFO - Processing /home/airflow/.local/lib/python3.7/site-packages/airflow/example_dags/example_external_task_marker_dag.py took 0.072 seconds
[2026-03-03T01:10:18.184+0000] {processor.py:156} INFO - Started process (PID=428) to work on /home/airflow/.local/lib/python3.7/site-packages/airflow/example_dags/example_external_task_marker_dag.py
[2026-03-03T01:10:18.187+0000] {processor.py:799} INFO - Processing file /home/airflow/.local/lib/python3.7/site-packages/airflow/example_dags/example_external_task_marker_dag.py for tasks to queue
[2026-03-03T01:10:18.190+0000] {logging_mixin.py:149} INFO - [2026-03-03T01:10:18.189+0000] {dagbag.py:541} INFO - Filling up the DagBag from /home/airflow/.local/lib/python3.7/site-packages/airflow/example_dags/example_external_task_marker_dag.py
[2026-03-03T01:10:18.208+0000] {processor.py:809} INFO - DAG(s) dict_keys(['example_external_task_marker_child', 'example_external_task_marker_parent']) retrieved from /home/airflow/.local/lib/python3.7/site-packages/airflow/example_dags/example_external_task_marker_dag.py
[2026-03-03T01:10:18.311+0000] {logging_mixin.py:149} INFO - [2026-03-03T01:10:18.310+0000] {dag.py:2726} INFO - Sync 2 DAGs
[2026-03-03T01:10:18.390+0000] {logging_mixin.py:149} INFO - [2026-03-03T01:10:18.390+0000] {dag.py:3490} INFO - Setting next_dagrun for example_external_task_marker_child to None, run_after=None
[2026-03-03T01:10:18.406+0000] {logging_mixin.py:149} INFO - [2026-03-03T01:10:18.405+0000] {dag.py:3490} INFO - Setting next_dagrun for example_external_task_marker_parent to None, run_after=None
[2026-03-03T01:10:18.471+0000] {processor.py:178} INFO - Processing /home/airflow/.local/lib/python3.7/site-packages/airflow/example_dags/example_external_task_marker_dag.py took 0.293 seconds
[2026-03-03T01:10:49.306+0000] {processor.py:156} INFO - Started process (PID=490) to work on /home/airflow/.local/lib/python3.7/site-packages/airflow/example_dags/example_external_task_marker_dag.py
[2026-03-03T01:10:49.310+0000] {processor.py:799} INFO - Processing file /home/airflow/.local/lib/python3.7/site-packages/airflow/example_dags/example_external_task_marker_dag.py for tasks to queue
[2026-03-03T01:10:49.312+0000] {logging_mixin.py:149} INFO - [2026-03-03T01:10:49.311+0000] {dagbag.py:541} INFO - Filling up the DagBag from /home/airflow/.local/lib/python3.7/site-packages/airflow/example_dags/example_external_task_marker_dag.py
[2026-03-03T01:10:49.324+0000] {processor.py:809} INFO - DAG(s) dict_keys(['example_external_task_marker_parent', 'example_external_task_marker_child']) retrieved from /home/airflow/.local/lib/python3.7/site-packages/airflow/example_dags/example_external_task_marker_dag.py
[2026-03-03T01:10:49.396+0000] {logging_mixin.py:149} INFO - [2026-03-03T01:10:49.396+0000] {dag.py:2726} INFO - Sync 2 DAGs
[2026-03-03T01:10:49.463+0000] {logging_mixin.py:149} INFO - [2026-03-03T01:10:49.463+0000] {dag.py:3490} INFO - Setting next_dagrun for example_external_task_marker_child to None, run_after=None
[2026-03-03T01:10:49.478+0000] {logging_mixin.py:149} INFO - [2026-03-03T01:10:49.478+0000] {dag.py:3490} INFO - Setting next_dagrun for example_external_task_marker_parent to None, run_after=None
[2026-03-03T01:10:49.539+0000] {processor.py:178} INFO - Processing /home/airflow/.local/lib/python3.7/site-packages/airflow/example_dags/example_external_task_marker_dag.py took 0.241 seconds
[2026-03-03T01:11:19.733+0000] {processor.py:156} INFO - Started process (PID=552) to work on /home/airflow/.local/lib/python3.7/site-packages/airflow/example_dags/example_external_task_marker_dag.py
[2026-03-03T01:11:19.735+0000] {processor.py:799} INFO - Processing file /home/airflow/.local/lib/python3.7/site-packages/airflow/example_dags/example_external_task_marker_dag.py for tasks to queue
[2026-03-03T01:11:19.736+0000] {logging_mixin.py:149} INFO - [2026-03-03T01:11:19.736+0000] {dagbag.py:541} INFO - Filling up the DagBag from /home/airflow/.local/lib/python3.7/site-packages/airflow/example_dags/example_external_task_marker_dag.py
[2026-03-03T01:11:19.740+0000] {processor.py:809} INFO - DAG(s) dict_keys(['example_external_task_marker_child', 'example_external_task_marker_parent']) retrieved from /home/airflow/.local/lib/python3.7/site-packages/airflow/example_dags/example_external_task_marker_dag.py
[2026-03-03T01:11:19.770+0000] {logging_mixin.py:149} INFO - [2026-03-03T01:11:19.770+0000] {dag.py:2726} INFO - Sync 2 DAGs
[2026-03-03T01:11:19.788+0000] {logging_mixin.py:149} INFO - [2026-03-03T01:11:19.788+0000] {dag.py:3490} INFO - Setting next_dagrun for example_external_task_marker_child to None, run_after=None
[2026-03-03T01:11:19.789+0000] {logging_mixin.py:149} INFO - [2026-03-03T01:11:19.789+0000] {dag.py:3490} INFO - Setting next_dagrun for example_external_task_marker_parent to None, run_after=None
[2026-03-03T01:11:19.805+0000] {processor.py:178} INFO - Processing /home/airflow/.local/lib/python3.7/site-packages/airflow/example_dags/example_external_task_marker_dag.py took 0.076 seconds
[2026-03-03T01:11:50.366+0000] {processor.py:156} INFO - Started process (PID=614) to work on /home/airflow/.local/lib/python3.7/site-packages/airflow/example_dags/example_external_task_marker_dag.py
[2026-03-03T01:11:50.370+0000] {processor.py:799} INFO - Processing file /home/airflow/.local/lib/python3.7/site-packages/airflow/example_dags/example_external_task_marker_dag.py for tasks to queue
[2026-03-03T01:11:50.372+0000] {logging_mixin.py:149} INFO - [2026-03-03T01:11:50.371+0000] {dagbag.py:541} INFO - Filling up the DagBag from /home/airflow/.local/lib/python3.7/site-packages/airflow/example_dags/example_external_task_marker_dag.py
[2026-03-03T01:11:50.385+0000] {processor.py:809} INFO - DAG(s) dict_keys(['example_external_task_marker_parent', 'example_external_task_marker_child']) retrieved from /home/airflow/.local/lib/python3.7/site-packages/airflow/example_dags/example_external_task_marker_dag.py
[2026-03-03T01:11:50.468+0000] {logging_mixin.py:149} INFO - [2026-03-03T01:11:50.468+0000] {dag.py:2726} INFO - Sync 2 DAGs
[2026-03-03T01:11:50.536+0000] {logging_mixin.py:149} INFO - [2026-03-03T01:11:50.536+0000] {dag.py:3490} INFO - Setting next_dagrun for example_external_task_marker_child to None, run_after=None
[2026-03-03T01:11:50.547+0000] {logging_mixin.py:149} INFO - [2026-03-03T01:11:50.547+0000] {dag.py:3490} INFO - Setting next_dagrun for example_external_task_marker_parent to None, run_after=None
[2026-03-03T01:11:50.607+0000] {processor.py:178} INFO - Processing /home/airflow/.local/lib/python3.7/site-packages/airflow/example_dags/example_external_task_marker_dag.py took 0.248 seconds
[2026-03-03T01:12:21.271+0000] {processor.py:156} INFO - Started process (PID=676) to work on /home/airflow/.local/lib/python3.7/site-packages/airflow/example_dags/example_external_task_marker_dag.py
[2026-03-03T01:12:21.273+0000] {processor.py:799} INFO - Processing file /home/airflow/.local/lib/python3.7/site-packages/airflow/example_dags/example_external_task_marker_dag.py for tasks to queue
[2026-03-03T01:12:21.275+0000] {logging_mixin.py:149} INFO - [2026-03-03T01:12:21.275+0000] {dagbag.py:541} INFO - Filling up the DagBag from /home/airflow/.local/lib/python3.7/site-packages/airflow/example_dags/example_external_task_marker_dag.py
[2026-03-03T01:12:21.288+0000] {processor.py:809} INFO - DAG(s) dict_keys(['example_external_task_marker_child', 'example_external_task_marker_parent']) retrieved from /home/airflow/.local/lib/python3.7/site-packages/airflow/example_dags/example_external_task_marker_dag.py
[2026-03-03T01:12:21.347+0000] {logging_mixin.py:149} INFO - [2026-03-03T01:12:21.346+0000] {dag.py:2726} INFO - Sync 2 DAGs
[2026-03-03T01:12:21.403+0000] {logging_mixin.py:149} INFO - [2026-03-03T01:12:21.403+0000] {dag.py:3490} INFO - Setting next_dagrun for example_external_task_marker_child to None, run_after=None
[2026-03-03T01:12:21.412+0000] {logging_mixin.py:149} INFO - [2026-03-03T01:12:21.412+0000] {dag.py:3490} INFO - Setting next_dagrun for example_external_task_marker_parent to None, run_after=None
[2026-03-03T01:12:21.463+0000] {processor.py:178} INFO - Processing /home/airflow/.local/lib/python3.7/site-packages/airflow/example_dags/example_external_task_marker_dag.py took 0.199 seconds
[2026-03-03T01:12:51.893+0000] {processor.py:156} INFO - Started process (PID=738) to work on /home/airflow/.local/lib/python3.7/site-packages/airflow/example_dags/example_external_task_marker_dag.py
[2026-03-03T01:12:51.894+0000] {processor.py:799} INFO - Processing file /home/airflow/.local/lib/python3.7/site-packages/airflow/example_dags/example_external_task_marker_dag.py for tasks to queue
[2026-03-03T01:12:51.895+0000] {logging_mixin.py:149} INFO - [2026-03-03T01:12:51.894+0000] {dagbag.py:541} INFO - Filling up the DagBag from /home/airflow/.local/lib/python3.7/site-packages/airflow/example_dags/example_external_task_marker_dag.py
[2026-03-03T01:12:51.898+0000] {processor.py:809} INFO - DAG(s) dict_keys(['example_external_task_marker_parent', 'example_external_task_marker_child']) retrieved from /home/airflow/.local/lib/python3.7/site-packages/airflow/example_dags/example_external_task_marker_dag.py
[2026-03-03T01:12:51.912+0000] {logging_mixin.py:149} INFO - [2026-03-03T01:12:51.912+0000] {dag.py:2726} INFO - Sync 2 DAGs
[2026-03-03T01:12:51.923+0000] {logging_mixin.py:149} INFO - [2026-03-03T01:12:51.923+0000] {dag.py:3490} INFO - Setting next_dagrun for example_external_task_marker_child to None, run_after=None
[2026-03-03T01:12:51.925+0000] {logging_mixin.py:149} INFO - [2026-03-03T01:12:51.925+0000] {dag.py:3490} INFO - Setting next_dagrun for example_external_task_marker_parent to None, run_after=None
[2026-03-03T01:12:51.932+0000] {processor.py:178} INFO - Processing /home/airflow/.local/lib/python3.7/site-packages/airflow/example_dags/example_external_task_marker_dag.py took 0.041 seconds
[2026-03-03T01:13:22.313+0000] {processor.py:156} INFO - Started process (PID=800) to work on /home/airflow/.local/lib/python3.7/site-packages/airflow/example_dags/example_external_task_marker_dag.py
[2026-03-03T01:13:22.313+0000] {processor.py:799} INFO - Processing file /home/airflow/.local/lib/python3.7/site-packages/airflow/example_dags/example_external_task_marker_dag.py for tasks to queue
[2026-03-03T01:13:22.313+0000] {logging_mixin.py:149} INFO - [2026-03-03T01:13:22.313+0000] {dagbag.py:541} INFO - Filling up the DagBag from /home/airflow/.local/lib/python3.7/site-packages/airflow/example_dags/example_external_task_marker_dag.py
[2026-03-03T01:13:22.316+0000] {processor.py:809} INFO - DAG(s) dict_keys(['example_external_task_marker_parent', 'example_external_task_marker_child']) retrieved from /home/airflow/.local/lib/python3.7/site-packages/airflow/example_dags/example_external_task_marker_dag.py
[2026-03-03T01:13:22.331+0000] {logging_mixin.py:149} INFO - [2026-03-03T01:13:22.330+0000] {dag.py:2726} INFO - Sync 2 DAGs
[2026-03-03T01:13:22.343+0000] {logging_mixin.py:149} INFO - [2026-03-03T01:13:22.343+0000] {dag.py:3490} INFO - Setting next_dagrun for example_external_task_marker_child to None, run_after=None
[2026-03-03T01:13:22.344+0000] {logging_mixin.py:149} INFO - [2026-03-03T01:13:22.344+0000] {dag.py:3490} INFO - Setting next_dagrun for example_external_task_marker_parent to None, run_after=None
[2026-03-03T01:13:22.353+0000] {processor.py:178} INFO - Processing /home/airflow/.local/lib/python3.7/site-packages/airflow/example_dags/example_external_task_marker_dag.py took 0.042 seconds
[2026-03-03T01:13:52.988+0000] {processor.py:156} INFO - Started process (PID=862) to work on /home/airflow/.local/lib/python3.7/site-packages/airflow/example_dags/example_external_task_marker_dag.py
[2026-03-03T01:13:52.988+0000] {processor.py:799} INFO - Processing file /home/airflow/.local/lib/python3.7/site-packages/airflow/example_dags/example_external_task_marker_dag.py for tasks to queue
[2026-03-03T01:13:52.989+0000] {logging_mixin.py:149} INFO - [2026-03-03T01:13:52.989+0000] {dagbag.py:541} INFO - Filling up the DagBag from /home/airflow/.local/lib/python3.7/site-packages/airflow/example_dags/example_external_task_marker_dag.py
[2026-03-03T01:13:52.992+0000] {processor.py:809} INFO - DAG(s) dict_keys(['example_external_task_marker_parent', 'example_external_task_marker_child']) retrieved from /home/airflow/.local/lib/python3.7/site-packages/airflow/example_dags/example_external_task_marker_dag.py
[2026-03-03T01:13:53.007+0000] {logging_mixin.py:149} INFO - [2026-03-03T01:13:53.007+0000] {dag.py:2726} INFO - Sync 2 DAGs
[2026-03-03T01:13:53.020+0000] {logging_mixin.py:149} INFO - [2026-03-03T01:13:53.019+0000] {dag.py:3490} INFO - Setting next_dagrun for example_external_task_marker_child to None, run_after=None
[2026-03-03T01:13:53.022+0000] {logging_mixin.py:149} INFO - [2026-03-03T01:13:53.022+0000] {dag.py:3490} INFO - Setting next_dagrun for example_external_task_marker_parent to None, run_after=None
[2026-03-03T01:13:53.030+0000] {processor.py:178} INFO - Processing /home/airflow/.local/lib/python3.7/site-packages/airflow/example_dags/example_external_task_marker_dag.py took 0.043 seconds
[2026-03-03T01:14:23.760+0000] {processor.py:156} INFO - Started process (PID=924) to work on /home/airflow/.local/lib/python3.7/site-packages/airflow/example_dags/example_external_task_marker_dag.py
[2026-03-03T01:14:23.761+0000] {processor.py:799} INFO - Processing file /home/airflow/.local/lib/python3.7/site-packages/airflow/example_dags/example_external_task_marker_dag.py for tasks to queue
[2026-03-03T01:14:23.762+0000] {logging_mixin.py:149} INFO - [2026-03-03T01:14:23.762+0000] {dagbag.py:541} INFO - Filling up the DagBag from /home/airflow/.local/lib/python3.7/site-packages/airflow/example_dags/example_external_task_marker_dag.py
[2026-03-03T01:14:23.767+0000] {processor.py:809} INFO - DAG(s) dict_keys(['example_external_task_marker_parent', 'example_external_task_marker_child']) retrieved from /home/airflow/.local/lib/python3.7/site-packages/airflow/example_dags/example_external_task_marker_dag.py
[2026-03-03T01:14:23.787+0000] {logging_mixin.py:149} INFO - [2026-03-03T01:14:23.786+0000] {dag.py:2726} INFO - Sync 2 DAGs
[2026-03-03T01:14:23.803+0000] {logging_mixin.py:149} INFO - [2026-03-03T01:14:23.803+0000] {dag.py:3490} INFO - Setting next_dagrun for example_external_task_marker_child to None, run_after=None
[2026-03-03T01:14:23.805+0000] {logging_mixin.py:149} INFO - [2026-03-03T01:14:23.805+0000] {dag.py:3490} INFO - Setting next_dagrun for example_external_task_marker_parent to None, run_after=None
[2026-03-03T01:14:23.814+0000] {processor.py:178} INFO - Processing /home/airflow/.local/lib/python3.7/site-packages/airflow/example_dags/example_external_task_marker_dag.py took 0.057 seconds
[2026-03-03T01:14:54.035+0000] {processor.py:156} INFO - Started process (PID=986) to work on /home/airflow/.local/lib/python3.7/site-packages/airflow/example_dags/example_external_task_marker_dag.py
[2026-03-03T01:14:54.037+0000] {processor.py:799} INFO - Processing file /home/airflow/.local/lib/python3.7/site-packages/airflow/example_dags/example_external_task_marker_dag.py for tasks to queue
[2026-03-03T01:14:54.038+0000] {logging_mixin.py:149} INFO - [2026-03-03T01:14:54.038+0000] {dagbag.py:541} INFO - Filling up the DagBag from /home/airflow/.local/lib/python3.7/site-packages/airflow/example_dags/example_external_task_marker_dag.py
[2026-03-03T01:14:54.050+0000] {processor.py:809} INFO - DAG(s) dict_keys(['example_external_task_marker_child', 'example_external_task_marker_parent']) retrieved from /home/airflow/.local/lib/python3.7/site-packages/airflow/example_dags/example_external_task_marker_dag.py
[2026-03-03T01:14:54.108+0000] {logging_mixin.py:149} INFO - [2026-03-03T01:14:54.107+0000] {dag.py:2726} INFO - Sync 2 DAGs
[2026-03-03T01:14:54.165+0000] {logging_mixin.py:149} INFO - [2026-03-03T01:14:54.164+0000] {dag.py:3490} INFO - Setting next_dagrun for example_external_task_marker_child to None, run_after=None
[2026-03-03T01:14:54.173+0000] {logging_mixin.py:149} INFO - [2026-03-03T01:14:54.173+0000] {dag.py:3490} INFO - Setting next_dagrun for example_external_task_marker_parent to None, run_after=None
[2026-03-03T01:14:54.214+0000] {processor.py:178} INFO - Processing /home/airflow/.local/lib/python3.7/site-packages/airflow/example_dags/example_external_task_marker_dag.py took 0.185 seconds
[2026-03-03T01:15:25.086+0000] {processor.py:156} INFO - Started process (PID=1048) to work on /home/airflow/.local/lib/python3.7/site-packages/airflow/example_dags/example_external_task_marker_dag.py
[2026-03-03T01:15:25.087+0000] {processor.py:799} INFO - Processing file /home/airflow/.local/lib/python3.7/site-packages/airflow/example_dags/example_external_task_marker_dag.py for tasks to queue
[2026-03-03T01:15:25.087+0000] {logging_mixin.py:149} INFO - [2026-03-03T01:15:25.087+0000] {dagbag.py:541} INFO - Filling up the DagBag from /home/airflow/.local/lib/python3.7/site-packages/airflow/example_dags/example_external_task_marker_dag.py
[2026-03-03T01:15:25.091+0000] {processor.py:809} INFO - DAG(s) dict_keys(['example_external_task_marker_parent', 'example_external_task_marker_child']) retrieved from /home/airflow/.local/lib/python3.7/site-packages/airflow/example_dags/example_external_task_marker_dag.py
[2026-03-03T01:15:25.111+0000] {logging_mixin.py:149} INFO - [2026-03-03T01:15:25.111+0000] {dag.py:2726} INFO - Sync 2 DAGs
[2026-03-03T01:15:25.128+0000] {logging_mixin.py:149} INFO - [2026-03-03T01:15:25.127+0000] {dag.py:3490} INFO - Setting next_dagrun for example_external_task_marker_child to None, run_after=None
[2026-03-03T01:15:25.129+0000] {logging_mixin.py:149} INFO - [2026-03-03T01:15:25.129+0000] {dag.py:3490} INFO - Setting next_dagrun for example_external_task_marker_parent to None, run_after=None
[2026-03-03T01:15:25.140+0000] {processor.py:178} INFO - Processing /home/airflow/.local/lib/python3.7/site-packages/airflow/example_dags/example_external_task_marker_dag.py took 0.058 seconds
[2026-03-03T01:15:55.890+0000] {processor.py:156} INFO - Started process (PID=1109) to work on /home/airflow/.local/lib/python3.7/site-packages/airflow/example_dags/example_external_task_marker_dag.py
[2026-03-03T01:15:55.891+0000] {processor.py:799} INFO - Processing file /home/airflow/.local/lib/python3.7/site-packages/airflow/example_dags/example_external_task_marker_dag.py for tasks to queue
[2026-03-03T01:15:55.892+0000] {logging_mixin.py:149} INFO - [2026-03-03T01:15:55.891+0000] {dagbag.py:541} INFO - Filling up the DagBag from /home/airflow/.local/lib/python3.7/site-packages/airflow/example_dags/example_external_task_marker_dag.py
[2026-03-03T01:15:55.895+0000] {processor.py:809} INFO - DAG(s) dict_keys(['example_external_task_marker_child', 'example_external_task_marker_parent']) retrieved from /home/airflow/.local/lib/python3.7/site-packages/airflow/example_dags/example_external_task_marker_dag.py
[2026-03-03T01:15:55.917+0000] {logging_mixin.py:149} INFO - [2026-03-03T01:15:55.916+0000] {dag.py:2726} INFO - Sync 2 DAGs
[2026-03-03T01:15:55.931+0000] {logging_mixin.py:149} INFO - [2026-03-03T01:15:55.931+0000] {dag.py:3490} INFO - Setting next_dagrun for example_external_task_marker_child to None, run_after=None
[2026-03-03T01:15:55.933+0000] {logging_mixin.py:149} INFO - [2026-03-03T01:15:55.933+0000] {dag.py:3490} INFO - Setting next_dagrun for example_external_task_marker_parent to None, run_after=None
[2026-03-03T01:15:55.943+0000] {processor.py:178} INFO - Processing /home/airflow/.local/lib/python3.7/site-packages/airflow/example_dags/example_external_task_marker_dag.py took 0.055 seconds
[2026-03-03T01:16:26.603+0000] {processor.py:156} INFO - Started process (PID=1171) to work on /home/airflow/.local/lib/python3.7/site-packages/airflow/example_dags/example_external_task_marker_dag.py
[2026-03-03T01:16:26.605+0000] {processor.py:799} INFO - Processing file /home/airflow/.local/lib/python3.7/site-packages/airflow/example_dags/example_external_task_marker_dag.py for tasks to queue
[2026-03-03T01:16:26.607+0000] {logging_mixin.py:149} INFO - [2026-03-03T01:16:26.606+0000] {dagbag.py:541} INFO - Filling up the DagBag from /home/airflow/.local/lib/python3.7/site-packages/airflow/example_dags/example_external_task_marker_dag.py
[2026-03-03T01:16:26.623+0000] {processor.py:809} INFO - DAG(s) dict_keys(['example_external_task_marker_child', 'example_external_task_marker_parent']) retrieved from /home/airflow/.local/lib/python3.7/site-packages/airflow/example_dags/example_external_task_marker_dag.py
[2026-03-03T01:16:26.703+0000] {logging_mixin.py:149} INFO - [2026-03-03T01:16:26.702+0000] {dag.py:2726} INFO - Sync 2 DAGs
[2026-03-03T01:16:26.788+0000] {logging_mixin.py:149} INFO - [2026-03-03T01:16:26.787+0000] {dag.py:3490} INFO - Setting next_dagrun for example_external_task_marker_child to None, run_after=None
[2026-03-03T01:16:26.798+0000] {logging_mixin.py:149} INFO - [2026-03-03T01:16:26.798+0000] {dag.py:3490} INFO - Setting next_dagrun for example_external_task_marker_parent to None, run_after=None
[2026-03-03T01:16:26.858+0000] {processor.py:178} INFO - Processing /home/airflow/.local/lib/python3.7/site-packages/airflow/example_dags/example_external_task_marker_dag.py took 0.264 seconds
[2026-03-03T01:16:57.872+0000] {processor.py:156} INFO - Started process (PID=1233) to work on /home/airflow/.local/lib/python3.7/site-packages/airflow/example_dags/example_external_task_marker_dag.py
[2026-03-03T01:16:57.874+0000] {processor.py:799} INFO - Processing file /home/airflow/.local/lib/python3.7/site-packages/airflow/example_dags/example_external_task_marker_dag.py for tasks to queue
[2026-03-03T01:16:57.875+0000] {logging_mixin.py:149} INFO - [2026-03-03T01:16:57.875+0000] {dagbag.py:541} INFO - Filling up the DagBag from /home/airflow/.local/lib/python3.7/site-packages/airflow/example_dags/example_external_task_marker_dag.py
[2026-03-03T01:16:57.889+0000] {processor.py:809} INFO - DAG(s) dict_keys(['example_external_task_marker_child', 'example_external_task_marker_parent']) retrieved from /home/airflow/.local/lib/python3.7/site-packages/airflow/example_dags/example_external_task_marker_dag.py
[2026-03-03T01:16:57.939+0000] {logging_mixin.py:149} INFO - [2026-03-03T01:16:57.938+0000] {dag.py:2726} INFO - Sync 2 DAGs
[2026-03-03T01:16:57.988+0000] {logging_mixin.py:149} INFO - [2026-03-03T01:16:57.987+0000] {dag.py:3490} INFO - Setting next_dagrun for example_external_task_marker_child to None, run_after=None
[2026-03-03T01:16:57.993+0000] {logging_mixin.py:149} INFO - [2026-03-03T01:16:57.993+0000] {dag.py:3490} INFO - Setting next_dagrun for example_external_task_marker_parent to None, run_after=None
[2026-03-03T01:16:58.026+0000] {processor.py:178} INFO - Processing /home/airflow/.local/lib/python3.7/site-packages/airflow/example_dags/example_external_task_marker_dag.py took 0.160 seconds
[2026-03-03T01:17:28.580+0000] {processor.py:156} INFO - Started process (PID=1295) to work on /home/airflow/.local/lib/python3.7/site-packages/airflow/example_dags/example_external_task_marker_dag.py
[2026-03-03T01:17:28.582+0000] {processor.py:799} INFO - Processing file /home/airflow/.local/lib/python3.7/site-packages/airflow/example_dags/example_external_task_marker_dag.py for tasks to queue
[2026-03-03T01:17:28.583+0000] {logging_mixin.py:149} INFO - [2026-03-03T01:17:28.583+0000] {dagbag.py:541} INFO - Filling up the DagBag from /home/airflow/.local/lib/python3.7/site-packages/airflow/example_dags/example_external_task_marker_dag.py
[2026-03-03T01:17:28.587+0000] {processor.py:809} INFO - DAG(s) dict_keys(['example_external_task_marker_parent', 'example_external_task_marker_child']) retrieved from /home/airflow/.local/lib/python3.7/site-packages/airflow/example_dags/example_external_task_marker_dag.py
[2026-03-03T01:17:28.601+0000] {logging_mixin.py:149} INFO - [2026-03-03T01:17:28.601+0000] {dag.py:2726} INFO - Sync 2 DAGs
[2026-03-03T01:17:28.613+0000] {logging_mixin.py:149} INFO - [2026-03-03T01:17:28.613+0000] {dag.py:3490} INFO - Setting next_dagrun for example_external_task_marker_child to None, run_after=None
[2026-03-03T01:17:28.615+0000] {logging_mixin.py:149} INFO - [2026-03-03T01:17:28.615+0000] {dag.py:3490} INFO - Setting next_dagrun for example_external_task_marker_parent to None, run_after=None
[2026-03-03T01:17:28.622+0000] {processor.py:178} INFO - Processing /home/airflow/.local/lib/python3.7/site-packages/airflow/example_dags/example_external_task_marker_dag.py took 0.045 seconds
[2026-03-03T01:17:59.567+0000] {processor.py:156} INFO - Started process (PID=1357) to work on /home/airflow/.local/lib/python3.7/site-packages/airflow/example_dags/example_external_task_marker_dag.py
[2026-03-03T01:17:59.568+0000] {processor.py:799} INFO - Processing file /home/airflow/.local/lib/python3.7/site-packages/airflow/example_dags/example_external_task_marker_dag.py for tasks to queue
[2026-03-03T01:17:59.569+0000] {logging_mixin.py:149} INFO - [2026-03-03T01:17:59.569+0000] {dagbag.py:541} INFO - Filling up the DagBag from /home/airflow/.local/lib/python3.7/site-packages/airflow/example_dags/example_external_task_marker_dag.py
[2026-03-03T01:17:59.573+0000] {processor.py:809} INFO - DAG(s) dict_keys(['example_external_task_marker_parent', 'example_external_task_marker_child']) retrieved from /home/airflow/.local/lib/python3.7/site-packages/airflow/example_dags/example_external_task_marker_dag.py
[2026-03-03T01:17:59.594+0000] {logging_mixin.py:149} INFO - [2026-03-03T01:17:59.593+0000] {dag.py:2726} INFO - Sync 2 DAGs
[2026-03-03T01:17:59.612+0000] {logging_mixin.py:149} INFO - [2026-03-03T01:17:59.612+0000] {dag.py:3490} INFO - Setting next_dagrun for example_external_task_marker_child to None, run_after=None
[2026-03-03T01:17:59.614+0000] {logging_mixin.py:149} INFO - [2026-03-03T01:17:59.614+0000] {dag.py:3490} INFO - Setting next_dagrun for example_external_task_marker_parent to None, run_after=None
[2026-03-03T01:17:59.624+0000] {processor.py:178} INFO - Processing /home/airflow/.local/lib/python3.7/site-packages/airflow/example_dags/example_external_task_marker_dag.py took 0.061 seconds
[2026-03-03T01:18:30.117+0000] {processor.py:156} INFO - Started process (PID=1419) to work on /home/airflow/.local/lib/python3.7/site-packages/airflow/example_dags/example_external_task_marker_dag.py
[2026-03-03T01:18:30.118+0000] {processor.py:799} INFO - Processing file /home/airflow/.local/lib/python3.7/site-packages/airflow/example_dags/example_external_task_marker_dag.py for tasks to queue
[2026-03-03T01:18:30.120+0000] {logging_mixin.py:149} INFO - [2026-03-03T01:18:30.119+0000] {dagbag.py:541} INFO - Filling up the DagBag from /home/airflow/.local/lib/python3.7/site-packages/airflow/example_dags/example_external_task_marker_dag.py
[2026-03-03T01:18:30.133+0000] {processor.py:809} INFO - DAG(s) dict_keys(['example_external_task_marker_parent', 'example_external_task_marker_child']) retrieved from /home/airflow/.local/lib/python3.7/site-packages/airflow/example_dags/example_external_task_marker_dag.py
[2026-03-03T01:18:30.193+0000] {logging_mixin.py:149} INFO - [2026-03-03T01:18:30.193+0000] {dag.py:2726} INFO - Sync 2 DAGs
[2026-03-03T01:18:30.252+0000] {logging_mixin.py:149} INFO - [2026-03-03T01:18:30.251+0000] {dag.py:3490} INFO - Setting next_dagrun for example_external_task_marker_child to None, run_after=None
[2026-03-03T01:18:30.261+0000] {logging_mixin.py:149} INFO - [2026-03-03T01:18:30.261+0000] {dag.py:3490} INFO - Setting next_dagrun for example_external_task_marker_parent to None, run_after=None
[2026-03-03T01:18:30.310+0000] {processor.py:178} INFO - Processing /home/airflow/.local/lib/python3.7/site-packages/airflow/example_dags/example_external_task_marker_dag.py took 0.201 seconds
[2026-03-03T01:19:00.537+0000] {processor.py:156} INFO - Started process (PID=1481) to work on /home/airflow/.local/lib/python3.7/site-packages/airflow/example_dags/example_external_task_marker_dag.py
[2026-03-03T01:19:00.539+0000] {processor.py:799} INFO - Processing file /home/airflow/.local/lib/python3.7/site-packages/airflow/example_dags/example_external_task_marker_dag.py for tasks to queue
[2026-03-03T01:19:00.541+0000] {logging_mixin.py:149} INFO - [2026-03-03T01:19:00.540+0000] {dagbag.py:541} INFO - Filling up the DagBag from /home/airflow/.local/lib/python3.7/site-packages/airflow/example_dags/example_external_task_marker_dag.py
[2026-03-03T01:19:00.553+0000] {processor.py:809} INFO - DAG(s) dict_keys(['example_external_task_marker_child', 'example_external_task_marker_parent']) retrieved from /home/airflow/.local/lib/python3.7/site-packages/airflow/example_dags/example_external_task_marker_dag.py
[2026-03-03T01:19:00.612+0000] {logging_mixin.py:149} INFO - [2026-03-03T01:19:00.611+0000] {dag.py:2726} INFO - Sync 2 DAGs
[2026-03-03T01:19:00.670+0000] {logging_mixin.py:149} INFO - [2026-03-03T01:19:00.669+0000] {dag.py:3490} INFO - Setting next_dagrun for example_external_task_marker_child to None, run_after=None
[2026-03-03T01:19:00.679+0000] {logging_mixin.py:149} INFO - [2026-03-03T01:19:00.678+0000] {dag.py:3490} INFO - Setting next_dagrun for example_external_task_marker_parent to None, run_after=None
[2026-03-03T01:19:00.720+0000] {processor.py:178} INFO - Processing /home/airflow/.local/lib/python3.7/site-packages/airflow/example_dags/example_external_task_marker_dag.py took 0.189 seconds
[2026-03-03T01:19:30.868+0000] {processor.py:156} INFO - Started process (PID=1543) to work on /home/airflow/.local/lib/python3.7/site-packages/airflow/example_dags/example_external_task_marker_dag.py
[2026-03-03T01:19:30.869+0000] {processor.py:799} INFO - Processing file /home/airflow/.local/lib/python3.7/site-packages/airflow/example_dags/example_external_task_marker_dag.py for tasks to queue
[2026-03-03T01:19:30.870+0000] {logging_mixin.py:149} INFO - [2026-03-03T01:19:30.870+0000] {dagbag.py:541} INFO - Filling up the DagBag from /home/airflow/.local/lib/python3.7/site-packages/airflow/example_dags/example_external_task_marker_dag.py
[2026-03-03T01:19:30.873+0000] {processor.py:809} INFO - DAG(s) dict_keys(['example_external_task_marker_child', 'example_external_task_marker_parent']) retrieved from /home/airflow/.local/lib/python3.7/site-packages/airflow/example_dags/example_external_task_marker_dag.py
[2026-03-03T01:19:30.888+0000] {logging_mixin.py:149} INFO - [2026-03-03T01:19:30.888+0000] {dag.py:2726} INFO - Sync 2 DAGs
[2026-03-03T01:19:30.902+0000] {logging_mixin.py:149} INFO - [2026-03-03T01:19:30.901+0000] {dag.py:3490} INFO - Setting next_dagrun for example_external_task_marker_child to None, run_after=None
[2026-03-03T01:19:30.905+0000] {logging_mixin.py:149} INFO - [2026-03-03T01:19:30.905+0000] {dag.py:3490} INFO - Setting next_dagrun for example_external_task_marker_parent to None, run_after=None
[2026-03-03T01:19:30.913+0000] {processor.py:178} INFO - Processing /home/airflow/.local/lib/python3.7/site-packages/airflow/example_dags/example_external_task_marker_dag.py took 0.048 seconds
[2026-03-03T01:20:01.547+0000] {processor.py:156} INFO - Started process (PID=1605) to work on /home/airflow/.local/lib/python3.7/site-packages/airflow/example_dags/example_external_task_marker_dag.py
[2026-03-03T01:20:01.548+0000] {processor.py:799} INFO - Processing file /home/airflow/.local/lib/python3.7/site-packages/airflow/example_dags/example_external_task_marker_dag.py for tasks to queue
[2026-03-03T01:20:01.548+0000] {logging_mixin.py:149} INFO - [2026-03-03T01:20:01.548+0000] {dagbag.py:541} INFO - Filling up the DagBag from /home/airflow/.local/lib/python3.7/site-packages/airflow/example_dags/example_external_task_marker_dag.py
[2026-03-03T01:20:01.551+0000] {processor.py:809} INFO - DAG(s) dict_keys(['example_external_task_marker_child', 'example_external_task_marker_parent']) retrieved from /home/airflow/.local/lib/python3.7/site-packages/airflow/example_dags/example_external_task_marker_dag.py
[2026-03-03T01:20:01.566+0000] {logging_mixin.py:149} INFO - [2026-03-03T01:20:01.566+0000] {dag.py:2726} INFO - Sync 2 DAGs
[2026-03-03T01:20:01.577+0000] {logging_mixin.py:149} INFO - [2026-03-03T01:20:01.577+0000] {dag.py:3490} INFO - Setting next_dagrun for example_external_task_marker_child to None, run_after=None
[2026-03-03T01:20:01.578+0000] {logging_mixin.py:149} INFO - [2026-03-03T01:20:01.578+0000] {dag.py:3490} INFO - Setting next_dagrun for example_external_task_marker_parent to None, run_after=None
[2026-03-03T01:20:01.586+0000] {processor.py:178} INFO - Processing /home/airflow/.local/lib/python3.7/site-packages/airflow/example_dags/example_external_task_marker_dag.py took 0.040 seconds
[2026-03-03T01:20:32.241+0000] {processor.py:156} INFO - Started process (PID=1667) to work on /home/airflow/.local/lib/python3.7/site-packages/airflow/example_dags/example_external_task_marker_dag.py
[2026-03-03T01:20:32.242+0000] {processor.py:799} INFO - Processing file /home/airflow/.local/lib/python3.7/site-packages/airflow/example_dags/example_external_task_marker_dag.py for tasks to queue
[2026-03-03T01:20:32.242+0000] {logging_mixin.py:149} INFO - [2026-03-03T01:20:32.242+0000] {dagbag.py:541} INFO - Filling up the DagBag from /home/airflow/.local/lib/python3.7/site-packages/airflow/example_dags/example_external_task_marker_dag.py
[2026-03-03T01:20:32.245+0000] {processor.py:809} INFO - DAG(s) dict_keys(['example_external_task_marker_parent', 'example_external_task_marker_child']) retrieved from /home/airflow/.local/lib/python3.7/site-packages/airflow/example_dags/example_external_task_marker_dag.py
[2026-03-03T01:20:32.259+0000] {logging_mixin.py:149} INFO - [2026-03-03T01:20:32.259+0000] {dag.py:2726} INFO - Sync 2 DAGs
[2026-03-03T01:20:32.270+0000] {logging_mixin.py:149} INFO - [2026-03-03T01:20:32.270+0000] {dag.py:3490} INFO - Setting next_dagrun for example_external_task_marker_child to None, run_after=None
[2026-03-03T01:20:32.272+0000] {logging_mixin.py:149} INFO - [2026-03-03T01:20:32.272+0000] {dag.py:3490} INFO - Setting next_dagrun for example_external_task_marker_parent to None, run_after=None
[2026-03-03T01:20:32.281+0000] {processor.py:178} INFO - Processing /home/airflow/.local/lib/python3.7/site-packages/airflow/example_dags/example_external_task_marker_dag.py took 0.042 seconds
[2026-03-03T01:21:02.892+0000] {processor.py:156} INFO - Started process (PID=1729) to work on /home/airflow/.local/lib/python3.7/site-packages/airflow/example_dags/example_external_task_marker_dag.py
[2026-03-03T01:21:02.893+0000] {processor.py:799} INFO - Processing file /home/airflow/.local/lib/python3.7/site-packages/airflow/example_dags/example_external_task_marker_dag.py for tasks to queue
[2026-03-03T01:21:02.893+0000] {logging_mixin.py:149} INFO - [2026-03-03T01:21:02.893+0000] {dagbag.py:541} INFO - Filling up the DagBag from /home/airflow/.local/lib/python3.7/site-packages/airflow/example_dags/example_external_task_marker_dag.py
[2026-03-03T01:21:02.897+0000] {processor.py:809} INFO - DAG(s) dict_keys(['example_external_task_marker_parent', 'example_external_task_marker_child']) retrieved from /home/airflow/.local/lib/python3.7/site-packages/airflow/example_dags/example_external_task_marker_dag.py
[2026-03-03T01:21:02.915+0000] {logging_mixin.py:149} INFO - [2026-03-03T01:21:02.915+0000] {dag.py:2726} INFO - Sync 2 DAGs
[2026-03-03T01:21:02.930+0000] {logging_mixin.py:149} INFO - [2026-03-03T01:21:02.930+0000] {dag.py:3490} INFO - Setting next_dagrun for example_external_task_marker_child to None, run_after=None
[2026-03-03T01:21:02.933+0000] {logging_mixin.py:149} INFO - [2026-03-03T01:21:02.933+0000] {dag.py:3490} INFO - Setting next_dagrun for example_external_task_marker_parent to None, run_after=None
[2026-03-03T01:21:02.943+0000] {processor.py:178} INFO - Processing /home/airflow/.local/lib/python3.7/site-packages/airflow/example_dags/example_external_task_marker_dag.py took 0.055 seconds
[2026-03-03T01:21:33.554+0000] {processor.py:156} INFO - Started process (PID=1791) to work on /home/airflow/.local/lib/python3.7/site-packages/airflow/example_dags/example_external_task_marker_dag.py
[2026-03-03T01:21:33.555+0000] {processor.py:799} INFO - Processing file /home/airflow/.local/lib/python3.7/site-packages/airflow/example_dags/example_external_task_marker_dag.py for tasks to queue
[2026-03-03T01:21:33.556+0000] {logging_mixin.py:149} INFO - [2026-03-03T01:21:33.555+0000] {dagbag.py:541} INFO - Filling up the DagBag from /home/airflow/.local/lib/python3.7/site-packages/airflow/example_dags/example_external_task_marker_dag.py
[2026-03-03T01:21:33.560+0000] {processor.py:809} INFO - DAG(s) dict_keys(['example_external_task_marker_child', 'example_external_task_marker_parent']) retrieved from /home/airflow/.local/lib/python3.7/site-packages/airflow/example_dags/example_external_task_marker_dag.py
[2026-03-03T01:21:33.582+0000] {logging_mixin.py:149} INFO - [2026-03-03T01:21:33.581+0000] {dag.py:2726} INFO - Sync 2 DAGs
[2026-03-03T01:21:33.602+0000] {logging_mixin.py:149} INFO - [2026-03-03T01:21:33.602+0000] {dag.py:3490} INFO - Setting next_dagrun for example_external_task_marker_child to None, run_after=None
[2026-03-03T01:21:33.604+0000] {logging_mixin.py:149} INFO - [2026-03-03T01:21:33.604+0000] {dag.py:3490} INFO - Setting next_dagrun for example_external_task_marker_parent to None, run_after=None
[2026-03-03T01:21:33.615+0000] {processor.py:178} INFO - Processing /home/airflow/.local/lib/python3.7/site-packages/airflow/example_dags/example_external_task_marker_dag.py took 0.065 seconds
[2026-03-03T01:22:04.034+0000] {processor.py:156} INFO - Started process (PID=1853) to work on /home/airflow/.local/lib/python3.7/site-packages/airflow/example_dags/example_external_task_marker_dag.py
[2026-03-03T01:22:04.036+0000] {processor.py:799} INFO - Processing file /home/airflow/.local/lib/python3.7/site-packages/airflow/example_dags/example_external_task_marker_dag.py for tasks to queue
[2026-03-03T01:22:04.038+0000] {logging_mixin.py:149} INFO - [2026-03-03T01:22:04.038+0000] {dagbag.py:541} INFO - Filling up the DagBag from /home/airflow/.local/lib/python3.7/site-packages/airflow/example_dags/example_external_task_marker_dag.py
[2026-03-03T01:22:04.051+0000] {processor.py:809} INFO - DAG(s) dict_keys(['example_external_task_marker_parent', 'example_external_task_marker_child']) retrieved from /home/airflow/.local/lib/python3.7/site-packages/airflow/example_dags/example_external_task_marker_dag.py
[2026-03-03T01:22:04.118+0000] {logging_mixin.py:149} INFO - [2026-03-03T01:22:04.117+0000] {dag.py:2726} INFO - Sync 2 DAGs
[2026-03-03T01:22:04.180+0000] {logging_mixin.py:149} INFO - [2026-03-03T01:22:04.179+0000] {dag.py:3490} INFO - Setting next_dagrun for example_external_task_marker_child to None, run_after=None
[2026-03-03T01:22:04.190+0000] {logging_mixin.py:149} INFO - [2026-03-03T01:22:04.189+0000] {dag.py:3490} INFO - Setting next_dagrun for example_external_task_marker_parent to None, run_after=None
[2026-03-03T01:22:04.236+0000] {processor.py:178} INFO - Processing /home/airflow/.local/lib/python3.7/site-packages/airflow/example_dags/example_external_task_marker_dag.py took 0.209 seconds
[2026-03-03T01:22:34.840+0000] {processor.py:156} INFO - Started process (PID=1915) to work on /home/airflow/.local/lib/python3.7/site-packages/airflow/example_dags/example_external_task_marker_dag.py
[2026-03-03T01:22:34.842+0000] {processor.py:799} INFO - Processing file /home/airflow/.local/lib/python3.7/site-packages/airflow/example_dags/example_external_task_marker_dag.py for tasks to queue
[2026-03-03T01:22:34.845+0000] {logging_mixin.py:149} INFO - [2026-03-03T01:22:34.845+0000] {dagbag.py:541} INFO - Filling up the DagBag from /home/airflow/.local/lib/python3.7/site-packages/airflow/example_dags/example_external_task_marker_dag.py
[2026-03-03T01:22:34.862+0000] {processor.py:809} INFO - DAG(s) dict_keys(['example_external_task_marker_parent', 'example_external_task_marker_child']) retrieved from /home/airflow/.local/lib/python3.7/site-packages/airflow/example_dags/example_external_task_marker_dag.py
[2026-03-03T01:22:34.948+0000] {logging_mixin.py:149} INFO - [2026-03-03T01:22:34.947+0000] {dag.py:2726} INFO - Sync 2 DAGs
[2026-03-03T01:22:35.030+0000] {logging_mixin.py:149} INFO - [2026-03-03T01:22:35.030+0000] {dag.py:3490} INFO - Setting next_dagrun for example_external_task_marker_child to None, run_after=None
[2026-03-03T01:22:35.046+0000] {logging_mixin.py:149} INFO - [2026-03-03T01:22:35.045+0000] {dag.py:3490} INFO - Setting next_dagrun for example_external_task_marker_parent to None, run_after=None
[2026-03-03T01:22:35.113+0000] {processor.py:178} INFO - Processing /home/airflow/.local/lib/python3.7/site-packages/airflow/example_dags/example_external_task_marker_dag.py took 0.282 seconds
[2026-03-03T01:23:05.464+0000] {processor.py:156} INFO - Started process (PID=1977) to work on /home/airflow/.local/lib/python3.7/site-packages/airflow/example_dags/example_external_task_marker_dag.py
[2026-03-03T01:23:05.466+0000] {processor.py:799} INFO - Processing file /home/airflow/.local/lib/python3.7/site-packages/airflow/example_dags/example_external_task_marker_dag.py for tasks to queue
[2026-03-03T01:23:05.469+0000] {logging_mixin.py:149} INFO - [2026-03-03T01:23:05.469+0000] {dagbag.py:541} INFO - Filling up the DagBag from /home/airflow/.local/lib/python3.7/site-packages/airflow/example_dags/example_external_task_marker_dag.py
[2026-03-03T01:23:05.485+0000] {processor.py:809} INFO - DAG(s) dict_keys(['example_external_task_marker_parent', 'example_external_task_marker_child']) retrieved from /home/airflow/.local/lib/python3.7/site-packages/airflow/example_dags/example_external_task_marker_dag.py
[2026-03-03T01:23:05.560+0000] {logging_mixin.py:149} INFO - [2026-03-03T01:23:05.559+0000] {dag.py:2726} INFO - Sync 2 DAGs
[2026-03-03T01:23:05.632+0000] {logging_mixin.py:149} INFO - [2026-03-03T01:23:05.632+0000] {dag.py:3490} INFO - Setting next_dagrun for example_external_task_marker_child to None, run_after=None
[2026-03-03T01:23:05.643+0000] {logging_mixin.py:149} INFO - [2026-03-03T01:23:05.643+0000] {dag.py:3490} INFO - Setting next_dagrun for example_external_task_marker_parent to None, run_after=None
[2026-03-03T01:23:05.697+0000] {processor.py:178} INFO - Processing /home/airflow/.local/lib/python3.7/site-packages/airflow/example_dags/example_external_task_marker_dag.py took 0.242 seconds
[2026-03-03T01:23:35.828+0000] {processor.py:156} INFO - Started process (PID=2039) to work on /home/airflow/.local/lib/python3.7/site-packages/airflow/example_dags/example_external_task_marker_dag.py
[2026-03-03T01:23:35.831+0000] {processor.py:799} INFO - Processing file /home/airflow/.local/lib/python3.7/site-packages/airflow/example_dags/example_external_task_marker_dag.py for tasks to queue
[2026-03-03T01:23:35.834+0000] {logging_mixin.py:149} INFO - [2026-03-03T01:23:35.833+0000] {dagbag.py:541} INFO - Filling up the DagBag from /home/airflow/.local/lib/python3.7/site-packages/airflow/example_dags/example_external_task_marker_dag.py
[2026-03-03T01:23:35.850+0000] {processor.py:809} INFO - DAG(s) dict_keys(['example_external_task_marker_child', 'example_external_task_marker_parent']) retrieved from /home/airflow/.local/lib/python3.7/site-packages/airflow/example_dags/example_external_task_marker_dag.py
[2026-03-03T01:23:35.925+0000] {logging_mixin.py:149} INFO - [2026-03-03T01:23:35.924+0000] {dag.py:2726} INFO - Sync 2 DAGs
[2026-03-03T01:23:36.008+0000] {logging_mixin.py:149} INFO - [2026-03-03T01:23:36.007+0000] {dag.py:3490} INFO - Setting next_dagrun for example_external_task_marker_child to None, run_after=None
[2026-03-03T01:23:36.022+0000] {logging_mixin.py:149} INFO - [2026-03-03T01:23:36.021+0000] {dag.py:3490} INFO - Setting next_dagrun for example_external_task_marker_parent to None, run_after=None
[2026-03-03T01:23:36.093+0000] {processor.py:178} INFO - Processing /home/airflow/.local/lib/python3.7/site-packages/airflow/example_dags/example_external_task_marker_dag.py took 0.274 seconds
[2026-03-03T01:24:07.483+0000] {processor.py:156} INFO - Started process (PID=2101) to work on /home/airflow/.local/lib/python3.7/site-packages/airflow/example_dags/example_external_task_marker_dag.py
[2026-03-03T01:24:07.486+0000] {processor.py:799} INFO - Processing file /home/airflow/.local/lib/python3.7/site-packages/airflow/example_dags/example_external_task_marker_dag.py for tasks to queue
[2026-03-03T01:24:07.488+0000] {logging_mixin.py:149} INFO - [2026-03-03T01:24:07.488+0000] {dagbag.py:541} INFO - Filling up the DagBag from /home/airflow/.local/lib/python3.7/site-packages/airflow/example_dags/example_external_task_marker_dag.py
[2026-03-03T01:24:07.502+0000] {processor.py:809} INFO - DAG(s) dict_keys(['example_external_task_marker_child', 'example_external_task_marker_parent']) retrieved from /home/airflow/.local/lib/python3.7/site-packages/airflow/example_dags/example_external_task_marker_dag.py
[2026-03-03T01:24:07.588+0000] {logging_mixin.py:149} INFO - [2026-03-03T01:24:07.587+0000] {dag.py:2726} INFO - Sync 2 DAGs
[2026-03-03T01:24:07.666+0000] {logging_mixin.py:149} INFO - [2026-03-03T01:24:07.665+0000] {dag.py:3490} INFO - Setting next_dagrun for example_external_task_marker_child to None, run_after=None
[2026-03-03T01:24:07.676+0000] {logging_mixin.py:149} INFO - [2026-03-03T01:24:07.675+0000] {dag.py:3490} INFO - Setting next_dagrun for example_external_task_marker_parent to None, run_after=None
[2026-03-03T01:24:07.742+0000] {processor.py:178} INFO - Processing /home/airflow/.local/lib/python3.7/site-packages/airflow/example_dags/example_external_task_marker_dag.py took 0.270 seconds
[2026-03-03T01:24:37.775+0000] {processor.py:156} INFO - Started process (PID=2163) to work on /home/airflow/.local/lib/python3.7/site-packages/airflow/example_dags/example_external_task_marker_dag.py
[2026-03-03T01:24:37.776+0000] {processor.py:799} INFO - Processing file /home/airflow/.local/lib/python3.7/site-packages/airflow/example_dags/example_external_task_marker_dag.py for tasks to queue
[2026-03-03T01:24:37.776+0000] {logging_mixin.py:149} INFO - [2026-03-03T01:24:37.776+0000] {dagbag.py:541} INFO - Filling up the DagBag from /home/airflow/.local/lib/python3.7/site-packages/airflow/example_dags/example_external_task_marker_dag.py
[2026-03-03T01:24:37.779+0000] {processor.py:809} INFO - DAG(s) dict_keys(['example_external_task_marker_child', 'example_external_task_marker_parent']) retrieved from /home/airflow/.local/lib/python3.7/site-packages/airflow/example_dags/example_external_task_marker_dag.py
[2026-03-03T01:24:37.797+0000] {logging_mixin.py:149} INFO - [2026-03-03T01:24:37.797+0000] {dag.py:2726} INFO - Sync 2 DAGs
[2026-03-03T01:24:37.845+0000] {logging_mixin.py:149} INFO - [2026-03-03T01:24:37.843+0000] {dag.py:3490} INFO - Setting next_dagrun for example_external_task_marker_child to None, run_after=None
[2026-03-03T01:24:37.856+0000] {logging_mixin.py:149} INFO - [2026-03-03T01:24:37.856+0000] {dag.py:3490} INFO - Setting next_dagrun for example_external_task_marker_parent to None, run_after=None
[2026-03-03T01:24:37.866+0000] {processor.py:178} INFO - Processing /home/airflow/.local/lib/python3.7/site-packages/airflow/example_dags/example_external_task_marker_dag.py took 0.092 seconds
[2026-03-03T01:25:08.877+0000] {processor.py:156} INFO - Started process (PID=2225) to work on /home/airflow/.local/lib/python3.7/site-packages/airflow/example_dags/example_external_task_marker_dag.py
[2026-03-03T01:25:08.880+0000] {processor.py:799} INFO - Processing file /home/airflow/.local/lib/python3.7/site-packages/airflow/example_dags/example_external_task_marker_dag.py for tasks to queue
[2026-03-03T01:25:08.882+0000] {logging_mixin.py:149} INFO - [2026-03-03T01:25:08.882+0000] {dagbag.py:541} INFO - Filling up the DagBag from /home/airflow/.local/lib/python3.7/site-packages/airflow/example_dags/example_external_task_marker_dag.py
[2026-03-03T01:25:08.899+0000] {processor.py:809} INFO - DAG(s) dict_keys(['example_external_task_marker_child', 'example_external_task_marker_parent']) retrieved from /home/airflow/.local/lib/python3.7/site-packages/airflow/example_dags/example_external_task_marker_dag.py
[2026-03-03T01:25:08.972+0000] {logging_mixin.py:149} INFO - [2026-03-03T01:25:08.972+0000] {dag.py:2726} INFO - Sync 2 DAGs
[2026-03-03T01:25:09.109+0000] {logging_mixin.py:149} INFO - [2026-03-03T01:25:09.109+0000] {dag.py:3490} INFO - Setting next_dagrun for example_external_task_marker_child to None, run_after=None
[2026-03-03T01:25:09.113+0000] {logging_mixin.py:149} INFO - [2026-03-03T01:25:09.113+0000] {dag.py:3490} INFO - Setting next_dagrun for example_external_task_marker_parent to None, run_after=None
[2026-03-03T01:25:09.151+0000] {processor.py:178} INFO - Processing /home/airflow/.local/lib/python3.7/site-packages/airflow/example_dags/example_external_task_marker_dag.py took 0.283 seconds
[2026-03-03T01:25:39.433+0000] {processor.py:156} INFO - Started process (PID=2287) to work on /home/airflow/.local/lib/python3.7/site-packages/airflow/example_dags/example_external_task_marker_dag.py
[2026-03-03T01:25:39.434+0000] {processor.py:799} INFO - Processing file /home/airflow/.local/lib/python3.7/site-packages/airflow/example_dags/example_external_task_marker_dag.py for tasks to queue
[2026-03-03T01:25:39.434+0000] {logging_mixin.py:149} INFO - [2026-03-03T01:25:39.434+0000] {dagbag.py:541} INFO - Filling up the DagBag from /home/airflow/.local/lib/python3.7/site-packages/airflow/example_dags/example_external_task_marker_dag.py
[2026-03-03T01:25:39.438+0000] {processor.py:809} INFO - DAG(s) dict_keys(['example_external_task_marker_parent', 'example_external_task_marker_child']) retrieved from /home/airflow/.local/lib/python3.7/site-packages/airflow/example_dags/example_external_task_marker_dag.py
[2026-03-03T01:25:39.458+0000] {logging_mixin.py:149} INFO - [2026-03-03T01:25:39.458+0000] {dag.py:2726} INFO - Sync 2 DAGs
[2026-03-03T01:25:39.471+0000] {logging_mixin.py:149} INFO - [2026-03-03T01:25:39.471+0000] {dag.py:3490} INFO - Setting next_dagrun for example_external_task_marker_child to None, run_after=None
[2026-03-03T01:25:39.473+0000] {logging_mixin.py:149} INFO - [2026-03-03T01:25:39.473+0000] {dag.py:3490} INFO - Setting next_dagrun for example_external_task_marker_parent to None, run_after=None
[2026-03-03T01:25:39.481+0000] {processor.py:178} INFO - Processing /home/airflow/.local/lib/python3.7/site-packages/airflow/example_dags/example_external_task_marker_dag.py took 0.051 seconds
[2026-03-03T01:26:10.097+0000] {processor.py:156} INFO - Started process (PID=2349) to work on /home/airflow/.local/lib/python3.7/site-packages/airflow/example_dags/example_external_task_marker_dag.py
[2026-03-03T01:26:10.098+0000] {processor.py:799} INFO - Processing file /home/airflow/.local/lib/python3.7/site-packages/airflow/example_dags/example_external_task_marker_dag.py for tasks to queue
[2026-03-03T01:26:10.098+0000] {logging_mixin.py:149} INFO - [2026-03-03T01:26:10.098+0000] {dagbag.py:541} INFO - Filling up the DagBag from /home/airflow/.local/lib/python3.7/site-packages/airflow/example_dags/example_external_task_marker_dag.py
[2026-03-03T01:26:10.101+0000] {processor.py:809} INFO - DAG(s) dict_keys(['example_external_task_marker_child', 'example_external_task_marker_parent']) retrieved from /home/airflow/.local/lib/python3.7/site-packages/airflow/example_dags/example_external_task_marker_dag.py
[2026-03-03T01:26:10.120+0000] {logging_mixin.py:149} INFO - [2026-03-03T01:26:10.120+0000] {dag.py:2726} INFO - Sync 2 DAGs
[2026-03-03T01:26:10.131+0000] {logging_mixin.py:149} INFO - [2026-03-03T01:26:10.130+0000] {dag.py:3490} INFO - Setting next_dagrun for example_external_task_marker_child to None, run_after=None
[2026-03-03T01:26:10.133+0000] {logging_mixin.py:149} INFO - [2026-03-03T01:26:10.133+0000] {dag.py:3490} INFO - Setting next_dagrun for example_external_task_marker_parent to None, run_after=None
[2026-03-03T01:26:10.143+0000] {processor.py:178} INFO - Processing /home/airflow/.local/lib/python3.7/site-packages/airflow/example_dags/example_external_task_marker_dag.py took 0.047 seconds
[2026-03-03T01:26:40.681+0000] {processor.py:156} INFO - Started process (PID=2411) to work on /home/airflow/.local/lib/python3.7/site-packages/airflow/example_dags/example_external_task_marker_dag.py
[2026-03-03T01:26:40.682+0000] {processor.py:799} INFO - Processing file /home/airflow/.local/lib/python3.7/site-packages/airflow/example_dags/example_external_task_marker_dag.py for tasks to queue
[2026-03-03T01:26:40.683+0000] {logging_mixin.py:149} INFO - [2026-03-03T01:26:40.683+0000] {dagbag.py:541} INFO - Filling up the DagBag from /home/airflow/.local/lib/python3.7/site-packages/airflow/example_dags/example_external_task_marker_dag.py
[2026-03-03T01:26:40.688+0000] {processor.py:809} INFO - DAG(s) dict_keys(['example_external_task_marker_child', 'example_external_task_marker_parent']) retrieved from /home/airflow/.local/lib/python3.7/site-packages/airflow/example_dags/example_external_task_marker_dag.py
[2026-03-03T01:26:40.718+0000] {logging_mixin.py:149} INFO - [2026-03-03T01:26:40.717+0000] {dag.py:2726} INFO - Sync 2 DAGs
[2026-03-03T01:26:40.738+0000] {logging_mixin.py:149} INFO - [2026-03-03T01:26:40.738+0000] {dag.py:3490} INFO - Setting next_dagrun for example_external_task_marker_child to None, run_after=None
[2026-03-03T01:26:40.742+0000] {logging_mixin.py:149} INFO - [2026-03-03T01:26:40.742+0000] {dag.py:3490} INFO - Setting next_dagrun for example_external_task_marker_parent to None, run_after=None
[2026-03-03T01:26:40.760+0000] {processor.py:178} INFO - Processing /home/airflow/.local/lib/python3.7/site-packages/airflow/example_dags/example_external_task_marker_dag.py took 0.081 seconds
[2026-03-03T01:27:11.583+0000] {processor.py:156} INFO - Started process (PID=2472) to work on /home/airflow/.local/lib/python3.7/site-packages/airflow/example_dags/example_external_task_marker_dag.py
[2026-03-03T01:27:11.585+0000] {processor.py:799} INFO - Processing file /home/airflow/.local/lib/python3.7/site-packages/airflow/example_dags/example_external_task_marker_dag.py for tasks to queue
[2026-03-03T01:27:11.585+0000] {logging_mixin.py:149} INFO - [2026-03-03T01:27:11.585+0000] {dagbag.py:541} INFO - Filling up the DagBag from /home/airflow/.local/lib/python3.7/site-packages/airflow/example_dags/example_external_task_marker_dag.py
[2026-03-03T01:27:11.589+0000] {processor.py:809} INFO - DAG(s) dict_keys(['example_external_task_marker_parent', 'example_external_task_marker_child']) retrieved from /home/airflow/.local/lib/python3.7/site-packages/airflow/example_dags/example_external_task_marker_dag.py
[2026-03-03T01:27:11.605+0000] {logging_mixin.py:149} INFO - [2026-03-03T01:27:11.605+0000] {dag.py:2726} INFO - Sync 2 DAGs
[2026-03-03T01:27:11.616+0000] {logging_mixin.py:149} INFO - [2026-03-03T01:27:11.616+0000] {dag.py:3490} INFO - Setting next_dagrun for example_external_task_marker_child to None, run_after=None
[2026-03-03T01:27:11.620+0000] {logging_mixin.py:149} INFO - [2026-03-03T01:27:11.620+0000] {dag.py:3490} INFO - Setting next_dagrun for example_external_task_marker_parent to None, run_after=None
[2026-03-03T01:27:11.634+0000] {processor.py:178} INFO - Processing /home/airflow/.local/lib/python3.7/site-packages/airflow/example_dags/example_external_task_marker_dag.py took 0.053 seconds
[2026-03-03T01:27:42.665+0000] {processor.py:156} INFO - Started process (PID=2534) to work on /home/airflow/.local/lib/python3.7/site-packages/airflow/example_dags/example_external_task_marker_dag.py
[2026-03-03T01:27:42.668+0000] {processor.py:799} INFO - Processing file /home/airflow/.local/lib/python3.7/site-packages/airflow/example_dags/example_external_task_marker_dag.py for tasks to queue
[2026-03-03T01:27:42.670+0000] {logging_mixin.py:149} INFO - [2026-03-03T01:27:42.670+0000] {dagbag.py:541} INFO - Filling up the DagBag from /home/airflow/.local/lib/python3.7/site-packages/airflow/example_dags/example_external_task_marker_dag.py
[2026-03-03T01:27:42.687+0000] {processor.py:809} INFO - DAG(s) dict_keys(['example_external_task_marker_child', 'example_external_task_marker_parent']) retrieved from /home/airflow/.local/lib/python3.7/site-packages/airflow/example_dags/example_external_task_marker_dag.py
[2026-03-03T01:27:42.781+0000] {logging_mixin.py:149} INFO - [2026-03-03T01:27:42.781+0000] {dag.py:2726} INFO - Sync 2 DAGs
[2026-03-03T01:27:42.873+0000] {logging_mixin.py:149} INFO - [2026-03-03T01:27:42.872+0000] {dag.py:3490} INFO - Setting next_dagrun for example_external_task_marker_child to None, run_after=None
[2026-03-03T01:27:42.884+0000] {logging_mixin.py:149} INFO - [2026-03-03T01:27:42.882+0000] {dag.py:3490} INFO - Setting next_dagrun for example_external_task_marker_parent to None, run_after=None
[2026-03-03T01:27:42.939+0000] {processor.py:178} INFO - Processing /home/airflow/.local/lib/python3.7/site-packages/airflow/example_dags/example_external_task_marker_dag.py took 0.284 seconds
[2026-03-03T01:28:13.019+0000] {processor.py:156} INFO - Started process (PID=2596) to work on /home/airflow/.local/lib/python3.7/site-packages/airflow/example_dags/example_external_task_marker_dag.py
[2026-03-03T01:28:13.020+0000] {processor.py:799} INFO - Processing file /home/airflow/.local/lib/python3.7/site-packages/airflow/example_dags/example_external_task_marker_dag.py for tasks to queue
[2026-03-03T01:28:13.021+0000] {logging_mixin.py:149} INFO - [2026-03-03T01:28:13.021+0000] {dagbag.py:541} INFO - Filling up the DagBag from /home/airflow/.local/lib/python3.7/site-packages/airflow/example_dags/example_external_task_marker_dag.py
[2026-03-03T01:28:13.024+0000] {processor.py:809} INFO - DAG(s) dict_keys(['example_external_task_marker_parent', 'example_external_task_marker_child']) retrieved from /home/airflow/.local/lib/python3.7/site-packages/airflow/example_dags/example_external_task_marker_dag.py
[2026-03-03T01:28:13.042+0000] {logging_mixin.py:149} INFO - [2026-03-03T01:28:13.042+0000] {dag.py:2726} INFO - Sync 2 DAGs
[2026-03-03T01:28:13.052+0000] {logging_mixin.py:149} INFO - [2026-03-03T01:28:13.052+0000] {dag.py:3490} INFO - Setting next_dagrun for example_external_task_marker_child to None, run_after=None
[2026-03-03T01:28:13.053+0000] {logging_mixin.py:149} INFO - [2026-03-03T01:28:13.053+0000] {dag.py:3490} INFO - Setting next_dagrun for example_external_task_marker_parent to None, run_after=None
[2026-03-03T01:28:13.059+0000] {processor.py:178} INFO - Processing /home/airflow/.local/lib/python3.7/site-packages/airflow/example_dags/example_external_task_marker_dag.py took 0.042 seconds
[2026-03-03T01:28:43.826+0000] {processor.py:156} INFO - Started process (PID=2658) to work on /home/airflow/.local/lib/python3.7/site-packages/airflow/example_dags/example_external_task_marker_dag.py
[2026-03-03T01:28:43.827+0000] {processor.py:799} INFO - Processing file /home/airflow/.local/lib/python3.7/site-packages/airflow/example_dags/example_external_task_marker_dag.py for tasks to queue
[2026-03-03T01:28:43.830+0000] {logging_mixin.py:149} INFO - [2026-03-03T01:28:43.829+0000] {dagbag.py:541} INFO - Filling up the DagBag from /home/airflow/.local/lib/python3.7/site-packages/airflow/example_dags/example_external_task_marker_dag.py
[2026-03-03T01:28:43.841+0000] {processor.py:809} INFO - DAG(s) dict_keys(['example_external_task_marker_parent', 'example_external_task_marker_child']) retrieved from /home/airflow/.local/lib/python3.7/site-packages/airflow/example_dags/example_external_task_marker_dag.py
[2026-03-03T01:28:43.909+0000] {logging_mixin.py:149} INFO - [2026-03-03T01:28:43.908+0000] {dag.py:2726} INFO - Sync 2 DAGs
[2026-03-03T01:28:43.974+0000] {logging_mixin.py:149} INFO - [2026-03-03T01:28:43.974+0000] {dag.py:3490} INFO - Setting next_dagrun for example_external_task_marker_child to None, run_after=None
[2026-03-03T01:28:43.985+0000] {logging_mixin.py:149} INFO - [2026-03-03T01:28:43.984+0000] {dag.py:3490} INFO - Setting next_dagrun for example_external_task_marker_parent to None, run_after=None
[2026-03-03T01:28:44.032+0000] {processor.py:178} INFO - Processing /home/airflow/.local/lib/python3.7/site-packages/airflow/example_dags/example_external_task_marker_dag.py took 0.212 seconds
[2026-03-03T01:29:15.000+0000] {processor.py:156} INFO - Started process (PID=2727) to work on /home/airflow/.local/lib/python3.7/site-packages/airflow/example_dags/example_external_task_marker_dag.py
[2026-03-03T01:29:15.002+0000] {processor.py:799} INFO - Processing file /home/airflow/.local/lib/python3.7/site-packages/airflow/example_dags/example_external_task_marker_dag.py for tasks to queue
[2026-03-03T01:29:15.003+0000] {logging_mixin.py:149} INFO - [2026-03-03T01:29:15.003+0000] {dagbag.py:541} INFO - Filling up the DagBag from /home/airflow/.local/lib/python3.7/site-packages/airflow/example_dags/example_external_task_marker_dag.py
[2026-03-03T01:29:15.008+0000] {processor.py:809} INFO - DAG(s) dict_keys(['example_external_task_marker_parent', 'example_external_task_marker_child']) retrieved from /home/airflow/.local/lib/python3.7/site-packages/airflow/example_dags/example_external_task_marker_dag.py
[2026-03-03T01:29:15.030+0000] {logging_mixin.py:149} INFO - [2026-03-03T01:29:15.030+0000] {dag.py:2726} INFO - Sync 2 DAGs
[2026-03-03T01:29:15.044+0000] {logging_mixin.py:149} INFO - [2026-03-03T01:29:15.044+0000] {dag.py:3490} INFO - Setting next_dagrun for example_external_task_marker_child to None, run_after=None
[2026-03-03T01:29:15.046+0000] {logging_mixin.py:149} INFO - [2026-03-03T01:29:15.046+0000] {dag.py:3490} INFO - Setting next_dagrun for example_external_task_marker_parent to None, run_after=None
[2026-03-03T01:29:15.054+0000] {processor.py:178} INFO - Processing /home/airflow/.local/lib/python3.7/site-packages/airflow/example_dags/example_external_task_marker_dag.py took 0.057 seconds
[2026-03-03T01:29:45.153+0000] {processor.py:156} INFO - Started process (PID=2788) to work on /home/airflow/.local/lib/python3.7/site-packages/airflow/example_dags/example_external_task_marker_dag.py
[2026-03-03T01:29:45.157+0000] {processor.py:799} INFO - Processing file /home/airflow/.local/lib/python3.7/site-packages/airflow/example_dags/example_external_task_marker_dag.py for tasks to queue
[2026-03-03T01:29:45.161+0000] {logging_mixin.py:149} INFO - [2026-03-03T01:29:45.161+0000] {dagbag.py:541} INFO - Filling up the DagBag from /home/airflow/.local/lib/python3.7/site-packages/airflow/example_dags/example_external_task_marker_dag.py
[2026-03-03T01:29:45.178+0000] {processor.py:809} INFO - DAG(s) dict_keys(['example_external_task_marker_parent', 'example_external_task_marker_child']) retrieved from /home/airflow/.local/lib/python3.7/site-packages/airflow/example_dags/example_external_task_marker_dag.py
[2026-03-03T01:29:45.255+0000] {logging_mixin.py:149} INFO - [2026-03-03T01:29:45.254+0000] {dag.py:2726} INFO - Sync 2 DAGs
[2026-03-03T01:29:45.338+0000] {logging_mixin.py:149} INFO - [2026-03-03T01:29:45.337+0000] {dag.py:3490} INFO - Setting next_dagrun for example_external_task_marker_child to None, run_after=None
[2026-03-03T01:29:45.347+0000] {logging_mixin.py:149} INFO - [2026-03-03T01:29:45.347+0000] {dag.py:3490} INFO - Setting next_dagrun for example_external_task_marker_parent to None, run_after=None
[2026-03-03T01:29:45.404+0000] {processor.py:178} INFO - Processing /home/airflow/.local/lib/python3.7/site-packages/airflow/example_dags/example_external_task_marker_dag.py took 0.258 seconds
[2026-03-03T01:30:15.745+0000] {processor.py:156} INFO - Started process (PID=2850) to work on /home/airflow/.local/lib/python3.7/site-packages/airflow/example_dags/example_external_task_marker_dag.py
[2026-03-03T01:30:15.749+0000] {processor.py:799} INFO - Processing file /home/airflow/.local/lib/python3.7/site-packages/airflow/example_dags/example_external_task_marker_dag.py for tasks to queue
[2026-03-03T01:30:15.751+0000] {logging_mixin.py:149} INFO - [2026-03-03T01:30:15.750+0000] {dagbag.py:541} INFO - Filling up the DagBag from /home/airflow/.local/lib/python3.7/site-packages/airflow/example_dags/example_external_task_marker_dag.py
[2026-03-03T01:30:15.764+0000] {processor.py:809} INFO - DAG(s) dict_keys(['example_external_task_marker_parent', 'example_external_task_marker_child']) retrieved from /home/airflow/.local/lib/python3.7/site-packages/airflow/example_dags/example_external_task_marker_dag.py
[2026-03-03T01:30:15.848+0000] {logging_mixin.py:149} INFO - [2026-03-03T01:30:15.847+0000] {dag.py:2726} INFO - Sync 2 DAGs
[2026-03-03T01:30:15.934+0000] {logging_mixin.py:149} INFO - [2026-03-03T01:30:15.933+0000] {dag.py:3490} INFO - Setting next_dagrun for example_external_task_marker_child to None, run_after=None
[2026-03-03T01:30:15.944+0000] {logging_mixin.py:149} INFO - [2026-03-03T01:30:15.944+0000] {dag.py:3490} INFO - Setting next_dagrun for example_external_task_marker_parent to None, run_after=None
[2026-03-03T01:30:15.996+0000] {processor.py:178} INFO - Processing /home/airflow/.local/lib/python3.7/site-packages/airflow/example_dags/example_external_task_marker_dag.py took 0.258 seconds
[2026-03-03T01:30:46.327+0000] {processor.py:156} INFO - Started process (PID=2912) to work on /home/airflow/.local/lib/python3.7/site-packages/airflow/example_dags/example_external_task_marker_dag.py
[2026-03-03T01:30:46.328+0000] {processor.py:799} INFO - Processing file /home/airflow/.local/lib/python3.7/site-packages/airflow/example_dags/example_external_task_marker_dag.py for tasks to queue
[2026-03-03T01:30:46.328+0000] {logging_mixin.py:149} INFO - [2026-03-03T01:30:46.328+0000] {dagbag.py:541} INFO - Filling up the DagBag from /home/airflow/.local/lib/python3.7/site-packages/airflow/example_dags/example_external_task_marker_dag.py
[2026-03-03T01:30:46.331+0000] {processor.py:809} INFO - DAG(s) dict_keys(['example_external_task_marker_child', 'example_external_task_marker_parent']) retrieved from /home/airflow/.local/lib/python3.7/site-packages/airflow/example_dags/example_external_task_marker_dag.py
[2026-03-03T01:30:46.350+0000] {logging_mixin.py:149} INFO - [2026-03-03T01:30:46.350+0000] {dag.py:2726} INFO - Sync 2 DAGs
[2026-03-03T01:30:46.362+0000] {logging_mixin.py:149} INFO - [2026-03-03T01:30:46.362+0000] {dag.py:3490} INFO - Setting next_dagrun for example_external_task_marker_child to None, run_after=None
[2026-03-03T01:30:46.364+0000] {logging_mixin.py:149} INFO - [2026-03-03T01:30:46.364+0000] {dag.py:3490} INFO - Setting next_dagrun for example_external_task_marker_parent to None, run_after=None
[2026-03-03T01:30:46.370+0000] {processor.py:178} INFO - Processing /home/airflow/.local/lib/python3.7/site-packages/airflow/example_dags/example_external_task_marker_dag.py took 0.045 seconds
[2026-03-03T01:31:16.898+0000] {processor.py:156} INFO - Started process (PID=2974) to work on /home/airflow/.local/lib/python3.7/site-packages/airflow/example_dags/example_external_task_marker_dag.py
[2026-03-03T01:31:16.901+0000] {processor.py:799} INFO - Processing file /home/airflow/.local/lib/python3.7/site-packages/airflow/example_dags/example_external_task_marker_dag.py for tasks to queue
[2026-03-03T01:31:16.902+0000] {logging_mixin.py:149} INFO - [2026-03-03T01:31:16.902+0000] {dagbag.py:541} INFO - Filling up the DagBag from /home/airflow/.local/lib/python3.7/site-packages/airflow/example_dags/example_external_task_marker_dag.py
[2026-03-03T01:31:16.905+0000] {processor.py:809} INFO - DAG(s) dict_keys(['example_external_task_marker_child', 'example_external_task_marker_parent']) retrieved from /home/airflow/.local/lib/python3.7/site-packages/airflow/example_dags/example_external_task_marker_dag.py
[2026-03-03T01:31:16.925+0000] {logging_mixin.py:149} INFO - [2026-03-03T01:31:16.925+0000] {dag.py:2726} INFO - Sync 2 DAGs
[2026-03-03T01:31:16.935+0000] {logging_mixin.py:149} INFO - [2026-03-03T01:31:16.935+0000] {dag.py:3490} INFO - Setting next_dagrun for example_external_task_marker_child to None, run_after=None
[2026-03-03T01:31:16.936+0000] {logging_mixin.py:149} INFO - [2026-03-03T01:31:16.936+0000] {dag.py:3490} INFO - Setting next_dagrun for example_external_task_marker_parent to None, run_after=None
[2026-03-03T01:31:16.943+0000] {processor.py:178} INFO - Processing /home/airflow/.local/lib/python3.7/site-packages/airflow/example_dags/example_external_task_marker_dag.py took 0.047 seconds
[2026-03-03T02:20:51.171+0000] {processor.py:156} INFO - Started process (PID=85) to work on /home/airflow/.local/lib/python3.7/site-packages/airflow/example_dags/example_external_task_marker_dag.py
[2026-03-03T02:20:51.173+0000] {processor.py:799} INFO - Processing file /home/airflow/.local/lib/python3.7/site-packages/airflow/example_dags/example_external_task_marker_dag.py for tasks to queue
[2026-03-03T02:20:51.177+0000] {logging_mixin.py:149} INFO - [2026-03-03T02:20:51.176+0000] {dagbag.py:541} INFO - Filling up the DagBag from /home/airflow/.local/lib/python3.7/site-packages/airflow/example_dags/example_external_task_marker_dag.py
[2026-03-03T02:20:51.210+0000] {processor.py:809} INFO - DAG(s) dict_keys(['example_external_task_marker_child', 'example_external_task_marker_parent']) retrieved from /home/airflow/.local/lib/python3.7/site-packages/airflow/example_dags/example_external_task_marker_dag.py
[2026-03-03T02:20:51.279+0000] {logging_mixin.py:149} INFO - [2026-03-03T02:20:51.279+0000] {dag.py:2726} INFO - Sync 2 DAGs
[2026-03-03T02:20:51.399+0000] {logging_mixin.py:149} INFO - [2026-03-03T02:20:51.399+0000] {dag.py:3490} INFO - Setting next_dagrun for example_external_task_marker_child to None, run_after=None
[2026-03-03T02:20:51.420+0000] {logging_mixin.py:149} INFO - [2026-03-03T02:20:51.420+0000] {dag.py:3490} INFO - Setting next_dagrun for example_external_task_marker_parent to None, run_after=None
[2026-03-03T02:20:51.508+0000] {processor.py:178} INFO - Processing /home/airflow/.local/lib/python3.7/site-packages/airflow/example_dags/example_external_task_marker_dag.py took 0.345 seconds
[2026-03-03T02:21:21.573+0000] {processor.py:156} INFO - Started process (PID=154) to work on /home/airflow/.local/lib/python3.7/site-packages/airflow/example_dags/example_external_task_marker_dag.py
[2026-03-03T02:21:21.574+0000] {processor.py:799} INFO - Processing file /home/airflow/.local/lib/python3.7/site-packages/airflow/example_dags/example_external_task_marker_dag.py for tasks to queue
[2026-03-03T02:21:21.574+0000] {logging_mixin.py:149} INFO - [2026-03-03T02:21:21.574+0000] {dagbag.py:541} INFO - Filling up the DagBag from /home/airflow/.local/lib/python3.7/site-packages/airflow/example_dags/example_external_task_marker_dag.py
[2026-03-03T02:21:21.578+0000] {processor.py:809} INFO - DAG(s) dict_keys(['example_external_task_marker_child', 'example_external_task_marker_parent']) retrieved from /home/airflow/.local/lib/python3.7/site-packages/airflow/example_dags/example_external_task_marker_dag.py
[2026-03-03T02:21:21.603+0000] {logging_mixin.py:149} INFO - [2026-03-03T02:21:21.603+0000] {dag.py:2726} INFO - Sync 2 DAGs
[2026-03-03T02:21:21.615+0000] {logging_mixin.py:149} INFO - [2026-03-03T02:21:21.615+0000] {dag.py:3490} INFO - Setting next_dagrun for example_external_task_marker_child to None, run_after=None
[2026-03-03T02:21:21.622+0000] {logging_mixin.py:149} INFO - [2026-03-03T02:21:21.621+0000] {dag.py:3490} INFO - Setting next_dagrun for example_external_task_marker_parent to None, run_after=None
[2026-03-03T02:21:21.632+0000] {processor.py:178} INFO - Processing /home/airflow/.local/lib/python3.7/site-packages/airflow/example_dags/example_external_task_marker_dag.py took 0.061 seconds
[2026-03-03T02:21:51.727+0000] {processor.py:156} INFO - Started process (PID=217) to work on /home/airflow/.local/lib/python3.7/site-packages/airflow/example_dags/example_external_task_marker_dag.py
[2026-03-03T02:21:51.727+0000] {processor.py:799} INFO - Processing file /home/airflow/.local/lib/python3.7/site-packages/airflow/example_dags/example_external_task_marker_dag.py for tasks to queue
[2026-03-03T02:21:51.727+0000] {logging_mixin.py:149} INFO - [2026-03-03T02:21:51.727+0000] {dagbag.py:541} INFO - Filling up the DagBag from /home/airflow/.local/lib/python3.7/site-packages/airflow/example_dags/example_external_task_marker_dag.py
[2026-03-03T02:21:51.731+0000] {processor.py:809} INFO - DAG(s) dict_keys(['example_external_task_marker_parent', 'example_external_task_marker_child']) retrieved from /home/airflow/.local/lib/python3.7/site-packages/airflow/example_dags/example_external_task_marker_dag.py
[2026-03-03T02:21:51.752+0000] {logging_mixin.py:149} INFO - [2026-03-03T02:21:51.751+0000] {dag.py:2726} INFO - Sync 2 DAGs
[2026-03-03T02:21:51.766+0000] {logging_mixin.py:149} INFO - [2026-03-03T02:21:51.766+0000] {dag.py:3490} INFO - Setting next_dagrun for example_external_task_marker_child to None, run_after=None
[2026-03-03T02:21:51.768+0000] {logging_mixin.py:149} INFO - [2026-03-03T02:21:51.768+0000] {dag.py:3490} INFO - Setting next_dagrun for example_external_task_marker_parent to None, run_after=None
[2026-03-03T02:21:51.775+0000] {processor.py:178} INFO - Processing /home/airflow/.local/lib/python3.7/site-packages/airflow/example_dags/example_external_task_marker_dag.py took 0.051 seconds
[2026-03-03T02:22:21.829+0000] {processor.py:156} INFO - Started process (PID=280) to work on /home/airflow/.local/lib/python3.7/site-packages/airflow/example_dags/example_external_task_marker_dag.py
[2026-03-03T02:22:21.830+0000] {processor.py:799} INFO - Processing file /home/airflow/.local/lib/python3.7/site-packages/airflow/example_dags/example_external_task_marker_dag.py for tasks to queue
[2026-03-03T02:22:21.830+0000] {logging_mixin.py:149} INFO - [2026-03-03T02:22:21.830+0000] {dagbag.py:541} INFO - Filling up the DagBag from /home/airflow/.local/lib/python3.7/site-packages/airflow/example_dags/example_external_task_marker_dag.py
[2026-03-03T02:22:21.833+0000] {processor.py:809} INFO - DAG(s) dict_keys(['example_external_task_marker_child', 'example_external_task_marker_parent']) retrieved from /home/airflow/.local/lib/python3.7/site-packages/airflow/example_dags/example_external_task_marker_dag.py
[2026-03-03T02:22:21.851+0000] {logging_mixin.py:149} INFO - [2026-03-03T02:22:21.851+0000] {dag.py:2726} INFO - Sync 2 DAGs
[2026-03-03T02:22:21.864+0000] {logging_mixin.py:149} INFO - [2026-03-03T02:22:21.864+0000] {dag.py:3490} INFO - Setting next_dagrun for example_external_task_marker_child to None, run_after=None
[2026-03-03T02:22:21.867+0000] {logging_mixin.py:149} INFO - [2026-03-03T02:22:21.867+0000] {dag.py:3490} INFO - Setting next_dagrun for example_external_task_marker_parent to None, run_after=None
[2026-03-03T02:22:21.884+0000] {processor.py:178} INFO - Processing /home/airflow/.local/lib/python3.7/site-packages/airflow/example_dags/example_external_task_marker_dag.py took 0.057 seconds
[2026-03-03T02:22:52.859+0000] {processor.py:156} INFO - Started process (PID=349) to work on /home/airflow/.local/lib/python3.7/site-packages/airflow/example_dags/example_external_task_marker_dag.py
[2026-03-03T02:22:52.861+0000] {processor.py:799} INFO - Processing file /home/airflow/.local/lib/python3.7/site-packages/airflow/example_dags/example_external_task_marker_dag.py for tasks to queue
[2026-03-03T02:22:52.863+0000] {logging_mixin.py:149} INFO - [2026-03-03T02:22:52.863+0000] {dagbag.py:541} INFO - Filling up the DagBag from /home/airflow/.local/lib/python3.7/site-packages/airflow/example_dags/example_external_task_marker_dag.py
[2026-03-03T02:22:52.866+0000] {processor.py:809} INFO - DAG(s) dict_keys(['example_external_task_marker_parent', 'example_external_task_marker_child']) retrieved from /home/airflow/.local/lib/python3.7/site-packages/airflow/example_dags/example_external_task_marker_dag.py
[2026-03-03T02:22:52.890+0000] {logging_mixin.py:149} INFO - [2026-03-03T02:22:52.890+0000] {dag.py:2726} INFO - Sync 2 DAGs
[2026-03-03T02:22:52.906+0000] {logging_mixin.py:149} INFO - [2026-03-03T02:22:52.906+0000] {dag.py:3490} INFO - Setting next_dagrun for example_external_task_marker_child to None, run_after=None
[2026-03-03T02:22:52.911+0000] {logging_mixin.py:149} INFO - [2026-03-03T02:22:52.911+0000] {dag.py:3490} INFO - Setting next_dagrun for example_external_task_marker_parent to None, run_after=None
[2026-03-03T02:22:52.926+0000] {processor.py:178} INFO - Processing /home/airflow/.local/lib/python3.7/site-packages/airflow/example_dags/example_external_task_marker_dag.py took 0.069 seconds
[2026-03-03T02:23:23.898+0000] {processor.py:156} INFO - Started process (PID=418) to work on /home/airflow/.local/lib/python3.7/site-packages/airflow/example_dags/example_external_task_marker_dag.py
[2026-03-03T02:23:23.899+0000] {processor.py:799} INFO - Processing file /home/airflow/.local/lib/python3.7/site-packages/airflow/example_dags/example_external_task_marker_dag.py for tasks to queue
[2026-03-03T02:23:23.899+0000] {logging_mixin.py:149} INFO - [2026-03-03T02:23:23.899+0000] {dagbag.py:541} INFO - Filling up the DagBag from /home/airflow/.local/lib/python3.7/site-packages/airflow/example_dags/example_external_task_marker_dag.py
[2026-03-03T02:23:23.902+0000] {processor.py:809} INFO - DAG(s) dict_keys(['example_external_task_marker_parent', 'example_external_task_marker_child']) retrieved from /home/airflow/.local/lib/python3.7/site-packages/airflow/example_dags/example_external_task_marker_dag.py
[2026-03-03T02:23:23.914+0000] {logging_mixin.py:149} INFO - [2026-03-03T02:23:23.914+0000] {dag.py:2726} INFO - Sync 2 DAGs
[2026-03-03T02:23:23.924+0000] {logging_mixin.py:149} INFO - [2026-03-03T02:23:23.924+0000] {dag.py:3490} INFO - Setting next_dagrun for example_external_task_marker_child to None, run_after=None
[2026-03-03T02:23:23.925+0000] {logging_mixin.py:149} INFO - [2026-03-03T02:23:23.925+0000] {dag.py:3490} INFO - Setting next_dagrun for example_external_task_marker_parent to None, run_after=None
[2026-03-03T02:23:23.932+0000] {processor.py:178} INFO - Processing /home/airflow/.local/lib/python3.7/site-packages/airflow/example_dags/example_external_task_marker_dag.py took 0.035 seconds
[2026-03-03T02:23:54.564+0000] {processor.py:156} INFO - Started process (PID=499) to work on /home/airflow/.local/lib/python3.7/site-packages/airflow/example_dags/example_external_task_marker_dag.py
[2026-03-03T02:23:54.565+0000] {processor.py:799} INFO - Processing file /home/airflow/.local/lib/python3.7/site-packages/airflow/example_dags/example_external_task_marker_dag.py for tasks to queue
[2026-03-03T02:23:54.566+0000] {logging_mixin.py:149} INFO - [2026-03-03T02:23:54.566+0000] {dagbag.py:541} INFO - Filling up the DagBag from /home/airflow/.local/lib/python3.7/site-packages/airflow/example_dags/example_external_task_marker_dag.py
[2026-03-03T02:23:54.568+0000] {processor.py:809} INFO - DAG(s) dict_keys(['example_external_task_marker_child', 'example_external_task_marker_parent']) retrieved from /home/airflow/.local/lib/python3.7/site-packages/airflow/example_dags/example_external_task_marker_dag.py
[2026-03-03T02:23:54.588+0000] {logging_mixin.py:149} INFO - [2026-03-03T02:23:54.588+0000] {dag.py:2726} INFO - Sync 2 DAGs
[2026-03-03T02:23:54.604+0000] {logging_mixin.py:149} INFO - [2026-03-03T02:23:54.603+0000] {dag.py:3490} INFO - Setting next_dagrun for example_external_task_marker_child to None, run_after=None
[2026-03-03T02:23:54.605+0000] {logging_mixin.py:149} INFO - [2026-03-03T02:23:54.605+0000] {dag.py:3490} INFO - Setting next_dagrun for example_external_task_marker_parent to None, run_after=None
[2026-03-03T02:23:54.621+0000] {processor.py:178} INFO - Processing /home/airflow/.local/lib/python3.7/site-packages/airflow/example_dags/example_external_task_marker_dag.py took 0.059 seconds
[2026-03-03T02:24:25.325+0000] {processor.py:156} INFO - Started process (PID=562) to work on /home/airflow/.local/lib/python3.7/site-packages/airflow/example_dags/example_external_task_marker_dag.py
[2026-03-03T02:24:25.326+0000] {processor.py:799} INFO - Processing file /home/airflow/.local/lib/python3.7/site-packages/airflow/example_dags/example_external_task_marker_dag.py for tasks to queue
[2026-03-03T02:24:25.327+0000] {logging_mixin.py:149} INFO - [2026-03-03T02:24:25.327+0000] {dagbag.py:541} INFO - Filling up the DagBag from /home/airflow/.local/lib/python3.7/site-packages/airflow/example_dags/example_external_task_marker_dag.py
[2026-03-03T02:24:25.330+0000] {processor.py:809} INFO - DAG(s) dict_keys(['example_external_task_marker_parent', 'example_external_task_marker_child']) retrieved from /home/airflow/.local/lib/python3.7/site-packages/airflow/example_dags/example_external_task_marker_dag.py
[2026-03-03T02:24:25.351+0000] {logging_mixin.py:149} INFO - [2026-03-03T02:24:25.351+0000] {dag.py:2726} INFO - Sync 2 DAGs
[2026-03-03T02:24:25.367+0000] {logging_mixin.py:149} INFO - [2026-03-03T02:24:25.367+0000] {dag.py:3490} INFO - Setting next_dagrun for example_external_task_marker_child to None, run_after=None
[2026-03-03T02:24:25.369+0000] {logging_mixin.py:149} INFO - [2026-03-03T02:24:25.369+0000] {dag.py:3490} INFO - Setting next_dagrun for example_external_task_marker_parent to None, run_after=None
[2026-03-03T02:24:25.382+0000] {processor.py:178} INFO - Processing /home/airflow/.local/lib/python3.7/site-packages/airflow/example_dags/example_external_task_marker_dag.py took 0.060 seconds
[2026-03-03T02:24:55.451+0000] {processor.py:156} INFO - Started process (PID=625) to work on /home/airflow/.local/lib/python3.7/site-packages/airflow/example_dags/example_external_task_marker_dag.py
[2026-03-03T02:24:55.452+0000] {processor.py:799} INFO - Processing file /home/airflow/.local/lib/python3.7/site-packages/airflow/example_dags/example_external_task_marker_dag.py for tasks to queue
[2026-03-03T02:24:55.452+0000] {logging_mixin.py:149} INFO - [2026-03-03T02:24:55.452+0000] {dagbag.py:541} INFO - Filling up the DagBag from /home/airflow/.local/lib/python3.7/site-packages/airflow/example_dags/example_external_task_marker_dag.py
[2026-03-03T02:24:55.456+0000] {processor.py:809} INFO - DAG(s) dict_keys(['example_external_task_marker_child', 'example_external_task_marker_parent']) retrieved from /home/airflow/.local/lib/python3.7/site-packages/airflow/example_dags/example_external_task_marker_dag.py
[2026-03-03T02:24:55.476+0000] {logging_mixin.py:149} INFO - [2026-03-03T02:24:55.476+0000] {dag.py:2726} INFO - Sync 2 DAGs
[2026-03-03T02:24:55.491+0000] {logging_mixin.py:149} INFO - [2026-03-03T02:24:55.491+0000] {dag.py:3490} INFO - Setting next_dagrun for example_external_task_marker_child to None, run_after=None
[2026-03-03T02:24:55.493+0000] {logging_mixin.py:149} INFO - [2026-03-03T02:24:55.493+0000] {dag.py:3490} INFO - Setting next_dagrun for example_external_task_marker_parent to None, run_after=None
[2026-03-03T02:24:55.504+0000] {processor.py:178} INFO - Processing /home/airflow/.local/lib/python3.7/site-packages/airflow/example_dags/example_external_task_marker_dag.py took 0.055 seconds
[2026-03-03T02:25:26.294+0000] {processor.py:156} INFO - Started process (PID=688) to work on /home/airflow/.local/lib/python3.7/site-packages/airflow/example_dags/example_external_task_marker_dag.py
[2026-03-03T02:25:26.295+0000] {processor.py:799} INFO - Processing file /home/airflow/.local/lib/python3.7/site-packages/airflow/example_dags/example_external_task_marker_dag.py for tasks to queue
[2026-03-03T02:25:26.296+0000] {logging_mixin.py:149} INFO - [2026-03-03T02:25:26.295+0000] {dagbag.py:541} INFO - Filling up the DagBag from /home/airflow/.local/lib/python3.7/site-packages/airflow/example_dags/example_external_task_marker_dag.py
[2026-03-03T02:25:26.299+0000] {processor.py:809} INFO - DAG(s) dict_keys(['example_external_task_marker_child', 'example_external_task_marker_parent']) retrieved from /home/airflow/.local/lib/python3.7/site-packages/airflow/example_dags/example_external_task_marker_dag.py
[2026-03-03T02:25:26.316+0000] {logging_mixin.py:149} INFO - [2026-03-03T02:25:26.316+0000] {dag.py:2726} INFO - Sync 2 DAGs
[2026-03-03T02:25:26.330+0000] {logging_mixin.py:149} INFO - [2026-03-03T02:25:26.330+0000] {dag.py:3490} INFO - Setting next_dagrun for example_external_task_marker_child to None, run_after=None
[2026-03-03T02:25:26.332+0000] {logging_mixin.py:149} INFO - [2026-03-03T02:25:26.332+0000] {dag.py:3490} INFO - Setting next_dagrun for example_external_task_marker_parent to None, run_after=None
[2026-03-03T02:25:26.344+0000] {processor.py:178} INFO - Processing /home/airflow/.local/lib/python3.7/site-packages/airflow/example_dags/example_external_task_marker_dag.py took 0.051 seconds
[2026-03-03T02:25:57.132+0000] {processor.py:156} INFO - Started process (PID=751) to work on /home/airflow/.local/lib/python3.7/site-packages/airflow/example_dags/example_external_task_marker_dag.py
[2026-03-03T02:25:57.133+0000] {processor.py:799} INFO - Processing file /home/airflow/.local/lib/python3.7/site-packages/airflow/example_dags/example_external_task_marker_dag.py for tasks to queue
[2026-03-03T02:25:57.135+0000] {logging_mixin.py:149} INFO - [2026-03-03T02:25:57.135+0000] {dagbag.py:541} INFO - Filling up the DagBag from /home/airflow/.local/lib/python3.7/site-packages/airflow/example_dags/example_external_task_marker_dag.py
[2026-03-03T02:25:57.138+0000] {processor.py:809} INFO - DAG(s) dict_keys(['example_external_task_marker_parent', 'example_external_task_marker_child']) retrieved from /home/airflow/.local/lib/python3.7/site-packages/airflow/example_dags/example_external_task_marker_dag.py
[2026-03-03T02:25:57.155+0000] {logging_mixin.py:149} INFO - [2026-03-03T02:25:57.155+0000] {dag.py:2726} INFO - Sync 2 DAGs
[2026-03-03T02:25:57.170+0000] {logging_mixin.py:149} INFO - [2026-03-03T02:25:57.170+0000] {dag.py:3490} INFO - Setting next_dagrun for example_external_task_marker_child to None, run_after=None
[2026-03-03T02:25:57.172+0000] {logging_mixin.py:149} INFO - [2026-03-03T02:25:57.172+0000] {dag.py:3490} INFO - Setting next_dagrun for example_external_task_marker_parent to None, run_after=None
[2026-03-03T02:25:57.186+0000] {processor.py:178} INFO - Processing /home/airflow/.local/lib/python3.7/site-packages/airflow/example_dags/example_external_task_marker_dag.py took 0.056 seconds
[2026-03-03T02:26:28.054+0000] {processor.py:156} INFO - Started process (PID=814) to work on /home/airflow/.local/lib/python3.7/site-packages/airflow/example_dags/example_external_task_marker_dag.py
[2026-03-03T02:26:28.056+0000] {processor.py:799} INFO - Processing file /home/airflow/.local/lib/python3.7/site-packages/airflow/example_dags/example_external_task_marker_dag.py for tasks to queue
[2026-03-03T02:26:28.057+0000] {logging_mixin.py:149} INFO - [2026-03-03T02:26:28.057+0000] {dagbag.py:541} INFO - Filling up the DagBag from /home/airflow/.local/lib/python3.7/site-packages/airflow/example_dags/example_external_task_marker_dag.py
[2026-03-03T02:26:28.062+0000] {processor.py:809} INFO - DAG(s) dict_keys(['example_external_task_marker_child', 'example_external_task_marker_parent']) retrieved from /home/airflow/.local/lib/python3.7/site-packages/airflow/example_dags/example_external_task_marker_dag.py
[2026-03-03T02:26:28.080+0000] {logging_mixin.py:149} INFO - [2026-03-03T02:26:28.080+0000] {dag.py:2726} INFO - Sync 2 DAGs
[2026-03-03T02:26:28.094+0000] {logging_mixin.py:149} INFO - [2026-03-03T02:26:28.094+0000] {dag.py:3490} INFO - Setting next_dagrun for example_external_task_marker_child to None, run_after=None
[2026-03-03T02:26:28.096+0000] {logging_mixin.py:149} INFO - [2026-03-03T02:26:28.096+0000] {dag.py:3490} INFO - Setting next_dagrun for example_external_task_marker_parent to None, run_after=None
[2026-03-03T02:26:28.110+0000] {processor.py:178} INFO - Processing /home/airflow/.local/lib/python3.7/site-packages/airflow/example_dags/example_external_task_marker_dag.py took 0.058 seconds
[2026-03-03T02:26:59.029+0000] {processor.py:156} INFO - Started process (PID=877) to work on /home/airflow/.local/lib/python3.7/site-packages/airflow/example_dags/example_external_task_marker_dag.py
[2026-03-03T02:26:59.030+0000] {processor.py:799} INFO - Processing file /home/airflow/.local/lib/python3.7/site-packages/airflow/example_dags/example_external_task_marker_dag.py for tasks to queue
[2026-03-03T02:26:59.030+0000] {logging_mixin.py:149} INFO - [2026-03-03T02:26:59.030+0000] {dagbag.py:541} INFO - Filling up the DagBag from /home/airflow/.local/lib/python3.7/site-packages/airflow/example_dags/example_external_task_marker_dag.py
[2026-03-03T02:26:59.033+0000] {processor.py:809} INFO - DAG(s) dict_keys(['example_external_task_marker_parent', 'example_external_task_marker_child']) retrieved from /home/airflow/.local/lib/python3.7/site-packages/airflow/example_dags/example_external_task_marker_dag.py
[2026-03-03T02:26:59.052+0000] {logging_mixin.py:149} INFO - [2026-03-03T02:26:59.051+0000] {dag.py:2726} INFO - Sync 2 DAGs
[2026-03-03T02:26:59.066+0000] {logging_mixin.py:149} INFO - [2026-03-03T02:26:59.066+0000] {dag.py:3490} INFO - Setting next_dagrun for example_external_task_marker_child to None, run_after=None
[2026-03-03T02:26:59.067+0000] {logging_mixin.py:149} INFO - [2026-03-03T02:26:59.067+0000] {dag.py:3490} INFO - Setting next_dagrun for example_external_task_marker_parent to None, run_after=None
[2026-03-03T02:26:59.081+0000] {processor.py:178} INFO - Processing /home/airflow/.local/lib/python3.7/site-packages/airflow/example_dags/example_external_task_marker_dag.py took 0.054 seconds
[2026-03-03T02:28:42.888+0000] {processor.py:156} INFO - Started process (PID=116) to work on /home/airflow/.local/lib/python3.7/site-packages/airflow/example_dags/example_external_task_marker_dag.py
[2026-03-03T02:28:42.889+0000] {processor.py:799} INFO - Processing file /home/airflow/.local/lib/python3.7/site-packages/airflow/example_dags/example_external_task_marker_dag.py for tasks to queue
[2026-03-03T02:28:42.890+0000] {logging_mixin.py:149} INFO - [2026-03-03T02:28:42.890+0000] {dagbag.py:541} INFO - Filling up the DagBag from /home/airflow/.local/lib/python3.7/site-packages/airflow/example_dags/example_external_task_marker_dag.py
[2026-03-03T02:28:42.898+0000] {processor.py:809} INFO - DAG(s) dict_keys(['example_external_task_marker_child', 'example_external_task_marker_parent']) retrieved from /home/airflow/.local/lib/python3.7/site-packages/airflow/example_dags/example_external_task_marker_dag.py
[2026-03-03T02:28:42.940+0000] {logging_mixin.py:149} INFO - [2026-03-03T02:28:42.940+0000] {dag.py:2726} INFO - Sync 2 DAGs
[2026-03-03T02:28:42.954+0000] {logging_mixin.py:149} INFO - [2026-03-03T02:28:42.954+0000] {dag.py:3490} INFO - Setting next_dagrun for example_external_task_marker_child to None, run_after=None
[2026-03-03T02:28:42.958+0000] {logging_mixin.py:149} INFO - [2026-03-03T02:28:42.958+0000] {dag.py:3490} INFO - Setting next_dagrun for example_external_task_marker_parent to None, run_after=None
[2026-03-03T02:28:42.986+0000] {processor.py:178} INFO - Processing /home/airflow/.local/lib/python3.7/site-packages/airflow/example_dags/example_external_task_marker_dag.py took 0.100 seconds
[2026-03-03T02:29:13.276+0000] {processor.py:156} INFO - Started process (PID=188) to work on /home/airflow/.local/lib/python3.7/site-packages/airflow/example_dags/example_external_task_marker_dag.py
[2026-03-03T02:29:13.278+0000] {processor.py:799} INFO - Processing file /home/airflow/.local/lib/python3.7/site-packages/airflow/example_dags/example_external_task_marker_dag.py for tasks to queue
[2026-03-03T02:29:13.279+0000] {logging_mixin.py:149} INFO - [2026-03-03T02:29:13.279+0000] {dagbag.py:541} INFO - Filling up the DagBag from /home/airflow/.local/lib/python3.7/site-packages/airflow/example_dags/example_external_task_marker_dag.py
[2026-03-03T02:29:13.283+0000] {processor.py:809} INFO - DAG(s) dict_keys(['example_external_task_marker_child', 'example_external_task_marker_parent']) retrieved from /home/airflow/.local/lib/python3.7/site-packages/airflow/example_dags/example_external_task_marker_dag.py
[2026-03-03T02:29:13.299+0000] {logging_mixin.py:149} INFO - [2026-03-03T02:29:13.299+0000] {dag.py:2726} INFO - Sync 2 DAGs
[2026-03-03T02:29:13.310+0000] {logging_mixin.py:149} INFO - [2026-03-03T02:29:13.310+0000] {dag.py:3490} INFO - Setting next_dagrun for example_external_task_marker_child to None, run_after=None
[2026-03-03T02:29:13.311+0000] {logging_mixin.py:149} INFO - [2026-03-03T02:29:13.311+0000] {dag.py:3490} INFO - Setting next_dagrun for example_external_task_marker_parent to None, run_after=None
[2026-03-03T02:29:13.319+0000] {processor.py:178} INFO - Processing /home/airflow/.local/lib/python3.7/site-packages/airflow/example_dags/example_external_task_marker_dag.py took 0.045 seconds
[2026-03-03T02:29:45.917+0000] {processor.py:156} INFO - Started process (PID=261) to work on /home/airflow/.local/lib/python3.7/site-packages/airflow/example_dags/example_external_task_marker_dag.py
[2026-03-03T02:29:45.919+0000] {processor.py:799} INFO - Processing file /home/airflow/.local/lib/python3.7/site-packages/airflow/example_dags/example_external_task_marker_dag.py for tasks to queue
[2026-03-03T02:29:45.922+0000] {logging_mixin.py:149} INFO - [2026-03-03T02:29:45.921+0000] {dagbag.py:541} INFO - Filling up the DagBag from /home/airflow/.local/lib/python3.7/site-packages/airflow/example_dags/example_external_task_marker_dag.py
[2026-03-03T02:29:45.935+0000] {processor.py:809} INFO - DAG(s) dict_keys(['example_external_task_marker_child', 'example_external_task_marker_parent']) retrieved from /home/airflow/.local/lib/python3.7/site-packages/airflow/example_dags/example_external_task_marker_dag.py
[2026-03-03T02:29:45.999+0000] {logging_mixin.py:149} INFO - [2026-03-03T02:29:45.999+0000] {dag.py:2726} INFO - Sync 2 DAGs
[2026-03-03T02:29:46.055+0000] {logging_mixin.py:149} INFO - [2026-03-03T02:29:46.054+0000] {dag.py:3490} INFO - Setting next_dagrun for example_external_task_marker_child to None, run_after=None
[2026-03-03T02:29:46.064+0000] {logging_mixin.py:149} INFO - [2026-03-03T02:29:46.063+0000] {dag.py:3490} INFO - Setting next_dagrun for example_external_task_marker_parent to None, run_after=None
[2026-03-03T02:29:46.107+0000] {processor.py:178} INFO - Processing /home/airflow/.local/lib/python3.7/site-packages/airflow/example_dags/example_external_task_marker_dag.py took 0.197 seconds
[2026-03-03T02:30:16.183+0000] {processor.py:156} INFO - Started process (PID=323) to work on /home/airflow/.local/lib/python3.7/site-packages/airflow/example_dags/example_external_task_marker_dag.py
[2026-03-03T02:30:16.185+0000] {processor.py:799} INFO - Processing file /home/airflow/.local/lib/python3.7/site-packages/airflow/example_dags/example_external_task_marker_dag.py for tasks to queue
[2026-03-03T02:30:16.186+0000] {logging_mixin.py:149} INFO - [2026-03-03T02:30:16.186+0000] {dagbag.py:541} INFO - Filling up the DagBag from /home/airflow/.local/lib/python3.7/site-packages/airflow/example_dags/example_external_task_marker_dag.py
[2026-03-03T02:30:16.198+0000] {processor.py:809} INFO - DAG(s) dict_keys(['example_external_task_marker_parent', 'example_external_task_marker_child']) retrieved from /home/airflow/.local/lib/python3.7/site-packages/airflow/example_dags/example_external_task_marker_dag.py
[2026-03-03T02:30:16.264+0000] {logging_mixin.py:149} INFO - [2026-03-03T02:30:16.263+0000] {dag.py:2726} INFO - Sync 2 DAGs
[2026-03-03T02:30:16.325+0000] {logging_mixin.py:149} INFO - [2026-03-03T02:30:16.325+0000] {dag.py:3490} INFO - Setting next_dagrun for example_external_task_marker_child to None, run_after=None
[2026-03-03T02:30:16.334+0000] {logging_mixin.py:149} INFO - [2026-03-03T02:30:16.333+0000] {dag.py:3490} INFO - Setting next_dagrun for example_external_task_marker_parent to None, run_after=None
[2026-03-03T02:30:16.378+0000] {processor.py:178} INFO - Processing /home/airflow/.local/lib/python3.7/site-packages/airflow/example_dags/example_external_task_marker_dag.py took 0.201 seconds
[2026-03-03T02:30:46.673+0000] {processor.py:156} INFO - Started process (PID=395) to work on /home/airflow/.local/lib/python3.7/site-packages/airflow/example_dags/example_external_task_marker_dag.py
[2026-03-03T02:30:46.676+0000] {processor.py:799} INFO - Processing file /home/airflow/.local/lib/python3.7/site-packages/airflow/example_dags/example_external_task_marker_dag.py for tasks to queue
[2026-03-03T02:30:46.678+0000] {logging_mixin.py:149} INFO - [2026-03-03T02:30:46.677+0000] {dagbag.py:541} INFO - Filling up the DagBag from /home/airflow/.local/lib/python3.7/site-packages/airflow/example_dags/example_external_task_marker_dag.py
[2026-03-03T02:30:46.692+0000] {processor.py:809} INFO - DAG(s) dict_keys(['example_external_task_marker_parent', 'example_external_task_marker_child']) retrieved from /home/airflow/.local/lib/python3.7/site-packages/airflow/example_dags/example_external_task_marker_dag.py
[2026-03-03T02:30:46.758+0000] {logging_mixin.py:149} INFO - [2026-03-03T02:30:46.758+0000] {dag.py:2726} INFO - Sync 2 DAGs
[2026-03-03T02:30:46.826+0000] {logging_mixin.py:149} INFO - [2026-03-03T02:30:46.825+0000] {dag.py:3490} INFO - Setting next_dagrun for example_external_task_marker_child to None, run_after=None
[2026-03-03T02:30:46.835+0000] {logging_mixin.py:149} INFO - [2026-03-03T02:30:46.835+0000] {dag.py:3490} INFO - Setting next_dagrun for example_external_task_marker_parent to None, run_after=None
[2026-03-03T02:30:46.885+0000] {processor.py:178} INFO - Processing /home/airflow/.local/lib/python3.7/site-packages/airflow/example_dags/example_external_task_marker_dag.py took 0.219 seconds
