[2026-03-03T00:56:04.032+0000] {processor.py:156} INFO - Started process (PID=50) to work on /home/airflow/.local/lib/python3.7/site-packages/airflow/example_dags/example_branch_operator_decorator.py
[2026-03-03T00:56:04.033+0000] {processor.py:799} INFO - Processing file /home/airflow/.local/lib/python3.7/site-packages/airflow/example_dags/example_branch_operator_decorator.py for tasks to queue
[2026-03-03T00:56:04.034+0000] {logging_mixin.py:149} INFO - [2026-03-03T00:56:04.034+0000] {dagbag.py:541} INFO - Filling up the DagBag from /home/airflow/.local/lib/python3.7/site-packages/airflow/example_dags/example_branch_operator_decorator.py
[2026-03-03T00:56:04.048+0000] {processor.py:809} INFO - DAG(s) dict_keys(['example_branch_python_operator_decorator']) retrieved from /home/airflow/.local/lib/python3.7/site-packages/airflow/example_dags/example_branch_operator_decorator.py
[2026-03-03T00:56:04.066+0000] {logging_mixin.py:149} INFO - [2026-03-03T00:56:04.066+0000] {dag.py:2726} INFO - Sync 1 DAGs
[2026-03-03T00:56:04.103+0000] {logging_mixin.py:149} INFO - [2026-03-03T00:56:04.103+0000] {dag.py:3490} INFO - Setting next_dagrun for example_branch_python_operator_decorator to 2026-03-02T00:00:00+00:00, run_after=2026-03-03T00:00:00+00:00
[2026-03-03T00:56:04.119+0000] {processor.py:178} INFO - Processing /home/airflow/.local/lib/python3.7/site-packages/airflow/example_dags/example_branch_operator_decorator.py took 0.090 seconds
[2026-03-03T00:56:35.257+0000] {processor.py:156} INFO - Started process (PID=112) to work on /home/airflow/.local/lib/python3.7/site-packages/airflow/example_dags/example_branch_operator_decorator.py
[2026-03-03T00:56:35.259+0000] {processor.py:799} INFO - Processing file /home/airflow/.local/lib/python3.7/site-packages/airflow/example_dags/example_branch_operator_decorator.py for tasks to queue
[2026-03-03T00:56:35.261+0000] {logging_mixin.py:149} INFO - [2026-03-03T00:56:35.260+0000] {dagbag.py:541} INFO - Filling up the DagBag from /home/airflow/.local/lib/python3.7/site-packages/airflow/example_dags/example_branch_operator_decorator.py
[2026-03-03T00:56:35.285+0000] {processor.py:809} INFO - DAG(s) dict_keys(['example_branch_python_operator_decorator']) retrieved from /home/airflow/.local/lib/python3.7/site-packages/airflow/example_dags/example_branch_operator_decorator.py
[2026-03-03T00:56:35.369+0000] {logging_mixin.py:149} INFO - [2026-03-03T00:56:35.369+0000] {dag.py:2726} INFO - Sync 1 DAGs
[2026-03-03T00:56:35.443+0000] {logging_mixin.py:149} INFO - [2026-03-03T00:56:35.442+0000] {dag.py:3490} INFO - Setting next_dagrun for example_branch_python_operator_decorator to 2026-03-02T00:00:00+00:00, run_after=2026-03-03T00:00:00+00:00
[2026-03-03T00:56:35.508+0000] {processor.py:178} INFO - Processing /home/airflow/.local/lib/python3.7/site-packages/airflow/example_dags/example_branch_operator_decorator.py took 0.258 seconds
[2026-03-03T00:57:06.520+0000] {processor.py:156} INFO - Started process (PID=174) to work on /home/airflow/.local/lib/python3.7/site-packages/airflow/example_dags/example_branch_operator_decorator.py
[2026-03-03T00:57:06.521+0000] {processor.py:799} INFO - Processing file /home/airflow/.local/lib/python3.7/site-packages/airflow/example_dags/example_branch_operator_decorator.py for tasks to queue
[2026-03-03T00:57:06.521+0000] {logging_mixin.py:149} INFO - [2026-03-03T00:57:06.521+0000] {dagbag.py:541} INFO - Filling up the DagBag from /home/airflow/.local/lib/python3.7/site-packages/airflow/example_dags/example_branch_operator_decorator.py
[2026-03-03T00:57:06.533+0000] {processor.py:809} INFO - DAG(s) dict_keys(['example_branch_python_operator_decorator']) retrieved from /home/airflow/.local/lib/python3.7/site-packages/airflow/example_dags/example_branch_operator_decorator.py
[2026-03-03T00:57:06.559+0000] {logging_mixin.py:149} INFO - [2026-03-03T00:57:06.559+0000] {dag.py:2726} INFO - Sync 1 DAGs
[2026-03-03T00:57:06.579+0000] {logging_mixin.py:149} INFO - [2026-03-03T00:57:06.579+0000] {dag.py:3490} INFO - Setting next_dagrun for example_branch_python_operator_decorator to 2026-03-02T00:00:00+00:00, run_after=2026-03-03T00:00:00+00:00
[2026-03-03T00:57:06.596+0000] {processor.py:178} INFO - Processing /home/airflow/.local/lib/python3.7/site-packages/airflow/example_dags/example_branch_operator_decorator.py took 0.081 seconds
[2026-03-03T00:57:37.403+0000] {processor.py:156} INFO - Started process (PID=236) to work on /home/airflow/.local/lib/python3.7/site-packages/airflow/example_dags/example_branch_operator_decorator.py
[2026-03-03T00:57:37.404+0000] {processor.py:799} INFO - Processing file /home/airflow/.local/lib/python3.7/site-packages/airflow/example_dags/example_branch_operator_decorator.py for tasks to queue
[2026-03-03T00:57:37.405+0000] {logging_mixin.py:149} INFO - [2026-03-03T00:57:37.405+0000] {dagbag.py:541} INFO - Filling up the DagBag from /home/airflow/.local/lib/python3.7/site-packages/airflow/example_dags/example_branch_operator_decorator.py
[2026-03-03T00:57:37.417+0000] {processor.py:809} INFO - DAG(s) dict_keys(['example_branch_python_operator_decorator']) retrieved from /home/airflow/.local/lib/python3.7/site-packages/airflow/example_dags/example_branch_operator_decorator.py
[2026-03-03T00:57:37.454+0000] {logging_mixin.py:149} INFO - [2026-03-03T00:57:37.454+0000] {dag.py:2726} INFO - Sync 1 DAGs
[2026-03-03T00:57:37.476+0000] {logging_mixin.py:149} INFO - [2026-03-03T00:57:37.476+0000] {dag.py:3490} INFO - Setting next_dagrun for example_branch_python_operator_decorator to 2026-03-02T00:00:00+00:00, run_after=2026-03-03T00:00:00+00:00
[2026-03-03T00:57:37.491+0000] {processor.py:178} INFO - Processing /home/airflow/.local/lib/python3.7/site-packages/airflow/example_dags/example_branch_operator_decorator.py took 0.091 seconds
[2026-03-03T00:58:07.558+0000] {processor.py:156} INFO - Started process (PID=298) to work on /home/airflow/.local/lib/python3.7/site-packages/airflow/example_dags/example_branch_operator_decorator.py
[2026-03-03T00:58:07.561+0000] {processor.py:799} INFO - Processing file /home/airflow/.local/lib/python3.7/site-packages/airflow/example_dags/example_branch_operator_decorator.py for tasks to queue
[2026-03-03T00:58:07.565+0000] {logging_mixin.py:149} INFO - [2026-03-03T00:58:07.564+0000] {dagbag.py:541} INFO - Filling up the DagBag from /home/airflow/.local/lib/python3.7/site-packages/airflow/example_dags/example_branch_operator_decorator.py
[2026-03-03T00:58:07.596+0000] {processor.py:809} INFO - DAG(s) dict_keys(['example_branch_python_operator_decorator']) retrieved from /home/airflow/.local/lib/python3.7/site-packages/airflow/example_dags/example_branch_operator_decorator.py
[2026-03-03T00:58:07.650+0000] {logging_mixin.py:149} INFO - [2026-03-03T00:58:07.650+0000] {dag.py:2726} INFO - Sync 1 DAGs
[2026-03-03T00:58:07.714+0000] {logging_mixin.py:149} INFO - [2026-03-03T00:58:07.714+0000] {dag.py:3490} INFO - Setting next_dagrun for example_branch_python_operator_decorator to 2026-03-02T00:00:00+00:00, run_after=2026-03-03T00:00:00+00:00
[2026-03-03T00:58:07.770+0000] {processor.py:178} INFO - Processing /home/airflow/.local/lib/python3.7/site-packages/airflow/example_dags/example_branch_operator_decorator.py took 0.219 seconds
[2026-03-03T00:58:38.590+0000] {processor.py:156} INFO - Started process (PID=360) to work on /home/airflow/.local/lib/python3.7/site-packages/airflow/example_dags/example_branch_operator_decorator.py
[2026-03-03T00:58:38.592+0000] {processor.py:799} INFO - Processing file /home/airflow/.local/lib/python3.7/site-packages/airflow/example_dags/example_branch_operator_decorator.py for tasks to queue
[2026-03-03T00:58:38.593+0000] {logging_mixin.py:149} INFO - [2026-03-03T00:58:38.593+0000] {dagbag.py:541} INFO - Filling up the DagBag from /home/airflow/.local/lib/python3.7/site-packages/airflow/example_dags/example_branch_operator_decorator.py
[2026-03-03T00:58:38.631+0000] {processor.py:809} INFO - DAG(s) dict_keys(['example_branch_python_operator_decorator']) retrieved from /home/airflow/.local/lib/python3.7/site-packages/airflow/example_dags/example_branch_operator_decorator.py
[2026-03-03T00:58:38.670+0000] {logging_mixin.py:149} INFO - [2026-03-03T00:58:38.670+0000] {dag.py:2726} INFO - Sync 1 DAGs
[2026-03-03T00:58:38.687+0000] {logging_mixin.py:149} INFO - [2026-03-03T00:58:38.687+0000] {dag.py:3490} INFO - Setting next_dagrun for example_branch_python_operator_decorator to 2026-03-02T00:00:00+00:00, run_after=2026-03-03T00:00:00+00:00
[2026-03-03T00:58:38.700+0000] {processor.py:178} INFO - Processing /home/airflow/.local/lib/python3.7/site-packages/airflow/example_dags/example_branch_operator_decorator.py took 0.115 seconds
[2026-03-03T00:59:09.632+0000] {processor.py:156} INFO - Started process (PID=422) to work on /home/airflow/.local/lib/python3.7/site-packages/airflow/example_dags/example_branch_operator_decorator.py
[2026-03-03T00:59:09.634+0000] {processor.py:799} INFO - Processing file /home/airflow/.local/lib/python3.7/site-packages/airflow/example_dags/example_branch_operator_decorator.py for tasks to queue
[2026-03-03T00:59:09.635+0000] {logging_mixin.py:149} INFO - [2026-03-03T00:59:09.635+0000] {dagbag.py:541} INFO - Filling up the DagBag from /home/airflow/.local/lib/python3.7/site-packages/airflow/example_dags/example_branch_operator_decorator.py
[2026-03-03T00:59:09.645+0000] {processor.py:809} INFO - DAG(s) dict_keys(['example_branch_python_operator_decorator']) retrieved from /home/airflow/.local/lib/python3.7/site-packages/airflow/example_dags/example_branch_operator_decorator.py
[2026-03-03T00:59:09.668+0000] {logging_mixin.py:149} INFO - [2026-03-03T00:59:09.668+0000] {dag.py:2726} INFO - Sync 1 DAGs
[2026-03-03T00:59:09.683+0000] {logging_mixin.py:149} INFO - [2026-03-03T00:59:09.683+0000] {dag.py:3490} INFO - Setting next_dagrun for example_branch_python_operator_decorator to 2026-03-02T00:00:00+00:00, run_after=2026-03-03T00:00:00+00:00
[2026-03-03T00:59:09.700+0000] {processor.py:178} INFO - Processing /home/airflow/.local/lib/python3.7/site-packages/airflow/example_dags/example_branch_operator_decorator.py took 0.070 seconds
[2026-03-03T00:59:40.407+0000] {processor.py:156} INFO - Started process (PID=484) to work on /home/airflow/.local/lib/python3.7/site-packages/airflow/example_dags/example_branch_operator_decorator.py
[2026-03-03T00:59:40.408+0000] {processor.py:799} INFO - Processing file /home/airflow/.local/lib/python3.7/site-packages/airflow/example_dags/example_branch_operator_decorator.py for tasks to queue
[2026-03-03T00:59:40.408+0000] {logging_mixin.py:149} INFO - [2026-03-03T00:59:40.408+0000] {dagbag.py:541} INFO - Filling up the DagBag from /home/airflow/.local/lib/python3.7/site-packages/airflow/example_dags/example_branch_operator_decorator.py
[2026-03-03T00:59:40.414+0000] {processor.py:809} INFO - DAG(s) dict_keys(['example_branch_python_operator_decorator']) retrieved from /home/airflow/.local/lib/python3.7/site-packages/airflow/example_dags/example_branch_operator_decorator.py
[2026-03-03T00:59:40.427+0000] {logging_mixin.py:149} INFO - [2026-03-03T00:59:40.427+0000] {dag.py:2726} INFO - Sync 1 DAGs
[2026-03-03T00:59:40.443+0000] {logging_mixin.py:149} INFO - [2026-03-03T00:59:40.442+0000] {dag.py:3490} INFO - Setting next_dagrun for example_branch_python_operator_decorator to 2026-03-02T00:00:00+00:00, run_after=2026-03-03T00:00:00+00:00
[2026-03-03T00:59:40.456+0000] {processor.py:178} INFO - Processing /home/airflow/.local/lib/python3.7/site-packages/airflow/example_dags/example_branch_operator_decorator.py took 0.050 seconds
[2026-03-03T01:00:11.055+0000] {processor.py:156} INFO - Started process (PID=546) to work on /home/airflow/.local/lib/python3.7/site-packages/airflow/example_dags/example_branch_operator_decorator.py
[2026-03-03T01:00:11.059+0000] {processor.py:799} INFO - Processing file /home/airflow/.local/lib/python3.7/site-packages/airflow/example_dags/example_branch_operator_decorator.py for tasks to queue
[2026-03-03T01:00:11.062+0000] {logging_mixin.py:149} INFO - [2026-03-03T01:00:11.062+0000] {dagbag.py:541} INFO - Filling up the DagBag from /home/airflow/.local/lib/python3.7/site-packages/airflow/example_dags/example_branch_operator_decorator.py
[2026-03-03T01:00:11.088+0000] {processor.py:809} INFO - DAG(s) dict_keys(['example_branch_python_operator_decorator']) retrieved from /home/airflow/.local/lib/python3.7/site-packages/airflow/example_dags/example_branch_operator_decorator.py
[2026-03-03T01:00:11.152+0000] {logging_mixin.py:149} INFO - [2026-03-03T01:00:11.151+0000] {dag.py:2726} INFO - Sync 1 DAGs
[2026-03-03T01:00:11.234+0000] {logging_mixin.py:149} INFO - [2026-03-03T01:00:11.233+0000] {dag.py:3490} INFO - Setting next_dagrun for example_branch_python_operator_decorator to 2026-03-02T00:00:00+00:00, run_after=2026-03-03T00:00:00+00:00
[2026-03-03T01:00:11.293+0000] {processor.py:178} INFO - Processing /home/airflow/.local/lib/python3.7/site-packages/airflow/example_dags/example_branch_operator_decorator.py took 0.244 seconds
[2026-03-03T01:00:42.183+0000] {processor.py:156} INFO - Started process (PID=608) to work on /home/airflow/.local/lib/python3.7/site-packages/airflow/example_dags/example_branch_operator_decorator.py
[2026-03-03T01:00:42.185+0000] {processor.py:799} INFO - Processing file /home/airflow/.local/lib/python3.7/site-packages/airflow/example_dags/example_branch_operator_decorator.py for tasks to queue
[2026-03-03T01:00:42.187+0000] {logging_mixin.py:149} INFO - [2026-03-03T01:00:42.186+0000] {dagbag.py:541} INFO - Filling up the DagBag from /home/airflow/.local/lib/python3.7/site-packages/airflow/example_dags/example_branch_operator_decorator.py
[2026-03-03T01:00:42.224+0000] {processor.py:809} INFO - DAG(s) dict_keys(['example_branch_python_operator_decorator']) retrieved from /home/airflow/.local/lib/python3.7/site-packages/airflow/example_dags/example_branch_operator_decorator.py
[2026-03-03T01:00:42.289+0000] {logging_mixin.py:149} INFO - [2026-03-03T01:00:42.288+0000] {dag.py:2726} INFO - Sync 1 DAGs
[2026-03-03T01:00:42.369+0000] {logging_mixin.py:149} INFO - [2026-03-03T01:00:42.369+0000] {dag.py:3490} INFO - Setting next_dagrun for example_branch_python_operator_decorator to 2026-03-02T00:00:00+00:00, run_after=2026-03-03T00:00:00+00:00
[2026-03-03T01:00:42.435+0000] {processor.py:178} INFO - Processing /home/airflow/.local/lib/python3.7/site-packages/airflow/example_dags/example_branch_operator_decorator.py took 0.260 seconds
[2026-03-03T01:01:13.382+0000] {processor.py:156} INFO - Started process (PID=670) to work on /home/airflow/.local/lib/python3.7/site-packages/airflow/example_dags/example_branch_operator_decorator.py
[2026-03-03T01:01:13.383+0000] {processor.py:799} INFO - Processing file /home/airflow/.local/lib/python3.7/site-packages/airflow/example_dags/example_branch_operator_decorator.py for tasks to queue
[2026-03-03T01:01:13.384+0000] {logging_mixin.py:149} INFO - [2026-03-03T01:01:13.384+0000] {dagbag.py:541} INFO - Filling up the DagBag from /home/airflow/.local/lib/python3.7/site-packages/airflow/example_dags/example_branch_operator_decorator.py
[2026-03-03T01:01:13.393+0000] {processor.py:809} INFO - DAG(s) dict_keys(['example_branch_python_operator_decorator']) retrieved from /home/airflow/.local/lib/python3.7/site-packages/airflow/example_dags/example_branch_operator_decorator.py
[2026-03-03T01:01:13.413+0000] {logging_mixin.py:149} INFO - [2026-03-03T01:01:13.413+0000] {dag.py:2726} INFO - Sync 1 DAGs
[2026-03-03T01:01:13.429+0000] {logging_mixin.py:149} INFO - [2026-03-03T01:01:13.429+0000] {dag.py:3490} INFO - Setting next_dagrun for example_branch_python_operator_decorator to 2026-03-02T00:00:00+00:00, run_after=2026-03-03T00:00:00+00:00
[2026-03-03T01:01:13.441+0000] {processor.py:178} INFO - Processing /home/airflow/.local/lib/python3.7/site-packages/airflow/example_dags/example_branch_operator_decorator.py took 0.063 seconds
[2026-03-03T01:01:44.105+0000] {processor.py:156} INFO - Started process (PID=732) to work on /home/airflow/.local/lib/python3.7/site-packages/airflow/example_dags/example_branch_operator_decorator.py
[2026-03-03T01:01:44.106+0000] {processor.py:799} INFO - Processing file /home/airflow/.local/lib/python3.7/site-packages/airflow/example_dags/example_branch_operator_decorator.py for tasks to queue
[2026-03-03T01:01:44.106+0000] {logging_mixin.py:149} INFO - [2026-03-03T01:01:44.106+0000] {dagbag.py:541} INFO - Filling up the DagBag from /home/airflow/.local/lib/python3.7/site-packages/airflow/example_dags/example_branch_operator_decorator.py
[2026-03-03T01:01:44.113+0000] {processor.py:809} INFO - DAG(s) dict_keys(['example_branch_python_operator_decorator']) retrieved from /home/airflow/.local/lib/python3.7/site-packages/airflow/example_dags/example_branch_operator_decorator.py
[2026-03-03T01:01:44.130+0000] {logging_mixin.py:149} INFO - [2026-03-03T01:01:44.130+0000] {dag.py:2726} INFO - Sync 1 DAGs
[2026-03-03T01:01:44.148+0000] {logging_mixin.py:149} INFO - [2026-03-03T01:01:44.148+0000] {dag.py:3490} INFO - Setting next_dagrun for example_branch_python_operator_decorator to 2026-03-02T00:00:00+00:00, run_after=2026-03-03T00:00:00+00:00
[2026-03-03T01:01:44.159+0000] {processor.py:178} INFO - Processing /home/airflow/.local/lib/python3.7/site-packages/airflow/example_dags/example_branch_operator_decorator.py took 0.056 seconds
[2026-03-03T01:02:14.981+0000] {processor.py:156} INFO - Started process (PID=794) to work on /home/airflow/.local/lib/python3.7/site-packages/airflow/example_dags/example_branch_operator_decorator.py
[2026-03-03T01:02:14.982+0000] {processor.py:799} INFO - Processing file /home/airflow/.local/lib/python3.7/site-packages/airflow/example_dags/example_branch_operator_decorator.py for tasks to queue
[2026-03-03T01:02:14.982+0000] {logging_mixin.py:149} INFO - [2026-03-03T01:02:14.982+0000] {dagbag.py:541} INFO - Filling up the DagBag from /home/airflow/.local/lib/python3.7/site-packages/airflow/example_dags/example_branch_operator_decorator.py
[2026-03-03T01:02:14.989+0000] {processor.py:809} INFO - DAG(s) dict_keys(['example_branch_python_operator_decorator']) retrieved from /home/airflow/.local/lib/python3.7/site-packages/airflow/example_dags/example_branch_operator_decorator.py
[2026-03-03T01:02:15.003+0000] {logging_mixin.py:149} INFO - [2026-03-03T01:02:15.003+0000] {dag.py:2726} INFO - Sync 1 DAGs
[2026-03-03T01:02:15.019+0000] {logging_mixin.py:149} INFO - [2026-03-03T01:02:15.019+0000] {dag.py:3490} INFO - Setting next_dagrun for example_branch_python_operator_decorator to 2026-03-02T00:00:00+00:00, run_after=2026-03-03T00:00:00+00:00
[2026-03-03T01:02:15.029+0000] {processor.py:178} INFO - Processing /home/airflow/.local/lib/python3.7/site-packages/airflow/example_dags/example_branch_operator_decorator.py took 0.051 seconds
[2026-03-03T01:02:45.722+0000] {processor.py:156} INFO - Started process (PID=856) to work on /home/airflow/.local/lib/python3.7/site-packages/airflow/example_dags/example_branch_operator_decorator.py
[2026-03-03T01:02:45.723+0000] {processor.py:799} INFO - Processing file /home/airflow/.local/lib/python3.7/site-packages/airflow/example_dags/example_branch_operator_decorator.py for tasks to queue
[2026-03-03T01:02:45.723+0000] {logging_mixin.py:149} INFO - [2026-03-03T01:02:45.723+0000] {dagbag.py:541} INFO - Filling up the DagBag from /home/airflow/.local/lib/python3.7/site-packages/airflow/example_dags/example_branch_operator_decorator.py
[2026-03-03T01:02:45.735+0000] {processor.py:809} INFO - DAG(s) dict_keys(['example_branch_python_operator_decorator']) retrieved from /home/airflow/.local/lib/python3.7/site-packages/airflow/example_dags/example_branch_operator_decorator.py
[2026-03-03T01:02:45.756+0000] {logging_mixin.py:149} INFO - [2026-03-03T01:02:45.756+0000] {dag.py:2726} INFO - Sync 1 DAGs
[2026-03-03T01:02:45.771+0000] {logging_mixin.py:149} INFO - [2026-03-03T01:02:45.771+0000] {dag.py:3490} INFO - Setting next_dagrun for example_branch_python_operator_decorator to 2026-03-02T00:00:00+00:00, run_after=2026-03-03T00:00:00+00:00
[2026-03-03T01:02:45.780+0000] {processor.py:178} INFO - Processing /home/airflow/.local/lib/python3.7/site-packages/airflow/example_dags/example_branch_operator_decorator.py took 0.062 seconds
[2026-03-03T01:03:16.482+0000] {processor.py:156} INFO - Started process (PID=918) to work on /home/airflow/.local/lib/python3.7/site-packages/airflow/example_dags/example_branch_operator_decorator.py
[2026-03-03T01:03:16.483+0000] {processor.py:799} INFO - Processing file /home/airflow/.local/lib/python3.7/site-packages/airflow/example_dags/example_branch_operator_decorator.py for tasks to queue
[2026-03-03T01:03:16.483+0000] {logging_mixin.py:149} INFO - [2026-03-03T01:03:16.483+0000] {dagbag.py:541} INFO - Filling up the DagBag from /home/airflow/.local/lib/python3.7/site-packages/airflow/example_dags/example_branch_operator_decorator.py
[2026-03-03T01:03:16.493+0000] {processor.py:809} INFO - DAG(s) dict_keys(['example_branch_python_operator_decorator']) retrieved from /home/airflow/.local/lib/python3.7/site-packages/airflow/example_dags/example_branch_operator_decorator.py
[2026-03-03T01:03:16.513+0000] {logging_mixin.py:149} INFO - [2026-03-03T01:03:16.513+0000] {dag.py:2726} INFO - Sync 1 DAGs
[2026-03-03T01:03:16.528+0000] {logging_mixin.py:149} INFO - [2026-03-03T01:03:16.528+0000] {dag.py:3490} INFO - Setting next_dagrun for example_branch_python_operator_decorator to 2026-03-02T00:00:00+00:00, run_after=2026-03-03T00:00:00+00:00
[2026-03-03T01:03:16.538+0000] {processor.py:178} INFO - Processing /home/airflow/.local/lib/python3.7/site-packages/airflow/example_dags/example_branch_operator_decorator.py took 0.060 seconds
[2026-03-03T01:03:47.195+0000] {processor.py:156} INFO - Started process (PID=980) to work on /home/airflow/.local/lib/python3.7/site-packages/airflow/example_dags/example_branch_operator_decorator.py
[2026-03-03T01:03:47.196+0000] {processor.py:799} INFO - Processing file /home/airflow/.local/lib/python3.7/site-packages/airflow/example_dags/example_branch_operator_decorator.py for tasks to queue
[2026-03-03T01:03:47.197+0000] {logging_mixin.py:149} INFO - [2026-03-03T01:03:47.197+0000] {dagbag.py:541} INFO - Filling up the DagBag from /home/airflow/.local/lib/python3.7/site-packages/airflow/example_dags/example_branch_operator_decorator.py
[2026-03-03T01:03:47.206+0000] {processor.py:809} INFO - DAG(s) dict_keys(['example_branch_python_operator_decorator']) retrieved from /home/airflow/.local/lib/python3.7/site-packages/airflow/example_dags/example_branch_operator_decorator.py
[2026-03-03T01:03:47.229+0000] {logging_mixin.py:149} INFO - [2026-03-03T01:03:47.229+0000] {dag.py:2726} INFO - Sync 1 DAGs
[2026-03-03T01:03:47.250+0000] {logging_mixin.py:149} INFO - [2026-03-03T01:03:47.250+0000] {dag.py:3490} INFO - Setting next_dagrun for example_branch_python_operator_decorator to 2026-03-02T00:00:00+00:00, run_after=2026-03-03T00:00:00+00:00
[2026-03-03T01:03:47.267+0000] {processor.py:178} INFO - Processing /home/airflow/.local/lib/python3.7/site-packages/airflow/example_dags/example_branch_operator_decorator.py took 0.076 seconds
[2026-03-03T01:04:18.024+0000] {processor.py:156} INFO - Started process (PID=1042) to work on /home/airflow/.local/lib/python3.7/site-packages/airflow/example_dags/example_branch_operator_decorator.py
[2026-03-03T01:04:18.025+0000] {processor.py:799} INFO - Processing file /home/airflow/.local/lib/python3.7/site-packages/airflow/example_dags/example_branch_operator_decorator.py for tasks to queue
[2026-03-03T01:04:18.026+0000] {logging_mixin.py:149} INFO - [2026-03-03T01:04:18.026+0000] {dagbag.py:541} INFO - Filling up the DagBag from /home/airflow/.local/lib/python3.7/site-packages/airflow/example_dags/example_branch_operator_decorator.py
[2026-03-03T01:04:18.031+0000] {processor.py:809} INFO - DAG(s) dict_keys(['example_branch_python_operator_decorator']) retrieved from /home/airflow/.local/lib/python3.7/site-packages/airflow/example_dags/example_branch_operator_decorator.py
[2026-03-03T01:04:18.043+0000] {logging_mixin.py:149} INFO - [2026-03-03T01:04:18.043+0000] {dag.py:2726} INFO - Sync 1 DAGs
[2026-03-03T01:04:18.056+0000] {logging_mixin.py:149} INFO - [2026-03-03T01:04:18.056+0000] {dag.py:3490} INFO - Setting next_dagrun for example_branch_python_operator_decorator to 2026-03-02T00:00:00+00:00, run_after=2026-03-03T00:00:00+00:00
[2026-03-03T01:04:18.064+0000] {processor.py:178} INFO - Processing /home/airflow/.local/lib/python3.7/site-packages/airflow/example_dags/example_branch_operator_decorator.py took 0.042 seconds
[2026-03-03T01:04:48.577+0000] {processor.py:156} INFO - Started process (PID=1104) to work on /home/airflow/.local/lib/python3.7/site-packages/airflow/example_dags/example_branch_operator_decorator.py
[2026-03-03T01:04:48.578+0000] {processor.py:799} INFO - Processing file /home/airflow/.local/lib/python3.7/site-packages/airflow/example_dags/example_branch_operator_decorator.py for tasks to queue
[2026-03-03T01:04:48.579+0000] {logging_mixin.py:149} INFO - [2026-03-03T01:04:48.579+0000] {dagbag.py:541} INFO - Filling up the DagBag from /home/airflow/.local/lib/python3.7/site-packages/airflow/example_dags/example_branch_operator_decorator.py
[2026-03-03T01:04:48.587+0000] {processor.py:809} INFO - DAG(s) dict_keys(['example_branch_python_operator_decorator']) retrieved from /home/airflow/.local/lib/python3.7/site-packages/airflow/example_dags/example_branch_operator_decorator.py
[2026-03-03T01:04:48.605+0000] {logging_mixin.py:149} INFO - [2026-03-03T01:04:48.605+0000] {dag.py:2726} INFO - Sync 1 DAGs
[2026-03-03T01:04:48.621+0000] {logging_mixin.py:149} INFO - [2026-03-03T01:04:48.621+0000] {dag.py:3490} INFO - Setting next_dagrun for example_branch_python_operator_decorator to 2026-03-02T00:00:00+00:00, run_after=2026-03-03T00:00:00+00:00
[2026-03-03T01:04:48.631+0000] {processor.py:178} INFO - Processing /home/airflow/.local/lib/python3.7/site-packages/airflow/example_dags/example_branch_operator_decorator.py took 0.058 seconds
[2026-03-03T01:05:19.365+0000] {processor.py:156} INFO - Started process (PID=1166) to work on /home/airflow/.local/lib/python3.7/site-packages/airflow/example_dags/example_branch_operator_decorator.py
[2026-03-03T01:05:19.366+0000] {processor.py:799} INFO - Processing file /home/airflow/.local/lib/python3.7/site-packages/airflow/example_dags/example_branch_operator_decorator.py for tasks to queue
[2026-03-03T01:05:19.367+0000] {logging_mixin.py:149} INFO - [2026-03-03T01:05:19.367+0000] {dagbag.py:541} INFO - Filling up the DagBag from /home/airflow/.local/lib/python3.7/site-packages/airflow/example_dags/example_branch_operator_decorator.py
[2026-03-03T01:05:19.375+0000] {processor.py:809} INFO - DAG(s) dict_keys(['example_branch_python_operator_decorator']) retrieved from /home/airflow/.local/lib/python3.7/site-packages/airflow/example_dags/example_branch_operator_decorator.py
[2026-03-03T01:05:19.393+0000] {logging_mixin.py:149} INFO - [2026-03-03T01:05:19.393+0000] {dag.py:2726} INFO - Sync 1 DAGs
[2026-03-03T01:05:19.408+0000] {logging_mixin.py:149} INFO - [2026-03-03T01:05:19.407+0000] {dag.py:3490} INFO - Setting next_dagrun for example_branch_python_operator_decorator to 2026-03-02T00:00:00+00:00, run_after=2026-03-03T00:00:00+00:00
[2026-03-03T01:05:19.419+0000] {processor.py:178} INFO - Processing /home/airflow/.local/lib/python3.7/site-packages/airflow/example_dags/example_branch_operator_decorator.py took 0.057 seconds
[2026-03-03T01:05:50.133+0000] {processor.py:156} INFO - Started process (PID=1228) to work on /home/airflow/.local/lib/python3.7/site-packages/airflow/example_dags/example_branch_operator_decorator.py
[2026-03-03T01:05:50.134+0000] {processor.py:799} INFO - Processing file /home/airflow/.local/lib/python3.7/site-packages/airflow/example_dags/example_branch_operator_decorator.py for tasks to queue
[2026-03-03T01:05:50.134+0000] {logging_mixin.py:149} INFO - [2026-03-03T01:05:50.134+0000] {dagbag.py:541} INFO - Filling up the DagBag from /home/airflow/.local/lib/python3.7/site-packages/airflow/example_dags/example_branch_operator_decorator.py
[2026-03-03T01:05:50.138+0000] {processor.py:809} INFO - DAG(s) dict_keys(['example_branch_python_operator_decorator']) retrieved from /home/airflow/.local/lib/python3.7/site-packages/airflow/example_dags/example_branch_operator_decorator.py
[2026-03-03T01:05:50.150+0000] {logging_mixin.py:149} INFO - [2026-03-03T01:05:50.150+0000] {dag.py:2726} INFO - Sync 1 DAGs
[2026-03-03T01:05:50.161+0000] {logging_mixin.py:149} INFO - [2026-03-03T01:05:50.161+0000] {dag.py:3490} INFO - Setting next_dagrun for example_branch_python_operator_decorator to 2026-03-02T00:00:00+00:00, run_after=2026-03-03T00:00:00+00:00
[2026-03-03T01:05:50.169+0000] {processor.py:178} INFO - Processing /home/airflow/.local/lib/python3.7/site-packages/airflow/example_dags/example_branch_operator_decorator.py took 0.038 seconds
[2026-03-03T01:06:20.630+0000] {processor.py:156} INFO - Started process (PID=1290) to work on /home/airflow/.local/lib/python3.7/site-packages/airflow/example_dags/example_branch_operator_decorator.py
[2026-03-03T01:06:20.631+0000] {processor.py:799} INFO - Processing file /home/airflow/.local/lib/python3.7/site-packages/airflow/example_dags/example_branch_operator_decorator.py for tasks to queue
[2026-03-03T01:06:20.631+0000] {logging_mixin.py:149} INFO - [2026-03-03T01:06:20.631+0000] {dagbag.py:541} INFO - Filling up the DagBag from /home/airflow/.local/lib/python3.7/site-packages/airflow/example_dags/example_branch_operator_decorator.py
[2026-03-03T01:06:20.635+0000] {processor.py:809} INFO - DAG(s) dict_keys(['example_branch_python_operator_decorator']) retrieved from /home/airflow/.local/lib/python3.7/site-packages/airflow/example_dags/example_branch_operator_decorator.py
[2026-03-03T01:06:20.646+0000] {logging_mixin.py:149} INFO - [2026-03-03T01:06:20.646+0000] {dag.py:2726} INFO - Sync 1 DAGs
[2026-03-03T01:06:20.657+0000] {logging_mixin.py:149} INFO - [2026-03-03T01:06:20.657+0000] {dag.py:3490} INFO - Setting next_dagrun for example_branch_python_operator_decorator to 2026-03-02T00:00:00+00:00, run_after=2026-03-03T00:00:00+00:00
[2026-03-03T01:06:20.665+0000] {processor.py:178} INFO - Processing /home/airflow/.local/lib/python3.7/site-packages/airflow/example_dags/example_branch_operator_decorator.py took 0.037 seconds
[2026-03-03T01:07:09.200+0000] {processor.py:156} INFO - Started process (PID=42) to work on /home/airflow/.local/lib/python3.7/site-packages/airflow/example_dags/example_branch_operator_decorator.py
[2026-03-03T01:07:09.200+0000] {processor.py:799} INFO - Processing file /home/airflow/.local/lib/python3.7/site-packages/airflow/example_dags/example_branch_operator_decorator.py for tasks to queue
[2026-03-03T01:07:09.201+0000] {logging_mixin.py:149} INFO - [2026-03-03T01:07:09.201+0000] {dagbag.py:541} INFO - Filling up the DagBag from /home/airflow/.local/lib/python3.7/site-packages/airflow/example_dags/example_branch_operator_decorator.py
[2026-03-03T01:07:09.211+0000] {processor.py:809} INFO - DAG(s) dict_keys(['example_branch_python_operator_decorator']) retrieved from /home/airflow/.local/lib/python3.7/site-packages/airflow/example_dags/example_branch_operator_decorator.py
[2026-03-03T01:07:09.223+0000] {logging_mixin.py:149} INFO - [2026-03-03T01:07:09.223+0000] {dag.py:2726} INFO - Sync 1 DAGs
[2026-03-03T01:07:09.243+0000] {logging_mixin.py:149} INFO - [2026-03-03T01:07:09.243+0000] {dag.py:3490} INFO - Setting next_dagrun for example_branch_python_operator_decorator to 2026-03-02T00:00:00+00:00, run_after=2026-03-03T00:00:00+00:00
[2026-03-03T01:07:09.256+0000] {processor.py:178} INFO - Processing /home/airflow/.local/lib/python3.7/site-packages/airflow/example_dags/example_branch_operator_decorator.py took 0.058 seconds
[2026-03-03T01:07:39.373+0000] {processor.py:156} INFO - Started process (PID=104) to work on /home/airflow/.local/lib/python3.7/site-packages/airflow/example_dags/example_branch_operator_decorator.py
[2026-03-03T01:07:39.374+0000] {processor.py:799} INFO - Processing file /home/airflow/.local/lib/python3.7/site-packages/airflow/example_dags/example_branch_operator_decorator.py for tasks to queue
[2026-03-03T01:07:39.375+0000] {logging_mixin.py:149} INFO - [2026-03-03T01:07:39.375+0000] {dagbag.py:541} INFO - Filling up the DagBag from /home/airflow/.local/lib/python3.7/site-packages/airflow/example_dags/example_branch_operator_decorator.py
[2026-03-03T01:07:39.384+0000] {processor.py:809} INFO - DAG(s) dict_keys(['example_branch_python_operator_decorator']) retrieved from /home/airflow/.local/lib/python3.7/site-packages/airflow/example_dags/example_branch_operator_decorator.py
[2026-03-03T01:07:39.401+0000] {logging_mixin.py:149} INFO - [2026-03-03T01:07:39.401+0000] {dag.py:2726} INFO - Sync 1 DAGs
[2026-03-03T01:07:39.413+0000] {logging_mixin.py:149} INFO - [2026-03-03T01:07:39.413+0000] {dag.py:3490} INFO - Setting next_dagrun for example_branch_python_operator_decorator to 2026-03-02T00:00:00+00:00, run_after=2026-03-03T00:00:00+00:00
[2026-03-03T01:07:39.421+0000] {processor.py:178} INFO - Processing /home/airflow/.local/lib/python3.7/site-packages/airflow/example_dags/example_branch_operator_decorator.py took 0.049 seconds
[2026-03-03T01:08:12.417+0000] {processor.py:156} INFO - Started process (PID=173) to work on /home/airflow/.local/lib/python3.7/site-packages/airflow/example_dags/example_branch_operator_decorator.py
[2026-03-03T01:08:12.420+0000] {processor.py:799} INFO - Processing file /home/airflow/.local/lib/python3.7/site-packages/airflow/example_dags/example_branch_operator_decorator.py for tasks to queue
[2026-03-03T01:08:12.423+0000] {logging_mixin.py:149} INFO - [2026-03-03T01:08:12.422+0000] {dagbag.py:541} INFO - Filling up the DagBag from /home/airflow/.local/lib/python3.7/site-packages/airflow/example_dags/example_branch_operator_decorator.py
[2026-03-03T01:08:12.446+0000] {processor.py:809} INFO - DAG(s) dict_keys(['example_branch_python_operator_decorator']) retrieved from /home/airflow/.local/lib/python3.7/site-packages/airflow/example_dags/example_branch_operator_decorator.py
[2026-03-03T01:08:12.525+0000] {logging_mixin.py:149} INFO - [2026-03-03T01:08:12.524+0000] {dag.py:2726} INFO - Sync 1 DAGs
[2026-03-03T01:08:12.949+0000] {logging_mixin.py:149} INFO - [2026-03-03T01:08:12.949+0000] {dag.py:3490} INFO - Setting next_dagrun for example_branch_python_operator_decorator to 2026-03-02T00:00:00+00:00, run_after=2026-03-03T00:00:00+00:00
[2026-03-03T01:08:13.007+0000] {processor.py:178} INFO - Processing /home/airflow/.local/lib/python3.7/site-packages/airflow/example_dags/example_branch_operator_decorator.py took 0.597 seconds
[2026-03-03T01:08:43.700+0000] {processor.py:156} INFO - Started process (PID=235) to work on /home/airflow/.local/lib/python3.7/site-packages/airflow/example_dags/example_branch_operator_decorator.py
[2026-03-03T01:08:43.703+0000] {processor.py:799} INFO - Processing file /home/airflow/.local/lib/python3.7/site-packages/airflow/example_dags/example_branch_operator_decorator.py for tasks to queue
[2026-03-03T01:08:43.705+0000] {logging_mixin.py:149} INFO - [2026-03-03T01:08:43.704+0000] {dagbag.py:541} INFO - Filling up the DagBag from /home/airflow/.local/lib/python3.7/site-packages/airflow/example_dags/example_branch_operator_decorator.py
[2026-03-03T01:08:43.712+0000] {processor.py:809} INFO - DAG(s) dict_keys(['example_branch_python_operator_decorator']) retrieved from /home/airflow/.local/lib/python3.7/site-packages/airflow/example_dags/example_branch_operator_decorator.py
[2026-03-03T01:08:43.738+0000] {logging_mixin.py:149} INFO - [2026-03-03T01:08:43.738+0000] {dag.py:2726} INFO - Sync 1 DAGs
[2026-03-03T01:08:43.762+0000] {logging_mixin.py:149} INFO - [2026-03-03T01:08:43.761+0000] {dag.py:3490} INFO - Setting next_dagrun for example_branch_python_operator_decorator to 2026-03-02T00:00:00+00:00, run_after=2026-03-03T00:00:00+00:00
[2026-03-03T01:08:43.781+0000] {processor.py:178} INFO - Processing /home/airflow/.local/lib/python3.7/site-packages/airflow/example_dags/example_branch_operator_decorator.py took 0.084 seconds
[2026-03-03T01:09:14.695+0000] {processor.py:156} INFO - Started process (PID=297) to work on /home/airflow/.local/lib/python3.7/site-packages/airflow/example_dags/example_branch_operator_decorator.py
[2026-03-03T01:09:14.696+0000] {processor.py:799} INFO - Processing file /home/airflow/.local/lib/python3.7/site-packages/airflow/example_dags/example_branch_operator_decorator.py for tasks to queue
[2026-03-03T01:09:14.699+0000] {logging_mixin.py:149} INFO - [2026-03-03T01:09:14.699+0000] {dagbag.py:541} INFO - Filling up the DagBag from /home/airflow/.local/lib/python3.7/site-packages/airflow/example_dags/example_branch_operator_decorator.py
[2026-03-03T01:09:14.711+0000] {processor.py:809} INFO - DAG(s) dict_keys(['example_branch_python_operator_decorator']) retrieved from /home/airflow/.local/lib/python3.7/site-packages/airflow/example_dags/example_branch_operator_decorator.py
[2026-03-03T01:09:14.731+0000] {logging_mixin.py:149} INFO - [2026-03-03T01:09:14.731+0000] {dag.py:2726} INFO - Sync 1 DAGs
[2026-03-03T01:09:14.746+0000] {logging_mixin.py:149} INFO - [2026-03-03T01:09:14.746+0000] {dag.py:3490} INFO - Setting next_dagrun for example_branch_python_operator_decorator to 2026-03-02T00:00:00+00:00, run_after=2026-03-03T00:00:00+00:00
[2026-03-03T01:09:14.762+0000] {processor.py:178} INFO - Processing /home/airflow/.local/lib/python3.7/site-packages/airflow/example_dags/example_branch_operator_decorator.py took 0.072 seconds
[2026-03-03T01:09:45.648+0000] {processor.py:156} INFO - Started process (PID=359) to work on /home/airflow/.local/lib/python3.7/site-packages/airflow/example_dags/example_branch_operator_decorator.py
[2026-03-03T01:09:45.648+0000] {processor.py:799} INFO - Processing file /home/airflow/.local/lib/python3.7/site-packages/airflow/example_dags/example_branch_operator_decorator.py for tasks to queue
[2026-03-03T01:09:45.649+0000] {logging_mixin.py:149} INFO - [2026-03-03T01:09:45.649+0000] {dagbag.py:541} INFO - Filling up the DagBag from /home/airflow/.local/lib/python3.7/site-packages/airflow/example_dags/example_branch_operator_decorator.py
[2026-03-03T01:09:45.660+0000] {processor.py:809} INFO - DAG(s) dict_keys(['example_branch_python_operator_decorator']) retrieved from /home/airflow/.local/lib/python3.7/site-packages/airflow/example_dags/example_branch_operator_decorator.py
[2026-03-03T01:09:45.683+0000] {logging_mixin.py:149} INFO - [2026-03-03T01:09:45.683+0000] {dag.py:2726} INFO - Sync 1 DAGs
[2026-03-03T01:09:45.699+0000] {logging_mixin.py:149} INFO - [2026-03-03T01:09:45.699+0000] {dag.py:3490} INFO - Setting next_dagrun for example_branch_python_operator_decorator to 2026-03-02T00:00:00+00:00, run_after=2026-03-03T00:00:00+00:00
[2026-03-03T01:09:45.714+0000] {processor.py:178} INFO - Processing /home/airflow/.local/lib/python3.7/site-packages/airflow/example_dags/example_branch_operator_decorator.py took 0.070 seconds
[2026-03-03T01:10:16.003+0000] {processor.py:156} INFO - Started process (PID=421) to work on /home/airflow/.local/lib/python3.7/site-packages/airflow/example_dags/example_branch_operator_decorator.py
[2026-03-03T01:10:16.006+0000] {processor.py:799} INFO - Processing file /home/airflow/.local/lib/python3.7/site-packages/airflow/example_dags/example_branch_operator_decorator.py for tasks to queue
[2026-03-03T01:10:16.008+0000] {logging_mixin.py:149} INFO - [2026-03-03T01:10:16.008+0000] {dagbag.py:541} INFO - Filling up the DagBag from /home/airflow/.local/lib/python3.7/site-packages/airflow/example_dags/example_branch_operator_decorator.py
[2026-03-03T01:10:16.046+0000] {processor.py:809} INFO - DAG(s) dict_keys(['example_branch_python_operator_decorator']) retrieved from /home/airflow/.local/lib/python3.7/site-packages/airflow/example_dags/example_branch_operator_decorator.py
[2026-03-03T01:10:16.170+0000] {logging_mixin.py:149} INFO - [2026-03-03T01:10:16.169+0000] {dag.py:2726} INFO - Sync 1 DAGs
[2026-03-03T01:10:16.288+0000] {logging_mixin.py:149} INFO - [2026-03-03T01:10:16.287+0000] {dag.py:3490} INFO - Setting next_dagrun for example_branch_python_operator_decorator to 2026-03-02T00:00:00+00:00, run_after=2026-03-03T00:00:00+00:00
[2026-03-03T01:10:16.366+0000] {processor.py:178} INFO - Processing /home/airflow/.local/lib/python3.7/site-packages/airflow/example_dags/example_branch_operator_decorator.py took 0.374 seconds
[2026-03-03T01:10:46.481+0000] {processor.py:156} INFO - Started process (PID=483) to work on /home/airflow/.local/lib/python3.7/site-packages/airflow/example_dags/example_branch_operator_decorator.py
[2026-03-03T01:10:46.484+0000] {processor.py:799} INFO - Processing file /home/airflow/.local/lib/python3.7/site-packages/airflow/example_dags/example_branch_operator_decorator.py for tasks to queue
[2026-03-03T01:10:46.490+0000] {logging_mixin.py:149} INFO - [2026-03-03T01:10:46.490+0000] {dagbag.py:541} INFO - Filling up the DagBag from /home/airflow/.local/lib/python3.7/site-packages/airflow/example_dags/example_branch_operator_decorator.py
[2026-03-03T01:10:46.515+0000] {processor.py:809} INFO - DAG(s) dict_keys(['example_branch_python_operator_decorator']) retrieved from /home/airflow/.local/lib/python3.7/site-packages/airflow/example_dags/example_branch_operator_decorator.py
[2026-03-03T01:10:46.578+0000] {logging_mixin.py:149} INFO - [2026-03-03T01:10:46.578+0000] {dag.py:2726} INFO - Sync 1 DAGs
[2026-03-03T01:10:46.668+0000] {logging_mixin.py:149} INFO - [2026-03-03T01:10:46.667+0000] {dag.py:3490} INFO - Setting next_dagrun for example_branch_python_operator_decorator to 2026-03-02T00:00:00+00:00, run_after=2026-03-03T00:00:00+00:00
[2026-03-03T01:10:46.728+0000] {processor.py:178} INFO - Processing /home/airflow/.local/lib/python3.7/site-packages/airflow/example_dags/example_branch_operator_decorator.py took 0.253 seconds
[2026-03-03T01:11:17.481+0000] {processor.py:156} INFO - Started process (PID=545) to work on /home/airflow/.local/lib/python3.7/site-packages/airflow/example_dags/example_branch_operator_decorator.py
[2026-03-03T01:11:17.481+0000] {processor.py:799} INFO - Processing file /home/airflow/.local/lib/python3.7/site-packages/airflow/example_dags/example_branch_operator_decorator.py for tasks to queue
[2026-03-03T01:11:17.483+0000] {logging_mixin.py:149} INFO - [2026-03-03T01:11:17.483+0000] {dagbag.py:541} INFO - Filling up the DagBag from /home/airflow/.local/lib/python3.7/site-packages/airflow/example_dags/example_branch_operator_decorator.py
[2026-03-03T01:11:17.490+0000] {processor.py:809} INFO - DAG(s) dict_keys(['example_branch_python_operator_decorator']) retrieved from /home/airflow/.local/lib/python3.7/site-packages/airflow/example_dags/example_branch_operator_decorator.py
[2026-03-03T01:11:17.506+0000] {logging_mixin.py:149} INFO - [2026-03-03T01:11:17.506+0000] {dag.py:2726} INFO - Sync 1 DAGs
[2026-03-03T01:11:17.524+0000] {logging_mixin.py:149} INFO - [2026-03-03T01:11:17.524+0000] {dag.py:3490} INFO - Setting next_dagrun for example_branch_python_operator_decorator to 2026-03-02T00:00:00+00:00, run_after=2026-03-03T00:00:00+00:00
[2026-03-03T01:11:17.536+0000] {processor.py:178} INFO - Processing /home/airflow/.local/lib/python3.7/site-packages/airflow/example_dags/example_branch_operator_decorator.py took 0.059 seconds
[2026-03-03T01:11:48.420+0000] {processor.py:156} INFO - Started process (PID=607) to work on /home/airflow/.local/lib/python3.7/site-packages/airflow/example_dags/example_branch_operator_decorator.py
[2026-03-03T01:11:48.423+0000] {processor.py:799} INFO - Processing file /home/airflow/.local/lib/python3.7/site-packages/airflow/example_dags/example_branch_operator_decorator.py for tasks to queue
[2026-03-03T01:11:48.427+0000] {logging_mixin.py:149} INFO - [2026-03-03T01:11:48.426+0000] {dagbag.py:541} INFO - Filling up the DagBag from /home/airflow/.local/lib/python3.7/site-packages/airflow/example_dags/example_branch_operator_decorator.py
[2026-03-03T01:11:48.456+0000] {processor.py:809} INFO - DAG(s) dict_keys(['example_branch_python_operator_decorator']) retrieved from /home/airflow/.local/lib/python3.7/site-packages/airflow/example_dags/example_branch_operator_decorator.py
[2026-03-03T01:11:48.517+0000] {logging_mixin.py:149} INFO - [2026-03-03T01:11:48.516+0000] {dag.py:2726} INFO - Sync 1 DAGs
[2026-03-03T01:11:48.588+0000] {logging_mixin.py:149} INFO - [2026-03-03T01:11:48.587+0000] {dag.py:3490} INFO - Setting next_dagrun for example_branch_python_operator_decorator to 2026-03-02T00:00:00+00:00, run_after=2026-03-03T00:00:00+00:00
[2026-03-03T01:11:48.642+0000] {processor.py:178} INFO - Processing /home/airflow/.local/lib/python3.7/site-packages/airflow/example_dags/example_branch_operator_decorator.py took 0.231 seconds
[2026-03-03T01:12:19.443+0000] {processor.py:156} INFO - Started process (PID=669) to work on /home/airflow/.local/lib/python3.7/site-packages/airflow/example_dags/example_branch_operator_decorator.py
[2026-03-03T01:12:19.446+0000] {processor.py:799} INFO - Processing file /home/airflow/.local/lib/python3.7/site-packages/airflow/example_dags/example_branch_operator_decorator.py for tasks to queue
[2026-03-03T01:12:19.448+0000] {logging_mixin.py:149} INFO - [2026-03-03T01:12:19.448+0000] {dagbag.py:541} INFO - Filling up the DagBag from /home/airflow/.local/lib/python3.7/site-packages/airflow/example_dags/example_branch_operator_decorator.py
[2026-03-03T01:12:19.470+0000] {processor.py:809} INFO - DAG(s) dict_keys(['example_branch_python_operator_decorator']) retrieved from /home/airflow/.local/lib/python3.7/site-packages/airflow/example_dags/example_branch_operator_decorator.py
[2026-03-03T01:12:19.527+0000] {logging_mixin.py:149} INFO - [2026-03-03T01:12:19.527+0000] {dag.py:2726} INFO - Sync 1 DAGs
[2026-03-03T01:12:19.586+0000] {logging_mixin.py:149} INFO - [2026-03-03T01:12:19.586+0000] {dag.py:3490} INFO - Setting next_dagrun for example_branch_python_operator_decorator to 2026-03-02T00:00:00+00:00, run_after=2026-03-03T00:00:00+00:00
[2026-03-03T01:12:19.634+0000] {processor.py:178} INFO - Processing /home/airflow/.local/lib/python3.7/site-packages/airflow/example_dags/example_branch_operator_decorator.py took 0.197 seconds
[2026-03-03T01:12:49.883+0000] {processor.py:156} INFO - Started process (PID=731) to work on /home/airflow/.local/lib/python3.7/site-packages/airflow/example_dags/example_branch_operator_decorator.py
[2026-03-03T01:12:49.886+0000] {processor.py:799} INFO - Processing file /home/airflow/.local/lib/python3.7/site-packages/airflow/example_dags/example_branch_operator_decorator.py for tasks to queue
[2026-03-03T01:12:49.887+0000] {logging_mixin.py:149} INFO - [2026-03-03T01:12:49.887+0000] {dagbag.py:541} INFO - Filling up the DagBag from /home/airflow/.local/lib/python3.7/site-packages/airflow/example_dags/example_branch_operator_decorator.py
[2026-03-03T01:12:49.913+0000] {processor.py:809} INFO - DAG(s) dict_keys(['example_branch_python_operator_decorator']) retrieved from /home/airflow/.local/lib/python3.7/site-packages/airflow/example_dags/example_branch_operator_decorator.py
[2026-03-03T01:12:49.970+0000] {logging_mixin.py:149} INFO - [2026-03-03T01:12:49.969+0000] {dag.py:2726} INFO - Sync 1 DAGs
[2026-03-03T01:12:50.040+0000] {logging_mixin.py:149} INFO - [2026-03-03T01:12:50.040+0000] {dag.py:3490} INFO - Setting next_dagrun for example_branch_python_operator_decorator to 2026-03-02T00:00:00+00:00, run_after=2026-03-03T00:00:00+00:00
[2026-03-03T01:12:50.085+0000] {processor.py:178} INFO - Processing /home/airflow/.local/lib/python3.7/site-packages/airflow/example_dags/example_branch_operator_decorator.py took 0.208 seconds
[2026-03-03T01:13:20.138+0000] {processor.py:156} INFO - Started process (PID=793) to work on /home/airflow/.local/lib/python3.7/site-packages/airflow/example_dags/example_branch_operator_decorator.py
[2026-03-03T01:13:20.139+0000] {processor.py:799} INFO - Processing file /home/airflow/.local/lib/python3.7/site-packages/airflow/example_dags/example_branch_operator_decorator.py for tasks to queue
[2026-03-03T01:13:20.139+0000] {logging_mixin.py:149} INFO - [2026-03-03T01:13:20.139+0000] {dagbag.py:541} INFO - Filling up the DagBag from /home/airflow/.local/lib/python3.7/site-packages/airflow/example_dags/example_branch_operator_decorator.py
[2026-03-03T01:13:20.145+0000] {processor.py:809} INFO - DAG(s) dict_keys(['example_branch_python_operator_decorator']) retrieved from /home/airflow/.local/lib/python3.7/site-packages/airflow/example_dags/example_branch_operator_decorator.py
[2026-03-03T01:13:20.161+0000] {logging_mixin.py:149} INFO - [2026-03-03T01:13:20.161+0000] {dag.py:2726} INFO - Sync 1 DAGs
[2026-03-03T01:13:20.173+0000] {logging_mixin.py:149} INFO - [2026-03-03T01:13:20.173+0000] {dag.py:3490} INFO - Setting next_dagrun for example_branch_python_operator_decorator to 2026-03-02T00:00:00+00:00, run_after=2026-03-03T00:00:00+00:00
[2026-03-03T01:13:20.181+0000] {processor.py:178} INFO - Processing /home/airflow/.local/lib/python3.7/site-packages/airflow/example_dags/example_branch_operator_decorator.py took 0.045 seconds
[2026-03-03T01:13:50.742+0000] {processor.py:156} INFO - Started process (PID=855) to work on /home/airflow/.local/lib/python3.7/site-packages/airflow/example_dags/example_branch_operator_decorator.py
[2026-03-03T01:13:50.743+0000] {processor.py:799} INFO - Processing file /home/airflow/.local/lib/python3.7/site-packages/airflow/example_dags/example_branch_operator_decorator.py for tasks to queue
[2026-03-03T01:13:50.744+0000] {logging_mixin.py:149} INFO - [2026-03-03T01:13:50.744+0000] {dagbag.py:541} INFO - Filling up the DagBag from /home/airflow/.local/lib/python3.7/site-packages/airflow/example_dags/example_branch_operator_decorator.py
[2026-03-03T01:13:50.757+0000] {processor.py:809} INFO - DAG(s) dict_keys(['example_branch_python_operator_decorator']) retrieved from /home/airflow/.local/lib/python3.7/site-packages/airflow/example_dags/example_branch_operator_decorator.py
[2026-03-03T01:13:50.781+0000] {logging_mixin.py:149} INFO - [2026-03-03T01:13:50.781+0000] {dag.py:2726} INFO - Sync 1 DAGs
[2026-03-03T01:13:50.799+0000] {logging_mixin.py:149} INFO - [2026-03-03T01:13:50.799+0000] {dag.py:3490} INFO - Setting next_dagrun for example_branch_python_operator_decorator to 2026-03-02T00:00:00+00:00, run_after=2026-03-03T00:00:00+00:00
[2026-03-03T01:13:50.810+0000] {processor.py:178} INFO - Processing /home/airflow/.local/lib/python3.7/site-packages/airflow/example_dags/example_branch_operator_decorator.py took 0.073 seconds
[2026-03-03T01:14:21.526+0000] {processor.py:156} INFO - Started process (PID=917) to work on /home/airflow/.local/lib/python3.7/site-packages/airflow/example_dags/example_branch_operator_decorator.py
[2026-03-03T01:14:21.527+0000] {processor.py:799} INFO - Processing file /home/airflow/.local/lib/python3.7/site-packages/airflow/example_dags/example_branch_operator_decorator.py for tasks to queue
[2026-03-03T01:14:21.527+0000] {logging_mixin.py:149} INFO - [2026-03-03T01:14:21.527+0000] {dagbag.py:541} INFO - Filling up the DagBag from /home/airflow/.local/lib/python3.7/site-packages/airflow/example_dags/example_branch_operator_decorator.py
[2026-03-03T01:14:21.534+0000] {processor.py:809} INFO - DAG(s) dict_keys(['example_branch_python_operator_decorator']) retrieved from /home/airflow/.local/lib/python3.7/site-packages/airflow/example_dags/example_branch_operator_decorator.py
[2026-03-03T01:14:21.550+0000] {logging_mixin.py:149} INFO - [2026-03-03T01:14:21.550+0000] {dag.py:2726} INFO - Sync 1 DAGs
[2026-03-03T01:14:21.565+0000] {logging_mixin.py:149} INFO - [2026-03-03T01:14:21.565+0000] {dag.py:3490} INFO - Setting next_dagrun for example_branch_python_operator_decorator to 2026-03-02T00:00:00+00:00, run_after=2026-03-03T00:00:00+00:00
[2026-03-03T01:14:21.577+0000] {processor.py:178} INFO - Processing /home/airflow/.local/lib/python3.7/site-packages/airflow/example_dags/example_branch_operator_decorator.py took 0.052 seconds
[2026-03-03T01:14:52.058+0000] {processor.py:156} INFO - Started process (PID=979) to work on /home/airflow/.local/lib/python3.7/site-packages/airflow/example_dags/example_branch_operator_decorator.py
[2026-03-03T01:14:52.061+0000] {processor.py:799} INFO - Processing file /home/airflow/.local/lib/python3.7/site-packages/airflow/example_dags/example_branch_operator_decorator.py for tasks to queue
[2026-03-03T01:14:52.062+0000] {logging_mixin.py:149} INFO - [2026-03-03T01:14:52.062+0000] {dagbag.py:541} INFO - Filling up the DagBag from /home/airflow/.local/lib/python3.7/site-packages/airflow/example_dags/example_branch_operator_decorator.py
[2026-03-03T01:14:52.083+0000] {processor.py:809} INFO - DAG(s) dict_keys(['example_branch_python_operator_decorator']) retrieved from /home/airflow/.local/lib/python3.7/site-packages/airflow/example_dags/example_branch_operator_decorator.py
[2026-03-03T01:14:52.140+0000] {logging_mixin.py:149} INFO - [2026-03-03T01:14:52.140+0000] {dag.py:2726} INFO - Sync 1 DAGs
[2026-03-03T01:14:52.197+0000] {logging_mixin.py:149} INFO - [2026-03-03T01:14:52.197+0000] {dag.py:3490} INFO - Setting next_dagrun for example_branch_python_operator_decorator to 2026-03-02T00:00:00+00:00, run_after=2026-03-03T00:00:00+00:00
[2026-03-03T01:14:52.241+0000] {processor.py:178} INFO - Processing /home/airflow/.local/lib/python3.7/site-packages/airflow/example_dags/example_branch_operator_decorator.py took 0.190 seconds
[2026-03-03T01:15:22.812+0000] {processor.py:156} INFO - Started process (PID=1041) to work on /home/airflow/.local/lib/python3.7/site-packages/airflow/example_dags/example_branch_operator_decorator.py
[2026-03-03T01:15:22.813+0000] {processor.py:799} INFO - Processing file /home/airflow/.local/lib/python3.7/site-packages/airflow/example_dags/example_branch_operator_decorator.py for tasks to queue
[2026-03-03T01:15:22.813+0000] {logging_mixin.py:149} INFO - [2026-03-03T01:15:22.813+0000] {dagbag.py:541} INFO - Filling up the DagBag from /home/airflow/.local/lib/python3.7/site-packages/airflow/example_dags/example_branch_operator_decorator.py
[2026-03-03T01:15:22.820+0000] {processor.py:809} INFO - DAG(s) dict_keys(['example_branch_python_operator_decorator']) retrieved from /home/airflow/.local/lib/python3.7/site-packages/airflow/example_dags/example_branch_operator_decorator.py
[2026-03-03T01:15:22.835+0000] {logging_mixin.py:149} INFO - [2026-03-03T01:15:22.834+0000] {dag.py:2726} INFO - Sync 1 DAGs
[2026-03-03T01:15:22.851+0000] {logging_mixin.py:149} INFO - [2026-03-03T01:15:22.850+0000] {dag.py:3490} INFO - Setting next_dagrun for example_branch_python_operator_decorator to 2026-03-02T00:00:00+00:00, run_after=2026-03-03T00:00:00+00:00
[2026-03-03T01:15:22.860+0000] {processor.py:178} INFO - Processing /home/airflow/.local/lib/python3.7/site-packages/airflow/example_dags/example_branch_operator_decorator.py took 0.050 seconds
[2026-03-03T01:15:53.666+0000] {processor.py:156} INFO - Started process (PID=1102) to work on /home/airflow/.local/lib/python3.7/site-packages/airflow/example_dags/example_branch_operator_decorator.py
[2026-03-03T01:15:53.667+0000] {processor.py:799} INFO - Processing file /home/airflow/.local/lib/python3.7/site-packages/airflow/example_dags/example_branch_operator_decorator.py for tasks to queue
[2026-03-03T01:15:53.667+0000] {logging_mixin.py:149} INFO - [2026-03-03T01:15:53.667+0000] {dagbag.py:541} INFO - Filling up the DagBag from /home/airflow/.local/lib/python3.7/site-packages/airflow/example_dags/example_branch_operator_decorator.py
[2026-03-03T01:15:53.674+0000] {processor.py:809} INFO - DAG(s) dict_keys(['example_branch_python_operator_decorator']) retrieved from /home/airflow/.local/lib/python3.7/site-packages/airflow/example_dags/example_branch_operator_decorator.py
[2026-03-03T01:15:53.691+0000] {logging_mixin.py:149} INFO - [2026-03-03T01:15:53.690+0000] {dag.py:2726} INFO - Sync 1 DAGs
[2026-03-03T01:15:53.711+0000] {logging_mixin.py:149} INFO - [2026-03-03T01:15:53.711+0000] {dag.py:3490} INFO - Setting next_dagrun for example_branch_python_operator_decorator to 2026-03-02T00:00:00+00:00, run_after=2026-03-03T00:00:00+00:00
[2026-03-03T01:15:53.724+0000] {processor.py:178} INFO - Processing /home/airflow/.local/lib/python3.7/site-packages/airflow/example_dags/example_branch_operator_decorator.py took 0.060 seconds
[2026-03-03T01:16:24.453+0000] {processor.py:156} INFO - Started process (PID=1164) to work on /home/airflow/.local/lib/python3.7/site-packages/airflow/example_dags/example_branch_operator_decorator.py
[2026-03-03T01:16:24.456+0000] {processor.py:799} INFO - Processing file /home/airflow/.local/lib/python3.7/site-packages/airflow/example_dags/example_branch_operator_decorator.py for tasks to queue
[2026-03-03T01:16:24.457+0000] {logging_mixin.py:149} INFO - [2026-03-03T01:16:24.457+0000] {dagbag.py:541} INFO - Filling up the DagBag from /home/airflow/.local/lib/python3.7/site-packages/airflow/example_dags/example_branch_operator_decorator.py
[2026-03-03T01:16:24.486+0000] {processor.py:809} INFO - DAG(s) dict_keys(['example_branch_python_operator_decorator']) retrieved from /home/airflow/.local/lib/python3.7/site-packages/airflow/example_dags/example_branch_operator_decorator.py
[2026-03-03T01:16:24.560+0000] {logging_mixin.py:149} INFO - [2026-03-03T01:16:24.559+0000] {dag.py:2726} INFO - Sync 1 DAGs
[2026-03-03T01:16:24.636+0000] {logging_mixin.py:149} INFO - [2026-03-03T01:16:24.635+0000] {dag.py:3490} INFO - Setting next_dagrun for example_branch_python_operator_decorator to 2026-03-02T00:00:00+00:00, run_after=2026-03-03T00:00:00+00:00
[2026-03-03T01:16:24.695+0000] {processor.py:178} INFO - Processing /home/airflow/.local/lib/python3.7/site-packages/airflow/example_dags/example_branch_operator_decorator.py took 0.251 seconds
[2026-03-03T01:16:55.121+0000] {processor.py:156} INFO - Started process (PID=1226) to work on /home/airflow/.local/lib/python3.7/site-packages/airflow/example_dags/example_branch_operator_decorator.py
[2026-03-03T01:16:55.122+0000] {processor.py:799} INFO - Processing file /home/airflow/.local/lib/python3.7/site-packages/airflow/example_dags/example_branch_operator_decorator.py for tasks to queue
[2026-03-03T01:16:55.124+0000] {logging_mixin.py:149} INFO - [2026-03-03T01:16:55.124+0000] {dagbag.py:541} INFO - Filling up the DagBag from /home/airflow/.local/lib/python3.7/site-packages/airflow/example_dags/example_branch_operator_decorator.py
[2026-03-03T01:16:55.143+0000] {processor.py:809} INFO - DAG(s) dict_keys(['example_branch_python_operator_decorator']) retrieved from /home/airflow/.local/lib/python3.7/site-packages/airflow/example_dags/example_branch_operator_decorator.py
[2026-03-03T01:16:55.187+0000] {logging_mixin.py:149} INFO - [2026-03-03T01:16:55.186+0000] {dag.py:2726} INFO - Sync 1 DAGs
[2026-03-03T01:16:55.239+0000] {logging_mixin.py:149} INFO - [2026-03-03T01:16:55.239+0000] {dag.py:3490} INFO - Setting next_dagrun for example_branch_python_operator_decorator to 2026-03-02T00:00:00+00:00, run_after=2026-03-03T00:00:00+00:00
[2026-03-03T01:16:55.275+0000] {processor.py:178} INFO - Processing /home/airflow/.local/lib/python3.7/site-packages/airflow/example_dags/example_branch_operator_decorator.py took 0.160 seconds
[2026-03-03T01:17:25.425+0000] {processor.py:156} INFO - Started process (PID=1288) to work on /home/airflow/.local/lib/python3.7/site-packages/airflow/example_dags/example_branch_operator_decorator.py
[2026-03-03T01:17:25.426+0000] {processor.py:799} INFO - Processing file /home/airflow/.local/lib/python3.7/site-packages/airflow/example_dags/example_branch_operator_decorator.py for tasks to queue
[2026-03-03T01:17:25.426+0000] {logging_mixin.py:149} INFO - [2026-03-03T01:17:25.426+0000] {dagbag.py:541} INFO - Filling up the DagBag from /home/airflow/.local/lib/python3.7/site-packages/airflow/example_dags/example_branch_operator_decorator.py
[2026-03-03T01:17:25.432+0000] {processor.py:809} INFO - DAG(s) dict_keys(['example_branch_python_operator_decorator']) retrieved from /home/airflow/.local/lib/python3.7/site-packages/airflow/example_dags/example_branch_operator_decorator.py
[2026-03-03T01:17:25.448+0000] {logging_mixin.py:149} INFO - [2026-03-03T01:17:25.447+0000] {dag.py:2726} INFO - Sync 1 DAGs
[2026-03-03T01:17:25.462+0000] {logging_mixin.py:149} INFO - [2026-03-03T01:17:25.462+0000] {dag.py:3490} INFO - Setting next_dagrun for example_branch_python_operator_decorator to 2026-03-02T00:00:00+00:00, run_after=2026-03-03T00:00:00+00:00
[2026-03-03T01:17:25.472+0000] {processor.py:178} INFO - Processing /home/airflow/.local/lib/python3.7/site-packages/airflow/example_dags/example_branch_operator_decorator.py took 0.049 seconds
[2026-03-03T01:17:56.337+0000] {processor.py:156} INFO - Started process (PID=1350) to work on /home/airflow/.local/lib/python3.7/site-packages/airflow/example_dags/example_branch_operator_decorator.py
[2026-03-03T01:17:56.338+0000] {processor.py:799} INFO - Processing file /home/airflow/.local/lib/python3.7/site-packages/airflow/example_dags/example_branch_operator_decorator.py for tasks to queue
[2026-03-03T01:17:56.339+0000] {logging_mixin.py:149} INFO - [2026-03-03T01:17:56.339+0000] {dagbag.py:541} INFO - Filling up the DagBag from /home/airflow/.local/lib/python3.7/site-packages/airflow/example_dags/example_branch_operator_decorator.py
[2026-03-03T01:17:56.345+0000] {processor.py:809} INFO - DAG(s) dict_keys(['example_branch_python_operator_decorator']) retrieved from /home/airflow/.local/lib/python3.7/site-packages/airflow/example_dags/example_branch_operator_decorator.py
[2026-03-03T01:17:56.361+0000] {logging_mixin.py:149} INFO - [2026-03-03T01:17:56.361+0000] {dag.py:2726} INFO - Sync 1 DAGs
[2026-03-03T01:17:56.379+0000] {logging_mixin.py:149} INFO - [2026-03-03T01:17:56.379+0000] {dag.py:3490} INFO - Setting next_dagrun for example_branch_python_operator_decorator to 2026-03-02T00:00:00+00:00, run_after=2026-03-03T00:00:00+00:00
[2026-03-03T01:17:56.388+0000] {processor.py:178} INFO - Processing /home/airflow/.local/lib/python3.7/site-packages/airflow/example_dags/example_branch_operator_decorator.py took 0.054 seconds
[2026-03-03T01:18:27.338+0000] {processor.py:156} INFO - Started process (PID=1412) to work on /home/airflow/.local/lib/python3.7/site-packages/airflow/example_dags/example_branch_operator_decorator.py
[2026-03-03T01:18:27.340+0000] {processor.py:799} INFO - Processing file /home/airflow/.local/lib/python3.7/site-packages/airflow/example_dags/example_branch_operator_decorator.py for tasks to queue
[2026-03-03T01:18:27.342+0000] {logging_mixin.py:149} INFO - [2026-03-03T01:18:27.342+0000] {dagbag.py:541} INFO - Filling up the DagBag from /home/airflow/.local/lib/python3.7/site-packages/airflow/example_dags/example_branch_operator_decorator.py
[2026-03-03T01:18:27.365+0000] {processor.py:809} INFO - DAG(s) dict_keys(['example_branch_python_operator_decorator']) retrieved from /home/airflow/.local/lib/python3.7/site-packages/airflow/example_dags/example_branch_operator_decorator.py
[2026-03-03T01:18:27.424+0000] {logging_mixin.py:149} INFO - [2026-03-03T01:18:27.424+0000] {dag.py:2726} INFO - Sync 1 DAGs
[2026-03-03T01:18:27.493+0000] {logging_mixin.py:149} INFO - [2026-03-03T01:18:27.492+0000] {dag.py:3490} INFO - Setting next_dagrun for example_branch_python_operator_decorator to 2026-03-02T00:00:00+00:00, run_after=2026-03-03T00:00:00+00:00
[2026-03-03T01:18:27.546+0000] {processor.py:178} INFO - Processing /home/airflow/.local/lib/python3.7/site-packages/airflow/example_dags/example_branch_operator_decorator.py took 0.215 seconds
[2026-03-03T01:18:57.703+0000] {processor.py:156} INFO - Started process (PID=1474) to work on /home/airflow/.local/lib/python3.7/site-packages/airflow/example_dags/example_branch_operator_decorator.py
[2026-03-03T01:18:57.704+0000] {processor.py:799} INFO - Processing file /home/airflow/.local/lib/python3.7/site-packages/airflow/example_dags/example_branch_operator_decorator.py for tasks to queue
[2026-03-03T01:18:57.706+0000] {logging_mixin.py:149} INFO - [2026-03-03T01:18:57.706+0000] {dagbag.py:541} INFO - Filling up the DagBag from /home/airflow/.local/lib/python3.7/site-packages/airflow/example_dags/example_branch_operator_decorator.py
[2026-03-03T01:18:57.726+0000] {processor.py:809} INFO - DAG(s) dict_keys(['example_branch_python_operator_decorator']) retrieved from /home/airflow/.local/lib/python3.7/site-packages/airflow/example_dags/example_branch_operator_decorator.py
[2026-03-03T01:18:57.805+0000] {logging_mixin.py:149} INFO - [2026-03-03T01:18:57.804+0000] {dag.py:2726} INFO - Sync 1 DAGs
[2026-03-03T01:18:57.877+0000] {logging_mixin.py:149} INFO - [2026-03-03T01:18:57.877+0000] {dag.py:3490} INFO - Setting next_dagrun for example_branch_python_operator_decorator to 2026-03-02T00:00:00+00:00, run_after=2026-03-03T00:00:00+00:00
[2026-03-03T01:18:57.933+0000] {processor.py:178} INFO - Processing /home/airflow/.local/lib/python3.7/site-packages/airflow/example_dags/example_branch_operator_decorator.py took 0.237 seconds
[2026-03-03T01:19:28.584+0000] {processor.py:156} INFO - Started process (PID=1536) to work on /home/airflow/.local/lib/python3.7/site-packages/airflow/example_dags/example_branch_operator_decorator.py
[2026-03-03T01:19:28.585+0000] {processor.py:799} INFO - Processing file /home/airflow/.local/lib/python3.7/site-packages/airflow/example_dags/example_branch_operator_decorator.py for tasks to queue
[2026-03-03T01:19:28.586+0000] {logging_mixin.py:149} INFO - [2026-03-03T01:19:28.585+0000] {dagbag.py:541} INFO - Filling up the DagBag from /home/airflow/.local/lib/python3.7/site-packages/airflow/example_dags/example_branch_operator_decorator.py
[2026-03-03T01:19:28.593+0000] {processor.py:809} INFO - DAG(s) dict_keys(['example_branch_python_operator_decorator']) retrieved from /home/airflow/.local/lib/python3.7/site-packages/airflow/example_dags/example_branch_operator_decorator.py
[2026-03-03T01:19:28.609+0000] {logging_mixin.py:149} INFO - [2026-03-03T01:19:28.609+0000] {dag.py:2726} INFO - Sync 1 DAGs
[2026-03-03T01:19:28.623+0000] {logging_mixin.py:149} INFO - [2026-03-03T01:19:28.623+0000] {dag.py:3490} INFO - Setting next_dagrun for example_branch_python_operator_decorator to 2026-03-02T00:00:00+00:00, run_after=2026-03-03T00:00:00+00:00
[2026-03-03T01:19:28.632+0000] {processor.py:178} INFO - Processing /home/airflow/.local/lib/python3.7/site-packages/airflow/example_dags/example_branch_operator_decorator.py took 0.050 seconds
[2026-03-03T01:19:59.330+0000] {processor.py:156} INFO - Started process (PID=1598) to work on /home/airflow/.local/lib/python3.7/site-packages/airflow/example_dags/example_branch_operator_decorator.py
[2026-03-03T01:19:59.331+0000] {processor.py:799} INFO - Processing file /home/airflow/.local/lib/python3.7/site-packages/airflow/example_dags/example_branch_operator_decorator.py for tasks to queue
[2026-03-03T01:19:59.331+0000] {logging_mixin.py:149} INFO - [2026-03-03T01:19:59.331+0000] {dagbag.py:541} INFO - Filling up the DagBag from /home/airflow/.local/lib/python3.7/site-packages/airflow/example_dags/example_branch_operator_decorator.py
[2026-03-03T01:19:59.337+0000] {processor.py:809} INFO - DAG(s) dict_keys(['example_branch_python_operator_decorator']) retrieved from /home/airflow/.local/lib/python3.7/site-packages/airflow/example_dags/example_branch_operator_decorator.py
[2026-03-03T01:19:59.352+0000] {logging_mixin.py:149} INFO - [2026-03-03T01:19:59.351+0000] {dag.py:2726} INFO - Sync 1 DAGs
[2026-03-03T01:19:59.365+0000] {logging_mixin.py:149} INFO - [2026-03-03T01:19:59.365+0000] {dag.py:3490} INFO - Setting next_dagrun for example_branch_python_operator_decorator to 2026-03-02T00:00:00+00:00, run_after=2026-03-03T00:00:00+00:00
[2026-03-03T01:19:59.376+0000] {processor.py:178} INFO - Processing /home/airflow/.local/lib/python3.7/site-packages/airflow/example_dags/example_branch_operator_decorator.py took 0.048 seconds
[2026-03-03T01:20:30.015+0000] {processor.py:156} INFO - Started process (PID=1660) to work on /home/airflow/.local/lib/python3.7/site-packages/airflow/example_dags/example_branch_operator_decorator.py
[2026-03-03T01:20:30.016+0000] {processor.py:799} INFO - Processing file /home/airflow/.local/lib/python3.7/site-packages/airflow/example_dags/example_branch_operator_decorator.py for tasks to queue
[2026-03-03T01:20:30.016+0000] {logging_mixin.py:149} INFO - [2026-03-03T01:20:30.016+0000] {dagbag.py:541} INFO - Filling up the DagBag from /home/airflow/.local/lib/python3.7/site-packages/airflow/example_dags/example_branch_operator_decorator.py
[2026-03-03T01:20:30.023+0000] {processor.py:809} INFO - DAG(s) dict_keys(['example_branch_python_operator_decorator']) retrieved from /home/airflow/.local/lib/python3.7/site-packages/airflow/example_dags/example_branch_operator_decorator.py
[2026-03-03T01:20:30.039+0000] {logging_mixin.py:149} INFO - [2026-03-03T01:20:30.039+0000] {dag.py:2726} INFO - Sync 1 DAGs
[2026-03-03T01:20:30.052+0000] {logging_mixin.py:149} INFO - [2026-03-03T01:20:30.051+0000] {dag.py:3490} INFO - Setting next_dagrun for example_branch_python_operator_decorator to 2026-03-02T00:00:00+00:00, run_after=2026-03-03T00:00:00+00:00
[2026-03-03T01:20:30.062+0000] {processor.py:178} INFO - Processing /home/airflow/.local/lib/python3.7/site-packages/airflow/example_dags/example_branch_operator_decorator.py took 0.050 seconds
[2026-03-03T01:21:00.665+0000] {processor.py:156} INFO - Started process (PID=1722) to work on /home/airflow/.local/lib/python3.7/site-packages/airflow/example_dags/example_branch_operator_decorator.py
[2026-03-03T01:21:00.665+0000] {processor.py:799} INFO - Processing file /home/airflow/.local/lib/python3.7/site-packages/airflow/example_dags/example_branch_operator_decorator.py for tasks to queue
[2026-03-03T01:21:00.666+0000] {logging_mixin.py:149} INFO - [2026-03-03T01:21:00.666+0000] {dagbag.py:541} INFO - Filling up the DagBag from /home/airflow/.local/lib/python3.7/site-packages/airflow/example_dags/example_branch_operator_decorator.py
[2026-03-03T01:21:00.672+0000] {processor.py:809} INFO - DAG(s) dict_keys(['example_branch_python_operator_decorator']) retrieved from /home/airflow/.local/lib/python3.7/site-packages/airflow/example_dags/example_branch_operator_decorator.py
[2026-03-03T01:21:00.688+0000] {logging_mixin.py:149} INFO - [2026-03-03T01:21:00.688+0000] {dag.py:2726} INFO - Sync 1 DAGs
[2026-03-03T01:21:00.703+0000] {logging_mixin.py:149} INFO - [2026-03-03T01:21:00.703+0000] {dag.py:3490} INFO - Setting next_dagrun for example_branch_python_operator_decorator to 2026-03-02T00:00:00+00:00, run_after=2026-03-03T00:00:00+00:00
[2026-03-03T01:21:00.712+0000] {processor.py:178} INFO - Processing /home/airflow/.local/lib/python3.7/site-packages/airflow/example_dags/example_branch_operator_decorator.py took 0.050 seconds
[2026-03-03T01:21:31.308+0000] {processor.py:156} INFO - Started process (PID=1784) to work on /home/airflow/.local/lib/python3.7/site-packages/airflow/example_dags/example_branch_operator_decorator.py
[2026-03-03T01:21:31.309+0000] {processor.py:799} INFO - Processing file /home/airflow/.local/lib/python3.7/site-packages/airflow/example_dags/example_branch_operator_decorator.py for tasks to queue
[2026-03-03T01:21:31.310+0000] {logging_mixin.py:149} INFO - [2026-03-03T01:21:31.310+0000] {dagbag.py:541} INFO - Filling up the DagBag from /home/airflow/.local/lib/python3.7/site-packages/airflow/example_dags/example_branch_operator_decorator.py
[2026-03-03T01:21:31.316+0000] {processor.py:809} INFO - DAG(s) dict_keys(['example_branch_python_operator_decorator']) retrieved from /home/airflow/.local/lib/python3.7/site-packages/airflow/example_dags/example_branch_operator_decorator.py
[2026-03-03T01:21:31.332+0000] {logging_mixin.py:149} INFO - [2026-03-03T01:21:31.332+0000] {dag.py:2726} INFO - Sync 1 DAGs
[2026-03-03T01:21:31.345+0000] {logging_mixin.py:149} INFO - [2026-03-03T01:21:31.344+0000] {dag.py:3490} INFO - Setting next_dagrun for example_branch_python_operator_decorator to 2026-03-02T00:00:00+00:00, run_after=2026-03-03T00:00:00+00:00
[2026-03-03T01:21:31.353+0000] {processor.py:178} INFO - Processing /home/airflow/.local/lib/python3.7/site-packages/airflow/example_dags/example_branch_operator_decorator.py took 0.047 seconds
[2026-03-03T01:22:02.049+0000] {processor.py:156} INFO - Started process (PID=1846) to work on /home/airflow/.local/lib/python3.7/site-packages/airflow/example_dags/example_branch_operator_decorator.py
[2026-03-03T01:22:02.051+0000] {processor.py:799} INFO - Processing file /home/airflow/.local/lib/python3.7/site-packages/airflow/example_dags/example_branch_operator_decorator.py for tasks to queue
[2026-03-03T01:22:02.053+0000] {logging_mixin.py:149} INFO - [2026-03-03T01:22:02.053+0000] {dagbag.py:541} INFO - Filling up the DagBag from /home/airflow/.local/lib/python3.7/site-packages/airflow/example_dags/example_branch_operator_decorator.py
[2026-03-03T01:22:02.075+0000] {processor.py:809} INFO - DAG(s) dict_keys(['example_branch_python_operator_decorator']) retrieved from /home/airflow/.local/lib/python3.7/site-packages/airflow/example_dags/example_branch_operator_decorator.py
[2026-03-03T01:22:02.137+0000] {logging_mixin.py:149} INFO - [2026-03-03T01:22:02.137+0000] {dag.py:2726} INFO - Sync 1 DAGs
[2026-03-03T01:22:02.203+0000] {logging_mixin.py:149} INFO - [2026-03-03T01:22:02.202+0000] {dag.py:3490} INFO - Setting next_dagrun for example_branch_python_operator_decorator to 2026-03-02T00:00:00+00:00, run_after=2026-03-03T00:00:00+00:00
[2026-03-03T01:22:02.258+0000] {processor.py:178} INFO - Processing /home/airflow/.local/lib/python3.7/site-packages/airflow/example_dags/example_branch_operator_decorator.py took 0.216 seconds
[2026-03-03T01:22:32.404+0000] {processor.py:156} INFO - Started process (PID=1907) to work on /home/airflow/.local/lib/python3.7/site-packages/airflow/example_dags/example_branch_operator_decorator.py
[2026-03-03T01:22:32.407+0000] {processor.py:799} INFO - Processing file /home/airflow/.local/lib/python3.7/site-packages/airflow/example_dags/example_branch_operator_decorator.py for tasks to queue
[2026-03-03T01:22:32.410+0000] {logging_mixin.py:149} INFO - [2026-03-03T01:22:32.410+0000] {dagbag.py:541} INFO - Filling up the DagBag from /home/airflow/.local/lib/python3.7/site-packages/airflow/example_dags/example_branch_operator_decorator.py
[2026-03-03T01:22:32.438+0000] {processor.py:809} INFO - DAG(s) dict_keys(['example_branch_python_operator_decorator']) retrieved from /home/airflow/.local/lib/python3.7/site-packages/airflow/example_dags/example_branch_operator_decorator.py
[2026-03-03T01:22:32.520+0000] {logging_mixin.py:149} INFO - [2026-03-03T01:22:32.520+0000] {dag.py:2726} INFO - Sync 1 DAGs
[2026-03-03T01:22:32.597+0000] {logging_mixin.py:149} INFO - [2026-03-03T01:22:32.597+0000] {dag.py:3490} INFO - Setting next_dagrun for example_branch_python_operator_decorator to 2026-03-02T00:00:00+00:00, run_after=2026-03-03T00:00:00+00:00
[2026-03-03T01:22:32.664+0000] {processor.py:178} INFO - Processing /home/airflow/.local/lib/python3.7/site-packages/airflow/example_dags/example_branch_operator_decorator.py took 0.270 seconds
[2026-03-03T01:23:02.758+0000] {processor.py:156} INFO - Started process (PID=1969) to work on /home/airflow/.local/lib/python3.7/site-packages/airflow/example_dags/example_branch_operator_decorator.py
[2026-03-03T01:23:02.759+0000] {processor.py:799} INFO - Processing file /home/airflow/.local/lib/python3.7/site-packages/airflow/example_dags/example_branch_operator_decorator.py for tasks to queue
[2026-03-03T01:23:02.759+0000] {logging_mixin.py:149} INFO - [2026-03-03T01:23:02.759+0000] {dagbag.py:541} INFO - Filling up the DagBag from /home/airflow/.local/lib/python3.7/site-packages/airflow/example_dags/example_branch_operator_decorator.py
[2026-03-03T01:23:02.765+0000] {processor.py:809} INFO - DAG(s) dict_keys(['example_branch_python_operator_decorator']) retrieved from /home/airflow/.local/lib/python3.7/site-packages/airflow/example_dags/example_branch_operator_decorator.py
[2026-03-03T01:23:02.782+0000] {logging_mixin.py:149} INFO - [2026-03-03T01:23:02.781+0000] {dag.py:2726} INFO - Sync 1 DAGs
[2026-03-03T01:23:02.805+0000] {logging_mixin.py:149} INFO - [2026-03-03T01:23:02.805+0000] {dag.py:3490} INFO - Setting next_dagrun for example_branch_python_operator_decorator to 2026-03-02T00:00:00+00:00, run_after=2026-03-03T00:00:00+00:00
[2026-03-03T01:23:02.820+0000] {processor.py:178} INFO - Processing /home/airflow/.local/lib/python3.7/site-packages/airflow/example_dags/example_branch_operator_decorator.py took 0.068 seconds
[2026-03-03T01:23:33.428+0000] {processor.py:156} INFO - Started process (PID=2031) to work on /home/airflow/.local/lib/python3.7/site-packages/airflow/example_dags/example_branch_operator_decorator.py
[2026-03-03T01:23:33.432+0000] {processor.py:799} INFO - Processing file /home/airflow/.local/lib/python3.7/site-packages/airflow/example_dags/example_branch_operator_decorator.py for tasks to queue
[2026-03-03T01:23:33.435+0000] {logging_mixin.py:149} INFO - [2026-03-03T01:23:33.435+0000] {dagbag.py:541} INFO - Filling up the DagBag from /home/airflow/.local/lib/python3.7/site-packages/airflow/example_dags/example_branch_operator_decorator.py
[2026-03-03T01:23:33.463+0000] {processor.py:809} INFO - DAG(s) dict_keys(['example_branch_python_operator_decorator']) retrieved from /home/airflow/.local/lib/python3.7/site-packages/airflow/example_dags/example_branch_operator_decorator.py
[2026-03-03T01:23:33.539+0000] {logging_mixin.py:149} INFO - [2026-03-03T01:23:33.538+0000] {dag.py:2726} INFO - Sync 1 DAGs
[2026-03-03T01:23:33.626+0000] {logging_mixin.py:149} INFO - [2026-03-03T01:23:33.625+0000] {dag.py:3490} INFO - Setting next_dagrun for example_branch_python_operator_decorator to 2026-03-02T00:00:00+00:00, run_after=2026-03-03T00:00:00+00:00
[2026-03-03T01:23:33.684+0000] {processor.py:178} INFO - Processing /home/airflow/.local/lib/python3.7/site-packages/airflow/example_dags/example_branch_operator_decorator.py took 0.261 seconds
[2026-03-03T01:24:04.709+0000] {processor.py:156} INFO - Started process (PID=2093) to work on /home/airflow/.local/lib/python3.7/site-packages/airflow/example_dags/example_branch_operator_decorator.py
[2026-03-03T01:24:04.712+0000] {processor.py:799} INFO - Processing file /home/airflow/.local/lib/python3.7/site-packages/airflow/example_dags/example_branch_operator_decorator.py for tasks to queue
[2026-03-03T01:24:04.715+0000] {logging_mixin.py:149} INFO - [2026-03-03T01:24:04.714+0000] {dagbag.py:541} INFO - Filling up the DagBag from /home/airflow/.local/lib/python3.7/site-packages/airflow/example_dags/example_branch_operator_decorator.py
[2026-03-03T01:24:04.740+0000] {processor.py:809} INFO - DAG(s) dict_keys(['example_branch_python_operator_decorator']) retrieved from /home/airflow/.local/lib/python3.7/site-packages/airflow/example_dags/example_branch_operator_decorator.py
[2026-03-03T01:24:04.803+0000] {logging_mixin.py:149} INFO - [2026-03-03T01:24:04.802+0000] {dag.py:2726} INFO - Sync 1 DAGs
[2026-03-03T01:24:04.882+0000] {logging_mixin.py:149} INFO - [2026-03-03T01:24:04.881+0000] {dag.py:3490} INFO - Setting next_dagrun for example_branch_python_operator_decorator to 2026-03-02T00:00:00+00:00, run_after=2026-03-03T00:00:00+00:00
[2026-03-03T01:24:04.942+0000] {processor.py:178} INFO - Processing /home/airflow/.local/lib/python3.7/site-packages/airflow/example_dags/example_branch_operator_decorator.py took 0.240 seconds
[2026-03-03T01:24:35.680+0000] {processor.py:156} INFO - Started process (PID=2155) to work on /home/airflow/.local/lib/python3.7/site-packages/airflow/example_dags/example_branch_operator_decorator.py
[2026-03-03T01:24:35.683+0000] {processor.py:799} INFO - Processing file /home/airflow/.local/lib/python3.7/site-packages/airflow/example_dags/example_branch_operator_decorator.py for tasks to queue
[2026-03-03T01:24:35.688+0000] {logging_mixin.py:149} INFO - [2026-03-03T01:24:35.687+0000] {dagbag.py:541} INFO - Filling up the DagBag from /home/airflow/.local/lib/python3.7/site-packages/airflow/example_dags/example_branch_operator_decorator.py
[2026-03-03T01:24:35.714+0000] {processor.py:809} INFO - DAG(s) dict_keys(['example_branch_python_operator_decorator']) retrieved from /home/airflow/.local/lib/python3.7/site-packages/airflow/example_dags/example_branch_operator_decorator.py
[2026-03-03T01:24:35.781+0000] {logging_mixin.py:149} INFO - [2026-03-03T01:24:35.781+0000] {dag.py:2726} INFO - Sync 1 DAGs
[2026-03-03T01:24:35.843+0000] {logging_mixin.py:149} INFO - [2026-03-03T01:24:35.843+0000] {dag.py:3490} INFO - Setting next_dagrun for example_branch_python_operator_decorator to 2026-03-02T00:00:00+00:00, run_after=2026-03-03T00:00:00+00:00
[2026-03-03T01:24:35.900+0000] {processor.py:178} INFO - Processing /home/airflow/.local/lib/python3.7/site-packages/airflow/example_dags/example_branch_operator_decorator.py took 0.227 seconds
[2026-03-03T01:25:06.598+0000] {processor.py:156} INFO - Started process (PID=2217) to work on /home/airflow/.local/lib/python3.7/site-packages/airflow/example_dags/example_branch_operator_decorator.py
[2026-03-03T01:25:06.600+0000] {processor.py:799} INFO - Processing file /home/airflow/.local/lib/python3.7/site-packages/airflow/example_dags/example_branch_operator_decorator.py for tasks to queue
[2026-03-03T01:25:06.602+0000] {logging_mixin.py:149} INFO - [2026-03-03T01:25:06.602+0000] {dagbag.py:541} INFO - Filling up the DagBag from /home/airflow/.local/lib/python3.7/site-packages/airflow/example_dags/example_branch_operator_decorator.py
[2026-03-03T01:25:06.623+0000] {processor.py:809} INFO - DAG(s) dict_keys(['example_branch_python_operator_decorator']) retrieved from /home/airflow/.local/lib/python3.7/site-packages/airflow/example_dags/example_branch_operator_decorator.py
[2026-03-03T01:25:06.684+0000] {logging_mixin.py:149} INFO - [2026-03-03T01:25:06.684+0000] {dag.py:2726} INFO - Sync 1 DAGs
[2026-03-03T01:25:06.752+0000] {logging_mixin.py:149} INFO - [2026-03-03T01:25:06.752+0000] {dag.py:3490} INFO - Setting next_dagrun for example_branch_python_operator_decorator to 2026-03-02T00:00:00+00:00, run_after=2026-03-03T00:00:00+00:00
[2026-03-03T01:25:06.795+0000] {processor.py:178} INFO - Processing /home/airflow/.local/lib/python3.7/site-packages/airflow/example_dags/example_branch_operator_decorator.py took 0.204 seconds
[2026-03-03T01:25:37.117+0000] {processor.py:156} INFO - Started process (PID=2279) to work on /home/airflow/.local/lib/python3.7/site-packages/airflow/example_dags/example_branch_operator_decorator.py
[2026-03-03T01:25:37.120+0000] {processor.py:799} INFO - Processing file /home/airflow/.local/lib/python3.7/site-packages/airflow/example_dags/example_branch_operator_decorator.py for tasks to queue
[2026-03-03T01:25:37.120+0000] {logging_mixin.py:149} INFO - [2026-03-03T01:25:37.120+0000] {dagbag.py:541} INFO - Filling up the DagBag from /home/airflow/.local/lib/python3.7/site-packages/airflow/example_dags/example_branch_operator_decorator.py
[2026-03-03T01:25:37.126+0000] {processor.py:809} INFO - DAG(s) dict_keys(['example_branch_python_operator_decorator']) retrieved from /home/airflow/.local/lib/python3.7/site-packages/airflow/example_dags/example_branch_operator_decorator.py
[2026-03-03T01:25:37.142+0000] {logging_mixin.py:149} INFO - [2026-03-03T01:25:37.142+0000] {dag.py:2726} INFO - Sync 1 DAGs
[2026-03-03T01:25:37.154+0000] {logging_mixin.py:149} INFO - [2026-03-03T01:25:37.154+0000] {dag.py:3490} INFO - Setting next_dagrun for example_branch_python_operator_decorator to 2026-03-02T00:00:00+00:00, run_after=2026-03-03T00:00:00+00:00
[2026-03-03T01:25:37.164+0000] {processor.py:178} INFO - Processing /home/airflow/.local/lib/python3.7/site-packages/airflow/example_dags/example_branch_operator_decorator.py took 0.049 seconds
[2026-03-03T01:26:07.867+0000] {processor.py:156} INFO - Started process (PID=2341) to work on /home/airflow/.local/lib/python3.7/site-packages/airflow/example_dags/example_branch_operator_decorator.py
[2026-03-03T01:26:07.868+0000] {processor.py:799} INFO - Processing file /home/airflow/.local/lib/python3.7/site-packages/airflow/example_dags/example_branch_operator_decorator.py for tasks to queue
[2026-03-03T01:26:07.869+0000] {logging_mixin.py:149} INFO - [2026-03-03T01:26:07.869+0000] {dagbag.py:541} INFO - Filling up the DagBag from /home/airflow/.local/lib/python3.7/site-packages/airflow/example_dags/example_branch_operator_decorator.py
[2026-03-03T01:26:07.876+0000] {processor.py:809} INFO - DAG(s) dict_keys(['example_branch_python_operator_decorator']) retrieved from /home/airflow/.local/lib/python3.7/site-packages/airflow/example_dags/example_branch_operator_decorator.py
[2026-03-03T01:26:07.892+0000] {logging_mixin.py:149} INFO - [2026-03-03T01:26:07.892+0000] {dag.py:2726} INFO - Sync 1 DAGs
[2026-03-03T01:26:07.906+0000] {logging_mixin.py:149} INFO - [2026-03-03T01:26:07.905+0000] {dag.py:3490} INFO - Setting next_dagrun for example_branch_python_operator_decorator to 2026-03-02T00:00:00+00:00, run_after=2026-03-03T00:00:00+00:00
[2026-03-03T01:26:07.913+0000] {processor.py:178} INFO - Processing /home/airflow/.local/lib/python3.7/site-packages/airflow/example_dags/example_branch_operator_decorator.py took 0.048 seconds
[2026-03-03T01:26:38.379+0000] {processor.py:156} INFO - Started process (PID=2403) to work on /home/airflow/.local/lib/python3.7/site-packages/airflow/example_dags/example_branch_operator_decorator.py
[2026-03-03T01:26:38.380+0000] {processor.py:799} INFO - Processing file /home/airflow/.local/lib/python3.7/site-packages/airflow/example_dags/example_branch_operator_decorator.py for tasks to queue
[2026-03-03T01:26:38.382+0000] {logging_mixin.py:149} INFO - [2026-03-03T01:26:38.382+0000] {dagbag.py:541} INFO - Filling up the DagBag from /home/airflow/.local/lib/python3.7/site-packages/airflow/example_dags/example_branch_operator_decorator.py
[2026-03-03T01:26:38.390+0000] {processor.py:809} INFO - DAG(s) dict_keys(['example_branch_python_operator_decorator']) retrieved from /home/airflow/.local/lib/python3.7/site-packages/airflow/example_dags/example_branch_operator_decorator.py
[2026-03-03T01:26:38.408+0000] {logging_mixin.py:149} INFO - [2026-03-03T01:26:38.407+0000] {dag.py:2726} INFO - Sync 1 DAGs
[2026-03-03T01:26:38.425+0000] {logging_mixin.py:149} INFO - [2026-03-03T01:26:38.425+0000] {dag.py:3490} INFO - Setting next_dagrun for example_branch_python_operator_decorator to 2026-03-02T00:00:00+00:00, run_after=2026-03-03T00:00:00+00:00
[2026-03-03T01:26:38.433+0000] {processor.py:178} INFO - Processing /home/airflow/.local/lib/python3.7/site-packages/airflow/example_dags/example_branch_operator_decorator.py took 0.056 seconds
[2026-03-03T01:27:09.290+0000] {processor.py:156} INFO - Started process (PID=2464) to work on /home/airflow/.local/lib/python3.7/site-packages/airflow/example_dags/example_branch_operator_decorator.py
[2026-03-03T01:27:09.291+0000] {processor.py:799} INFO - Processing file /home/airflow/.local/lib/python3.7/site-packages/airflow/example_dags/example_branch_operator_decorator.py for tasks to queue
[2026-03-03T01:27:09.291+0000] {logging_mixin.py:149} INFO - [2026-03-03T01:27:09.291+0000] {dagbag.py:541} INFO - Filling up the DagBag from /home/airflow/.local/lib/python3.7/site-packages/airflow/example_dags/example_branch_operator_decorator.py
[2026-03-03T01:27:09.296+0000] {processor.py:809} INFO - DAG(s) dict_keys(['example_branch_python_operator_decorator']) retrieved from /home/airflow/.local/lib/python3.7/site-packages/airflow/example_dags/example_branch_operator_decorator.py
[2026-03-03T01:27:09.307+0000] {logging_mixin.py:149} INFO - [2026-03-03T01:27:09.307+0000] {dag.py:2726} INFO - Sync 1 DAGs
[2026-03-03T01:27:09.318+0000] {logging_mixin.py:149} INFO - [2026-03-03T01:27:09.317+0000] {dag.py:3490} INFO - Setting next_dagrun for example_branch_python_operator_decorator to 2026-03-02T00:00:00+00:00, run_after=2026-03-03T00:00:00+00:00
[2026-03-03T01:27:09.325+0000] {processor.py:178} INFO - Processing /home/airflow/.local/lib/python3.7/site-packages/airflow/example_dags/example_branch_operator_decorator.py took 0.036 seconds
[2026-03-03T01:27:40.348+0000] {processor.py:156} INFO - Started process (PID=2526) to work on /home/airflow/.local/lib/python3.7/site-packages/airflow/example_dags/example_branch_operator_decorator.py
[2026-03-03T01:27:40.351+0000] {processor.py:799} INFO - Processing file /home/airflow/.local/lib/python3.7/site-packages/airflow/example_dags/example_branch_operator_decorator.py for tasks to queue
[2026-03-03T01:27:40.355+0000] {logging_mixin.py:149} INFO - [2026-03-03T01:27:40.354+0000] {dagbag.py:541} INFO - Filling up the DagBag from /home/airflow/.local/lib/python3.7/site-packages/airflow/example_dags/example_branch_operator_decorator.py
[2026-03-03T01:27:40.396+0000] {processor.py:809} INFO - DAG(s) dict_keys(['example_branch_python_operator_decorator']) retrieved from /home/airflow/.local/lib/python3.7/site-packages/airflow/example_dags/example_branch_operator_decorator.py
[2026-03-03T01:27:40.502+0000] {logging_mixin.py:149} INFO - [2026-03-03T01:27:40.501+0000] {dag.py:2726} INFO - Sync 1 DAGs
[2026-03-03T01:27:40.604+0000] {logging_mixin.py:149} INFO - [2026-03-03T01:27:40.603+0000] {dag.py:3490} INFO - Setting next_dagrun for example_branch_python_operator_decorator to 2026-03-02T00:00:00+00:00, run_after=2026-03-03T00:00:00+00:00
[2026-03-03T01:27:40.689+0000] {processor.py:178} INFO - Processing /home/airflow/.local/lib/python3.7/site-packages/airflow/example_dags/example_branch_operator_decorator.py took 0.350 seconds
[2026-03-03T01:28:10.732+0000] {processor.py:156} INFO - Started process (PID=2589) to work on /home/airflow/.local/lib/python3.7/site-packages/airflow/example_dags/example_branch_operator_decorator.py
[2026-03-03T01:28:10.733+0000] {processor.py:799} INFO - Processing file /home/airflow/.local/lib/python3.7/site-packages/airflow/example_dags/example_branch_operator_decorator.py for tasks to queue
[2026-03-03T01:28:10.733+0000] {logging_mixin.py:149} INFO - [2026-03-03T01:28:10.733+0000] {dagbag.py:541} INFO - Filling up the DagBag from /home/airflow/.local/lib/python3.7/site-packages/airflow/example_dags/example_branch_operator_decorator.py
[2026-03-03T01:28:10.740+0000] {processor.py:809} INFO - DAG(s) dict_keys(['example_branch_python_operator_decorator']) retrieved from /home/airflow/.local/lib/python3.7/site-packages/airflow/example_dags/example_branch_operator_decorator.py
[2026-03-03T01:28:10.753+0000] {logging_mixin.py:149} INFO - [2026-03-03T01:28:10.753+0000] {dag.py:2726} INFO - Sync 1 DAGs
[2026-03-03T01:28:10.765+0000] {logging_mixin.py:149} INFO - [2026-03-03T01:28:10.765+0000] {dag.py:3490} INFO - Setting next_dagrun for example_branch_python_operator_decorator to 2026-03-02T00:00:00+00:00, run_after=2026-03-03T00:00:00+00:00
[2026-03-03T01:28:10.775+0000] {processor.py:178} INFO - Processing /home/airflow/.local/lib/python3.7/site-packages/airflow/example_dags/example_branch_operator_decorator.py took 0.045 seconds
[2026-03-03T01:28:41.801+0000] {processor.py:156} INFO - Started process (PID=2650) to work on /home/airflow/.local/lib/python3.7/site-packages/airflow/example_dags/example_branch_operator_decorator.py
[2026-03-03T01:28:41.803+0000] {processor.py:799} INFO - Processing file /home/airflow/.local/lib/python3.7/site-packages/airflow/example_dags/example_branch_operator_decorator.py for tasks to queue
[2026-03-03T01:28:41.807+0000] {logging_mixin.py:149} INFO - [2026-03-03T01:28:41.807+0000] {dagbag.py:541} INFO - Filling up the DagBag from /home/airflow/.local/lib/python3.7/site-packages/airflow/example_dags/example_branch_operator_decorator.py
[2026-03-03T01:28:41.832+0000] {processor.py:809} INFO - DAG(s) dict_keys(['example_branch_python_operator_decorator']) retrieved from /home/airflow/.local/lib/python3.7/site-packages/airflow/example_dags/example_branch_operator_decorator.py
[2026-03-03T01:28:41.891+0000] {logging_mixin.py:149} INFO - [2026-03-03T01:28:41.891+0000] {dag.py:2726} INFO - Sync 1 DAGs
[2026-03-03T01:28:41.966+0000] {logging_mixin.py:149} INFO - [2026-03-03T01:28:41.965+0000] {dag.py:3490} INFO - Setting next_dagrun for example_branch_python_operator_decorator to 2026-03-02T00:00:00+00:00, run_after=2026-03-03T00:00:00+00:00
[2026-03-03T01:28:42.017+0000] {processor.py:178} INFO - Processing /home/airflow/.local/lib/python3.7/site-packages/airflow/example_dags/example_branch_operator_decorator.py took 0.223 seconds
[2026-03-03T01:29:12.668+0000] {processor.py:156} INFO - Started process (PID=2712) to work on /home/airflow/.local/lib/python3.7/site-packages/airflow/example_dags/example_branch_operator_decorator.py
[2026-03-03T01:29:12.669+0000] {processor.py:799} INFO - Processing file /home/airflow/.local/lib/python3.7/site-packages/airflow/example_dags/example_branch_operator_decorator.py for tasks to queue
[2026-03-03T01:29:12.671+0000] {logging_mixin.py:149} INFO - [2026-03-03T01:29:12.671+0000] {dagbag.py:541} INFO - Filling up the DagBag from /home/airflow/.local/lib/python3.7/site-packages/airflow/example_dags/example_branch_operator_decorator.py
[2026-03-03T01:29:12.677+0000] {processor.py:809} INFO - DAG(s) dict_keys(['example_branch_python_operator_decorator']) retrieved from /home/airflow/.local/lib/python3.7/site-packages/airflow/example_dags/example_branch_operator_decorator.py
[2026-03-03T01:29:12.693+0000] {logging_mixin.py:149} INFO - [2026-03-03T01:29:12.693+0000] {dag.py:2726} INFO - Sync 1 DAGs
[2026-03-03T01:29:12.707+0000] {logging_mixin.py:149} INFO - [2026-03-03T01:29:12.707+0000] {dag.py:3490} INFO - Setting next_dagrun for example_branch_python_operator_decorator to 2026-03-02T00:00:00+00:00, run_after=2026-03-03T00:00:00+00:00
[2026-03-03T01:29:12.722+0000] {processor.py:178} INFO - Processing /home/airflow/.local/lib/python3.7/site-packages/airflow/example_dags/example_branch_operator_decorator.py took 0.056 seconds
[2026-03-03T01:29:43.839+0000] {processor.py:156} INFO - Started process (PID=2774) to work on /home/airflow/.local/lib/python3.7/site-packages/airflow/example_dags/example_branch_operator_decorator.py
[2026-03-03T01:29:43.842+0000] {processor.py:799} INFO - Processing file /home/airflow/.local/lib/python3.7/site-packages/airflow/example_dags/example_branch_operator_decorator.py for tasks to queue
[2026-03-03T01:29:43.844+0000] {logging_mixin.py:149} INFO - [2026-03-03T01:29:43.844+0000] {dagbag.py:541} INFO - Filling up the DagBag from /home/airflow/.local/lib/python3.7/site-packages/airflow/example_dags/example_branch_operator_decorator.py
[2026-03-03T01:29:43.873+0000] {processor.py:809} INFO - DAG(s) dict_keys(['example_branch_python_operator_decorator']) retrieved from /home/airflow/.local/lib/python3.7/site-packages/airflow/example_dags/example_branch_operator_decorator.py
[2026-03-03T01:29:43.947+0000] {logging_mixin.py:149} INFO - [2026-03-03T01:29:43.947+0000] {dag.py:2726} INFO - Sync 1 DAGs
[2026-03-03T01:29:44.035+0000] {logging_mixin.py:149} INFO - [2026-03-03T01:29:44.034+0000] {dag.py:3490} INFO - Setting next_dagrun for example_branch_python_operator_decorator to 2026-03-02T00:00:00+00:00, run_after=2026-03-03T00:00:00+00:00
[2026-03-03T01:29:44.103+0000] {processor.py:178} INFO - Processing /home/airflow/.local/lib/python3.7/site-packages/airflow/example_dags/example_branch_operator_decorator.py took 0.273 seconds
[2026-03-03T01:30:14.532+0000] {processor.py:156} INFO - Started process (PID=2835) to work on /home/airflow/.local/lib/python3.7/site-packages/airflow/example_dags/example_branch_operator_decorator.py
[2026-03-03T01:30:14.535+0000] {processor.py:799} INFO - Processing file /home/airflow/.local/lib/python3.7/site-packages/airflow/example_dags/example_branch_operator_decorator.py for tasks to queue
[2026-03-03T01:30:14.537+0000] {logging_mixin.py:149} INFO - [2026-03-03T01:30:14.537+0000] {dagbag.py:541} INFO - Filling up the DagBag from /home/airflow/.local/lib/python3.7/site-packages/airflow/example_dags/example_branch_operator_decorator.py
[2026-03-03T01:30:14.564+0000] {processor.py:809} INFO - DAG(s) dict_keys(['example_branch_python_operator_decorator']) retrieved from /home/airflow/.local/lib/python3.7/site-packages/airflow/example_dags/example_branch_operator_decorator.py
[2026-03-03T01:30:14.645+0000] {logging_mixin.py:149} INFO - [2026-03-03T01:30:14.644+0000] {dag.py:2726} INFO - Sync 1 DAGs
[2026-03-03T01:30:14.719+0000] {logging_mixin.py:149} INFO - [2026-03-03T01:30:14.718+0000] {dag.py:3490} INFO - Setting next_dagrun for example_branch_python_operator_decorator to 2026-03-02T00:00:00+00:00, run_after=2026-03-03T00:00:00+00:00
[2026-03-03T01:30:14.789+0000] {processor.py:178} INFO - Processing /home/airflow/.local/lib/python3.7/site-packages/airflow/example_dags/example_branch_operator_decorator.py took 0.265 seconds
[2026-03-03T01:30:44.999+0000] {processor.py:156} INFO - Started process (PID=2904) to work on /home/airflow/.local/lib/python3.7/site-packages/airflow/example_dags/example_branch_operator_decorator.py
[2026-03-03T01:30:45.001+0000] {processor.py:799} INFO - Processing file /home/airflow/.local/lib/python3.7/site-packages/airflow/example_dags/example_branch_operator_decorator.py for tasks to queue
[2026-03-03T01:30:45.003+0000] {logging_mixin.py:149} INFO - [2026-03-03T01:30:45.003+0000] {dagbag.py:541} INFO - Filling up the DagBag from /home/airflow/.local/lib/python3.7/site-packages/airflow/example_dags/example_branch_operator_decorator.py
[2026-03-03T01:30:45.010+0000] {processor.py:809} INFO - DAG(s) dict_keys(['example_branch_python_operator_decorator']) retrieved from /home/airflow/.local/lib/python3.7/site-packages/airflow/example_dags/example_branch_operator_decorator.py
[2026-03-03T01:30:45.038+0000] {logging_mixin.py:149} INFO - [2026-03-03T01:30:45.038+0000] {dag.py:2726} INFO - Sync 1 DAGs
[2026-03-03T01:30:45.059+0000] {logging_mixin.py:149} INFO - [2026-03-03T01:30:45.059+0000] {dag.py:3490} INFO - Setting next_dagrun for example_branch_python_operator_decorator to 2026-03-02T00:00:00+00:00, run_after=2026-03-03T00:00:00+00:00
[2026-03-03T01:30:45.081+0000] {processor.py:178} INFO - Processing /home/airflow/.local/lib/python3.7/site-packages/airflow/example_dags/example_branch_operator_decorator.py took 0.085 seconds
[2026-03-03T01:31:15.555+0000] {processor.py:156} INFO - Started process (PID=2966) to work on /home/airflow/.local/lib/python3.7/site-packages/airflow/example_dags/example_branch_operator_decorator.py
[2026-03-03T01:31:15.556+0000] {processor.py:799} INFO - Processing file /home/airflow/.local/lib/python3.7/site-packages/airflow/example_dags/example_branch_operator_decorator.py for tasks to queue
[2026-03-03T01:31:15.560+0000] {logging_mixin.py:149} INFO - [2026-03-03T01:31:15.560+0000] {dagbag.py:541} INFO - Filling up the DagBag from /home/airflow/.local/lib/python3.7/site-packages/airflow/example_dags/example_branch_operator_decorator.py
[2026-03-03T01:31:15.566+0000] {processor.py:809} INFO - DAG(s) dict_keys(['example_branch_python_operator_decorator']) retrieved from /home/airflow/.local/lib/python3.7/site-packages/airflow/example_dags/example_branch_operator_decorator.py
[2026-03-03T01:31:15.582+0000] {logging_mixin.py:149} INFO - [2026-03-03T01:31:15.582+0000] {dag.py:2726} INFO - Sync 1 DAGs
[2026-03-03T01:31:15.598+0000] {logging_mixin.py:149} INFO - [2026-03-03T01:31:15.598+0000] {dag.py:3490} INFO - Setting next_dagrun for example_branch_python_operator_decorator to 2026-03-02T00:00:00+00:00, run_after=2026-03-03T00:00:00+00:00
[2026-03-03T01:31:15.615+0000] {processor.py:178} INFO - Processing /home/airflow/.local/lib/python3.7/site-packages/airflow/example_dags/example_branch_operator_decorator.py took 0.064 seconds
