[2026-03-03T00:56:05.091+0000] {processor.py:156} INFO - Started process (PID=73) to work on /home/airflow/.local/lib/python3.7/site-packages/airflow/example_dags/tutorial.py
[2026-03-03T00:56:05.092+0000] {processor.py:799} INFO - Processing file /home/airflow/.local/lib/python3.7/site-packages/airflow/example_dags/tutorial.py for tasks to queue
[2026-03-03T00:56:05.093+0000] {logging_mixin.py:149} INFO - [2026-03-03T00:56:05.093+0000] {dagbag.py:541} INFO - Filling up the DagBag from /home/airflow/.local/lib/python3.7/site-packages/airflow/example_dags/tutorial.py
[2026-03-03T00:56:05.101+0000] {processor.py:809} INFO - DAG(s) dict_keys(['tutorial']) retrieved from /home/airflow/.local/lib/python3.7/site-packages/airflow/example_dags/tutorial.py
[2026-03-03T00:56:05.111+0000] {logging_mixin.py:149} INFO - [2026-03-03T00:56:05.111+0000] {dag.py:2726} INFO - Sync 1 DAGs
[2026-03-03T00:56:05.128+0000] {logging_mixin.py:149} INFO - [2026-03-03T00:56:05.128+0000] {dag.py:3490} INFO - Setting next_dagrun for tutorial to 2026-03-02T00:56:05.127898+00:00, run_after=2026-03-03T00:56:05.127898+00:00
[2026-03-03T00:56:05.147+0000] {processor.py:178} INFO - Processing /home/airflow/.local/lib/python3.7/site-packages/airflow/example_dags/tutorial.py took 0.058 seconds
[2026-03-03T00:56:37.369+0000] {processor.py:156} INFO - Started process (PID=135) to work on /home/airflow/.local/lib/python3.7/site-packages/airflow/example_dags/tutorial.py
[2026-03-03T00:56:37.370+0000] {processor.py:799} INFO - Processing file /home/airflow/.local/lib/python3.7/site-packages/airflow/example_dags/tutorial.py for tasks to queue
[2026-03-03T00:56:37.370+0000] {logging_mixin.py:149} INFO - [2026-03-03T00:56:37.370+0000] {dagbag.py:541} INFO - Filling up the DagBag from /home/airflow/.local/lib/python3.7/site-packages/airflow/example_dags/tutorial.py
[2026-03-03T00:56:37.375+0000] {processor.py:809} INFO - DAG(s) dict_keys(['tutorial']) retrieved from /home/airflow/.local/lib/python3.7/site-packages/airflow/example_dags/tutorial.py
[2026-03-03T00:56:37.388+0000] {logging_mixin.py:149} INFO - [2026-03-03T00:56:37.388+0000] {dag.py:2726} INFO - Sync 1 DAGs
[2026-03-03T00:56:37.401+0000] {logging_mixin.py:149} INFO - [2026-03-03T00:56:37.401+0000] {dag.py:3490} INFO - Setting next_dagrun for tutorial to 2026-03-02T00:56:37.401075+00:00, run_after=2026-03-03T00:56:37.401075+00:00
[2026-03-03T00:56:37.419+0000] {processor.py:178} INFO - Processing /home/airflow/.local/lib/python3.7/site-packages/airflow/example_dags/tutorial.py took 0.052 seconds
[2026-03-03T00:57:08.247+0000] {processor.py:156} INFO - Started process (PID=197) to work on /home/airflow/.local/lib/python3.7/site-packages/airflow/example_dags/tutorial.py
[2026-03-03T00:57:08.248+0000] {processor.py:799} INFO - Processing file /home/airflow/.local/lib/python3.7/site-packages/airflow/example_dags/tutorial.py for tasks to queue
[2026-03-03T00:57:08.248+0000] {logging_mixin.py:149} INFO - [2026-03-03T00:57:08.248+0000] {dagbag.py:541} INFO - Filling up the DagBag from /home/airflow/.local/lib/python3.7/site-packages/airflow/example_dags/tutorial.py
[2026-03-03T00:57:08.252+0000] {processor.py:809} INFO - DAG(s) dict_keys(['tutorial']) retrieved from /home/airflow/.local/lib/python3.7/site-packages/airflow/example_dags/tutorial.py
[2026-03-03T00:57:08.273+0000] {logging_mixin.py:149} INFO - [2026-03-03T00:57:08.273+0000] {dag.py:2726} INFO - Sync 1 DAGs
[2026-03-03T00:57:08.286+0000] {logging_mixin.py:149} INFO - [2026-03-03T00:57:08.286+0000] {dag.py:3490} INFO - Setting next_dagrun for tutorial to 2026-03-02T00:57:08.286479+00:00, run_after=2026-03-03T00:57:08.286479+00:00
[2026-03-03T00:57:08.298+0000] {processor.py:178} INFO - Processing /home/airflow/.local/lib/python3.7/site-packages/airflow/example_dags/tutorial.py took 0.052 seconds
[2026-03-03T00:57:39.195+0000] {processor.py:156} INFO - Started process (PID=259) to work on /home/airflow/.local/lib/python3.7/site-packages/airflow/example_dags/tutorial.py
[2026-03-03T00:57:39.196+0000] {processor.py:799} INFO - Processing file /home/airflow/.local/lib/python3.7/site-packages/airflow/example_dags/tutorial.py for tasks to queue
[2026-03-03T00:57:39.196+0000] {logging_mixin.py:149} INFO - [2026-03-03T00:57:39.196+0000] {dagbag.py:541} INFO - Filling up the DagBag from /home/airflow/.local/lib/python3.7/site-packages/airflow/example_dags/tutorial.py
[2026-03-03T00:57:39.199+0000] {processor.py:809} INFO - DAG(s) dict_keys(['tutorial']) retrieved from /home/airflow/.local/lib/python3.7/site-packages/airflow/example_dags/tutorial.py
[2026-03-03T00:57:39.211+0000] {logging_mixin.py:149} INFO - [2026-03-03T00:57:39.211+0000] {dag.py:2726} INFO - Sync 1 DAGs
[2026-03-03T00:57:39.226+0000] {logging_mixin.py:149} INFO - [2026-03-03T00:57:39.226+0000] {dag.py:3490} INFO - Setting next_dagrun for tutorial to 2026-03-02T00:57:39.226463+00:00, run_after=2026-03-03T00:57:39.226463+00:00
[2026-03-03T00:57:39.238+0000] {processor.py:178} INFO - Processing /home/airflow/.local/lib/python3.7/site-packages/airflow/example_dags/tutorial.py took 0.045 seconds
[2026-03-03T00:58:09.553+0000] {processor.py:156} INFO - Started process (PID=321) to work on /home/airflow/.local/lib/python3.7/site-packages/airflow/example_dags/tutorial.py
[2026-03-03T00:58:09.554+0000] {processor.py:799} INFO - Processing file /home/airflow/.local/lib/python3.7/site-packages/airflow/example_dags/tutorial.py for tasks to queue
[2026-03-03T00:58:09.555+0000] {logging_mixin.py:149} INFO - [2026-03-03T00:58:09.555+0000] {dagbag.py:541} INFO - Filling up the DagBag from /home/airflow/.local/lib/python3.7/site-packages/airflow/example_dags/tutorial.py
[2026-03-03T00:58:09.560+0000] {processor.py:809} INFO - DAG(s) dict_keys(['tutorial']) retrieved from /home/airflow/.local/lib/python3.7/site-packages/airflow/example_dags/tutorial.py
[2026-03-03T00:58:09.575+0000] {logging_mixin.py:149} INFO - [2026-03-03T00:58:09.574+0000] {dag.py:2726} INFO - Sync 1 DAGs
[2026-03-03T00:58:09.590+0000] {logging_mixin.py:149} INFO - [2026-03-03T00:58:09.590+0000] {dag.py:3490} INFO - Setting next_dagrun for tutorial to 2026-03-02T00:58:09.589907+00:00, run_after=2026-03-03T00:58:09.589907+00:00
[2026-03-03T00:58:09.597+0000] {processor.py:178} INFO - Processing /home/airflow/.local/lib/python3.7/site-packages/airflow/example_dags/tutorial.py took 0.047 seconds
[2026-03-03T00:58:40.425+0000] {processor.py:156} INFO - Started process (PID=383) to work on /home/airflow/.local/lib/python3.7/site-packages/airflow/example_dags/tutorial.py
[2026-03-03T00:58:40.425+0000] {processor.py:799} INFO - Processing file /home/airflow/.local/lib/python3.7/site-packages/airflow/example_dags/tutorial.py for tasks to queue
[2026-03-03T00:58:40.426+0000] {logging_mixin.py:149} INFO - [2026-03-03T00:58:40.426+0000] {dagbag.py:541} INFO - Filling up the DagBag from /home/airflow/.local/lib/python3.7/site-packages/airflow/example_dags/tutorial.py
[2026-03-03T00:58:40.429+0000] {processor.py:809} INFO - DAG(s) dict_keys(['tutorial']) retrieved from /home/airflow/.local/lib/python3.7/site-packages/airflow/example_dags/tutorial.py
[2026-03-03T00:58:40.444+0000] {logging_mixin.py:149} INFO - [2026-03-03T00:58:40.444+0000] {dag.py:2726} INFO - Sync 1 DAGs
[2026-03-03T00:58:40.461+0000] {logging_mixin.py:149} INFO - [2026-03-03T00:58:40.461+0000] {dag.py:3490} INFO - Setting next_dagrun for tutorial to 2026-03-02T00:58:40.460915+00:00, run_after=2026-03-03T00:58:40.460915+00:00
[2026-03-03T00:58:40.473+0000] {processor.py:178} INFO - Processing /home/airflow/.local/lib/python3.7/site-packages/airflow/example_dags/tutorial.py took 0.050 seconds
[2026-03-03T00:59:11.512+0000] {processor.py:156} INFO - Started process (PID=445) to work on /home/airflow/.local/lib/python3.7/site-packages/airflow/example_dags/tutorial.py
[2026-03-03T00:59:11.512+0000] {processor.py:799} INFO - Processing file /home/airflow/.local/lib/python3.7/site-packages/airflow/example_dags/tutorial.py for tasks to queue
[2026-03-03T00:59:11.513+0000] {logging_mixin.py:149} INFO - [2026-03-03T00:59:11.513+0000] {dagbag.py:541} INFO - Filling up the DagBag from /home/airflow/.local/lib/python3.7/site-packages/airflow/example_dags/tutorial.py
[2026-03-03T00:59:11.516+0000] {processor.py:809} INFO - DAG(s) dict_keys(['tutorial']) retrieved from /home/airflow/.local/lib/python3.7/site-packages/airflow/example_dags/tutorial.py
[2026-03-03T00:59:11.527+0000] {logging_mixin.py:149} INFO - [2026-03-03T00:59:11.527+0000] {dag.py:2726} INFO - Sync 1 DAGs
[2026-03-03T00:59:11.544+0000] {logging_mixin.py:149} INFO - [2026-03-03T00:59:11.544+0000] {dag.py:3490} INFO - Setting next_dagrun for tutorial to 2026-03-02T00:59:11.544229+00:00, run_after=2026-03-03T00:59:11.544229+00:00
[2026-03-03T00:59:11.553+0000] {processor.py:178} INFO - Processing /home/airflow/.local/lib/python3.7/site-packages/airflow/example_dags/tutorial.py took 0.042 seconds
[2026-03-03T00:59:42.297+0000] {processor.py:156} INFO - Started process (PID=507) to work on /home/airflow/.local/lib/python3.7/site-packages/airflow/example_dags/tutorial.py
[2026-03-03T00:59:42.298+0000] {processor.py:799} INFO - Processing file /home/airflow/.local/lib/python3.7/site-packages/airflow/example_dags/tutorial.py for tasks to queue
[2026-03-03T00:59:42.300+0000] {logging_mixin.py:149} INFO - [2026-03-03T00:59:42.300+0000] {dagbag.py:541} INFO - Filling up the DagBag from /home/airflow/.local/lib/python3.7/site-packages/airflow/example_dags/tutorial.py
[2026-03-03T00:59:42.304+0000] {processor.py:809} INFO - DAG(s) dict_keys(['tutorial']) retrieved from /home/airflow/.local/lib/python3.7/site-packages/airflow/example_dags/tutorial.py
[2026-03-03T00:59:42.320+0000] {logging_mixin.py:149} INFO - [2026-03-03T00:59:42.320+0000] {dag.py:2726} INFO - Sync 1 DAGs
[2026-03-03T00:59:42.335+0000] {logging_mixin.py:149} INFO - [2026-03-03T00:59:42.335+0000] {dag.py:3490} INFO - Setting next_dagrun for tutorial to 2026-03-02T00:59:42.335576+00:00, run_after=2026-03-03T00:59:42.335576+00:00
[2026-03-03T00:59:42.347+0000] {processor.py:178} INFO - Processing /home/airflow/.local/lib/python3.7/site-packages/airflow/example_dags/tutorial.py took 0.051 seconds
[2026-03-03T01:00:14.545+0000] {processor.py:156} INFO - Started process (PID=569) to work on /home/airflow/.local/lib/python3.7/site-packages/airflow/example_dags/tutorial.py
[2026-03-03T01:00:14.549+0000] {processor.py:799} INFO - Processing file /home/airflow/.local/lib/python3.7/site-packages/airflow/example_dags/tutorial.py for tasks to queue
[2026-03-03T01:00:14.552+0000] {logging_mixin.py:149} INFO - [2026-03-03T01:00:14.552+0000] {dagbag.py:541} INFO - Filling up the DagBag from /home/airflow/.local/lib/python3.7/site-packages/airflow/example_dags/tutorial.py
[2026-03-03T01:00:14.570+0000] {processor.py:809} INFO - DAG(s) dict_keys(['tutorial']) retrieved from /home/airflow/.local/lib/python3.7/site-packages/airflow/example_dags/tutorial.py
[2026-03-03T01:00:14.640+0000] {logging_mixin.py:149} INFO - [2026-03-03T01:00:14.640+0000] {dag.py:2726} INFO - Sync 1 DAGs
[2026-03-03T01:00:14.719+0000] {logging_mixin.py:149} INFO - [2026-03-03T01:00:14.719+0000] {dag.py:3490} INFO - Setting next_dagrun for tutorial to 2026-03-02T01:00:14.718605+00:00, run_after=2026-03-03T01:00:14.718605+00:00
[2026-03-03T01:00:14.786+0000] {processor.py:178} INFO - Processing /home/airflow/.local/lib/python3.7/site-packages/airflow/example_dags/tutorial.py took 0.250 seconds
[2026-03-03T01:00:45.755+0000] {processor.py:156} INFO - Started process (PID=631) to work on /home/airflow/.local/lib/python3.7/site-packages/airflow/example_dags/tutorial.py
[2026-03-03T01:00:45.758+0000] {processor.py:799} INFO - Processing file /home/airflow/.local/lib/python3.7/site-packages/airflow/example_dags/tutorial.py for tasks to queue
[2026-03-03T01:00:45.760+0000] {logging_mixin.py:149} INFO - [2026-03-03T01:00:45.760+0000] {dagbag.py:541} INFO - Filling up the DagBag from /home/airflow/.local/lib/python3.7/site-packages/airflow/example_dags/tutorial.py
[2026-03-03T01:00:45.777+0000] {processor.py:809} INFO - DAG(s) dict_keys(['tutorial']) retrieved from /home/airflow/.local/lib/python3.7/site-packages/airflow/example_dags/tutorial.py
[2026-03-03T01:00:45.844+0000] {logging_mixin.py:149} INFO - [2026-03-03T01:00:45.843+0000] {dag.py:2726} INFO - Sync 1 DAGs
[2026-03-03T01:00:45.920+0000] {logging_mixin.py:149} INFO - [2026-03-03T01:00:45.920+0000] {dag.py:3490} INFO - Setting next_dagrun for tutorial to 2026-03-02T01:00:45.919549+00:00, run_after=2026-03-03T01:00:45.919549+00:00
[2026-03-03T01:00:45.984+0000] {processor.py:178} INFO - Processing /home/airflow/.local/lib/python3.7/site-packages/airflow/example_dags/tutorial.py took 0.237 seconds
[2026-03-03T01:01:16.117+0000] {processor.py:156} INFO - Started process (PID=693) to work on /home/airflow/.local/lib/python3.7/site-packages/airflow/example_dags/tutorial.py
[2026-03-03T01:01:16.117+0000] {processor.py:799} INFO - Processing file /home/airflow/.local/lib/python3.7/site-packages/airflow/example_dags/tutorial.py for tasks to queue
[2026-03-03T01:01:16.118+0000] {logging_mixin.py:149} INFO - [2026-03-03T01:01:16.118+0000] {dagbag.py:541} INFO - Filling up the DagBag from /home/airflow/.local/lib/python3.7/site-packages/airflow/example_dags/tutorial.py
[2026-03-03T01:01:16.121+0000] {processor.py:809} INFO - DAG(s) dict_keys(['tutorial']) retrieved from /home/airflow/.local/lib/python3.7/site-packages/airflow/example_dags/tutorial.py
[2026-03-03T01:01:16.132+0000] {logging_mixin.py:149} INFO - [2026-03-03T01:01:16.132+0000] {dag.py:2726} INFO - Sync 1 DAGs
[2026-03-03T01:01:16.143+0000] {logging_mixin.py:149} INFO - [2026-03-03T01:01:16.143+0000] {dag.py:3490} INFO - Setting next_dagrun for tutorial to 2026-03-02T01:01:16.143042+00:00, run_after=2026-03-03T01:01:16.143042+00:00
[2026-03-03T01:01:16.151+0000] {processor.py:178} INFO - Processing /home/airflow/.local/lib/python3.7/site-packages/airflow/example_dags/tutorial.py took 0.036 seconds
[2026-03-03T01:01:46.899+0000] {processor.py:156} INFO - Started process (PID=755) to work on /home/airflow/.local/lib/python3.7/site-packages/airflow/example_dags/tutorial.py
[2026-03-03T01:01:46.899+0000] {processor.py:799} INFO - Processing file /home/airflow/.local/lib/python3.7/site-packages/airflow/example_dags/tutorial.py for tasks to queue
[2026-03-03T01:01:46.900+0000] {logging_mixin.py:149} INFO - [2026-03-03T01:01:46.900+0000] {dagbag.py:541} INFO - Filling up the DagBag from /home/airflow/.local/lib/python3.7/site-packages/airflow/example_dags/tutorial.py
[2026-03-03T01:01:46.903+0000] {processor.py:809} INFO - DAG(s) dict_keys(['tutorial']) retrieved from /home/airflow/.local/lib/python3.7/site-packages/airflow/example_dags/tutorial.py
[2026-03-03T01:01:46.915+0000] {logging_mixin.py:149} INFO - [2026-03-03T01:01:46.915+0000] {dag.py:2726} INFO - Sync 1 DAGs
[2026-03-03T01:01:46.930+0000] {logging_mixin.py:149} INFO - [2026-03-03T01:01:46.929+0000] {dag.py:3490} INFO - Setting next_dagrun for tutorial to 2026-03-02T01:01:46.929804+00:00, run_after=2026-03-03T01:01:46.929804+00:00
[2026-03-03T01:01:46.938+0000] {processor.py:178} INFO - Processing /home/airflow/.local/lib/python3.7/site-packages/airflow/example_dags/tutorial.py took 0.041 seconds
[2026-03-03T01:02:17.668+0000] {processor.py:156} INFO - Started process (PID=817) to work on /home/airflow/.local/lib/python3.7/site-packages/airflow/example_dags/tutorial.py
[2026-03-03T01:02:17.668+0000] {processor.py:799} INFO - Processing file /home/airflow/.local/lib/python3.7/site-packages/airflow/example_dags/tutorial.py for tasks to queue
[2026-03-03T01:02:17.668+0000] {logging_mixin.py:149} INFO - [2026-03-03T01:02:17.668+0000] {dagbag.py:541} INFO - Filling up the DagBag from /home/airflow/.local/lib/python3.7/site-packages/airflow/example_dags/tutorial.py
[2026-03-03T01:02:17.671+0000] {processor.py:809} INFO - DAG(s) dict_keys(['tutorial']) retrieved from /home/airflow/.local/lib/python3.7/site-packages/airflow/example_dags/tutorial.py
[2026-03-03T01:02:17.683+0000] {logging_mixin.py:149} INFO - [2026-03-03T01:02:17.683+0000] {dag.py:2726} INFO - Sync 1 DAGs
[2026-03-03T01:02:17.697+0000] {logging_mixin.py:149} INFO - [2026-03-03T01:02:17.697+0000] {dag.py:3490} INFO - Setting next_dagrun for tutorial to 2026-03-02T01:02:17.697607+00:00, run_after=2026-03-03T01:02:17.697607+00:00
[2026-03-03T01:02:17.706+0000] {processor.py:178} INFO - Processing /home/airflow/.local/lib/python3.7/site-packages/airflow/example_dags/tutorial.py took 0.040 seconds
[2026-03-03T01:02:48.464+0000] {processor.py:156} INFO - Started process (PID=879) to work on /home/airflow/.local/lib/python3.7/site-packages/airflow/example_dags/tutorial.py
[2026-03-03T01:02:48.464+0000] {processor.py:799} INFO - Processing file /home/airflow/.local/lib/python3.7/site-packages/airflow/example_dags/tutorial.py for tasks to queue
[2026-03-03T01:02:48.464+0000] {logging_mixin.py:149} INFO - [2026-03-03T01:02:48.464+0000] {dagbag.py:541} INFO - Filling up the DagBag from /home/airflow/.local/lib/python3.7/site-packages/airflow/example_dags/tutorial.py
[2026-03-03T01:02:48.467+0000] {processor.py:809} INFO - DAG(s) dict_keys(['tutorial']) retrieved from /home/airflow/.local/lib/python3.7/site-packages/airflow/example_dags/tutorial.py
[2026-03-03T01:02:48.477+0000] {logging_mixin.py:149} INFO - [2026-03-03T01:02:48.477+0000] {dag.py:2726} INFO - Sync 1 DAGs
[2026-03-03T01:02:48.487+0000] {logging_mixin.py:149} INFO - [2026-03-03T01:02:48.487+0000] {dag.py:3490} INFO - Setting next_dagrun for tutorial to 2026-03-02T01:02:48.487674+00:00, run_after=2026-03-03T01:02:48.487674+00:00
[2026-03-03T01:02:48.495+0000] {processor.py:178} INFO - Processing /home/airflow/.local/lib/python3.7/site-packages/airflow/example_dags/tutorial.py took 0.033 seconds
[2026-03-03T01:03:19.198+0000] {processor.py:156} INFO - Started process (PID=941) to work on /home/airflow/.local/lib/python3.7/site-packages/airflow/example_dags/tutorial.py
[2026-03-03T01:03:19.198+0000] {processor.py:799} INFO - Processing file /home/airflow/.local/lib/python3.7/site-packages/airflow/example_dags/tutorial.py for tasks to queue
[2026-03-03T01:03:19.199+0000] {logging_mixin.py:149} INFO - [2026-03-03T01:03:19.199+0000] {dagbag.py:541} INFO - Filling up the DagBag from /home/airflow/.local/lib/python3.7/site-packages/airflow/example_dags/tutorial.py
[2026-03-03T01:03:19.202+0000] {processor.py:809} INFO - DAG(s) dict_keys(['tutorial']) retrieved from /home/airflow/.local/lib/python3.7/site-packages/airflow/example_dags/tutorial.py
[2026-03-03T01:03:19.214+0000] {logging_mixin.py:149} INFO - [2026-03-03T01:03:19.214+0000] {dag.py:2726} INFO - Sync 1 DAGs
[2026-03-03T01:03:19.224+0000] {logging_mixin.py:149} INFO - [2026-03-03T01:03:19.224+0000] {dag.py:3490} INFO - Setting next_dagrun for tutorial to 2026-03-02T01:03:19.224602+00:00, run_after=2026-03-03T01:03:19.224602+00:00
[2026-03-03T01:03:19.232+0000] {processor.py:178} INFO - Processing /home/airflow/.local/lib/python3.7/site-packages/airflow/example_dags/tutorial.py took 0.036 seconds
[2026-03-03T01:03:50.033+0000] {processor.py:156} INFO - Started process (PID=1003) to work on /home/airflow/.local/lib/python3.7/site-packages/airflow/example_dags/tutorial.py
[2026-03-03T01:03:50.034+0000] {processor.py:799} INFO - Processing file /home/airflow/.local/lib/python3.7/site-packages/airflow/example_dags/tutorial.py for tasks to queue
[2026-03-03T01:03:50.034+0000] {logging_mixin.py:149} INFO - [2026-03-03T01:03:50.034+0000] {dagbag.py:541} INFO - Filling up the DagBag from /home/airflow/.local/lib/python3.7/site-packages/airflow/example_dags/tutorial.py
[2026-03-03T01:03:50.038+0000] {processor.py:809} INFO - DAG(s) dict_keys(['tutorial']) retrieved from /home/airflow/.local/lib/python3.7/site-packages/airflow/example_dags/tutorial.py
[2026-03-03T01:03:50.050+0000] {logging_mixin.py:149} INFO - [2026-03-03T01:03:50.050+0000] {dag.py:2726} INFO - Sync 1 DAGs
[2026-03-03T01:03:50.061+0000] {logging_mixin.py:149} INFO - [2026-03-03T01:03:50.061+0000] {dag.py:3490} INFO - Setting next_dagrun for tutorial to 2026-03-02T01:03:50.061394+00:00, run_after=2026-03-03T01:03:50.061394+00:00
[2026-03-03T01:03:50.069+0000] {processor.py:178} INFO - Processing /home/airflow/.local/lib/python3.7/site-packages/airflow/example_dags/tutorial.py took 0.037 seconds
[2026-03-03T01:04:20.656+0000] {processor.py:156} INFO - Started process (PID=1065) to work on /home/airflow/.local/lib/python3.7/site-packages/airflow/example_dags/tutorial.py
[2026-03-03T01:04:20.656+0000] {processor.py:799} INFO - Processing file /home/airflow/.local/lib/python3.7/site-packages/airflow/example_dags/tutorial.py for tasks to queue
[2026-03-03T01:04:20.657+0000] {logging_mixin.py:149} INFO - [2026-03-03T01:04:20.657+0000] {dagbag.py:541} INFO - Filling up the DagBag from /home/airflow/.local/lib/python3.7/site-packages/airflow/example_dags/tutorial.py
[2026-03-03T01:04:20.661+0000] {processor.py:809} INFO - DAG(s) dict_keys(['tutorial']) retrieved from /home/airflow/.local/lib/python3.7/site-packages/airflow/example_dags/tutorial.py
[2026-03-03T01:04:20.672+0000] {logging_mixin.py:149} INFO - [2026-03-03T01:04:20.672+0000] {dag.py:2726} INFO - Sync 1 DAGs
[2026-03-03T01:04:20.683+0000] {logging_mixin.py:149} INFO - [2026-03-03T01:04:20.683+0000] {dag.py:3490} INFO - Setting next_dagrun for tutorial to 2026-03-02T01:04:20.683082+00:00, run_after=2026-03-03T01:04:20.683082+00:00
[2026-03-03T01:04:20.690+0000] {processor.py:178} INFO - Processing /home/airflow/.local/lib/python3.7/site-packages/airflow/example_dags/tutorial.py took 0.036 seconds
[2026-03-03T01:04:51.309+0000] {processor.py:156} INFO - Started process (PID=1127) to work on /home/airflow/.local/lib/python3.7/site-packages/airflow/example_dags/tutorial.py
[2026-03-03T01:04:51.309+0000] {processor.py:799} INFO - Processing file /home/airflow/.local/lib/python3.7/site-packages/airflow/example_dags/tutorial.py for tasks to queue
[2026-03-03T01:04:51.310+0000] {logging_mixin.py:149} INFO - [2026-03-03T01:04:51.309+0000] {dagbag.py:541} INFO - Filling up the DagBag from /home/airflow/.local/lib/python3.7/site-packages/airflow/example_dags/tutorial.py
[2026-03-03T01:04:51.313+0000] {processor.py:809} INFO - DAG(s) dict_keys(['tutorial']) retrieved from /home/airflow/.local/lib/python3.7/site-packages/airflow/example_dags/tutorial.py
[2026-03-03T01:04:51.323+0000] {logging_mixin.py:149} INFO - [2026-03-03T01:04:51.323+0000] {dag.py:2726} INFO - Sync 1 DAGs
[2026-03-03T01:04:51.333+0000] {logging_mixin.py:149} INFO - [2026-03-03T01:04:51.333+0000] {dag.py:3490} INFO - Setting next_dagrun for tutorial to 2026-03-02T01:04:51.333454+00:00, run_after=2026-03-03T01:04:51.333454+00:00
[2026-03-03T01:04:51.340+0000] {processor.py:178} INFO - Processing /home/airflow/.local/lib/python3.7/site-packages/airflow/example_dags/tutorial.py took 0.033 seconds
[2026-03-03T01:05:22.080+0000] {processor.py:156} INFO - Started process (PID=1189) to work on /home/airflow/.local/lib/python3.7/site-packages/airflow/example_dags/tutorial.py
[2026-03-03T01:05:22.080+0000] {processor.py:799} INFO - Processing file /home/airflow/.local/lib/python3.7/site-packages/airflow/example_dags/tutorial.py for tasks to queue
[2026-03-03T01:05:22.081+0000] {logging_mixin.py:149} INFO - [2026-03-03T01:05:22.081+0000] {dagbag.py:541} INFO - Filling up the DagBag from /home/airflow/.local/lib/python3.7/site-packages/airflow/example_dags/tutorial.py
[2026-03-03T01:05:22.085+0000] {processor.py:809} INFO - DAG(s) dict_keys(['tutorial']) retrieved from /home/airflow/.local/lib/python3.7/site-packages/airflow/example_dags/tutorial.py
[2026-03-03T01:05:22.097+0000] {logging_mixin.py:149} INFO - [2026-03-03T01:05:22.097+0000] {dag.py:2726} INFO - Sync 1 DAGs
[2026-03-03T01:05:22.112+0000] {logging_mixin.py:149} INFO - [2026-03-03T01:05:22.112+0000] {dag.py:3490} INFO - Setting next_dagrun for tutorial to 2026-03-02T01:05:22.112231+00:00, run_after=2026-03-03T01:05:22.112231+00:00
[2026-03-03T01:05:22.120+0000] {processor.py:178} INFO - Processing /home/airflow/.local/lib/python3.7/site-packages/airflow/example_dags/tutorial.py took 0.043 seconds
[2026-03-03T01:05:52.800+0000] {processor.py:156} INFO - Started process (PID=1251) to work on /home/airflow/.local/lib/python3.7/site-packages/airflow/example_dags/tutorial.py
[2026-03-03T01:05:52.802+0000] {processor.py:799} INFO - Processing file /home/airflow/.local/lib/python3.7/site-packages/airflow/example_dags/tutorial.py for tasks to queue
[2026-03-03T01:05:52.803+0000] {logging_mixin.py:149} INFO - [2026-03-03T01:05:52.803+0000] {dagbag.py:541} INFO - Filling up the DagBag from /home/airflow/.local/lib/python3.7/site-packages/airflow/example_dags/tutorial.py
[2026-03-03T01:05:52.806+0000] {processor.py:809} INFO - DAG(s) dict_keys(['tutorial']) retrieved from /home/airflow/.local/lib/python3.7/site-packages/airflow/example_dags/tutorial.py
[2026-03-03T01:05:52.817+0000] {logging_mixin.py:149} INFO - [2026-03-03T01:05:52.817+0000] {dag.py:2726} INFO - Sync 1 DAGs
[2026-03-03T01:05:52.827+0000] {logging_mixin.py:149} INFO - [2026-03-03T01:05:52.827+0000] {dag.py:3490} INFO - Setting next_dagrun for tutorial to 2026-03-02T01:05:52.827675+00:00, run_after=2026-03-03T01:05:52.827675+00:00
[2026-03-03T01:05:52.835+0000] {processor.py:178} INFO - Processing /home/airflow/.local/lib/python3.7/site-packages/airflow/example_dags/tutorial.py took 0.037 seconds
[2026-03-03T01:06:23.289+0000] {processor.py:156} INFO - Started process (PID=1313) to work on /home/airflow/.local/lib/python3.7/site-packages/airflow/example_dags/tutorial.py
[2026-03-03T01:06:23.289+0000] {processor.py:799} INFO - Processing file /home/airflow/.local/lib/python3.7/site-packages/airflow/example_dags/tutorial.py for tasks to queue
[2026-03-03T01:06:23.290+0000] {logging_mixin.py:149} INFO - [2026-03-03T01:06:23.289+0000] {dagbag.py:541} INFO - Filling up the DagBag from /home/airflow/.local/lib/python3.7/site-packages/airflow/example_dags/tutorial.py
[2026-03-03T01:06:23.292+0000] {processor.py:809} INFO - DAG(s) dict_keys(['tutorial']) retrieved from /home/airflow/.local/lib/python3.7/site-packages/airflow/example_dags/tutorial.py
[2026-03-03T01:06:23.304+0000] {logging_mixin.py:149} INFO - [2026-03-03T01:06:23.303+0000] {dag.py:2726} INFO - Sync 1 DAGs
[2026-03-03T01:06:23.314+0000] {logging_mixin.py:149} INFO - [2026-03-03T01:06:23.314+0000] {dag.py:3490} INFO - Setting next_dagrun for tutorial to 2026-03-02T01:06:23.314626+00:00, run_after=2026-03-03T01:06:23.314626+00:00
[2026-03-03T01:06:23.322+0000] {processor.py:178} INFO - Processing /home/airflow/.local/lib/python3.7/site-packages/airflow/example_dags/tutorial.py took 0.034 seconds
[2026-03-03T01:07:10.135+0000] {processor.py:156} INFO - Started process (PID=65) to work on /home/airflow/.local/lib/python3.7/site-packages/airflow/example_dags/tutorial.py
[2026-03-03T01:07:10.135+0000] {processor.py:799} INFO - Processing file /home/airflow/.local/lib/python3.7/site-packages/airflow/example_dags/tutorial.py for tasks to queue
[2026-03-03T01:07:10.135+0000] {logging_mixin.py:149} INFO - [2026-03-03T01:07:10.135+0000] {dagbag.py:541} INFO - Filling up the DagBag from /home/airflow/.local/lib/python3.7/site-packages/airflow/example_dags/tutorial.py
[2026-03-03T01:07:10.142+0000] {processor.py:809} INFO - DAG(s) dict_keys(['tutorial']) retrieved from /home/airflow/.local/lib/python3.7/site-packages/airflow/example_dags/tutorial.py
[2026-03-03T01:07:10.150+0000] {logging_mixin.py:149} INFO - [2026-03-03T01:07:10.150+0000] {dag.py:2726} INFO - Sync 1 DAGs
[2026-03-03T01:07:10.166+0000] {logging_mixin.py:149} INFO - [2026-03-03T01:07:10.166+0000] {dag.py:3490} INFO - Setting next_dagrun for tutorial to 2026-03-02T01:07:10.166356+00:00, run_after=2026-03-03T01:07:10.166356+00:00
[2026-03-03T01:07:10.184+0000] {processor.py:178} INFO - Processing /home/airflow/.local/lib/python3.7/site-packages/airflow/example_dags/tutorial.py took 0.051 seconds
[2026-03-03T01:07:41.342+0000] {processor.py:156} INFO - Started process (PID=134) to work on /home/airflow/.local/lib/python3.7/site-packages/airflow/example_dags/tutorial.py
[2026-03-03T01:07:41.343+0000] {processor.py:799} INFO - Processing file /home/airflow/.local/lib/python3.7/site-packages/airflow/example_dags/tutorial.py for tasks to queue
[2026-03-03T01:07:41.344+0000] {logging_mixin.py:149} INFO - [2026-03-03T01:07:41.344+0000] {dagbag.py:541} INFO - Filling up the DagBag from /home/airflow/.local/lib/python3.7/site-packages/airflow/example_dags/tutorial.py
[2026-03-03T01:07:41.348+0000] {processor.py:809} INFO - DAG(s) dict_keys(['tutorial']) retrieved from /home/airflow/.local/lib/python3.7/site-packages/airflow/example_dags/tutorial.py
[2026-03-03T01:07:41.364+0000] {logging_mixin.py:149} INFO - [2026-03-03T01:07:41.364+0000] {dag.py:2726} INFO - Sync 1 DAGs
[2026-03-03T01:07:41.377+0000] {logging_mixin.py:149} INFO - [2026-03-03T01:07:41.377+0000] {dag.py:3490} INFO - Setting next_dagrun for tutorial to 2026-03-02T01:07:41.377651+00:00, run_after=2026-03-03T01:07:41.377651+00:00
[2026-03-03T01:07:41.394+0000] {processor.py:178} INFO - Processing /home/airflow/.local/lib/python3.7/site-packages/airflow/example_dags/tutorial.py took 0.053 seconds
[2026-03-03T01:08:20.113+0000] {processor.py:156} INFO - Started process (PID=196) to work on /home/airflow/.local/lib/python3.7/site-packages/airflow/example_dags/tutorial.py
[2026-03-03T01:08:20.116+0000] {processor.py:799} INFO - Processing file /home/airflow/.local/lib/python3.7/site-packages/airflow/example_dags/tutorial.py for tasks to queue
[2026-03-03T01:08:20.121+0000] {logging_mixin.py:149} INFO - [2026-03-03T01:08:20.121+0000] {dagbag.py:541} INFO - Filling up the DagBag from /home/airflow/.local/lib/python3.7/site-packages/airflow/example_dags/tutorial.py
[2026-03-03T01:08:20.137+0000] {processor.py:809} INFO - DAG(s) dict_keys(['tutorial']) retrieved from /home/airflow/.local/lib/python3.7/site-packages/airflow/example_dags/tutorial.py
[2026-03-03T01:08:20.499+0000] {logging_mixin.py:149} INFO - [2026-03-03T01:08:20.498+0000] {dag.py:2726} INFO - Sync 1 DAGs
[2026-03-03T01:08:20.558+0000] {logging_mixin.py:149} INFO - [2026-03-03T01:08:20.558+0000] {dag.py:3490} INFO - Setting next_dagrun for tutorial to 2026-03-02T01:08:20.557594+00:00, run_after=2026-03-03T01:08:20.557594+00:00
[2026-03-03T01:08:20.609+0000] {processor.py:178} INFO - Processing /home/airflow/.local/lib/python3.7/site-packages/airflow/example_dags/tutorial.py took 0.505 seconds
[2026-03-03T01:08:51.534+0000] {processor.py:156} INFO - Started process (PID=258) to work on /home/airflow/.local/lib/python3.7/site-packages/airflow/example_dags/tutorial.py
[2026-03-03T01:08:51.535+0000] {processor.py:799} INFO - Processing file /home/airflow/.local/lib/python3.7/site-packages/airflow/example_dags/tutorial.py for tasks to queue
[2026-03-03T01:08:51.535+0000] {logging_mixin.py:149} INFO - [2026-03-03T01:08:51.535+0000] {dagbag.py:541} INFO - Filling up the DagBag from /home/airflow/.local/lib/python3.7/site-packages/airflow/example_dags/tutorial.py
[2026-03-03T01:08:51.539+0000] {processor.py:809} INFO - DAG(s) dict_keys(['tutorial']) retrieved from /home/airflow/.local/lib/python3.7/site-packages/airflow/example_dags/tutorial.py
[2026-03-03T01:08:51.557+0000] {logging_mixin.py:149} INFO - [2026-03-03T01:08:51.557+0000] {dag.py:2726} INFO - Sync 1 DAGs
[2026-03-03T01:08:51.574+0000] {logging_mixin.py:149} INFO - [2026-03-03T01:08:51.574+0000] {dag.py:3490} INFO - Setting next_dagrun for tutorial to 2026-03-02T01:08:51.574505+00:00, run_after=2026-03-03T01:08:51.574505+00:00
[2026-03-03T01:08:51.585+0000] {processor.py:178} INFO - Processing /home/airflow/.local/lib/python3.7/site-packages/airflow/example_dags/tutorial.py took 0.053 seconds
[2026-03-03T01:09:22.493+0000] {processor.py:156} INFO - Started process (PID=320) to work on /home/airflow/.local/lib/python3.7/site-packages/airflow/example_dags/tutorial.py
[2026-03-03T01:09:22.494+0000] {processor.py:799} INFO - Processing file /home/airflow/.local/lib/python3.7/site-packages/airflow/example_dags/tutorial.py for tasks to queue
[2026-03-03T01:09:22.495+0000] {logging_mixin.py:149} INFO - [2026-03-03T01:09:22.495+0000] {dagbag.py:541} INFO - Filling up the DagBag from /home/airflow/.local/lib/python3.7/site-packages/airflow/example_dags/tutorial.py
[2026-03-03T01:09:22.499+0000] {processor.py:809} INFO - DAG(s) dict_keys(['tutorial']) retrieved from /home/airflow/.local/lib/python3.7/site-packages/airflow/example_dags/tutorial.py
[2026-03-03T01:09:22.519+0000] {logging_mixin.py:149} INFO - [2026-03-03T01:09:22.519+0000] {dag.py:2726} INFO - Sync 1 DAGs
[2026-03-03T01:09:22.538+0000] {logging_mixin.py:149} INFO - [2026-03-03T01:09:22.538+0000] {dag.py:3490} INFO - Setting next_dagrun for tutorial to 2026-03-02T01:09:22.538206+00:00, run_after=2026-03-03T01:09:22.538206+00:00
[2026-03-03T01:09:22.554+0000] {processor.py:178} INFO - Processing /home/airflow/.local/lib/python3.7/site-packages/airflow/example_dags/tutorial.py took 0.063 seconds
[2026-03-03T01:09:53.013+0000] {processor.py:156} INFO - Started process (PID=382) to work on /home/airflow/.local/lib/python3.7/site-packages/airflow/example_dags/tutorial.py
[2026-03-03T01:09:53.015+0000] {processor.py:799} INFO - Processing file /home/airflow/.local/lib/python3.7/site-packages/airflow/example_dags/tutorial.py for tasks to queue
[2026-03-03T01:09:53.016+0000] {logging_mixin.py:149} INFO - [2026-03-03T01:09:53.016+0000] {dagbag.py:541} INFO - Filling up the DagBag from /home/airflow/.local/lib/python3.7/site-packages/airflow/example_dags/tutorial.py
[2026-03-03T01:09:53.021+0000] {processor.py:809} INFO - DAG(s) dict_keys(['tutorial']) retrieved from /home/airflow/.local/lib/python3.7/site-packages/airflow/example_dags/tutorial.py
[2026-03-03T01:09:53.045+0000] {logging_mixin.py:149} INFO - [2026-03-03T01:09:53.045+0000] {dag.py:2726} INFO - Sync 1 DAGs
[2026-03-03T01:09:53.061+0000] {logging_mixin.py:149} INFO - [2026-03-03T01:09:53.061+0000] {dag.py:3490} INFO - Setting next_dagrun for tutorial to 2026-03-02T01:09:53.061046+00:00, run_after=2026-03-03T01:09:53.061046+00:00
[2026-03-03T01:09:53.076+0000] {processor.py:178} INFO - Processing /home/airflow/.local/lib/python3.7/site-packages/airflow/example_dags/tutorial.py took 0.065 seconds
[2026-03-03T01:10:23.750+0000] {processor.py:156} INFO - Started process (PID=444) to work on /home/airflow/.local/lib/python3.7/site-packages/airflow/example_dags/tutorial.py
[2026-03-03T01:10:23.751+0000] {processor.py:799} INFO - Processing file /home/airflow/.local/lib/python3.7/site-packages/airflow/example_dags/tutorial.py for tasks to queue
[2026-03-03T01:10:23.753+0000] {logging_mixin.py:149} INFO - [2026-03-03T01:10:23.753+0000] {dagbag.py:541} INFO - Filling up the DagBag from /home/airflow/.local/lib/python3.7/site-packages/airflow/example_dags/tutorial.py
[2026-03-03T01:10:23.761+0000] {processor.py:809} INFO - DAG(s) dict_keys(['tutorial']) retrieved from /home/airflow/.local/lib/python3.7/site-packages/airflow/example_dags/tutorial.py
[2026-03-03T01:10:23.810+0000] {logging_mixin.py:149} INFO - [2026-03-03T01:10:23.810+0000] {dag.py:2726} INFO - Sync 1 DAGs
[2026-03-03T01:10:23.835+0000] {logging_mixin.py:149} INFO - [2026-03-03T01:10:23.835+0000] {dag.py:3490} INFO - Setting next_dagrun for tutorial to 2026-03-02T01:10:23.834086+00:00, run_after=2026-03-03T01:10:23.834086+00:00
[2026-03-03T01:10:23.857+0000] {processor.py:178} INFO - Processing /home/airflow/.local/lib/python3.7/site-packages/airflow/example_dags/tutorial.py took 0.110 seconds
[2026-03-03T01:10:54.369+0000] {processor.py:156} INFO - Started process (PID=506) to work on /home/airflow/.local/lib/python3.7/site-packages/airflow/example_dags/tutorial.py
[2026-03-03T01:10:54.371+0000] {processor.py:799} INFO - Processing file /home/airflow/.local/lib/python3.7/site-packages/airflow/example_dags/tutorial.py for tasks to queue
[2026-03-03T01:10:54.373+0000] {logging_mixin.py:149} INFO - [2026-03-03T01:10:54.373+0000] {dagbag.py:541} INFO - Filling up the DagBag from /home/airflow/.local/lib/python3.7/site-packages/airflow/example_dags/tutorial.py
[2026-03-03T01:10:54.378+0000] {processor.py:809} INFO - DAG(s) dict_keys(['tutorial']) retrieved from /home/airflow/.local/lib/python3.7/site-packages/airflow/example_dags/tutorial.py
[2026-03-03T01:10:54.398+0000] {logging_mixin.py:149} INFO - [2026-03-03T01:10:54.398+0000] {dag.py:2726} INFO - Sync 1 DAGs
[2026-03-03T01:10:54.415+0000] {logging_mixin.py:149} INFO - [2026-03-03T01:10:54.414+0000] {dag.py:3490} INFO - Setting next_dagrun for tutorial to 2026-03-02T01:10:54.414844+00:00, run_after=2026-03-03T01:10:54.414844+00:00
[2026-03-03T01:10:54.430+0000] {processor.py:178} INFO - Processing /home/airflow/.local/lib/python3.7/site-packages/airflow/example_dags/tutorial.py took 0.064 seconds
[2026-03-03T01:11:25.326+0000] {processor.py:156} INFO - Started process (PID=568) to work on /home/airflow/.local/lib/python3.7/site-packages/airflow/example_dags/tutorial.py
[2026-03-03T01:11:25.327+0000] {processor.py:799} INFO - Processing file /home/airflow/.local/lib/python3.7/site-packages/airflow/example_dags/tutorial.py for tasks to queue
[2026-03-03T01:11:25.328+0000] {logging_mixin.py:149} INFO - [2026-03-03T01:11:25.328+0000] {dagbag.py:541} INFO - Filling up the DagBag from /home/airflow/.local/lib/python3.7/site-packages/airflow/example_dags/tutorial.py
[2026-03-03T01:11:25.337+0000] {processor.py:809} INFO - DAG(s) dict_keys(['tutorial']) retrieved from /home/airflow/.local/lib/python3.7/site-packages/airflow/example_dags/tutorial.py
[2026-03-03T01:11:25.356+0000] {logging_mixin.py:149} INFO - [2026-03-03T01:11:25.355+0000] {dag.py:2726} INFO - Sync 1 DAGs
[2026-03-03T01:11:25.376+0000] {logging_mixin.py:149} INFO - [2026-03-03T01:11:25.376+0000] {dag.py:3490} INFO - Setting next_dagrun for tutorial to 2026-03-02T01:11:25.376129+00:00, run_after=2026-03-03T01:11:25.376129+00:00
[2026-03-03T01:11:25.393+0000] {processor.py:178} INFO - Processing /home/airflow/.local/lib/python3.7/site-packages/airflow/example_dags/tutorial.py took 0.070 seconds
[2026-03-03T01:11:55.709+0000] {processor.py:156} INFO - Started process (PID=630) to work on /home/airflow/.local/lib/python3.7/site-packages/airflow/example_dags/tutorial.py
[2026-03-03T01:11:55.711+0000] {processor.py:799} INFO - Processing file /home/airflow/.local/lib/python3.7/site-packages/airflow/example_dags/tutorial.py for tasks to queue
[2026-03-03T01:11:55.714+0000] {logging_mixin.py:149} INFO - [2026-03-03T01:11:55.713+0000] {dagbag.py:541} INFO - Filling up the DagBag from /home/airflow/.local/lib/python3.7/site-packages/airflow/example_dags/tutorial.py
[2026-03-03T01:11:55.730+0000] {processor.py:809} INFO - DAG(s) dict_keys(['tutorial']) retrieved from /home/airflow/.local/lib/python3.7/site-packages/airflow/example_dags/tutorial.py
[2026-03-03T01:11:55.791+0000] {logging_mixin.py:149} INFO - [2026-03-03T01:11:55.791+0000] {dag.py:2726} INFO - Sync 1 DAGs
[2026-03-03T01:11:55.856+0000] {logging_mixin.py:149} INFO - [2026-03-03T01:11:55.855+0000] {dag.py:3490} INFO - Setting next_dagrun for tutorial to 2026-03-02T01:11:55.854741+00:00, run_after=2026-03-03T01:11:55.854741+00:00
[2026-03-03T01:11:55.909+0000] {processor.py:178} INFO - Processing /home/airflow/.local/lib/python3.7/site-packages/airflow/example_dags/tutorial.py took 0.207 seconds
[2026-03-03T01:12:26.253+0000] {processor.py:156} INFO - Started process (PID=692) to work on /home/airflow/.local/lib/python3.7/site-packages/airflow/example_dags/tutorial.py
[2026-03-03T01:12:26.255+0000] {processor.py:799} INFO - Processing file /home/airflow/.local/lib/python3.7/site-packages/airflow/example_dags/tutorial.py for tasks to queue
[2026-03-03T01:12:26.257+0000] {logging_mixin.py:149} INFO - [2026-03-03T01:12:26.256+0000] {dagbag.py:541} INFO - Filling up the DagBag from /home/airflow/.local/lib/python3.7/site-packages/airflow/example_dags/tutorial.py
[2026-03-03T01:12:26.270+0000] {processor.py:809} INFO - DAG(s) dict_keys(['tutorial']) retrieved from /home/airflow/.local/lib/python3.7/site-packages/airflow/example_dags/tutorial.py
[2026-03-03T01:12:26.318+0000] {logging_mixin.py:149} INFO - [2026-03-03T01:12:26.317+0000] {dag.py:2726} INFO - Sync 1 DAGs
[2026-03-03T01:12:26.379+0000] {logging_mixin.py:149} INFO - [2026-03-03T01:12:26.379+0000] {dag.py:3490} INFO - Setting next_dagrun for tutorial to 2026-03-02T01:12:26.378760+00:00, run_after=2026-03-03T01:12:26.378760+00:00
[2026-03-03T01:12:26.425+0000] {processor.py:178} INFO - Processing /home/airflow/.local/lib/python3.7/site-packages/airflow/example_dags/tutorial.py took 0.178 seconds
[2026-03-03T01:12:57.361+0000] {processor.py:156} INFO - Started process (PID=754) to work on /home/airflow/.local/lib/python3.7/site-packages/airflow/example_dags/tutorial.py
[2026-03-03T01:12:57.363+0000] {processor.py:799} INFO - Processing file /home/airflow/.local/lib/python3.7/site-packages/airflow/example_dags/tutorial.py for tasks to queue
[2026-03-03T01:12:57.363+0000] {logging_mixin.py:149} INFO - [2026-03-03T01:12:57.363+0000] {dagbag.py:541} INFO - Filling up the DagBag from /home/airflow/.local/lib/python3.7/site-packages/airflow/example_dags/tutorial.py
[2026-03-03T01:12:57.370+0000] {processor.py:809} INFO - DAG(s) dict_keys(['tutorial']) retrieved from /home/airflow/.local/lib/python3.7/site-packages/airflow/example_dags/tutorial.py
[2026-03-03T01:12:57.388+0000] {logging_mixin.py:149} INFO - [2026-03-03T01:12:57.388+0000] {dag.py:2726} INFO - Sync 1 DAGs
[2026-03-03T01:12:57.402+0000] {logging_mixin.py:149} INFO - [2026-03-03T01:12:57.402+0000] {dag.py:3490} INFO - Setting next_dagrun for tutorial to 2026-03-02T01:12:57.402390+00:00, run_after=2026-03-03T01:12:57.402390+00:00
[2026-03-03T01:12:57.414+0000] {processor.py:178} INFO - Processing /home/airflow/.local/lib/python3.7/site-packages/airflow/example_dags/tutorial.py took 0.055 seconds
[2026-03-03T01:13:27.815+0000] {processor.py:156} INFO - Started process (PID=816) to work on /home/airflow/.local/lib/python3.7/site-packages/airflow/example_dags/tutorial.py
[2026-03-03T01:13:27.817+0000] {processor.py:799} INFO - Processing file /home/airflow/.local/lib/python3.7/site-packages/airflow/example_dags/tutorial.py for tasks to queue
[2026-03-03T01:13:27.819+0000] {logging_mixin.py:149} INFO - [2026-03-03T01:13:27.818+0000] {dagbag.py:541} INFO - Filling up the DagBag from /home/airflow/.local/lib/python3.7/site-packages/airflow/example_dags/tutorial.py
[2026-03-03T01:13:27.825+0000] {processor.py:809} INFO - DAG(s) dict_keys(['tutorial']) retrieved from /home/airflow/.local/lib/python3.7/site-packages/airflow/example_dags/tutorial.py
[2026-03-03T01:13:27.842+0000] {logging_mixin.py:149} INFO - [2026-03-03T01:13:27.842+0000] {dag.py:2726} INFO - Sync 1 DAGs
[2026-03-03T01:13:27.862+0000] {logging_mixin.py:149} INFO - [2026-03-03T01:13:27.862+0000] {dag.py:3490} INFO - Setting next_dagrun for tutorial to 2026-03-02T01:13:27.862451+00:00, run_after=2026-03-03T01:13:27.862451+00:00
[2026-03-03T01:13:27.888+0000] {processor.py:178} INFO - Processing /home/airflow/.local/lib/python3.7/site-packages/airflow/example_dags/tutorial.py took 0.078 seconds
[2026-03-03T01:13:58.561+0000] {processor.py:156} INFO - Started process (PID=878) to work on /home/airflow/.local/lib/python3.7/site-packages/airflow/example_dags/tutorial.py
[2026-03-03T01:13:58.562+0000] {processor.py:799} INFO - Processing file /home/airflow/.local/lib/python3.7/site-packages/airflow/example_dags/tutorial.py for tasks to queue
[2026-03-03T01:13:58.563+0000] {logging_mixin.py:149} INFO - [2026-03-03T01:13:58.563+0000] {dagbag.py:541} INFO - Filling up the DagBag from /home/airflow/.local/lib/python3.7/site-packages/airflow/example_dags/tutorial.py
[2026-03-03T01:13:58.570+0000] {processor.py:809} INFO - DAG(s) dict_keys(['tutorial']) retrieved from /home/airflow/.local/lib/python3.7/site-packages/airflow/example_dags/tutorial.py
[2026-03-03T01:13:58.584+0000] {logging_mixin.py:149} INFO - [2026-03-03T01:13:58.584+0000] {dag.py:2726} INFO - Sync 1 DAGs
[2026-03-03T01:13:58.600+0000] {logging_mixin.py:149} INFO - [2026-03-03T01:13:58.600+0000] {dag.py:3490} INFO - Setting next_dagrun for tutorial to 2026-03-02T01:13:58.600636+00:00, run_after=2026-03-03T01:13:58.600636+00:00
[2026-03-03T01:13:58.610+0000] {processor.py:178} INFO - Processing /home/airflow/.local/lib/python3.7/site-packages/airflow/example_dags/tutorial.py took 0.052 seconds
[2026-03-03T01:14:29.300+0000] {processor.py:156} INFO - Started process (PID=940) to work on /home/airflow/.local/lib/python3.7/site-packages/airflow/example_dags/tutorial.py
[2026-03-03T01:14:29.302+0000] {processor.py:799} INFO - Processing file /home/airflow/.local/lib/python3.7/site-packages/airflow/example_dags/tutorial.py for tasks to queue
[2026-03-03T01:14:29.303+0000] {logging_mixin.py:149} INFO - [2026-03-03T01:14:29.303+0000] {dagbag.py:541} INFO - Filling up the DagBag from /home/airflow/.local/lib/python3.7/site-packages/airflow/example_dags/tutorial.py
[2026-03-03T01:14:29.308+0000] {processor.py:809} INFO - DAG(s) dict_keys(['tutorial']) retrieved from /home/airflow/.local/lib/python3.7/site-packages/airflow/example_dags/tutorial.py
[2026-03-03T01:14:29.325+0000] {logging_mixin.py:149} INFO - [2026-03-03T01:14:29.325+0000] {dag.py:2726} INFO - Sync 1 DAGs
[2026-03-03T01:14:29.342+0000] {logging_mixin.py:149} INFO - [2026-03-03T01:14:29.342+0000] {dag.py:3490} INFO - Setting next_dagrun for tutorial to 2026-03-02T01:14:29.342066+00:00, run_after=2026-03-03T01:14:29.342066+00:00
[2026-03-03T01:14:29.354+0000] {processor.py:178} INFO - Processing /home/airflow/.local/lib/python3.7/site-packages/airflow/example_dags/tutorial.py took 0.058 seconds
[2026-03-03T01:14:59.960+0000] {processor.py:156} INFO - Started process (PID=1002) to work on /home/airflow/.local/lib/python3.7/site-packages/airflow/example_dags/tutorial.py
[2026-03-03T01:14:59.963+0000] {processor.py:799} INFO - Processing file /home/airflow/.local/lib/python3.7/site-packages/airflow/example_dags/tutorial.py for tasks to queue
[2026-03-03T01:14:59.966+0000] {logging_mixin.py:149} INFO - [2026-03-03T01:14:59.965+0000] {dagbag.py:541} INFO - Filling up the DagBag from /home/airflow/.local/lib/python3.7/site-packages/airflow/example_dags/tutorial.py
[2026-03-03T01:14:59.991+0000] {processor.py:809} INFO - DAG(s) dict_keys(['tutorial']) retrieved from /home/airflow/.local/lib/python3.7/site-packages/airflow/example_dags/tutorial.py
[2026-03-03T01:15:00.058+0000] {logging_mixin.py:149} INFO - [2026-03-03T01:15:00.058+0000] {dag.py:2726} INFO - Sync 1 DAGs
[2026-03-03T01:15:00.152+0000] {logging_mixin.py:149} INFO - [2026-03-03T01:15:00.152+0000] {dag.py:3490} INFO - Setting next_dagrun for tutorial to 2026-03-02T01:15:00.151660+00:00, run_after=2026-03-03T01:15:00.151660+00:00
[2026-03-03T01:15:00.211+0000] {processor.py:178} INFO - Processing /home/airflow/.local/lib/python3.7/site-packages/airflow/example_dags/tutorial.py took 0.259 seconds
[2026-03-03T01:15:30.722+0000] {processor.py:156} INFO - Started process (PID=1064) to work on /home/airflow/.local/lib/python3.7/site-packages/airflow/example_dags/tutorial.py
[2026-03-03T01:15:30.724+0000] {processor.py:799} INFO - Processing file /home/airflow/.local/lib/python3.7/site-packages/airflow/example_dags/tutorial.py for tasks to queue
[2026-03-03T01:15:30.725+0000] {logging_mixin.py:149} INFO - [2026-03-03T01:15:30.724+0000] {dagbag.py:541} INFO - Filling up the DagBag from /home/airflow/.local/lib/python3.7/site-packages/airflow/example_dags/tutorial.py
[2026-03-03T01:15:30.731+0000] {processor.py:809} INFO - DAG(s) dict_keys(['tutorial']) retrieved from /home/airflow/.local/lib/python3.7/site-packages/airflow/example_dags/tutorial.py
[2026-03-03T01:15:30.749+0000] {logging_mixin.py:149} INFO - [2026-03-03T01:15:30.749+0000] {dag.py:2726} INFO - Sync 1 DAGs
[2026-03-03T01:15:30.765+0000] {logging_mixin.py:149} INFO - [2026-03-03T01:15:30.765+0000] {dag.py:3490} INFO - Setting next_dagrun for tutorial to 2026-03-02T01:15:30.765018+00:00, run_after=2026-03-03T01:15:30.765018+00:00
[2026-03-03T01:15:30.774+0000] {processor.py:178} INFO - Processing /home/airflow/.local/lib/python3.7/site-packages/airflow/example_dags/tutorial.py took 0.057 seconds
[2026-03-03T01:16:01.516+0000] {processor.py:156} INFO - Started process (PID=1125) to work on /home/airflow/.local/lib/python3.7/site-packages/airflow/example_dags/tutorial.py
[2026-03-03T01:16:01.517+0000] {processor.py:799} INFO - Processing file /home/airflow/.local/lib/python3.7/site-packages/airflow/example_dags/tutorial.py for tasks to queue
[2026-03-03T01:16:01.519+0000] {logging_mixin.py:149} INFO - [2026-03-03T01:16:01.519+0000] {dagbag.py:541} INFO - Filling up the DagBag from /home/airflow/.local/lib/python3.7/site-packages/airflow/example_dags/tutorial.py
[2026-03-03T01:16:01.526+0000] {processor.py:809} INFO - DAG(s) dict_keys(['tutorial']) retrieved from /home/airflow/.local/lib/python3.7/site-packages/airflow/example_dags/tutorial.py
[2026-03-03T01:16:01.542+0000] {logging_mixin.py:149} INFO - [2026-03-03T01:16:01.542+0000] {dag.py:2726} INFO - Sync 1 DAGs
[2026-03-03T01:16:01.556+0000] {logging_mixin.py:149} INFO - [2026-03-03T01:16:01.556+0000] {dag.py:3490} INFO - Setting next_dagrun for tutorial to 2026-03-02T01:16:01.556125+00:00, run_after=2026-03-03T01:16:01.556125+00:00
[2026-03-03T01:16:01.566+0000] {processor.py:178} INFO - Processing /home/airflow/.local/lib/python3.7/site-packages/airflow/example_dags/tutorial.py took 0.055 seconds
[2026-03-03T01:16:32.246+0000] {processor.py:156} INFO - Started process (PID=1187) to work on /home/airflow/.local/lib/python3.7/site-packages/airflow/example_dags/tutorial.py
[2026-03-03T01:16:32.249+0000] {processor.py:799} INFO - Processing file /home/airflow/.local/lib/python3.7/site-packages/airflow/example_dags/tutorial.py for tasks to queue
[2026-03-03T01:16:32.251+0000] {logging_mixin.py:149} INFO - [2026-03-03T01:16:32.251+0000] {dagbag.py:541} INFO - Filling up the DagBag from /home/airflow/.local/lib/python3.7/site-packages/airflow/example_dags/tutorial.py
[2026-03-03T01:16:32.266+0000] {processor.py:809} INFO - DAG(s) dict_keys(['tutorial']) retrieved from /home/airflow/.local/lib/python3.7/site-packages/airflow/example_dags/tutorial.py
[2026-03-03T01:16:32.323+0000] {logging_mixin.py:149} INFO - [2026-03-03T01:16:32.323+0000] {dag.py:2726} INFO - Sync 1 DAGs
[2026-03-03T01:16:32.386+0000] {logging_mixin.py:149} INFO - [2026-03-03T01:16:32.385+0000] {dag.py:3490} INFO - Setting next_dagrun for tutorial to 2026-03-02T01:16:32.384920+00:00, run_after=2026-03-03T01:16:32.384920+00:00
[2026-03-03T01:16:32.438+0000] {processor.py:178} INFO - Processing /home/airflow/.local/lib/python3.7/site-packages/airflow/example_dags/tutorial.py took 0.199 seconds
[2026-03-03T01:17:02.527+0000] {processor.py:156} INFO - Started process (PID=1249) to work on /home/airflow/.local/lib/python3.7/site-packages/airflow/example_dags/tutorial.py
[2026-03-03T01:17:02.528+0000] {processor.py:799} INFO - Processing file /home/airflow/.local/lib/python3.7/site-packages/airflow/example_dags/tutorial.py for tasks to queue
[2026-03-03T01:17:02.529+0000] {logging_mixin.py:149} INFO - [2026-03-03T01:17:02.529+0000] {dagbag.py:541} INFO - Filling up the DagBag from /home/airflow/.local/lib/python3.7/site-packages/airflow/example_dags/tutorial.py
[2026-03-03T01:17:02.539+0000] {processor.py:809} INFO - DAG(s) dict_keys(['tutorial']) retrieved from /home/airflow/.local/lib/python3.7/site-packages/airflow/example_dags/tutorial.py
[2026-03-03T01:17:02.577+0000] {logging_mixin.py:149} INFO - [2026-03-03T01:17:02.577+0000] {dag.py:2726} INFO - Sync 1 DAGs
[2026-03-03T01:17:02.622+0000] {logging_mixin.py:149} INFO - [2026-03-03T01:17:02.622+0000] {dag.py:3490} INFO - Setting next_dagrun for tutorial to 2026-03-02T01:17:02.622400+00:00, run_after=2026-03-03T01:17:02.622400+00:00
[2026-03-03T01:17:02.660+0000] {processor.py:178} INFO - Processing /home/airflow/.local/lib/python3.7/site-packages/airflow/example_dags/tutorial.py took 0.139 seconds
[2026-03-03T01:17:33.089+0000] {processor.py:156} INFO - Started process (PID=1311) to work on /home/airflow/.local/lib/python3.7/site-packages/airflow/example_dags/tutorial.py
[2026-03-03T01:17:33.091+0000] {processor.py:799} INFO - Processing file /home/airflow/.local/lib/python3.7/site-packages/airflow/example_dags/tutorial.py for tasks to queue
[2026-03-03T01:17:33.092+0000] {logging_mixin.py:149} INFO - [2026-03-03T01:17:33.091+0000] {dagbag.py:541} INFO - Filling up the DagBag from /home/airflow/.local/lib/python3.7/site-packages/airflow/example_dags/tutorial.py
[2026-03-03T01:17:33.105+0000] {processor.py:809} INFO - DAG(s) dict_keys(['tutorial']) retrieved from /home/airflow/.local/lib/python3.7/site-packages/airflow/example_dags/tutorial.py
[2026-03-03T01:17:33.163+0000] {logging_mixin.py:149} INFO - [2026-03-03T01:17:33.163+0000] {dag.py:2726} INFO - Sync 1 DAGs
[2026-03-03T01:17:33.233+0000] {logging_mixin.py:149} INFO - [2026-03-03T01:17:33.232+0000] {dag.py:3490} INFO - Setting next_dagrun for tutorial to 2026-03-02T01:17:33.231620+00:00, run_after=2026-03-03T01:17:33.231620+00:00
[2026-03-03T01:17:33.289+0000] {processor.py:178} INFO - Processing /home/airflow/.local/lib/python3.7/site-packages/airflow/example_dags/tutorial.py took 0.205 seconds
[2026-03-03T01:18:04.085+0000] {processor.py:156} INFO - Started process (PID=1373) to work on /home/airflow/.local/lib/python3.7/site-packages/airflow/example_dags/tutorial.py
[2026-03-03T01:18:04.086+0000] {processor.py:799} INFO - Processing file /home/airflow/.local/lib/python3.7/site-packages/airflow/example_dags/tutorial.py for tasks to queue
[2026-03-03T01:18:04.086+0000] {logging_mixin.py:149} INFO - [2026-03-03T01:18:04.086+0000] {dagbag.py:541} INFO - Filling up the DagBag from /home/airflow/.local/lib/python3.7/site-packages/airflow/example_dags/tutorial.py
[2026-03-03T01:18:04.093+0000] {processor.py:809} INFO - DAG(s) dict_keys(['tutorial']) retrieved from /home/airflow/.local/lib/python3.7/site-packages/airflow/example_dags/tutorial.py
[2026-03-03T01:18:04.109+0000] {logging_mixin.py:149} INFO - [2026-03-03T01:18:04.109+0000] {dag.py:2726} INFO - Sync 1 DAGs
[2026-03-03T01:18:04.124+0000] {logging_mixin.py:149} INFO - [2026-03-03T01:18:04.124+0000] {dag.py:3490} INFO - Setting next_dagrun for tutorial to 2026-03-02T01:18:04.124572+00:00, run_after=2026-03-03T01:18:04.124572+00:00
[2026-03-03T01:18:04.135+0000] {processor.py:178} INFO - Processing /home/airflow/.local/lib/python3.7/site-packages/airflow/example_dags/tutorial.py took 0.053 seconds
[2026-03-03T01:18:34.234+0000] {processor.py:156} INFO - Started process (PID=1435) to work on /home/airflow/.local/lib/python3.7/site-packages/airflow/example_dags/tutorial.py
[2026-03-03T01:18:34.237+0000] {processor.py:799} INFO - Processing file /home/airflow/.local/lib/python3.7/site-packages/airflow/example_dags/tutorial.py for tasks to queue
[2026-03-03T01:18:34.239+0000] {logging_mixin.py:149} INFO - [2026-03-03T01:18:34.238+0000] {dagbag.py:541} INFO - Filling up the DagBag from /home/airflow/.local/lib/python3.7/site-packages/airflow/example_dags/tutorial.py
[2026-03-03T01:18:34.255+0000] {processor.py:809} INFO - DAG(s) dict_keys(['tutorial']) retrieved from /home/airflow/.local/lib/python3.7/site-packages/airflow/example_dags/tutorial.py
[2026-03-03T01:18:34.312+0000] {logging_mixin.py:149} INFO - [2026-03-03T01:18:34.312+0000] {dag.py:2726} INFO - Sync 1 DAGs
[2026-03-03T01:18:34.384+0000] {logging_mixin.py:149} INFO - [2026-03-03T01:18:34.384+0000] {dag.py:3490} INFO - Setting next_dagrun for tutorial to 2026-03-02T01:18:34.383962+00:00, run_after=2026-03-03T01:18:34.383962+00:00
[2026-03-03T01:18:34.443+0000] {processor.py:178} INFO - Processing /home/airflow/.local/lib/python3.7/site-packages/airflow/example_dags/tutorial.py took 0.218 seconds
[2026-03-03T01:19:04.654+0000] {processor.py:156} INFO - Started process (PID=1497) to work on /home/airflow/.local/lib/python3.7/site-packages/airflow/example_dags/tutorial.py
[2026-03-03T01:19:04.656+0000] {processor.py:799} INFO - Processing file /home/airflow/.local/lib/python3.7/site-packages/airflow/example_dags/tutorial.py for tasks to queue
[2026-03-03T01:19:04.658+0000] {logging_mixin.py:149} INFO - [2026-03-03T01:19:04.658+0000] {dagbag.py:541} INFO - Filling up the DagBag from /home/airflow/.local/lib/python3.7/site-packages/airflow/example_dags/tutorial.py
[2026-03-03T01:19:04.670+0000] {processor.py:809} INFO - DAG(s) dict_keys(['tutorial']) retrieved from /home/airflow/.local/lib/python3.7/site-packages/airflow/example_dags/tutorial.py
[2026-03-03T01:19:04.721+0000] {logging_mixin.py:149} INFO - [2026-03-03T01:19:04.720+0000] {dag.py:2726} INFO - Sync 1 DAGs
[2026-03-03T01:19:04.777+0000] {logging_mixin.py:149} INFO - [2026-03-03T01:19:04.777+0000] {dag.py:3490} INFO - Setting next_dagrun for tutorial to 2026-03-02T01:19:04.777021+00:00, run_after=2026-03-03T01:19:04.777021+00:00
[2026-03-03T01:19:04.821+0000] {processor.py:178} INFO - Processing /home/airflow/.local/lib/python3.7/site-packages/airflow/example_dags/tutorial.py took 0.173 seconds
[2026-03-03T01:19:35.396+0000] {processor.py:156} INFO - Started process (PID=1559) to work on /home/airflow/.local/lib/python3.7/site-packages/airflow/example_dags/tutorial.py
[2026-03-03T01:19:35.397+0000] {processor.py:799} INFO - Processing file /home/airflow/.local/lib/python3.7/site-packages/airflow/example_dags/tutorial.py for tasks to queue
[2026-03-03T01:19:35.397+0000] {logging_mixin.py:149} INFO - [2026-03-03T01:19:35.397+0000] {dagbag.py:541} INFO - Filling up the DagBag from /home/airflow/.local/lib/python3.7/site-packages/airflow/example_dags/tutorial.py
[2026-03-03T01:19:35.401+0000] {processor.py:809} INFO - DAG(s) dict_keys(['tutorial']) retrieved from /home/airflow/.local/lib/python3.7/site-packages/airflow/example_dags/tutorial.py
[2026-03-03T01:19:35.415+0000] {logging_mixin.py:149} INFO - [2026-03-03T01:19:35.415+0000] {dag.py:2726} INFO - Sync 1 DAGs
[2026-03-03T01:19:35.429+0000] {logging_mixin.py:149} INFO - [2026-03-03T01:19:35.428+0000] {dag.py:3490} INFO - Setting next_dagrun for tutorial to 2026-03-02T01:19:35.428856+00:00, run_after=2026-03-03T01:19:35.428856+00:00
[2026-03-03T01:19:35.437+0000] {processor.py:178} INFO - Processing /home/airflow/.local/lib/python3.7/site-packages/airflow/example_dags/tutorial.py took 0.043 seconds
[2026-03-03T01:20:06.070+0000] {processor.py:156} INFO - Started process (PID=1621) to work on /home/airflow/.local/lib/python3.7/site-packages/airflow/example_dags/tutorial.py
[2026-03-03T01:20:06.071+0000] {processor.py:799} INFO - Processing file /home/airflow/.local/lib/python3.7/site-packages/airflow/example_dags/tutorial.py for tasks to queue
[2026-03-03T01:20:06.072+0000] {logging_mixin.py:149} INFO - [2026-03-03T01:20:06.072+0000] {dagbag.py:541} INFO - Filling up the DagBag from /home/airflow/.local/lib/python3.7/site-packages/airflow/example_dags/tutorial.py
[2026-03-03T01:20:06.077+0000] {processor.py:809} INFO - DAG(s) dict_keys(['tutorial']) retrieved from /home/airflow/.local/lib/python3.7/site-packages/airflow/example_dags/tutorial.py
[2026-03-03T01:20:06.089+0000] {logging_mixin.py:149} INFO - [2026-03-03T01:20:06.089+0000] {dag.py:2726} INFO - Sync 1 DAGs
[2026-03-03T01:20:06.107+0000] {logging_mixin.py:149} INFO - [2026-03-03T01:20:06.107+0000] {dag.py:3490} INFO - Setting next_dagrun for tutorial to 2026-03-02T01:20:06.107301+00:00, run_after=2026-03-03T01:20:06.107301+00:00
[2026-03-03T01:20:06.116+0000] {processor.py:178} INFO - Processing /home/airflow/.local/lib/python3.7/site-packages/airflow/example_dags/tutorial.py took 0.049 seconds
[2026-03-03T01:20:36.793+0000] {processor.py:156} INFO - Started process (PID=1683) to work on /home/airflow/.local/lib/python3.7/site-packages/airflow/example_dags/tutorial.py
[2026-03-03T01:20:36.793+0000] {processor.py:799} INFO - Processing file /home/airflow/.local/lib/python3.7/site-packages/airflow/example_dags/tutorial.py for tasks to queue
[2026-03-03T01:20:36.794+0000] {logging_mixin.py:149} INFO - [2026-03-03T01:20:36.794+0000] {dagbag.py:541} INFO - Filling up the DagBag from /home/airflow/.local/lib/python3.7/site-packages/airflow/example_dags/tutorial.py
[2026-03-03T01:20:36.798+0000] {processor.py:809} INFO - DAG(s) dict_keys(['tutorial']) retrieved from /home/airflow/.local/lib/python3.7/site-packages/airflow/example_dags/tutorial.py
[2026-03-03T01:20:36.811+0000] {logging_mixin.py:149} INFO - [2026-03-03T01:20:36.811+0000] {dag.py:2726} INFO - Sync 1 DAGs
[2026-03-03T01:20:36.826+0000] {logging_mixin.py:149} INFO - [2026-03-03T01:20:36.826+0000] {dag.py:3490} INFO - Setting next_dagrun for tutorial to 2026-03-02T01:20:36.826658+00:00, run_after=2026-03-03T01:20:36.826658+00:00
[2026-03-03T01:20:36.835+0000] {processor.py:178} INFO - Processing /home/airflow/.local/lib/python3.7/site-packages/airflow/example_dags/tutorial.py took 0.044 seconds
[2026-03-03T01:21:07.430+0000] {processor.py:156} INFO - Started process (PID=1745) to work on /home/airflow/.local/lib/python3.7/site-packages/airflow/example_dags/tutorial.py
[2026-03-03T01:21:07.430+0000] {processor.py:799} INFO - Processing file /home/airflow/.local/lib/python3.7/site-packages/airflow/example_dags/tutorial.py for tasks to queue
[2026-03-03T01:21:07.431+0000] {logging_mixin.py:149} INFO - [2026-03-03T01:21:07.431+0000] {dagbag.py:541} INFO - Filling up the DagBag from /home/airflow/.local/lib/python3.7/site-packages/airflow/example_dags/tutorial.py
[2026-03-03T01:21:07.434+0000] {processor.py:809} INFO - DAG(s) dict_keys(['tutorial']) retrieved from /home/airflow/.local/lib/python3.7/site-packages/airflow/example_dags/tutorial.py
[2026-03-03T01:21:07.449+0000] {logging_mixin.py:149} INFO - [2026-03-03T01:21:07.449+0000] {dag.py:2726} INFO - Sync 1 DAGs
[2026-03-03T01:21:07.463+0000] {logging_mixin.py:149} INFO - [2026-03-03T01:21:07.463+0000] {dag.py:3490} INFO - Setting next_dagrun for tutorial to 2026-03-02T01:21:07.463187+00:00, run_after=2026-03-03T01:21:07.463187+00:00
[2026-03-03T01:21:07.472+0000] {processor.py:178} INFO - Processing /home/airflow/.local/lib/python3.7/site-packages/airflow/example_dags/tutorial.py took 0.044 seconds
[2026-03-03T01:21:38.475+0000] {processor.py:156} INFO - Started process (PID=1807) to work on /home/airflow/.local/lib/python3.7/site-packages/airflow/example_dags/tutorial.py
[2026-03-03T01:21:38.478+0000] {processor.py:799} INFO - Processing file /home/airflow/.local/lib/python3.7/site-packages/airflow/example_dags/tutorial.py for tasks to queue
[2026-03-03T01:21:38.479+0000] {logging_mixin.py:149} INFO - [2026-03-03T01:21:38.479+0000] {dagbag.py:541} INFO - Filling up the DagBag from /home/airflow/.local/lib/python3.7/site-packages/airflow/example_dags/tutorial.py
[2026-03-03T01:21:38.494+0000] {processor.py:809} INFO - DAG(s) dict_keys(['tutorial']) retrieved from /home/airflow/.local/lib/python3.7/site-packages/airflow/example_dags/tutorial.py
[2026-03-03T01:21:38.552+0000] {logging_mixin.py:149} INFO - [2026-03-03T01:21:38.552+0000] {dag.py:2726} INFO - Sync 1 DAGs
[2026-03-03T01:21:38.638+0000] {logging_mixin.py:149} INFO - [2026-03-03T01:21:38.637+0000] {dag.py:3490} INFO - Setting next_dagrun for tutorial to 2026-03-02T01:21:38.634524+00:00, run_after=2026-03-03T01:21:38.634524+00:00
[2026-03-03T01:21:38.696+0000] {processor.py:178} INFO - Processing /home/airflow/.local/lib/python3.7/site-packages/airflow/example_dags/tutorial.py took 0.228 seconds
[2026-03-03T01:22:09.166+0000] {processor.py:156} INFO - Started process (PID=1868) to work on /home/airflow/.local/lib/python3.7/site-packages/airflow/example_dags/tutorial.py
[2026-03-03T01:22:09.168+0000] {processor.py:799} INFO - Processing file /home/airflow/.local/lib/python3.7/site-packages/airflow/example_dags/tutorial.py for tasks to queue
[2026-03-03T01:22:09.170+0000] {logging_mixin.py:149} INFO - [2026-03-03T01:22:09.170+0000] {dagbag.py:541} INFO - Filling up the DagBag from /home/airflow/.local/lib/python3.7/site-packages/airflow/example_dags/tutorial.py
[2026-03-03T01:22:09.184+0000] {processor.py:809} INFO - DAG(s) dict_keys(['tutorial']) retrieved from /home/airflow/.local/lib/python3.7/site-packages/airflow/example_dags/tutorial.py
[2026-03-03T01:22:09.238+0000] {logging_mixin.py:149} INFO - [2026-03-03T01:22:09.237+0000] {dag.py:2726} INFO - Sync 1 DAGs
[2026-03-03T01:22:09.306+0000] {logging_mixin.py:149} INFO - [2026-03-03T01:22:09.306+0000] {dag.py:3490} INFO - Setting next_dagrun for tutorial to 2026-03-02T01:22:09.305584+00:00, run_after=2026-03-03T01:22:09.305584+00:00
[2026-03-03T01:22:09.361+0000] {processor.py:178} INFO - Processing /home/airflow/.local/lib/python3.7/site-packages/airflow/example_dags/tutorial.py took 0.202 seconds
[2026-03-03T01:22:39.773+0000] {processor.py:156} INFO - Started process (PID=1930) to work on /home/airflow/.local/lib/python3.7/site-packages/airflow/example_dags/tutorial.py
[2026-03-03T01:22:39.777+0000] {processor.py:799} INFO - Processing file /home/airflow/.local/lib/python3.7/site-packages/airflow/example_dags/tutorial.py for tasks to queue
[2026-03-03T01:22:39.779+0000] {logging_mixin.py:149} INFO - [2026-03-03T01:22:39.779+0000] {dagbag.py:541} INFO - Filling up the DagBag from /home/airflow/.local/lib/python3.7/site-packages/airflow/example_dags/tutorial.py
[2026-03-03T01:22:39.799+0000] {processor.py:809} INFO - DAG(s) dict_keys(['tutorial']) retrieved from /home/airflow/.local/lib/python3.7/site-packages/airflow/example_dags/tutorial.py
[2026-03-03T01:22:39.880+0000] {logging_mixin.py:149} INFO - [2026-03-03T01:22:39.879+0000] {dag.py:2726} INFO - Sync 1 DAGs
[2026-03-03T01:22:39.951+0000] {logging_mixin.py:149} INFO - [2026-03-03T01:22:39.951+0000] {dag.py:3490} INFO - Setting next_dagrun for tutorial to 2026-03-02T01:22:39.950403+00:00, run_after=2026-03-03T01:22:39.950403+00:00
[2026-03-03T01:22:40.015+0000] {processor.py:178} INFO - Processing /home/airflow/.local/lib/python3.7/site-packages/airflow/example_dags/tutorial.py took 0.252 seconds
[2026-03-03T01:23:10.341+0000] {processor.py:156} INFO - Started process (PID=1992) to work on /home/airflow/.local/lib/python3.7/site-packages/airflow/example_dags/tutorial.py
[2026-03-03T01:23:10.344+0000] {processor.py:799} INFO - Processing file /home/airflow/.local/lib/python3.7/site-packages/airflow/example_dags/tutorial.py for tasks to queue
[2026-03-03T01:23:10.350+0000] {logging_mixin.py:149} INFO - [2026-03-03T01:23:10.349+0000] {dagbag.py:541} INFO - Filling up the DagBag from /home/airflow/.local/lib/python3.7/site-packages/airflow/example_dags/tutorial.py
[2026-03-03T01:23:10.371+0000] {processor.py:809} INFO - DAG(s) dict_keys(['tutorial']) retrieved from /home/airflow/.local/lib/python3.7/site-packages/airflow/example_dags/tutorial.py
[2026-03-03T01:23:10.445+0000] {logging_mixin.py:149} INFO - [2026-03-03T01:23:10.445+0000] {dag.py:2726} INFO - Sync 1 DAGs
[2026-03-03T01:23:10.515+0000] {logging_mixin.py:149} INFO - [2026-03-03T01:23:10.514+0000] {dag.py:3490} INFO - Setting next_dagrun for tutorial to 2026-03-02T01:23:10.513909+00:00, run_after=2026-03-03T01:23:10.513909+00:00
[2026-03-03T01:23:10.575+0000] {processor.py:178} INFO - Processing /home/airflow/.local/lib/python3.7/site-packages/airflow/example_dags/tutorial.py took 0.243 seconds
[2026-03-03T01:23:40.743+0000] {processor.py:156} INFO - Started process (PID=2054) to work on /home/airflow/.local/lib/python3.7/site-packages/airflow/example_dags/tutorial.py
[2026-03-03T01:23:40.746+0000] {processor.py:799} INFO - Processing file /home/airflow/.local/lib/python3.7/site-packages/airflow/example_dags/tutorial.py for tasks to queue
[2026-03-03T01:23:40.749+0000] {logging_mixin.py:149} INFO - [2026-03-03T01:23:40.749+0000] {dagbag.py:541} INFO - Filling up the DagBag from /home/airflow/.local/lib/python3.7/site-packages/airflow/example_dags/tutorial.py
[2026-03-03T01:23:40.767+0000] {processor.py:809} INFO - DAG(s) dict_keys(['tutorial']) retrieved from /home/airflow/.local/lib/python3.7/site-packages/airflow/example_dags/tutorial.py
[2026-03-03T01:23:40.825+0000] {logging_mixin.py:149} INFO - [2026-03-03T01:23:40.824+0000] {dag.py:2726} INFO - Sync 1 DAGs
[2026-03-03T01:23:40.890+0000] {logging_mixin.py:149} INFO - [2026-03-03T01:23:40.890+0000] {dag.py:3490} INFO - Setting next_dagrun for tutorial to 2026-03-02T01:23:40.889514+00:00, run_after=2026-03-03T01:23:40.889514+00:00
[2026-03-03T01:23:40.946+0000] {processor.py:178} INFO - Processing /home/airflow/.local/lib/python3.7/site-packages/airflow/example_dags/tutorial.py took 0.212 seconds
[2026-03-03T01:24:11.203+0000] {processor.py:156} INFO - Started process (PID=2116) to work on /home/airflow/.local/lib/python3.7/site-packages/airflow/example_dags/tutorial.py
[2026-03-03T01:24:11.205+0000] {processor.py:799} INFO - Processing file /home/airflow/.local/lib/python3.7/site-packages/airflow/example_dags/tutorial.py for tasks to queue
[2026-03-03T01:24:11.208+0000] {logging_mixin.py:149} INFO - [2026-03-03T01:24:11.208+0000] {dagbag.py:541} INFO - Filling up the DagBag from /home/airflow/.local/lib/python3.7/site-packages/airflow/example_dags/tutorial.py
[2026-03-03T01:24:11.229+0000] {processor.py:809} INFO - DAG(s) dict_keys(['tutorial']) retrieved from /home/airflow/.local/lib/python3.7/site-packages/airflow/example_dags/tutorial.py
[2026-03-03T01:24:11.288+0000] {logging_mixin.py:149} INFO - [2026-03-03T01:24:11.287+0000] {dag.py:2726} INFO - Sync 1 DAGs
[2026-03-03T01:24:11.354+0000] {logging_mixin.py:149} INFO - [2026-03-03T01:24:11.354+0000] {dag.py:3490} INFO - Setting next_dagrun for tutorial to 2026-03-02T01:24:11.353627+00:00, run_after=2026-03-03T01:24:11.353627+00:00
[2026-03-03T01:24:11.408+0000] {processor.py:178} INFO - Processing /home/airflow/.local/lib/python3.7/site-packages/airflow/example_dags/tutorial.py took 0.213 seconds
[2026-03-03T01:24:42.317+0000] {processor.py:156} INFO - Started process (PID=2178) to work on /home/airflow/.local/lib/python3.7/site-packages/airflow/example_dags/tutorial.py
[2026-03-03T01:24:42.317+0000] {processor.py:799} INFO - Processing file /home/airflow/.local/lib/python3.7/site-packages/airflow/example_dags/tutorial.py for tasks to queue
[2026-03-03T01:24:42.318+0000] {logging_mixin.py:149} INFO - [2026-03-03T01:24:42.318+0000] {dagbag.py:541} INFO - Filling up the DagBag from /home/airflow/.local/lib/python3.7/site-packages/airflow/example_dags/tutorial.py
[2026-03-03T01:24:42.323+0000] {processor.py:809} INFO - DAG(s) dict_keys(['tutorial']) retrieved from /home/airflow/.local/lib/python3.7/site-packages/airflow/example_dags/tutorial.py
[2026-03-03T01:24:42.334+0000] {logging_mixin.py:149} INFO - [2026-03-03T01:24:42.334+0000] {dag.py:2726} INFO - Sync 1 DAGs
[2026-03-03T01:24:42.346+0000] {logging_mixin.py:149} INFO - [2026-03-03T01:24:42.346+0000] {dag.py:3490} INFO - Setting next_dagrun for tutorial to 2026-03-02T01:24:42.346223+00:00, run_after=2026-03-03T01:24:42.346223+00:00
[2026-03-03T01:24:42.353+0000] {processor.py:178} INFO - Processing /home/airflow/.local/lib/python3.7/site-packages/airflow/example_dags/tutorial.py took 0.039 seconds
[2026-03-03T01:25:12.406+0000] {processor.py:156} INFO - Started process (PID=2240) to work on /home/airflow/.local/lib/python3.7/site-packages/airflow/example_dags/tutorial.py
[2026-03-03T01:25:12.408+0000] {processor.py:799} INFO - Processing file /home/airflow/.local/lib/python3.7/site-packages/airflow/example_dags/tutorial.py for tasks to queue
[2026-03-03T01:25:12.409+0000] {logging_mixin.py:149} INFO - [2026-03-03T01:25:12.409+0000] {dagbag.py:541} INFO - Filling up the DagBag from /home/airflow/.local/lib/python3.7/site-packages/airflow/example_dags/tutorial.py
[2026-03-03T01:25:12.422+0000] {processor.py:809} INFO - DAG(s) dict_keys(['tutorial']) retrieved from /home/airflow/.local/lib/python3.7/site-packages/airflow/example_dags/tutorial.py
[2026-03-03T01:25:12.483+0000] {logging_mixin.py:149} INFO - [2026-03-03T01:25:12.483+0000] {dag.py:2726} INFO - Sync 1 DAGs
[2026-03-03T01:25:12.542+0000] {logging_mixin.py:149} INFO - [2026-03-03T01:25:12.541+0000] {dag.py:3490} INFO - Setting next_dagrun for tutorial to 2026-03-02T01:25:12.541062+00:00, run_after=2026-03-03T01:25:12.541062+00:00
[2026-03-03T01:25:12.593+0000] {processor.py:178} INFO - Processing /home/airflow/.local/lib/python3.7/site-packages/airflow/example_dags/tutorial.py took 0.191 seconds
[2026-03-03T01:25:43.726+0000] {processor.py:156} INFO - Started process (PID=2302) to work on /home/airflow/.local/lib/python3.7/site-packages/airflow/example_dags/tutorial.py
[2026-03-03T01:25:43.728+0000] {processor.py:799} INFO - Processing file /home/airflow/.local/lib/python3.7/site-packages/airflow/example_dags/tutorial.py for tasks to queue
[2026-03-03T01:25:43.730+0000] {logging_mixin.py:149} INFO - [2026-03-03T01:25:43.730+0000] {dagbag.py:541} INFO - Filling up the DagBag from /home/airflow/.local/lib/python3.7/site-packages/airflow/example_dags/tutorial.py
[2026-03-03T01:25:43.747+0000] {processor.py:809} INFO - DAG(s) dict_keys(['tutorial']) retrieved from /home/airflow/.local/lib/python3.7/site-packages/airflow/example_dags/tutorial.py
[2026-03-03T01:25:43.804+0000] {logging_mixin.py:149} INFO - [2026-03-03T01:25:43.804+0000] {dag.py:2726} INFO - Sync 1 DAGs
[2026-03-03T01:25:43.872+0000] {logging_mixin.py:149} INFO - [2026-03-03T01:25:43.871+0000] {dag.py:3490} INFO - Setting next_dagrun for tutorial to 2026-03-02T01:25:43.871046+00:00, run_after=2026-03-03T01:25:43.871046+00:00
[2026-03-03T01:25:43.935+0000] {processor.py:178} INFO - Processing /home/airflow/.local/lib/python3.7/site-packages/airflow/example_dags/tutorial.py took 0.219 seconds
[2026-03-03T01:26:14.067+0000] {processor.py:156} INFO - Started process (PID=2370) to work on /home/airflow/.local/lib/python3.7/site-packages/airflow/example_dags/tutorial.py
[2026-03-03T01:26:14.072+0000] {processor.py:799} INFO - Processing file /home/airflow/.local/lib/python3.7/site-packages/airflow/example_dags/tutorial.py for tasks to queue
[2026-03-03T01:26:14.073+0000] {logging_mixin.py:149} INFO - [2026-03-03T01:26:14.073+0000] {dagbag.py:541} INFO - Filling up the DagBag from /home/airflow/.local/lib/python3.7/site-packages/airflow/example_dags/tutorial.py
[2026-03-03T01:26:14.087+0000] {processor.py:809} INFO - DAG(s) dict_keys(['tutorial']) retrieved from /home/airflow/.local/lib/python3.7/site-packages/airflow/example_dags/tutorial.py
[2026-03-03T01:26:14.131+0000] {logging_mixin.py:149} INFO - [2026-03-03T01:26:14.130+0000] {dag.py:2726} INFO - Sync 1 DAGs
[2026-03-03T01:26:14.179+0000] {logging_mixin.py:149} INFO - [2026-03-03T01:26:14.179+0000] {dag.py:3490} INFO - Setting next_dagrun for tutorial to 2026-03-02T01:26:14.179125+00:00, run_after=2026-03-03T01:26:14.179125+00:00
[2026-03-03T01:26:14.211+0000] {processor.py:178} INFO - Processing /home/airflow/.local/lib/python3.7/site-packages/airflow/example_dags/tutorial.py took 0.150 seconds
[2026-03-03T01:26:44.300+0000] {processor.py:156} INFO - Started process (PID=2432) to work on /home/airflow/.local/lib/python3.7/site-packages/airflow/example_dags/tutorial.py
[2026-03-03T01:26:44.303+0000] {processor.py:799} INFO - Processing file /home/airflow/.local/lib/python3.7/site-packages/airflow/example_dags/tutorial.py for tasks to queue
[2026-03-03T01:26:44.304+0000] {logging_mixin.py:149} INFO - [2026-03-03T01:26:44.304+0000] {dagbag.py:541} INFO - Filling up the DagBag from /home/airflow/.local/lib/python3.7/site-packages/airflow/example_dags/tutorial.py
[2026-03-03T01:26:44.308+0000] {processor.py:809} INFO - DAG(s) dict_keys(['tutorial']) retrieved from /home/airflow/.local/lib/python3.7/site-packages/airflow/example_dags/tutorial.py
[2026-03-03T01:26:44.320+0000] {logging_mixin.py:149} INFO - [2026-03-03T01:26:44.319+0000] {dag.py:2726} INFO - Sync 1 DAGs
[2026-03-03T01:26:44.330+0000] {logging_mixin.py:149} INFO - [2026-03-03T01:26:44.330+0000] {dag.py:3490} INFO - Setting next_dagrun for tutorial to 2026-03-02T01:26:44.330358+00:00, run_after=2026-03-03T01:26:44.330358+00:00
[2026-03-03T01:26:44.339+0000] {processor.py:178} INFO - Processing /home/airflow/.local/lib/python3.7/site-packages/airflow/example_dags/tutorial.py took 0.041 seconds
[2026-03-03T01:27:15.134+0000] {processor.py:156} INFO - Started process (PID=2494) to work on /home/airflow/.local/lib/python3.7/site-packages/airflow/example_dags/tutorial.py
[2026-03-03T01:27:15.134+0000] {processor.py:799} INFO - Processing file /home/airflow/.local/lib/python3.7/site-packages/airflow/example_dags/tutorial.py for tasks to queue
[2026-03-03T01:27:15.135+0000] {logging_mixin.py:149} INFO - [2026-03-03T01:27:15.135+0000] {dagbag.py:541} INFO - Filling up the DagBag from /home/airflow/.local/lib/python3.7/site-packages/airflow/example_dags/tutorial.py
[2026-03-03T01:27:15.138+0000] {processor.py:809} INFO - DAG(s) dict_keys(['tutorial']) retrieved from /home/airflow/.local/lib/python3.7/site-packages/airflow/example_dags/tutorial.py
[2026-03-03T01:27:15.148+0000] {logging_mixin.py:149} INFO - [2026-03-03T01:27:15.148+0000] {dag.py:2726} INFO - Sync 1 DAGs
[2026-03-03T01:27:15.159+0000] {logging_mixin.py:149} INFO - [2026-03-03T01:27:15.159+0000] {dag.py:3490} INFO - Setting next_dagrun for tutorial to 2026-03-02T01:27:15.159112+00:00, run_after=2026-03-03T01:27:15.159112+00:00
[2026-03-03T01:27:15.166+0000] {processor.py:178} INFO - Processing /home/airflow/.local/lib/python3.7/site-packages/airflow/example_dags/tutorial.py took 0.033 seconds
[2026-03-03T01:27:46.048+0000] {processor.py:156} INFO - Started process (PID=2556) to work on /home/airflow/.local/lib/python3.7/site-packages/airflow/example_dags/tutorial.py
[2026-03-03T01:27:46.051+0000] {processor.py:799} INFO - Processing file /home/airflow/.local/lib/python3.7/site-packages/airflow/example_dags/tutorial.py for tasks to queue
[2026-03-03T01:27:46.053+0000] {logging_mixin.py:149} INFO - [2026-03-03T01:27:46.053+0000] {dagbag.py:541} INFO - Filling up the DagBag from /home/airflow/.local/lib/python3.7/site-packages/airflow/example_dags/tutorial.py
[2026-03-03T01:27:46.069+0000] {processor.py:809} INFO - DAG(s) dict_keys(['tutorial']) retrieved from /home/airflow/.local/lib/python3.7/site-packages/airflow/example_dags/tutorial.py
[2026-03-03T01:27:46.122+0000] {logging_mixin.py:149} INFO - [2026-03-03T01:27:46.122+0000] {dag.py:2726} INFO - Sync 1 DAGs
[2026-03-03T01:27:46.182+0000] {logging_mixin.py:149} INFO - [2026-03-03T01:27:46.182+0000] {dag.py:3490} INFO - Setting next_dagrun for tutorial to 2026-03-02T01:27:46.181933+00:00, run_after=2026-03-03T01:27:46.181933+00:00
[2026-03-03T01:27:46.233+0000] {processor.py:178} INFO - Processing /home/airflow/.local/lib/python3.7/site-packages/airflow/example_dags/tutorial.py took 0.193 seconds
[2026-03-03T01:28:16.578+0000] {processor.py:156} INFO - Started process (PID=2618) to work on /home/airflow/.local/lib/python3.7/site-packages/airflow/example_dags/tutorial.py
[2026-03-03T01:28:16.580+0000] {processor.py:799} INFO - Processing file /home/airflow/.local/lib/python3.7/site-packages/airflow/example_dags/tutorial.py for tasks to queue
[2026-03-03T01:28:16.580+0000] {logging_mixin.py:149} INFO - [2026-03-03T01:28:16.580+0000] {dagbag.py:541} INFO - Filling up the DagBag from /home/airflow/.local/lib/python3.7/site-packages/airflow/example_dags/tutorial.py
[2026-03-03T01:28:16.584+0000] {processor.py:809} INFO - DAG(s) dict_keys(['tutorial']) retrieved from /home/airflow/.local/lib/python3.7/site-packages/airflow/example_dags/tutorial.py
[2026-03-03T01:28:16.602+0000] {logging_mixin.py:149} INFO - [2026-03-03T01:28:16.602+0000] {dag.py:2726} INFO - Sync 1 DAGs
[2026-03-03T01:28:16.616+0000] {logging_mixin.py:149} INFO - [2026-03-03T01:28:16.616+0000] {dag.py:3490} INFO - Setting next_dagrun for tutorial to 2026-03-02T01:28:16.616556+00:00, run_after=2026-03-03T01:28:16.616556+00:00
[2026-03-03T01:28:16.630+0000] {processor.py:178} INFO - Processing /home/airflow/.local/lib/python3.7/site-packages/airflow/example_dags/tutorial.py took 0.053 seconds
[2026-03-03T01:28:48.083+0000] {processor.py:156} INFO - Started process (PID=2680) to work on /home/airflow/.local/lib/python3.7/site-packages/airflow/example_dags/tutorial.py
[2026-03-03T01:28:48.086+0000] {processor.py:799} INFO - Processing file /home/airflow/.local/lib/python3.7/site-packages/airflow/example_dags/tutorial.py for tasks to queue
[2026-03-03T01:28:48.091+0000] {logging_mixin.py:149} INFO - [2026-03-03T01:28:48.090+0000] {dagbag.py:541} INFO - Filling up the DagBag from /home/airflow/.local/lib/python3.7/site-packages/airflow/example_dags/tutorial.py
[2026-03-03T01:28:48.106+0000] {processor.py:809} INFO - DAG(s) dict_keys(['tutorial']) retrieved from /home/airflow/.local/lib/python3.7/site-packages/airflow/example_dags/tutorial.py
[2026-03-03T01:28:48.169+0000] {logging_mixin.py:149} INFO - [2026-03-03T01:28:48.168+0000] {dag.py:2726} INFO - Sync 1 DAGs
[2026-03-03T01:28:48.236+0000] {logging_mixin.py:149} INFO - [2026-03-03T01:28:48.235+0000] {dag.py:3490} INFO - Setting next_dagrun for tutorial to 2026-03-02T01:28:48.235249+00:00, run_after=2026-03-03T01:28:48.235249+00:00
[2026-03-03T01:28:48.296+0000] {processor.py:178} INFO - Processing /home/airflow/.local/lib/python3.7/site-packages/airflow/example_dags/tutorial.py took 0.220 seconds
[2026-03-03T01:29:18.581+0000] {processor.py:156} INFO - Started process (PID=2742) to work on /home/airflow/.local/lib/python3.7/site-packages/airflow/example_dags/tutorial.py
[2026-03-03T01:29:18.581+0000] {processor.py:799} INFO - Processing file /home/airflow/.local/lib/python3.7/site-packages/airflow/example_dags/tutorial.py for tasks to queue
[2026-03-03T01:29:18.581+0000] {logging_mixin.py:149} INFO - [2026-03-03T01:29:18.581+0000] {dagbag.py:541} INFO - Filling up the DagBag from /home/airflow/.local/lib/python3.7/site-packages/airflow/example_dags/tutorial.py
[2026-03-03T01:29:18.585+0000] {processor.py:809} INFO - DAG(s) dict_keys(['tutorial']) retrieved from /home/airflow/.local/lib/python3.7/site-packages/airflow/example_dags/tutorial.py
[2026-03-03T01:29:18.596+0000] {logging_mixin.py:149} INFO - [2026-03-03T01:29:18.596+0000] {dag.py:2726} INFO - Sync 1 DAGs
[2026-03-03T01:29:18.608+0000] {logging_mixin.py:149} INFO - [2026-03-03T01:29:18.608+0000] {dag.py:3490} INFO - Setting next_dagrun for tutorial to 2026-03-02T01:29:18.608701+00:00, run_after=2026-03-03T01:29:18.608701+00:00
[2026-03-03T01:29:18.616+0000] {processor.py:178} INFO - Processing /home/airflow/.local/lib/python3.7/site-packages/airflow/example_dags/tutorial.py took 0.037 seconds
[2026-03-03T01:29:49.708+0000] {processor.py:156} INFO - Started process (PID=2803) to work on /home/airflow/.local/lib/python3.7/site-packages/airflow/example_dags/tutorial.py
[2026-03-03T01:29:49.712+0000] {processor.py:799} INFO - Processing file /home/airflow/.local/lib/python3.7/site-packages/airflow/example_dags/tutorial.py for tasks to queue
[2026-03-03T01:29:49.715+0000] {logging_mixin.py:149} INFO - [2026-03-03T01:29:49.714+0000] {dagbag.py:541} INFO - Filling up the DagBag from /home/airflow/.local/lib/python3.7/site-packages/airflow/example_dags/tutorial.py
[2026-03-03T01:29:49.736+0000] {processor.py:809} INFO - DAG(s) dict_keys(['tutorial']) retrieved from /home/airflow/.local/lib/python3.7/site-packages/airflow/example_dags/tutorial.py
[2026-03-03T01:29:49.800+0000] {logging_mixin.py:149} INFO - [2026-03-03T01:29:49.800+0000] {dag.py:2726} INFO - Sync 1 DAGs
[2026-03-03T01:29:49.885+0000] {logging_mixin.py:149} INFO - [2026-03-03T01:29:49.885+0000] {dag.py:3490} INFO - Setting next_dagrun for tutorial to 2026-03-02T01:29:49.884506+00:00, run_after=2026-03-03T01:29:49.884506+00:00
[2026-03-03T01:29:49.954+0000] {processor.py:178} INFO - Processing /home/airflow/.local/lib/python3.7/site-packages/airflow/example_dags/tutorial.py took 0.257 seconds
[2026-03-03T01:30:20.386+0000] {processor.py:156} INFO - Started process (PID=2865) to work on /home/airflow/.local/lib/python3.7/site-packages/airflow/example_dags/tutorial.py
[2026-03-03T01:30:20.389+0000] {processor.py:799} INFO - Processing file /home/airflow/.local/lib/python3.7/site-packages/airflow/example_dags/tutorial.py for tasks to queue
[2026-03-03T01:30:20.391+0000] {logging_mixin.py:149} INFO - [2026-03-03T01:30:20.391+0000] {dagbag.py:541} INFO - Filling up the DagBag from /home/airflow/.local/lib/python3.7/site-packages/airflow/example_dags/tutorial.py
[2026-03-03T01:30:20.412+0000] {processor.py:809} INFO - DAG(s) dict_keys(['tutorial']) retrieved from /home/airflow/.local/lib/python3.7/site-packages/airflow/example_dags/tutorial.py
[2026-03-03T01:30:20.479+0000] {logging_mixin.py:149} INFO - [2026-03-03T01:30:20.478+0000] {dag.py:2726} INFO - Sync 1 DAGs
[2026-03-03T01:30:20.544+0000] {logging_mixin.py:149} INFO - [2026-03-03T01:30:20.544+0000] {dag.py:3490} INFO - Setting next_dagrun for tutorial to 2026-03-02T01:30:20.543751+00:00, run_after=2026-03-03T01:30:20.543751+00:00
[2026-03-03T01:30:20.607+0000] {processor.py:178} INFO - Processing /home/airflow/.local/lib/python3.7/site-packages/airflow/example_dags/tutorial.py took 0.231 seconds
[2026-03-03T01:30:51.520+0000] {processor.py:156} INFO - Started process (PID=2927) to work on /home/airflow/.local/lib/python3.7/site-packages/airflow/example_dags/tutorial.py
[2026-03-03T01:30:51.522+0000] {processor.py:799} INFO - Processing file /home/airflow/.local/lib/python3.7/site-packages/airflow/example_dags/tutorial.py for tasks to queue
[2026-03-03T01:30:51.524+0000] {logging_mixin.py:149} INFO - [2026-03-03T01:30:51.523+0000] {dagbag.py:541} INFO - Filling up the DagBag from /home/airflow/.local/lib/python3.7/site-packages/airflow/example_dags/tutorial.py
[2026-03-03T01:30:51.531+0000] {processor.py:809} INFO - DAG(s) dict_keys(['tutorial']) retrieved from /home/airflow/.local/lib/python3.7/site-packages/airflow/example_dags/tutorial.py
[2026-03-03T01:30:51.561+0000] {logging_mixin.py:149} INFO - [2026-03-03T01:30:51.561+0000] {dag.py:2726} INFO - Sync 1 DAGs
[2026-03-03T01:30:51.589+0000] {logging_mixin.py:149} INFO - [2026-03-03T01:30:51.589+0000] {dag.py:3490} INFO - Setting next_dagrun for tutorial to 2026-03-02T01:30:51.589203+00:00, run_after=2026-03-03T01:30:51.589203+00:00
[2026-03-03T01:30:51.606+0000] {processor.py:178} INFO - Processing /home/airflow/.local/lib/python3.7/site-packages/airflow/example_dags/tutorial.py took 0.094 seconds
[2026-03-03T01:31:22.495+0000] {processor.py:156} INFO - Started process (PID=2989) to work on /home/airflow/.local/lib/python3.7/site-packages/airflow/example_dags/tutorial.py
[2026-03-03T01:31:22.496+0000] {processor.py:799} INFO - Processing file /home/airflow/.local/lib/python3.7/site-packages/airflow/example_dags/tutorial.py for tasks to queue
[2026-03-03T01:31:22.496+0000] {logging_mixin.py:149} INFO - [2026-03-03T01:31:22.496+0000] {dagbag.py:541} INFO - Filling up the DagBag from /home/airflow/.local/lib/python3.7/site-packages/airflow/example_dags/tutorial.py
[2026-03-03T01:31:22.500+0000] {processor.py:809} INFO - DAG(s) dict_keys(['tutorial']) retrieved from /home/airflow/.local/lib/python3.7/site-packages/airflow/example_dags/tutorial.py
[2026-03-03T01:31:22.515+0000] {logging_mixin.py:149} INFO - [2026-03-03T01:31:22.515+0000] {dag.py:2726} INFO - Sync 1 DAGs
[2026-03-03T01:31:22.539+0000] {logging_mixin.py:149} INFO - [2026-03-03T01:31:22.539+0000] {dag.py:3490} INFO - Setting next_dagrun for tutorial to 2026-03-02T01:31:22.538678+00:00, run_after=2026-03-03T01:31:22.538678+00:00
[2026-03-03T01:31:22.566+0000] {processor.py:178} INFO - Processing /home/airflow/.local/lib/python3.7/site-packages/airflow/example_dags/tutorial.py took 0.073 seconds
[2026-03-03T02:20:54.609+0000] {processor.py:156} INFO - Started process (PID=101) to work on /home/airflow/.local/lib/python3.7/site-packages/airflow/example_dags/tutorial.py
[2026-03-03T02:20:54.614+0000] {processor.py:799} INFO - Processing file /home/airflow/.local/lib/python3.7/site-packages/airflow/example_dags/tutorial.py for tasks to queue
[2026-03-03T02:20:54.618+0000] {logging_mixin.py:149} INFO - [2026-03-03T02:20:54.617+0000] {dagbag.py:541} INFO - Filling up the DagBag from /home/airflow/.local/lib/python3.7/site-packages/airflow/example_dags/tutorial.py
[2026-03-03T02:20:54.644+0000] {processor.py:809} INFO - DAG(s) dict_keys(['tutorial']) retrieved from /home/airflow/.local/lib/python3.7/site-packages/airflow/example_dags/tutorial.py
[2026-03-03T02:20:54.727+0000] {logging_mixin.py:149} INFO - [2026-03-03T02:20:54.727+0000] {dag.py:2726} INFO - Sync 1 DAGs
[2026-03-03T02:20:54.790+0000] {logging_mixin.py:149} INFO - [2026-03-03T02:20:54.790+0000] {dag.py:3490} INFO - Setting next_dagrun for tutorial to 2026-03-02T02:20:54.790224+00:00, run_after=2026-03-03T02:20:54.790224+00:00
[2026-03-03T02:20:54.860+0000] {processor.py:178} INFO - Processing /home/airflow/.local/lib/python3.7/site-packages/airflow/example_dags/tutorial.py took 0.262 seconds
[2026-03-03T02:21:25.225+0000] {processor.py:156} INFO - Started process (PID=170) to work on /home/airflow/.local/lib/python3.7/site-packages/airflow/example_dags/tutorial.py
[2026-03-03T02:21:25.225+0000] {processor.py:799} INFO - Processing file /home/airflow/.local/lib/python3.7/site-packages/airflow/example_dags/tutorial.py for tasks to queue
[2026-03-03T02:21:25.225+0000] {logging_mixin.py:149} INFO - [2026-03-03T02:21:25.225+0000] {dagbag.py:541} INFO - Filling up the DagBag from /home/airflow/.local/lib/python3.7/site-packages/airflow/example_dags/tutorial.py
[2026-03-03T02:21:25.230+0000] {processor.py:809} INFO - DAG(s) dict_keys(['tutorial']) retrieved from /home/airflow/.local/lib/python3.7/site-packages/airflow/example_dags/tutorial.py
[2026-03-03T02:21:25.243+0000] {logging_mixin.py:149} INFO - [2026-03-03T02:21:25.243+0000] {dag.py:2726} INFO - Sync 1 DAGs
[2026-03-03T02:21:25.254+0000] {logging_mixin.py:149} INFO - [2026-03-03T02:21:25.254+0000] {dag.py:3490} INFO - Setting next_dagrun for tutorial to 2026-03-02T02:21:25.254576+00:00, run_after=2026-03-03T02:21:25.254576+00:00
[2026-03-03T02:21:25.263+0000] {processor.py:178} INFO - Processing /home/airflow/.local/lib/python3.7/site-packages/airflow/example_dags/tutorial.py took 0.040 seconds
[2026-03-03T02:21:55.399+0000] {processor.py:156} INFO - Started process (PID=233) to work on /home/airflow/.local/lib/python3.7/site-packages/airflow/example_dags/tutorial.py
[2026-03-03T02:21:55.399+0000] {processor.py:799} INFO - Processing file /home/airflow/.local/lib/python3.7/site-packages/airflow/example_dags/tutorial.py for tasks to queue
[2026-03-03T02:21:55.399+0000] {logging_mixin.py:149} INFO - [2026-03-03T02:21:55.399+0000] {dagbag.py:541} INFO - Filling up the DagBag from /home/airflow/.local/lib/python3.7/site-packages/airflow/example_dags/tutorial.py
[2026-03-03T02:21:55.402+0000] {processor.py:809} INFO - DAG(s) dict_keys(['tutorial']) retrieved from /home/airflow/.local/lib/python3.7/site-packages/airflow/example_dags/tutorial.py
[2026-03-03T02:21:55.417+0000] {logging_mixin.py:149} INFO - [2026-03-03T02:21:55.417+0000] {dag.py:2726} INFO - Sync 1 DAGs
[2026-03-03T02:21:55.429+0000] {logging_mixin.py:149} INFO - [2026-03-03T02:21:55.429+0000] {dag.py:3490} INFO - Setting next_dagrun for tutorial to 2026-03-02T02:21:55.429446+00:00, run_after=2026-03-03T02:21:55.429446+00:00
[2026-03-03T02:21:55.444+0000] {processor.py:178} INFO - Processing /home/airflow/.local/lib/python3.7/site-packages/airflow/example_dags/tutorial.py took 0.047 seconds
[2026-03-03T02:22:25.561+0000] {processor.py:156} INFO - Started process (PID=296) to work on /home/airflow/.local/lib/python3.7/site-packages/airflow/example_dags/tutorial.py
[2026-03-03T02:22:25.562+0000] {processor.py:799} INFO - Processing file /home/airflow/.local/lib/python3.7/site-packages/airflow/example_dags/tutorial.py for tasks to queue
[2026-03-03T02:22:25.562+0000] {logging_mixin.py:149} INFO - [2026-03-03T02:22:25.562+0000] {dagbag.py:541} INFO - Filling up the DagBag from /home/airflow/.local/lib/python3.7/site-packages/airflow/example_dags/tutorial.py
[2026-03-03T02:22:25.565+0000] {processor.py:809} INFO - DAG(s) dict_keys(['tutorial']) retrieved from /home/airflow/.local/lib/python3.7/site-packages/airflow/example_dags/tutorial.py
[2026-03-03T02:22:25.576+0000] {logging_mixin.py:149} INFO - [2026-03-03T02:22:25.576+0000] {dag.py:2726} INFO - Sync 1 DAGs
[2026-03-03T02:22:25.586+0000] {logging_mixin.py:149} INFO - [2026-03-03T02:22:25.586+0000] {dag.py:3490} INFO - Setting next_dagrun for tutorial to 2026-03-02T02:22:25.586051+00:00, run_after=2026-03-03T02:22:25.586051+00:00
[2026-03-03T02:22:25.593+0000] {processor.py:178} INFO - Processing /home/airflow/.local/lib/python3.7/site-packages/airflow/example_dags/tutorial.py took 0.034 seconds
[2026-03-03T02:22:56.529+0000] {processor.py:156} INFO - Started process (PID=365) to work on /home/airflow/.local/lib/python3.7/site-packages/airflow/example_dags/tutorial.py
[2026-03-03T02:22:56.529+0000] {processor.py:799} INFO - Processing file /home/airflow/.local/lib/python3.7/site-packages/airflow/example_dags/tutorial.py for tasks to queue
[2026-03-03T02:22:56.531+0000] {logging_mixin.py:149} INFO - [2026-03-03T02:22:56.531+0000] {dagbag.py:541} INFO - Filling up the DagBag from /home/airflow/.local/lib/python3.7/site-packages/airflow/example_dags/tutorial.py
[2026-03-03T02:22:56.534+0000] {processor.py:809} INFO - DAG(s) dict_keys(['tutorial']) retrieved from /home/airflow/.local/lib/python3.7/site-packages/airflow/example_dags/tutorial.py
[2026-03-03T02:22:56.554+0000] {logging_mixin.py:149} INFO - [2026-03-03T02:22:56.553+0000] {dag.py:2726} INFO - Sync 1 DAGs
[2026-03-03T02:22:56.569+0000] {logging_mixin.py:149} INFO - [2026-03-03T02:22:56.569+0000] {dag.py:3490} INFO - Setting next_dagrun for tutorial to 2026-03-02T02:22:56.568845+00:00, run_after=2026-03-03T02:22:56.568845+00:00
[2026-03-03T02:22:56.581+0000] {processor.py:178} INFO - Processing /home/airflow/.local/lib/python3.7/site-packages/airflow/example_dags/tutorial.py took 0.054 seconds
[2026-03-03T02:23:27.861+0000] {processor.py:156} INFO - Started process (PID=434) to work on /home/airflow/.local/lib/python3.7/site-packages/airflow/example_dags/tutorial.py
[2026-03-03T02:23:27.863+0000] {processor.py:799} INFO - Processing file /home/airflow/.local/lib/python3.7/site-packages/airflow/example_dags/tutorial.py for tasks to queue
[2026-03-03T02:23:27.865+0000] {logging_mixin.py:149} INFO - [2026-03-03T02:23:27.864+0000] {dagbag.py:541} INFO - Filling up the DagBag from /home/airflow/.local/lib/python3.7/site-packages/airflow/example_dags/tutorial.py
[2026-03-03T02:23:27.880+0000] {processor.py:809} INFO - DAG(s) dict_keys(['tutorial']) retrieved from /home/airflow/.local/lib/python3.7/site-packages/airflow/example_dags/tutorial.py
[2026-03-03T02:23:27.930+0000] {logging_mixin.py:149} INFO - [2026-03-03T02:23:27.930+0000] {dag.py:2726} INFO - Sync 1 DAGs
[2026-03-03T02:23:28.030+0000] {logging_mixin.py:149} INFO - [2026-03-03T02:23:28.030+0000] {dag.py:3490} INFO - Setting next_dagrun for tutorial to 2026-03-02T02:23:28.030301+00:00, run_after=2026-03-03T02:23:28.030301+00:00
[2026-03-03T02:23:28.043+0000] {processor.py:178} INFO - Processing /home/airflow/.local/lib/python3.7/site-packages/airflow/example_dags/tutorial.py took 0.188 seconds
[2026-03-03T02:23:58.097+0000] {processor.py:156} INFO - Started process (PID=515) to work on /home/airflow/.local/lib/python3.7/site-packages/airflow/example_dags/tutorial.py
[2026-03-03T02:23:58.097+0000] {processor.py:799} INFO - Processing file /home/airflow/.local/lib/python3.7/site-packages/airflow/example_dags/tutorial.py for tasks to queue
[2026-03-03T02:23:58.098+0000] {logging_mixin.py:149} INFO - [2026-03-03T02:23:58.098+0000] {dagbag.py:541} INFO - Filling up the DagBag from /home/airflow/.local/lib/python3.7/site-packages/airflow/example_dags/tutorial.py
[2026-03-03T02:23:58.101+0000] {processor.py:809} INFO - DAG(s) dict_keys(['tutorial']) retrieved from /home/airflow/.local/lib/python3.7/site-packages/airflow/example_dags/tutorial.py
[2026-03-03T02:23:58.112+0000] {logging_mixin.py:149} INFO - [2026-03-03T02:23:58.111+0000] {dag.py:2726} INFO - Sync 1 DAGs
[2026-03-03T02:23:58.122+0000] {logging_mixin.py:149} INFO - [2026-03-03T02:23:58.122+0000] {dag.py:3490} INFO - Setting next_dagrun for tutorial to 2026-03-02T02:23:58.121937+00:00, run_after=2026-03-03T02:23:58.121937+00:00
[2026-03-03T02:23:58.130+0000] {processor.py:178} INFO - Processing /home/airflow/.local/lib/python3.7/site-packages/airflow/example_dags/tutorial.py took 0.034 seconds
[2026-03-03T02:24:28.970+0000] {processor.py:156} INFO - Started process (PID=578) to work on /home/airflow/.local/lib/python3.7/site-packages/airflow/example_dags/tutorial.py
[2026-03-03T02:24:28.970+0000] {processor.py:799} INFO - Processing file /home/airflow/.local/lib/python3.7/site-packages/airflow/example_dags/tutorial.py for tasks to queue
[2026-03-03T02:24:28.970+0000] {logging_mixin.py:149} INFO - [2026-03-03T02:24:28.970+0000] {dagbag.py:541} INFO - Filling up the DagBag from /home/airflow/.local/lib/python3.7/site-packages/airflow/example_dags/tutorial.py
[2026-03-03T02:24:28.975+0000] {processor.py:809} INFO - DAG(s) dict_keys(['tutorial']) retrieved from /home/airflow/.local/lib/python3.7/site-packages/airflow/example_dags/tutorial.py
[2026-03-03T02:24:28.987+0000] {logging_mixin.py:149} INFO - [2026-03-03T02:24:28.987+0000] {dag.py:2726} INFO - Sync 1 DAGs
[2026-03-03T02:24:28.999+0000] {logging_mixin.py:149} INFO - [2026-03-03T02:24:28.998+0000] {dag.py:3490} INFO - Setting next_dagrun for tutorial to 2026-03-02T02:24:28.998752+00:00, run_after=2026-03-03T02:24:28.998752+00:00
[2026-03-03T02:24:29.007+0000] {processor.py:178} INFO - Processing /home/airflow/.local/lib/python3.7/site-packages/airflow/example_dags/tutorial.py took 0.039 seconds
[2026-03-03T02:24:59.064+0000] {processor.py:156} INFO - Started process (PID=641) to work on /home/airflow/.local/lib/python3.7/site-packages/airflow/example_dags/tutorial.py
[2026-03-03T02:24:59.065+0000] {processor.py:799} INFO - Processing file /home/airflow/.local/lib/python3.7/site-packages/airflow/example_dags/tutorial.py for tasks to queue
[2026-03-03T02:24:59.065+0000] {logging_mixin.py:149} INFO - [2026-03-03T02:24:59.065+0000] {dagbag.py:541} INFO - Filling up the DagBag from /home/airflow/.local/lib/python3.7/site-packages/airflow/example_dags/tutorial.py
[2026-03-03T02:24:59.068+0000] {processor.py:809} INFO - DAG(s) dict_keys(['tutorial']) retrieved from /home/airflow/.local/lib/python3.7/site-packages/airflow/example_dags/tutorial.py
[2026-03-03T02:24:59.079+0000] {logging_mixin.py:149} INFO - [2026-03-03T02:24:59.079+0000] {dag.py:2726} INFO - Sync 1 DAGs
[2026-03-03T02:24:59.089+0000] {logging_mixin.py:149} INFO - [2026-03-03T02:24:59.089+0000] {dag.py:3490} INFO - Setting next_dagrun for tutorial to 2026-03-02T02:24:59.088965+00:00, run_after=2026-03-03T02:24:59.088965+00:00
[2026-03-03T02:24:59.096+0000] {processor.py:178} INFO - Processing /home/airflow/.local/lib/python3.7/site-packages/airflow/example_dags/tutorial.py took 0.034 seconds
[2026-03-03T02:25:29.863+0000] {processor.py:156} INFO - Started process (PID=704) to work on /home/airflow/.local/lib/python3.7/site-packages/airflow/example_dags/tutorial.py
[2026-03-03T02:25:29.865+0000] {processor.py:799} INFO - Processing file /home/airflow/.local/lib/python3.7/site-packages/airflow/example_dags/tutorial.py for tasks to queue
[2026-03-03T02:25:29.865+0000] {logging_mixin.py:149} INFO - [2026-03-03T02:25:29.865+0000] {dagbag.py:541} INFO - Filling up the DagBag from /home/airflow/.local/lib/python3.7/site-packages/airflow/example_dags/tutorial.py
[2026-03-03T02:25:29.868+0000] {processor.py:809} INFO - DAG(s) dict_keys(['tutorial']) retrieved from /home/airflow/.local/lib/python3.7/site-packages/airflow/example_dags/tutorial.py
[2026-03-03T02:25:29.884+0000] {logging_mixin.py:149} INFO - [2026-03-03T02:25:29.883+0000] {dag.py:2726} INFO - Sync 1 DAGs
[2026-03-03T02:25:29.897+0000] {logging_mixin.py:149} INFO - [2026-03-03T02:25:29.897+0000] {dag.py:3490} INFO - Setting next_dagrun for tutorial to 2026-03-02T02:25:29.897058+00:00, run_after=2026-03-03T02:25:29.897058+00:00
[2026-03-03T02:25:29.910+0000] {processor.py:178} INFO - Processing /home/airflow/.local/lib/python3.7/site-packages/airflow/example_dags/tutorial.py took 0.049 seconds
[2026-03-03T02:26:00.718+0000] {processor.py:156} INFO - Started process (PID=767) to work on /home/airflow/.local/lib/python3.7/site-packages/airflow/example_dags/tutorial.py
[2026-03-03T02:26:00.719+0000] {processor.py:799} INFO - Processing file /home/airflow/.local/lib/python3.7/site-packages/airflow/example_dags/tutorial.py for tasks to queue
[2026-03-03T02:26:00.719+0000] {logging_mixin.py:149} INFO - [2026-03-03T02:26:00.719+0000] {dagbag.py:541} INFO - Filling up the DagBag from /home/airflow/.local/lib/python3.7/site-packages/airflow/example_dags/tutorial.py
[2026-03-03T02:26:00.722+0000] {processor.py:809} INFO - DAG(s) dict_keys(['tutorial']) retrieved from /home/airflow/.local/lib/python3.7/site-packages/airflow/example_dags/tutorial.py
[2026-03-03T02:26:00.735+0000] {logging_mixin.py:149} INFO - [2026-03-03T02:26:00.735+0000] {dag.py:2726} INFO - Sync 1 DAGs
[2026-03-03T02:26:00.748+0000] {logging_mixin.py:149} INFO - [2026-03-03T02:26:00.748+0000] {dag.py:3490} INFO - Setting next_dagrun for tutorial to 2026-03-02T02:26:00.748127+00:00, run_after=2026-03-03T02:26:00.748127+00:00
[2026-03-03T02:26:00.756+0000] {processor.py:178} INFO - Processing /home/airflow/.local/lib/python3.7/site-packages/airflow/example_dags/tutorial.py took 0.040 seconds
[2026-03-03T02:26:31.704+0000] {processor.py:156} INFO - Started process (PID=830) to work on /home/airflow/.local/lib/python3.7/site-packages/airflow/example_dags/tutorial.py
[2026-03-03T02:26:31.705+0000] {processor.py:799} INFO - Processing file /home/airflow/.local/lib/python3.7/site-packages/airflow/example_dags/tutorial.py for tasks to queue
[2026-03-03T02:26:31.705+0000] {logging_mixin.py:149} INFO - [2026-03-03T02:26:31.705+0000] {dagbag.py:541} INFO - Filling up the DagBag from /home/airflow/.local/lib/python3.7/site-packages/airflow/example_dags/tutorial.py
[2026-03-03T02:26:31.710+0000] {processor.py:809} INFO - DAG(s) dict_keys(['tutorial']) retrieved from /home/airflow/.local/lib/python3.7/site-packages/airflow/example_dags/tutorial.py
[2026-03-03T02:26:31.723+0000] {logging_mixin.py:149} INFO - [2026-03-03T02:26:31.723+0000] {dag.py:2726} INFO - Sync 1 DAGs
[2026-03-03T02:26:31.738+0000] {logging_mixin.py:149} INFO - [2026-03-03T02:26:31.738+0000] {dag.py:3490} INFO - Setting next_dagrun for tutorial to 2026-03-02T02:26:31.737980+00:00, run_after=2026-03-03T02:26:31.737980+00:00
[2026-03-03T02:26:31.747+0000] {processor.py:178} INFO - Processing /home/airflow/.local/lib/python3.7/site-packages/airflow/example_dags/tutorial.py took 0.045 seconds
[2026-03-03T02:27:02.596+0000] {processor.py:156} INFO - Started process (PID=893) to work on /home/airflow/.local/lib/python3.7/site-packages/airflow/example_dags/tutorial.py
[2026-03-03T02:27:02.597+0000] {processor.py:799} INFO - Processing file /home/airflow/.local/lib/python3.7/site-packages/airflow/example_dags/tutorial.py for tasks to queue
[2026-03-03T02:27:02.598+0000] {logging_mixin.py:149} INFO - [2026-03-03T02:27:02.598+0000] {dagbag.py:541} INFO - Filling up the DagBag from /home/airflow/.local/lib/python3.7/site-packages/airflow/example_dags/tutorial.py
[2026-03-03T02:27:02.601+0000] {processor.py:809} INFO - DAG(s) dict_keys(['tutorial']) retrieved from /home/airflow/.local/lib/python3.7/site-packages/airflow/example_dags/tutorial.py
[2026-03-03T02:27:02.620+0000] {logging_mixin.py:149} INFO - [2026-03-03T02:27:02.620+0000] {dag.py:2726} INFO - Sync 1 DAGs
[2026-03-03T02:27:02.635+0000] {logging_mixin.py:149} INFO - [2026-03-03T02:27:02.635+0000] {dag.py:3490} INFO - Setting next_dagrun for tutorial to 2026-03-02T02:27:02.635098+00:00, run_after=2026-03-03T02:27:02.635098+00:00
[2026-03-03T02:27:02.650+0000] {processor.py:178} INFO - Processing /home/airflow/.local/lib/python3.7/site-packages/airflow/example_dags/tutorial.py took 0.055 seconds
[2026-03-03T02:28:43.672+0000] {processor.py:156} INFO - Started process (PID=132) to work on /home/airflow/.local/lib/python3.7/site-packages/airflow/example_dags/tutorial.py
[2026-03-03T02:28:43.673+0000] {processor.py:799} INFO - Processing file /home/airflow/.local/lib/python3.7/site-packages/airflow/example_dags/tutorial.py for tasks to queue
[2026-03-03T02:28:43.674+0000] {logging_mixin.py:149} INFO - [2026-03-03T02:28:43.674+0000] {dagbag.py:541} INFO - Filling up the DagBag from /home/airflow/.local/lib/python3.7/site-packages/airflow/example_dags/tutorial.py
[2026-03-03T02:28:43.680+0000] {processor.py:809} INFO - DAG(s) dict_keys(['tutorial']) retrieved from /home/airflow/.local/lib/python3.7/site-packages/airflow/example_dags/tutorial.py
[2026-03-03T02:28:43.706+0000] {logging_mixin.py:149} INFO - [2026-03-03T02:28:43.706+0000] {dag.py:2726} INFO - Sync 1 DAGs
[2026-03-03T02:28:43.740+0000] {logging_mixin.py:149} INFO - [2026-03-03T02:28:43.740+0000] {dag.py:3490} INFO - Setting next_dagrun for tutorial to 2026-03-02T02:28:43.740100+00:00, run_after=2026-03-03T02:28:43.740100+00:00
[2026-03-03T02:28:43.777+0000] {processor.py:178} INFO - Processing /home/airflow/.local/lib/python3.7/site-packages/airflow/example_dags/tutorial.py took 0.106 seconds
[2026-03-03T02:29:13.800+0000] {processor.py:156} INFO - Started process (PID=204) to work on /home/airflow/.local/lib/python3.7/site-packages/airflow/example_dags/tutorial.py
[2026-03-03T02:29:13.801+0000] {processor.py:799} INFO - Processing file /home/airflow/.local/lib/python3.7/site-packages/airflow/example_dags/tutorial.py for tasks to queue
[2026-03-03T02:29:13.802+0000] {logging_mixin.py:149} INFO - [2026-03-03T02:29:13.802+0000] {dagbag.py:541} INFO - Filling up the DagBag from /home/airflow/.local/lib/python3.7/site-packages/airflow/example_dags/tutorial.py
[2026-03-03T02:29:13.807+0000] {processor.py:809} INFO - DAG(s) dict_keys(['tutorial']) retrieved from /home/airflow/.local/lib/python3.7/site-packages/airflow/example_dags/tutorial.py
[2026-03-03T02:29:13.822+0000] {logging_mixin.py:149} INFO - [2026-03-03T02:29:13.822+0000] {dag.py:2726} INFO - Sync 1 DAGs
[2026-03-03T02:29:13.833+0000] {logging_mixin.py:149} INFO - [2026-03-03T02:29:13.833+0000] {dag.py:3490} INFO - Setting next_dagrun for tutorial to 2026-03-02T02:29:13.833228+00:00, run_after=2026-03-03T02:29:13.833228+00:00
[2026-03-03T02:29:13.845+0000] {processor.py:178} INFO - Processing /home/airflow/.local/lib/python3.7/site-packages/airflow/example_dags/tutorial.py took 0.047 seconds
[2026-03-03T02:29:48.847+0000] {processor.py:156} INFO - Started process (PID=277) to work on /home/airflow/.local/lib/python3.7/site-packages/airflow/example_dags/tutorial.py
[2026-03-03T02:29:48.849+0000] {processor.py:799} INFO - Processing file /home/airflow/.local/lib/python3.7/site-packages/airflow/example_dags/tutorial.py for tasks to queue
[2026-03-03T02:29:48.851+0000] {logging_mixin.py:149} INFO - [2026-03-03T02:29:48.851+0000] {dagbag.py:541} INFO - Filling up the DagBag from /home/airflow/.local/lib/python3.7/site-packages/airflow/example_dags/tutorial.py
[2026-03-03T02:29:48.864+0000] {processor.py:809} INFO - DAG(s) dict_keys(['tutorial']) retrieved from /home/airflow/.local/lib/python3.7/site-packages/airflow/example_dags/tutorial.py
[2026-03-03T02:29:48.912+0000] {logging_mixin.py:149} INFO - [2026-03-03T02:29:48.911+0000] {dag.py:2726} INFO - Sync 1 DAGs
[2026-03-03T02:29:48.968+0000] {logging_mixin.py:149} INFO - [2026-03-03T02:29:48.967+0000] {dag.py:3490} INFO - Setting next_dagrun for tutorial to 2026-03-02T02:29:48.967378+00:00, run_after=2026-03-03T02:29:48.967378+00:00
[2026-03-03T02:29:49.017+0000] {processor.py:178} INFO - Processing /home/airflow/.local/lib/python3.7/site-packages/airflow/example_dags/tutorial.py took 0.177 seconds
[2026-03-03T02:30:19.865+0000] {processor.py:156} INFO - Started process (PID=356) to work on /home/airflow/.local/lib/python3.7/site-packages/airflow/example_dags/tutorial.py
[2026-03-03T02:30:19.869+0000] {processor.py:799} INFO - Processing file /home/airflow/.local/lib/python3.7/site-packages/airflow/example_dags/tutorial.py for tasks to queue
[2026-03-03T02:30:19.871+0000] {logging_mixin.py:149} INFO - [2026-03-03T02:30:19.871+0000] {dagbag.py:541} INFO - Filling up the DagBag from /home/airflow/.local/lib/python3.7/site-packages/airflow/example_dags/tutorial.py
[2026-03-03T02:30:19.883+0000] {processor.py:809} INFO - DAG(s) dict_keys(['tutorial']) retrieved from /home/airflow/.local/lib/python3.7/site-packages/airflow/example_dags/tutorial.py
[2026-03-03T02:30:19.939+0000] {logging_mixin.py:149} INFO - [2026-03-03T02:30:19.939+0000] {dag.py:2726} INFO - Sync 1 DAGs
[2026-03-03T02:30:19.998+0000] {logging_mixin.py:149} INFO - [2026-03-03T02:30:19.998+0000] {dag.py:3490} INFO - Setting next_dagrun for tutorial to 2026-03-02T02:30:19.998229+00:00, run_after=2026-03-03T02:30:19.998229+00:00
[2026-03-03T02:30:20.049+0000] {processor.py:178} INFO - Processing /home/airflow/.local/lib/python3.7/site-packages/airflow/example_dags/tutorial.py took 0.192 seconds
[2026-03-03T02:30:51.126+0000] {processor.py:156} INFO - Started process (PID=429) to work on /home/airflow/.local/lib/python3.7/site-packages/airflow/example_dags/tutorial.py
[2026-03-03T02:30:51.128+0000] {processor.py:799} INFO - Processing file /home/airflow/.local/lib/python3.7/site-packages/airflow/example_dags/tutorial.py for tasks to queue
[2026-03-03T02:30:51.130+0000] {logging_mixin.py:149} INFO - [2026-03-03T02:30:51.130+0000] {dagbag.py:541} INFO - Filling up the DagBag from /home/airflow/.local/lib/python3.7/site-packages/airflow/example_dags/tutorial.py
[2026-03-03T02:30:51.143+0000] {processor.py:809} INFO - DAG(s) dict_keys(['tutorial']) retrieved from /home/airflow/.local/lib/python3.7/site-packages/airflow/example_dags/tutorial.py
[2026-03-03T02:30:51.192+0000] {logging_mixin.py:149} INFO - [2026-03-03T02:30:51.192+0000] {dag.py:2726} INFO - Sync 1 DAGs
[2026-03-03T02:30:51.252+0000] {logging_mixin.py:149} INFO - [2026-03-03T02:30:51.252+0000] {dag.py:3490} INFO - Setting next_dagrun for tutorial to 2026-03-02T02:30:51.251551+00:00, run_after=2026-03-03T02:30:51.251551+00:00
[2026-03-03T02:30:51.300+0000] {processor.py:178} INFO - Processing /home/airflow/.local/lib/python3.7/site-packages/airflow/example_dags/tutorial.py took 0.180 seconds
