[2026-03-15T00:09:37.675+0000] {processor.py:156} INFO - Started process (PID=5678) to work on /opt/airflow/dags/dag.py
[2026-03-15T00:09:37.680+0000] {processor.py:799} INFO - Processing file /opt/airflow/dags/dag.py for tasks to queue
[2026-03-15T00:09:37.684+0000] {logging_mixin.py:149} INFO - [2026-03-15T00:09:37.684+0000] {dagbag.py:541} INFO - Filling up the DagBag from /opt/airflow/dags/dag.py
[2026-03-15T00:09:37.699+0000] {processor.py:809} INFO - DAG(s) dict_keys(['dag_postgres_single_api_test']) retrieved from /opt/airflow/dags/dag.py
[2026-03-15T00:09:37.711+0000] {logging_mixin.py:149} INFO - [2026-03-15T00:09:37.711+0000] {dag.py:2726} INFO - Sync 1 DAGs
[2026-03-15T00:09:37.720+0000] {logging_mixin.py:149} INFO - [2026-03-15T00:09:37.719+0000] {dag.py:3490} INFO - Setting next_dagrun for dag_postgres_single_api_test to None, run_after=None
[2026-03-15T00:09:37.726+0000] {processor.py:178} INFO - Processing /opt/airflow/dags/dag.py took 0.052 seconds
[2026-03-15T00:10:08.147+0000] {processor.py:156} INFO - Started process (PID=5711) to work on /opt/airflow/dags/dag.py
[2026-03-15T00:10:08.148+0000] {processor.py:799} INFO - Processing file /opt/airflow/dags/dag.py for tasks to queue
[2026-03-15T00:10:08.148+0000] {logging_mixin.py:149} INFO - [2026-03-15T00:10:08.148+0000] {dagbag.py:541} INFO - Filling up the DagBag from /opt/airflow/dags/dag.py
[2026-03-15T00:10:08.152+0000] {processor.py:809} INFO - DAG(s) dict_keys(['dag_postgres_single_api_test']) retrieved from /opt/airflow/dags/dag.py
[2026-03-15T00:10:08.162+0000] {logging_mixin.py:149} INFO - [2026-03-15T00:10:08.162+0000] {dag.py:2726} INFO - Sync 1 DAGs
[2026-03-15T00:10:08.172+0000] {logging_mixin.py:149} INFO - [2026-03-15T00:10:08.172+0000] {dag.py:3490} INFO - Setting next_dagrun for dag_postgres_single_api_test to None, run_after=None
[2026-03-15T00:10:08.178+0000] {processor.py:178} INFO - Processing /opt/airflow/dags/dag.py took 0.032 seconds
[2026-03-15T00:38:21.127+0000] {processor.py:156} INFO - Started process (PID=5743) to work on /opt/airflow/dags/dag.py
[2026-03-15T00:38:21.128+0000] {processor.py:799} INFO - Processing file /opt/airflow/dags/dag.py for tasks to queue
[2026-03-15T00:38:21.128+0000] {logging_mixin.py:149} INFO - [2026-03-15T00:38:21.128+0000] {dagbag.py:541} INFO - Filling up the DagBag from /opt/airflow/dags/dag.py
[2026-03-15T00:38:21.132+0000] {processor.py:809} INFO - DAG(s) dict_keys(['dag_postgres_single_api_test']) retrieved from /opt/airflow/dags/dag.py
[2026-03-15T00:38:21.145+0000] {logging_mixin.py:149} INFO - [2026-03-15T00:38:21.145+0000] {dag.py:2726} INFO - Sync 1 DAGs
[2026-03-15T00:38:21.155+0000] {logging_mixin.py:149} INFO - [2026-03-15T00:38:21.155+0000] {dag.py:3490} INFO - Setting next_dagrun for dag_postgres_single_api_test to None, run_after=None
[2026-03-15T00:38:21.162+0000] {processor.py:178} INFO - Processing /opt/airflow/dags/dag.py took 0.037 seconds
[2026-03-15T00:38:51.581+0000] {processor.py:156} INFO - Started process (PID=5776) to work on /opt/airflow/dags/dag.py
[2026-03-15T00:38:51.581+0000] {processor.py:799} INFO - Processing file /opt/airflow/dags/dag.py for tasks to queue
[2026-03-15T00:38:51.581+0000] {logging_mixin.py:149} INFO - [2026-03-15T00:38:51.581+0000] {dagbag.py:541} INFO - Filling up the DagBag from /opt/airflow/dags/dag.py
[2026-03-15T00:38:51.585+0000] {processor.py:809} INFO - DAG(s) dict_keys(['dag_postgres_single_api_test']) retrieved from /opt/airflow/dags/dag.py
[2026-03-15T00:38:51.597+0000] {logging_mixin.py:149} INFO - [2026-03-15T00:38:51.597+0000] {dag.py:2726} INFO - Sync 1 DAGs
[2026-03-15T00:38:51.607+0000] {logging_mixin.py:149} INFO - [2026-03-15T00:38:51.607+0000] {dag.py:3490} INFO - Setting next_dagrun for dag_postgres_single_api_test to None, run_after=None
[2026-03-15T00:38:51.614+0000] {processor.py:178} INFO - Processing /opt/airflow/dags/dag.py took 0.035 seconds
[2026-03-15T00:40:57.372+0000] {processor.py:156} INFO - Started process (PID=5808) to work on /opt/airflow/dags/dag.py
[2026-03-15T00:40:57.373+0000] {processor.py:799} INFO - Processing file /opt/airflow/dags/dag.py for tasks to queue
[2026-03-15T00:40:57.373+0000] {logging_mixin.py:149} INFO - [2026-03-15T00:40:57.373+0000] {dagbag.py:541} INFO - Filling up the DagBag from /opt/airflow/dags/dag.py
[2026-03-15T00:40:57.377+0000] {processor.py:809} INFO - DAG(s) dict_keys(['dag_postgres_single_api_test']) retrieved from /opt/airflow/dags/dag.py
[2026-03-15T00:40:57.389+0000] {logging_mixin.py:149} INFO - [2026-03-15T00:40:57.389+0000] {dag.py:2726} INFO - Sync 1 DAGs
[2026-03-15T00:40:57.399+0000] {logging_mixin.py:149} INFO - [2026-03-15T00:40:57.399+0000] {dag.py:3490} INFO - Setting next_dagrun for dag_postgres_single_api_test to None, run_after=None
[2026-03-15T00:40:57.405+0000] {processor.py:178} INFO - Processing /opt/airflow/dags/dag.py took 0.035 seconds
[2026-03-15T00:57:07.624+0000] {processor.py:156} INFO - Started process (PID=5841) to work on /opt/airflow/dags/dag.py
[2026-03-15T00:57:07.624+0000] {processor.py:799} INFO - Processing file /opt/airflow/dags/dag.py for tasks to queue
[2026-03-15T00:57:07.625+0000] {logging_mixin.py:149} INFO - [2026-03-15T00:57:07.625+0000] {dagbag.py:541} INFO - Filling up the DagBag from /opt/airflow/dags/dag.py
[2026-03-15T00:57:07.633+0000] {processor.py:809} INFO - DAG(s) dict_keys(['dag_postgres_single_api_test']) retrieved from /opt/airflow/dags/dag.py
[2026-03-15T00:57:07.657+0000] {logging_mixin.py:149} INFO - [2026-03-15T00:57:07.657+0000] {dag.py:2726} INFO - Sync 1 DAGs
[2026-03-15T00:57:07.680+0000] {logging_mixin.py:149} INFO - [2026-03-15T00:57:07.680+0000] {dag.py:3490} INFO - Setting next_dagrun for dag_postgres_single_api_test to None, run_after=None
[2026-03-15T00:57:07.699+0000] {processor.py:178} INFO - Processing /opt/airflow/dags/dag.py took 0.078 seconds
[2026-03-15T00:57:38.013+0000] {processor.py:156} INFO - Started process (PID=5858) to work on /opt/airflow/dags/dag.py
[2026-03-15T00:57:38.016+0000] {processor.py:799} INFO - Processing file /opt/airflow/dags/dag.py for tasks to queue
[2026-03-15T00:57:38.016+0000] {logging_mixin.py:149} INFO - [2026-03-15T00:57:38.016+0000] {dagbag.py:541} INFO - Filling up the DagBag from /opt/airflow/dags/dag.py
[2026-03-15T00:57:38.023+0000] {processor.py:809} INFO - DAG(s) dict_keys(['dag_postgres_single_api_test']) retrieved from /opt/airflow/dags/dag.py
[2026-03-15T00:57:38.043+0000] {logging_mixin.py:149} INFO - [2026-03-15T00:57:38.043+0000] {dag.py:2726} INFO - Sync 1 DAGs
[2026-03-15T00:57:38.056+0000] {logging_mixin.py:149} INFO - [2026-03-15T00:57:38.056+0000] {dag.py:3490} INFO - Setting next_dagrun for dag_postgres_single_api_test to None, run_after=None
[2026-03-15T00:57:38.068+0000] {processor.py:178} INFO - Processing /opt/airflow/dags/dag.py took 0.060 seconds
[2026-03-15T00:58:08.358+0000] {processor.py:156} INFO - Started process (PID=5890) to work on /opt/airflow/dags/dag.py
[2026-03-15T00:58:08.359+0000] {processor.py:799} INFO - Processing file /opt/airflow/dags/dag.py for tasks to queue
[2026-03-15T00:58:08.360+0000] {logging_mixin.py:149} INFO - [2026-03-15T00:58:08.360+0000] {dagbag.py:541} INFO - Filling up the DagBag from /opt/airflow/dags/dag.py
[2026-03-15T00:58:08.366+0000] {processor.py:809} INFO - DAG(s) dict_keys(['dag_postgres_single_api_test']) retrieved from /opt/airflow/dags/dag.py
[2026-03-15T00:58:08.387+0000] {logging_mixin.py:149} INFO - [2026-03-15T00:58:08.387+0000] {dag.py:2726} INFO - Sync 1 DAGs
[2026-03-15T00:58:08.400+0000] {logging_mixin.py:149} INFO - [2026-03-15T00:58:08.400+0000] {dag.py:3490} INFO - Setting next_dagrun for dag_postgres_single_api_test to None, run_after=None
[2026-03-15T00:58:08.410+0000] {processor.py:178} INFO - Processing /opt/airflow/dags/dag.py took 0.054 seconds
[2026-03-15T00:58:38.876+0000] {processor.py:156} INFO - Started process (PID=5936) to work on /opt/airflow/dags/dag.py
[2026-03-15T00:58:38.876+0000] {processor.py:799} INFO - Processing file /opt/airflow/dags/dag.py for tasks to queue
[2026-03-15T00:58:38.877+0000] {logging_mixin.py:149} INFO - [2026-03-15T00:58:38.877+0000] {dagbag.py:541} INFO - Filling up the DagBag from /opt/airflow/dags/dag.py
[2026-03-15T00:58:38.887+0000] {processor.py:809} INFO - DAG(s) dict_keys(['dag_postgres_single_api_test']) retrieved from /opt/airflow/dags/dag.py
[2026-03-15T00:58:38.900+0000] {logging_mixin.py:149} INFO - [2026-03-15T00:58:38.900+0000] {dag.py:2726} INFO - Sync 1 DAGs
[2026-03-15T00:58:38.910+0000] {logging_mixin.py:149} INFO - [2026-03-15T00:58:38.910+0000] {dag.py:3490} INFO - Setting next_dagrun for dag_postgres_single_api_test to None, run_after=None
[2026-03-15T00:58:38.916+0000] {processor.py:178} INFO - Processing /opt/airflow/dags/dag.py took 0.043 seconds
[2026-03-15T00:59:09.316+0000] {processor.py:156} INFO - Started process (PID=5968) to work on /opt/airflow/dags/dag.py
[2026-03-15T00:59:09.319+0000] {processor.py:799} INFO - Processing file /opt/airflow/dags/dag.py for tasks to queue
[2026-03-15T00:59:09.319+0000] {logging_mixin.py:149} INFO - [2026-03-15T00:59:09.319+0000] {dagbag.py:541} INFO - Filling up the DagBag from /opt/airflow/dags/dag.py
[2026-03-15T00:59:09.324+0000] {processor.py:809} INFO - DAG(s) dict_keys(['dag_postgres_single_api_test']) retrieved from /opt/airflow/dags/dag.py
[2026-03-15T00:59:09.335+0000] {logging_mixin.py:149} INFO - [2026-03-15T00:59:09.335+0000] {dag.py:2726} INFO - Sync 1 DAGs
[2026-03-15T00:59:09.345+0000] {logging_mixin.py:149} INFO - [2026-03-15T00:59:09.345+0000] {dag.py:3490} INFO - Setting next_dagrun for dag_postgres_single_api_test to None, run_after=None
[2026-03-15T00:59:09.352+0000] {processor.py:178} INFO - Processing /opt/airflow/dags/dag.py took 0.037 seconds
[2026-03-15T00:59:39.800+0000] {processor.py:156} INFO - Started process (PID=6000) to work on /opt/airflow/dags/dag.py
[2026-03-15T00:59:39.800+0000] {processor.py:799} INFO - Processing file /opt/airflow/dags/dag.py for tasks to queue
[2026-03-15T00:59:39.801+0000] {logging_mixin.py:149} INFO - [2026-03-15T00:59:39.801+0000] {dagbag.py:541} INFO - Filling up the DagBag from /opt/airflow/dags/dag.py
[2026-03-15T00:59:39.804+0000] {processor.py:809} INFO - DAG(s) dict_keys(['dag_postgres_single_api_test']) retrieved from /opt/airflow/dags/dag.py
[2026-03-15T00:59:39.816+0000] {logging_mixin.py:149} INFO - [2026-03-15T00:59:39.816+0000] {dag.py:2726} INFO - Sync 1 DAGs
[2026-03-15T00:59:39.825+0000] {logging_mixin.py:149} INFO - [2026-03-15T00:59:39.825+0000] {dag.py:3490} INFO - Setting next_dagrun for dag_postgres_single_api_test to None, run_after=None
[2026-03-15T00:59:39.832+0000] {processor.py:178} INFO - Processing /opt/airflow/dags/dag.py took 0.033 seconds
[2026-03-15T01:19:49.961+0000] {processor.py:156} INFO - Started process (PID=6033) to work on /opt/airflow/dags/dag.py
[2026-03-15T01:19:49.962+0000] {processor.py:799} INFO - Processing file /opt/airflow/dags/dag.py for tasks to queue
[2026-03-15T01:19:49.963+0000] {logging_mixin.py:149} INFO - [2026-03-15T01:19:49.963+0000] {dagbag.py:541} INFO - Filling up the DagBag from /opt/airflow/dags/dag.py
[2026-03-15T01:19:49.970+0000] {processor.py:809} INFO - DAG(s) dict_keys(['dag_postgres_single_api_test']) retrieved from /opt/airflow/dags/dag.py
[2026-03-15T01:19:49.986+0000] {logging_mixin.py:149} INFO - [2026-03-15T01:19:49.986+0000] {dag.py:2726} INFO - Sync 1 DAGs
[2026-03-15T01:19:49.995+0000] {logging_mixin.py:149} INFO - [2026-03-15T01:19:49.995+0000] {dag.py:3490} INFO - Setting next_dagrun for dag_postgres_single_api_test to None, run_after=None
[2026-03-15T01:19:50.002+0000] {processor.py:178} INFO - Processing /opt/airflow/dags/dag.py took 0.043 seconds
[2026-03-15T01:35:26.215+0000] {processor.py:156} INFO - Started process (PID=6064) to work on /opt/airflow/dags/dag.py
[2026-03-15T01:35:26.216+0000] {processor.py:799} INFO - Processing file /opt/airflow/dags/dag.py for tasks to queue
[2026-03-15T01:35:26.217+0000] {logging_mixin.py:149} INFO - [2026-03-15T01:35:26.217+0000] {dagbag.py:541} INFO - Filling up the DagBag from /opt/airflow/dags/dag.py
[2026-03-15T01:35:26.226+0000] {processor.py:809} INFO - DAG(s) dict_keys(['dag_postgres_single_api_test']) retrieved from /opt/airflow/dags/dag.py
[2026-03-15T01:35:26.257+0000] {logging_mixin.py:149} INFO - [2026-03-15T01:35:26.256+0000] {dag.py:2726} INFO - Sync 1 DAGs
[2026-03-15T01:35:26.285+0000] {logging_mixin.py:149} INFO - [2026-03-15T01:35:26.285+0000] {dag.py:3490} INFO - Setting next_dagrun for dag_postgres_single_api_test to None, run_after=None
[2026-03-15T01:35:26.310+0000] {processor.py:178} INFO - Processing /opt/airflow/dags/dag.py took 0.098 seconds
[2026-03-15T01:53:31.334+0000] {processor.py:156} INFO - Started process (PID=6097) to work on /opt/airflow/dags/dag.py
[2026-03-15T01:53:31.334+0000] {processor.py:799} INFO - Processing file /opt/airflow/dags/dag.py for tasks to queue
[2026-03-15T01:53:31.335+0000] {logging_mixin.py:149} INFO - [2026-03-15T01:53:31.335+0000] {dagbag.py:541} INFO - Filling up the DagBag from /opt/airflow/dags/dag.py
[2026-03-15T01:53:31.343+0000] {processor.py:809} INFO - DAG(s) dict_keys(['dag_postgres_single_api_test']) retrieved from /opt/airflow/dags/dag.py
[2026-03-15T01:53:31.368+0000] {logging_mixin.py:149} INFO - [2026-03-15T01:53:31.368+0000] {dag.py:2726} INFO - Sync 1 DAGs
[2026-03-15T01:53:31.392+0000] {logging_mixin.py:149} INFO - [2026-03-15T01:53:31.391+0000] {dag.py:3490} INFO - Setting next_dagrun for dag_postgres_single_api_test to None, run_after=None
[2026-03-15T01:53:31.409+0000] {processor.py:178} INFO - Processing /opt/airflow/dags/dag.py took 0.078 seconds
[2026-03-15T02:37:28.626+0000] {processor.py:156} INFO - Started process (PID=6130) to work on /opt/airflow/dags/dag.py
[2026-03-15T02:37:28.633+0000] {processor.py:799} INFO - Processing file /opt/airflow/dags/dag.py for tasks to queue
[2026-03-15T02:37:28.635+0000] {logging_mixin.py:149} INFO - [2026-03-15T02:37:28.635+0000] {dagbag.py:541} INFO - Filling up the DagBag from /opt/airflow/dags/dag.py
[2026-03-15T02:37:28.778+0000] {processor.py:809} INFO - DAG(s) dict_keys(['dag_postgres_single_api_test']) retrieved from /opt/airflow/dags/dag.py
[2026-03-15T02:37:28.834+0000] {logging_mixin.py:149} INFO - [2026-03-15T02:37:28.833+0000] {dag.py:2726} INFO - Sync 1 DAGs
[2026-03-15T02:37:28.884+0000] {logging_mixin.py:149} INFO - [2026-03-15T02:37:28.884+0000] {dag.py:3490} INFO - Setting next_dagrun for dag_postgres_single_api_test to None, run_after=None
[2026-03-15T02:37:28.928+0000] {processor.py:178} INFO - Processing /opt/airflow/dags/dag.py took 0.309 seconds
[2026-03-15T02:37:58.970+0000] {processor.py:156} INFO - Started process (PID=6149) to work on /opt/airflow/dags/dag.py
[2026-03-15T02:37:58.970+0000] {processor.py:799} INFO - Processing file /opt/airflow/dags/dag.py for tasks to queue
[2026-03-15T02:37:58.971+0000] {logging_mixin.py:149} INFO - [2026-03-15T02:37:58.971+0000] {dagbag.py:541} INFO - Filling up the DagBag from /opt/airflow/dags/dag.py
[2026-03-15T02:37:58.974+0000] {processor.py:809} INFO - DAG(s) dict_keys(['dag_postgres_single_api_test']) retrieved from /opt/airflow/dags/dag.py
[2026-03-15T02:37:58.985+0000] {logging_mixin.py:149} INFO - [2026-03-15T02:37:58.985+0000] {dag.py:2726} INFO - Sync 1 DAGs
[2026-03-15T02:37:58.993+0000] {logging_mixin.py:149} INFO - [2026-03-15T02:37:58.993+0000] {dag.py:3490} INFO - Setting next_dagrun for dag_postgres_single_api_test to None, run_after=None
[2026-03-15T02:37:58.998+0000] {processor.py:178} INFO - Processing /opt/airflow/dags/dag.py took 0.030 seconds
[2026-03-15T02:38:29.366+0000] {processor.py:156} INFO - Started process (PID=6179) to work on /opt/airflow/dags/dag.py
[2026-03-15T02:38:29.367+0000] {processor.py:799} INFO - Processing file /opt/airflow/dags/dag.py for tasks to queue
[2026-03-15T02:38:29.368+0000] {logging_mixin.py:149} INFO - [2026-03-15T02:38:29.368+0000] {dagbag.py:541} INFO - Filling up the DagBag from /opt/airflow/dags/dag.py
[2026-03-15T02:38:29.376+0000] {processor.py:809} INFO - DAG(s) dict_keys(['dag_postgres_single_api_test']) retrieved from /opt/airflow/dags/dag.py
[2026-03-15T02:38:29.397+0000] {logging_mixin.py:149} INFO - [2026-03-15T02:38:29.397+0000] {dag.py:2726} INFO - Sync 1 DAGs
[2026-03-15T02:38:29.409+0000] {logging_mixin.py:149} INFO - [2026-03-15T02:38:29.409+0000] {dag.py:3490} INFO - Setting next_dagrun for dag_postgres_single_api_test to None, run_after=None
[2026-03-15T02:38:29.419+0000] {processor.py:178} INFO - Processing /opt/airflow/dags/dag.py took 0.056 seconds
[2026-03-15T02:38:59.763+0000] {processor.py:156} INFO - Started process (PID=6211) to work on /opt/airflow/dags/dag.py
[2026-03-15T02:38:59.765+0000] {processor.py:799} INFO - Processing file /opt/airflow/dags/dag.py for tasks to queue
[2026-03-15T02:38:59.765+0000] {logging_mixin.py:149} INFO - [2026-03-15T02:38:59.765+0000] {dagbag.py:541} INFO - Filling up the DagBag from /opt/airflow/dags/dag.py
[2026-03-15T02:38:59.777+0000] {processor.py:809} INFO - DAG(s) dict_keys(['dag_postgres_single_api_test']) retrieved from /opt/airflow/dags/dag.py
[2026-03-15T02:38:59.794+0000] {logging_mixin.py:149} INFO - [2026-03-15T02:38:59.794+0000] {dag.py:2726} INFO - Sync 1 DAGs
[2026-03-15T02:38:59.807+0000] {logging_mixin.py:149} INFO - [2026-03-15T02:38:59.807+0000] {dag.py:3490} INFO - Setting next_dagrun for dag_postgres_single_api_test to None, run_after=None
[2026-03-15T02:38:59.817+0000] {processor.py:178} INFO - Processing /opt/airflow/dags/dag.py took 0.057 seconds
[2026-03-15T02:39:30.176+0000] {processor.py:156} INFO - Started process (PID=6243) to work on /opt/airflow/dags/dag.py
[2026-03-15T02:39:30.178+0000] {processor.py:799} INFO - Processing file /opt/airflow/dags/dag.py for tasks to queue
[2026-03-15T02:39:30.179+0000] {logging_mixin.py:149} INFO - [2026-03-15T02:39:30.179+0000] {dagbag.py:541} INFO - Filling up the DagBag from /opt/airflow/dags/dag.py
[2026-03-15T02:39:30.187+0000] {processor.py:809} INFO - DAG(s) dict_keys(['dag_postgres_single_api_test']) retrieved from /opt/airflow/dags/dag.py
[2026-03-15T02:39:30.208+0000] {logging_mixin.py:149} INFO - [2026-03-15T02:39:30.208+0000] {dag.py:2726} INFO - Sync 1 DAGs
[2026-03-15T02:39:30.221+0000] {logging_mixin.py:149} INFO - [2026-03-15T02:39:30.221+0000] {dag.py:3490} INFO - Setting next_dagrun for dag_postgres_single_api_test to None, run_after=None
[2026-03-15T02:39:30.231+0000] {processor.py:178} INFO - Processing /opt/airflow/dags/dag.py took 0.057 seconds
[2026-03-15T02:40:00.546+0000] {processor.py:156} INFO - Started process (PID=6275) to work on /opt/airflow/dags/dag.py
[2026-03-15T02:40:00.547+0000] {processor.py:799} INFO - Processing file /opt/airflow/dags/dag.py for tasks to queue
[2026-03-15T02:40:00.549+0000] {logging_mixin.py:149} INFO - [2026-03-15T02:40:00.549+0000] {dagbag.py:541} INFO - Filling up the DagBag from /opt/airflow/dags/dag.py
[2026-03-15T02:40:00.558+0000] {processor.py:809} INFO - DAG(s) dict_keys(['dag_postgres_single_api_test']) retrieved from /opt/airflow/dags/dag.py
[2026-03-15T02:40:00.580+0000] {logging_mixin.py:149} INFO - [2026-03-15T02:40:00.580+0000] {dag.py:2726} INFO - Sync 1 DAGs
[2026-03-15T02:40:00.591+0000] {logging_mixin.py:149} INFO - [2026-03-15T02:40:00.591+0000] {dag.py:3490} INFO - Setting next_dagrun for dag_postgres_single_api_test to None, run_after=None
[2026-03-15T02:40:00.603+0000] {processor.py:178} INFO - Processing /opt/airflow/dags/dag.py took 0.060 seconds
[2026-03-15T02:56:25.390+0000] {processor.py:156} INFO - Started process (PID=6321) to work on /opt/airflow/dags/dag.py
[2026-03-15T02:56:25.390+0000] {processor.py:799} INFO - Processing file /opt/airflow/dags/dag.py for tasks to queue
[2026-03-15T02:56:25.391+0000] {logging_mixin.py:149} INFO - [2026-03-15T02:56:25.391+0000] {dagbag.py:541} INFO - Filling up the DagBag from /opt/airflow/dags/dag.py
[2026-03-15T02:56:25.396+0000] {processor.py:809} INFO - DAG(s) dict_keys(['dag_postgres_single_api_test']) retrieved from /opt/airflow/dags/dag.py
[2026-03-15T02:56:25.409+0000] {logging_mixin.py:149} INFO - [2026-03-15T02:56:25.409+0000] {dag.py:2726} INFO - Sync 1 DAGs
[2026-03-15T02:56:25.419+0000] {logging_mixin.py:149} INFO - [2026-03-15T02:56:25.419+0000] {dag.py:3490} INFO - Setting next_dagrun for dag_postgres_single_api_test to None, run_after=None
[2026-03-15T02:56:25.478+0000] {processor.py:178} INFO - Processing /opt/airflow/dags/dag.py took 0.091 seconds
[2026-03-15T03:14:21.407+0000] {processor.py:156} INFO - Started process (PID=6354) to work on /opt/airflow/dags/dag.py
[2026-03-15T03:14:21.408+0000] {processor.py:799} INFO - Processing file /opt/airflow/dags/dag.py for tasks to queue
[2026-03-15T03:14:21.408+0000] {logging_mixin.py:149} INFO - [2026-03-15T03:14:21.408+0000] {dagbag.py:541} INFO - Filling up the DagBag from /opt/airflow/dags/dag.py
[2026-03-15T03:14:21.417+0000] {processor.py:809} INFO - DAG(s) dict_keys(['dag_postgres_single_api_test']) retrieved from /opt/airflow/dags/dag.py
[2026-03-15T03:14:21.441+0000] {logging_mixin.py:149} INFO - [2026-03-15T03:14:21.441+0000] {dag.py:2726} INFO - Sync 1 DAGs
[2026-03-15T03:14:21.464+0000] {logging_mixin.py:149} INFO - [2026-03-15T03:14:21.464+0000] {dag.py:3490} INFO - Setting next_dagrun for dag_postgres_single_api_test to None, run_after=None
[2026-03-15T03:14:21.481+0000] {processor.py:178} INFO - Processing /opt/airflow/dags/dag.py took 0.078 seconds
[2026-03-15T03:21:42.845+0000] {processor.py:156} INFO - Started process (PID=6386) to work on /opt/airflow/dags/dag.py
[2026-03-15T03:21:42.846+0000] {processor.py:799} INFO - Processing file /opt/airflow/dags/dag.py for tasks to queue
[2026-03-15T03:21:42.846+0000] {logging_mixin.py:149} INFO - [2026-03-15T03:21:42.846+0000] {dagbag.py:541} INFO - Filling up the DagBag from /opt/airflow/dags/dag.py
[2026-03-15T03:21:42.850+0000] {processor.py:809} INFO - DAG(s) dict_keys(['dag_postgres_single_api_test']) retrieved from /opt/airflow/dags/dag.py
[2026-03-15T03:21:42.860+0000] {logging_mixin.py:149} INFO - [2026-03-15T03:21:42.860+0000] {dag.py:2726} INFO - Sync 1 DAGs
[2026-03-15T03:21:42.870+0000] {logging_mixin.py:149} INFO - [2026-03-15T03:21:42.870+0000] {dag.py:3490} INFO - Setting next_dagrun for dag_postgres_single_api_test to None, run_after=None
[2026-03-15T03:21:42.876+0000] {processor.py:178} INFO - Processing /opt/airflow/dags/dag.py took 0.032 seconds
[2026-03-15T03:22:13.229+0000] {processor.py:156} INFO - Started process (PID=6418) to work on /opt/airflow/dags/dag.py
[2026-03-15T03:22:13.230+0000] {processor.py:799} INFO - Processing file /opt/airflow/dags/dag.py for tasks to queue
[2026-03-15T03:22:13.231+0000] {logging_mixin.py:149} INFO - [2026-03-15T03:22:13.231+0000] {dagbag.py:541} INFO - Filling up the DagBag from /opt/airflow/dags/dag.py
[2026-03-15T03:22:13.237+0000] {processor.py:809} INFO - DAG(s) dict_keys(['dag_postgres_single_api_test']) retrieved from /opt/airflow/dags/dag.py
[2026-03-15T03:22:13.252+0000] {logging_mixin.py:149} INFO - [2026-03-15T03:22:13.252+0000] {dag.py:2726} INFO - Sync 1 DAGs
[2026-03-15T03:22:13.261+0000] {logging_mixin.py:149} INFO - [2026-03-15T03:22:13.261+0000] {dag.py:3490} INFO - Setting next_dagrun for dag_postgres_single_api_test to None, run_after=None
[2026-03-15T03:22:13.316+0000] {processor.py:178} INFO - Processing /opt/airflow/dags/dag.py took 0.089 seconds
[2026-03-15T03:24:35.841+0000] {processor.py:156} INFO - Started process (PID=6452) to work on /opt/airflow/dags/dag.py
[2026-03-15T03:24:35.841+0000] {processor.py:799} INFO - Processing file /opt/airflow/dags/dag.py for tasks to queue
[2026-03-15T03:24:35.842+0000] {logging_mixin.py:149} INFO - [2026-03-15T03:24:35.842+0000] {dagbag.py:541} INFO - Filling up the DagBag from /opt/airflow/dags/dag.py
[2026-03-15T03:24:35.845+0000] {processor.py:809} INFO - DAG(s) dict_keys(['dag_postgres_single_api_test']) retrieved from /opt/airflow/dags/dag.py
[2026-03-15T03:24:35.857+0000] {logging_mixin.py:149} INFO - [2026-03-15T03:24:35.857+0000] {dag.py:2726} INFO - Sync 1 DAGs
[2026-03-15T03:24:35.866+0000] {logging_mixin.py:149} INFO - [2026-03-15T03:24:35.865+0000] {dag.py:3490} INFO - Setting next_dagrun for dag_postgres_single_api_test to None, run_after=None
[2026-03-15T03:24:35.872+0000] {processor.py:178} INFO - Processing /opt/airflow/dags/dag.py took 0.032 seconds
[2026-03-15T03:40:44.408+0000] {processor.py:156} INFO - Started process (PID=6484) to work on /opt/airflow/dags/dag.py
[2026-03-15T03:40:44.410+0000] {processor.py:799} INFO - Processing file /opt/airflow/dags/dag.py for tasks to queue
[2026-03-15T03:40:44.410+0000] {logging_mixin.py:149} INFO - [2026-03-15T03:40:44.410+0000] {dagbag.py:541} INFO - Filling up the DagBag from /opt/airflow/dags/dag.py
[2026-03-15T03:40:44.420+0000] {processor.py:809} INFO - DAG(s) dict_keys(['dag_postgres_single_api_test']) retrieved from /opt/airflow/dags/dag.py
[2026-03-15T03:40:44.446+0000] {logging_mixin.py:149} INFO - [2026-03-15T03:40:44.446+0000] {dag.py:2726} INFO - Sync 1 DAGs
[2026-03-15T03:40:44.558+0000] {logging_mixin.py:149} INFO - [2026-03-15T03:40:44.558+0000] {dag.py:3490} INFO - Setting next_dagrun for dag_postgres_single_api_test to None, run_after=None
[2026-03-15T03:40:44.579+0000] {processor.py:178} INFO - Processing /opt/airflow/dags/dag.py took 0.175 seconds
[2026-03-15T04:22:53.191+0000] {processor.py:156} INFO - Started process (PID=6516) to work on /opt/airflow/dags/dag.py
[2026-03-15T04:22:53.192+0000] {processor.py:799} INFO - Processing file /opt/airflow/dags/dag.py for tasks to queue
[2026-03-15T04:22:53.192+0000] {logging_mixin.py:149} INFO - [2026-03-15T04:22:53.192+0000] {dagbag.py:541} INFO - Filling up the DagBag from /opt/airflow/dags/dag.py
[2026-03-15T04:22:53.196+0000] {processor.py:809} INFO - DAG(s) dict_keys(['dag_postgres_single_api_test']) retrieved from /opt/airflow/dags/dag.py
[2026-03-15T04:22:53.207+0000] {logging_mixin.py:149} INFO - [2026-03-15T04:22:53.207+0000] {dag.py:2726} INFO - Sync 1 DAGs
[2026-03-15T04:22:53.216+0000] {logging_mixin.py:149} INFO - [2026-03-15T04:22:53.216+0000] {dag.py:3490} INFO - Setting next_dagrun for dag_postgres_single_api_test to None, run_after=None
[2026-03-15T04:22:53.224+0000] {processor.py:178} INFO - Processing /opt/airflow/dags/dag.py took 0.034 seconds
[2026-03-15T04:23:23.676+0000] {processor.py:156} INFO - Started process (PID=6549) to work on /opt/airflow/dags/dag.py
[2026-03-15T04:23:23.676+0000] {processor.py:799} INFO - Processing file /opt/airflow/dags/dag.py for tasks to queue
[2026-03-15T04:23:23.676+0000] {logging_mixin.py:149} INFO - [2026-03-15T04:23:23.676+0000] {dagbag.py:541} INFO - Filling up the DagBag from /opt/airflow/dags/dag.py
[2026-03-15T04:23:23.681+0000] {processor.py:809} INFO - DAG(s) dict_keys(['dag_postgres_single_api_test']) retrieved from /opt/airflow/dags/dag.py
[2026-03-15T04:23:23.692+0000] {logging_mixin.py:149} INFO - [2026-03-15T04:23:23.692+0000] {dag.py:2726} INFO - Sync 1 DAGs
[2026-03-15T04:23:23.701+0000] {logging_mixin.py:149} INFO - [2026-03-15T04:23:23.701+0000] {dag.py:3490} INFO - Setting next_dagrun for dag_postgres_single_api_test to None, run_after=None
[2026-03-15T04:23:23.707+0000] {processor.py:178} INFO - Processing /opt/airflow/dags/dag.py took 0.033 seconds
[2026-03-15T04:39:35.117+0000] {processor.py:156} INFO - Started process (PID=6583) to work on /opt/airflow/dags/dag.py
[2026-03-15T04:39:35.126+0000] {processor.py:799} INFO - Processing file /opt/airflow/dags/dag.py for tasks to queue
[2026-03-15T04:39:35.133+0000] {logging_mixin.py:149} INFO - [2026-03-15T04:39:35.133+0000] {dagbag.py:541} INFO - Filling up the DagBag from /opt/airflow/dags/dag.py
[2026-03-15T04:39:35.204+0000] {processor.py:809} INFO - DAG(s) dict_keys(['dag_postgres_single_api_test']) retrieved from /opt/airflow/dags/dag.py
[2026-03-15T04:39:35.330+0000] {logging_mixin.py:149} INFO - [2026-03-15T04:39:35.330+0000] {dag.py:2726} INFO - Sync 1 DAGs
[2026-03-15T04:39:35.402+0000] {logging_mixin.py:149} INFO - [2026-03-15T04:39:35.402+0000] {dag.py:3490} INFO - Setting next_dagrun for dag_postgres_single_api_test to None, run_after=None
[2026-03-15T04:39:35.470+0000] {processor.py:178} INFO - Processing /opt/airflow/dags/dag.py took 0.369 seconds
[2026-03-15T05:23:44.573+0000] {processor.py:156} INFO - Started process (PID=6616) to work on /opt/airflow/dags/dag.py
[2026-03-15T05:23:44.575+0000] {processor.py:799} INFO - Processing file /opt/airflow/dags/dag.py for tasks to queue
[2026-03-15T05:23:44.576+0000] {logging_mixin.py:149} INFO - [2026-03-15T05:23:44.576+0000] {dagbag.py:541} INFO - Filling up the DagBag from /opt/airflow/dags/dag.py
[2026-03-15T05:23:44.592+0000] {processor.py:809} INFO - DAG(s) dict_keys(['dag_postgres_single_api_test']) retrieved from /opt/airflow/dags/dag.py
[2026-03-15T05:23:44.643+0000] {logging_mixin.py:149} INFO - [2026-03-15T05:23:44.642+0000] {dag.py:2726} INFO - Sync 1 DAGs
[2026-03-15T05:23:44.689+0000] {logging_mixin.py:149} INFO - [2026-03-15T05:23:44.689+0000] {dag.py:3490} INFO - Setting next_dagrun for dag_postgres_single_api_test to None, run_after=None
[2026-03-15T05:23:44.723+0000] {processor.py:178} INFO - Processing /opt/airflow/dags/dag.py took 0.158 seconds
[2026-03-15T05:24:14.967+0000] {processor.py:156} INFO - Started process (PID=6633) to work on /opt/airflow/dags/dag.py
[2026-03-15T05:24:14.968+0000] {processor.py:799} INFO - Processing file /opt/airflow/dags/dag.py for tasks to queue
[2026-03-15T05:24:14.968+0000] {logging_mixin.py:149} INFO - [2026-03-15T05:24:14.968+0000] {dagbag.py:541} INFO - Filling up the DagBag from /opt/airflow/dags/dag.py
[2026-03-15T05:24:14.972+0000] {processor.py:809} INFO - DAG(s) dict_keys(['dag_postgres_single_api_test']) retrieved from /opt/airflow/dags/dag.py
[2026-03-15T05:24:14.992+0000] {logging_mixin.py:149} INFO - [2026-03-15T05:24:14.992+0000] {dag.py:2726} INFO - Sync 1 DAGs
[2026-03-15T05:24:15.004+0000] {logging_mixin.py:149} INFO - [2026-03-15T05:24:15.004+0000] {dag.py:3490} INFO - Setting next_dagrun for dag_postgres_single_api_test to None, run_after=None
[2026-03-15T05:24:15.015+0000] {processor.py:178} INFO - Processing /opt/airflow/dags/dag.py took 0.049 seconds
[2026-03-15T05:24:45.347+0000] {processor.py:156} INFO - Started process (PID=6666) to work on /opt/airflow/dags/dag.py
[2026-03-15T05:24:45.350+0000] {processor.py:799} INFO - Processing file /opt/airflow/dags/dag.py for tasks to queue
[2026-03-15T05:24:45.350+0000] {logging_mixin.py:149} INFO - [2026-03-15T05:24:45.350+0000] {dagbag.py:541} INFO - Filling up the DagBag from /opt/airflow/dags/dag.py
[2026-03-15T05:24:45.356+0000] {processor.py:809} INFO - DAG(s) dict_keys(['dag_postgres_single_api_test']) retrieved from /opt/airflow/dags/dag.py
[2026-03-15T05:24:45.376+0000] {logging_mixin.py:149} INFO - [2026-03-15T05:24:45.376+0000] {dag.py:2726} INFO - Sync 1 DAGs
[2026-03-15T05:24:45.392+0000] {logging_mixin.py:149} INFO - [2026-03-15T05:24:45.392+0000] {dag.py:3490} INFO - Setting next_dagrun for dag_postgres_single_api_test to None, run_after=None
[2026-03-15T05:24:45.403+0000] {processor.py:178} INFO - Processing /opt/airflow/dags/dag.py took 0.058 seconds
[2026-03-15T05:25:15.755+0000] {processor.py:156} INFO - Started process (PID=6698) to work on /opt/airflow/dags/dag.py
[2026-03-15T05:25:15.756+0000] {processor.py:799} INFO - Processing file /opt/airflow/dags/dag.py for tasks to queue
[2026-03-15T05:25:15.758+0000] {logging_mixin.py:149} INFO - [2026-03-15T05:25:15.758+0000] {dagbag.py:541} INFO - Filling up the DagBag from /opt/airflow/dags/dag.py
[2026-03-15T05:25:15.768+0000] {processor.py:809} INFO - DAG(s) dict_keys(['dag_postgres_single_api_test']) retrieved from /opt/airflow/dags/dag.py
[2026-03-15T05:25:15.789+0000] {logging_mixin.py:149} INFO - [2026-03-15T05:25:15.789+0000] {dag.py:2726} INFO - Sync 1 DAGs
[2026-03-15T05:25:15.802+0000] {logging_mixin.py:149} INFO - [2026-03-15T05:25:15.802+0000] {dag.py:3490} INFO - Setting next_dagrun for dag_postgres_single_api_test to None, run_after=None
[2026-03-15T05:25:15.812+0000] {processor.py:178} INFO - Processing /opt/airflow/dags/dag.py took 0.060 seconds
[2026-03-15T05:25:46.208+0000] {processor.py:156} INFO - Started process (PID=6730) to work on /opt/airflow/dags/dag.py
[2026-03-15T05:25:46.210+0000] {processor.py:799} INFO - Processing file /opt/airflow/dags/dag.py for tasks to queue
[2026-03-15T05:25:46.211+0000] {logging_mixin.py:149} INFO - [2026-03-15T05:25:46.210+0000] {dagbag.py:541} INFO - Filling up the DagBag from /opt/airflow/dags/dag.py
[2026-03-15T05:25:46.219+0000] {processor.py:809} INFO - DAG(s) dict_keys(['dag_postgres_single_api_test']) retrieved from /opt/airflow/dags/dag.py
[2026-03-15T05:25:46.240+0000] {logging_mixin.py:149} INFO - [2026-03-15T05:25:46.240+0000] {dag.py:2726} INFO - Sync 1 DAGs
[2026-03-15T05:25:46.253+0000] {logging_mixin.py:149} INFO - [2026-03-15T05:25:46.253+0000] {dag.py:3490} INFO - Setting next_dagrun for dag_postgres_single_api_test to None, run_after=None
[2026-03-15T05:25:46.265+0000] {processor.py:178} INFO - Processing /opt/airflow/dags/dag.py took 0.059 seconds
[2026-03-15T05:26:16.626+0000] {processor.py:156} INFO - Started process (PID=6762) to work on /opt/airflow/dags/dag.py
[2026-03-15T05:26:16.628+0000] {processor.py:799} INFO - Processing file /opt/airflow/dags/dag.py for tasks to queue
[2026-03-15T05:26:16.629+0000] {logging_mixin.py:149} INFO - [2026-03-15T05:26:16.629+0000] {dagbag.py:541} INFO - Filling up the DagBag from /opt/airflow/dags/dag.py
[2026-03-15T05:26:16.637+0000] {processor.py:809} INFO - DAG(s) dict_keys(['dag_postgres_single_api_test']) retrieved from /opt/airflow/dags/dag.py
[2026-03-15T05:26:16.656+0000] {logging_mixin.py:149} INFO - [2026-03-15T05:26:16.656+0000] {dag.py:2726} INFO - Sync 1 DAGs
[2026-03-15T05:26:16.671+0000] {logging_mixin.py:149} INFO - [2026-03-15T05:26:16.671+0000] {dag.py:3490} INFO - Setting next_dagrun for dag_postgres_single_api_test to None, run_after=None
[2026-03-15T05:26:16.682+0000] {processor.py:178} INFO - Processing /opt/airflow/dags/dag.py took 0.059 seconds
[2026-03-15T05:43:19.981+0000] {processor.py:156} INFO - Started process (PID=6808) to work on /opt/airflow/dags/dag.py
[2026-03-15T05:43:19.982+0000] {processor.py:799} INFO - Processing file /opt/airflow/dags/dag.py for tasks to queue
[2026-03-15T05:43:19.982+0000] {logging_mixin.py:149} INFO - [2026-03-15T05:43:19.982+0000] {dagbag.py:541} INFO - Filling up the DagBag from /opt/airflow/dags/dag.py
[2026-03-15T05:43:19.989+0000] {processor.py:809} INFO - DAG(s) dict_keys(['dag_postgres_single_api_test']) retrieved from /opt/airflow/dags/dag.py
[2026-03-15T05:43:20.006+0000] {logging_mixin.py:149} INFO - [2026-03-15T05:43:20.006+0000] {dag.py:2726} INFO - Sync 1 DAGs
[2026-03-15T05:43:20.015+0000] {logging_mixin.py:149} INFO - [2026-03-15T05:43:20.015+0000] {dag.py:3490} INFO - Setting next_dagrun for dag_postgres_single_api_test to None, run_after=None
[2026-03-15T05:43:20.021+0000] {processor.py:178} INFO - Processing /opt/airflow/dags/dag.py took 0.042 seconds
[2026-03-15T06:22:20.828+0000] {processor.py:156} INFO - Started process (PID=6840) to work on /opt/airflow/dags/dag.py
[2026-03-15T06:22:20.829+0000] {processor.py:799} INFO - Processing file /opt/airflow/dags/dag.py for tasks to queue
[2026-03-15T06:22:20.829+0000] {logging_mixin.py:149} INFO - [2026-03-15T06:22:20.829+0000] {dagbag.py:541} INFO - Filling up the DagBag from /opt/airflow/dags/dag.py
[2026-03-15T06:22:20.833+0000] {processor.py:809} INFO - DAG(s) dict_keys(['dag_postgres_single_api_test']) retrieved from /opt/airflow/dags/dag.py
[2026-03-15T06:22:20.845+0000] {logging_mixin.py:149} INFO - [2026-03-15T06:22:20.845+0000] {dag.py:2726} INFO - Sync 1 DAGs
[2026-03-15T06:22:20.854+0000] {logging_mixin.py:149} INFO - [2026-03-15T06:22:20.854+0000] {dag.py:3490} INFO - Setting next_dagrun for dag_postgres_single_api_test to None, run_after=None
[2026-03-15T06:22:20.860+0000] {processor.py:178} INFO - Processing /opt/airflow/dags/dag.py took 0.034 seconds
[2026-03-15T06:22:51.289+0000] {processor.py:156} INFO - Started process (PID=6872) to work on /opt/airflow/dags/dag.py
[2026-03-15T06:22:51.289+0000] {processor.py:799} INFO - Processing file /opt/airflow/dags/dag.py for tasks to queue
[2026-03-15T06:22:51.290+0000] {logging_mixin.py:149} INFO - [2026-03-15T06:22:51.290+0000] {dagbag.py:541} INFO - Filling up the DagBag from /opt/airflow/dags/dag.py
[2026-03-15T06:22:51.296+0000] {processor.py:809} INFO - DAG(s) dict_keys(['dag_postgres_single_api_test']) retrieved from /opt/airflow/dags/dag.py
[2026-03-15T06:22:51.311+0000] {logging_mixin.py:149} INFO - [2026-03-15T06:22:51.311+0000] {dag.py:2726} INFO - Sync 1 DAGs
[2026-03-15T06:22:51.320+0000] {logging_mixin.py:149} INFO - [2026-03-15T06:22:51.320+0000] {dag.py:3490} INFO - Setting next_dagrun for dag_postgres_single_api_test to None, run_after=None
[2026-03-15T06:22:51.326+0000] {processor.py:178} INFO - Processing /opt/airflow/dags/dag.py took 0.040 seconds
[2026-03-15T06:55:30.768+0000] {processor.py:156} INFO - Started process (PID=6909) to work on /opt/airflow/dags/dag.py
[2026-03-15T06:55:30.769+0000] {processor.py:799} INFO - Processing file /opt/airflow/dags/dag.py for tasks to queue
[2026-03-15T06:55:30.769+0000] {logging_mixin.py:149} INFO - [2026-03-15T06:55:30.769+0000] {dagbag.py:541} INFO - Filling up the DagBag from /opt/airflow/dags/dag.py
[2026-03-15T06:55:30.781+0000] {processor.py:809} INFO - DAG(s) dict_keys(['dag_postgres_single_api_test']) retrieved from /opt/airflow/dags/dag.py
[2026-03-15T06:55:30.815+0000] {logging_mixin.py:149} INFO - [2026-03-15T06:55:30.815+0000] {dag.py:2726} INFO - Sync 1 DAGs
[2026-03-15T06:55:30.847+0000] {logging_mixin.py:149} INFO - [2026-03-15T06:55:30.847+0000] {dag.py:3490} INFO - Setting next_dagrun for dag_postgres_single_api_test to None, run_after=None
[2026-03-15T06:55:30.868+0000] {processor.py:178} INFO - Processing /opt/airflow/dags/dag.py took 0.105 seconds
[2026-03-15T06:56:01.194+0000] {processor.py:156} INFO - Started process (PID=6928) to work on /opt/airflow/dags/dag.py
[2026-03-15T06:56:01.195+0000] {processor.py:799} INFO - Processing file /opt/airflow/dags/dag.py for tasks to queue
[2026-03-15T06:56:01.196+0000] {logging_mixin.py:149} INFO - [2026-03-15T06:56:01.196+0000] {dagbag.py:541} INFO - Filling up the DagBag from /opt/airflow/dags/dag.py
[2026-03-15T06:56:01.208+0000] {processor.py:809} INFO - DAG(s) dict_keys(['dag_postgres_single_api_test']) retrieved from /opt/airflow/dags/dag.py
[2026-03-15T06:56:01.257+0000] {logging_mixin.py:149} INFO - [2026-03-15T06:56:01.253+0000] {dag.py:2726} INFO - Sync 1 DAGs
[2026-03-15T06:56:01.283+0000] {logging_mixin.py:149} INFO - [2026-03-15T06:56:01.283+0000] {dag.py:3490} INFO - Setting next_dagrun for dag_postgres_single_api_test to None, run_after=None
[2026-03-15T06:56:01.305+0000] {processor.py:178} INFO - Processing /opt/airflow/dags/dag.py took 0.115 seconds
[2026-03-15T07:31:58.309+0000] {processor.py:156} INFO - Started process (PID=6971) to work on /opt/airflow/dags/dag.py
[2026-03-15T07:31:58.310+0000] {processor.py:799} INFO - Processing file /opt/airflow/dags/dag.py for tasks to queue
[2026-03-15T07:31:58.312+0000] {logging_mixin.py:149} INFO - [2026-03-15T07:31:58.312+0000] {dagbag.py:541} INFO - Filling up the DagBag from /opt/airflow/dags/dag.py
[2026-03-15T07:31:58.316+0000] {processor.py:809} INFO - DAG(s) dict_keys(['dag_postgres_single_api_test']) retrieved from /opt/airflow/dags/dag.py
[2026-03-15T07:31:58.327+0000] {logging_mixin.py:149} INFO - [2026-03-15T07:31:58.327+0000] {dag.py:2726} INFO - Sync 1 DAGs
[2026-03-15T07:31:58.336+0000] {logging_mixin.py:149} INFO - [2026-03-15T07:31:58.336+0000] {dag.py:3490} INFO - Setting next_dagrun for dag_postgres_single_api_test to None, run_after=None
[2026-03-15T07:31:58.342+0000] {processor.py:178} INFO - Processing /opt/airflow/dags/dag.py took 0.034 seconds
[2026-03-15T07:32:28.750+0000] {processor.py:156} INFO - Started process (PID=7002) to work on /opt/airflow/dags/dag.py
[2026-03-15T07:32:28.751+0000] {processor.py:799} INFO - Processing file /opt/airflow/dags/dag.py for tasks to queue
[2026-03-15T07:32:28.751+0000] {logging_mixin.py:149} INFO - [2026-03-15T07:32:28.751+0000] {dagbag.py:541} INFO - Filling up the DagBag from /opt/airflow/dags/dag.py
[2026-03-15T07:32:28.757+0000] {processor.py:809} INFO - DAG(s) dict_keys(['dag_postgres_single_api_test']) retrieved from /opt/airflow/dags/dag.py
[2026-03-15T07:32:28.777+0000] {logging_mixin.py:149} INFO - [2026-03-15T07:32:28.777+0000] {dag.py:2726} INFO - Sync 1 DAGs
[2026-03-15T07:32:28.789+0000] {logging_mixin.py:149} INFO - [2026-03-15T07:32:28.789+0000] {dag.py:3490} INFO - Setting next_dagrun for dag_postgres_single_api_test to None, run_after=None
[2026-03-15T07:32:28.795+0000] {processor.py:178} INFO - Processing /opt/airflow/dags/dag.py took 0.047 seconds
[2026-03-15T07:32:59.225+0000] {processor.py:156} INFO - Started process (PID=7035) to work on /opt/airflow/dags/dag.py
[2026-03-15T07:32:59.225+0000] {processor.py:799} INFO - Processing file /opt/airflow/dags/dag.py for tasks to queue
[2026-03-15T07:32:59.225+0000] {logging_mixin.py:149} INFO - [2026-03-15T07:32:59.225+0000] {dagbag.py:541} INFO - Filling up the DagBag from /opt/airflow/dags/dag.py
[2026-03-15T07:32:59.229+0000] {processor.py:809} INFO - DAG(s) dict_keys(['dag_postgres_single_api_test']) retrieved from /opt/airflow/dags/dag.py
[2026-03-15T07:32:59.240+0000] {logging_mixin.py:149} INFO - [2026-03-15T07:32:59.239+0000] {dag.py:2726} INFO - Sync 1 DAGs
[2026-03-15T07:32:59.249+0000] {logging_mixin.py:149} INFO - [2026-03-15T07:32:59.249+0000] {dag.py:3490} INFO - Setting next_dagrun for dag_postgres_single_api_test to None, run_after=None
[2026-03-15T07:32:59.255+0000] {processor.py:178} INFO - Processing /opt/airflow/dags/dag.py took 0.031 seconds
[2026-03-15T07:33:29.637+0000] {processor.py:156} INFO - Started process (PID=7066) to work on /opt/airflow/dags/dag.py
[2026-03-15T07:33:29.639+0000] {processor.py:799} INFO - Processing file /opt/airflow/dags/dag.py for tasks to queue
[2026-03-15T07:33:29.639+0000] {logging_mixin.py:149} INFO - [2026-03-15T07:33:29.639+0000] {dagbag.py:541} INFO - Filling up the DagBag from /opt/airflow/dags/dag.py
[2026-03-15T07:33:29.656+0000] {processor.py:809} INFO - DAG(s) dict_keys(['dag_postgres_single_api_test']) retrieved from /opt/airflow/dags/dag.py
[2026-03-15T07:33:29.667+0000] {logging_mixin.py:149} INFO - [2026-03-15T07:33:29.667+0000] {dag.py:2726} INFO - Sync 1 DAGs
[2026-03-15T07:33:29.677+0000] {logging_mixin.py:149} INFO - [2026-03-15T07:33:29.677+0000] {dag.py:3490} INFO - Setting next_dagrun for dag_postgres_single_api_test to None, run_after=None
[2026-03-15T07:33:29.683+0000] {processor.py:178} INFO - Processing /opt/airflow/dags/dag.py took 0.048 seconds
[2026-03-15T07:34:00.113+0000] {processor.py:156} INFO - Started process (PID=7098) to work on /opt/airflow/dags/dag.py
[2026-03-15T07:34:00.114+0000] {processor.py:799} INFO - Processing file /opt/airflow/dags/dag.py for tasks to queue
[2026-03-15T07:34:00.114+0000] {logging_mixin.py:149} INFO - [2026-03-15T07:34:00.114+0000] {dagbag.py:541} INFO - Filling up the DagBag from /opt/airflow/dags/dag.py
[2026-03-15T07:34:00.121+0000] {processor.py:809} INFO - DAG(s) dict_keys(['dag_postgres_single_api_test']) retrieved from /opt/airflow/dags/dag.py
[2026-03-15T07:34:00.137+0000] {logging_mixin.py:149} INFO - [2026-03-15T07:34:00.137+0000] {dag.py:2726} INFO - Sync 1 DAGs
[2026-03-15T07:34:00.146+0000] {logging_mixin.py:149} INFO - [2026-03-15T07:34:00.146+0000] {dag.py:3490} INFO - Setting next_dagrun for dag_postgres_single_api_test to None, run_after=None
[2026-03-15T07:34:00.151+0000] {processor.py:178} INFO - Processing /opt/airflow/dags/dag.py took 0.040 seconds
[2026-03-15T07:34:30.552+0000] {processor.py:156} INFO - Started process (PID=7130) to work on /opt/airflow/dags/dag.py
[2026-03-15T07:34:30.553+0000] {processor.py:799} INFO - Processing file /opt/airflow/dags/dag.py for tasks to queue
[2026-03-15T07:34:30.553+0000] {logging_mixin.py:149} INFO - [2026-03-15T07:34:30.553+0000] {dagbag.py:541} INFO - Filling up the DagBag from /opt/airflow/dags/dag.py
[2026-03-15T07:34:30.558+0000] {processor.py:809} INFO - DAG(s) dict_keys(['dag_postgres_single_api_test']) retrieved from /opt/airflow/dags/dag.py
[2026-03-15T07:34:30.573+0000] {logging_mixin.py:149} INFO - [2026-03-15T07:34:30.572+0000] {dag.py:2726} INFO - Sync 1 DAGs
[2026-03-15T07:34:30.586+0000] {logging_mixin.py:149} INFO - [2026-03-15T07:34:30.586+0000] {dag.py:3490} INFO - Setting next_dagrun for dag_postgres_single_api_test to None, run_after=None
[2026-03-15T07:34:30.594+0000] {processor.py:178} INFO - Processing /opt/airflow/dags/dag.py took 0.044 seconds
[2026-03-15T08:02:30.309+0000] {processor.py:156} INFO - Started process (PID=7162) to work on /opt/airflow/dags/dag.py
[2026-03-15T08:02:30.312+0000] {processor.py:799} INFO - Processing file /opt/airflow/dags/dag.py for tasks to queue
[2026-03-15T08:02:30.313+0000] {logging_mixin.py:149} INFO - [2026-03-15T08:02:30.313+0000] {dagbag.py:541} INFO - Filling up the DagBag from /opt/airflow/dags/dag.py
[2026-03-15T08:02:30.324+0000] {processor.py:809} INFO - DAG(s) dict_keys(['dag_postgres_single_api_test']) retrieved from /opt/airflow/dags/dag.py
[2026-03-15T08:02:30.351+0000] {logging_mixin.py:149} INFO - [2026-03-15T08:02:30.351+0000] {dag.py:2726} INFO - Sync 1 DAGs
[2026-03-15T08:02:30.373+0000] {logging_mixin.py:149} INFO - [2026-03-15T08:02:30.373+0000] {dag.py:3490} INFO - Setting next_dagrun for dag_postgres_single_api_test to None, run_after=None
[2026-03-15T08:02:30.391+0000] {processor.py:178} INFO - Processing /opt/airflow/dags/dag.py took 0.084 seconds
[2026-03-15T08:11:08.998+0000] {processor.py:156} INFO - Started process (PID=7194) to work on /opt/airflow/dags/dag.py
[2026-03-15T08:11:08.998+0000] {processor.py:799} INFO - Processing file /opt/airflow/dags/dag.py for tasks to queue
[2026-03-15T08:11:08.999+0000] {logging_mixin.py:149} INFO - [2026-03-15T08:11:08.999+0000] {dagbag.py:541} INFO - Filling up the DagBag from /opt/airflow/dags/dag.py
[2026-03-15T08:11:09.002+0000] {processor.py:809} INFO - DAG(s) dict_keys(['dag_postgres_single_api_test']) retrieved from /opt/airflow/dags/dag.py
[2026-03-15T08:11:09.014+0000] {logging_mixin.py:149} INFO - [2026-03-15T08:11:09.014+0000] {dag.py:2726} INFO - Sync 1 DAGs
[2026-03-15T08:11:09.023+0000] {logging_mixin.py:149} INFO - [2026-03-15T08:11:09.023+0000] {dag.py:3490} INFO - Setting next_dagrun for dag_postgres_single_api_test to None, run_after=None
[2026-03-15T08:11:09.029+0000] {processor.py:178} INFO - Processing /opt/airflow/dags/dag.py took 0.032 seconds
[2026-03-15T08:27:54.626+0000] {processor.py:156} INFO - Started process (PID=7225) to work on /opt/airflow/dags/dag.py
[2026-03-15T08:27:54.627+0000] {processor.py:799} INFO - Processing file /opt/airflow/dags/dag.py for tasks to queue
[2026-03-15T08:27:54.628+0000] {logging_mixin.py:149} INFO - [2026-03-15T08:27:54.628+0000] {dagbag.py:541} INFO - Filling up the DagBag from /opt/airflow/dags/dag.py
[2026-03-15T08:27:54.634+0000] {processor.py:809} INFO - DAG(s) dict_keys(['dag_postgres_single_api_test']) retrieved from /opt/airflow/dags/dag.py
[2026-03-15T08:27:54.647+0000] {logging_mixin.py:149} INFO - [2026-03-15T08:27:54.647+0000] {dag.py:2726} INFO - Sync 1 DAGs
[2026-03-15T08:27:54.656+0000] {logging_mixin.py:149} INFO - [2026-03-15T08:27:54.656+0000] {dag.py:3490} INFO - Setting next_dagrun for dag_postgres_single_api_test to None, run_after=None
[2026-03-15T08:27:54.663+0000] {processor.py:178} INFO - Processing /opt/airflow/dags/dag.py took 0.038 seconds
[2026-03-15T08:28:25.052+0000] {processor.py:156} INFO - Started process (PID=7259) to work on /opt/airflow/dags/dag.py
[2026-03-15T08:28:25.053+0000] {processor.py:799} INFO - Processing file /opt/airflow/dags/dag.py for tasks to queue
[2026-03-15T08:28:25.054+0000] {logging_mixin.py:149} INFO - [2026-03-15T08:28:25.054+0000] {dagbag.py:541} INFO - Filling up the DagBag from /opt/airflow/dags/dag.py
[2026-03-15T08:28:25.061+0000] {processor.py:809} INFO - DAG(s) dict_keys(['dag_postgres_single_api_test']) retrieved from /opt/airflow/dags/dag.py
[2026-03-15T08:28:25.072+0000] {logging_mixin.py:149} INFO - [2026-03-15T08:28:25.072+0000] {dag.py:2726} INFO - Sync 1 DAGs
[2026-03-15T08:28:25.080+0000] {logging_mixin.py:149} INFO - [2026-03-15T08:28:25.080+0000] {dag.py:3490} INFO - Setting next_dagrun for dag_postgres_single_api_test to None, run_after=None
[2026-03-15T08:28:25.087+0000] {processor.py:178} INFO - Processing /opt/airflow/dags/dag.py took 0.038 seconds
[2026-03-15T08:30:35.098+0000] {processor.py:156} INFO - Started process (PID=7292) to work on /opt/airflow/dags/dag.py
[2026-03-15T08:30:35.099+0000] {processor.py:799} INFO - Processing file /opt/airflow/dags/dag.py for tasks to queue
[2026-03-15T08:30:35.099+0000] {logging_mixin.py:149} INFO - [2026-03-15T08:30:35.099+0000] {dagbag.py:541} INFO - Filling up the DagBag from /opt/airflow/dags/dag.py
[2026-03-15T08:30:35.106+0000] {processor.py:809} INFO - DAG(s) dict_keys(['dag_postgres_single_api_test']) retrieved from /opt/airflow/dags/dag.py
[2026-03-15T08:30:35.123+0000] {logging_mixin.py:149} INFO - [2026-03-15T08:30:35.123+0000] {dag.py:2726} INFO - Sync 1 DAGs
[2026-03-15T08:30:35.133+0000] {logging_mixin.py:149} INFO - [2026-03-15T08:30:35.132+0000] {dag.py:3490} INFO - Setting next_dagrun for dag_postgres_single_api_test to None, run_after=None
[2026-03-15T08:30:35.139+0000] {processor.py:178} INFO - Processing /opt/airflow/dags/dag.py took 0.043 seconds
[2026-03-15T09:02:58.000+0000] {processor.py:156} INFO - Started process (PID=7326) to work on /opt/airflow/dags/dag.py
[2026-03-15T09:02:58.002+0000] {processor.py:799} INFO - Processing file /opt/airflow/dags/dag.py for tasks to queue
[2026-03-15T09:02:58.003+0000] {logging_mixin.py:149} INFO - [2026-03-15T09:02:58.003+0000] {dagbag.py:541} INFO - Filling up the DagBag from /opt/airflow/dags/dag.py
[2026-03-15T09:02:58.014+0000] {processor.py:809} INFO - DAG(s) dict_keys(['dag_postgres_single_api_test']) retrieved from /opt/airflow/dags/dag.py
[2026-03-15T09:02:58.038+0000] {logging_mixin.py:149} INFO - [2026-03-15T09:02:58.038+0000] {dag.py:2726} INFO - Sync 1 DAGs
[2026-03-15T09:02:58.061+0000] {logging_mixin.py:149} INFO - [2026-03-15T09:02:58.061+0000] {dag.py:3490} INFO - Setting next_dagrun for dag_postgres_single_api_test to None, run_after=None
[2026-03-15T09:02:58.080+0000] {processor.py:178} INFO - Processing /opt/airflow/dags/dag.py took 0.083 seconds
[2026-03-15T09:14:53.169+0000] {processor.py:156} INFO - Started process (PID=7361) to work on /opt/airflow/dags/dag.py
[2026-03-15T09:14:53.170+0000] {processor.py:799} INFO - Processing file /opt/airflow/dags/dag.py for tasks to queue
[2026-03-15T09:14:53.171+0000] {logging_mixin.py:149} INFO - [2026-03-15T09:14:53.170+0000] {dagbag.py:541} INFO - Filling up the DagBag from /opt/airflow/dags/dag.py
[2026-03-15T09:14:53.178+0000] {processor.py:809} INFO - DAG(s) dict_keys(['dag_postgres_single_api_test']) retrieved from /opt/airflow/dags/dag.py
[2026-03-15T09:14:53.203+0000] {logging_mixin.py:149} INFO - [2026-03-15T09:14:53.203+0000] {dag.py:2726} INFO - Sync 1 DAGs
[2026-03-15T09:14:53.227+0000] {logging_mixin.py:149} INFO - [2026-03-15T09:14:53.226+0000] {dag.py:3490} INFO - Setting next_dagrun for dag_postgres_single_api_test to None, run_after=None
[2026-03-15T09:14:53.244+0000] {processor.py:178} INFO - Processing /opt/airflow/dags/dag.py took 0.078 seconds
[2026-03-15T09:15:23.719+0000] {processor.py:156} INFO - Started process (PID=7392) to work on /opt/airflow/dags/dag.py
[2026-03-15T09:15:23.721+0000] {processor.py:799} INFO - Processing file /opt/airflow/dags/dag.py for tasks to queue
[2026-03-15T09:15:23.722+0000] {logging_mixin.py:149} INFO - [2026-03-15T09:15:23.722+0000] {dagbag.py:541} INFO - Filling up the DagBag from /opt/airflow/dags/dag.py
[2026-03-15T09:15:23.725+0000] {processor.py:809} INFO - DAG(s) dict_keys(['dag_postgres_single_api_test']) retrieved from /opt/airflow/dags/dag.py
[2026-03-15T09:15:23.737+0000] {logging_mixin.py:149} INFO - [2026-03-15T09:15:23.737+0000] {dag.py:2726} INFO - Sync 1 DAGs
[2026-03-15T09:15:23.745+0000] {logging_mixin.py:149} INFO - [2026-03-15T09:15:23.745+0000] {dag.py:3490} INFO - Setting next_dagrun for dag_postgres_single_api_test to None, run_after=None
[2026-03-15T09:15:23.751+0000] {processor.py:178} INFO - Processing /opt/airflow/dags/dag.py took 0.034 seconds
[2026-03-15T09:15:54.205+0000] {processor.py:156} INFO - Started process (PID=7424) to work on /opt/airflow/dags/dag.py
[2026-03-15T09:15:54.206+0000] {processor.py:799} INFO - Processing file /opt/airflow/dags/dag.py for tasks to queue
[2026-03-15T09:15:54.206+0000] {logging_mixin.py:149} INFO - [2026-03-15T09:15:54.206+0000] {dagbag.py:541} INFO - Filling up the DagBag from /opt/airflow/dags/dag.py
[2026-03-15T09:15:54.209+0000] {processor.py:809} INFO - DAG(s) dict_keys(['dag_postgres_single_api_test']) retrieved from /opt/airflow/dags/dag.py
[2026-03-15T09:15:54.220+0000] {logging_mixin.py:149} INFO - [2026-03-15T09:15:54.220+0000] {dag.py:2726} INFO - Sync 1 DAGs
[2026-03-15T09:15:54.230+0000] {logging_mixin.py:149} INFO - [2026-03-15T09:15:54.230+0000] {dag.py:3490} INFO - Setting next_dagrun for dag_postgres_single_api_test to None, run_after=None
[2026-03-15T09:15:54.236+0000] {processor.py:178} INFO - Processing /opt/airflow/dags/dag.py took 0.032 seconds
[2026-03-15T09:16:24.723+0000] {processor.py:156} INFO - Started process (PID=7456) to work on /opt/airflow/dags/dag.py
[2026-03-15T09:16:24.724+0000] {processor.py:799} INFO - Processing file /opt/airflow/dags/dag.py for tasks to queue
[2026-03-15T09:16:24.725+0000] {logging_mixin.py:149} INFO - [2026-03-15T09:16:24.725+0000] {dagbag.py:541} INFO - Filling up the DagBag from /opt/airflow/dags/dag.py
[2026-03-15T09:16:24.729+0000] {processor.py:809} INFO - DAG(s) dict_keys(['dag_postgres_single_api_test']) retrieved from /opt/airflow/dags/dag.py
[2026-03-15T09:16:24.740+0000] {logging_mixin.py:149} INFO - [2026-03-15T09:16:24.740+0000] {dag.py:2726} INFO - Sync 1 DAGs
[2026-03-15T09:16:24.749+0000] {logging_mixin.py:149} INFO - [2026-03-15T09:16:24.749+0000] {dag.py:3490} INFO - Setting next_dagrun for dag_postgres_single_api_test to None, run_after=None
[2026-03-15T09:16:24.754+0000] {processor.py:178} INFO - Processing /opt/airflow/dags/dag.py took 0.033 seconds
[2026-03-15T09:16:55.189+0000] {processor.py:156} INFO - Started process (PID=7489) to work on /opt/airflow/dags/dag.py
[2026-03-15T09:16:55.191+0000] {processor.py:799} INFO - Processing file /opt/airflow/dags/dag.py for tasks to queue
[2026-03-15T09:16:55.192+0000] {logging_mixin.py:149} INFO - [2026-03-15T09:16:55.192+0000] {dagbag.py:541} INFO - Filling up the DagBag from /opt/airflow/dags/dag.py
[2026-03-15T09:16:55.196+0000] {processor.py:809} INFO - DAG(s) dict_keys(['dag_postgres_single_api_test']) retrieved from /opt/airflow/dags/dag.py
[2026-03-15T09:16:55.208+0000] {logging_mixin.py:149} INFO - [2026-03-15T09:16:55.208+0000] {dag.py:2726} INFO - Sync 1 DAGs
[2026-03-15T09:16:55.217+0000] {logging_mixin.py:149} INFO - [2026-03-15T09:16:55.217+0000] {dag.py:3490} INFO - Setting next_dagrun for dag_postgres_single_api_test to None, run_after=None
[2026-03-15T09:16:55.223+0000] {processor.py:178} INFO - Processing /opt/airflow/dags/dag.py took 0.036 seconds
[2026-03-15T09:17:25.621+0000] {processor.py:156} INFO - Started process (PID=7521) to work on /opt/airflow/dags/dag.py
[2026-03-15T09:17:25.621+0000] {processor.py:799} INFO - Processing file /opt/airflow/dags/dag.py for tasks to queue
[2026-03-15T09:17:25.621+0000] {logging_mixin.py:149} INFO - [2026-03-15T09:17:25.621+0000] {dagbag.py:541} INFO - Filling up the DagBag from /opt/airflow/dags/dag.py
[2026-03-15T09:17:25.625+0000] {processor.py:809} INFO - DAG(s) dict_keys(['dag_postgres_single_api_test']) retrieved from /opt/airflow/dags/dag.py
[2026-03-15T09:17:25.636+0000] {logging_mixin.py:149} INFO - [2026-03-15T09:17:25.636+0000] {dag.py:2726} INFO - Sync 1 DAGs
[2026-03-15T09:17:25.644+0000] {logging_mixin.py:149} INFO - [2026-03-15T09:17:25.644+0000] {dag.py:3490} INFO - Setting next_dagrun for dag_postgres_single_api_test to None, run_after=None
[2026-03-15T09:17:25.651+0000] {processor.py:178} INFO - Processing /opt/airflow/dags/dag.py took 0.032 seconds
[2026-03-15T10:42:01.282+0000] {processor.py:156} INFO - Started process (PID=7553) to work on /opt/airflow/dags/dag.py
[2026-03-15T10:42:01.283+0000] {processor.py:799} INFO - Processing file /opt/airflow/dags/dag.py for tasks to queue
[2026-03-15T10:42:01.285+0000] {logging_mixin.py:149} INFO - [2026-03-15T10:42:01.285+0000] {dagbag.py:541} INFO - Filling up the DagBag from /opt/airflow/dags/dag.py
[2026-03-15T10:42:01.295+0000] {processor.py:809} INFO - DAG(s) dict_keys(['dag_postgres_single_api_test']) retrieved from /opt/airflow/dags/dag.py
[2026-03-15T10:42:01.324+0000] {logging_mixin.py:149} INFO - [2026-03-15T10:42:01.323+0000] {dag.py:2726} INFO - Sync 1 DAGs
[2026-03-15T10:42:01.355+0000] {logging_mixin.py:149} INFO - [2026-03-15T10:42:01.355+0000] {dag.py:3490} INFO - Setting next_dagrun for dag_postgres_single_api_test to None, run_after=None
[2026-03-15T10:42:01.385+0000] {processor.py:178} INFO - Processing /opt/airflow/dags/dag.py took 0.107 seconds
[2026-03-15T11:37:31.840+0000] {processor.py:156} INFO - Started process (PID=7584) to work on /opt/airflow/dags/dag.py
[2026-03-15T11:37:31.841+0000] {processor.py:799} INFO - Processing file /opt/airflow/dags/dag.py for tasks to queue
[2026-03-15T11:37:31.842+0000] {logging_mixin.py:149} INFO - [2026-03-15T11:37:31.842+0000] {dagbag.py:541} INFO - Filling up the DagBag from /opt/airflow/dags/dag.py
[2026-03-15T11:37:31.851+0000] {processor.py:809} INFO - DAG(s) dict_keys(['dag_postgres_single_api_test']) retrieved from /opt/airflow/dags/dag.py
[2026-03-15T11:37:31.879+0000] {logging_mixin.py:149} INFO - [2026-03-15T11:37:31.879+0000] {dag.py:2726} INFO - Sync 1 DAGs
[2026-03-15T11:37:31.899+0000] {logging_mixin.py:149} INFO - [2026-03-15T11:37:31.899+0000] {dag.py:3490} INFO - Setting next_dagrun for dag_postgres_single_api_test to None, run_after=None
[2026-03-15T11:37:31.912+0000] {processor.py:178} INFO - Processing /opt/airflow/dags/dag.py took 0.076 seconds
[2026-03-15T11:38:02.258+0000] {processor.py:156} INFO - Started process (PID=7602) to work on /opt/airflow/dags/dag.py
[2026-03-15T11:38:02.262+0000] {processor.py:799} INFO - Processing file /opt/airflow/dags/dag.py for tasks to queue
[2026-03-15T11:38:02.263+0000] {logging_mixin.py:149} INFO - [2026-03-15T11:38:02.263+0000] {dagbag.py:541} INFO - Filling up the DagBag from /opt/airflow/dags/dag.py
[2026-03-15T11:38:02.270+0000] {processor.py:809} INFO - DAG(s) dict_keys(['dag_postgres_single_api_test']) retrieved from /opt/airflow/dags/dag.py
[2026-03-15T11:38:02.287+0000] {logging_mixin.py:149} INFO - [2026-03-15T11:38:02.287+0000] {dag.py:2726} INFO - Sync 1 DAGs
[2026-03-15T11:38:02.303+0000] {logging_mixin.py:149} INFO - [2026-03-15T11:38:02.303+0000] {dag.py:3490} INFO - Setting next_dagrun for dag_postgres_single_api_test to None, run_after=None
[2026-03-15T11:38:02.312+0000] {processor.py:178} INFO - Processing /opt/airflow/dags/dag.py took 0.056 seconds
[2026-03-15T12:10:35.522+0000] {processor.py:156} INFO - Started process (PID=7650) to work on /opt/airflow/dags/dag.py
[2026-03-15T12:10:35.523+0000] {processor.py:799} INFO - Processing file /opt/airflow/dags/dag.py for tasks to queue
[2026-03-15T12:10:35.523+0000] {logging_mixin.py:149} INFO - [2026-03-15T12:10:35.523+0000] {dagbag.py:541} INFO - Filling up the DagBag from /opt/airflow/dags/dag.py
[2026-03-15T12:10:35.530+0000] {processor.py:809} INFO - DAG(s) dict_keys(['dag_postgres_single_api_test']) retrieved from /opt/airflow/dags/dag.py
[2026-03-15T12:10:35.543+0000] {logging_mixin.py:149} INFO - [2026-03-15T12:10:35.543+0000] {dag.py:2726} INFO - Sync 1 DAGs
[2026-03-15T12:10:35.552+0000] {logging_mixin.py:149} INFO - [2026-03-15T12:10:35.552+0000] {dag.py:3490} INFO - Setting next_dagrun for dag_postgres_single_api_test to None, run_after=None
[2026-03-15T12:10:35.558+0000] {processor.py:178} INFO - Processing /opt/airflow/dags/dag.py took 0.038 seconds
[2026-03-15T12:11:05.988+0000] {processor.py:156} INFO - Started process (PID=7683) to work on /opt/airflow/dags/dag.py
[2026-03-15T12:11:05.988+0000] {processor.py:799} INFO - Processing file /opt/airflow/dags/dag.py for tasks to queue
[2026-03-15T12:11:05.989+0000] {logging_mixin.py:149} INFO - [2026-03-15T12:11:05.988+0000] {dagbag.py:541} INFO - Filling up the DagBag from /opt/airflow/dags/dag.py
[2026-03-15T12:11:05.992+0000] {processor.py:809} INFO - DAG(s) dict_keys(['dag_postgres_single_api_test']) retrieved from /opt/airflow/dags/dag.py
[2026-03-15T12:11:06.004+0000] {logging_mixin.py:149} INFO - [2026-03-15T12:11:06.004+0000] {dag.py:2726} INFO - Sync 1 DAGs
[2026-03-15T12:11:06.013+0000] {logging_mixin.py:149} INFO - [2026-03-15T12:11:06.013+0000] {dag.py:3490} INFO - Setting next_dagrun for dag_postgres_single_api_test to None, run_after=None
[2026-03-15T12:11:06.020+0000] {processor.py:178} INFO - Processing /opt/airflow/dags/dag.py took 0.033 seconds
[2026-03-15T12:11:36.542+0000] {processor.py:156} INFO - Started process (PID=7715) to work on /opt/airflow/dags/dag.py
[2026-03-15T12:11:36.542+0000] {processor.py:799} INFO - Processing file /opt/airflow/dags/dag.py for tasks to queue
[2026-03-15T12:11:36.543+0000] {logging_mixin.py:149} INFO - [2026-03-15T12:11:36.543+0000] {dagbag.py:541} INFO - Filling up the DagBag from /opt/airflow/dags/dag.py
[2026-03-15T12:11:36.546+0000] {processor.py:809} INFO - DAG(s) dict_keys(['dag_postgres_single_api_test']) retrieved from /opt/airflow/dags/dag.py
[2026-03-15T12:11:36.558+0000] {logging_mixin.py:149} INFO - [2026-03-15T12:11:36.558+0000] {dag.py:2726} INFO - Sync 1 DAGs
[2026-03-15T12:11:36.567+0000] {logging_mixin.py:149} INFO - [2026-03-15T12:11:36.567+0000] {dag.py:3490} INFO - Setting next_dagrun for dag_postgres_single_api_test to None, run_after=None
[2026-03-15T12:11:36.574+0000] {processor.py:178} INFO - Processing /opt/airflow/dags/dag.py took 0.034 seconds
[2026-03-15T12:12:06.966+0000] {processor.py:156} INFO - Started process (PID=7746) to work on /opt/airflow/dags/dag.py
[2026-03-15T12:12:06.966+0000] {processor.py:799} INFO - Processing file /opt/airflow/dags/dag.py for tasks to queue
[2026-03-15T12:12:06.967+0000] {logging_mixin.py:149} INFO - [2026-03-15T12:12:06.967+0000] {dagbag.py:541} INFO - Filling up the DagBag from /opt/airflow/dags/dag.py
[2026-03-15T12:12:06.973+0000] {processor.py:809} INFO - DAG(s) dict_keys(['dag_postgres_single_api_test']) retrieved from /opt/airflow/dags/dag.py
[2026-03-15T12:12:06.990+0000] {logging_mixin.py:149} INFO - [2026-03-15T12:12:06.990+0000] {dag.py:2726} INFO - Sync 1 DAGs
[2026-03-15T12:12:06.999+0000] {logging_mixin.py:149} INFO - [2026-03-15T12:12:06.999+0000] {dag.py:3490} INFO - Setting next_dagrun for dag_postgres_single_api_test to None, run_after=None
[2026-03-15T12:12:07.005+0000] {processor.py:178} INFO - Processing /opt/airflow/dags/dag.py took 0.041 seconds
[2026-03-15T12:12:37.431+0000] {processor.py:156} INFO - Started process (PID=7778) to work on /opt/airflow/dags/dag.py
[2026-03-15T12:12:37.432+0000] {processor.py:799} INFO - Processing file /opt/airflow/dags/dag.py for tasks to queue
[2026-03-15T12:12:37.434+0000] {logging_mixin.py:149} INFO - [2026-03-15T12:12:37.434+0000] {dagbag.py:541} INFO - Filling up the DagBag from /opt/airflow/dags/dag.py
[2026-03-15T12:12:37.440+0000] {processor.py:809} INFO - DAG(s) dict_keys(['dag_postgres_single_api_test']) retrieved from /opt/airflow/dags/dag.py
[2026-03-15T12:12:37.452+0000] {logging_mixin.py:149} INFO - [2026-03-15T12:12:37.452+0000] {dag.py:2726} INFO - Sync 1 DAGs
[2026-03-15T12:12:37.462+0000] {logging_mixin.py:149} INFO - [2026-03-15T12:12:37.462+0000] {dag.py:3490} INFO - Setting next_dagrun for dag_postgres_single_api_test to None, run_after=None
[2026-03-15T12:12:37.471+0000] {processor.py:178} INFO - Processing /opt/airflow/dags/dag.py took 0.041 seconds
[2026-03-15T12:13:07.929+0000] {processor.py:156} INFO - Started process (PID=7811) to work on /opt/airflow/dags/dag.py
[2026-03-15T12:13:07.929+0000] {processor.py:799} INFO - Processing file /opt/airflow/dags/dag.py for tasks to queue
[2026-03-15T12:13:07.930+0000] {logging_mixin.py:149} INFO - [2026-03-15T12:13:07.930+0000] {dagbag.py:541} INFO - Filling up the DagBag from /opt/airflow/dags/dag.py
[2026-03-15T12:13:07.933+0000] {processor.py:809} INFO - DAG(s) dict_keys(['dag_postgres_single_api_test']) retrieved from /opt/airflow/dags/dag.py
[2026-03-15T12:13:07.944+0000] {logging_mixin.py:149} INFO - [2026-03-15T12:13:07.944+0000] {dag.py:2726} INFO - Sync 1 DAGs
[2026-03-15T12:13:07.953+0000] {logging_mixin.py:149} INFO - [2026-03-15T12:13:07.953+0000] {dag.py:3490} INFO - Setting next_dagrun for dag_postgres_single_api_test to None, run_after=None
[2026-03-15T12:13:07.960+0000] {processor.py:178} INFO - Processing /opt/airflow/dags/dag.py took 0.032 seconds
[2026-03-15T12:15:45.569+0000] {processor.py:156} INFO - Started process (PID=7842) to work on /opt/airflow/dags/dag.py
[2026-03-15T12:15:45.570+0000] {processor.py:799} INFO - Processing file /opt/airflow/dags/dag.py for tasks to queue
[2026-03-15T12:15:45.570+0000] {logging_mixin.py:149} INFO - [2026-03-15T12:15:45.570+0000] {dagbag.py:541} INFO - Filling up the DagBag from /opt/airflow/dags/dag.py
[2026-03-15T12:15:45.577+0000] {processor.py:809} INFO - DAG(s) dict_keys(['dag_postgres_single_api_test']) retrieved from /opt/airflow/dags/dag.py
[2026-03-15T12:15:45.599+0000] {logging_mixin.py:149} INFO - [2026-03-15T12:15:45.599+0000] {dag.py:2726} INFO - Sync 1 DAGs
[2026-03-15T12:15:45.609+0000] {logging_mixin.py:149} INFO - [2026-03-15T12:15:45.609+0000] {dag.py:3490} INFO - Setting next_dagrun for dag_postgres_single_api_test to None, run_after=None
[2026-03-15T12:15:45.616+0000] {processor.py:178} INFO - Processing /opt/airflow/dags/dag.py took 0.049 seconds
[2026-03-15T13:16:31.529+0000] {processor.py:156} INFO - Started process (PID=7875) to work on /opt/airflow/dags/dag.py
[2026-03-15T13:16:31.530+0000] {processor.py:799} INFO - Processing file /opt/airflow/dags/dag.py for tasks to queue
[2026-03-15T13:16:31.531+0000] {logging_mixin.py:149} INFO - [2026-03-15T13:16:31.531+0000] {dagbag.py:541} INFO - Filling up the DagBag from /opt/airflow/dags/dag.py
[2026-03-15T13:16:31.543+0000] {processor.py:809} INFO - DAG(s) dict_keys(['dag_postgres_single_api_test']) retrieved from /opt/airflow/dags/dag.py
[2026-03-15T13:16:31.584+0000] {logging_mixin.py:149} INFO - [2026-03-15T13:16:31.584+0000] {dag.py:2726} INFO - Sync 1 DAGs
[2026-03-15T13:16:31.632+0000] {logging_mixin.py:149} INFO - [2026-03-15T13:16:31.631+0000] {dag.py:3490} INFO - Setting next_dagrun for dag_postgres_single_api_test to None, run_after=None
[2026-03-15T13:16:31.672+0000] {processor.py:178} INFO - Processing /opt/airflow/dags/dag.py took 0.148 seconds
[2026-03-15T13:17:01.750+0000] {processor.py:156} INFO - Started process (PID=7892) to work on /opt/airflow/dags/dag.py
[2026-03-15T13:17:01.751+0000] {processor.py:799} INFO - Processing file /opt/airflow/dags/dag.py for tasks to queue
[2026-03-15T13:17:01.751+0000] {logging_mixin.py:149} INFO - [2026-03-15T13:17:01.751+0000] {dagbag.py:541} INFO - Filling up the DagBag from /opt/airflow/dags/dag.py
[2026-03-15T13:17:01.756+0000] {processor.py:809} INFO - DAG(s) dict_keys(['dag_postgres_single_api_test']) retrieved from /opt/airflow/dags/dag.py
[2026-03-15T13:17:01.770+0000] {logging_mixin.py:149} INFO - [2026-03-15T13:17:01.770+0000] {dag.py:2726} INFO - Sync 1 DAGs
[2026-03-15T13:17:01.782+0000] {logging_mixin.py:149} INFO - [2026-03-15T13:17:01.782+0000] {dag.py:3490} INFO - Setting next_dagrun for dag_postgres_single_api_test to None, run_after=None
[2026-03-15T13:17:01.792+0000] {processor.py:178} INFO - Processing /opt/airflow/dags/dag.py took 0.044 seconds
[2026-03-15T13:52:27.982+0000] {processor.py:156} INFO - Started process (PID=7941) to work on /opt/airflow/dags/dag.py
[2026-03-15T13:52:27.982+0000] {processor.py:799} INFO - Processing file /opt/airflow/dags/dag.py for tasks to queue
[2026-03-15T13:52:27.982+0000] {logging_mixin.py:149} INFO - [2026-03-15T13:52:27.982+0000] {dagbag.py:541} INFO - Filling up the DagBag from /opt/airflow/dags/dag.py
[2026-03-15T13:52:27.986+0000] {processor.py:809} INFO - DAG(s) dict_keys(['dag_postgres_single_api_test']) retrieved from /opt/airflow/dags/dag.py
[2026-03-15T13:52:27.997+0000] {logging_mixin.py:149} INFO - [2026-03-15T13:52:27.997+0000] {dag.py:2726} INFO - Sync 1 DAGs
[2026-03-15T13:52:28.008+0000] {logging_mixin.py:149} INFO - [2026-03-15T13:52:28.008+0000] {dag.py:3490} INFO - Setting next_dagrun for dag_postgres_single_api_test to None, run_after=None
[2026-03-15T13:52:28.014+0000] {processor.py:178} INFO - Processing /opt/airflow/dags/dag.py took 0.034 seconds
[2026-03-15T13:52:58.354+0000] {processor.py:156} INFO - Started process (PID=7958) to work on /opt/airflow/dags/dag.py
[2026-03-15T13:52:58.356+0000] {processor.py:799} INFO - Processing file /opt/airflow/dags/dag.py for tasks to queue
[2026-03-15T13:52:58.357+0000] {logging_mixin.py:149} INFO - [2026-03-15T13:52:58.357+0000] {dagbag.py:541} INFO - Filling up the DagBag from /opt/airflow/dags/dag.py
[2026-03-15T13:52:58.367+0000] {processor.py:809} INFO - DAG(s) dict_keys(['dag_postgres_single_api_test']) retrieved from /opt/airflow/dags/dag.py
[2026-03-15T13:52:58.383+0000] {logging_mixin.py:149} INFO - [2026-03-15T13:52:58.383+0000] {dag.py:2726} INFO - Sync 1 DAGs
[2026-03-15T13:52:58.396+0000] {logging_mixin.py:149} INFO - [2026-03-15T13:52:58.396+0000] {dag.py:3490} INFO - Setting next_dagrun for dag_postgres_single_api_test to None, run_after=None
[2026-03-15T13:52:58.406+0000] {processor.py:178} INFO - Processing /opt/airflow/dags/dag.py took 0.055 seconds
[2026-03-15T14:17:41.501+0000] {processor.py:156} INFO - Started process (PID=8005) to work on /opt/airflow/dags/dag.py
[2026-03-15T14:17:41.502+0000] {processor.py:799} INFO - Processing file /opt/airflow/dags/dag.py for tasks to queue
[2026-03-15T14:17:41.502+0000] {logging_mixin.py:149} INFO - [2026-03-15T14:17:41.502+0000] {dagbag.py:541} INFO - Filling up the DagBag from /opt/airflow/dags/dag.py
[2026-03-15T14:17:41.506+0000] {processor.py:809} INFO - DAG(s) dict_keys(['dag_postgres_single_api_test']) retrieved from /opt/airflow/dags/dag.py
[2026-03-15T14:17:41.518+0000] {logging_mixin.py:149} INFO - [2026-03-15T14:17:41.518+0000] {dag.py:2726} INFO - Sync 1 DAGs
[2026-03-15T14:17:41.527+0000] {logging_mixin.py:149} INFO - [2026-03-15T14:17:41.527+0000] {dag.py:3490} INFO - Setting next_dagrun for dag_postgres_single_api_test to None, run_after=None
[2026-03-15T14:17:41.533+0000] {processor.py:178} INFO - Processing /opt/airflow/dags/dag.py took 0.034 seconds
[2026-03-15T14:18:11.963+0000] {processor.py:156} INFO - Started process (PID=8036) to work on /opt/airflow/dags/dag.py
[2026-03-15T14:18:11.963+0000] {processor.py:799} INFO - Processing file /opt/airflow/dags/dag.py for tasks to queue
[2026-03-15T14:18:11.964+0000] {logging_mixin.py:149} INFO - [2026-03-15T14:18:11.964+0000] {dagbag.py:541} INFO - Filling up the DagBag from /opt/airflow/dags/dag.py
[2026-03-15T14:18:11.969+0000] {processor.py:809} INFO - DAG(s) dict_keys(['dag_postgres_single_api_test']) retrieved from /opt/airflow/dags/dag.py
[2026-03-15T14:18:11.981+0000] {logging_mixin.py:149} INFO - [2026-03-15T14:18:11.981+0000] {dag.py:2726} INFO - Sync 1 DAGs
[2026-03-15T14:18:11.991+0000] {logging_mixin.py:149} INFO - [2026-03-15T14:18:11.991+0000] {dag.py:3490} INFO - Setting next_dagrun for dag_postgres_single_api_test to None, run_after=None
[2026-03-15T14:18:11.997+0000] {processor.py:178} INFO - Processing /opt/airflow/dags/dag.py took 0.036 seconds
[2026-03-15T15:01:11.397+0000] {processor.py:156} INFO - Started process (PID=8068) to work on /opt/airflow/dags/dag.py
[2026-03-15T15:01:11.398+0000] {processor.py:799} INFO - Processing file /opt/airflow/dags/dag.py for tasks to queue
[2026-03-15T15:01:11.399+0000] {logging_mixin.py:149} INFO - [2026-03-15T15:01:11.399+0000] {dagbag.py:541} INFO - Filling up the DagBag from /opt/airflow/dags/dag.py
[2026-03-15T15:01:11.409+0000] {processor.py:809} INFO - DAG(s) dict_keys(['dag_postgres_single_api_test']) retrieved from /opt/airflow/dags/dag.py
[2026-03-15T15:01:11.437+0000] {logging_mixin.py:149} INFO - [2026-03-15T15:01:11.437+0000] {dag.py:2726} INFO - Sync 1 DAGs
[2026-03-15T15:01:11.456+0000] {logging_mixin.py:149} INFO - [2026-03-15T15:01:11.456+0000] {dag.py:3490} INFO - Setting next_dagrun for dag_postgres_single_api_test to None, run_after=None
[2026-03-15T15:01:11.477+0000] {processor.py:178} INFO - Processing /opt/airflow/dags/dag.py took 0.084 seconds
[2026-03-15T15:07:51.485+0000] {processor.py:156} INFO - Started process (PID=8102) to work on /opt/airflow/dags/dag.py
[2026-03-15T15:07:51.485+0000] {processor.py:799} INFO - Processing file /opt/airflow/dags/dag.py for tasks to queue
[2026-03-15T15:07:51.485+0000] {logging_mixin.py:149} INFO - [2026-03-15T15:07:51.485+0000] {dagbag.py:541} INFO - Filling up the DagBag from /opt/airflow/dags/dag.py
[2026-03-15T15:07:51.489+0000] {processor.py:809} INFO - DAG(s) dict_keys(['dag_postgres_single_api_test']) retrieved from /opt/airflow/dags/dag.py
[2026-03-15T15:07:51.503+0000] {logging_mixin.py:149} INFO - [2026-03-15T15:07:51.503+0000] {dag.py:2726} INFO - Sync 1 DAGs
[2026-03-15T15:07:51.514+0000] {logging_mixin.py:149} INFO - [2026-03-15T15:07:51.514+0000] {dag.py:3490} INFO - Setting next_dagrun for dag_postgres_single_api_test to None, run_after=None
[2026-03-15T15:07:51.521+0000] {processor.py:178} INFO - Processing /opt/airflow/dags/dag.py took 0.038 seconds
[2026-03-15T15:08:21.938+0000] {processor.py:156} INFO - Started process (PID=8134) to work on /opt/airflow/dags/dag.py
[2026-03-15T15:08:21.939+0000] {processor.py:799} INFO - Processing file /opt/airflow/dags/dag.py for tasks to queue
[2026-03-15T15:08:21.941+0000] {logging_mixin.py:149} INFO - [2026-03-15T15:08:21.940+0000] {dagbag.py:541} INFO - Filling up the DagBag from /opt/airflow/dags/dag.py
[2026-03-15T15:08:21.958+0000] {processor.py:809} INFO - DAG(s) dict_keys(['dag_postgres_single_api_test']) retrieved from /opt/airflow/dags/dag.py
[2026-03-15T15:08:21.973+0000] {logging_mixin.py:149} INFO - [2026-03-15T15:08:21.973+0000] {dag.py:2726} INFO - Sync 1 DAGs
[2026-03-15T15:08:21.986+0000] {logging_mixin.py:149} INFO - [2026-03-15T15:08:21.986+0000] {dag.py:3490} INFO - Setting next_dagrun for dag_postgres_single_api_test to None, run_after=None
[2026-03-15T15:08:21.995+0000] {processor.py:178} INFO - Processing /opt/airflow/dags/dag.py took 0.060 seconds
[2026-03-15T15:18:39.768+0000] {processor.py:156} INFO - Started process (PID=8166) to work on /opt/airflow/dags/dag.py
[2026-03-15T15:18:39.769+0000] {processor.py:799} INFO - Processing file /opt/airflow/dags/dag.py for tasks to queue
[2026-03-15T15:18:39.770+0000] {logging_mixin.py:149} INFO - [2026-03-15T15:18:39.770+0000] {dagbag.py:541} INFO - Filling up the DagBag from /opt/airflow/dags/dag.py
[2026-03-15T15:18:39.776+0000] {processor.py:809} INFO - DAG(s) dict_keys(['dag_postgres_single_api_test']) retrieved from /opt/airflow/dags/dag.py
[2026-03-15T15:18:39.796+0000] {logging_mixin.py:149} INFO - [2026-03-15T15:18:39.796+0000] {dag.py:2726} INFO - Sync 1 DAGs
[2026-03-15T15:18:39.805+0000] {logging_mixin.py:149} INFO - [2026-03-15T15:18:39.805+0000] {dag.py:3490} INFO - Setting next_dagrun for dag_postgres_single_api_test to None, run_after=None
[2026-03-15T15:18:39.812+0000] {processor.py:178} INFO - Processing /opt/airflow/dags/dag.py took 0.046 seconds
[2026-03-15T15:19:10.267+0000] {processor.py:156} INFO - Started process (PID=8198) to work on /opt/airflow/dags/dag.py
[2026-03-15T15:19:10.272+0000] {processor.py:799} INFO - Processing file /opt/airflow/dags/dag.py for tasks to queue
[2026-03-15T15:19:10.274+0000] {logging_mixin.py:149} INFO - [2026-03-15T15:19:10.274+0000] {dagbag.py:541} INFO - Filling up the DagBag from /opt/airflow/dags/dag.py
[2026-03-15T15:19:10.283+0000] {processor.py:809} INFO - DAG(s) dict_keys(['dag_postgres_single_api_test']) retrieved from /opt/airflow/dags/dag.py
[2026-03-15T15:19:10.295+0000] {logging_mixin.py:149} INFO - [2026-03-15T15:19:10.295+0000] {dag.py:2726} INFO - Sync 1 DAGs
[2026-03-15T15:19:10.304+0000] {logging_mixin.py:149} INFO - [2026-03-15T15:19:10.304+0000] {dag.py:3490} INFO - Setting next_dagrun for dag_postgres_single_api_test to None, run_after=None
[2026-03-15T15:19:10.311+0000] {processor.py:178} INFO - Processing /opt/airflow/dags/dag.py took 0.045 seconds
[2026-03-15T15:19:40.708+0000] {processor.py:156} INFO - Started process (PID=8230) to work on /opt/airflow/dags/dag.py
[2026-03-15T15:19:40.710+0000] {processor.py:799} INFO - Processing file /opt/airflow/dags/dag.py for tasks to queue
[2026-03-15T15:19:40.711+0000] {logging_mixin.py:149} INFO - [2026-03-15T15:19:40.710+0000] {dagbag.py:541} INFO - Filling up the DagBag from /opt/airflow/dags/dag.py
[2026-03-15T15:19:40.714+0000] {processor.py:809} INFO - DAG(s) dict_keys(['dag_postgres_single_api_test']) retrieved from /opt/airflow/dags/dag.py
[2026-03-15T15:19:40.726+0000] {logging_mixin.py:149} INFO - [2026-03-15T15:19:40.726+0000] {dag.py:2726} INFO - Sync 1 DAGs
[2026-03-15T15:19:40.736+0000] {logging_mixin.py:149} INFO - [2026-03-15T15:19:40.736+0000] {dag.py:3490} INFO - Setting next_dagrun for dag_postgres_single_api_test to None, run_after=None
[2026-03-15T15:19:40.742+0000] {processor.py:178} INFO - Processing /opt/airflow/dags/dag.py took 0.035 seconds
[2026-03-15T15:20:11.134+0000] {processor.py:156} INFO - Started process (PID=8262) to work on /opt/airflow/dags/dag.py
[2026-03-15T15:20:11.141+0000] {processor.py:799} INFO - Processing file /opt/airflow/dags/dag.py for tasks to queue
[2026-03-15T15:20:11.141+0000] {logging_mixin.py:149} INFO - [2026-03-15T15:20:11.141+0000] {dagbag.py:541} INFO - Filling up the DagBag from /opt/airflow/dags/dag.py
[2026-03-15T15:20:11.149+0000] {processor.py:809} INFO - DAG(s) dict_keys(['dag_postgres_single_api_test']) retrieved from /opt/airflow/dags/dag.py
[2026-03-15T15:20:11.161+0000] {logging_mixin.py:149} INFO - [2026-03-15T15:20:11.161+0000] {dag.py:2726} INFO - Sync 1 DAGs
[2026-03-15T15:20:11.170+0000] {logging_mixin.py:149} INFO - [2026-03-15T15:20:11.170+0000] {dag.py:3490} INFO - Setting next_dagrun for dag_postgres_single_api_test to None, run_after=None
[2026-03-15T15:20:11.177+0000] {processor.py:178} INFO - Processing /opt/airflow/dags/dag.py took 0.045 seconds
[2026-03-15T15:20:41.578+0000] {processor.py:156} INFO - Started process (PID=8294) to work on /opt/airflow/dags/dag.py
[2026-03-15T15:20:41.581+0000] {processor.py:799} INFO - Processing file /opt/airflow/dags/dag.py for tasks to queue
[2026-03-15T15:20:41.582+0000] {logging_mixin.py:149} INFO - [2026-03-15T15:20:41.582+0000] {dagbag.py:541} INFO - Filling up the DagBag from /opt/airflow/dags/dag.py
[2026-03-15T15:20:41.601+0000] {processor.py:809} INFO - DAG(s) dict_keys(['dag_postgres_single_api_test']) retrieved from /opt/airflow/dags/dag.py
[2026-03-15T15:20:41.613+0000] {logging_mixin.py:149} INFO - [2026-03-15T15:20:41.613+0000] {dag.py:2726} INFO - Sync 1 DAGs
[2026-03-15T15:20:41.622+0000] {logging_mixin.py:149} INFO - [2026-03-15T15:20:41.622+0000] {dag.py:3490} INFO - Setting next_dagrun for dag_postgres_single_api_test to None, run_after=None
[2026-03-15T15:20:41.629+0000] {processor.py:178} INFO - Processing /opt/airflow/dags/dag.py took 0.052 seconds
[2026-03-15T15:21:12.059+0000] {processor.py:156} INFO - Started process (PID=8326) to work on /opt/airflow/dags/dag.py
[2026-03-15T15:21:12.060+0000] {processor.py:799} INFO - Processing file /opt/airflow/dags/dag.py for tasks to queue
[2026-03-15T15:21:12.061+0000] {logging_mixin.py:149} INFO - [2026-03-15T15:21:12.061+0000] {dagbag.py:541} INFO - Filling up the DagBag from /opt/airflow/dags/dag.py
[2026-03-15T15:21:12.064+0000] {processor.py:809} INFO - DAG(s) dict_keys(['dag_postgres_single_api_test']) retrieved from /opt/airflow/dags/dag.py
[2026-03-15T15:21:12.076+0000] {logging_mixin.py:149} INFO - [2026-03-15T15:21:12.076+0000] {dag.py:2726} INFO - Sync 1 DAGs
[2026-03-15T15:21:12.086+0000] {logging_mixin.py:149} INFO - [2026-03-15T15:21:12.086+0000] {dag.py:3490} INFO - Setting next_dagrun for dag_postgres_single_api_test to None, run_after=None
[2026-03-15T15:21:12.092+0000] {processor.py:178} INFO - Processing /opt/airflow/dags/dag.py took 0.035 seconds
[2026-03-15T16:01:11.748+0000] {processor.py:156} INFO - Started process (PID=8358) to work on /opt/airflow/dags/dag.py
[2026-03-15T16:01:11.749+0000] {processor.py:799} INFO - Processing file /opt/airflow/dags/dag.py for tasks to queue
[2026-03-15T16:01:11.750+0000] {logging_mixin.py:149} INFO - [2026-03-15T16:01:11.749+0000] {dagbag.py:541} INFO - Filling up the DagBag from /opt/airflow/dags/dag.py
[2026-03-15T16:01:11.765+0000] {processor.py:809} INFO - DAG(s) dict_keys(['dag_postgres_single_api_test']) retrieved from /opt/airflow/dags/dag.py
[2026-03-15T16:01:11.810+0000] {logging_mixin.py:149} INFO - [2026-03-15T16:01:11.810+0000] {dag.py:2726} INFO - Sync 1 DAGs
[2026-03-15T16:01:11.839+0000] {logging_mixin.py:149} INFO - [2026-03-15T16:01:11.838+0000] {dag.py:3490} INFO - Setting next_dagrun for dag_postgres_single_api_test to None, run_after=None
[2026-03-15T16:01:11.864+0000] {processor.py:178} INFO - Processing /opt/airflow/dags/dag.py took 0.120 seconds
[2026-03-15T16:18:22.110+0000] {processor.py:156} INFO - Started process (PID=8390) to work on /opt/airflow/dags/dag.py
[2026-03-15T16:18:22.110+0000] {processor.py:799} INFO - Processing file /opt/airflow/dags/dag.py for tasks to queue
[2026-03-15T16:18:22.110+0000] {logging_mixin.py:149} INFO - [2026-03-15T16:18:22.110+0000] {dagbag.py:541} INFO - Filling up the DagBag from /opt/airflow/dags/dag.py
[2026-03-15T16:18:22.114+0000] {processor.py:809} INFO - DAG(s) dict_keys(['dag_postgres_single_api_test']) retrieved from /opt/airflow/dags/dag.py
[2026-03-15T16:18:22.126+0000] {logging_mixin.py:149} INFO - [2026-03-15T16:18:22.126+0000] {dag.py:2726} INFO - Sync 1 DAGs
[2026-03-15T16:18:22.136+0000] {logging_mixin.py:149} INFO - [2026-03-15T16:18:22.136+0000] {dag.py:3490} INFO - Setting next_dagrun for dag_postgres_single_api_test to None, run_after=None
[2026-03-15T16:18:22.142+0000] {processor.py:178} INFO - Processing /opt/airflow/dags/dag.py took 0.034 seconds
[2026-03-15T16:18:52.619+0000] {processor.py:156} INFO - Started process (PID=8422) to work on /opt/airflow/dags/dag.py
[2026-03-15T16:18:52.619+0000] {processor.py:799} INFO - Processing file /opt/airflow/dags/dag.py for tasks to queue
[2026-03-15T16:18:52.620+0000] {logging_mixin.py:149} INFO - [2026-03-15T16:18:52.620+0000] {dagbag.py:541} INFO - Filling up the DagBag from /opt/airflow/dags/dag.py
[2026-03-15T16:18:52.623+0000] {processor.py:809} INFO - DAG(s) dict_keys(['dag_postgres_single_api_test']) retrieved from /opt/airflow/dags/dag.py
[2026-03-15T16:18:52.634+0000] {logging_mixin.py:149} INFO - [2026-03-15T16:18:52.634+0000] {dag.py:2726} INFO - Sync 1 DAGs
[2026-03-15T16:18:52.690+0000] {logging_mixin.py:149} INFO - [2026-03-15T16:18:52.690+0000] {dag.py:3490} INFO - Setting next_dagrun for dag_postgres_single_api_test to None, run_after=None
[2026-03-15T16:18:52.696+0000] {processor.py:178} INFO - Processing /opt/airflow/dags/dag.py took 0.079 seconds
[2026-03-15T16:19:23.151+0000] {processor.py:156} INFO - Started process (PID=8454) to work on /opt/airflow/dags/dag.py
[2026-03-15T16:19:23.152+0000] {processor.py:799} INFO - Processing file /opt/airflow/dags/dag.py for tasks to queue
[2026-03-15T16:19:23.152+0000] {logging_mixin.py:149} INFO - [2026-03-15T16:19:23.152+0000] {dagbag.py:541} INFO - Filling up the DagBag from /opt/airflow/dags/dag.py
[2026-03-15T16:19:23.156+0000] {processor.py:809} INFO - DAG(s) dict_keys(['dag_postgres_single_api_test']) retrieved from /opt/airflow/dags/dag.py
[2026-03-15T16:19:23.168+0000] {logging_mixin.py:149} INFO - [2026-03-15T16:19:23.167+0000] {dag.py:2726} INFO - Sync 1 DAGs
[2026-03-15T16:19:23.176+0000] {logging_mixin.py:149} INFO - [2026-03-15T16:19:23.176+0000] {dag.py:3490} INFO - Setting next_dagrun for dag_postgres_single_api_test to None, run_after=None
[2026-03-15T16:19:23.183+0000] {processor.py:178} INFO - Processing /opt/airflow/dags/dag.py took 0.033 seconds
[2026-03-15T16:19:53.682+0000] {processor.py:156} INFO - Started process (PID=8486) to work on /opt/airflow/dags/dag.py
[2026-03-15T16:19:53.682+0000] {processor.py:799} INFO - Processing file /opt/airflow/dags/dag.py for tasks to queue
[2026-03-15T16:19:53.682+0000] {logging_mixin.py:149} INFO - [2026-03-15T16:19:53.682+0000] {dagbag.py:541} INFO - Filling up the DagBag from /opt/airflow/dags/dag.py
[2026-03-15T16:19:53.686+0000] {processor.py:809} INFO - DAG(s) dict_keys(['dag_postgres_single_api_test']) retrieved from /opt/airflow/dags/dag.py
[2026-03-15T16:19:53.697+0000] {logging_mixin.py:149} INFO - [2026-03-15T16:19:53.697+0000] {dag.py:2726} INFO - Sync 1 DAGs
[2026-03-15T16:19:53.752+0000] {logging_mixin.py:149} INFO - [2026-03-15T16:19:53.752+0000] {dag.py:3490} INFO - Setting next_dagrun for dag_postgres_single_api_test to None, run_after=None
[2026-03-15T16:19:53.758+0000] {processor.py:178} INFO - Processing /opt/airflow/dags/dag.py took 0.078 seconds
[2026-03-15T16:20:24.240+0000] {processor.py:156} INFO - Started process (PID=8519) to work on /opt/airflow/dags/dag.py
[2026-03-15T16:20:24.241+0000] {processor.py:799} INFO - Processing file /opt/airflow/dags/dag.py for tasks to queue
[2026-03-15T16:20:24.241+0000] {logging_mixin.py:149} INFO - [2026-03-15T16:20:24.241+0000] {dagbag.py:541} INFO - Filling up the DagBag from /opt/airflow/dags/dag.py
[2026-03-15T16:20:24.247+0000] {processor.py:809} INFO - DAG(s) dict_keys(['dag_postgres_single_api_test']) retrieved from /opt/airflow/dags/dag.py
[2026-03-15T16:20:24.264+0000] {logging_mixin.py:149} INFO - [2026-03-15T16:20:24.264+0000] {dag.py:2726} INFO - Sync 1 DAGs
[2026-03-15T16:20:24.280+0000] {logging_mixin.py:149} INFO - [2026-03-15T16:20:24.279+0000] {dag.py:3490} INFO - Setting next_dagrun for dag_postgres_single_api_test to None, run_after=None
[2026-03-15T16:20:24.289+0000] {processor.py:178} INFO - Processing /opt/airflow/dags/dag.py took 0.052 seconds
[2026-03-15T16:20:54.600+0000] {processor.py:156} INFO - Started process (PID=8536) to work on /opt/airflow/dags/dag.py
[2026-03-15T16:20:54.601+0000] {processor.py:799} INFO - Processing file /opt/airflow/dags/dag.py for tasks to queue
[2026-03-15T16:20:54.604+0000] {logging_mixin.py:149} INFO - [2026-03-15T16:20:54.604+0000] {dagbag.py:541} INFO - Filling up the DagBag from /opt/airflow/dags/dag.py
[2026-03-15T16:20:54.614+0000] {processor.py:809} INFO - DAG(s) dict_keys(['dag_postgres_single_api_test']) retrieved from /opt/airflow/dags/dag.py
[2026-03-15T16:20:54.634+0000] {logging_mixin.py:149} INFO - [2026-03-15T16:20:54.633+0000] {dag.py:2726} INFO - Sync 1 DAGs
[2026-03-15T16:20:54.648+0000] {logging_mixin.py:149} INFO - [2026-03-15T16:20:54.647+0000] {dag.py:3490} INFO - Setting next_dagrun for dag_postgres_single_api_test to None, run_after=None
[2026-03-15T16:20:54.657+0000] {processor.py:178} INFO - Processing /opt/airflow/dags/dag.py took 0.060 seconds
[2026-03-15T17:26:55.256+0000] {processor.py:156} INFO - Started process (PID=8584) to work on /opt/airflow/dags/dag.py
[2026-03-15T17:26:55.256+0000] {processor.py:799} INFO - Processing file /opt/airflow/dags/dag.py for tasks to queue
[2026-03-15T17:26:55.256+0000] {logging_mixin.py:149} INFO - [2026-03-15T17:26:55.256+0000] {dagbag.py:541} INFO - Filling up the DagBag from /opt/airflow/dags/dag.py
[2026-03-15T17:26:55.260+0000] {processor.py:809} INFO - DAG(s) dict_keys(['dag_postgres_single_api_test']) retrieved from /opt/airflow/dags/dag.py
[2026-03-15T17:26:55.272+0000] {logging_mixin.py:149} INFO - [2026-03-15T17:26:55.272+0000] {dag.py:2726} INFO - Sync 1 DAGs
[2026-03-15T17:26:55.282+0000] {logging_mixin.py:149} INFO - [2026-03-15T17:26:55.281+0000] {dag.py:3490} INFO - Setting next_dagrun for dag_postgres_single_api_test to None, run_after=None
[2026-03-15T17:26:55.288+0000] {processor.py:178} INFO - Processing /opt/airflow/dags/dag.py took 0.034 seconds
[2026-03-15T17:42:01.389+0000] {processor.py:156} INFO - Started process (PID=8616) to work on /opt/airflow/dags/dag.py
[2026-03-15T17:42:01.390+0000] {processor.py:799} INFO - Processing file /opt/airflow/dags/dag.py for tasks to queue
[2026-03-15T17:42:01.390+0000] {logging_mixin.py:149} INFO - [2026-03-15T17:42:01.390+0000] {dagbag.py:541} INFO - Filling up the DagBag from /opt/airflow/dags/dag.py
[2026-03-15T17:42:01.398+0000] {processor.py:809} INFO - DAG(s) dict_keys(['dag_postgres_single_api_test']) retrieved from /opt/airflow/dags/dag.py
[2026-03-15T17:42:01.422+0000] {logging_mixin.py:149} INFO - [2026-03-15T17:42:01.422+0000] {dag.py:2726} INFO - Sync 1 DAGs
[2026-03-15T17:42:01.448+0000] {logging_mixin.py:149} INFO - [2026-03-15T17:42:01.448+0000] {dag.py:3490} INFO - Setting next_dagrun for dag_postgres_single_api_test to None, run_after=None
[2026-03-15T17:42:01.467+0000] {processor.py:178} INFO - Processing /opt/airflow/dags/dag.py took 0.081 seconds
[2026-03-15T18:02:14.023+0000] {processor.py:156} INFO - Started process (PID=8649) to work on /opt/airflow/dags/dag.py
[2026-03-15T18:02:14.025+0000] {processor.py:799} INFO - Processing file /opt/airflow/dags/dag.py for tasks to queue
[2026-03-15T18:02:14.025+0000] {logging_mixin.py:149} INFO - [2026-03-15T18:02:14.025+0000] {dagbag.py:541} INFO - Filling up the DagBag from /opt/airflow/dags/dag.py
[2026-03-15T18:02:14.028+0000] {processor.py:809} INFO - DAG(s) dict_keys(['dag_postgres_single_api_test']) retrieved from /opt/airflow/dags/dag.py
[2026-03-15T18:02:14.039+0000] {logging_mixin.py:149} INFO - [2026-03-15T18:02:14.039+0000] {dag.py:2726} INFO - Sync 1 DAGs
[2026-03-15T18:02:14.048+0000] {logging_mixin.py:149} INFO - [2026-03-15T18:02:14.048+0000] {dag.py:3490} INFO - Setting next_dagrun for dag_postgres_single_api_test to None, run_after=None
[2026-03-15T18:02:14.054+0000] {processor.py:178} INFO - Processing /opt/airflow/dags/dag.py took 0.033 seconds
[2026-03-15T18:02:44.347+0000] {processor.py:156} INFO - Started process (PID=8666) to work on /opt/airflow/dags/dag.py
[2026-03-15T18:02:44.348+0000] {processor.py:799} INFO - Processing file /opt/airflow/dags/dag.py for tasks to queue
[2026-03-15T18:02:44.349+0000] {logging_mixin.py:149} INFO - [2026-03-15T18:02:44.348+0000] {dagbag.py:541} INFO - Filling up the DagBag from /opt/airflow/dags/dag.py
[2026-03-15T18:02:44.360+0000] {processor.py:809} INFO - DAG(s) dict_keys(['dag_postgres_single_api_test']) retrieved from /opt/airflow/dags/dag.py
[2026-03-15T18:02:44.383+0000] {logging_mixin.py:149} INFO - [2026-03-15T18:02:44.383+0000] {dag.py:2726} INFO - Sync 1 DAGs
[2026-03-15T18:02:44.394+0000] {logging_mixin.py:149} INFO - [2026-03-15T18:02:44.394+0000] {dag.py:3490} INFO - Setting next_dagrun for dag_postgres_single_api_test to None, run_after=None
[2026-03-15T18:02:44.404+0000] {processor.py:178} INFO - Processing /opt/airflow/dags/dag.py took 0.060 seconds
[2026-03-15T18:37:27.731+0000] {processor.py:156} INFO - Started process (PID=8712) to work on /opt/airflow/dags/dag.py
[2026-03-15T18:37:27.733+0000] {processor.py:799} INFO - Processing file /opt/airflow/dags/dag.py for tasks to queue
[2026-03-15T18:37:27.734+0000] {logging_mixin.py:149} INFO - [2026-03-15T18:37:27.733+0000] {dagbag.py:541} INFO - Filling up the DagBag from /opt/airflow/dags/dag.py
[2026-03-15T18:37:27.745+0000] {processor.py:809} INFO - DAG(s) dict_keys(['dag_postgres_single_api_test']) retrieved from /opt/airflow/dags/dag.py
[2026-03-15T18:37:27.786+0000] {logging_mixin.py:149} INFO - [2026-03-15T18:37:27.786+0000] {dag.py:2726} INFO - Sync 1 DAGs
[2026-03-15T18:37:27.818+0000] {logging_mixin.py:149} INFO - [2026-03-15T18:37:27.818+0000] {dag.py:3490} INFO - Setting next_dagrun for dag_postgres_single_api_test to None, run_after=None
[2026-03-15T18:37:27.850+0000] {processor.py:178} INFO - Processing /opt/airflow/dags/dag.py took 0.124 seconds
[2026-03-15T18:37:58.050+0000] {processor.py:156} INFO - Started process (PID=8730) to work on /opt/airflow/dags/dag.py
[2026-03-15T18:37:58.053+0000] {processor.py:799} INFO - Processing file /opt/airflow/dags/dag.py for tasks to queue
[2026-03-15T18:37:58.054+0000] {logging_mixin.py:149} INFO - [2026-03-15T18:37:58.054+0000] {dagbag.py:541} INFO - Filling up the DagBag from /opt/airflow/dags/dag.py
[2026-03-15T18:37:58.066+0000] {processor.py:809} INFO - DAG(s) dict_keys(['dag_postgres_single_api_test']) retrieved from /opt/airflow/dags/dag.py
[2026-03-15T18:37:58.093+0000] {logging_mixin.py:149} INFO - [2026-03-15T18:37:58.093+0000] {dag.py:2726} INFO - Sync 1 DAGs
[2026-03-15T18:37:58.118+0000] {logging_mixin.py:149} INFO - [2026-03-15T18:37:58.118+0000] {dag.py:3490} INFO - Setting next_dagrun for dag_postgres_single_api_test to None, run_after=None
[2026-03-15T18:37:58.136+0000] {processor.py:178} INFO - Processing /opt/airflow/dags/dag.py took 0.088 seconds
[2026-03-15T18:54:14.912+0000] {processor.py:156} INFO - Started process (PID=8779) to work on /opt/airflow/dags/dag.py
[2026-03-15T18:54:14.915+0000] {processor.py:799} INFO - Processing file /opt/airflow/dags/dag.py for tasks to queue
[2026-03-15T18:54:14.920+0000] {logging_mixin.py:149} INFO - [2026-03-15T18:54:14.920+0000] {dagbag.py:541} INFO - Filling up the DagBag from /opt/airflow/dags/dag.py
[2026-03-15T18:54:14.969+0000] {processor.py:809} INFO - DAG(s) dict_keys(['dag_postgres_single_api_test']) retrieved from /opt/airflow/dags/dag.py
[2026-03-15T18:54:15.059+0000] {logging_mixin.py:149} INFO - [2026-03-15T18:54:15.058+0000] {dag.py:2726} INFO - Sync 1 DAGs
[2026-03-15T18:54:15.137+0000] {logging_mixin.py:149} INFO - [2026-03-15T18:54:15.137+0000] {dag.py:3490} INFO - Setting next_dagrun for dag_postgres_single_api_test to None, run_after=None
[2026-03-15T18:54:15.198+0000] {processor.py:178} INFO - Processing /opt/airflow/dags/dag.py took 0.297 seconds
[2026-03-15T18:54:46.131+0000] {processor.py:156} INFO - Started process (PID=8801) to work on /opt/airflow/dags/dag.py
[2026-03-15T18:54:46.133+0000] {processor.py:799} INFO - Processing file /opt/airflow/dags/dag.py for tasks to queue
[2026-03-15T18:54:46.133+0000] {logging_mixin.py:149} INFO - [2026-03-15T18:54:46.133+0000] {dagbag.py:541} INFO - Filling up the DagBag from /opt/airflow/dags/dag.py
[2026-03-15T18:54:46.141+0000] {processor.py:809} INFO - DAG(s) dict_keys(['dag_postgres_single_api_test']) retrieved from /opt/airflow/dags/dag.py
[2026-03-15T18:54:46.228+0000] {logging_mixin.py:149} INFO - [2026-03-15T18:54:46.228+0000] {dag.py:2726} INFO - Sync 1 DAGs
[2026-03-15T18:54:46.244+0000] {logging_mixin.py:149} INFO - [2026-03-15T18:54:46.244+0000] {dag.py:3490} INFO - Setting next_dagrun for dag_postgres_single_api_test to None, run_after=None
[2026-03-15T18:54:46.255+0000] {processor.py:178} INFO - Processing /opt/airflow/dags/dag.py took 0.126 seconds
[2026-03-15T18:55:16.616+0000] {processor.py:156} INFO - Started process (PID=8829) to work on /opt/airflow/dags/dag.py
[2026-03-15T18:55:16.617+0000] {processor.py:799} INFO - Processing file /opt/airflow/dags/dag.py for tasks to queue
[2026-03-15T18:55:16.617+0000] {logging_mixin.py:149} INFO - [2026-03-15T18:55:16.617+0000] {dagbag.py:541} INFO - Filling up the DagBag from /opt/airflow/dags/dag.py
[2026-03-15T18:55:16.625+0000] {processor.py:809} INFO - DAG(s) dict_keys(['dag_postgres_single_api_test']) retrieved from /opt/airflow/dags/dag.py
[2026-03-15T18:55:16.646+0000] {logging_mixin.py:149} INFO - [2026-03-15T18:55:16.646+0000] {dag.py:2726} INFO - Sync 1 DAGs
[2026-03-15T18:55:16.659+0000] {logging_mixin.py:149} INFO - [2026-03-15T18:55:16.659+0000] {dag.py:3490} INFO - Setting next_dagrun for dag_postgres_single_api_test to None, run_after=None
[2026-03-15T18:55:16.665+0000] {processor.py:178} INFO - Processing /opt/airflow/dags/dag.py took 0.053 seconds
[2026-03-15T18:55:47.005+0000] {processor.py:156} INFO - Started process (PID=8861) to work on /opt/airflow/dags/dag.py
[2026-03-15T18:55:47.006+0000] {processor.py:799} INFO - Processing file /opt/airflow/dags/dag.py for tasks to queue
[2026-03-15T18:55:47.006+0000] {logging_mixin.py:149} INFO - [2026-03-15T18:55:47.006+0000] {dagbag.py:541} INFO - Filling up the DagBag from /opt/airflow/dags/dag.py
[2026-03-15T18:55:47.011+0000] {processor.py:809} INFO - DAG(s) dict_keys(['dag_postgres_single_api_test']) retrieved from /opt/airflow/dags/dag.py
[2026-03-15T18:55:47.025+0000] {logging_mixin.py:149} INFO - [2026-03-15T18:55:47.025+0000] {dag.py:2726} INFO - Sync 1 DAGs
[2026-03-15T18:55:47.036+0000] {logging_mixin.py:149} INFO - [2026-03-15T18:55:47.036+0000] {dag.py:3490} INFO - Setting next_dagrun for dag_postgres_single_api_test to None, run_after=None
[2026-03-15T18:55:47.043+0000] {processor.py:178} INFO - Processing /opt/airflow/dags/dag.py took 0.040 seconds
[2026-03-15T18:56:17.376+0000] {processor.py:156} INFO - Started process (PID=8893) to work on /opt/airflow/dags/dag.py
[2026-03-15T18:56:17.377+0000] {processor.py:799} INFO - Processing file /opt/airflow/dags/dag.py for tasks to queue
[2026-03-15T18:56:17.378+0000] {logging_mixin.py:149} INFO - [2026-03-15T18:56:17.377+0000] {dagbag.py:541} INFO - Filling up the DagBag from /opt/airflow/dags/dag.py
[2026-03-15T18:56:17.386+0000] {processor.py:809} INFO - DAG(s) dict_keys(['dag_postgres_single_api_test']) retrieved from /opt/airflow/dags/dag.py
[2026-03-15T18:56:17.406+0000] {logging_mixin.py:149} INFO - [2026-03-15T18:56:17.406+0000] {dag.py:2726} INFO - Sync 1 DAGs
[2026-03-15T18:56:17.418+0000] {logging_mixin.py:149} INFO - [2026-03-15T18:56:17.418+0000] {dag.py:3490} INFO - Setting next_dagrun for dag_postgres_single_api_test to None, run_after=None
[2026-03-15T18:56:17.425+0000] {processor.py:178} INFO - Processing /opt/airflow/dags/dag.py took 0.053 seconds
[2026-03-15T18:56:47.770+0000] {processor.py:156} INFO - Started process (PID=8925) to work on /opt/airflow/dags/dag.py
[2026-03-15T18:56:47.771+0000] {processor.py:799} INFO - Processing file /opt/airflow/dags/dag.py for tasks to queue
[2026-03-15T18:56:47.771+0000] {logging_mixin.py:149} INFO - [2026-03-15T18:56:47.771+0000] {dagbag.py:541} INFO - Filling up the DagBag from /opt/airflow/dags/dag.py
[2026-03-15T18:56:47.779+0000] {processor.py:809} INFO - DAG(s) dict_keys(['dag_postgres_single_api_test']) retrieved from /opt/airflow/dags/dag.py
[2026-03-15T18:56:47.799+0000] {logging_mixin.py:149} INFO - [2026-03-15T18:56:47.798+0000] {dag.py:2726} INFO - Sync 1 DAGs
[2026-03-15T18:56:47.810+0000] {logging_mixin.py:149} INFO - [2026-03-15T18:56:47.810+0000] {dag.py:3490} INFO - Setting next_dagrun for dag_postgres_single_api_test to None, run_after=None
[2026-03-15T18:56:47.816+0000] {processor.py:178} INFO - Processing /opt/airflow/dags/dag.py took 0.050 seconds
[2026-03-15T19:03:27.492+0000] {processor.py:156} INFO - Started process (PID=8969) to work on /opt/airflow/dags/dag.py
[2026-03-15T19:03:27.495+0000] {processor.py:799} INFO - Processing file /opt/airflow/dags/dag.py for tasks to queue
[2026-03-15T19:03:27.500+0000] {logging_mixin.py:149} INFO - [2026-03-15T19:03:27.500+0000] {dagbag.py:541} INFO - Filling up the DagBag from /opt/airflow/dags/dag.py
[2026-03-15T19:03:27.511+0000] {processor.py:809} INFO - DAG(s) dict_keys(['dag_postgres_single_api_test']) retrieved from /opt/airflow/dags/dag.py
[2026-03-15T19:03:27.522+0000] {logging_mixin.py:149} INFO - [2026-03-15T19:03:27.522+0000] {dag.py:2726} INFO - Sync 1 DAGs
[2026-03-15T19:03:27.530+0000] {logging_mixin.py:149} INFO - [2026-03-15T19:03:27.530+0000] {dag.py:3490} INFO - Setting next_dagrun for dag_postgres_single_api_test to None, run_after=None
[2026-03-15T19:03:27.537+0000] {processor.py:178} INFO - Processing /opt/airflow/dags/dag.py took 0.046 seconds
[2026-03-15T19:03:58.005+0000] {processor.py:156} INFO - Started process (PID=9002) to work on /opt/airflow/dags/dag.py
[2026-03-15T19:03:58.006+0000] {processor.py:799} INFO - Processing file /opt/airflow/dags/dag.py for tasks to queue
[2026-03-15T19:03:58.007+0000] {logging_mixin.py:149} INFO - [2026-03-15T19:03:58.006+0000] {dagbag.py:541} INFO - Filling up the DagBag from /opt/airflow/dags/dag.py
[2026-03-15T19:03:58.011+0000] {processor.py:809} INFO - DAG(s) dict_keys(['dag_postgres_single_api_test']) retrieved from /opt/airflow/dags/dag.py
[2026-03-15T19:03:58.031+0000] {logging_mixin.py:149} INFO - [2026-03-15T19:03:58.031+0000] {dag.py:2726} INFO - Sync 1 DAGs
[2026-03-15T19:03:58.041+0000] {logging_mixin.py:149} INFO - [2026-03-15T19:03:58.041+0000] {dag.py:3490} INFO - Setting next_dagrun for dag_postgres_single_api_test to None, run_after=None
[2026-03-15T19:03:58.047+0000] {processor.py:178} INFO - Processing /opt/airflow/dags/dag.py took 0.044 seconds
[2026-03-15T19:50:35.870+0000] {processor.py:156} INFO - Started process (PID=9035) to work on /opt/airflow/dags/dag.py
[2026-03-15T19:50:35.870+0000] {processor.py:799} INFO - Processing file /opt/airflow/dags/dag.py for tasks to queue
[2026-03-15T19:50:35.870+0000] {logging_mixin.py:149} INFO - [2026-03-15T19:50:35.870+0000] {dagbag.py:541} INFO - Filling up the DagBag from /opt/airflow/dags/dag.py
[2026-03-15T19:50:35.874+0000] {processor.py:809} INFO - DAG(s) dict_keys(['dag_postgres_single_api_test']) retrieved from /opt/airflow/dags/dag.py
[2026-03-15T19:50:35.907+0000] {logging_mixin.py:149} INFO - [2026-03-15T19:50:35.907+0000] {dag.py:2726} INFO - Sync 1 DAGs
[2026-03-15T19:50:35.934+0000] {logging_mixin.py:149} INFO - [2026-03-15T19:50:35.934+0000] {dag.py:3490} INFO - Setting next_dagrun for dag_postgres_single_api_test to None, run_after=None
[2026-03-15T19:50:35.963+0000] {processor.py:178} INFO - Processing /opt/airflow/dags/dag.py took 0.095 seconds
[2026-03-15T19:58:18.621+0000] {processor.py:156} INFO - Started process (PID=9068) to work on /opt/airflow/dags/dag.py
[2026-03-15T19:58:18.622+0000] {processor.py:799} INFO - Processing file /opt/airflow/dags/dag.py for tasks to queue
[2026-03-15T19:58:18.623+0000] {logging_mixin.py:149} INFO - [2026-03-15T19:58:18.623+0000] {dagbag.py:541} INFO - Filling up the DagBag from /opt/airflow/dags/dag.py
[2026-03-15T19:58:18.632+0000] {processor.py:809} INFO - DAG(s) dict_keys(['dag_postgres_single_api_test']) retrieved from /opt/airflow/dags/dag.py
[2026-03-15T19:58:18.655+0000] {logging_mixin.py:149} INFO - [2026-03-15T19:58:18.655+0000] {dag.py:2726} INFO - Sync 1 DAGs
[2026-03-15T19:58:18.679+0000] {logging_mixin.py:149} INFO - [2026-03-15T19:58:18.679+0000] {dag.py:3490} INFO - Setting next_dagrun for dag_postgres_single_api_test to None, run_after=None
[2026-03-15T19:58:18.701+0000] {processor.py:178} INFO - Processing /opt/airflow/dags/dag.py took 0.083 seconds
[2026-03-15T19:58:49.026+0000] {processor.py:156} INFO - Started process (PID=9086) to work on /opt/airflow/dags/dag.py
[2026-03-15T19:58:49.027+0000] {processor.py:799} INFO - Processing file /opt/airflow/dags/dag.py for tasks to queue
[2026-03-15T19:58:49.028+0000] {logging_mixin.py:149} INFO - [2026-03-15T19:58:49.027+0000] {dagbag.py:541} INFO - Filling up the DagBag from /opt/airflow/dags/dag.py
[2026-03-15T19:58:49.038+0000] {processor.py:809} INFO - DAG(s) dict_keys(['dag_postgres_single_api_test']) retrieved from /opt/airflow/dags/dag.py
[2026-03-15T19:58:49.054+0000] {logging_mixin.py:149} INFO - [2026-03-15T19:58:49.054+0000] {dag.py:2726} INFO - Sync 1 DAGs
[2026-03-15T19:58:49.066+0000] {logging_mixin.py:149} INFO - [2026-03-15T19:58:49.066+0000] {dag.py:3490} INFO - Setting next_dagrun for dag_postgres_single_api_test to None, run_after=None
[2026-03-15T19:58:49.077+0000] {processor.py:178} INFO - Processing /opt/airflow/dags/dag.py took 0.055 seconds
[2026-03-15T20:04:26.533+0000] {processor.py:156} INFO - Started process (PID=9133) to work on /opt/airflow/dags/dag.py
[2026-03-15T20:04:26.533+0000] {processor.py:799} INFO - Processing file /opt/airflow/dags/dag.py for tasks to queue
[2026-03-15T20:04:26.534+0000] {logging_mixin.py:149} INFO - [2026-03-15T20:04:26.534+0000] {dagbag.py:541} INFO - Filling up the DagBag from /opt/airflow/dags/dag.py
[2026-03-15T20:04:26.537+0000] {processor.py:809} INFO - DAG(s) dict_keys(['dag_postgres_single_api_test']) retrieved from /opt/airflow/dags/dag.py
[2026-03-15T20:04:26.549+0000] {logging_mixin.py:149} INFO - [2026-03-15T20:04:26.549+0000] {dag.py:2726} INFO - Sync 1 DAGs
[2026-03-15T20:04:26.557+0000] {logging_mixin.py:149} INFO - [2026-03-15T20:04:26.557+0000] {dag.py:3490} INFO - Setting next_dagrun for dag_postgres_single_api_test to None, run_after=None
[2026-03-15T20:04:26.564+0000] {processor.py:178} INFO - Processing /opt/airflow/dags/dag.py took 0.032 seconds
[2026-03-15T20:36:16.955+0000] {processor.py:156} INFO - Started process (PID=9164) to work on /opt/airflow/dags/dag.py
[2026-03-15T20:36:16.956+0000] {processor.py:799} INFO - Processing file /opt/airflow/dags/dag.py for tasks to queue
[2026-03-15T20:36:16.956+0000] {logging_mixin.py:149} INFO - [2026-03-15T20:36:16.956+0000] {dagbag.py:541} INFO - Filling up the DagBag from /opt/airflow/dags/dag.py
[2026-03-15T20:36:16.973+0000] {processor.py:809} INFO - DAG(s) dict_keys(['dag_postgres_single_api_test']) retrieved from /opt/airflow/dags/dag.py
[2026-03-15T20:36:16.999+0000] {logging_mixin.py:149} INFO - [2026-03-15T20:36:16.999+0000] {dag.py:2726} INFO - Sync 1 DAGs
[2026-03-15T20:36:17.017+0000] {logging_mixin.py:149} INFO - [2026-03-15T20:36:17.017+0000] {dag.py:3490} INFO - Setting next_dagrun for dag_postgres_single_api_test to None, run_after=None
[2026-03-15T20:36:17.042+0000] {processor.py:178} INFO - Processing /opt/airflow/dags/dag.py took 0.093 seconds
[2026-03-15T20:52:09.267+0000] {processor.py:156} INFO - Started process (PID=9196) to work on /opt/airflow/dags/dag.py
[2026-03-15T20:52:09.268+0000] {processor.py:799} INFO - Processing file /opt/airflow/dags/dag.py for tasks to queue
[2026-03-15T20:52:09.268+0000] {logging_mixin.py:149} INFO - [2026-03-15T20:52:09.268+0000] {dagbag.py:541} INFO - Filling up the DagBag from /opt/airflow/dags/dag.py
[2026-03-15T20:52:09.278+0000] {processor.py:809} INFO - DAG(s) dict_keys(['dag_postgres_single_api_test']) retrieved from /opt/airflow/dags/dag.py
[2026-03-15T20:52:09.308+0000] {logging_mixin.py:149} INFO - [2026-03-15T20:52:09.308+0000] {dag.py:2726} INFO - Sync 1 DAGs
[2026-03-15T20:52:09.331+0000] {logging_mixin.py:149} INFO - [2026-03-15T20:52:09.331+0000] {dag.py:3490} INFO - Setting next_dagrun for dag_postgres_single_api_test to None, run_after=None
[2026-03-15T20:52:09.348+0000] {processor.py:178} INFO - Processing /opt/airflow/dags/dag.py took 0.085 seconds
[2026-03-15T21:05:34.807+0000] {processor.py:156} INFO - Started process (PID=9231) to work on /opt/airflow/dags/dag.py
[2026-03-15T21:05:34.808+0000] {processor.py:799} INFO - Processing file /opt/airflow/dags/dag.py for tasks to queue
[2026-03-15T21:05:34.808+0000] {logging_mixin.py:149} INFO - [2026-03-15T21:05:34.808+0000] {dagbag.py:541} INFO - Filling up the DagBag from /opt/airflow/dags/dag.py
[2026-03-15T21:05:34.811+0000] {processor.py:809} INFO - DAG(s) dict_keys(['dag_postgres_single_api_test']) retrieved from /opt/airflow/dags/dag.py
[2026-03-15T21:05:34.823+0000] {logging_mixin.py:149} INFO - [2026-03-15T21:05:34.823+0000] {dag.py:2726} INFO - Sync 1 DAGs
[2026-03-15T21:05:34.832+0000] {logging_mixin.py:149} INFO - [2026-03-15T21:05:34.832+0000] {dag.py:3490} INFO - Setting next_dagrun for dag_postgres_single_api_test to None, run_after=None
[2026-03-15T21:05:34.838+0000] {processor.py:178} INFO - Processing /opt/airflow/dags/dag.py took 0.033 seconds
[2026-03-15T21:40:32.430+0000] {processor.py:156} INFO - Started process (PID=9264) to work on /opt/airflow/dags/dag.py
[2026-03-15T21:40:32.430+0000] {processor.py:799} INFO - Processing file /opt/airflow/dags/dag.py for tasks to queue
[2026-03-15T21:40:32.431+0000] {logging_mixin.py:149} INFO - [2026-03-15T21:40:32.431+0000] {dagbag.py:541} INFO - Filling up the DagBag from /opt/airflow/dags/dag.py
[2026-03-15T21:40:32.441+0000] {processor.py:809} INFO - DAG(s) dict_keys(['dag_postgres_single_api_test']) retrieved from /opt/airflow/dags/dag.py
[2026-03-15T21:40:32.462+0000] {logging_mixin.py:149} INFO - [2026-03-15T21:40:32.462+0000] {dag.py:2726} INFO - Sync 1 DAGs
[2026-03-15T21:40:32.483+0000] {logging_mixin.py:149} INFO - [2026-03-15T21:40:32.483+0000] {dag.py:3490} INFO - Setting next_dagrun for dag_postgres_single_api_test to None, run_after=None
[2026-03-15T21:40:32.499+0000] {processor.py:178} INFO - Processing /opt/airflow/dags/dag.py took 0.073 seconds
[2026-03-15T21:56:41.542+0000] {processor.py:156} INFO - Started process (PID=9293) to work on /opt/airflow/dags/dag.py
[2026-03-15T21:56:41.545+0000] {processor.py:799} INFO - Processing file /opt/airflow/dags/dag.py for tasks to queue
[2026-03-15T21:56:41.546+0000] {logging_mixin.py:149} INFO - [2026-03-15T21:56:41.546+0000] {dagbag.py:541} INFO - Filling up the DagBag from /opt/airflow/dags/dag.py
[2026-03-15T21:56:41.558+0000] {processor.py:809} INFO - DAG(s) dict_keys(['dag_postgres_single_api_test']) retrieved from /opt/airflow/dags/dag.py
[2026-03-15T21:56:41.582+0000] {logging_mixin.py:149} INFO - [2026-03-15T21:56:41.582+0000] {dag.py:2726} INFO - Sync 1 DAGs
[2026-03-15T21:56:41.606+0000] {logging_mixin.py:149} INFO - [2026-03-15T21:56:41.606+0000] {dag.py:3490} INFO - Setting next_dagrun for dag_postgres_single_api_test to None, run_after=None
[2026-03-15T21:56:41.631+0000] {processor.py:178} INFO - Processing /opt/airflow/dags/dag.py took 0.095 seconds
[2026-03-15T22:55:22.377+0000] {processor.py:156} INFO - Started process (PID=9325) to work on /opt/airflow/dags/dag.py
[2026-03-15T22:55:22.377+0000] {processor.py:799} INFO - Processing file /opt/airflow/dags/dag.py for tasks to queue
[2026-03-15T22:55:22.378+0000] {logging_mixin.py:149} INFO - [2026-03-15T22:55:22.378+0000] {dagbag.py:541} INFO - Filling up the DagBag from /opt/airflow/dags/dag.py
[2026-03-15T22:55:22.381+0000] {processor.py:809} INFO - DAG(s) dict_keys(['dag_postgres_single_api_test']) retrieved from /opt/airflow/dags/dag.py
[2026-03-15T22:55:22.392+0000] {logging_mixin.py:149} INFO - [2026-03-15T22:55:22.392+0000] {dag.py:2726} INFO - Sync 1 DAGs
[2026-03-15T22:55:22.402+0000] {logging_mixin.py:149} INFO - [2026-03-15T22:55:22.402+0000] {dag.py:3490} INFO - Setting next_dagrun for dag_postgres_single_api_test to None, run_after=None
[2026-03-15T22:55:22.408+0000] {processor.py:178} INFO - Processing /opt/airflow/dags/dag.py took 0.033 seconds
[2026-03-15T23:07:38.610+0000] {processor.py:156} INFO - Started process (PID=9359) to work on /opt/airflow/dags/dag.py
[2026-03-15T23:07:38.611+0000] {processor.py:799} INFO - Processing file /opt/airflow/dags/dag.py for tasks to queue
[2026-03-15T23:07:38.611+0000] {logging_mixin.py:149} INFO - [2026-03-15T23:07:38.611+0000] {dagbag.py:541} INFO - Filling up the DagBag from /opt/airflow/dags/dag.py
[2026-03-15T23:07:38.629+0000] {processor.py:809} INFO - DAG(s) dict_keys(['dag_postgres_single_api_test']) retrieved from /opt/airflow/dags/dag.py
[2026-03-15T23:07:38.653+0000] {logging_mixin.py:149} INFO - [2026-03-15T23:07:38.653+0000] {dag.py:2726} INFO - Sync 1 DAGs
[2026-03-15T23:07:38.662+0000] {logging_mixin.py:149} INFO - [2026-03-15T23:07:38.662+0000] {dag.py:3490} INFO - Setting next_dagrun for dag_postgres_single_api_test to None, run_after=None
[2026-03-15T23:07:38.669+0000] {processor.py:178} INFO - Processing /opt/airflow/dags/dag.py took 0.061 seconds
[2026-03-15T23:11:35.589+0000] {processor.py:156} INFO - Started process (PID=9391) to work on /opt/airflow/dags/dag.py
[2026-03-15T23:11:35.590+0000] {processor.py:799} INFO - Processing file /opt/airflow/dags/dag.py for tasks to queue
[2026-03-15T23:11:35.591+0000] {logging_mixin.py:149} INFO - [2026-03-15T23:11:35.590+0000] {dagbag.py:541} INFO - Filling up the DagBag from /opt/airflow/dags/dag.py
[2026-03-15T23:11:35.597+0000] {processor.py:809} INFO - DAG(s) dict_keys(['dag_postgres_single_api_test']) retrieved from /opt/airflow/dags/dag.py
[2026-03-15T23:11:35.615+0000] {logging_mixin.py:149} INFO - [2026-03-15T23:11:35.615+0000] {dag.py:2726} INFO - Sync 1 DAGs
[2026-03-15T23:11:35.624+0000] {logging_mixin.py:149} INFO - [2026-03-15T23:11:35.624+0000] {dag.py:3490} INFO - Setting next_dagrun for dag_postgres_single_api_test to None, run_after=None
[2026-03-15T23:11:35.630+0000] {processor.py:178} INFO - Processing /opt/airflow/dags/dag.py took 0.043 seconds
[2026-03-15T23:50:28.774+0000] {processor.py:156} INFO - Started process (PID=9423) to work on /opt/airflow/dags/dag.py
[2026-03-15T23:50:28.780+0000] {processor.py:799} INFO - Processing file /opt/airflow/dags/dag.py for tasks to queue
[2026-03-15T23:50:28.781+0000] {logging_mixin.py:149} INFO - [2026-03-15T23:50:28.780+0000] {dagbag.py:541} INFO - Filling up the DagBag from /opt/airflow/dags/dag.py
[2026-03-15T23:50:28.800+0000] {processor.py:809} INFO - DAG(s) dict_keys(['dag_postgres_single_api_test']) retrieved from /opt/airflow/dags/dag.py
[2026-03-15T23:50:28.812+0000] {logging_mixin.py:149} INFO - [2026-03-15T23:50:28.812+0000] {dag.py:2726} INFO - Sync 1 DAGs
[2026-03-15T23:50:28.822+0000] {logging_mixin.py:149} INFO - [2026-03-15T23:50:28.822+0000] {dag.py:3490} INFO - Setting next_dagrun for dag_postgres_single_api_test to None, run_after=None
[2026-03-15T23:50:28.828+0000] {processor.py:178} INFO - Processing /opt/airflow/dags/dag.py took 0.055 seconds
[2026-03-15T23:50:59.252+0000] {processor.py:156} INFO - Started process (PID=9455) to work on /opt/airflow/dags/dag.py
[2026-03-15T23:50:59.257+0000] {processor.py:799} INFO - Processing file /opt/airflow/dags/dag.py for tasks to queue
[2026-03-15T23:50:59.261+0000] {logging_mixin.py:149} INFO - [2026-03-15T23:50:59.261+0000] {dagbag.py:541} INFO - Filling up the DagBag from /opt/airflow/dags/dag.py
[2026-03-15T23:50:59.265+0000] {processor.py:809} INFO - DAG(s) dict_keys(['dag_postgres_single_api_test']) retrieved from /opt/airflow/dags/dag.py
[2026-03-15T23:50:59.276+0000] {logging_mixin.py:149} INFO - [2026-03-15T23:50:59.276+0000] {dag.py:2726} INFO - Sync 1 DAGs
[2026-03-15T23:50:59.285+0000] {logging_mixin.py:149} INFO - [2026-03-15T23:50:59.285+0000] {dag.py:3490} INFO - Setting next_dagrun for dag_postgres_single_api_test to None, run_after=None
[2026-03-15T23:50:59.292+0000] {processor.py:178} INFO - Processing /opt/airflow/dags/dag.py took 0.046 seconds
