[2026-03-15T00:09:37.597+0000] {processor.py:156} INFO - Started process (PID=5661) to work on /opt/airflow/dags/dag2.py
[2026-03-15T00:09:37.597+0000] {processor.py:799} INFO - Processing file /opt/airflow/dags/dag2.py for tasks to queue
[2026-03-15T00:09:37.598+0000] {logging_mixin.py:149} INFO - [2026-03-15T00:09:37.598+0000] {dagbag.py:541} INFO - Filling up the DagBag from /opt/airflow/dags/dag2.py
[2026-03-15T00:09:37.933+0000] {processor.py:809} INFO - DAG(s) dict_keys(['dag_mlops_full_pipeline']) retrieved from /opt/airflow/dags/dag2.py
[2026-03-15T00:09:37.949+0000] {logging_mixin.py:149} INFO - [2026-03-15T00:09:37.948+0000] {dag.py:2726} INFO - Sync 1 DAGs
[2026-03-15T00:09:37.969+0000] {logging_mixin.py:149} INFO - [2026-03-15T00:09:37.969+0000] {dag.py:3490} INFO - Setting next_dagrun for dag_mlops_full_pipeline to None, run_after=None
[2026-03-15T00:09:37.984+0000] {processor.py:178} INFO - Processing /opt/airflow/dags/dag2.py took 0.390 seconds
[2026-03-15T00:10:08.036+0000] {processor.py:156} INFO - Started process (PID=5693) to work on /opt/airflow/dags/dag2.py
[2026-03-15T00:10:08.037+0000] {processor.py:799} INFO - Processing file /opt/airflow/dags/dag2.py for tasks to queue
[2026-03-15T00:10:08.038+0000] {logging_mixin.py:149} INFO - [2026-03-15T00:10:08.038+0000] {dagbag.py:541} INFO - Filling up the DagBag from /opt/airflow/dags/dag2.py
[2026-03-15T00:10:08.325+0000] {processor.py:809} INFO - DAG(s) dict_keys(['dag_mlops_full_pipeline']) retrieved from /opt/airflow/dags/dag2.py
[2026-03-15T00:10:08.333+0000] {logging_mixin.py:149} INFO - [2026-03-15T00:10:08.333+0000] {dag.py:2726} INFO - Sync 1 DAGs
[2026-03-15T00:10:08.340+0000] {logging_mixin.py:149} INFO - [2026-03-15T00:10:08.340+0000] {dag.py:3490} INFO - Setting next_dagrun for dag_mlops_full_pipeline to None, run_after=None
[2026-03-15T00:10:08.345+0000] {processor.py:178} INFO - Processing /opt/airflow/dags/dag2.py took 0.313 seconds
[2026-03-15T00:38:21.013+0000] {processor.py:156} INFO - Started process (PID=5725) to work on /opt/airflow/dags/dag2.py
[2026-03-15T00:38:21.014+0000] {processor.py:799} INFO - Processing file /opt/airflow/dags/dag2.py for tasks to queue
[2026-03-15T00:38:21.014+0000] {logging_mixin.py:149} INFO - [2026-03-15T00:38:21.014+0000] {dagbag.py:541} INFO - Filling up the DagBag from /opt/airflow/dags/dag2.py
[2026-03-15T00:38:21.354+0000] {processor.py:809} INFO - DAG(s) dict_keys(['dag_mlops_full_pipeline']) retrieved from /opt/airflow/dags/dag2.py
[2026-03-15T00:38:21.365+0000] {logging_mixin.py:149} INFO - [2026-03-15T00:38:21.365+0000] {dag.py:2726} INFO - Sync 1 DAGs
[2026-03-15T00:38:21.374+0000] {logging_mixin.py:149} INFO - [2026-03-15T00:38:21.374+0000] {dag.py:3490} INFO - Setting next_dagrun for dag_mlops_full_pipeline to None, run_after=None
[2026-03-15T00:38:21.381+0000] {processor.py:178} INFO - Processing /opt/airflow/dags/dag2.py took 0.369 seconds
[2026-03-15T00:38:51.464+0000] {processor.py:156} INFO - Started process (PID=5758) to work on /opt/airflow/dags/dag2.py
[2026-03-15T00:38:51.465+0000] {processor.py:799} INFO - Processing file /opt/airflow/dags/dag2.py for tasks to queue
[2026-03-15T00:38:51.465+0000] {logging_mixin.py:149} INFO - [2026-03-15T00:38:51.465+0000] {dagbag.py:541} INFO - Filling up the DagBag from /opt/airflow/dags/dag2.py
[2026-03-15T00:38:51.773+0000] {processor.py:809} INFO - DAG(s) dict_keys(['dag_mlops_full_pipeline']) retrieved from /opt/airflow/dags/dag2.py
[2026-03-15T00:38:51.782+0000] {logging_mixin.py:149} INFO - [2026-03-15T00:38:51.781+0000] {dag.py:2726} INFO - Sync 1 DAGs
[2026-03-15T00:38:51.789+0000] {logging_mixin.py:149} INFO - [2026-03-15T00:38:51.789+0000] {dag.py:3490} INFO - Setting next_dagrun for dag_mlops_full_pipeline to None, run_after=None
[2026-03-15T00:38:51.795+0000] {processor.py:178} INFO - Processing /opt/airflow/dags/dag2.py took 0.334 seconds
[2026-03-15T00:40:57.252+0000] {processor.py:156} INFO - Started process (PID=5790) to work on /opt/airflow/dags/dag2.py
[2026-03-15T00:40:57.253+0000] {processor.py:799} INFO - Processing file /opt/airflow/dags/dag2.py for tasks to queue
[2026-03-15T00:40:57.253+0000] {logging_mixin.py:149} INFO - [2026-03-15T00:40:57.253+0000] {dagbag.py:541} INFO - Filling up the DagBag from /opt/airflow/dags/dag2.py
[2026-03-15T00:40:57.545+0000] {processor.py:809} INFO - DAG(s) dict_keys(['dag_mlops_full_pipeline']) retrieved from /opt/airflow/dags/dag2.py
[2026-03-15T00:40:57.554+0000] {logging_mixin.py:149} INFO - [2026-03-15T00:40:57.554+0000] {dag.py:2726} INFO - Sync 1 DAGs
[2026-03-15T00:40:57.561+0000] {logging_mixin.py:149} INFO - [2026-03-15T00:40:57.561+0000] {dag.py:3490} INFO - Setting next_dagrun for dag_mlops_full_pipeline to None, run_after=None
[2026-03-15T00:40:57.567+0000] {processor.py:178} INFO - Processing /opt/airflow/dags/dag2.py took 0.318 seconds
[2026-03-15T00:57:07.496+0000] {processor.py:156} INFO - Started process (PID=5824) to work on /opt/airflow/dags/dag2.py
[2026-03-15T00:57:07.498+0000] {processor.py:799} INFO - Processing file /opt/airflow/dags/dag2.py for tasks to queue
[2026-03-15T00:57:07.498+0000] {logging_mixin.py:149} INFO - [2026-03-15T00:57:07.498+0000] {dagbag.py:541} INFO - Filling up the DagBag from /opt/airflow/dags/dag2.py
[2026-03-15T00:57:07.940+0000] {processor.py:809} INFO - DAG(s) dict_keys(['dag_mlops_full_pipeline']) retrieved from /opt/airflow/dags/dag2.py
[2026-03-15T00:57:07.959+0000] {logging_mixin.py:149} INFO - [2026-03-15T00:57:07.958+0000] {dag.py:2726} INFO - Sync 1 DAGs
[2026-03-15T00:57:07.980+0000] {logging_mixin.py:149} INFO - [2026-03-15T00:57:07.980+0000] {dag.py:3490} INFO - Setting next_dagrun for dag_mlops_full_pipeline to None, run_after=None
[2026-03-15T00:57:07.995+0000] {processor.py:178} INFO - Processing /opt/airflow/dags/dag2.py took 0.502 seconds
[2026-03-15T00:57:38.076+0000] {processor.py:156} INFO - Started process (PID=5865) to work on /opt/airflow/dags/dag2.py
[2026-03-15T00:57:38.077+0000] {processor.py:799} INFO - Processing file /opt/airflow/dags/dag2.py for tasks to queue
[2026-03-15T00:57:38.077+0000] {logging_mixin.py:149} INFO - [2026-03-15T00:57:38.077+0000] {dagbag.py:541} INFO - Filling up the DagBag from /opt/airflow/dags/dag2.py
[2026-03-15T00:57:38.333+0000] {processor.py:809} INFO - DAG(s) dict_keys(['dag_mlops_full_pipeline']) retrieved from /opt/airflow/dags/dag2.py
[2026-03-15T00:57:38.342+0000] {logging_mixin.py:149} INFO - [2026-03-15T00:57:38.342+0000] {dag.py:2726} INFO - Sync 1 DAGs
[2026-03-15T00:57:38.349+0000] {logging_mixin.py:149} INFO - [2026-03-15T00:57:38.349+0000] {dag.py:3490} INFO - Setting next_dagrun for dag_mlops_full_pipeline to None, run_after=None
[2026-03-15T00:57:38.355+0000] {processor.py:178} INFO - Processing /opt/airflow/dags/dag2.py took 0.281 seconds
[2026-03-15T00:58:08.418+0000] {processor.py:156} INFO - Started process (PID=5897) to work on /opt/airflow/dags/dag2.py
[2026-03-15T00:58:08.419+0000] {processor.py:799} INFO - Processing file /opt/airflow/dags/dag2.py for tasks to queue
[2026-03-15T00:58:08.419+0000] {logging_mixin.py:149} INFO - [2026-03-15T00:58:08.419+0000] {dagbag.py:541} INFO - Filling up the DagBag from /opt/airflow/dags/dag2.py
[2026-03-15T00:58:08.687+0000] {processor.py:809} INFO - DAG(s) dict_keys(['dag_mlops_full_pipeline']) retrieved from /opt/airflow/dags/dag2.py
[2026-03-15T00:58:08.696+0000] {logging_mixin.py:149} INFO - [2026-03-15T00:58:08.696+0000] {dag.py:2726} INFO - Sync 1 DAGs
[2026-03-15T00:58:08.703+0000] {logging_mixin.py:149} INFO - [2026-03-15T00:58:08.703+0000] {dag.py:3490} INFO - Setting next_dagrun for dag_mlops_full_pipeline to None, run_after=None
[2026-03-15T00:58:08.709+0000] {processor.py:178} INFO - Processing /opt/airflow/dags/dag2.py took 0.292 seconds
[2026-03-15T00:58:38.786+0000] {processor.py:156} INFO - Started process (PID=5919) to work on /opt/airflow/dags/dag2.py
[2026-03-15T00:58:38.787+0000] {processor.py:799} INFO - Processing file /opt/airflow/dags/dag2.py for tasks to queue
[2026-03-15T00:58:38.787+0000] {logging_mixin.py:149} INFO - [2026-03-15T00:58:38.787+0000] {dagbag.py:541} INFO - Filling up the DagBag from /opt/airflow/dags/dag2.py
[2026-03-15T00:58:39.089+0000] {processor.py:809} INFO - DAG(s) dict_keys(['dag_mlops_full_pipeline']) retrieved from /opt/airflow/dags/dag2.py
[2026-03-15T00:58:39.101+0000] {logging_mixin.py:149} INFO - [2026-03-15T00:58:39.101+0000] {dag.py:2726} INFO - Sync 1 DAGs
[2026-03-15T00:58:39.110+0000] {logging_mixin.py:149} INFO - [2026-03-15T00:58:39.110+0000] {dag.py:3490} INFO - Setting next_dagrun for dag_mlops_full_pipeline to None, run_after=None
[2026-03-15T00:58:39.115+0000] {processor.py:178} INFO - Processing /opt/airflow/dags/dag2.py took 0.333 seconds
[2026-03-15T00:59:09.219+0000] {processor.py:156} INFO - Started process (PID=5951) to work on /opt/airflow/dags/dag2.py
[2026-03-15T00:59:09.219+0000] {processor.py:799} INFO - Processing file /opt/airflow/dags/dag2.py for tasks to queue
[2026-03-15T00:59:09.220+0000] {logging_mixin.py:149} INFO - [2026-03-15T00:59:09.220+0000] {dagbag.py:541} INFO - Filling up the DagBag from /opt/airflow/dags/dag2.py
[2026-03-15T00:59:09.505+0000] {processor.py:809} INFO - DAG(s) dict_keys(['dag_mlops_full_pipeline']) retrieved from /opt/airflow/dags/dag2.py
[2026-03-15T00:59:09.514+0000] {logging_mixin.py:149} INFO - [2026-03-15T00:59:09.514+0000] {dag.py:2726} INFO - Sync 1 DAGs
[2026-03-15T00:59:09.521+0000] {logging_mixin.py:149} INFO - [2026-03-15T00:59:09.521+0000] {dag.py:3490} INFO - Setting next_dagrun for dag_mlops_full_pipeline to None, run_after=None
[2026-03-15T00:59:09.527+0000] {processor.py:178} INFO - Processing /opt/airflow/dags/dag2.py took 0.310 seconds
[2026-03-15T00:59:39.688+0000] {processor.py:156} INFO - Started process (PID=5983) to work on /opt/airflow/dags/dag2.py
[2026-03-15T00:59:39.689+0000] {processor.py:799} INFO - Processing file /opt/airflow/dags/dag2.py for tasks to queue
[2026-03-15T00:59:39.690+0000] {logging_mixin.py:149} INFO - [2026-03-15T00:59:39.690+0000] {dagbag.py:541} INFO - Filling up the DagBag from /opt/airflow/dags/dag2.py
[2026-03-15T00:59:39.990+0000] {processor.py:809} INFO - DAG(s) dict_keys(['dag_mlops_full_pipeline']) retrieved from /opt/airflow/dags/dag2.py
[2026-03-15T00:59:39.998+0000] {logging_mixin.py:149} INFO - [2026-03-15T00:59:39.998+0000] {dag.py:2726} INFO - Sync 1 DAGs
[2026-03-15T00:59:40.006+0000] {logging_mixin.py:149} INFO - [2026-03-15T00:59:40.006+0000] {dag.py:3490} INFO - Setting next_dagrun for dag_mlops_full_pipeline to None, run_after=None
[2026-03-15T00:59:40.011+0000] {processor.py:178} INFO - Processing /opt/airflow/dags/dag2.py took 0.326 seconds
[2026-03-15T01:19:49.853+0000] {processor.py:156} INFO - Started process (PID=6015) to work on /opt/airflow/dags/dag2.py
[2026-03-15T01:19:49.854+0000] {processor.py:799} INFO - Processing file /opt/airflow/dags/dag2.py for tasks to queue
[2026-03-15T01:19:49.854+0000] {logging_mixin.py:149} INFO - [2026-03-15T01:19:49.854+0000] {dagbag.py:541} INFO - Filling up the DagBag from /opt/airflow/dags/dag2.py
[2026-03-15T01:19:50.150+0000] {processor.py:809} INFO - DAG(s) dict_keys(['dag_mlops_full_pipeline']) retrieved from /opt/airflow/dags/dag2.py
[2026-03-15T01:19:50.158+0000] {logging_mixin.py:149} INFO - [2026-03-15T01:19:50.158+0000] {dag.py:2726} INFO - Sync 1 DAGs
[2026-03-15T01:19:50.165+0000] {logging_mixin.py:149} INFO - [2026-03-15T01:19:50.165+0000] {dag.py:3490} INFO - Setting next_dagrun for dag_mlops_full_pipeline to None, run_after=None
[2026-03-15T01:19:50.171+0000] {processor.py:178} INFO - Processing /opt/airflow/dags/dag2.py took 0.321 seconds
[2026-03-15T01:35:26.125+0000] {processor.py:156} INFO - Started process (PID=6047) to work on /opt/airflow/dags/dag2.py
[2026-03-15T01:35:26.125+0000] {processor.py:799} INFO - Processing file /opt/airflow/dags/dag2.py for tasks to queue
[2026-03-15T01:35:26.126+0000] {logging_mixin.py:149} INFO - [2026-03-15T01:35:26.126+0000] {dagbag.py:541} INFO - Filling up the DagBag from /opt/airflow/dags/dag2.py
[2026-03-15T01:35:26.552+0000] {processor.py:809} INFO - DAG(s) dict_keys(['dag_mlops_full_pipeline']) retrieved from /opt/airflow/dags/dag2.py
[2026-03-15T01:35:26.573+0000] {logging_mixin.py:149} INFO - [2026-03-15T01:35:26.573+0000] {dag.py:2726} INFO - Sync 1 DAGs
[2026-03-15T01:35:26.596+0000] {logging_mixin.py:149} INFO - [2026-03-15T01:35:26.596+0000] {dag.py:3490} INFO - Setting next_dagrun for dag_mlops_full_pipeline to None, run_after=None
[2026-03-15T01:35:26.616+0000] {processor.py:178} INFO - Processing /opt/airflow/dags/dag2.py took 0.494 seconds
[2026-03-15T01:53:31.199+0000] {processor.py:156} INFO - Started process (PID=6079) to work on /opt/airflow/dags/dag2.py
[2026-03-15T01:53:31.200+0000] {processor.py:799} INFO - Processing file /opt/airflow/dags/dag2.py for tasks to queue
[2026-03-15T01:53:31.201+0000] {logging_mixin.py:149} INFO - [2026-03-15T01:53:31.200+0000] {dagbag.py:541} INFO - Filling up the DagBag from /opt/airflow/dags/dag2.py
[2026-03-15T01:53:31.618+0000] {processor.py:809} INFO - DAG(s) dict_keys(['dag_mlops_full_pipeline']) retrieved from /opt/airflow/dags/dag2.py
[2026-03-15T01:53:31.637+0000] {logging_mixin.py:149} INFO - [2026-03-15T01:53:31.636+0000] {dag.py:2726} INFO - Sync 1 DAGs
[2026-03-15T01:53:31.656+0000] {logging_mixin.py:149} INFO - [2026-03-15T01:53:31.656+0000] {dag.py:3490} INFO - Setting next_dagrun for dag_mlops_full_pipeline to None, run_after=None
[2026-03-15T01:53:31.670+0000] {processor.py:178} INFO - Processing /opt/airflow/dags/dag2.py took 0.473 seconds
[2026-03-15T02:37:28.315+0000] {processor.py:156} INFO - Started process (PID=6111) to work on /opt/airflow/dags/dag2.py
[2026-03-15T02:37:28.317+0000] {processor.py:799} INFO - Processing file /opt/airflow/dags/dag2.py for tasks to queue
[2026-03-15T02:37:28.319+0000] {logging_mixin.py:149} INFO - [2026-03-15T02:37:28.318+0000] {dagbag.py:541} INFO - Filling up the DagBag from /opt/airflow/dags/dag2.py
[2026-03-15T02:37:29.618+0000] {processor.py:809} INFO - DAG(s) dict_keys(['dag_mlops_full_pipeline']) retrieved from /opt/airflow/dags/dag2.py
[2026-03-15T02:37:29.656+0000] {logging_mixin.py:149} INFO - [2026-03-15T02:37:29.655+0000] {dag.py:2726} INFO - Sync 1 DAGs
[2026-03-15T02:37:29.687+0000] {logging_mixin.py:149} INFO - [2026-03-15T02:37:29.687+0000] {dag.py:3490} INFO - Setting next_dagrun for dag_mlops_full_pipeline to None, run_after=None
[2026-03-15T02:37:29.715+0000] {processor.py:178} INFO - Processing /opt/airflow/dags/dag2.py took 1.652 seconds
[2026-03-15T02:38:00.005+0000] {processor.py:156} INFO - Started process (PID=6154) to work on /opt/airflow/dags/dag2.py
[2026-03-15T02:38:00.008+0000] {processor.py:799} INFO - Processing file /opt/airflow/dags/dag2.py for tasks to queue
[2026-03-15T02:38:00.009+0000] {logging_mixin.py:149} INFO - [2026-03-15T02:38:00.009+0000] {dagbag.py:541} INFO - Filling up the DagBag from /opt/airflow/dags/dag2.py
[2026-03-15T02:38:00.274+0000] {processor.py:809} INFO - DAG(s) dict_keys(['dag_mlops_full_pipeline']) retrieved from /opt/airflow/dags/dag2.py
[2026-03-15T02:38:00.283+0000] {logging_mixin.py:149} INFO - [2026-03-15T02:38:00.282+0000] {dag.py:2726} INFO - Sync 1 DAGs
[2026-03-15T02:38:00.290+0000] {logging_mixin.py:149} INFO - [2026-03-15T02:38:00.290+0000] {dag.py:3490} INFO - Setting next_dagrun for dag_mlops_full_pipeline to None, run_after=None
[2026-03-15T02:38:00.295+0000] {processor.py:178} INFO - Processing /opt/airflow/dags/dag2.py took 0.294 seconds
[2026-03-15T02:38:30.445+0000] {processor.py:156} INFO - Started process (PID=6186) to work on /opt/airflow/dags/dag2.py
[2026-03-15T02:38:30.446+0000] {processor.py:799} INFO - Processing file /opt/airflow/dags/dag2.py for tasks to queue
[2026-03-15T02:38:30.447+0000] {logging_mixin.py:149} INFO - [2026-03-15T02:38:30.447+0000] {dagbag.py:541} INFO - Filling up the DagBag from /opt/airflow/dags/dag2.py
[2026-03-15T02:38:30.712+0000] {processor.py:809} INFO - DAG(s) dict_keys(['dag_mlops_full_pipeline']) retrieved from /opt/airflow/dags/dag2.py
[2026-03-15T02:38:30.720+0000] {logging_mixin.py:149} INFO - [2026-03-15T02:38:30.720+0000] {dag.py:2726} INFO - Sync 1 DAGs
[2026-03-15T02:38:30.728+0000] {logging_mixin.py:149} INFO - [2026-03-15T02:38:30.728+0000] {dag.py:3490} INFO - Setting next_dagrun for dag_mlops_full_pipeline to None, run_after=None
[2026-03-15T02:38:30.734+0000] {processor.py:178} INFO - Processing /opt/airflow/dags/dag2.py took 0.291 seconds
[2026-03-15T02:39:00.795+0000] {processor.py:156} INFO - Started process (PID=6218) to work on /opt/airflow/dags/dag2.py
[2026-03-15T02:39:00.796+0000] {processor.py:799} INFO - Processing file /opt/airflow/dags/dag2.py for tasks to queue
[2026-03-15T02:39:00.797+0000] {logging_mixin.py:149} INFO - [2026-03-15T02:39:00.797+0000] {dagbag.py:541} INFO - Filling up the DagBag from /opt/airflow/dags/dag2.py
[2026-03-15T02:39:01.065+0000] {processor.py:809} INFO - DAG(s) dict_keys(['dag_mlops_full_pipeline']) retrieved from /opt/airflow/dags/dag2.py
[2026-03-15T02:39:01.074+0000] {logging_mixin.py:149} INFO - [2026-03-15T02:39:01.074+0000] {dag.py:2726} INFO - Sync 1 DAGs
[2026-03-15T02:39:01.081+0000] {logging_mixin.py:149} INFO - [2026-03-15T02:39:01.081+0000] {dag.py:3490} INFO - Setting next_dagrun for dag_mlops_full_pipeline to None, run_after=None
[2026-03-15T02:39:01.087+0000] {processor.py:178} INFO - Processing /opt/airflow/dags/dag2.py took 0.295 seconds
[2026-03-15T02:39:31.197+0000] {processor.py:156} INFO - Started process (PID=6250) to work on /opt/airflow/dags/dag2.py
[2026-03-15T02:39:31.198+0000] {processor.py:799} INFO - Processing file /opt/airflow/dags/dag2.py for tasks to queue
[2026-03-15T02:39:31.199+0000] {logging_mixin.py:149} INFO - [2026-03-15T02:39:31.199+0000] {dagbag.py:541} INFO - Filling up the DagBag from /opt/airflow/dags/dag2.py
[2026-03-15T02:39:31.467+0000] {processor.py:809} INFO - DAG(s) dict_keys(['dag_mlops_full_pipeline']) retrieved from /opt/airflow/dags/dag2.py
[2026-03-15T02:39:31.475+0000] {logging_mixin.py:149} INFO - [2026-03-15T02:39:31.475+0000] {dag.py:2726} INFO - Sync 1 DAGs
[2026-03-15T02:39:31.521+0000] {logging_mixin.py:149} INFO - [2026-03-15T02:39:31.521+0000] {dag.py:3490} INFO - Setting next_dagrun for dag_mlops_full_pipeline to None, run_after=None
[2026-03-15T02:39:31.527+0000] {processor.py:178} INFO - Processing /opt/airflow/dags/dag2.py took 0.333 seconds
[2026-03-15T02:40:01.633+0000] {processor.py:156} INFO - Started process (PID=6282) to work on /opt/airflow/dags/dag2.py
[2026-03-15T02:40:01.634+0000] {processor.py:799} INFO - Processing file /opt/airflow/dags/dag2.py for tasks to queue
[2026-03-15T02:40:01.635+0000] {logging_mixin.py:149} INFO - [2026-03-15T02:40:01.634+0000] {dagbag.py:541} INFO - Filling up the DagBag from /opt/airflow/dags/dag2.py
[2026-03-15T02:40:01.899+0000] {processor.py:809} INFO - DAG(s) dict_keys(['dag_mlops_full_pipeline']) retrieved from /opt/airflow/dags/dag2.py
[2026-03-15T02:40:01.907+0000] {logging_mixin.py:149} INFO - [2026-03-15T02:40:01.907+0000] {dag.py:2726} INFO - Sync 1 DAGs
[2026-03-15T02:40:01.914+0000] {logging_mixin.py:149} INFO - [2026-03-15T02:40:01.914+0000] {dag.py:3490} INFO - Setting next_dagrun for dag_mlops_full_pipeline to None, run_after=None
[2026-03-15T02:40:01.955+0000] {processor.py:178} INFO - Processing /opt/airflow/dags/dag2.py took 0.325 seconds
[2026-03-15T02:56:25.294+0000] {processor.py:156} INFO - Started process (PID=6304) to work on /opt/airflow/dags/dag2.py
[2026-03-15T02:56:25.295+0000] {processor.py:799} INFO - Processing file /opt/airflow/dags/dag2.py for tasks to queue
[2026-03-15T02:56:25.295+0000] {logging_mixin.py:149} INFO - [2026-03-15T02:56:25.295+0000] {dagbag.py:541} INFO - Filling up the DagBag from /opt/airflow/dags/dag2.py
[2026-03-15T02:56:25.604+0000] {processor.py:809} INFO - DAG(s) dict_keys(['dag_mlops_full_pipeline']) retrieved from /opt/airflow/dags/dag2.py
[2026-03-15T02:56:25.649+0000] {logging_mixin.py:149} INFO - [2026-03-15T02:56:25.613+0000] {dag.py:2726} INFO - Sync 1 DAGs
[2026-03-15T02:56:25.657+0000] {logging_mixin.py:149} INFO - [2026-03-15T02:56:25.657+0000] {dag.py:3490} INFO - Setting next_dagrun for dag_mlops_full_pipeline to None, run_after=None
[2026-03-15T02:56:25.663+0000] {processor.py:178} INFO - Processing /opt/airflow/dags/dag2.py took 0.371 seconds
[2026-03-15T03:14:21.281+0000] {processor.py:156} INFO - Started process (PID=6337) to work on /opt/airflow/dags/dag2.py
[2026-03-15T03:14:21.282+0000] {processor.py:799} INFO - Processing file /opt/airflow/dags/dag2.py for tasks to queue
[2026-03-15T03:14:21.283+0000] {logging_mixin.py:149} INFO - [2026-03-15T03:14:21.283+0000] {dagbag.py:541} INFO - Filling up the DagBag from /opt/airflow/dags/dag2.py
[2026-03-15T03:14:21.697+0000] {processor.py:809} INFO - DAG(s) dict_keys(['dag_mlops_full_pipeline']) retrieved from /opt/airflow/dags/dag2.py
[2026-03-15T03:14:21.706+0000] {logging_mixin.py:149} INFO - [2026-03-15T03:14:21.706+0000] {dag.py:2726} INFO - Sync 1 DAGs
[2026-03-15T03:14:21.751+0000] {logging_mixin.py:149} INFO - [2026-03-15T03:14:21.751+0000] {dag.py:3490} INFO - Setting next_dagrun for dag_mlops_full_pipeline to None, run_after=None
[2026-03-15T03:14:21.757+0000] {processor.py:178} INFO - Processing /opt/airflow/dags/dag2.py took 0.479 seconds
[2026-03-15T03:21:42.680+0000] {processor.py:156} INFO - Started process (PID=6369) to work on /opt/airflow/dags/dag2.py
[2026-03-15T03:21:42.681+0000] {processor.py:799} INFO - Processing file /opt/airflow/dags/dag2.py for tasks to queue
[2026-03-15T03:21:42.684+0000] {logging_mixin.py:149} INFO - [2026-03-15T03:21:42.684+0000] {dagbag.py:541} INFO - Filling up the DagBag from /opt/airflow/dags/dag2.py
[2026-03-15T03:21:43.050+0000] {processor.py:809} INFO - DAG(s) dict_keys(['dag_mlops_full_pipeline']) retrieved from /opt/airflow/dags/dag2.py
[2026-03-15T03:21:43.069+0000] {logging_mixin.py:149} INFO - [2026-03-15T03:21:43.068+0000] {dag.py:2726} INFO - Sync 1 DAGs
[2026-03-15T03:21:43.088+0000] {logging_mixin.py:149} INFO - [2026-03-15T03:21:43.088+0000] {dag.py:3490} INFO - Setting next_dagrun for dag_mlops_full_pipeline to None, run_after=None
[2026-03-15T03:21:43.105+0000] {processor.py:178} INFO - Processing /opt/airflow/dags/dag2.py took 0.426 seconds
[2026-03-15T03:22:13.140+0000] {processor.py:156} INFO - Started process (PID=6401) to work on /opt/airflow/dags/dag2.py
[2026-03-15T03:22:13.140+0000] {processor.py:799} INFO - Processing file /opt/airflow/dags/dag2.py for tasks to queue
[2026-03-15T03:22:13.141+0000] {logging_mixin.py:149} INFO - [2026-03-15T03:22:13.141+0000] {dagbag.py:541} INFO - Filling up the DagBag from /opt/airflow/dags/dag2.py
[2026-03-15T03:22:13.419+0000] {processor.py:809} INFO - DAG(s) dict_keys(['dag_mlops_full_pipeline']) retrieved from /opt/airflow/dags/dag2.py
[2026-03-15T03:22:13.462+0000] {logging_mixin.py:149} INFO - [2026-03-15T03:22:13.427+0000] {dag.py:2726} INFO - Sync 1 DAGs
[2026-03-15T03:22:13.470+0000] {logging_mixin.py:149} INFO - [2026-03-15T03:22:13.470+0000] {dag.py:3490} INFO - Setting next_dagrun for dag_mlops_full_pipeline to None, run_after=None
[2026-03-15T03:22:13.475+0000] {processor.py:178} INFO - Processing /opt/airflow/dags/dag2.py took 0.340 seconds
[2026-03-15T03:24:35.706+0000] {processor.py:156} INFO - Started process (PID=6433) to work on /opt/airflow/dags/dag2.py
[2026-03-15T03:24:35.707+0000] {processor.py:799} INFO - Processing file /opt/airflow/dags/dag2.py for tasks to queue
[2026-03-15T03:24:35.708+0000] {logging_mixin.py:149} INFO - [2026-03-15T03:24:35.708+0000] {dagbag.py:541} INFO - Filling up the DagBag from /opt/airflow/dags/dag2.py
[2026-03-15T03:24:36.021+0000] {processor.py:809} INFO - DAG(s) dict_keys(['dag_mlops_full_pipeline']) retrieved from /opt/airflow/dags/dag2.py
[2026-03-15T03:24:36.030+0000] {logging_mixin.py:149} INFO - [2026-03-15T03:24:36.030+0000] {dag.py:2726} INFO - Sync 1 DAGs
[2026-03-15T03:24:36.038+0000] {logging_mixin.py:149} INFO - [2026-03-15T03:24:36.038+0000] {dag.py:3490} INFO - Setting next_dagrun for dag_mlops_full_pipeline to None, run_after=None
[2026-03-15T03:24:36.043+0000] {processor.py:178} INFO - Processing /opt/airflow/dags/dag2.py took 0.341 seconds
[2026-03-15T03:40:44.184+0000] {processor.py:156} INFO - Started process (PID=6467) to work on /opt/airflow/dags/dag2.py
[2026-03-15T03:40:44.185+0000] {processor.py:799} INFO - Processing file /opt/airflow/dags/dag2.py for tasks to queue
[2026-03-15T03:40:44.185+0000] {logging_mixin.py:149} INFO - [2026-03-15T03:40:44.185+0000] {dagbag.py:541} INFO - Filling up the DagBag from /opt/airflow/dags/dag2.py
[2026-03-15T03:40:44.711+0000] {processor.py:809} INFO - DAG(s) dict_keys(['dag_mlops_full_pipeline']) retrieved from /opt/airflow/dags/dag2.py
[2026-03-15T03:40:44.734+0000] {logging_mixin.py:149} INFO - [2026-03-15T03:40:44.734+0000] {dag.py:2726} INFO - Sync 1 DAGs
[2026-03-15T03:40:44.745+0000] {logging_mixin.py:149} INFO - [2026-03-15T03:40:44.745+0000] {dag.py:3490} INFO - Setting next_dagrun for dag_mlops_full_pipeline to None, run_after=None
[2026-03-15T03:40:44.762+0000] {processor.py:178} INFO - Processing /opt/airflow/dags/dag2.py took 0.580 seconds
[2026-03-15T04:22:53.081+0000] {processor.py:156} INFO - Started process (PID=6499) to work on /opt/airflow/dags/dag2.py
[2026-03-15T04:22:53.082+0000] {processor.py:799} INFO - Processing file /opt/airflow/dags/dag2.py for tasks to queue
[2026-03-15T04:22:53.082+0000] {logging_mixin.py:149} INFO - [2026-03-15T04:22:53.082+0000] {dagbag.py:541} INFO - Filling up the DagBag from /opt/airflow/dags/dag2.py
[2026-03-15T04:22:53.454+0000] {processor.py:809} INFO - DAG(s) dict_keys(['dag_mlops_full_pipeline']) retrieved from /opt/airflow/dags/dag2.py
[2026-03-15T04:22:53.477+0000] {logging_mixin.py:149} INFO - [2026-03-15T04:22:53.477+0000] {dag.py:2726} INFO - Sync 1 DAGs
[2026-03-15T04:22:53.502+0000] {logging_mixin.py:149} INFO - [2026-03-15T04:22:53.502+0000] {dag.py:3490} INFO - Setting next_dagrun for dag_mlops_full_pipeline to None, run_after=None
[2026-03-15T04:22:53.519+0000] {processor.py:178} INFO - Processing /opt/airflow/dags/dag2.py took 0.440 seconds
[2026-03-15T04:23:23.559+0000] {processor.py:156} INFO - Started process (PID=6531) to work on /opt/airflow/dags/dag2.py
[2026-03-15T04:23:23.560+0000] {processor.py:799} INFO - Processing file /opt/airflow/dags/dag2.py for tasks to queue
[2026-03-15T04:23:23.563+0000] {logging_mixin.py:149} INFO - [2026-03-15T04:23:23.563+0000] {dagbag.py:541} INFO - Filling up the DagBag from /opt/airflow/dags/dag2.py
[2026-03-15T04:23:23.868+0000] {processor.py:809} INFO - DAG(s) dict_keys(['dag_mlops_full_pipeline']) retrieved from /opt/airflow/dags/dag2.py
[2026-03-15T04:23:23.876+0000] {logging_mixin.py:149} INFO - [2026-03-15T04:23:23.876+0000] {dag.py:2726} INFO - Sync 1 DAGs
[2026-03-15T04:23:23.884+0000] {logging_mixin.py:149} INFO - [2026-03-15T04:23:23.884+0000] {dag.py:3490} INFO - Setting next_dagrun for dag_mlops_full_pipeline to None, run_after=None
[2026-03-15T04:23:23.891+0000] {processor.py:178} INFO - Processing /opt/airflow/dags/dag2.py took 0.336 seconds
[2026-03-15T04:39:33.516+0000] {processor.py:156} INFO - Started process (PID=6565) to work on /opt/airflow/dags/dag2.py
[2026-03-15T04:39:33.518+0000] {processor.py:799} INFO - Processing file /opt/airflow/dags/dag2.py for tasks to queue
[2026-03-15T04:39:33.527+0000] {logging_mixin.py:149} INFO - [2026-03-15T04:39:33.526+0000] {dagbag.py:541} INFO - Filling up the DagBag from /opt/airflow/dags/dag2.py
[2026-03-15T04:39:36.559+0000] {processor.py:809} INFO - DAG(s) dict_keys(['dag_mlops_full_pipeline']) retrieved from /opt/airflow/dags/dag2.py
[2026-03-15T04:39:36.605+0000] {logging_mixin.py:149} INFO - [2026-03-15T04:39:36.604+0000] {dag.py:2726} INFO - Sync 1 DAGs
[2026-03-15T04:39:36.650+0000] {logging_mixin.py:149} INFO - [2026-03-15T04:39:36.650+0000] {dag.py:3490} INFO - Setting next_dagrun for dag_mlops_full_pipeline to None, run_after=None
[2026-03-15T04:39:36.678+0000] {processor.py:178} INFO - Processing /opt/airflow/dags/dag2.py took 3.187 seconds
[2026-03-15T05:23:44.307+0000] {processor.py:156} INFO - Started process (PID=6599) to work on /opt/airflow/dags/dag2.py
[2026-03-15T05:23:44.309+0000] {processor.py:799} INFO - Processing file /opt/airflow/dags/dag2.py for tasks to queue
[2026-03-15T05:23:44.311+0000] {logging_mixin.py:149} INFO - [2026-03-15T05:23:44.311+0000] {dagbag.py:541} INFO - Filling up the DagBag from /opt/airflow/dags/dag2.py
[2026-03-15T05:23:45.828+0000] {processor.py:809} INFO - DAG(s) dict_keys(['dag_mlops_full_pipeline']) retrieved from /opt/airflow/dags/dag2.py
[2026-03-15T05:23:45.885+0000] {logging_mixin.py:149} INFO - [2026-03-15T05:23:45.884+0000] {dag.py:2726} INFO - Sync 1 DAGs
[2026-03-15T05:23:45.922+0000] {logging_mixin.py:149} INFO - [2026-03-15T05:23:45.921+0000] {dag.py:3490} INFO - Setting next_dagrun for dag_mlops_full_pipeline to None, run_after=None
[2026-03-15T05:23:45.950+0000] {processor.py:178} INFO - Processing /opt/airflow/dags/dag2.py took 1.650 seconds
[2026-03-15T05:24:16.023+0000] {processor.py:156} INFO - Started process (PID=6641) to work on /opt/airflow/dags/dag2.py
[2026-03-15T05:24:16.024+0000] {processor.py:799} INFO - Processing file /opt/airflow/dags/dag2.py for tasks to queue
[2026-03-15T05:24:16.024+0000] {logging_mixin.py:149} INFO - [2026-03-15T05:24:16.024+0000] {dagbag.py:541} INFO - Filling up the DagBag from /opt/airflow/dags/dag2.py
[2026-03-15T05:24:16.374+0000] {processor.py:809} INFO - DAG(s) dict_keys(['dag_mlops_full_pipeline']) retrieved from /opt/airflow/dags/dag2.py
[2026-03-15T05:24:16.386+0000] {logging_mixin.py:149} INFO - [2026-03-15T05:24:16.386+0000] {dag.py:2726} INFO - Sync 1 DAGs
[2026-03-15T05:24:16.397+0000] {logging_mixin.py:149} INFO - [2026-03-15T05:24:16.397+0000] {dag.py:3490} INFO - Setting next_dagrun for dag_mlops_full_pipeline to None, run_after=None
[2026-03-15T05:24:16.405+0000] {processor.py:178} INFO - Processing /opt/airflow/dags/dag2.py took 0.382 seconds
[2026-03-15T05:24:46.439+0000] {processor.py:156} INFO - Started process (PID=6673) to work on /opt/airflow/dags/dag2.py
[2026-03-15T05:24:46.440+0000] {processor.py:799} INFO - Processing file /opt/airflow/dags/dag2.py for tasks to queue
[2026-03-15T05:24:46.440+0000] {logging_mixin.py:149} INFO - [2026-03-15T05:24:46.440+0000] {dagbag.py:541} INFO - Filling up the DagBag from /opt/airflow/dags/dag2.py
[2026-03-15T05:24:46.717+0000] {processor.py:809} INFO - DAG(s) dict_keys(['dag_mlops_full_pipeline']) retrieved from /opt/airflow/dags/dag2.py
[2026-03-15T05:24:46.725+0000] {logging_mixin.py:149} INFO - [2026-03-15T05:24:46.725+0000] {dag.py:2726} INFO - Sync 1 DAGs
[2026-03-15T05:24:46.733+0000] {logging_mixin.py:149} INFO - [2026-03-15T05:24:46.733+0000] {dag.py:3490} INFO - Setting next_dagrun for dag_mlops_full_pipeline to None, run_after=None
[2026-03-15T05:24:46.739+0000] {processor.py:178} INFO - Processing /opt/airflow/dags/dag2.py took 0.304 seconds
[2026-03-15T05:25:16.854+0000] {processor.py:156} INFO - Started process (PID=6705) to work on /opt/airflow/dags/dag2.py
[2026-03-15T05:25:16.855+0000] {processor.py:799} INFO - Processing file /opt/airflow/dags/dag2.py for tasks to queue
[2026-03-15T05:25:16.856+0000] {logging_mixin.py:149} INFO - [2026-03-15T05:25:16.856+0000] {dagbag.py:541} INFO - Filling up the DagBag from /opt/airflow/dags/dag2.py
[2026-03-15T05:25:17.129+0000] {processor.py:809} INFO - DAG(s) dict_keys(['dag_mlops_full_pipeline']) retrieved from /opt/airflow/dags/dag2.py
[2026-03-15T05:25:17.138+0000] {logging_mixin.py:149} INFO - [2026-03-15T05:25:17.137+0000] {dag.py:2726} INFO - Sync 1 DAGs
[2026-03-15T05:25:17.145+0000] {logging_mixin.py:149} INFO - [2026-03-15T05:25:17.145+0000] {dag.py:3490} INFO - Setting next_dagrun for dag_mlops_full_pipeline to None, run_after=None
[2026-03-15T05:25:17.151+0000] {processor.py:178} INFO - Processing /opt/airflow/dags/dag2.py took 0.300 seconds
[2026-03-15T05:25:47.232+0000] {processor.py:156} INFO - Started process (PID=6737) to work on /opt/airflow/dags/dag2.py
[2026-03-15T05:25:47.233+0000] {processor.py:799} INFO - Processing file /opt/airflow/dags/dag2.py for tasks to queue
[2026-03-15T05:25:47.233+0000] {logging_mixin.py:149} INFO - [2026-03-15T05:25:47.233+0000] {dagbag.py:541} INFO - Filling up the DagBag from /opt/airflow/dags/dag2.py
[2026-03-15T05:25:47.504+0000] {processor.py:809} INFO - DAG(s) dict_keys(['dag_mlops_full_pipeline']) retrieved from /opt/airflow/dags/dag2.py
[2026-03-15T05:25:47.512+0000] {logging_mixin.py:149} INFO - [2026-03-15T05:25:47.512+0000] {dag.py:2726} INFO - Sync 1 DAGs
[2026-03-15T05:25:47.520+0000] {logging_mixin.py:149} INFO - [2026-03-15T05:25:47.520+0000] {dag.py:3490} INFO - Setting next_dagrun for dag_mlops_full_pipeline to None, run_after=None
[2026-03-15T05:25:47.525+0000] {processor.py:178} INFO - Processing /opt/airflow/dags/dag2.py took 0.297 seconds
[2026-03-15T05:26:17.721+0000] {processor.py:156} INFO - Started process (PID=6769) to work on /opt/airflow/dags/dag2.py
[2026-03-15T05:26:17.722+0000] {processor.py:799} INFO - Processing file /opt/airflow/dags/dag2.py for tasks to queue
[2026-03-15T05:26:17.723+0000] {logging_mixin.py:149} INFO - [2026-03-15T05:26:17.722+0000] {dagbag.py:541} INFO - Filling up the DagBag from /opt/airflow/dags/dag2.py
[2026-03-15T05:26:17.998+0000] {processor.py:809} INFO - DAG(s) dict_keys(['dag_mlops_full_pipeline']) retrieved from /opt/airflow/dags/dag2.py
[2026-03-15T05:26:18.006+0000] {logging_mixin.py:149} INFO - [2026-03-15T05:26:18.006+0000] {dag.py:2726} INFO - Sync 1 DAGs
[2026-03-15T05:26:18.014+0000] {logging_mixin.py:149} INFO - [2026-03-15T05:26:18.013+0000] {dag.py:3490} INFO - Setting next_dagrun for dag_mlops_full_pipeline to None, run_after=None
[2026-03-15T05:26:18.019+0000] {processor.py:178} INFO - Processing /opt/airflow/dags/dag2.py took 0.301 seconds
[2026-03-15T05:43:19.906+0000] {processor.py:156} INFO - Started process (PID=6791) to work on /opt/airflow/dags/dag2.py
[2026-03-15T05:43:19.906+0000] {processor.py:799} INFO - Processing file /opt/airflow/dags/dag2.py for tasks to queue
[2026-03-15T05:43:19.907+0000] {logging_mixin.py:149} INFO - [2026-03-15T05:43:19.906+0000] {dagbag.py:541} INFO - Filling up the DagBag from /opt/airflow/dags/dag2.py
[2026-03-15T05:43:20.204+0000] {processor.py:809} INFO - DAG(s) dict_keys(['dag_mlops_full_pipeline']) retrieved from /opt/airflow/dags/dag2.py
[2026-03-15T05:43:20.212+0000] {logging_mixin.py:149} INFO - [2026-03-15T05:43:20.212+0000] {dag.py:2726} INFO - Sync 1 DAGs
[2026-03-15T05:43:20.220+0000] {logging_mixin.py:149} INFO - [2026-03-15T05:43:20.220+0000] {dag.py:3490} INFO - Setting next_dagrun for dag_mlops_full_pipeline to None, run_after=None
[2026-03-15T05:43:20.225+0000] {processor.py:178} INFO - Processing /opt/airflow/dags/dag2.py took 0.322 seconds
[2026-03-15T06:22:20.723+0000] {processor.py:156} INFO - Started process (PID=6823) to work on /opt/airflow/dags/dag2.py
[2026-03-15T06:22:20.724+0000] {processor.py:799} INFO - Processing file /opt/airflow/dags/dag2.py for tasks to queue
[2026-03-15T06:22:20.724+0000] {logging_mixin.py:149} INFO - [2026-03-15T06:22:20.724+0000] {dagbag.py:541} INFO - Filling up the DagBag from /opt/airflow/dags/dag2.py
[2026-03-15T06:22:21.030+0000] {processor.py:809} INFO - DAG(s) dict_keys(['dag_mlops_full_pipeline']) retrieved from /opt/airflow/dags/dag2.py
[2026-03-15T06:22:21.039+0000] {logging_mixin.py:149} INFO - [2026-03-15T06:22:21.038+0000] {dag.py:2726} INFO - Sync 1 DAGs
[2026-03-15T06:22:21.046+0000] {logging_mixin.py:149} INFO - [2026-03-15T06:22:21.046+0000] {dag.py:3490} INFO - Setting next_dagrun for dag_mlops_full_pipeline to None, run_after=None
[2026-03-15T06:22:21.051+0000] {processor.py:178} INFO - Processing /opt/airflow/dags/dag2.py took 0.330 seconds
[2026-03-15T06:22:51.194+0000] {processor.py:156} INFO - Started process (PID=6855) to work on /opt/airflow/dags/dag2.py
[2026-03-15T06:22:51.195+0000] {processor.py:799} INFO - Processing file /opt/airflow/dags/dag2.py for tasks to queue
[2026-03-15T06:22:51.196+0000] {logging_mixin.py:149} INFO - [2026-03-15T06:22:51.195+0000] {dagbag.py:541} INFO - Filling up the DagBag from /opt/airflow/dags/dag2.py
[2026-03-15T06:22:51.504+0000] {processor.py:809} INFO - DAG(s) dict_keys(['dag_mlops_full_pipeline']) retrieved from /opt/airflow/dags/dag2.py
[2026-03-15T06:22:51.513+0000] {logging_mixin.py:149} INFO - [2026-03-15T06:22:51.513+0000] {dag.py:2726} INFO - Sync 1 DAGs
[2026-03-15T06:22:51.521+0000] {logging_mixin.py:149} INFO - [2026-03-15T06:22:51.521+0000] {dag.py:3490} INFO - Setting next_dagrun for dag_mlops_full_pipeline to None, run_after=None
[2026-03-15T06:22:51.527+0000] {processor.py:178} INFO - Processing /opt/airflow/dags/dag2.py took 0.336 seconds
[2026-03-15T06:55:29.952+0000] {processor.py:156} INFO - Started process (PID=6889) to work on /opt/airflow/dags/dag2.py
[2026-03-15T06:55:29.953+0000] {processor.py:799} INFO - Processing file /opt/airflow/dags/dag2.py for tasks to queue
[2026-03-15T06:55:29.953+0000] {logging_mixin.py:149} INFO - [2026-03-15T06:55:29.953+0000] {dagbag.py:541} INFO - Filling up the DagBag from /opt/airflow/dags/dag2.py
[2026-03-15T06:55:30.659+0000] {processor.py:809} INFO - DAG(s) dict_keys(['dag_mlops_full_pipeline']) retrieved from /opt/airflow/dags/dag2.py
[2026-03-15T06:55:30.685+0000] {logging_mixin.py:149} INFO - [2026-03-15T06:55:30.685+0000] {dag.py:2726} INFO - Sync 1 DAGs
[2026-03-15T06:55:30.710+0000] {logging_mixin.py:149} INFO - [2026-03-15T06:55:30.710+0000] {dag.py:3490} INFO - Setting next_dagrun for dag_mlops_full_pipeline to None, run_after=None
[2026-03-15T06:55:30.733+0000] {processor.py:178} INFO - Processing /opt/airflow/dags/dag2.py took 0.784 seconds
[2026-03-15T06:56:01.194+0000] {processor.py:156} INFO - Started process (PID=6926) to work on /opt/airflow/dags/dag2.py
[2026-03-15T06:56:01.195+0000] {processor.py:799} INFO - Processing file /opt/airflow/dags/dag2.py for tasks to queue
[2026-03-15T06:56:01.196+0000] {logging_mixin.py:149} INFO - [2026-03-15T06:56:01.196+0000] {dagbag.py:541} INFO - Filling up the DagBag from /opt/airflow/dags/dag2.py
[2026-03-15T06:56:01.514+0000] {processor.py:809} INFO - DAG(s) dict_keys(['dag_mlops_full_pipeline']) retrieved from /opt/airflow/dags/dag2.py
[2026-03-15T06:56:01.523+0000] {logging_mixin.py:149} INFO - [2026-03-15T06:56:01.523+0000] {dag.py:2726} INFO - Sync 1 DAGs
[2026-03-15T06:56:01.531+0000] {logging_mixin.py:149} INFO - [2026-03-15T06:56:01.531+0000] {dag.py:3490} INFO - Setting next_dagrun for dag_mlops_full_pipeline to None, run_after=None
[2026-03-15T06:56:01.537+0000] {processor.py:178} INFO - Processing /opt/airflow/dags/dag2.py took 0.346 seconds
[2026-03-15T07:31:58.194+0000] {processor.py:156} INFO - Started process (PID=6953) to work on /opt/airflow/dags/dag2.py
[2026-03-15T07:31:58.194+0000] {processor.py:799} INFO - Processing file /opt/airflow/dags/dag2.py for tasks to queue
[2026-03-15T07:31:58.195+0000] {logging_mixin.py:149} INFO - [2026-03-15T07:31:58.194+0000] {dagbag.py:541} INFO - Filling up the DagBag from /opt/airflow/dags/dag2.py
[2026-03-15T07:31:58.497+0000] {processor.py:809} INFO - DAG(s) dict_keys(['dag_mlops_full_pipeline']) retrieved from /opt/airflow/dags/dag2.py
[2026-03-15T07:31:58.506+0000] {logging_mixin.py:149} INFO - [2026-03-15T07:31:58.506+0000] {dag.py:2726} INFO - Sync 1 DAGs
[2026-03-15T07:31:58.513+0000] {logging_mixin.py:149} INFO - [2026-03-15T07:31:58.513+0000] {dag.py:3490} INFO - Setting next_dagrun for dag_mlops_full_pipeline to None, run_after=None
[2026-03-15T07:31:58.519+0000] {processor.py:178} INFO - Processing /opt/airflow/dags/dag2.py took 0.327 seconds
[2026-03-15T07:32:28.676+0000] {processor.py:156} INFO - Started process (PID=6985) to work on /opt/airflow/dags/dag2.py
[2026-03-15T07:32:28.677+0000] {processor.py:799} INFO - Processing file /opt/airflow/dags/dag2.py for tasks to queue
[2026-03-15T07:32:28.678+0000] {logging_mixin.py:149} INFO - [2026-03-15T07:32:28.678+0000] {dagbag.py:541} INFO - Filling up the DagBag from /opt/airflow/dags/dag2.py
[2026-03-15T07:32:28.962+0000] {processor.py:809} INFO - DAG(s) dict_keys(['dag_mlops_full_pipeline']) retrieved from /opt/airflow/dags/dag2.py
[2026-03-15T07:32:28.970+0000] {logging_mixin.py:149} INFO - [2026-03-15T07:32:28.970+0000] {dag.py:2726} INFO - Sync 1 DAGs
[2026-03-15T07:32:28.978+0000] {logging_mixin.py:149} INFO - [2026-03-15T07:32:28.978+0000] {dag.py:3490} INFO - Setting next_dagrun for dag_mlops_full_pipeline to None, run_after=None
[2026-03-15T07:32:28.983+0000] {processor.py:178} INFO - Processing /opt/airflow/dags/dag2.py took 0.311 seconds
[2026-03-15T07:32:59.114+0000] {processor.py:156} INFO - Started process (PID=7017) to work on /opt/airflow/dags/dag2.py
[2026-03-15T07:32:59.115+0000] {processor.py:799} INFO - Processing file /opt/airflow/dags/dag2.py for tasks to queue
[2026-03-15T07:32:59.116+0000] {logging_mixin.py:149} INFO - [2026-03-15T07:32:59.115+0000] {dagbag.py:541} INFO - Filling up the DagBag from /opt/airflow/dags/dag2.py
[2026-03-15T07:32:59.402+0000] {processor.py:809} INFO - DAG(s) dict_keys(['dag_mlops_full_pipeline']) retrieved from /opt/airflow/dags/dag2.py
[2026-03-15T07:32:59.411+0000] {logging_mixin.py:149} INFO - [2026-03-15T07:32:59.411+0000] {dag.py:2726} INFO - Sync 1 DAGs
[2026-03-15T07:32:59.418+0000] {logging_mixin.py:149} INFO - [2026-03-15T07:32:59.418+0000] {dag.py:3490} INFO - Setting next_dagrun for dag_mlops_full_pipeline to None, run_after=None
[2026-03-15T07:32:59.424+0000] {processor.py:178} INFO - Processing /opt/airflow/dags/dag2.py took 0.314 seconds
[2026-03-15T07:33:29.550+0000] {processor.py:156} INFO - Started process (PID=7049) to work on /opt/airflow/dags/dag2.py
[2026-03-15T07:33:29.551+0000] {processor.py:799} INFO - Processing file /opt/airflow/dags/dag2.py for tasks to queue
[2026-03-15T07:33:29.552+0000] {logging_mixin.py:149} INFO - [2026-03-15T07:33:29.552+0000] {dagbag.py:541} INFO - Filling up the DagBag from /opt/airflow/dags/dag2.py
[2026-03-15T07:33:29.844+0000] {processor.py:809} INFO - DAG(s) dict_keys(['dag_mlops_full_pipeline']) retrieved from /opt/airflow/dags/dag2.py
[2026-03-15T07:33:29.853+0000] {logging_mixin.py:149} INFO - [2026-03-15T07:33:29.852+0000] {dag.py:2726} INFO - Sync 1 DAGs
[2026-03-15T07:33:29.860+0000] {logging_mixin.py:149} INFO - [2026-03-15T07:33:29.860+0000] {dag.py:3490} INFO - Setting next_dagrun for dag_mlops_full_pipeline to None, run_after=None
[2026-03-15T07:33:29.865+0000] {processor.py:178} INFO - Processing /opt/airflow/dags/dag2.py took 0.318 seconds
[2026-03-15T07:34:00.025+0000] {processor.py:156} INFO - Started process (PID=7081) to work on /opt/airflow/dags/dag2.py
[2026-03-15T07:34:00.026+0000] {processor.py:799} INFO - Processing file /opt/airflow/dags/dag2.py for tasks to queue
[2026-03-15T07:34:00.026+0000] {logging_mixin.py:149} INFO - [2026-03-15T07:34:00.026+0000] {dagbag.py:541} INFO - Filling up the DagBag from /opt/airflow/dags/dag2.py
[2026-03-15T07:34:00.331+0000] {processor.py:809} INFO - DAG(s) dict_keys(['dag_mlops_full_pipeline']) retrieved from /opt/airflow/dags/dag2.py
[2026-03-15T07:34:00.339+0000] {logging_mixin.py:149} INFO - [2026-03-15T07:34:00.339+0000] {dag.py:2726} INFO - Sync 1 DAGs
[2026-03-15T07:34:00.347+0000] {logging_mixin.py:149} INFO - [2026-03-15T07:34:00.347+0000] {dag.py:3490} INFO - Setting next_dagrun for dag_mlops_full_pipeline to None, run_after=None
[2026-03-15T07:34:00.352+0000] {processor.py:178} INFO - Processing /opt/airflow/dags/dag2.py took 0.331 seconds
[2026-03-15T07:34:30.450+0000] {processor.py:156} INFO - Started process (PID=7113) to work on /opt/airflow/dags/dag2.py
[2026-03-15T07:34:30.450+0000] {processor.py:799} INFO - Processing file /opt/airflow/dags/dag2.py for tasks to queue
[2026-03-15T07:34:30.450+0000] {logging_mixin.py:149} INFO - [2026-03-15T07:34:30.450+0000] {dagbag.py:541} INFO - Filling up the DagBag from /opt/airflow/dags/dag2.py
[2026-03-15T07:34:30.858+0000] {processor.py:809} INFO - DAG(s) dict_keys(['dag_mlops_full_pipeline']) retrieved from /opt/airflow/dags/dag2.py
[2026-03-15T07:34:30.871+0000] {logging_mixin.py:149} INFO - [2026-03-15T07:34:30.870+0000] {dag.py:2726} INFO - Sync 1 DAGs
[2026-03-15T07:34:30.883+0000] {logging_mixin.py:149} INFO - [2026-03-15T07:34:30.883+0000] {dag.py:3490} INFO - Setting next_dagrun for dag_mlops_full_pipeline to None, run_after=None
[2026-03-15T07:34:30.892+0000] {processor.py:178} INFO - Processing /opt/airflow/dags/dag2.py took 0.445 seconds
[2026-03-15T08:02:30.170+0000] {processor.py:156} INFO - Started process (PID=7144) to work on /opt/airflow/dags/dag2.py
[2026-03-15T08:02:30.171+0000] {processor.py:799} INFO - Processing file /opt/airflow/dags/dag2.py for tasks to queue
[2026-03-15T08:02:30.171+0000] {logging_mixin.py:149} INFO - [2026-03-15T08:02:30.171+0000] {dagbag.py:541} INFO - Filling up the DagBag from /opt/airflow/dags/dag2.py
[2026-03-15T08:02:30.609+0000] {processor.py:809} INFO - DAG(s) dict_keys(['dag_mlops_full_pipeline']) retrieved from /opt/airflow/dags/dag2.py
[2026-03-15T08:02:30.628+0000] {logging_mixin.py:149} INFO - [2026-03-15T08:02:30.627+0000] {dag.py:2726} INFO - Sync 1 DAGs
[2026-03-15T08:02:30.648+0000] {logging_mixin.py:149} INFO - [2026-03-15T08:02:30.647+0000] {dag.py:3490} INFO - Setting next_dagrun for dag_mlops_full_pipeline to None, run_after=None
[2026-03-15T08:02:30.664+0000] {processor.py:178} INFO - Processing /opt/airflow/dags/dag2.py took 0.498 seconds
[2026-03-15T08:11:08.885+0000] {processor.py:156} INFO - Started process (PID=7176) to work on /opt/airflow/dags/dag2.py
[2026-03-15T08:11:08.886+0000] {processor.py:799} INFO - Processing file /opt/airflow/dags/dag2.py for tasks to queue
[2026-03-15T08:11:08.888+0000] {logging_mixin.py:149} INFO - [2026-03-15T08:11:08.888+0000] {dagbag.py:541} INFO - Filling up the DagBag from /opt/airflow/dags/dag2.py
[2026-03-15T08:11:09.217+0000] {processor.py:809} INFO - DAG(s) dict_keys(['dag_mlops_full_pipeline']) retrieved from /opt/airflow/dags/dag2.py
[2026-03-15T08:11:09.238+0000] {logging_mixin.py:149} INFO - [2026-03-15T08:11:09.237+0000] {dag.py:2726} INFO - Sync 1 DAGs
[2026-03-15T08:11:09.251+0000] {logging_mixin.py:149} INFO - [2026-03-15T08:11:09.251+0000] {dag.py:3490} INFO - Setting next_dagrun for dag_mlops_full_pipeline to None, run_after=None
[2026-03-15T08:11:09.264+0000] {processor.py:178} INFO - Processing /opt/airflow/dags/dag2.py took 0.382 seconds
[2026-03-15T08:27:54.515+0000] {processor.py:156} INFO - Started process (PID=7208) to work on /opt/airflow/dags/dag2.py
[2026-03-15T08:27:54.516+0000] {processor.py:799} INFO - Processing file /opt/airflow/dags/dag2.py for tasks to queue
[2026-03-15T08:27:54.517+0000] {logging_mixin.py:149} INFO - [2026-03-15T08:27:54.517+0000] {dagbag.py:541} INFO - Filling up the DagBag from /opt/airflow/dags/dag2.py
[2026-03-15T08:27:54.840+0000] {processor.py:809} INFO - DAG(s) dict_keys(['dag_mlops_full_pipeline']) retrieved from /opt/airflow/dags/dag2.py
[2026-03-15T08:27:54.848+0000] {logging_mixin.py:149} INFO - [2026-03-15T08:27:54.848+0000] {dag.py:2726} INFO - Sync 1 DAGs
[2026-03-15T08:27:54.855+0000] {logging_mixin.py:149} INFO - [2026-03-15T08:27:54.855+0000] {dag.py:3490} INFO - Setting next_dagrun for dag_mlops_full_pipeline to None, run_after=None
[2026-03-15T08:27:54.860+0000] {processor.py:178} INFO - Processing /opt/airflow/dags/dag2.py took 0.348 seconds
[2026-03-15T08:28:24.953+0000] {processor.py:156} INFO - Started process (PID=7242) to work on /opt/airflow/dags/dag2.py
[2026-03-15T08:28:24.954+0000] {processor.py:799} INFO - Processing file /opt/airflow/dags/dag2.py for tasks to queue
[2026-03-15T08:28:24.955+0000] {logging_mixin.py:149} INFO - [2026-03-15T08:28:24.954+0000] {dagbag.py:541} INFO - Filling up the DagBag from /opt/airflow/dags/dag2.py
[2026-03-15T08:28:25.244+0000] {processor.py:809} INFO - DAG(s) dict_keys(['dag_mlops_full_pipeline']) retrieved from /opt/airflow/dags/dag2.py
[2026-03-15T08:28:25.253+0000] {logging_mixin.py:149} INFO - [2026-03-15T08:28:25.252+0000] {dag.py:2726} INFO - Sync 1 DAGs
[2026-03-15T08:28:25.260+0000] {logging_mixin.py:149} INFO - [2026-03-15T08:28:25.260+0000] {dag.py:3490} INFO - Setting next_dagrun for dag_mlops_full_pipeline to None, run_after=None
[2026-03-15T08:28:25.266+0000] {processor.py:178} INFO - Processing /opt/airflow/dags/dag2.py took 0.317 seconds
[2026-03-15T08:30:35.019+0000] {processor.py:156} INFO - Started process (PID=7275) to work on /opt/airflow/dags/dag2.py
[2026-03-15T08:30:35.020+0000] {processor.py:799} INFO - Processing file /opt/airflow/dags/dag2.py for tasks to queue
[2026-03-15T08:30:35.020+0000] {logging_mixin.py:149} INFO - [2026-03-15T08:30:35.020+0000] {dagbag.py:541} INFO - Filling up the DagBag from /opt/airflow/dags/dag2.py
[2026-03-15T08:30:35.326+0000] {processor.py:809} INFO - DAG(s) dict_keys(['dag_mlops_full_pipeline']) retrieved from /opt/airflow/dags/dag2.py
[2026-03-15T08:30:35.334+0000] {logging_mixin.py:149} INFO - [2026-03-15T08:30:35.334+0000] {dag.py:2726} INFO - Sync 1 DAGs
[2026-03-15T08:30:35.341+0000] {logging_mixin.py:149} INFO - [2026-03-15T08:30:35.341+0000] {dag.py:3490} INFO - Setting next_dagrun for dag_mlops_full_pipeline to None, run_after=None
[2026-03-15T08:30:35.347+0000] {processor.py:178} INFO - Processing /opt/airflow/dags/dag2.py took 0.332 seconds
[2026-03-15T09:02:57.897+0000] {processor.py:156} INFO - Started process (PID=7309) to work on /opt/airflow/dags/dag2.py
[2026-03-15T09:02:57.898+0000] {processor.py:799} INFO - Processing file /opt/airflow/dags/dag2.py for tasks to queue
[2026-03-15T09:02:57.899+0000] {logging_mixin.py:149} INFO - [2026-03-15T09:02:57.898+0000] {dagbag.py:541} INFO - Filling up the DagBag from /opt/airflow/dags/dag2.py
[2026-03-15T09:02:58.322+0000] {processor.py:809} INFO - DAG(s) dict_keys(['dag_mlops_full_pipeline']) retrieved from /opt/airflow/dags/dag2.py
[2026-03-15T09:02:58.341+0000] {logging_mixin.py:149} INFO - [2026-03-15T09:02:58.341+0000] {dag.py:2726} INFO - Sync 1 DAGs
[2026-03-15T09:02:58.361+0000] {logging_mixin.py:149} INFO - [2026-03-15T09:02:58.360+0000] {dag.py:3490} INFO - Setting next_dagrun for dag_mlops_full_pipeline to None, run_after=None
[2026-03-15T09:02:58.375+0000] {processor.py:178} INFO - Processing /opt/airflow/dags/dag2.py took 0.480 seconds
[2026-03-15T09:14:53.027+0000] {processor.py:156} INFO - Started process (PID=7342) to work on /opt/airflow/dags/dag2.py
[2026-03-15T09:14:53.028+0000] {processor.py:799} INFO - Processing file /opt/airflow/dags/dag2.py for tasks to queue
[2026-03-15T09:14:53.029+0000] {logging_mixin.py:149} INFO - [2026-03-15T09:14:53.029+0000] {dagbag.py:541} INFO - Filling up the DagBag from /opt/airflow/dags/dag2.py
[2026-03-15T09:14:53.459+0000] {processor.py:809} INFO - DAG(s) dict_keys(['dag_mlops_full_pipeline']) retrieved from /opt/airflow/dags/dag2.py
[2026-03-15T09:14:53.479+0000] {logging_mixin.py:149} INFO - [2026-03-15T09:14:53.478+0000] {dag.py:2726} INFO - Sync 1 DAGs
[2026-03-15T09:14:53.499+0000] {logging_mixin.py:149} INFO - [2026-03-15T09:14:53.499+0000] {dag.py:3490} INFO - Setting next_dagrun for dag_mlops_full_pipeline to None, run_after=None
[2026-03-15T09:14:53.513+0000] {processor.py:178} INFO - Processing /opt/airflow/dags/dag2.py took 0.489 seconds
[2026-03-15T09:15:23.613+0000] {processor.py:156} INFO - Started process (PID=7375) to work on /opt/airflow/dags/dag2.py
[2026-03-15T09:15:23.614+0000] {processor.py:799} INFO - Processing file /opt/airflow/dags/dag2.py for tasks to queue
[2026-03-15T09:15:23.615+0000] {logging_mixin.py:149} INFO - [2026-03-15T09:15:23.614+0000] {dagbag.py:541} INFO - Filling up the DagBag from /opt/airflow/dags/dag2.py
[2026-03-15T09:15:23.915+0000] {processor.py:809} INFO - DAG(s) dict_keys(['dag_mlops_full_pipeline']) retrieved from /opt/airflow/dags/dag2.py
[2026-03-15T09:15:23.924+0000] {logging_mixin.py:149} INFO - [2026-03-15T09:15:23.923+0000] {dag.py:2726} INFO - Sync 1 DAGs
[2026-03-15T09:15:23.931+0000] {logging_mixin.py:149} INFO - [2026-03-15T09:15:23.931+0000] {dag.py:3490} INFO - Setting next_dagrun for dag_mlops_full_pipeline to None, run_after=None
[2026-03-15T09:15:23.937+0000] {processor.py:178} INFO - Processing /opt/airflow/dags/dag2.py took 0.327 seconds
[2026-03-15T09:15:54.084+0000] {processor.py:156} INFO - Started process (PID=7407) to work on /opt/airflow/dags/dag2.py
[2026-03-15T09:15:54.085+0000] {processor.py:799} INFO - Processing file /opt/airflow/dags/dag2.py for tasks to queue
[2026-03-15T09:15:54.085+0000] {logging_mixin.py:149} INFO - [2026-03-15T09:15:54.085+0000] {dagbag.py:541} INFO - Filling up the DagBag from /opt/airflow/dags/dag2.py
[2026-03-15T09:15:54.397+0000] {processor.py:809} INFO - DAG(s) dict_keys(['dag_mlops_full_pipeline']) retrieved from /opt/airflow/dags/dag2.py
[2026-03-15T09:15:54.406+0000] {logging_mixin.py:149} INFO - [2026-03-15T09:15:54.405+0000] {dag.py:2726} INFO - Sync 1 DAGs
[2026-03-15T09:15:54.413+0000] {logging_mixin.py:149} INFO - [2026-03-15T09:15:54.413+0000] {dag.py:3490} INFO - Setting next_dagrun for dag_mlops_full_pipeline to None, run_after=None
[2026-03-15T09:15:54.418+0000] {processor.py:178} INFO - Processing /opt/airflow/dags/dag2.py took 0.338 seconds
[2026-03-15T09:16:24.619+0000] {processor.py:156} INFO - Started process (PID=7439) to work on /opt/airflow/dags/dag2.py
[2026-03-15T09:16:24.620+0000] {processor.py:799} INFO - Processing file /opt/airflow/dags/dag2.py for tasks to queue
[2026-03-15T09:16:24.621+0000] {logging_mixin.py:149} INFO - [2026-03-15T09:16:24.620+0000] {dagbag.py:541} INFO - Filling up the DagBag from /opt/airflow/dags/dag2.py
[2026-03-15T09:16:24.925+0000] {processor.py:809} INFO - DAG(s) dict_keys(['dag_mlops_full_pipeline']) retrieved from /opt/airflow/dags/dag2.py
[2026-03-15T09:16:24.936+0000] {logging_mixin.py:149} INFO - [2026-03-15T09:16:24.936+0000] {dag.py:2726} INFO - Sync 1 DAGs
[2026-03-15T09:16:24.948+0000] {logging_mixin.py:149} INFO - [2026-03-15T09:16:24.948+0000] {dag.py:3490} INFO - Setting next_dagrun for dag_mlops_full_pipeline to None, run_after=None
[2026-03-15T09:16:24.955+0000] {processor.py:178} INFO - Processing /opt/airflow/dags/dag2.py took 0.340 seconds
[2026-03-15T09:16:55.073+0000] {processor.py:156} INFO - Started process (PID=7471) to work on /opt/airflow/dags/dag2.py
[2026-03-15T09:16:55.074+0000] {processor.py:799} INFO - Processing file /opt/airflow/dags/dag2.py for tasks to queue
[2026-03-15T09:16:55.074+0000] {logging_mixin.py:149} INFO - [2026-03-15T09:16:55.074+0000] {dagbag.py:541} INFO - Filling up the DagBag from /opt/airflow/dags/dag2.py
[2026-03-15T09:16:55.369+0000] {processor.py:809} INFO - DAG(s) dict_keys(['dag_mlops_full_pipeline']) retrieved from /opt/airflow/dags/dag2.py
[2026-03-15T09:16:55.377+0000] {logging_mixin.py:149} INFO - [2026-03-15T09:16:55.377+0000] {dag.py:2726} INFO - Sync 1 DAGs
[2026-03-15T09:16:55.385+0000] {logging_mixin.py:149} INFO - [2026-03-15T09:16:55.385+0000] {dag.py:3490} INFO - Setting next_dagrun for dag_mlops_full_pipeline to None, run_after=None
[2026-03-15T09:16:55.391+0000] {processor.py:178} INFO - Processing /opt/airflow/dags/dag2.py took 0.320 seconds
[2026-03-15T09:17:25.501+0000] {processor.py:156} INFO - Started process (PID=7503) to work on /opt/airflow/dags/dag2.py
[2026-03-15T09:17:25.501+0000] {processor.py:799} INFO - Processing file /opt/airflow/dags/dag2.py for tasks to queue
[2026-03-15T09:17:25.502+0000] {logging_mixin.py:149} INFO - [2026-03-15T09:17:25.502+0000] {dagbag.py:541} INFO - Filling up the DagBag from /opt/airflow/dags/dag2.py
[2026-03-15T09:17:25.811+0000] {processor.py:809} INFO - DAG(s) dict_keys(['dag_mlops_full_pipeline']) retrieved from /opt/airflow/dags/dag2.py
[2026-03-15T09:17:25.819+0000] {logging_mixin.py:149} INFO - [2026-03-15T09:17:25.819+0000] {dag.py:2726} INFO - Sync 1 DAGs
[2026-03-15T09:17:25.827+0000] {logging_mixin.py:149} INFO - [2026-03-15T09:17:25.827+0000] {dag.py:3490} INFO - Setting next_dagrun for dag_mlops_full_pipeline to None, run_after=None
[2026-03-15T09:17:25.832+0000] {processor.py:178} INFO - Processing /opt/airflow/dags/dag2.py took 0.334 seconds
[2026-03-15T10:42:00.958+0000] {processor.py:156} INFO - Started process (PID=7535) to work on /opt/airflow/dags/dag2.py
[2026-03-15T10:42:00.958+0000] {processor.py:799} INFO - Processing file /opt/airflow/dags/dag2.py for tasks to queue
[2026-03-15T10:42:00.959+0000] {logging_mixin.py:149} INFO - [2026-03-15T10:42:00.959+0000] {dagbag.py:541} INFO - Filling up the DagBag from /opt/airflow/dags/dag2.py
[2026-03-15T10:42:01.596+0000] {processor.py:809} INFO - DAG(s) dict_keys(['dag_mlops_full_pipeline']) retrieved from /opt/airflow/dags/dag2.py
[2026-03-15T10:42:01.619+0000] {logging_mixin.py:149} INFO - [2026-03-15T10:42:01.619+0000] {dag.py:2726} INFO - Sync 1 DAGs
[2026-03-15T10:42:01.631+0000] {logging_mixin.py:149} INFO - [2026-03-15T10:42:01.631+0000] {dag.py:3490} INFO - Setting next_dagrun for dag_mlops_full_pipeline to None, run_after=None
[2026-03-15T10:42:01.665+0000] {processor.py:178} INFO - Processing /opt/airflow/dags/dag2.py took 0.709 seconds
[2026-03-15T11:37:31.685+0000] {processor.py:156} INFO - Started process (PID=7567) to work on /opt/airflow/dags/dag2.py
[2026-03-15T11:37:31.686+0000] {processor.py:799} INFO - Processing file /opt/airflow/dags/dag2.py for tasks to queue
[2026-03-15T11:37:31.687+0000] {logging_mixin.py:149} INFO - [2026-03-15T11:37:31.687+0000] {dagbag.py:541} INFO - Filling up the DagBag from /opt/airflow/dags/dag2.py
[2026-03-15T11:37:32.376+0000] {processor.py:809} INFO - DAG(s) dict_keys(['dag_mlops_full_pipeline']) retrieved from /opt/airflow/dags/dag2.py
[2026-03-15T11:37:32.426+0000] {logging_mixin.py:149} INFO - [2026-03-15T11:37:32.424+0000] {dag.py:2726} INFO - Sync 1 DAGs
[2026-03-15T11:37:32.474+0000] {logging_mixin.py:149} INFO - [2026-03-15T11:37:32.474+0000] {dag.py:3490} INFO - Setting next_dagrun for dag_mlops_full_pipeline to None, run_after=None
[2026-03-15T11:37:32.521+0000] {processor.py:178} INFO - Processing /opt/airflow/dags/dag2.py took 0.839 seconds
[2026-03-15T11:38:03.285+0000] {processor.py:156} INFO - Started process (PID=7609) to work on /opt/airflow/dags/dag2.py
[2026-03-15T11:38:03.286+0000] {processor.py:799} INFO - Processing file /opt/airflow/dags/dag2.py for tasks to queue
[2026-03-15T11:38:03.287+0000] {logging_mixin.py:149} INFO - [2026-03-15T11:38:03.287+0000] {dagbag.py:541} INFO - Filling up the DagBag from /opt/airflow/dags/dag2.py
[2026-03-15T11:38:03.559+0000] {processor.py:809} INFO - DAG(s) dict_keys(['dag_mlops_full_pipeline']) retrieved from /opt/airflow/dags/dag2.py
[2026-03-15T11:38:03.567+0000] {logging_mixin.py:149} INFO - [2026-03-15T11:38:03.567+0000] {dag.py:2726} INFO - Sync 1 DAGs
[2026-03-15T11:38:03.575+0000] {logging_mixin.py:149} INFO - [2026-03-15T11:38:03.575+0000] {dag.py:3490} INFO - Setting next_dagrun for dag_mlops_full_pipeline to None, run_after=None
[2026-03-15T11:38:03.580+0000] {processor.py:178} INFO - Processing /opt/airflow/dags/dag2.py took 0.298 seconds
[2026-03-15T12:10:35.404+0000] {processor.py:156} INFO - Started process (PID=7631) to work on /opt/airflow/dags/dag2.py
[2026-03-15T12:10:35.404+0000] {processor.py:799} INFO - Processing file /opt/airflow/dags/dag2.py for tasks to queue
[2026-03-15T12:10:35.405+0000] {logging_mixin.py:149} INFO - [2026-03-15T12:10:35.405+0000] {dagbag.py:541} INFO - Filling up the DagBag from /opt/airflow/dags/dag2.py
[2026-03-15T12:10:35.707+0000] {processor.py:809} INFO - DAG(s) dict_keys(['dag_mlops_full_pipeline']) retrieved from /opt/airflow/dags/dag2.py
[2026-03-15T12:10:35.715+0000] {logging_mixin.py:149} INFO - [2026-03-15T12:10:35.714+0000] {dag.py:2726} INFO - Sync 1 DAGs
[2026-03-15T12:10:35.725+0000] {logging_mixin.py:149} INFO - [2026-03-15T12:10:35.725+0000] {dag.py:3490} INFO - Setting next_dagrun for dag_mlops_full_pipeline to None, run_after=None
[2026-03-15T12:10:35.741+0000] {processor.py:178} INFO - Processing /opt/airflow/dags/dag2.py took 0.340 seconds
[2026-03-15T12:11:05.866+0000] {processor.py:156} INFO - Started process (PID=7665) to work on /opt/airflow/dags/dag2.py
[2026-03-15T12:11:05.867+0000] {processor.py:799} INFO - Processing file /opt/airflow/dags/dag2.py for tasks to queue
[2026-03-15T12:11:05.868+0000] {logging_mixin.py:149} INFO - [2026-03-15T12:11:05.868+0000] {dagbag.py:541} INFO - Filling up the DagBag from /opt/airflow/dags/dag2.py
[2026-03-15T12:11:06.160+0000] {processor.py:809} INFO - DAG(s) dict_keys(['dag_mlops_full_pipeline']) retrieved from /opt/airflow/dags/dag2.py
[2026-03-15T12:11:06.168+0000] {logging_mixin.py:149} INFO - [2026-03-15T12:11:06.168+0000] {dag.py:2726} INFO - Sync 1 DAGs
[2026-03-15T12:11:06.176+0000] {logging_mixin.py:149} INFO - [2026-03-15T12:11:06.176+0000] {dag.py:3490} INFO - Setting next_dagrun for dag_mlops_full_pipeline to None, run_after=None
[2026-03-15T12:11:06.182+0000] {processor.py:178} INFO - Processing /opt/airflow/dags/dag2.py took 0.319 seconds
[2026-03-15T12:11:36.436+0000] {processor.py:156} INFO - Started process (PID=7697) to work on /opt/airflow/dags/dag2.py
[2026-03-15T12:11:36.437+0000] {processor.py:799} INFO - Processing file /opt/airflow/dags/dag2.py for tasks to queue
[2026-03-15T12:11:36.437+0000] {logging_mixin.py:149} INFO - [2026-03-15T12:11:36.437+0000] {dagbag.py:541} INFO - Filling up the DagBag from /opt/airflow/dags/dag2.py
[2026-03-15T12:11:36.729+0000] {processor.py:809} INFO - DAG(s) dict_keys(['dag_mlops_full_pipeline']) retrieved from /opt/airflow/dags/dag2.py
[2026-03-15T12:11:36.738+0000] {logging_mixin.py:149} INFO - [2026-03-15T12:11:36.737+0000] {dag.py:2726} INFO - Sync 1 DAGs
[2026-03-15T12:11:36.745+0000] {logging_mixin.py:149} INFO - [2026-03-15T12:11:36.745+0000] {dag.py:3490} INFO - Setting next_dagrun for dag_mlops_full_pipeline to None, run_after=None
[2026-03-15T12:11:36.751+0000] {processor.py:178} INFO - Processing /opt/airflow/dags/dag2.py took 0.319 seconds
[2026-03-15T12:12:06.885+0000] {processor.py:156} INFO - Started process (PID=7729) to work on /opt/airflow/dags/dag2.py
[2026-03-15T12:12:06.886+0000] {processor.py:799} INFO - Processing file /opt/airflow/dags/dag2.py for tasks to queue
[2026-03-15T12:12:06.887+0000] {logging_mixin.py:149} INFO - [2026-03-15T12:12:06.887+0000] {dagbag.py:541} INFO - Filling up the DagBag from /opt/airflow/dags/dag2.py
[2026-03-15T12:12:07.164+0000] {processor.py:809} INFO - DAG(s) dict_keys(['dag_mlops_full_pipeline']) retrieved from /opt/airflow/dags/dag2.py
[2026-03-15T12:12:07.173+0000] {logging_mixin.py:149} INFO - [2026-03-15T12:12:07.173+0000] {dag.py:2726} INFO - Sync 1 DAGs
[2026-03-15T12:12:07.181+0000] {logging_mixin.py:149} INFO - [2026-03-15T12:12:07.181+0000] {dag.py:3490} INFO - Setting next_dagrun for dag_mlops_full_pipeline to None, run_after=None
[2026-03-15T12:12:07.187+0000] {processor.py:178} INFO - Processing /opt/airflow/dags/dag2.py took 0.305 seconds
[2026-03-15T12:12:37.326+0000] {processor.py:156} INFO - Started process (PID=7761) to work on /opt/airflow/dags/dag2.py
[2026-03-15T12:12:37.327+0000] {processor.py:799} INFO - Processing file /opt/airflow/dags/dag2.py for tasks to queue
[2026-03-15T12:12:37.328+0000] {logging_mixin.py:149} INFO - [2026-03-15T12:12:37.328+0000] {dagbag.py:541} INFO - Filling up the DagBag from /opt/airflow/dags/dag2.py
[2026-03-15T12:12:37.632+0000] {processor.py:809} INFO - DAG(s) dict_keys(['dag_mlops_full_pipeline']) retrieved from /opt/airflow/dags/dag2.py
[2026-03-15T12:12:37.640+0000] {logging_mixin.py:149} INFO - [2026-03-15T12:12:37.640+0000] {dag.py:2726} INFO - Sync 1 DAGs
[2026-03-15T12:12:37.648+0000] {logging_mixin.py:149} INFO - [2026-03-15T12:12:37.648+0000] {dag.py:3490} INFO - Setting next_dagrun for dag_mlops_full_pipeline to None, run_after=None
[2026-03-15T12:12:37.653+0000] {processor.py:178} INFO - Processing /opt/airflow/dags/dag2.py took 0.330 seconds
[2026-03-15T12:13:07.812+0000] {processor.py:156} INFO - Started process (PID=7793) to work on /opt/airflow/dags/dag2.py
[2026-03-15T12:13:07.812+0000] {processor.py:799} INFO - Processing file /opt/airflow/dags/dag2.py for tasks to queue
[2026-03-15T12:13:07.813+0000] {logging_mixin.py:149} INFO - [2026-03-15T12:13:07.813+0000] {dagbag.py:541} INFO - Filling up the DagBag from /opt/airflow/dags/dag2.py
[2026-03-15T12:13:08.111+0000] {processor.py:809} INFO - DAG(s) dict_keys(['dag_mlops_full_pipeline']) retrieved from /opt/airflow/dags/dag2.py
[2026-03-15T12:13:08.120+0000] {logging_mixin.py:149} INFO - [2026-03-15T12:13:08.120+0000] {dag.py:2726} INFO - Sync 1 DAGs
[2026-03-15T12:13:08.128+0000] {logging_mixin.py:149} INFO - [2026-03-15T12:13:08.128+0000] {dag.py:3490} INFO - Setting next_dagrun for dag_mlops_full_pipeline to None, run_after=None
[2026-03-15T12:13:08.134+0000] {processor.py:178} INFO - Processing /opt/airflow/dags/dag2.py took 0.325 seconds
[2026-03-15T12:15:45.497+0000] {processor.py:156} INFO - Started process (PID=7825) to work on /opt/airflow/dags/dag2.py
[2026-03-15T12:15:45.498+0000] {processor.py:799} INFO - Processing file /opt/airflow/dags/dag2.py for tasks to queue
[2026-03-15T12:15:45.498+0000] {logging_mixin.py:149} INFO - [2026-03-15T12:15:45.498+0000] {dagbag.py:541} INFO - Filling up the DagBag from /opt/airflow/dags/dag2.py
[2026-03-15T12:15:45.769+0000] {processor.py:809} INFO - DAG(s) dict_keys(['dag_mlops_full_pipeline']) retrieved from /opt/airflow/dags/dag2.py
[2026-03-15T12:15:45.777+0000] {logging_mixin.py:149} INFO - [2026-03-15T12:15:45.777+0000] {dag.py:2726} INFO - Sync 1 DAGs
[2026-03-15T12:15:45.784+0000] {logging_mixin.py:149} INFO - [2026-03-15T12:15:45.784+0000] {dag.py:3490} INFO - Setting next_dagrun for dag_mlops_full_pipeline to None, run_after=None
[2026-03-15T12:15:45.790+0000] {processor.py:178} INFO - Processing /opt/airflow/dags/dag2.py took 0.296 seconds
[2026-03-15T13:16:31.324+0000] {processor.py:156} INFO - Started process (PID=7857) to work on /opt/airflow/dags/dag2.py
[2026-03-15T13:16:31.324+0000] {processor.py:799} INFO - Processing file /opt/airflow/dags/dag2.py for tasks to queue
[2026-03-15T13:16:31.325+0000] {logging_mixin.py:149} INFO - [2026-03-15T13:16:31.325+0000] {dagbag.py:541} INFO - Filling up the DagBag from /opt/airflow/dags/dag2.py
[2026-03-15T13:16:32.366+0000] {processor.py:809} INFO - DAG(s) dict_keys(['dag_mlops_full_pipeline']) retrieved from /opt/airflow/dags/dag2.py
[2026-03-15T13:16:32.415+0000] {logging_mixin.py:149} INFO - [2026-03-15T13:16:32.414+0000] {dag.py:2726} INFO - Sync 1 DAGs
[2026-03-15T13:16:32.459+0000] {logging_mixin.py:149} INFO - [2026-03-15T13:16:32.459+0000] {dag.py:3490} INFO - Setting next_dagrun for dag_mlops_full_pipeline to None, run_after=None
[2026-03-15T13:16:32.498+0000] {processor.py:178} INFO - Processing /opt/airflow/dags/dag2.py took 1.177 seconds
[2026-03-15T13:17:02.762+0000] {processor.py:156} INFO - Started process (PID=7899) to work on /opt/airflow/dags/dag2.py
[2026-03-15T13:17:02.762+0000] {processor.py:799} INFO - Processing file /opt/airflow/dags/dag2.py for tasks to queue
[2026-03-15T13:17:02.763+0000] {logging_mixin.py:149} INFO - [2026-03-15T13:17:02.763+0000] {dagbag.py:541} INFO - Filling up the DagBag from /opt/airflow/dags/dag2.py
[2026-03-15T13:17:03.049+0000] {processor.py:809} INFO - DAG(s) dict_keys(['dag_mlops_full_pipeline']) retrieved from /opt/airflow/dags/dag2.py
[2026-03-15T13:17:03.065+0000] {logging_mixin.py:149} INFO - [2026-03-15T13:17:03.064+0000] {dag.py:2726} INFO - Sync 1 DAGs
[2026-03-15T13:17:03.075+0000] {logging_mixin.py:149} INFO - [2026-03-15T13:17:03.074+0000] {dag.py:3490} INFO - Setting next_dagrun for dag_mlops_full_pipeline to None, run_after=None
[2026-03-15T13:17:03.081+0000] {processor.py:178} INFO - Processing /opt/airflow/dags/dag2.py took 0.320 seconds
[2026-03-15T13:52:27.873+0000] {processor.py:156} INFO - Started process (PID=7923) to work on /opt/airflow/dags/dag2.py
[2026-03-15T13:52:27.874+0000] {processor.py:799} INFO - Processing file /opt/airflow/dags/dag2.py for tasks to queue
[2026-03-15T13:52:27.874+0000] {logging_mixin.py:149} INFO - [2026-03-15T13:52:27.874+0000] {dagbag.py:541} INFO - Filling up the DagBag from /opt/airflow/dags/dag2.py
[2026-03-15T13:52:28.275+0000] {processor.py:809} INFO - DAG(s) dict_keys(['dag_mlops_full_pipeline']) retrieved from /opt/airflow/dags/dag2.py
[2026-03-15T13:52:28.298+0000] {logging_mixin.py:149} INFO - [2026-03-15T13:52:28.297+0000] {dag.py:2726} INFO - Sync 1 DAGs
[2026-03-15T13:52:28.316+0000] {logging_mixin.py:149} INFO - [2026-03-15T13:52:28.316+0000] {dag.py:3490} INFO - Setting next_dagrun for dag_mlops_full_pipeline to None, run_after=None
[2026-03-15T13:52:28.334+0000] {processor.py:178} INFO - Processing /opt/airflow/dags/dag2.py took 0.464 seconds
[2026-03-15T13:52:58.417+0000] {processor.py:156} INFO - Started process (PID=7965) to work on /opt/airflow/dags/dag2.py
[2026-03-15T13:52:58.417+0000] {processor.py:799} INFO - Processing file /opt/airflow/dags/dag2.py for tasks to queue
[2026-03-15T13:52:58.417+0000] {logging_mixin.py:149} INFO - [2026-03-15T13:52:58.417+0000] {dagbag.py:541} INFO - Filling up the DagBag from /opt/airflow/dags/dag2.py
[2026-03-15T13:52:58.667+0000] {processor.py:809} INFO - DAG(s) dict_keys(['dag_mlops_full_pipeline']) retrieved from /opt/airflow/dags/dag2.py
[2026-03-15T13:52:58.676+0000] {logging_mixin.py:149} INFO - [2026-03-15T13:52:58.676+0000] {dag.py:2726} INFO - Sync 1 DAGs
[2026-03-15T13:52:58.684+0000] {logging_mixin.py:149} INFO - [2026-03-15T13:52:58.683+0000] {dag.py:3490} INFO - Setting next_dagrun for dag_mlops_full_pipeline to None, run_after=None
[2026-03-15T13:52:58.689+0000] {processor.py:178} INFO - Processing /opt/airflow/dags/dag2.py took 0.274 seconds
[2026-03-15T14:17:41.391+0000] {processor.py:156} INFO - Started process (PID=7987) to work on /opt/airflow/dags/dag2.py
[2026-03-15T14:17:41.392+0000] {processor.py:799} INFO - Processing file /opt/airflow/dags/dag2.py for tasks to queue
[2026-03-15T14:17:41.393+0000] {logging_mixin.py:149} INFO - [2026-03-15T14:17:41.393+0000] {dagbag.py:541} INFO - Filling up the DagBag from /opt/airflow/dags/dag2.py
[2026-03-15T14:17:41.662+0000] {processor.py:809} INFO - DAG(s) dict_keys(['dag_mlops_full_pipeline']) retrieved from /opt/airflow/dags/dag2.py
[2026-03-15T14:17:41.670+0000] {logging_mixin.py:149} INFO - [2026-03-15T14:17:41.670+0000] {dag.py:2726} INFO - Sync 1 DAGs
[2026-03-15T14:17:41.678+0000] {logging_mixin.py:149} INFO - [2026-03-15T14:17:41.678+0000] {dag.py:3490} INFO - Setting next_dagrun for dag_mlops_full_pipeline to None, run_after=None
[2026-03-15T14:17:41.683+0000] {processor.py:178} INFO - Processing /opt/airflow/dags/dag2.py took 0.295 seconds
[2026-03-15T14:18:11.856+0000] {processor.py:156} INFO - Started process (PID=8019) to work on /opt/airflow/dags/dag2.py
[2026-03-15T14:18:11.856+0000] {processor.py:799} INFO - Processing file /opt/airflow/dags/dag2.py for tasks to queue
[2026-03-15T14:18:11.857+0000] {logging_mixin.py:149} INFO - [2026-03-15T14:18:11.857+0000] {dagbag.py:541} INFO - Filling up the DagBag from /opt/airflow/dags/dag2.py
[2026-03-15T14:18:12.156+0000] {processor.py:809} INFO - DAG(s) dict_keys(['dag_mlops_full_pipeline']) retrieved from /opt/airflow/dags/dag2.py
[2026-03-15T14:18:12.164+0000] {logging_mixin.py:149} INFO - [2026-03-15T14:18:12.164+0000] {dag.py:2726} INFO - Sync 1 DAGs
[2026-03-15T14:18:12.171+0000] {logging_mixin.py:149} INFO - [2026-03-15T14:18:12.171+0000] {dag.py:3490} INFO - Setting next_dagrun for dag_mlops_full_pipeline to None, run_after=None
[2026-03-15T14:18:12.177+0000] {processor.py:178} INFO - Processing /opt/airflow/dags/dag2.py took 0.325 seconds
[2026-03-15T15:01:11.264+0000] {processor.py:156} INFO - Started process (PID=8051) to work on /opt/airflow/dags/dag2.py
[2026-03-15T15:01:11.265+0000] {processor.py:799} INFO - Processing file /opt/airflow/dags/dag2.py for tasks to queue
[2026-03-15T15:01:11.266+0000] {logging_mixin.py:149} INFO - [2026-03-15T15:01:11.266+0000] {dagbag.py:541} INFO - Filling up the DagBag from /opt/airflow/dags/dag2.py
[2026-03-15T15:01:11.694+0000] {processor.py:809} INFO - DAG(s) dict_keys(['dag_mlops_full_pipeline']) retrieved from /opt/airflow/dags/dag2.py
[2026-03-15T15:01:11.718+0000] {logging_mixin.py:149} INFO - [2026-03-15T15:01:11.716+0000] {dag.py:2726} INFO - Sync 1 DAGs
[2026-03-15T15:01:11.740+0000] {logging_mixin.py:149} INFO - [2026-03-15T15:01:11.740+0000] {dag.py:3490} INFO - Setting next_dagrun for dag_mlops_full_pipeline to None, run_after=None
[2026-03-15T15:01:11.760+0000] {processor.py:178} INFO - Processing /opt/airflow/dags/dag2.py took 0.498 seconds
[2026-03-15T15:07:51.368+0000] {processor.py:156} INFO - Started process (PID=8083) to work on /opt/airflow/dags/dag2.py
[2026-03-15T15:07:51.368+0000] {processor.py:799} INFO - Processing file /opt/airflow/dags/dag2.py for tasks to queue
[2026-03-15T15:07:51.369+0000] {logging_mixin.py:149} INFO - [2026-03-15T15:07:51.369+0000] {dagbag.py:541} INFO - Filling up the DagBag from /opt/airflow/dags/dag2.py
[2026-03-15T15:07:51.695+0000] {processor.py:809} INFO - DAG(s) dict_keys(['dag_mlops_full_pipeline']) retrieved from /opt/airflow/dags/dag2.py
[2026-03-15T15:07:51.704+0000] {logging_mixin.py:149} INFO - [2026-03-15T15:07:51.703+0000] {dag.py:2726} INFO - Sync 1 DAGs
[2026-03-15T15:07:51.711+0000] {logging_mixin.py:149} INFO - [2026-03-15T15:07:51.711+0000] {dag.py:3490} INFO - Setting next_dagrun for dag_mlops_full_pipeline to None, run_after=None
[2026-03-15T15:07:51.717+0000] {processor.py:178} INFO - Processing /opt/airflow/dags/dag2.py took 0.351 seconds
[2026-03-15T15:08:21.856+0000] {processor.py:156} INFO - Started process (PID=8117) to work on /opt/airflow/dags/dag2.py
[2026-03-15T15:08:21.856+0000] {processor.py:799} INFO - Processing file /opt/airflow/dags/dag2.py for tasks to queue
[2026-03-15T15:08:21.857+0000] {logging_mixin.py:149} INFO - [2026-03-15T15:08:21.857+0000] {dagbag.py:541} INFO - Filling up the DagBag from /opt/airflow/dags/dag2.py
[2026-03-15T15:08:22.268+0000] {processor.py:809} INFO - DAG(s) dict_keys(['dag_mlops_full_pipeline']) retrieved from /opt/airflow/dags/dag2.py
[2026-03-15T15:08:22.282+0000] {logging_mixin.py:149} INFO - [2026-03-15T15:08:22.282+0000] {dag.py:2726} INFO - Sync 1 DAGs
[2026-03-15T15:08:22.296+0000] {logging_mixin.py:149} INFO - [2026-03-15T15:08:22.296+0000] {dag.py:3490} INFO - Setting next_dagrun for dag_mlops_full_pipeline to None, run_after=None
[2026-03-15T15:08:22.306+0000] {processor.py:178} INFO - Processing /opt/airflow/dags/dag2.py took 0.452 seconds
[2026-03-15T15:18:39.693+0000] {processor.py:156} INFO - Started process (PID=8149) to work on /opt/airflow/dags/dag2.py
[2026-03-15T15:18:39.693+0000] {processor.py:799} INFO - Processing file /opt/airflow/dags/dag2.py for tasks to queue
[2026-03-15T15:18:39.694+0000] {logging_mixin.py:149} INFO - [2026-03-15T15:18:39.694+0000] {dagbag.py:541} INFO - Filling up the DagBag from /opt/airflow/dags/dag2.py
[2026-03-15T15:18:39.961+0000] {processor.py:809} INFO - DAG(s) dict_keys(['dag_mlops_full_pipeline']) retrieved from /opt/airflow/dags/dag2.py
[2026-03-15T15:18:39.970+0000] {logging_mixin.py:149} INFO - [2026-03-15T15:18:39.969+0000] {dag.py:2726} INFO - Sync 1 DAGs
[2026-03-15T15:18:39.977+0000] {logging_mixin.py:149} INFO - [2026-03-15T15:18:39.977+0000] {dag.py:3490} INFO - Setting next_dagrun for dag_mlops_full_pipeline to None, run_after=None
[2026-03-15T15:18:39.983+0000] {processor.py:178} INFO - Processing /opt/airflow/dags/dag2.py took 0.292 seconds
[2026-03-15T15:19:10.178+0000] {processor.py:156} INFO - Started process (PID=8181) to work on /opt/airflow/dags/dag2.py
[2026-03-15T15:19:10.179+0000] {processor.py:799} INFO - Processing file /opt/airflow/dags/dag2.py for tasks to queue
[2026-03-15T15:19:10.179+0000] {logging_mixin.py:149} INFO - [2026-03-15T15:19:10.179+0000] {dagbag.py:541} INFO - Filling up the DagBag from /opt/airflow/dags/dag2.py
[2026-03-15T15:19:10.465+0000] {processor.py:809} INFO - DAG(s) dict_keys(['dag_mlops_full_pipeline']) retrieved from /opt/airflow/dags/dag2.py
[2026-03-15T15:19:10.474+0000] {logging_mixin.py:149} INFO - [2026-03-15T15:19:10.473+0000] {dag.py:2726} INFO - Sync 1 DAGs
[2026-03-15T15:19:10.481+0000] {logging_mixin.py:149} INFO - [2026-03-15T15:19:10.481+0000] {dag.py:3490} INFO - Setting next_dagrun for dag_mlops_full_pipeline to None, run_after=None
[2026-03-15T15:19:10.486+0000] {processor.py:178} INFO - Processing /opt/airflow/dags/dag2.py took 0.312 seconds
[2026-03-15T15:19:40.607+0000] {processor.py:156} INFO - Started process (PID=8213) to work on /opt/airflow/dags/dag2.py
[2026-03-15T15:19:40.608+0000] {processor.py:799} INFO - Processing file /opt/airflow/dags/dag2.py for tasks to queue
[2026-03-15T15:19:40.609+0000] {logging_mixin.py:149} INFO - [2026-03-15T15:19:40.608+0000] {dagbag.py:541} INFO - Filling up the DagBag from /opt/airflow/dags/dag2.py
[2026-03-15T15:19:40.890+0000] {processor.py:809} INFO - DAG(s) dict_keys(['dag_mlops_full_pipeline']) retrieved from /opt/airflow/dags/dag2.py
[2026-03-15T15:19:40.898+0000] {logging_mixin.py:149} INFO - [2026-03-15T15:19:40.898+0000] {dag.py:2726} INFO - Sync 1 DAGs
[2026-03-15T15:19:40.905+0000] {logging_mixin.py:149} INFO - [2026-03-15T15:19:40.905+0000] {dag.py:3490} INFO - Setting next_dagrun for dag_mlops_full_pipeline to None, run_after=None
[2026-03-15T15:19:40.911+0000] {processor.py:178} INFO - Processing /opt/airflow/dags/dag2.py took 0.307 seconds
[2026-03-15T15:20:11.041+0000] {processor.py:156} INFO - Started process (PID=8245) to work on /opt/airflow/dags/dag2.py
[2026-03-15T15:20:11.042+0000] {processor.py:799} INFO - Processing file /opt/airflow/dags/dag2.py for tasks to queue
[2026-03-15T15:20:11.042+0000] {logging_mixin.py:149} INFO - [2026-03-15T15:20:11.042+0000] {dagbag.py:541} INFO - Filling up the DagBag from /opt/airflow/dags/dag2.py
[2026-03-15T15:20:11.325+0000] {processor.py:809} INFO - DAG(s) dict_keys(['dag_mlops_full_pipeline']) retrieved from /opt/airflow/dags/dag2.py
[2026-03-15T15:20:11.333+0000] {logging_mixin.py:149} INFO - [2026-03-15T15:20:11.333+0000] {dag.py:2726} INFO - Sync 1 DAGs
[2026-03-15T15:20:11.377+0000] {logging_mixin.py:149} INFO - [2026-03-15T15:20:11.377+0000] {dag.py:3490} INFO - Setting next_dagrun for dag_mlops_full_pipeline to None, run_after=None
[2026-03-15T15:20:11.383+0000] {processor.py:178} INFO - Processing /opt/airflow/dags/dag2.py took 0.345 seconds
[2026-03-15T15:20:41.492+0000] {processor.py:156} INFO - Started process (PID=8277) to work on /opt/airflow/dags/dag2.py
[2026-03-15T15:20:41.493+0000] {processor.py:799} INFO - Processing file /opt/airflow/dags/dag2.py for tasks to queue
[2026-03-15T15:20:41.493+0000] {logging_mixin.py:149} INFO - [2026-03-15T15:20:41.493+0000] {dagbag.py:541} INFO - Filling up the DagBag from /opt/airflow/dags/dag2.py
[2026-03-15T15:20:41.788+0000] {processor.py:809} INFO - DAG(s) dict_keys(['dag_mlops_full_pipeline']) retrieved from /opt/airflow/dags/dag2.py
[2026-03-15T15:20:41.796+0000] {logging_mixin.py:149} INFO - [2026-03-15T15:20:41.796+0000] {dag.py:2726} INFO - Sync 1 DAGs
[2026-03-15T15:20:41.804+0000] {logging_mixin.py:149} INFO - [2026-03-15T15:20:41.804+0000] {dag.py:3490} INFO - Setting next_dagrun for dag_mlops_full_pipeline to None, run_after=None
[2026-03-15T15:20:41.846+0000] {processor.py:178} INFO - Processing /opt/airflow/dags/dag2.py took 0.358 seconds
[2026-03-15T15:21:11.936+0000] {processor.py:156} INFO - Started process (PID=8309) to work on /opt/airflow/dags/dag2.py
[2026-03-15T15:21:11.937+0000] {processor.py:799} INFO - Processing file /opt/airflow/dags/dag2.py for tasks to queue
[2026-03-15T15:21:11.938+0000] {logging_mixin.py:149} INFO - [2026-03-15T15:21:11.938+0000] {dagbag.py:541} INFO - Filling up the DagBag from /opt/airflow/dags/dag2.py
[2026-03-15T15:21:12.238+0000] {processor.py:809} INFO - DAG(s) dict_keys(['dag_mlops_full_pipeline']) retrieved from /opt/airflow/dags/dag2.py
[2026-03-15T15:21:12.282+0000] {logging_mixin.py:149} INFO - [2026-03-15T15:21:12.282+0000] {dag.py:2726} INFO - Sync 1 DAGs
[2026-03-15T15:21:12.290+0000] {logging_mixin.py:149} INFO - [2026-03-15T15:21:12.290+0000] {dag.py:3490} INFO - Setting next_dagrun for dag_mlops_full_pipeline to None, run_after=None
[2026-03-15T15:21:12.296+0000] {processor.py:178} INFO - Processing /opt/airflow/dags/dag2.py took 0.363 seconds
[2026-03-15T16:01:11.493+0000] {processor.py:156} INFO - Started process (PID=8341) to work on /opt/airflow/dags/dag2.py
[2026-03-15T16:01:11.494+0000] {processor.py:799} INFO - Processing file /opt/airflow/dags/dag2.py for tasks to queue
[2026-03-15T16:01:11.495+0000] {logging_mixin.py:149} INFO - [2026-03-15T16:01:11.495+0000] {dagbag.py:541} INFO - Filling up the DagBag from /opt/airflow/dags/dag2.py
[2026-03-15T16:01:12.112+0000] {processor.py:809} INFO - DAG(s) dict_keys(['dag_mlops_full_pipeline']) retrieved from /opt/airflow/dags/dag2.py
[2026-03-15T16:01:12.138+0000] {logging_mixin.py:149} INFO - [2026-03-15T16:01:12.138+0000] {dag.py:2726} INFO - Sync 1 DAGs
[2026-03-15T16:01:12.242+0000] {logging_mixin.py:149} INFO - [2026-03-15T16:01:12.242+0000] {dag.py:3490} INFO - Setting next_dagrun for dag_mlops_full_pipeline to None, run_after=None
[2026-03-15T16:01:12.264+0000] {processor.py:178} INFO - Processing /opt/airflow/dags/dag2.py took 0.775 seconds
[2026-03-15T16:18:21.992+0000] {processor.py:156} INFO - Started process (PID=8373) to work on /opt/airflow/dags/dag2.py
[2026-03-15T16:18:21.993+0000] {processor.py:799} INFO - Processing file /opt/airflow/dags/dag2.py for tasks to queue
[2026-03-15T16:18:21.994+0000] {logging_mixin.py:149} INFO - [2026-03-15T16:18:21.994+0000] {dagbag.py:541} INFO - Filling up the DagBag from /opt/airflow/dags/dag2.py
[2026-03-15T16:18:22.303+0000] {processor.py:809} INFO - DAG(s) dict_keys(['dag_mlops_full_pipeline']) retrieved from /opt/airflow/dags/dag2.py
[2026-03-15T16:18:22.323+0000] {logging_mixin.py:149} INFO - [2026-03-15T16:18:22.322+0000] {dag.py:2726} INFO - Sync 1 DAGs
[2026-03-15T16:18:22.347+0000] {logging_mixin.py:149} INFO - [2026-03-15T16:18:22.346+0000] {dag.py:3490} INFO - Setting next_dagrun for dag_mlops_full_pipeline to None, run_after=None
[2026-03-15T16:18:22.435+0000] {processor.py:178} INFO - Processing /opt/airflow/dags/dag2.py took 0.446 seconds
[2026-03-15T16:18:52.475+0000] {processor.py:156} INFO - Started process (PID=8405) to work on /opt/airflow/dags/dag2.py
[2026-03-15T16:18:52.476+0000] {processor.py:799} INFO - Processing file /opt/airflow/dags/dag2.py for tasks to queue
[2026-03-15T16:18:52.477+0000] {logging_mixin.py:149} INFO - [2026-03-15T16:18:52.477+0000] {dagbag.py:541} INFO - Filling up the DagBag from /opt/airflow/dags/dag2.py
[2026-03-15T16:18:52.783+0000] {processor.py:809} INFO - DAG(s) dict_keys(['dag_mlops_full_pipeline']) retrieved from /opt/airflow/dags/dag2.py
[2026-03-15T16:18:52.825+0000] {logging_mixin.py:149} INFO - [2026-03-15T16:18:52.825+0000] {dag.py:2726} INFO - Sync 1 DAGs
[2026-03-15T16:18:52.833+0000] {logging_mixin.py:149} INFO - [2026-03-15T16:18:52.832+0000] {dag.py:3490} INFO - Setting next_dagrun for dag_mlops_full_pipeline to None, run_after=None
[2026-03-15T16:18:52.839+0000] {processor.py:178} INFO - Processing /opt/airflow/dags/dag2.py took 0.367 seconds
[2026-03-15T16:19:23.032+0000] {processor.py:156} INFO - Started process (PID=8437) to work on /opt/airflow/dags/dag2.py
[2026-03-15T16:19:23.033+0000] {processor.py:799} INFO - Processing file /opt/airflow/dags/dag2.py for tasks to queue
[2026-03-15T16:19:23.033+0000] {logging_mixin.py:149} INFO - [2026-03-15T16:19:23.033+0000] {dagbag.py:541} INFO - Filling up the DagBag from /opt/airflow/dags/dag2.py
[2026-03-15T16:19:23.325+0000] {processor.py:809} INFO - DAG(s) dict_keys(['dag_mlops_full_pipeline']) retrieved from /opt/airflow/dags/dag2.py
[2026-03-15T16:19:23.333+0000] {logging_mixin.py:149} INFO - [2026-03-15T16:19:23.333+0000] {dag.py:2726} INFO - Sync 1 DAGs
[2026-03-15T16:19:23.377+0000] {logging_mixin.py:149} INFO - [2026-03-15T16:19:23.376+0000] {dag.py:3490} INFO - Setting next_dagrun for dag_mlops_full_pipeline to None, run_after=None
[2026-03-15T16:19:23.382+0000] {processor.py:178} INFO - Processing /opt/airflow/dags/dag2.py took 0.354 seconds
[2026-03-15T16:19:53.528+0000] {processor.py:156} INFO - Started process (PID=8469) to work on /opt/airflow/dags/dag2.py
[2026-03-15T16:19:53.529+0000] {processor.py:799} INFO - Processing file /opt/airflow/dags/dag2.py for tasks to queue
[2026-03-15T16:19:53.529+0000] {logging_mixin.py:149} INFO - [2026-03-15T16:19:53.529+0000] {dagbag.py:541} INFO - Filling up the DagBag from /opt/airflow/dags/dag2.py
[2026-03-15T16:19:53.862+0000] {processor.py:809} INFO - DAG(s) dict_keys(['dag_mlops_full_pipeline']) retrieved from /opt/airflow/dags/dag2.py
[2026-03-15T16:19:53.871+0000] {logging_mixin.py:149} INFO - [2026-03-15T16:19:53.871+0000] {dag.py:2726} INFO - Sync 1 DAGs
[2026-03-15T16:19:53.878+0000] {logging_mixin.py:149} INFO - [2026-03-15T16:19:53.878+0000] {dag.py:3490} INFO - Setting next_dagrun for dag_mlops_full_pipeline to None, run_after=None
[2026-03-15T16:19:53.884+0000] {processor.py:178} INFO - Processing /opt/airflow/dags/dag2.py took 0.360 seconds
[2026-03-15T16:20:24.138+0000] {processor.py:156} INFO - Started process (PID=8501) to work on /opt/airflow/dags/dag2.py
[2026-03-15T16:20:24.139+0000] {processor.py:799} INFO - Processing file /opt/airflow/dags/dag2.py for tasks to queue
[2026-03-15T16:20:24.139+0000] {logging_mixin.py:149} INFO - [2026-03-15T16:20:24.139+0000] {dagbag.py:541} INFO - Filling up the DagBag from /opt/airflow/dags/dag2.py
[2026-03-15T16:20:24.566+0000] {processor.py:809} INFO - DAG(s) dict_keys(['dag_mlops_full_pipeline']) retrieved from /opt/airflow/dags/dag2.py
[2026-03-15T16:20:24.582+0000] {logging_mixin.py:149} INFO - [2026-03-15T16:20:24.582+0000] {dag.py:2726} INFO - Sync 1 DAGs
[2026-03-15T16:20:24.598+0000] {logging_mixin.py:149} INFO - [2026-03-15T16:20:24.598+0000] {dag.py:3490} INFO - Setting next_dagrun for dag_mlops_full_pipeline to None, run_after=None
[2026-03-15T16:20:24.610+0000] {processor.py:178} INFO - Processing /opt/airflow/dags/dag2.py took 0.474 seconds
[2026-03-15T16:20:54.668+0000] {processor.py:156} INFO - Started process (PID=8543) to work on /opt/airflow/dags/dag2.py
[2026-03-15T16:20:54.668+0000] {processor.py:799} INFO - Processing file /opt/airflow/dags/dag2.py for tasks to queue
[2026-03-15T16:20:54.669+0000] {logging_mixin.py:149} INFO - [2026-03-15T16:20:54.669+0000] {dagbag.py:541} INFO - Filling up the DagBag from /opt/airflow/dags/dag2.py
[2026-03-15T16:20:54.936+0000] {processor.py:809} INFO - DAG(s) dict_keys(['dag_mlops_full_pipeline']) retrieved from /opt/airflow/dags/dag2.py
[2026-03-15T16:20:54.945+0000] {logging_mixin.py:149} INFO - [2026-03-15T16:20:54.944+0000] {dag.py:2726} INFO - Sync 1 DAGs
[2026-03-15T16:20:54.952+0000] {logging_mixin.py:149} INFO - [2026-03-15T16:20:54.952+0000] {dag.py:3490} INFO - Setting next_dagrun for dag_mlops_full_pipeline to None, run_after=None
[2026-03-15T16:20:54.958+0000] {processor.py:178} INFO - Processing /opt/airflow/dags/dag2.py took 0.291 seconds
[2026-03-15T17:26:55.134+0000] {processor.py:156} INFO - Started process (PID=8566) to work on /opt/airflow/dags/dag2.py
[2026-03-15T17:26:55.134+0000] {processor.py:799} INFO - Processing file /opt/airflow/dags/dag2.py for tasks to queue
[2026-03-15T17:26:55.134+0000] {logging_mixin.py:149} INFO - [2026-03-15T17:26:55.134+0000] {dagbag.py:541} INFO - Filling up the DagBag from /opt/airflow/dags/dag2.py
[2026-03-15T17:26:55.446+0000] {processor.py:809} INFO - DAG(s) dict_keys(['dag_mlops_full_pipeline']) retrieved from /opt/airflow/dags/dag2.py
[2026-03-15T17:26:55.455+0000] {logging_mixin.py:149} INFO - [2026-03-15T17:26:55.455+0000] {dag.py:2726} INFO - Sync 1 DAGs
[2026-03-15T17:26:55.463+0000] {logging_mixin.py:149} INFO - [2026-03-15T17:26:55.463+0000] {dag.py:3490} INFO - Setting next_dagrun for dag_mlops_full_pipeline to None, run_after=None
[2026-03-15T17:26:55.468+0000] {processor.py:178} INFO - Processing /opt/airflow/dags/dag2.py took 0.336 seconds
[2026-03-15T17:42:01.256+0000] {processor.py:156} INFO - Started process (PID=8599) to work on /opt/airflow/dags/dag2.py
[2026-03-15T17:42:01.257+0000] {processor.py:799} INFO - Processing file /opt/airflow/dags/dag2.py for tasks to queue
[2026-03-15T17:42:01.258+0000] {logging_mixin.py:149} INFO - [2026-03-15T17:42:01.258+0000] {dagbag.py:541} INFO - Filling up the DagBag from /opt/airflow/dags/dag2.py
[2026-03-15T17:42:01.713+0000] {processor.py:809} INFO - DAG(s) dict_keys(['dag_mlops_full_pipeline']) retrieved from /opt/airflow/dags/dag2.py
[2026-03-15T17:42:01.734+0000] {logging_mixin.py:149} INFO - [2026-03-15T17:42:01.733+0000] {dag.py:2726} INFO - Sync 1 DAGs
[2026-03-15T17:42:01.745+0000] {logging_mixin.py:149} INFO - [2026-03-15T17:42:01.745+0000] {dag.py:3490} INFO - Setting next_dagrun for dag_mlops_full_pipeline to None, run_after=None
[2026-03-15T17:42:01.763+0000] {processor.py:178} INFO - Processing /opt/airflow/dags/dag2.py took 0.510 seconds
[2026-03-15T18:02:13.905+0000] {processor.py:156} INFO - Started process (PID=8631) to work on /opt/airflow/dags/dag2.py
[2026-03-15T18:02:13.905+0000] {processor.py:799} INFO - Processing file /opt/airflow/dags/dag2.py for tasks to queue
[2026-03-15T18:02:13.906+0000] {logging_mixin.py:149} INFO - [2026-03-15T18:02:13.906+0000] {dagbag.py:541} INFO - Filling up the DagBag from /opt/airflow/dags/dag2.py
[2026-03-15T18:02:14.263+0000] {processor.py:809} INFO - DAG(s) dict_keys(['dag_mlops_full_pipeline']) retrieved from /opt/airflow/dags/dag2.py
[2026-03-15T18:02:14.284+0000] {logging_mixin.py:149} INFO - [2026-03-15T18:02:14.283+0000] {dag.py:2726} INFO - Sync 1 DAGs
[2026-03-15T18:02:14.298+0000] {logging_mixin.py:149} INFO - [2026-03-15T18:02:14.298+0000] {dag.py:3490} INFO - Setting next_dagrun for dag_mlops_full_pipeline to None, run_after=None
[2026-03-15T18:02:14.313+0000] {processor.py:178} INFO - Processing /opt/airflow/dags/dag2.py took 0.410 seconds
[2026-03-15T18:02:44.414+0000] {processor.py:156} INFO - Started process (PID=8673) to work on /opt/airflow/dags/dag2.py
[2026-03-15T18:02:44.415+0000] {processor.py:799} INFO - Processing file /opt/airflow/dags/dag2.py for tasks to queue
[2026-03-15T18:02:44.415+0000] {logging_mixin.py:149} INFO - [2026-03-15T18:02:44.415+0000] {dagbag.py:541} INFO - Filling up the DagBag from /opt/airflow/dags/dag2.py
[2026-03-15T18:02:44.684+0000] {processor.py:809} INFO - DAG(s) dict_keys(['dag_mlops_full_pipeline']) retrieved from /opt/airflow/dags/dag2.py
[2026-03-15T18:02:44.693+0000] {logging_mixin.py:149} INFO - [2026-03-15T18:02:44.692+0000] {dag.py:2726} INFO - Sync 1 DAGs
[2026-03-15T18:02:44.700+0000] {logging_mixin.py:149} INFO - [2026-03-15T18:02:44.700+0000] {dag.py:3490} INFO - Setting next_dagrun for dag_mlops_full_pipeline to None, run_after=None
[2026-03-15T18:02:44.706+0000] {processor.py:178} INFO - Processing /opt/airflow/dags/dag2.py took 0.293 seconds
[2026-03-15T18:37:27.563+0000] {processor.py:156} INFO - Started process (PID=8695) to work on /opt/airflow/dags/dag2.py
[2026-03-15T18:37:27.565+0000] {processor.py:799} INFO - Processing file /opt/airflow/dags/dag2.py for tasks to queue
[2026-03-15T18:37:27.567+0000] {logging_mixin.py:149} INFO - [2026-03-15T18:37:27.566+0000] {dagbag.py:541} INFO - Filling up the DagBag from /opt/airflow/dags/dag2.py
[2026-03-15T18:37:28.700+0000] {processor.py:809} INFO - DAG(s) dict_keys(['dag_mlops_full_pipeline']) retrieved from /opt/airflow/dags/dag2.py
[2026-03-15T18:37:28.740+0000] {logging_mixin.py:149} INFO - [2026-03-15T18:37:28.738+0000] {dag.py:2726} INFO - Sync 1 DAGs
[2026-03-15T18:37:28.775+0000] {logging_mixin.py:149} INFO - [2026-03-15T18:37:28.775+0000] {dag.py:3490} INFO - Setting next_dagrun for dag_mlops_full_pipeline to None, run_after=None
[2026-03-15T18:37:28.819+0000] {processor.py:178} INFO - Processing /opt/airflow/dags/dag2.py took 1.260 seconds
[2026-03-15T18:37:59.165+0000] {processor.py:156} INFO - Started process (PID=8737) to work on /opt/airflow/dags/dag2.py
[2026-03-15T18:37:59.166+0000] {processor.py:799} INFO - Processing file /opt/airflow/dags/dag2.py for tasks to queue
[2026-03-15T18:37:59.167+0000] {logging_mixin.py:149} INFO - [2026-03-15T18:37:59.167+0000] {dagbag.py:541} INFO - Filling up the DagBag from /opt/airflow/dags/dag2.py
[2026-03-15T18:37:59.804+0000] {processor.py:809} INFO - DAG(s) dict_keys(['dag_mlops_full_pipeline']) retrieved from /opt/airflow/dags/dag2.py
[2026-03-15T18:37:59.826+0000] {logging_mixin.py:149} INFO - [2026-03-15T18:37:59.826+0000] {dag.py:2726} INFO - Sync 1 DAGs
[2026-03-15T18:37:59.848+0000] {logging_mixin.py:149} INFO - [2026-03-15T18:37:59.848+0000] {dag.py:3490} INFO - Setting next_dagrun for dag_mlops_full_pipeline to None, run_after=None
[2026-03-15T18:37:59.862+0000] {processor.py:178} INFO - Processing /opt/airflow/dags/dag2.py took 0.700 seconds
[2026-03-15T18:54:14.475+0000] {processor.py:156} INFO - Started process (PID=8759) to work on /opt/airflow/dags/dag2.py
[2026-03-15T18:54:14.476+0000] {processor.py:799} INFO - Processing file /opt/airflow/dags/dag2.py for tasks to queue
[2026-03-15T18:54:14.478+0000] {logging_mixin.py:149} INFO - [2026-03-15T18:54:14.478+0000] {dagbag.py:541} INFO - Filling up the DagBag from /opt/airflow/dags/dag2.py
[2026-03-15T18:54:15.897+0000] {processor.py:809} INFO - DAG(s) dict_keys(['dag_mlops_full_pipeline']) retrieved from /opt/airflow/dags/dag2.py
[2026-03-15T18:54:15.924+0000] {logging_mixin.py:149} INFO - [2026-03-15T18:54:15.923+0000] {dag.py:2726} INFO - Sync 1 DAGs
[2026-03-15T18:54:15.953+0000] {logging_mixin.py:149} INFO - [2026-03-15T18:54:15.953+0000] {dag.py:3490} INFO - Setting next_dagrun for dag_mlops_full_pipeline to None, run_after=None
[2026-03-15T18:54:15.972+0000] {processor.py:178} INFO - Processing /opt/airflow/dags/dag2.py took 1.505 seconds
[2026-03-15T18:54:46.129+0000] {processor.py:156} INFO - Started process (PID=8798) to work on /opt/airflow/dags/dag2.py
[2026-03-15T18:54:46.129+0000] {processor.py:799} INFO - Processing file /opt/airflow/dags/dag2.py for tasks to queue
[2026-03-15T18:54:46.130+0000] {logging_mixin.py:149} INFO - [2026-03-15T18:54:46.130+0000] {dagbag.py:541} INFO - Filling up the DagBag from /opt/airflow/dags/dag2.py
[2026-03-15T18:54:46.676+0000] {processor.py:809} INFO - DAG(s) dict_keys(['dag_mlops_full_pipeline']) retrieved from /opt/airflow/dags/dag2.py
[2026-03-15T18:54:46.698+0000] {logging_mixin.py:149} INFO - [2026-03-15T18:54:46.698+0000] {dag.py:2726} INFO - Sync 1 DAGs
[2026-03-15T18:54:46.718+0000] {logging_mixin.py:149} INFO - [2026-03-15T18:54:46.718+0000] {dag.py:3490} INFO - Setting next_dagrun for dag_mlops_full_pipeline to None, run_after=None
[2026-03-15T18:54:46.732+0000] {processor.py:178} INFO - Processing /opt/airflow/dags/dag2.py took 0.606 seconds
[2026-03-15T18:55:17.668+0000] {processor.py:156} INFO - Started process (PID=8834) to work on /opt/airflow/dags/dag2.py
[2026-03-15T18:55:17.669+0000] {processor.py:799} INFO - Processing file /opt/airflow/dags/dag2.py for tasks to queue
[2026-03-15T18:55:17.669+0000] {logging_mixin.py:149} INFO - [2026-03-15T18:55:17.669+0000] {dagbag.py:541} INFO - Filling up the DagBag from /opt/airflow/dags/dag2.py
[2026-03-15T18:55:18.009+0000] {processor.py:809} INFO - DAG(s) dict_keys(['dag_mlops_full_pipeline']) retrieved from /opt/airflow/dags/dag2.py
[2026-03-15T18:55:18.019+0000] {logging_mixin.py:149} INFO - [2026-03-15T18:55:18.019+0000] {dag.py:2726} INFO - Sync 1 DAGs
[2026-03-15T18:55:18.028+0000] {logging_mixin.py:149} INFO - [2026-03-15T18:55:18.028+0000] {dag.py:3490} INFO - Setting next_dagrun for dag_mlops_full_pipeline to None, run_after=None
[2026-03-15T18:55:18.035+0000] {processor.py:178} INFO - Processing /opt/airflow/dags/dag2.py took 0.368 seconds
[2026-03-15T18:55:48.058+0000] {processor.py:156} INFO - Started process (PID=8866) to work on /opt/airflow/dags/dag2.py
[2026-03-15T18:55:48.058+0000] {processor.py:799} INFO - Processing file /opt/airflow/dags/dag2.py for tasks to queue
[2026-03-15T18:55:48.058+0000] {logging_mixin.py:149} INFO - [2026-03-15T18:55:48.058+0000] {dagbag.py:541} INFO - Filling up the DagBag from /opt/airflow/dags/dag2.py
[2026-03-15T18:55:48.359+0000] {processor.py:809} INFO - DAG(s) dict_keys(['dag_mlops_full_pipeline']) retrieved from /opt/airflow/dags/dag2.py
[2026-03-15T18:55:48.367+0000] {logging_mixin.py:149} INFO - [2026-03-15T18:55:48.367+0000] {dag.py:2726} INFO - Sync 1 DAGs
[2026-03-15T18:55:48.375+0000] {logging_mixin.py:149} INFO - [2026-03-15T18:55:48.375+0000] {dag.py:3490} INFO - Setting next_dagrun for dag_mlops_full_pipeline to None, run_after=None
[2026-03-15T18:55:48.382+0000] {processor.py:178} INFO - Processing /opt/airflow/dags/dag2.py took 0.326 seconds
[2026-03-15T18:56:18.445+0000] {processor.py:156} INFO - Started process (PID=8898) to work on /opt/airflow/dags/dag2.py
[2026-03-15T18:56:18.446+0000] {processor.py:799} INFO - Processing file /opt/airflow/dags/dag2.py for tasks to queue
[2026-03-15T18:56:18.447+0000] {logging_mixin.py:149} INFO - [2026-03-15T18:56:18.446+0000] {dagbag.py:541} INFO - Filling up the DagBag from /opt/airflow/dags/dag2.py
[2026-03-15T18:56:18.711+0000] {processor.py:809} INFO - DAG(s) dict_keys(['dag_mlops_full_pipeline']) retrieved from /opt/airflow/dags/dag2.py
[2026-03-15T18:56:18.719+0000] {logging_mixin.py:149} INFO - [2026-03-15T18:56:18.719+0000] {dag.py:2726} INFO - Sync 1 DAGs
[2026-03-15T18:56:18.727+0000] {logging_mixin.py:149} INFO - [2026-03-15T18:56:18.727+0000] {dag.py:3490} INFO - Setting next_dagrun for dag_mlops_full_pipeline to None, run_after=None
[2026-03-15T18:56:18.732+0000] {processor.py:178} INFO - Processing /opt/airflow/dags/dag2.py took 0.290 seconds
[2026-03-15T18:56:48.832+0000] {processor.py:156} INFO - Started process (PID=8930) to work on /opt/airflow/dags/dag2.py
[2026-03-15T18:56:48.833+0000] {processor.py:799} INFO - Processing file /opt/airflow/dags/dag2.py for tasks to queue
[2026-03-15T18:56:48.834+0000] {logging_mixin.py:149} INFO - [2026-03-15T18:56:48.834+0000] {dagbag.py:541} INFO - Filling up the DagBag from /opt/airflow/dags/dag2.py
[2026-03-15T18:56:49.108+0000] {processor.py:809} INFO - DAG(s) dict_keys(['dag_mlops_full_pipeline']) retrieved from /opt/airflow/dags/dag2.py
[2026-03-15T18:56:49.117+0000] {logging_mixin.py:149} INFO - [2026-03-15T18:56:49.117+0000] {dag.py:2726} INFO - Sync 1 DAGs
[2026-03-15T18:56:49.125+0000] {logging_mixin.py:149} INFO - [2026-03-15T18:56:49.125+0000] {dag.py:3490} INFO - Setting next_dagrun for dag_mlops_full_pipeline to None, run_after=None
[2026-03-15T18:56:49.130+0000] {processor.py:178} INFO - Processing /opt/airflow/dags/dag2.py took 0.301 seconds
[2026-03-15T19:03:27.407+0000] {processor.py:156} INFO - Started process (PID=8952) to work on /opt/airflow/dags/dag2.py
[2026-03-15T19:03:27.408+0000] {processor.py:799} INFO - Processing file /opt/airflow/dags/dag2.py for tasks to queue
[2026-03-15T19:03:27.409+0000] {logging_mixin.py:149} INFO - [2026-03-15T19:03:27.409+0000] {dagbag.py:541} INFO - Filling up the DagBag from /opt/airflow/dags/dag2.py
[2026-03-15T19:03:27.697+0000] {processor.py:809} INFO - DAG(s) dict_keys(['dag_mlops_full_pipeline']) retrieved from /opt/airflow/dags/dag2.py
[2026-03-15T19:03:27.706+0000] {logging_mixin.py:149} INFO - [2026-03-15T19:03:27.706+0000] {dag.py:2726} INFO - Sync 1 DAGs
[2026-03-15T19:03:27.713+0000] {logging_mixin.py:149} INFO - [2026-03-15T19:03:27.713+0000] {dag.py:3490} INFO - Setting next_dagrun for dag_mlops_full_pipeline to None, run_after=None
[2026-03-15T19:03:27.719+0000] {processor.py:178} INFO - Processing /opt/airflow/dags/dag2.py took 0.314 seconds
[2026-03-15T19:03:57.892+0000] {processor.py:156} INFO - Started process (PID=8985) to work on /opt/airflow/dags/dag2.py
[2026-03-15T19:03:57.893+0000] {processor.py:799} INFO - Processing file /opt/airflow/dags/dag2.py for tasks to queue
[2026-03-15T19:03:57.894+0000] {logging_mixin.py:149} INFO - [2026-03-15T19:03:57.893+0000] {dagbag.py:541} INFO - Filling up the DagBag from /opt/airflow/dags/dag2.py
[2026-03-15T19:03:58.236+0000] {processor.py:809} INFO - DAG(s) dict_keys(['dag_mlops_full_pipeline']) retrieved from /opt/airflow/dags/dag2.py
[2026-03-15T19:03:58.246+0000] {logging_mixin.py:149} INFO - [2026-03-15T19:03:58.246+0000] {dag.py:2726} INFO - Sync 1 DAGs
[2026-03-15T19:03:58.257+0000] {logging_mixin.py:149} INFO - [2026-03-15T19:03:58.257+0000] {dag.py:3490} INFO - Setting next_dagrun for dag_mlops_full_pipeline to None, run_after=None
[2026-03-15T19:03:58.264+0000] {processor.py:178} INFO - Processing /opt/airflow/dags/dag2.py took 0.376 seconds
[2026-03-15T19:50:35.764+0000] {processor.py:156} INFO - Started process (PID=9017) to work on /opt/airflow/dags/dag2.py
[2026-03-15T19:50:35.764+0000] {processor.py:799} INFO - Processing file /opt/airflow/dags/dag2.py for tasks to queue
[2026-03-15T19:50:35.765+0000] {logging_mixin.py:149} INFO - [2026-03-15T19:50:35.765+0000] {dagbag.py:541} INFO - Filling up the DagBag from /opt/airflow/dags/dag2.py
[2026-03-15T19:50:36.191+0000] {processor.py:809} INFO - DAG(s) dict_keys(['dag_mlops_full_pipeline']) retrieved from /opt/airflow/dags/dag2.py
[2026-03-15T19:50:36.213+0000] {logging_mixin.py:149} INFO - [2026-03-15T19:50:36.212+0000] {dag.py:2726} INFO - Sync 1 DAGs
[2026-03-15T19:50:36.235+0000] {logging_mixin.py:149} INFO - [2026-03-15T19:50:36.235+0000] {dag.py:3490} INFO - Setting next_dagrun for dag_mlops_full_pipeline to None, run_after=None
[2026-03-15T19:50:36.255+0000] {processor.py:178} INFO - Processing /opt/airflow/dags/dag2.py took 0.494 seconds
[2026-03-15T19:58:18.479+0000] {processor.py:156} INFO - Started process (PID=9051) to work on /opt/airflow/dags/dag2.py
[2026-03-15T19:58:18.480+0000] {processor.py:799} INFO - Processing file /opt/airflow/dags/dag2.py for tasks to queue
[2026-03-15T19:58:18.481+0000] {logging_mixin.py:149} INFO - [2026-03-15T19:58:18.481+0000] {dagbag.py:541} INFO - Filling up the DagBag from /opt/airflow/dags/dag2.py
[2026-03-15T19:58:18.932+0000] {processor.py:809} INFO - DAG(s) dict_keys(['dag_mlops_full_pipeline']) retrieved from /opt/airflow/dags/dag2.py
[2026-03-15T19:58:18.952+0000] {logging_mixin.py:149} INFO - [2026-03-15T19:58:18.952+0000] {dag.py:2726} INFO - Sync 1 DAGs
[2026-03-15T19:58:18.975+0000] {logging_mixin.py:149} INFO - [2026-03-15T19:58:18.975+0000] {dag.py:3490} INFO - Setting next_dagrun for dag_mlops_full_pipeline to None, run_after=None
[2026-03-15T19:58:18.991+0000] {processor.py:178} INFO - Processing /opt/airflow/dags/dag2.py took 0.516 seconds
[2026-03-15T19:58:49.088+0000] {processor.py:156} INFO - Started process (PID=9093) to work on /opt/airflow/dags/dag2.py
[2026-03-15T19:58:49.088+0000] {processor.py:799} INFO - Processing file /opt/airflow/dags/dag2.py for tasks to queue
[2026-03-15T19:58:49.089+0000] {logging_mixin.py:149} INFO - [2026-03-15T19:58:49.089+0000] {dagbag.py:541} INFO - Filling up the DagBag from /opt/airflow/dags/dag2.py
[2026-03-15T19:58:49.364+0000] {processor.py:809} INFO - DAG(s) dict_keys(['dag_mlops_full_pipeline']) retrieved from /opt/airflow/dags/dag2.py
[2026-03-15T19:58:49.373+0000] {logging_mixin.py:149} INFO - [2026-03-15T19:58:49.372+0000] {dag.py:2726} INFO - Sync 1 DAGs
[2026-03-15T19:58:49.380+0000] {logging_mixin.py:149} INFO - [2026-03-15T19:58:49.380+0000] {dag.py:3490} INFO - Setting next_dagrun for dag_mlops_full_pipeline to None, run_after=None
[2026-03-15T19:58:49.386+0000] {processor.py:178} INFO - Processing /opt/airflow/dags/dag2.py took 0.299 seconds
[2026-03-15T20:04:26.414+0000] {processor.py:156} INFO - Started process (PID=9115) to work on /opt/airflow/dags/dag2.py
[2026-03-15T20:04:26.414+0000] {processor.py:799} INFO - Processing file /opt/airflow/dags/dag2.py for tasks to queue
[2026-03-15T20:04:26.415+0000] {logging_mixin.py:149} INFO - [2026-03-15T20:04:26.415+0000] {dagbag.py:541} INFO - Filling up the DagBag from /opt/airflow/dags/dag2.py
[2026-03-15T20:04:26.720+0000] {processor.py:809} INFO - DAG(s) dict_keys(['dag_mlops_full_pipeline']) retrieved from /opt/airflow/dags/dag2.py
[2026-03-15T20:04:26.728+0000] {logging_mixin.py:149} INFO - [2026-03-15T20:04:26.728+0000] {dag.py:2726} INFO - Sync 1 DAGs
[2026-03-15T20:04:26.735+0000] {logging_mixin.py:149} INFO - [2026-03-15T20:04:26.735+0000] {dag.py:3490} INFO - Setting next_dagrun for dag_mlops_full_pipeline to None, run_after=None
[2026-03-15T20:04:26.741+0000] {processor.py:178} INFO - Processing /opt/airflow/dags/dag2.py took 0.330 seconds
[2026-03-15T20:36:16.794+0000] {processor.py:156} INFO - Started process (PID=9147) to work on /opt/airflow/dags/dag2.py
[2026-03-15T20:36:16.795+0000] {processor.py:799} INFO - Processing file /opt/airflow/dags/dag2.py for tasks to queue
[2026-03-15T20:36:16.796+0000] {logging_mixin.py:149} INFO - [2026-03-15T20:36:16.795+0000] {dagbag.py:541} INFO - Filling up the DagBag from /opt/airflow/dags/dag2.py
[2026-03-15T20:36:17.313+0000] {processor.py:809} INFO - DAG(s) dict_keys(['dag_mlops_full_pipeline']) retrieved from /opt/airflow/dags/dag2.py
[2026-03-15T20:36:17.342+0000] {logging_mixin.py:149} INFO - [2026-03-15T20:36:17.340+0000] {dag.py:2726} INFO - Sync 1 DAGs
[2026-03-15T20:36:17.363+0000] {logging_mixin.py:149} INFO - [2026-03-15T20:36:17.363+0000] {dag.py:3490} INFO - Setting next_dagrun for dag_mlops_full_pipeline to None, run_after=None
[2026-03-15T20:36:17.387+0000] {processor.py:178} INFO - Processing /opt/airflow/dags/dag2.py took 0.597 seconds
[2026-03-15T20:52:09.165+0000] {processor.py:156} INFO - Started process (PID=9179) to work on /opt/airflow/dags/dag2.py
[2026-03-15T20:52:09.166+0000] {processor.py:799} INFO - Processing file /opt/airflow/dags/dag2.py for tasks to queue
[2026-03-15T20:52:09.167+0000] {logging_mixin.py:149} INFO - [2026-03-15T20:52:09.166+0000] {dagbag.py:541} INFO - Filling up the DagBag from /opt/airflow/dags/dag2.py
[2026-03-15T20:52:09.601+0000] {processor.py:809} INFO - DAG(s) dict_keys(['dag_mlops_full_pipeline']) retrieved from /opt/airflow/dags/dag2.py
[2026-03-15T20:52:09.620+0000] {logging_mixin.py:149} INFO - [2026-03-15T20:52:09.619+0000] {dag.py:2726} INFO - Sync 1 DAGs
[2026-03-15T20:52:09.641+0000] {logging_mixin.py:149} INFO - [2026-03-15T20:52:09.641+0000] {dag.py:3490} INFO - Setting next_dagrun for dag_mlops_full_pipeline to None, run_after=None
[2026-03-15T20:52:09.658+0000] {processor.py:178} INFO - Processing /opt/airflow/dags/dag2.py took 0.496 seconds
[2026-03-15T21:05:34.703+0000] {processor.py:156} INFO - Started process (PID=9211) to work on /opt/airflow/dags/dag2.py
[2026-03-15T21:05:34.703+0000] {processor.py:799} INFO - Processing file /opt/airflow/dags/dag2.py for tasks to queue
[2026-03-15T21:05:34.704+0000] {logging_mixin.py:149} INFO - [2026-03-15T21:05:34.704+0000] {dagbag.py:541} INFO - Filling up the DagBag from /opt/airflow/dags/dag2.py
[2026-03-15T21:05:34.982+0000] {processor.py:809} INFO - DAG(s) dict_keys(['dag_mlops_full_pipeline']) retrieved from /opt/airflow/dags/dag2.py
[2026-03-15T21:05:34.991+0000] {logging_mixin.py:149} INFO - [2026-03-15T21:05:34.990+0000] {dag.py:2726} INFO - Sync 1 DAGs
[2026-03-15T21:05:34.998+0000] {logging_mixin.py:149} INFO - [2026-03-15T21:05:34.998+0000] {dag.py:3490} INFO - Setting next_dagrun for dag_mlops_full_pipeline to None, run_after=None
[2026-03-15T21:05:35.003+0000] {processor.py:178} INFO - Processing /opt/airflow/dags/dag2.py took 0.303 seconds
[2026-03-15T21:40:32.041+0000] {processor.py:156} INFO - Started process (PID=9244) to work on /opt/airflow/dags/dag2.py
[2026-03-15T21:40:32.042+0000] {processor.py:799} INFO - Processing file /opt/airflow/dags/dag2.py for tasks to queue
[2026-03-15T21:40:32.043+0000] {logging_mixin.py:149} INFO - [2026-03-15T21:40:32.043+0000] {dagbag.py:541} INFO - Filling up the DagBag from /opt/airflow/dags/dag2.py
[2026-03-15T21:40:32.346+0000] {processor.py:809} INFO - DAG(s) dict_keys(['dag_mlops_full_pipeline']) retrieved from /opt/airflow/dags/dag2.py
[2026-03-15T21:40:32.366+0000] {logging_mixin.py:149} INFO - [2026-03-15T21:40:32.364+0000] {dag.py:2726} INFO - Sync 1 DAGs
[2026-03-15T21:40:32.386+0000] {logging_mixin.py:149} INFO - [2026-03-15T21:40:32.385+0000] {dag.py:3490} INFO - Setting next_dagrun for dag_mlops_full_pipeline to None, run_after=None
[2026-03-15T21:40:32.403+0000] {processor.py:178} INFO - Processing /opt/airflow/dags/dag2.py took 0.364 seconds
[2026-03-15T21:56:41.447+0000] {processor.py:156} INFO - Started process (PID=9276) to work on /opt/airflow/dags/dag2.py
[2026-03-15T21:56:41.448+0000] {processor.py:799} INFO - Processing file /opt/airflow/dags/dag2.py for tasks to queue
[2026-03-15T21:56:41.449+0000] {logging_mixin.py:149} INFO - [2026-03-15T21:56:41.449+0000] {dagbag.py:541} INFO - Filling up the DagBag from /opt/airflow/dags/dag2.py
[2026-03-15T21:56:41.885+0000] {processor.py:809} INFO - DAG(s) dict_keys(['dag_mlops_full_pipeline']) retrieved from /opt/airflow/dags/dag2.py
[2026-03-15T21:56:41.903+0000] {logging_mixin.py:149} INFO - [2026-03-15T21:56:41.903+0000] {dag.py:2726} INFO - Sync 1 DAGs
[2026-03-15T21:56:41.923+0000] {logging_mixin.py:149} INFO - [2026-03-15T21:56:41.922+0000] {dag.py:3490} INFO - Setting next_dagrun for dag_mlops_full_pipeline to None, run_after=None
[2026-03-15T21:56:41.934+0000] {processor.py:178} INFO - Processing /opt/airflow/dags/dag2.py took 0.490 seconds
[2026-03-15T22:55:22.267+0000] {processor.py:156} INFO - Started process (PID=9308) to work on /opt/airflow/dags/dag2.py
[2026-03-15T22:55:22.269+0000] {processor.py:799} INFO - Processing file /opt/airflow/dags/dag2.py for tasks to queue
[2026-03-15T22:55:22.270+0000] {logging_mixin.py:149} INFO - [2026-03-15T22:55:22.270+0000] {dagbag.py:541} INFO - Filling up the DagBag from /opt/airflow/dags/dag2.py
[2026-03-15T22:55:22.570+0000] {processor.py:809} INFO - DAG(s) dict_keys(['dag_mlops_full_pipeline']) retrieved from /opt/airflow/dags/dag2.py
[2026-03-15T22:55:22.579+0000] {logging_mixin.py:149} INFO - [2026-03-15T22:55:22.579+0000] {dag.py:2726} INFO - Sync 1 DAGs
[2026-03-15T22:55:22.587+0000] {logging_mixin.py:149} INFO - [2026-03-15T22:55:22.587+0000] {dag.py:3490} INFO - Setting next_dagrun for dag_mlops_full_pipeline to None, run_after=None
[2026-03-15T22:55:22.592+0000] {processor.py:178} INFO - Processing /opt/airflow/dags/dag2.py took 0.327 seconds
[2026-03-15T23:07:38.539+0000] {processor.py:156} INFO - Started process (PID=9342) to work on /opt/airflow/dags/dag2.py
[2026-03-15T23:07:38.540+0000] {processor.py:799} INFO - Processing file /opt/airflow/dags/dag2.py for tasks to queue
[2026-03-15T23:07:38.540+0000] {logging_mixin.py:149} INFO - [2026-03-15T23:07:38.540+0000] {dagbag.py:541} INFO - Filling up the DagBag from /opt/airflow/dags/dag2.py
[2026-03-15T23:07:39.003+0000] {processor.py:809} INFO - DAG(s) dict_keys(['dag_mlops_full_pipeline']) retrieved from /opt/airflow/dags/dag2.py
[2026-03-15T23:07:39.021+0000] {logging_mixin.py:149} INFO - [2026-03-15T23:07:39.021+0000] {dag.py:2726} INFO - Sync 1 DAGs
[2026-03-15T23:07:39.040+0000] {logging_mixin.py:149} INFO - [2026-03-15T23:07:39.040+0000] {dag.py:3490} INFO - Setting next_dagrun for dag_mlops_full_pipeline to None, run_after=None
[2026-03-15T23:07:39.053+0000] {processor.py:178} INFO - Processing /opt/airflow/dags/dag2.py took 0.516 seconds
[2026-03-15T23:11:35.509+0000] {processor.py:156} INFO - Started process (PID=9374) to work on /opt/airflow/dags/dag2.py
[2026-03-15T23:11:35.510+0000] {processor.py:799} INFO - Processing file /opt/airflow/dags/dag2.py for tasks to queue
[2026-03-15T23:11:35.510+0000] {logging_mixin.py:149} INFO - [2026-03-15T23:11:35.510+0000] {dagbag.py:541} INFO - Filling up the DagBag from /opt/airflow/dags/dag2.py
[2026-03-15T23:11:35.814+0000] {processor.py:809} INFO - DAG(s) dict_keys(['dag_mlops_full_pipeline']) retrieved from /opt/airflow/dags/dag2.py
[2026-03-15T23:11:35.823+0000] {logging_mixin.py:149} INFO - [2026-03-15T23:11:35.823+0000] {dag.py:2726} INFO - Sync 1 DAGs
[2026-03-15T23:11:35.830+0000] {logging_mixin.py:149} INFO - [2026-03-15T23:11:35.830+0000] {dag.py:3490} INFO - Setting next_dagrun for dag_mlops_full_pipeline to None, run_after=None
[2026-03-15T23:11:35.836+0000] {processor.py:178} INFO - Processing /opt/airflow/dags/dag2.py took 0.331 seconds
[2026-03-15T23:50:28.701+0000] {processor.py:156} INFO - Started process (PID=9406) to work on /opt/airflow/dags/dag2.py
[2026-03-15T23:50:28.702+0000] {processor.py:799} INFO - Processing file /opt/airflow/dags/dag2.py for tasks to queue
[2026-03-15T23:50:28.703+0000] {logging_mixin.py:149} INFO - [2026-03-15T23:50:28.703+0000] {dagbag.py:541} INFO - Filling up the DagBag from /opt/airflow/dags/dag2.py
[2026-03-15T23:50:28.971+0000] {processor.py:809} INFO - DAG(s) dict_keys(['dag_mlops_full_pipeline']) retrieved from /opt/airflow/dags/dag2.py
[2026-03-15T23:50:28.979+0000] {logging_mixin.py:149} INFO - [2026-03-15T23:50:28.979+0000] {dag.py:2726} INFO - Sync 1 DAGs
[2026-03-15T23:50:28.987+0000] {logging_mixin.py:149} INFO - [2026-03-15T23:50:28.987+0000] {dag.py:3490} INFO - Setting next_dagrun for dag_mlops_full_pipeline to None, run_after=None
[2026-03-15T23:50:28.992+0000] {processor.py:178} INFO - Processing /opt/airflow/dags/dag2.py took 0.293 seconds
[2026-03-15T23:50:59.157+0000] {processor.py:156} INFO - Started process (PID=9438) to work on /opt/airflow/dags/dag2.py
[2026-03-15T23:50:59.158+0000] {processor.py:799} INFO - Processing file /opt/airflow/dags/dag2.py for tasks to queue
[2026-03-15T23:50:59.160+0000] {logging_mixin.py:149} INFO - [2026-03-15T23:50:59.160+0000] {dagbag.py:541} INFO - Filling up the DagBag from /opt/airflow/dags/dag2.py
[2026-03-15T23:50:59.465+0000] {processor.py:809} INFO - DAG(s) dict_keys(['dag_mlops_full_pipeline']) retrieved from /opt/airflow/dags/dag2.py
[2026-03-15T23:50:59.473+0000] {logging_mixin.py:149} INFO - [2026-03-15T23:50:59.473+0000] {dag.py:2726} INFO - Sync 1 DAGs
[2026-03-15T23:50:59.481+0000] {logging_mixin.py:149} INFO - [2026-03-15T23:50:59.481+0000] {dag.py:3490} INFO - Setting next_dagrun for dag_mlops_full_pipeline to None, run_after=None
[2026-03-15T23:50:59.486+0000] {processor.py:178} INFO - Processing /opt/airflow/dags/dag2.py took 0.333 seconds
