[2026-03-15T00:09:37.599+0000] {processor.py:156} INFO - Started process (PID=5664) to work on /opt/airflow/dags/dag_restart_data.py
[2026-03-15T00:09:37.599+0000] {processor.py:799} INFO - Processing file /opt/airflow/dags/dag_restart_data.py for tasks to queue
[2026-03-15T00:09:37.601+0000] {logging_mixin.py:149} INFO - [2026-03-15T00:09:37.601+0000] {dagbag.py:541} INFO - Filling up the DagBag from /opt/airflow/dags/dag_restart_data.py
[2026-03-15T00:09:37.608+0000] {processor.py:809} INFO - DAG(s) dict_keys(['dag_restart_data']) retrieved from /opt/airflow/dags/dag_restart_data.py
[2026-03-15T00:09:37.626+0000] {logging_mixin.py:149} INFO - [2026-03-15T00:09:37.626+0000] {dag.py:2726} INFO - Sync 1 DAGs
[2026-03-15T00:09:37.636+0000] {logging_mixin.py:149} INFO - [2026-03-15T00:09:37.636+0000] {dag.py:3490} INFO - Setting next_dagrun for dag_restart_data to None, run_after=None
[2026-03-15T00:09:37.642+0000] {processor.py:178} INFO - Processing /opt/airflow/dags/dag_restart_data.py took 0.046 seconds
[2026-03-15T00:10:08.040+0000] {processor.py:156} INFO - Started process (PID=5696) to work on /opt/airflow/dags/dag_restart_data.py
[2026-03-15T00:10:08.042+0000] {processor.py:799} INFO - Processing file /opt/airflow/dags/dag_restart_data.py for tasks to queue
[2026-03-15T00:10:08.042+0000] {logging_mixin.py:149} INFO - [2026-03-15T00:10:08.042+0000] {dagbag.py:541} INFO - Filling up the DagBag from /opt/airflow/dags/dag_restart_data.py
[2026-03-15T00:10:08.049+0000] {processor.py:809} INFO - DAG(s) dict_keys(['dag_restart_data']) retrieved from /opt/airflow/dags/dag_restart_data.py
[2026-03-15T00:10:08.074+0000] {logging_mixin.py:149} INFO - [2026-03-15T00:10:08.074+0000] {dag.py:2726} INFO - Sync 1 DAGs
[2026-03-15T00:10:08.104+0000] {logging_mixin.py:149} INFO - [2026-03-15T00:10:08.104+0000] {dag.py:3490} INFO - Setting next_dagrun for dag_restart_data to None, run_after=None
[2026-03-15T00:10:08.137+0000] {processor.py:178} INFO - Processing /opt/airflow/dags/dag_restart_data.py took 0.100 seconds
[2026-03-15T00:38:21.015+0000] {processor.py:156} INFO - Started process (PID=5728) to work on /opt/airflow/dags/dag_restart_data.py
[2026-03-15T00:38:21.016+0000] {processor.py:799} INFO - Processing file /opt/airflow/dags/dag_restart_data.py for tasks to queue
[2026-03-15T00:38:21.017+0000] {logging_mixin.py:149} INFO - [2026-03-15T00:38:21.017+0000] {dagbag.py:541} INFO - Filling up the DagBag from /opt/airflow/dags/dag_restart_data.py
[2026-03-15T00:38:21.024+0000] {processor.py:809} INFO - DAG(s) dict_keys(['dag_restart_data']) retrieved from /opt/airflow/dags/dag_restart_data.py
[2026-03-15T00:38:21.048+0000] {logging_mixin.py:149} INFO - [2026-03-15T00:38:21.047+0000] {dag.py:2726} INFO - Sync 1 DAGs
[2026-03-15T00:38:21.072+0000] {logging_mixin.py:149} INFO - [2026-03-15T00:38:21.072+0000] {dag.py:3490} INFO - Setting next_dagrun for dag_restart_data to None, run_after=None
[2026-03-15T00:38:21.115+0000] {processor.py:178} INFO - Processing /opt/airflow/dags/dag_restart_data.py took 0.102 seconds
[2026-03-15T00:38:51.467+0000] {processor.py:156} INFO - Started process (PID=5761) to work on /opt/airflow/dags/dag_restart_data.py
[2026-03-15T00:38:51.468+0000] {processor.py:799} INFO - Processing file /opt/airflow/dags/dag_restart_data.py for tasks to queue
[2026-03-15T00:38:51.470+0000] {logging_mixin.py:149} INFO - [2026-03-15T00:38:51.470+0000] {dagbag.py:541} INFO - Filling up the DagBag from /opt/airflow/dags/dag_restart_data.py
[2026-03-15T00:38:51.480+0000] {processor.py:809} INFO - DAG(s) dict_keys(['dag_restart_data']) retrieved from /opt/airflow/dags/dag_restart_data.py
[2026-03-15T00:38:51.518+0000] {logging_mixin.py:149} INFO - [2026-03-15T00:38:51.517+0000] {dag.py:2726} INFO - Sync 1 DAGs
[2026-03-15T00:38:51.547+0000] {logging_mixin.py:149} INFO - [2026-03-15T00:38:51.547+0000] {dag.py:3490} INFO - Setting next_dagrun for dag_restart_data to None, run_after=None
[2026-03-15T00:38:51.569+0000] {processor.py:178} INFO - Processing /opt/airflow/dags/dag_restart_data.py took 0.105 seconds
[2026-03-15T00:40:57.256+0000] {processor.py:156} INFO - Started process (PID=5793) to work on /opt/airflow/dags/dag_restart_data.py
[2026-03-15T00:40:57.258+0000] {processor.py:799} INFO - Processing file /opt/airflow/dags/dag_restart_data.py for tasks to queue
[2026-03-15T00:40:57.258+0000] {logging_mixin.py:149} INFO - [2026-03-15T00:40:57.258+0000] {dagbag.py:541} INFO - Filling up the DagBag from /opt/airflow/dags/dag_restart_data.py
[2026-03-15T00:40:57.271+0000] {processor.py:809} INFO - DAG(s) dict_keys(['dag_restart_data']) retrieved from /opt/airflow/dags/dag_restart_data.py
[2026-03-15T00:40:57.306+0000] {logging_mixin.py:149} INFO - [2026-03-15T00:40:57.306+0000] {dag.py:2726} INFO - Sync 1 DAGs
[2026-03-15T00:40:57.330+0000] {logging_mixin.py:149} INFO - [2026-03-15T00:40:57.330+0000] {dag.py:3490} INFO - Setting next_dagrun for dag_restart_data to None, run_after=None
[2026-03-15T00:40:57.362+0000] {processor.py:178} INFO - Processing /opt/airflow/dags/dag_restart_data.py took 0.109 seconds
[2026-03-15T00:57:07.501+0000] {processor.py:156} INFO - Started process (PID=5827) to work on /opt/airflow/dags/dag_restart_data.py
[2026-03-15T00:57:07.503+0000] {processor.py:799} INFO - Processing file /opt/airflow/dags/dag_restart_data.py for tasks to queue
[2026-03-15T00:57:07.503+0000] {logging_mixin.py:149} INFO - [2026-03-15T00:57:07.503+0000] {dagbag.py:541} INFO - Filling up the DagBag from /opt/airflow/dags/dag_restart_data.py
[2026-03-15T00:57:07.513+0000] {processor.py:809} INFO - DAG(s) dict_keys(['dag_restart_data']) retrieved from /opt/airflow/dags/dag_restart_data.py
[2026-03-15T00:57:07.538+0000] {logging_mixin.py:149} INFO - [2026-03-15T00:57:07.537+0000] {dag.py:2726} INFO - Sync 1 DAGs
[2026-03-15T00:57:07.551+0000] {logging_mixin.py:149} INFO - [2026-03-15T00:57:07.551+0000] {dag.py:3490} INFO - Setting next_dagrun for dag_restart_data to None, run_after=None
[2026-03-15T00:57:07.596+0000] {processor.py:178} INFO - Processing /opt/airflow/dags/dag_restart_data.py took 0.097 seconds
[2026-03-15T00:57:38.001+0000] {processor.py:156} INFO - Started process (PID=5855) to work on /opt/airflow/dags/dag_restart_data.py
[2026-03-15T00:57:38.003+0000] {processor.py:799} INFO - Processing file /opt/airflow/dags/dag_restart_data.py for tasks to queue
[2026-03-15T00:57:38.003+0000] {logging_mixin.py:149} INFO - [2026-03-15T00:57:38.003+0000] {dagbag.py:541} INFO - Filling up the DagBag from /opt/airflow/dags/dag_restart_data.py
[2026-03-15T00:57:38.016+0000] {processor.py:809} INFO - DAG(s) dict_keys(['dag_restart_data']) retrieved from /opt/airflow/dags/dag_restart_data.py
[2026-03-15T00:57:38.038+0000] {logging_mixin.py:149} INFO - [2026-03-15T00:57:38.038+0000] {dag.py:2726} INFO - Sync 1 DAGs
[2026-03-15T00:57:38.052+0000] {logging_mixin.py:149} INFO - [2026-03-15T00:57:38.052+0000] {dag.py:3490} INFO - Setting next_dagrun for dag_restart_data to None, run_after=None
[2026-03-15T00:57:38.064+0000] {processor.py:178} INFO - Processing /opt/airflow/dags/dag_restart_data.py took 0.067 seconds
[2026-03-15T00:58:08.355+0000] {processor.py:156} INFO - Started process (PID=5887) to work on /opt/airflow/dags/dag_restart_data.py
[2026-03-15T00:58:08.355+0000] {processor.py:799} INFO - Processing file /opt/airflow/dags/dag_restart_data.py for tasks to queue
[2026-03-15T00:58:08.356+0000] {logging_mixin.py:149} INFO - [2026-03-15T00:58:08.356+0000] {dagbag.py:541} INFO - Filling up the DagBag from /opt/airflow/dags/dag_restart_data.py
[2026-03-15T00:58:08.361+0000] {processor.py:809} INFO - DAG(s) dict_keys(['dag_restart_data']) retrieved from /opt/airflow/dags/dag_restart_data.py
[2026-03-15T00:58:08.383+0000] {logging_mixin.py:149} INFO - [2026-03-15T00:58:08.383+0000] {dag.py:2726} INFO - Sync 1 DAGs
[2026-03-15T00:58:08.396+0000] {logging_mixin.py:149} INFO - [2026-03-15T00:58:08.396+0000] {dag.py:3490} INFO - Setting next_dagrun for dag_restart_data to None, run_after=None
[2026-03-15T00:58:08.406+0000] {processor.py:178} INFO - Processing /opt/airflow/dags/dag_restart_data.py took 0.054 seconds
[2026-03-15T00:58:38.790+0000] {processor.py:156} INFO - Started process (PID=5922) to work on /opt/airflow/dags/dag_restart_data.py
[2026-03-15T00:58:38.792+0000] {processor.py:799} INFO - Processing file /opt/airflow/dags/dag_restart_data.py for tasks to queue
[2026-03-15T00:58:38.793+0000] {logging_mixin.py:149} INFO - [2026-03-15T00:58:38.792+0000] {dagbag.py:541} INFO - Filling up the DagBag from /opt/airflow/dags/dag_restart_data.py
[2026-03-15T00:58:38.801+0000] {processor.py:809} INFO - DAG(s) dict_keys(['dag_restart_data']) retrieved from /opt/airflow/dags/dag_restart_data.py
[2026-03-15T00:58:38.827+0000] {logging_mixin.py:149} INFO - [2026-03-15T00:58:38.827+0000] {dag.py:2726} INFO - Sync 1 DAGs
[2026-03-15T00:58:38.837+0000] {logging_mixin.py:149} INFO - [2026-03-15T00:58:38.837+0000] {dag.py:3490} INFO - Setting next_dagrun for dag_restart_data to None, run_after=None
[2026-03-15T00:58:38.847+0000] {processor.py:178} INFO - Processing /opt/airflow/dags/dag_restart_data.py took 0.060 seconds
[2026-03-15T00:59:09.221+0000] {processor.py:156} INFO - Started process (PID=5954) to work on /opt/airflow/dags/dag_restart_data.py
[2026-03-15T00:59:09.221+0000] {processor.py:799} INFO - Processing file /opt/airflow/dags/dag_restart_data.py for tasks to queue
[2026-03-15T00:59:09.223+0000] {logging_mixin.py:149} INFO - [2026-03-15T00:59:09.223+0000] {dagbag.py:541} INFO - Filling up the DagBag from /opt/airflow/dags/dag_restart_data.py
[2026-03-15T00:59:09.229+0000] {processor.py:809} INFO - DAG(s) dict_keys(['dag_restart_data']) retrieved from /opt/airflow/dags/dag_restart_data.py
[2026-03-15T00:59:09.248+0000] {logging_mixin.py:149} INFO - [2026-03-15T00:59:09.248+0000] {dag.py:2726} INFO - Sync 1 DAGs
[2026-03-15T00:59:09.259+0000] {logging_mixin.py:149} INFO - [2026-03-15T00:59:09.259+0000] {dag.py:3490} INFO - Setting next_dagrun for dag_restart_data to None, run_after=None
[2026-03-15T00:59:09.268+0000] {processor.py:178} INFO - Processing /opt/airflow/dags/dag_restart_data.py took 0.050 seconds
[2026-03-15T00:59:39.691+0000] {processor.py:156} INFO - Started process (PID=5986) to work on /opt/airflow/dags/dag_restart_data.py
[2026-03-15T00:59:39.692+0000] {processor.py:799} INFO - Processing file /opt/airflow/dags/dag_restart_data.py for tasks to queue
[2026-03-15T00:59:39.694+0000] {logging_mixin.py:149} INFO - [2026-03-15T00:59:39.694+0000] {dagbag.py:541} INFO - Filling up the DagBag from /opt/airflow/dags/dag_restart_data.py
[2026-03-15T00:59:39.703+0000] {processor.py:809} INFO - DAG(s) dict_keys(['dag_restart_data']) retrieved from /opt/airflow/dags/dag_restart_data.py
[2026-03-15T00:59:39.735+0000] {logging_mixin.py:149} INFO - [2026-03-15T00:59:39.735+0000] {dag.py:2726} INFO - Sync 1 DAGs
[2026-03-15T00:59:39.763+0000] {logging_mixin.py:149} INFO - [2026-03-15T00:59:39.763+0000] {dag.py:3490} INFO - Setting next_dagrun for dag_restart_data to None, run_after=None
[2026-03-15T00:59:39.783+0000] {processor.py:178} INFO - Processing /opt/airflow/dags/dag_restart_data.py took 0.094 seconds
[2026-03-15T01:19:49.855+0000] {processor.py:156} INFO - Started process (PID=6018) to work on /opt/airflow/dags/dag_restart_data.py
[2026-03-15T01:19:49.855+0000] {processor.py:799} INFO - Processing file /opt/airflow/dags/dag_restart_data.py for tasks to queue
[2026-03-15T01:19:49.856+0000] {logging_mixin.py:149} INFO - [2026-03-15T01:19:49.856+0000] {dagbag.py:541} INFO - Filling up the DagBag from /opt/airflow/dags/dag_restart_data.py
[2026-03-15T01:19:49.864+0000] {processor.py:809} INFO - DAG(s) dict_keys(['dag_restart_data']) retrieved from /opt/airflow/dags/dag_restart_data.py
[2026-03-15T01:19:49.889+0000] {logging_mixin.py:149} INFO - [2026-03-15T01:19:49.889+0000] {dag.py:2726} INFO - Sync 1 DAGs
[2026-03-15T01:19:49.916+0000] {logging_mixin.py:149} INFO - [2026-03-15T01:19:49.916+0000] {dag.py:3490} INFO - Setting next_dagrun for dag_restart_data to None, run_after=None
[2026-03-15T01:19:49.930+0000] {processor.py:178} INFO - Processing /opt/airflow/dags/dag_restart_data.py took 0.077 seconds
[2026-03-15T01:35:26.126+0000] {processor.py:156} INFO - Started process (PID=6050) to work on /opt/airflow/dags/dag_restart_data.py
[2026-03-15T01:35:26.127+0000] {processor.py:799} INFO - Processing file /opt/airflow/dags/dag_restart_data.py for tasks to queue
[2026-03-15T01:35:26.127+0000] {logging_mixin.py:149} INFO - [2026-03-15T01:35:26.127+0000] {dagbag.py:541} INFO - Filling up the DagBag from /opt/airflow/dags/dag_restart_data.py
[2026-03-15T01:35:26.135+0000] {processor.py:809} INFO - DAG(s) dict_keys(['dag_restart_data']) retrieved from /opt/airflow/dags/dag_restart_data.py
[2026-03-15T01:35:26.158+0000] {logging_mixin.py:149} INFO - [2026-03-15T01:35:26.158+0000] {dag.py:2726} INFO - Sync 1 DAGs
[2026-03-15T01:35:26.174+0000] {logging_mixin.py:149} INFO - [2026-03-15T01:35:26.174+0000] {dag.py:3490} INFO - Setting next_dagrun for dag_restart_data to None, run_after=None
[2026-03-15T01:35:26.193+0000] {processor.py:178} INFO - Processing /opt/airflow/dags/dag_restart_data.py took 0.068 seconds
[2026-03-15T01:53:31.200+0000] {processor.py:156} INFO - Started process (PID=6081) to work on /opt/airflow/dags/dag_restart_data.py
[2026-03-15T01:53:31.201+0000] {processor.py:799} INFO - Processing file /opt/airflow/dags/dag_restart_data.py for tasks to queue
[2026-03-15T01:53:31.202+0000] {logging_mixin.py:149} INFO - [2026-03-15T01:53:31.202+0000] {dagbag.py:541} INFO - Filling up the DagBag from /opt/airflow/dags/dag_restart_data.py
[2026-03-15T01:53:31.211+0000] {processor.py:809} INFO - DAG(s) dict_keys(['dag_restart_data']) retrieved from /opt/airflow/dags/dag_restart_data.py
[2026-03-15T01:53:31.255+0000] {logging_mixin.py:149} INFO - [2026-03-15T01:53:31.255+0000] {dag.py:2726} INFO - Sync 1 DAGs
[2026-03-15T01:53:31.290+0000] {logging_mixin.py:149} INFO - [2026-03-15T01:53:31.290+0000] {dag.py:3490} INFO - Setting next_dagrun for dag_restart_data to None, run_after=None
[2026-03-15T01:53:31.309+0000] {processor.py:178} INFO - Processing /opt/airflow/dags/dag_restart_data.py took 0.111 seconds
[2026-03-15T02:37:28.332+0000] {processor.py:156} INFO - Started process (PID=6114) to work on /opt/airflow/dags/dag_restart_data.py
[2026-03-15T02:37:28.335+0000] {processor.py:799} INFO - Processing file /opt/airflow/dags/dag_restart_data.py for tasks to queue
[2026-03-15T02:37:28.337+0000] {logging_mixin.py:149} INFO - [2026-03-15T02:37:28.337+0000] {dagbag.py:541} INFO - Filling up the DagBag from /opt/airflow/dags/dag_restart_data.py
[2026-03-15T02:37:28.376+0000] {processor.py:809} INFO - DAG(s) dict_keys(['dag_restart_data']) retrieved from /opt/airflow/dags/dag_restart_data.py
[2026-03-15T02:37:28.456+0000] {logging_mixin.py:149} INFO - [2026-03-15T02:37:28.456+0000] {dag.py:2726} INFO - Sync 1 DAGs
[2026-03-15T02:37:28.519+0000] {logging_mixin.py:149} INFO - [2026-03-15T02:37:28.518+0000] {dag.py:3490} INFO - Setting next_dagrun for dag_restart_data to None, run_after=None
[2026-03-15T02:37:28.563+0000] {processor.py:178} INFO - Processing /opt/airflow/dags/dag_restart_data.py took 0.239 seconds
[2026-03-15T02:37:58.910+0000] {processor.py:156} INFO - Started process (PID=6144) to work on /opt/airflow/dags/dag_restart_data.py
[2026-03-15T02:37:58.911+0000] {processor.py:799} INFO - Processing file /opt/airflow/dags/dag_restart_data.py for tasks to queue
[2026-03-15T02:37:58.911+0000] {logging_mixin.py:149} INFO - [2026-03-15T02:37:58.911+0000] {dagbag.py:541} INFO - Filling up the DagBag from /opt/airflow/dags/dag_restart_data.py
[2026-03-15T02:37:58.920+0000] {processor.py:809} INFO - DAG(s) dict_keys(['dag_restart_data']) retrieved from /opt/airflow/dags/dag_restart_data.py
[2026-03-15T02:37:58.942+0000] {logging_mixin.py:149} INFO - [2026-03-15T02:37:58.941+0000] {dag.py:2726} INFO - Sync 1 DAGs
[2026-03-15T02:37:58.953+0000] {logging_mixin.py:149} INFO - [2026-03-15T02:37:58.953+0000] {dag.py:3490} INFO - Setting next_dagrun for dag_restart_data to None, run_after=None
[2026-03-15T02:37:58.961+0000] {processor.py:178} INFO - Processing /opt/airflow/dags/dag_restart_data.py took 0.055 seconds
[2026-03-15T02:38:29.361+0000] {processor.py:156} INFO - Started process (PID=6176) to work on /opt/airflow/dags/dag_restart_data.py
[2026-03-15T02:38:29.362+0000] {processor.py:799} INFO - Processing file /opt/airflow/dags/dag_restart_data.py for tasks to queue
[2026-03-15T02:38:29.362+0000] {logging_mixin.py:149} INFO - [2026-03-15T02:38:29.362+0000] {dagbag.py:541} INFO - Filling up the DagBag from /opt/airflow/dags/dag_restart_data.py
[2026-03-15T02:38:29.369+0000] {processor.py:809} INFO - DAG(s) dict_keys(['dag_restart_data']) retrieved from /opt/airflow/dags/dag_restart_data.py
[2026-03-15T02:38:29.391+0000] {logging_mixin.py:149} INFO - [2026-03-15T02:38:29.391+0000] {dag.py:2726} INFO - Sync 1 DAGs
[2026-03-15T02:38:29.403+0000] {logging_mixin.py:149} INFO - [2026-03-15T02:38:29.403+0000] {dag.py:3490} INFO - Setting next_dagrun for dag_restart_data to None, run_after=None
[2026-03-15T02:38:29.412+0000] {processor.py:178} INFO - Processing /opt/airflow/dags/dag_restart_data.py took 0.055 seconds
[2026-03-15T02:38:59.758+0000] {processor.py:156} INFO - Started process (PID=6208) to work on /opt/airflow/dags/dag_restart_data.py
[2026-03-15T02:38:59.759+0000] {processor.py:799} INFO - Processing file /opt/airflow/dags/dag_restart_data.py for tasks to queue
[2026-03-15T02:38:59.760+0000] {logging_mixin.py:149} INFO - [2026-03-15T02:38:59.760+0000] {dagbag.py:541} INFO - Filling up the DagBag from /opt/airflow/dags/dag_restart_data.py
[2026-03-15T02:38:59.772+0000] {processor.py:809} INFO - DAG(s) dict_keys(['dag_restart_data']) retrieved from /opt/airflow/dags/dag_restart_data.py
[2026-03-15T02:38:59.793+0000] {logging_mixin.py:149} INFO - [2026-03-15T02:38:59.793+0000] {dag.py:2726} INFO - Sync 1 DAGs
[2026-03-15T02:38:59.804+0000] {logging_mixin.py:149} INFO - [2026-03-15T02:38:59.804+0000] {dag.py:3490} INFO - Setting next_dagrun for dag_restart_data to None, run_after=None
[2026-03-15T02:38:59.816+0000] {processor.py:178} INFO - Processing /opt/airflow/dags/dag_restart_data.py took 0.061 seconds
[2026-03-15T02:39:30.172+0000] {processor.py:156} INFO - Started process (PID=6240) to work on /opt/airflow/dags/dag_restart_data.py
[2026-03-15T02:39:30.173+0000] {processor.py:799} INFO - Processing file /opt/airflow/dags/dag_restart_data.py for tasks to queue
[2026-03-15T02:39:30.173+0000] {logging_mixin.py:149} INFO - [2026-03-15T02:39:30.173+0000] {dagbag.py:541} INFO - Filling up the DagBag from /opt/airflow/dags/dag_restart_data.py
[2026-03-15T02:39:30.182+0000] {processor.py:809} INFO - DAG(s) dict_keys(['dag_restart_data']) retrieved from /opt/airflow/dags/dag_restart_data.py
[2026-03-15T02:39:30.204+0000] {logging_mixin.py:149} INFO - [2026-03-15T02:39:30.204+0000] {dag.py:2726} INFO - Sync 1 DAGs
[2026-03-15T02:39:30.220+0000] {logging_mixin.py:149} INFO - [2026-03-15T02:39:30.220+0000] {dag.py:3490} INFO - Setting next_dagrun for dag_restart_data to None, run_after=None
[2026-03-15T02:39:30.231+0000] {processor.py:178} INFO - Processing /opt/airflow/dags/dag_restart_data.py took 0.062 seconds
[2026-03-15T02:40:00.541+0000] {processor.py:156} INFO - Started process (PID=6272) to work on /opt/airflow/dags/dag_restart_data.py
[2026-03-15T02:40:00.542+0000] {processor.py:799} INFO - Processing file /opt/airflow/dags/dag_restart_data.py for tasks to queue
[2026-03-15T02:40:00.542+0000] {logging_mixin.py:149} INFO - [2026-03-15T02:40:00.542+0000] {dagbag.py:541} INFO - Filling up the DagBag from /opt/airflow/dags/dag_restart_data.py
[2026-03-15T02:40:00.549+0000] {processor.py:809} INFO - DAG(s) dict_keys(['dag_restart_data']) retrieved from /opt/airflow/dags/dag_restart_data.py
[2026-03-15T02:40:00.576+0000] {logging_mixin.py:149} INFO - [2026-03-15T02:40:00.576+0000] {dag.py:2726} INFO - Sync 1 DAGs
[2026-03-15T02:40:00.588+0000] {logging_mixin.py:149} INFO - [2026-03-15T02:40:00.588+0000] {dag.py:3490} INFO - Setting next_dagrun for dag_restart_data to None, run_after=None
[2026-03-15T02:40:00.599+0000] {processor.py:178} INFO - Processing /opt/airflow/dags/dag_restart_data.py took 0.063 seconds
[2026-03-15T02:56:25.296+0000] {processor.py:156} INFO - Started process (PID=6307) to work on /opt/airflow/dags/dag_restart_data.py
[2026-03-15T02:56:25.298+0000] {processor.py:799} INFO - Processing file /opt/airflow/dags/dag_restart_data.py for tasks to queue
[2026-03-15T02:56:25.298+0000] {logging_mixin.py:149} INFO - [2026-03-15T02:56:25.298+0000] {dagbag.py:541} INFO - Filling up the DagBag from /opt/airflow/dags/dag_restart_data.py
[2026-03-15T02:56:25.305+0000] {processor.py:809} INFO - DAG(s) dict_keys(['dag_restart_data']) retrieved from /opt/airflow/dags/dag_restart_data.py
[2026-03-15T02:56:25.329+0000] {logging_mixin.py:149} INFO - [2026-03-15T02:56:25.329+0000] {dag.py:2726} INFO - Sync 1 DAGs
[2026-03-15T02:56:25.351+0000] {logging_mixin.py:149} INFO - [2026-03-15T02:56:25.351+0000] {dag.py:3490} INFO - Setting next_dagrun for dag_restart_data to None, run_after=None
[2026-03-15T02:56:25.363+0000] {processor.py:178} INFO - Processing /opt/airflow/dags/dag_restart_data.py took 0.068 seconds
[2026-03-15T03:14:21.286+0000] {processor.py:156} INFO - Started process (PID=6340) to work on /opt/airflow/dags/dag_restart_data.py
[2026-03-15T03:14:21.287+0000] {processor.py:799} INFO - Processing file /opt/airflow/dags/dag_restart_data.py for tasks to queue
[2026-03-15T03:14:21.289+0000] {logging_mixin.py:149} INFO - [2026-03-15T03:14:21.289+0000] {dagbag.py:541} INFO - Filling up the DagBag from /opt/airflow/dags/dag_restart_data.py
[2026-03-15T03:14:21.299+0000] {processor.py:809} INFO - DAG(s) dict_keys(['dag_restart_data']) retrieved from /opt/airflow/dags/dag_restart_data.py
[2026-03-15T03:14:21.323+0000] {logging_mixin.py:149} INFO - [2026-03-15T03:14:21.323+0000] {dag.py:2726} INFO - Sync 1 DAGs
[2026-03-15T03:14:21.362+0000] {logging_mixin.py:149} INFO - [2026-03-15T03:14:21.362+0000] {dag.py:3490} INFO - Setting next_dagrun for dag_restart_data to None, run_after=None
[2026-03-15T03:14:21.380+0000] {processor.py:178} INFO - Processing /opt/airflow/dags/dag_restart_data.py took 0.097 seconds
[2026-03-15T03:21:42.683+0000] {processor.py:156} INFO - Started process (PID=6372) to work on /opt/airflow/dags/dag_restart_data.py
[2026-03-15T03:21:42.684+0000] {processor.py:799} INFO - Processing file /opt/airflow/dags/dag_restart_data.py for tasks to queue
[2026-03-15T03:21:42.684+0000] {logging_mixin.py:149} INFO - [2026-03-15T03:21:42.684+0000] {dagbag.py:541} INFO - Filling up the DagBag from /opt/airflow/dags/dag_restart_data.py
[2026-03-15T03:21:42.693+0000] {processor.py:809} INFO - DAG(s) dict_keys(['dag_restart_data']) retrieved from /opt/airflow/dags/dag_restart_data.py
[2026-03-15T03:21:42.726+0000] {logging_mixin.py:149} INFO - [2026-03-15T03:21:42.726+0000] {dag.py:2726} INFO - Sync 1 DAGs
[2026-03-15T03:21:42.823+0000] {logging_mixin.py:149} INFO - [2026-03-15T03:21:42.823+0000] {dag.py:3490} INFO - Setting next_dagrun for dag_restart_data to None, run_after=None
[2026-03-15T03:21:42.835+0000] {processor.py:178} INFO - Processing /opt/airflow/dags/dag_restart_data.py took 0.154 seconds
[2026-03-15T03:22:13.143+0000] {processor.py:156} INFO - Started process (PID=6404) to work on /opt/airflow/dags/dag_restart_data.py
[2026-03-15T03:22:13.144+0000] {processor.py:799} INFO - Processing file /opt/airflow/dags/dag_restart_data.py for tasks to queue
[2026-03-15T03:22:13.145+0000] {logging_mixin.py:149} INFO - [2026-03-15T03:22:13.145+0000] {dagbag.py:541} INFO - Filling up the DagBag from /opt/airflow/dags/dag_restart_data.py
[2026-03-15T03:22:13.153+0000] {processor.py:809} INFO - DAG(s) dict_keys(['dag_restart_data']) retrieved from /opt/airflow/dags/dag_restart_data.py
[2026-03-15T03:22:13.174+0000] {logging_mixin.py:149} INFO - [2026-03-15T03:22:13.174+0000] {dag.py:2726} INFO - Sync 1 DAGs
[2026-03-15T03:22:13.192+0000] {logging_mixin.py:149} INFO - [2026-03-15T03:22:13.192+0000] {dag.py:3490} INFO - Setting next_dagrun for dag_restart_data to None, run_after=None
[2026-03-15T03:22:13.204+0000] {processor.py:178} INFO - Processing /opt/airflow/dags/dag_restart_data.py took 0.063 seconds
[2026-03-15T03:24:35.711+0000] {processor.py:156} INFO - Started process (PID=6436) to work on /opt/airflow/dags/dag_restart_data.py
[2026-03-15T03:24:35.712+0000] {processor.py:799} INFO - Processing file /opt/airflow/dags/dag_restart_data.py for tasks to queue
[2026-03-15T03:24:35.713+0000] {logging_mixin.py:149} INFO - [2026-03-15T03:24:35.713+0000] {dagbag.py:541} INFO - Filling up the DagBag from /opt/airflow/dags/dag_restart_data.py
[2026-03-15T03:24:35.724+0000] {processor.py:809} INFO - DAG(s) dict_keys(['dag_restart_data']) retrieved from /opt/airflow/dags/dag_restart_data.py
[2026-03-15T03:24:35.817+0000] {logging_mixin.py:149} INFO - [2026-03-15T03:24:35.817+0000] {dag.py:2726} INFO - Sync 1 DAGs
[2026-03-15T03:24:35.825+0000] {logging_mixin.py:149} INFO - [2026-03-15T03:24:35.825+0000] {dag.py:3490} INFO - Setting next_dagrun for dag_restart_data to None, run_after=None
[2026-03-15T03:24:35.830+0000] {processor.py:178} INFO - Processing /opt/airflow/dags/dag_restart_data.py took 0.122 seconds
[2026-03-15T03:40:44.188+0000] {processor.py:156} INFO - Started process (PID=6470) to work on /opt/airflow/dags/dag_restart_data.py
[2026-03-15T03:40:44.189+0000] {processor.py:799} INFO - Processing file /opt/airflow/dags/dag_restart_data.py for tasks to queue
[2026-03-15T03:40:44.189+0000] {logging_mixin.py:149} INFO - [2026-03-15T03:40:44.189+0000] {dagbag.py:541} INFO - Filling up the DagBag from /opt/airflow/dags/dag_restart_data.py
[2026-03-15T03:40:44.198+0000] {processor.py:809} INFO - DAG(s) dict_keys(['dag_restart_data']) retrieved from /opt/airflow/dags/dag_restart_data.py
[2026-03-15T03:40:44.242+0000] {logging_mixin.py:149} INFO - [2026-03-15T03:40:44.242+0000] {dag.py:2726} INFO - Sync 1 DAGs
[2026-03-15T03:40:44.367+0000] {logging_mixin.py:149} INFO - [2026-03-15T03:40:44.367+0000] {dag.py:3490} INFO - Setting next_dagrun for dag_restart_data to None, run_after=None
[2026-03-15T03:40:44.384+0000] {processor.py:178} INFO - Processing /opt/airflow/dags/dag_restart_data.py took 0.198 seconds
[2026-03-15T04:22:53.082+0000] {processor.py:156} INFO - Started process (PID=6502) to work on /opt/airflow/dags/dag_restart_data.py
[2026-03-15T04:22:53.083+0000] {processor.py:799} INFO - Processing file /opt/airflow/dags/dag_restart_data.py for tasks to queue
[2026-03-15T04:22:53.084+0000] {logging_mixin.py:149} INFO - [2026-03-15T04:22:53.084+0000] {dagbag.py:541} INFO - Filling up the DagBag from /opt/airflow/dags/dag_restart_data.py
[2026-03-15T04:22:53.093+0000] {processor.py:809} INFO - DAG(s) dict_keys(['dag_restart_data']) retrieved from /opt/airflow/dags/dag_restart_data.py
[2026-03-15T04:22:53.134+0000] {logging_mixin.py:149} INFO - [2026-03-15T04:22:53.134+0000] {dag.py:2726} INFO - Sync 1 DAGs
[2026-03-15T04:22:53.161+0000] {logging_mixin.py:149} INFO - [2026-03-15T04:22:53.161+0000] {dag.py:3490} INFO - Setting next_dagrun for dag_restart_data to None, run_after=None
[2026-03-15T04:22:53.181+0000] {processor.py:178} INFO - Processing /opt/airflow/dags/dag_restart_data.py took 0.100 seconds
[2026-03-15T04:23:23.567+0000] {processor.py:156} INFO - Started process (PID=6534) to work on /opt/airflow/dags/dag_restart_data.py
[2026-03-15T04:23:23.568+0000] {processor.py:799} INFO - Processing file /opt/airflow/dags/dag_restart_data.py for tasks to queue
[2026-03-15T04:23:23.569+0000] {logging_mixin.py:149} INFO - [2026-03-15T04:23:23.568+0000] {dagbag.py:541} INFO - Filling up the DagBag from /opt/airflow/dags/dag_restart_data.py
[2026-03-15T04:23:23.576+0000] {processor.py:809} INFO - DAG(s) dict_keys(['dag_restart_data']) retrieved from /opt/airflow/dags/dag_restart_data.py
[2026-03-15T04:23:23.597+0000] {logging_mixin.py:149} INFO - [2026-03-15T04:23:23.597+0000] {dag.py:2726} INFO - Sync 1 DAGs
[2026-03-15T04:23:23.618+0000] {logging_mixin.py:149} INFO - [2026-03-15T04:23:23.618+0000] {dag.py:3490} INFO - Setting next_dagrun for dag_restart_data to None, run_after=None
[2026-03-15T04:23:23.650+0000] {processor.py:178} INFO - Processing /opt/airflow/dags/dag_restart_data.py took 0.089 seconds
[2026-03-15T04:39:33.517+0000] {processor.py:156} INFO - Started process (PID=6568) to work on /opt/airflow/dags/dag_restart_data.py
[2026-03-15T04:39:33.524+0000] {processor.py:799} INFO - Processing file /opt/airflow/dags/dag_restart_data.py for tasks to queue
[2026-03-15T04:39:33.528+0000] {logging_mixin.py:149} INFO - [2026-03-15T04:39:33.528+0000] {dagbag.py:541} INFO - Filling up the DagBag from /opt/airflow/dags/dag_restart_data.py
[2026-03-15T04:39:33.560+0000] {processor.py:809} INFO - DAG(s) dict_keys(['dag_restart_data']) retrieved from /opt/airflow/dags/dag_restart_data.py
[2026-03-15T04:39:33.814+0000] {logging_mixin.py:149} INFO - [2026-03-15T04:39:33.814+0000] {dag.py:2726} INFO - Sync 1 DAGs
[2026-03-15T04:39:34.179+0000] {logging_mixin.py:149} INFO - [2026-03-15T04:39:34.179+0000] {dag.py:3490} INFO - Setting next_dagrun for dag_restart_data to None, run_after=None
[2026-03-15T04:39:34.563+0000] {processor.py:178} INFO - Processing /opt/airflow/dags/dag_restart_data.py took 1.069 seconds
[2026-03-15T05:23:44.315+0000] {processor.py:156} INFO - Started process (PID=6602) to work on /opt/airflow/dags/dag_restart_data.py
[2026-03-15T05:23:44.319+0000] {processor.py:799} INFO - Processing file /opt/airflow/dags/dag_restart_data.py for tasks to queue
[2026-03-15T05:23:44.324+0000] {logging_mixin.py:149} INFO - [2026-03-15T05:23:44.323+0000] {dagbag.py:541} INFO - Filling up the DagBag from /opt/airflow/dags/dag_restart_data.py
[2026-03-15T05:23:44.348+0000] {processor.py:809} INFO - DAG(s) dict_keys(['dag_restart_data']) retrieved from /opt/airflow/dags/dag_restart_data.py
[2026-03-15T05:23:44.429+0000] {logging_mixin.py:149} INFO - [2026-03-15T05:23:44.429+0000] {dag.py:2726} INFO - Sync 1 DAGs
[2026-03-15T05:23:44.485+0000] {logging_mixin.py:149} INFO - [2026-03-15T05:23:44.485+0000] {dag.py:3490} INFO - Setting next_dagrun for dag_restart_data to None, run_after=None
[2026-03-15T05:23:44.524+0000] {processor.py:178} INFO - Processing /opt/airflow/dags/dag_restart_data.py took 0.216 seconds
[2026-03-15T05:24:14.967+0000] {processor.py:156} INFO - Started process (PID=6631) to work on /opt/airflow/dags/dag_restart_data.py
[2026-03-15T05:24:14.968+0000] {processor.py:799} INFO - Processing file /opt/airflow/dags/dag_restart_data.py for tasks to queue
[2026-03-15T05:24:14.968+0000] {logging_mixin.py:149} INFO - [2026-03-15T05:24:14.968+0000] {dagbag.py:541} INFO - Filling up the DagBag from /opt/airflow/dags/dag_restart_data.py
[2026-03-15T05:24:14.974+0000] {processor.py:809} INFO - DAG(s) dict_keys(['dag_restart_data']) retrieved from /opt/airflow/dags/dag_restart_data.py
[2026-03-15T05:24:14.988+0000] {logging_mixin.py:149} INFO - [2026-03-15T05:24:14.988+0000] {dag.py:2726} INFO - Sync 1 DAGs
[2026-03-15T05:24:15.001+0000] {logging_mixin.py:149} INFO - [2026-03-15T05:24:15.001+0000] {dag.py:3490} INFO - Setting next_dagrun for dag_restart_data to None, run_after=None
[2026-03-15T05:24:15.010+0000] {processor.py:178} INFO - Processing /opt/airflow/dags/dag_restart_data.py took 0.044 seconds
[2026-03-15T05:24:45.343+0000] {processor.py:156} INFO - Started process (PID=6663) to work on /opt/airflow/dags/dag_restart_data.py
[2026-03-15T05:24:45.344+0000] {processor.py:799} INFO - Processing file /opt/airflow/dags/dag_restart_data.py for tasks to queue
[2026-03-15T05:24:45.345+0000] {logging_mixin.py:149} INFO - [2026-03-15T05:24:45.345+0000] {dagbag.py:541} INFO - Filling up the DagBag from /opt/airflow/dags/dag_restart_data.py
[2026-03-15T05:24:45.354+0000] {processor.py:809} INFO - DAG(s) dict_keys(['dag_restart_data']) retrieved from /opt/airflow/dags/dag_restart_data.py
[2026-03-15T05:24:45.375+0000] {logging_mixin.py:149} INFO - [2026-03-15T05:24:45.375+0000] {dag.py:2726} INFO - Sync 1 DAGs
[2026-03-15T05:24:45.392+0000] {logging_mixin.py:149} INFO - [2026-03-15T05:24:45.392+0000] {dag.py:3490} INFO - Setting next_dagrun for dag_restart_data to None, run_after=None
[2026-03-15T05:24:45.403+0000] {processor.py:178} INFO - Processing /opt/airflow/dags/dag_restart_data.py took 0.063 seconds
[2026-03-15T05:25:15.750+0000] {processor.py:156} INFO - Started process (PID=6695) to work on /opt/airflow/dags/dag_restart_data.py
[2026-03-15T05:25:15.751+0000] {processor.py:799} INFO - Processing file /opt/airflow/dags/dag_restart_data.py for tasks to queue
[2026-03-15T05:25:15.752+0000] {logging_mixin.py:149} INFO - [2026-03-15T05:25:15.751+0000] {dagbag.py:541} INFO - Filling up the DagBag from /opt/airflow/dags/dag_restart_data.py
[2026-03-15T05:25:15.758+0000] {processor.py:809} INFO - DAG(s) dict_keys(['dag_restart_data']) retrieved from /opt/airflow/dags/dag_restart_data.py
[2026-03-15T05:25:15.785+0000] {logging_mixin.py:149} INFO - [2026-03-15T05:25:15.785+0000] {dag.py:2726} INFO - Sync 1 DAGs
[2026-03-15T05:25:15.799+0000] {logging_mixin.py:149} INFO - [2026-03-15T05:25:15.799+0000] {dag.py:3490} INFO - Setting next_dagrun for dag_restart_data to None, run_after=None
[2026-03-15T05:25:15.810+0000] {processor.py:178} INFO - Processing /opt/airflow/dags/dag_restart_data.py took 0.065 seconds
[2026-03-15T05:25:46.204+0000] {processor.py:156} INFO - Started process (PID=6727) to work on /opt/airflow/dags/dag_restart_data.py
[2026-03-15T05:25:46.205+0000] {processor.py:799} INFO - Processing file /opt/airflow/dags/dag_restart_data.py for tasks to queue
[2026-03-15T05:25:46.205+0000] {logging_mixin.py:149} INFO - [2026-03-15T05:25:46.205+0000] {dagbag.py:541} INFO - Filling up the DagBag from /opt/airflow/dags/dag_restart_data.py
[2026-03-15T05:25:46.214+0000] {processor.py:809} INFO - DAG(s) dict_keys(['dag_restart_data']) retrieved from /opt/airflow/dags/dag_restart_data.py
[2026-03-15T05:25:46.236+0000] {logging_mixin.py:149} INFO - [2026-03-15T05:25:46.236+0000] {dag.py:2726} INFO - Sync 1 DAGs
[2026-03-15T05:25:46.253+0000] {logging_mixin.py:149} INFO - [2026-03-15T05:25:46.253+0000] {dag.py:3490} INFO - Setting next_dagrun for dag_restart_data to None, run_after=None
[2026-03-15T05:25:46.265+0000] {processor.py:178} INFO - Processing /opt/airflow/dags/dag_restart_data.py took 0.064 seconds
[2026-03-15T05:26:16.621+0000] {processor.py:156} INFO - Started process (PID=6759) to work on /opt/airflow/dags/dag_restart_data.py
[2026-03-15T05:26:16.622+0000] {processor.py:799} INFO - Processing file /opt/airflow/dags/dag_restart_data.py for tasks to queue
[2026-03-15T05:26:16.623+0000] {logging_mixin.py:149} INFO - [2026-03-15T05:26:16.623+0000] {dagbag.py:541} INFO - Filling up the DagBag from /opt/airflow/dags/dag_restart_data.py
[2026-03-15T05:26:16.632+0000] {processor.py:809} INFO - DAG(s) dict_keys(['dag_restart_data']) retrieved from /opt/airflow/dags/dag_restart_data.py
[2026-03-15T05:26:16.656+0000] {logging_mixin.py:149} INFO - [2026-03-15T05:26:16.656+0000] {dag.py:2726} INFO - Sync 1 DAGs
[2026-03-15T05:26:16.675+0000] {logging_mixin.py:149} INFO - [2026-03-15T05:26:16.675+0000] {dag.py:3490} INFO - Setting next_dagrun for dag_restart_data to None, run_after=None
[2026-03-15T05:26:16.686+0000] {processor.py:178} INFO - Processing /opt/airflow/dags/dag_restart_data.py took 0.068 seconds
[2026-03-15T05:43:19.908+0000] {processor.py:156} INFO - Started process (PID=6794) to work on /opt/airflow/dags/dag_restart_data.py
[2026-03-15T05:43:19.909+0000] {processor.py:799} INFO - Processing file /opt/airflow/dags/dag_restart_data.py for tasks to queue
[2026-03-15T05:43:19.909+0000] {logging_mixin.py:149} INFO - [2026-03-15T05:43:19.909+0000] {dagbag.py:541} INFO - Filling up the DagBag from /opt/airflow/dags/dag_restart_data.py
[2026-03-15T05:43:19.914+0000] {processor.py:809} INFO - DAG(s) dict_keys(['dag_restart_data']) retrieved from /opt/airflow/dags/dag_restart_data.py
[2026-03-15T05:43:19.935+0000] {logging_mixin.py:149} INFO - [2026-03-15T05:43:19.935+0000] {dag.py:2726} INFO - Sync 1 DAGs
[2026-03-15T05:43:19.950+0000] {logging_mixin.py:149} INFO - [2026-03-15T05:43:19.950+0000] {dag.py:3490} INFO - Setting next_dagrun for dag_restart_data to None, run_after=None
[2026-03-15T05:43:19.960+0000] {processor.py:178} INFO - Processing /opt/airflow/dags/dag_restart_data.py took 0.054 seconds
[2026-03-15T06:22:20.726+0000] {processor.py:156} INFO - Started process (PID=6826) to work on /opt/airflow/dags/dag_restart_data.py
[2026-03-15T06:22:20.727+0000] {processor.py:799} INFO - Processing file /opt/airflow/dags/dag_restart_data.py for tasks to queue
[2026-03-15T06:22:20.727+0000] {logging_mixin.py:149} INFO - [2026-03-15T06:22:20.727+0000] {dagbag.py:541} INFO - Filling up the DagBag from /opt/airflow/dags/dag_restart_data.py
[2026-03-15T06:22:20.734+0000] {processor.py:809} INFO - DAG(s) dict_keys(['dag_restart_data']) retrieved from /opt/airflow/dags/dag_restart_data.py
[2026-03-15T06:22:20.755+0000] {logging_mixin.py:149} INFO - [2026-03-15T06:22:20.755+0000] {dag.py:2726} INFO - Sync 1 DAGs
[2026-03-15T06:22:20.786+0000] {logging_mixin.py:149} INFO - [2026-03-15T06:22:20.786+0000] {dag.py:3490} INFO - Setting next_dagrun for dag_restart_data to None, run_after=None
[2026-03-15T06:22:20.803+0000] {processor.py:178} INFO - Processing /opt/airflow/dags/dag_restart_data.py took 0.079 seconds
[2026-03-15T06:22:51.198+0000] {processor.py:156} INFO - Started process (PID=6858) to work on /opt/airflow/dags/dag_restart_data.py
[2026-03-15T06:22:51.200+0000] {processor.py:799} INFO - Processing file /opt/airflow/dags/dag_restart_data.py for tasks to queue
[2026-03-15T06:22:51.200+0000] {logging_mixin.py:149} INFO - [2026-03-15T06:22:51.200+0000] {dagbag.py:541} INFO - Filling up the DagBag from /opt/airflow/dags/dag_restart_data.py
[2026-03-15T06:22:51.208+0000] {processor.py:809} INFO - DAG(s) dict_keys(['dag_restart_data']) retrieved from /opt/airflow/dags/dag_restart_data.py
[2026-03-15T06:22:51.235+0000] {logging_mixin.py:149} INFO - [2026-03-15T06:22:51.235+0000] {dag.py:2726} INFO - Sync 1 DAGs
[2026-03-15T06:22:51.258+0000] {logging_mixin.py:149} INFO - [2026-03-15T06:22:51.258+0000] {dag.py:3490} INFO - Setting next_dagrun for dag_restart_data to None, run_after=None
[2026-03-15T06:22:51.269+0000] {processor.py:178} INFO - Processing /opt/airflow/dags/dag_restart_data.py took 0.074 seconds
[2026-03-15T06:55:29.956+0000] {processor.py:156} INFO - Started process (PID=6892) to work on /opt/airflow/dags/dag_restart_data.py
[2026-03-15T06:55:29.958+0000] {processor.py:799} INFO - Processing file /opt/airflow/dags/dag_restart_data.py for tasks to queue
[2026-03-15T06:55:29.961+0000] {logging_mixin.py:149} INFO - [2026-03-15T06:55:29.960+0000] {dagbag.py:541} INFO - Filling up the DagBag from /opt/airflow/dags/dag_restart_data.py
[2026-03-15T06:55:29.981+0000] {processor.py:809} INFO - DAG(s) dict_keys(['dag_restart_data']) retrieved from /opt/airflow/dags/dag_restart_data.py
[2026-03-15T06:55:30.032+0000] {logging_mixin.py:149} INFO - [2026-03-15T06:55:30.032+0000] {dag.py:2726} INFO - Sync 1 DAGs
[2026-03-15T06:55:30.059+0000] {logging_mixin.py:149} INFO - [2026-03-15T06:55:30.059+0000] {dag.py:3490} INFO - Setting next_dagrun for dag_restart_data to None, run_after=None
[2026-03-15T06:55:30.076+0000] {processor.py:178} INFO - Processing /opt/airflow/dags/dag_restart_data.py took 0.122 seconds
[2026-03-15T06:56:00.106+0000] {processor.py:156} INFO - Started process (PID=6921) to work on /opt/airflow/dags/dag_restart_data.py
[2026-03-15T06:56:00.107+0000] {processor.py:799} INFO - Processing file /opt/airflow/dags/dag_restart_data.py for tasks to queue
[2026-03-15T06:56:00.108+0000] {logging_mixin.py:149} INFO - [2026-03-15T06:56:00.108+0000] {dagbag.py:541} INFO - Filling up the DagBag from /opt/airflow/dags/dag_restart_data.py
[2026-03-15T06:56:00.115+0000] {processor.py:809} INFO - DAG(s) dict_keys(['dag_restart_data']) retrieved from /opt/airflow/dags/dag_restart_data.py
[2026-03-15T06:56:00.136+0000] {logging_mixin.py:149} INFO - [2026-03-15T06:56:00.136+0000] {dag.py:2726} INFO - Sync 1 DAGs
[2026-03-15T06:56:00.148+0000] {logging_mixin.py:149} INFO - [2026-03-15T06:56:00.148+0000] {dag.py:3490} INFO - Setting next_dagrun for dag_restart_data to None, run_after=None
[2026-03-15T06:56:00.156+0000] {processor.py:178} INFO - Processing /opt/airflow/dags/dag_restart_data.py took 0.054 seconds
[2026-03-15T07:31:58.196+0000] {processor.py:156} INFO - Started process (PID=6956) to work on /opt/airflow/dags/dag_restart_data.py
[2026-03-15T07:31:58.197+0000] {processor.py:799} INFO - Processing file /opt/airflow/dags/dag_restart_data.py for tasks to queue
[2026-03-15T07:31:58.197+0000] {logging_mixin.py:149} INFO - [2026-03-15T07:31:58.197+0000] {dagbag.py:541} INFO - Filling up the DagBag from /opt/airflow/dags/dag_restart_data.py
[2026-03-15T07:31:58.213+0000] {processor.py:809} INFO - DAG(s) dict_keys(['dag_restart_data']) retrieved from /opt/airflow/dags/dag_restart_data.py
[2026-03-15T07:31:58.252+0000] {logging_mixin.py:149} INFO - [2026-03-15T07:31:58.251+0000] {dag.py:2726} INFO - Sync 1 DAGs
[2026-03-15T07:31:58.279+0000] {logging_mixin.py:149} INFO - [2026-03-15T07:31:58.279+0000] {dag.py:3490} INFO - Setting next_dagrun for dag_restart_data to None, run_after=None
[2026-03-15T07:31:58.297+0000] {processor.py:178} INFO - Processing /opt/airflow/dags/dag_restart_data.py took 0.102 seconds
[2026-03-15T07:32:28.681+0000] {processor.py:156} INFO - Started process (PID=6988) to work on /opt/airflow/dags/dag_restart_data.py
[2026-03-15T07:32:28.682+0000] {processor.py:799} INFO - Processing file /opt/airflow/dags/dag_restart_data.py for tasks to queue
[2026-03-15T07:32:28.683+0000] {logging_mixin.py:149} INFO - [2026-03-15T07:32:28.683+0000] {dagbag.py:541} INFO - Filling up the DagBag from /opt/airflow/dags/dag_restart_data.py
[2026-03-15T07:32:28.691+0000] {processor.py:809} INFO - DAG(s) dict_keys(['dag_restart_data']) retrieved from /opt/airflow/dags/dag_restart_data.py
[2026-03-15T07:32:28.717+0000] {logging_mixin.py:149} INFO - [2026-03-15T07:32:28.716+0000] {dag.py:2726} INFO - Sync 1 DAGs
[2026-03-15T07:32:28.727+0000] {logging_mixin.py:149} INFO - [2026-03-15T07:32:28.727+0000] {dag.py:3490} INFO - Setting next_dagrun for dag_restart_data to None, run_after=None
[2026-03-15T07:32:28.733+0000] {processor.py:178} INFO - Processing /opt/airflow/dags/dag_restart_data.py took 0.055 seconds
[2026-03-15T07:32:59.118+0000] {processor.py:156} INFO - Started process (PID=7020) to work on /opt/airflow/dags/dag_restart_data.py
[2026-03-15T07:32:59.120+0000] {processor.py:799} INFO - Processing file /opt/airflow/dags/dag_restart_data.py for tasks to queue
[2026-03-15T07:32:59.120+0000] {logging_mixin.py:149} INFO - [2026-03-15T07:32:59.120+0000] {dagbag.py:541} INFO - Filling up the DagBag from /opt/airflow/dags/dag_restart_data.py
[2026-03-15T07:32:59.129+0000] {processor.py:809} INFO - DAG(s) dict_keys(['dag_restart_data']) retrieved from /opt/airflow/dags/dag_restart_data.py
[2026-03-15T07:32:59.154+0000] {logging_mixin.py:149} INFO - [2026-03-15T07:32:59.154+0000] {dag.py:2726} INFO - Sync 1 DAGs
[2026-03-15T07:32:59.183+0000] {logging_mixin.py:149} INFO - [2026-03-15T07:32:59.183+0000] {dag.py:3490} INFO - Setting next_dagrun for dag_restart_data to None, run_after=None
[2026-03-15T07:32:59.201+0000] {processor.py:178} INFO - Processing /opt/airflow/dags/dag_restart_data.py took 0.085 seconds
[2026-03-15T07:33:29.553+0000] {processor.py:156} INFO - Started process (PID=7052) to work on /opt/airflow/dags/dag_restart_data.py
[2026-03-15T07:33:29.553+0000] {processor.py:799} INFO - Processing file /opt/airflow/dags/dag_restart_data.py for tasks to queue
[2026-03-15T07:33:29.555+0000] {logging_mixin.py:149} INFO - [2026-03-15T07:33:29.555+0000] {dagbag.py:541} INFO - Filling up the DagBag from /opt/airflow/dags/dag_restart_data.py
[2026-03-15T07:33:29.563+0000] {processor.py:809} INFO - DAG(s) dict_keys(['dag_restart_data']) retrieved from /opt/airflow/dags/dag_restart_data.py
[2026-03-15T07:33:29.582+0000] {logging_mixin.py:149} INFO - [2026-03-15T07:33:29.582+0000] {dag.py:2726} INFO - Sync 1 DAGs
[2026-03-15T07:33:29.597+0000] {logging_mixin.py:149} INFO - [2026-03-15T07:33:29.596+0000] {dag.py:3490} INFO - Setting next_dagrun for dag_restart_data to None, run_after=None
[2026-03-15T07:33:29.606+0000] {processor.py:178} INFO - Processing /opt/airflow/dags/dag_restart_data.py took 0.056 seconds
[2026-03-15T07:34:00.029+0000] {processor.py:156} INFO - Started process (PID=7084) to work on /opt/airflow/dags/dag_restart_data.py
[2026-03-15T07:34:00.031+0000] {processor.py:799} INFO - Processing file /opt/airflow/dags/dag_restart_data.py for tasks to queue
[2026-03-15T07:34:00.031+0000] {logging_mixin.py:149} INFO - [2026-03-15T07:34:00.031+0000] {dagbag.py:541} INFO - Filling up the DagBag from /opt/airflow/dags/dag_restart_data.py
[2026-03-15T07:34:00.040+0000] {processor.py:809} INFO - DAG(s) dict_keys(['dag_restart_data']) retrieved from /opt/airflow/dags/dag_restart_data.py
[2026-03-15T07:34:00.067+0000] {logging_mixin.py:149} INFO - [2026-03-15T07:34:00.067+0000] {dag.py:2726} INFO - Sync 1 DAGs
[2026-03-15T07:34:00.091+0000] {logging_mixin.py:149} INFO - [2026-03-15T07:34:00.091+0000] {dag.py:3490} INFO - Setting next_dagrun for dag_restart_data to None, run_after=None
[2026-03-15T07:34:00.097+0000] {processor.py:178} INFO - Processing /opt/airflow/dags/dag_restart_data.py took 0.071 seconds
[2026-03-15T07:34:30.452+0000] {processor.py:156} INFO - Started process (PID=7116) to work on /opt/airflow/dags/dag_restart_data.py
[2026-03-15T07:34:30.453+0000] {processor.py:799} INFO - Processing file /opt/airflow/dags/dag_restart_data.py for tasks to queue
[2026-03-15T07:34:30.453+0000] {logging_mixin.py:149} INFO - [2026-03-15T07:34:30.453+0000] {dagbag.py:541} INFO - Filling up the DagBag from /opt/airflow/dags/dag_restart_data.py
[2026-03-15T07:34:30.459+0000] {processor.py:809} INFO - DAG(s) dict_keys(['dag_restart_data']) retrieved from /opt/airflow/dags/dag_restart_data.py
[2026-03-15T07:34:30.485+0000] {logging_mixin.py:149} INFO - [2026-03-15T07:34:30.485+0000] {dag.py:2726} INFO - Sync 1 DAGs
[2026-03-15T07:34:30.506+0000] {logging_mixin.py:149} INFO - [2026-03-15T07:34:30.506+0000] {dag.py:3490} INFO - Setting next_dagrun for dag_restart_data to None, run_after=None
[2026-03-15T07:34:30.528+0000] {processor.py:178} INFO - Processing /opt/airflow/dags/dag_restart_data.py took 0.077 seconds
[2026-03-15T08:02:30.175+0000] {processor.py:156} INFO - Started process (PID=7147) to work on /opt/airflow/dags/dag_restart_data.py
[2026-03-15T08:02:30.176+0000] {processor.py:799} INFO - Processing file /opt/airflow/dags/dag_restart_data.py for tasks to queue
[2026-03-15T08:02:30.181+0000] {logging_mixin.py:149} INFO - [2026-03-15T08:02:30.180+0000] {dagbag.py:541} INFO - Filling up the DagBag from /opt/airflow/dags/dag_restart_data.py
[2026-03-15T08:02:30.187+0000] {processor.py:809} INFO - DAG(s) dict_keys(['dag_restart_data']) retrieved from /opt/airflow/dags/dag_restart_data.py
[2026-03-15T08:02:30.229+0000] {logging_mixin.py:149} INFO - [2026-03-15T08:02:30.229+0000] {dag.py:2726} INFO - Sync 1 DAGs
[2026-03-15T08:02:30.260+0000] {logging_mixin.py:149} INFO - [2026-03-15T08:02:30.260+0000] {dag.py:3490} INFO - Setting next_dagrun for dag_restart_data to None, run_after=None
[2026-03-15T08:02:30.289+0000] {processor.py:178} INFO - Processing /opt/airflow/dags/dag_restart_data.py took 0.116 seconds
[2026-03-15T08:11:08.887+0000] {processor.py:156} INFO - Started process (PID=7179) to work on /opt/airflow/dags/dag_restart_data.py
[2026-03-15T08:11:08.889+0000] {processor.py:799} INFO - Processing file /opt/airflow/dags/dag_restart_data.py for tasks to queue
[2026-03-15T08:11:08.892+0000] {logging_mixin.py:149} INFO - [2026-03-15T08:11:08.892+0000] {dagbag.py:541} INFO - Filling up the DagBag from /opt/airflow/dags/dag_restart_data.py
[2026-03-15T08:11:08.898+0000] {processor.py:809} INFO - DAG(s) dict_keys(['dag_restart_data']) retrieved from /opt/airflow/dags/dag_restart_data.py
[2026-03-15T08:11:08.932+0000] {logging_mixin.py:149} INFO - [2026-03-15T08:11:08.932+0000] {dag.py:2726} INFO - Sync 1 DAGs
[2026-03-15T08:11:08.955+0000] {logging_mixin.py:149} INFO - [2026-03-15T08:11:08.955+0000] {dag.py:3490} INFO - Setting next_dagrun for dag_restart_data to None, run_after=None
[2026-03-15T08:11:08.988+0000] {processor.py:178} INFO - Processing /opt/airflow/dags/dag_restart_data.py took 0.103 seconds
[2026-03-15T08:27:54.517+0000] {processor.py:156} INFO - Started process (PID=7211) to work on /opt/airflow/dags/dag_restart_data.py
[2026-03-15T08:27:54.518+0000] {processor.py:799} INFO - Processing file /opt/airflow/dags/dag_restart_data.py for tasks to queue
[2026-03-15T08:27:54.519+0000] {logging_mixin.py:149} INFO - [2026-03-15T08:27:54.519+0000] {dagbag.py:541} INFO - Filling up the DagBag from /opt/airflow/dags/dag_restart_data.py
[2026-03-15T08:27:54.529+0000] {processor.py:809} INFO - DAG(s) dict_keys(['dag_restart_data']) retrieved from /opt/airflow/dags/dag_restart_data.py
[2026-03-15T08:27:54.561+0000] {logging_mixin.py:149} INFO - [2026-03-15T08:27:54.561+0000] {dag.py:2726} INFO - Sync 1 DAGs
[2026-03-15T08:27:54.571+0000] {logging_mixin.py:149} INFO - [2026-03-15T08:27:54.571+0000] {dag.py:3490} INFO - Setting next_dagrun for dag_restart_data to None, run_after=None
[2026-03-15T08:27:54.601+0000] {processor.py:178} INFO - Processing /opt/airflow/dags/dag_restart_data.py took 0.085 seconds
[2026-03-15T08:28:24.957+0000] {processor.py:156} INFO - Started process (PID=7245) to work on /opt/airflow/dags/dag_restart_data.py
[2026-03-15T08:28:24.959+0000] {processor.py:799} INFO - Processing file /opt/airflow/dags/dag_restart_data.py for tasks to queue
[2026-03-15T08:28:24.959+0000] {logging_mixin.py:149} INFO - [2026-03-15T08:28:24.959+0000] {dagbag.py:541} INFO - Filling up the DagBag from /opt/airflow/dags/dag_restart_data.py
[2026-03-15T08:28:24.967+0000] {processor.py:809} INFO - DAG(s) dict_keys(['dag_restart_data']) retrieved from /opt/airflow/dags/dag_restart_data.py
[2026-03-15T08:28:24.994+0000] {logging_mixin.py:149} INFO - [2026-03-15T08:28:24.994+0000] {dag.py:2726} INFO - Sync 1 DAGs
[2026-03-15T08:28:25.004+0000] {logging_mixin.py:149} INFO - [2026-03-15T08:28:25.003+0000] {dag.py:3490} INFO - Setting next_dagrun for dag_restart_data to None, run_after=None
[2026-03-15T08:28:25.017+0000] {processor.py:178} INFO - Processing /opt/airflow/dags/dag_restart_data.py took 0.062 seconds
[2026-03-15T08:30:35.023+0000] {processor.py:156} INFO - Started process (PID=7278) to work on /opt/airflow/dags/dag_restart_data.py
[2026-03-15T08:30:35.025+0000] {processor.py:799} INFO - Processing file /opt/airflow/dags/dag_restart_data.py for tasks to queue
[2026-03-15T08:30:35.025+0000] {logging_mixin.py:149} INFO - [2026-03-15T08:30:35.025+0000] {dagbag.py:541} INFO - Filling up the DagBag from /opt/airflow/dags/dag_restart_data.py
[2026-03-15T08:30:35.033+0000] {processor.py:809} INFO - DAG(s) dict_keys(['dag_restart_data']) retrieved from /opt/airflow/dags/dag_restart_data.py
[2026-03-15T08:30:35.055+0000] {logging_mixin.py:149} INFO - [2026-03-15T08:30:35.055+0000] {dag.py:2726} INFO - Sync 1 DAGs
[2026-03-15T08:30:35.070+0000] {logging_mixin.py:149} INFO - [2026-03-15T08:30:35.070+0000] {dag.py:3490} INFO - Setting next_dagrun for dag_restart_data to None, run_after=None
[2026-03-15T08:30:35.077+0000] {processor.py:178} INFO - Processing /opt/airflow/dags/dag_restart_data.py took 0.057 seconds
[2026-03-15T09:02:57.900+0000] {processor.py:156} INFO - Started process (PID=7312) to work on /opt/airflow/dags/dag_restart_data.py
[2026-03-15T09:02:57.901+0000] {processor.py:799} INFO - Processing file /opt/airflow/dags/dag_restart_data.py for tasks to queue
[2026-03-15T09:02:57.902+0000] {logging_mixin.py:149} INFO - [2026-03-15T09:02:57.902+0000] {dagbag.py:541} INFO - Filling up the DagBag from /opt/airflow/dags/dag_restart_data.py
[2026-03-15T09:02:57.914+0000] {processor.py:809} INFO - DAG(s) dict_keys(['dag_restart_data']) retrieved from /opt/airflow/dags/dag_restart_data.py
[2026-03-15T09:02:57.941+0000] {logging_mixin.py:149} INFO - [2026-03-15T09:02:57.941+0000] {dag.py:2726} INFO - Sync 1 DAGs
[2026-03-15T09:02:57.955+0000] {logging_mixin.py:149} INFO - [2026-03-15T09:02:57.955+0000] {dag.py:3490} INFO - Setting next_dagrun for dag_restart_data to None, run_after=None
[2026-03-15T09:02:57.971+0000] {processor.py:178} INFO - Processing /opt/airflow/dags/dag_restart_data.py took 0.073 seconds
[2026-03-15T09:14:53.033+0000] {processor.py:156} INFO - Started process (PID=7345) to work on /opt/airflow/dags/dag_restart_data.py
[2026-03-15T09:14:53.033+0000] {processor.py:799} INFO - Processing file /opt/airflow/dags/dag_restart_data.py for tasks to queue
[2026-03-15T09:14:53.036+0000] {logging_mixin.py:149} INFO - [2026-03-15T09:14:53.036+0000] {dagbag.py:541} INFO - Filling up the DagBag from /opt/airflow/dags/dag_restart_data.py
[2026-03-15T09:14:53.043+0000] {processor.py:809} INFO - DAG(s) dict_keys(['dag_restart_data']) retrieved from /opt/airflow/dags/dag_restart_data.py
[2026-03-15T09:14:53.080+0000] {logging_mixin.py:149} INFO - [2026-03-15T09:14:53.080+0000] {dag.py:2726} INFO - Sync 1 DAGs
[2026-03-15T09:14:53.121+0000] {logging_mixin.py:149} INFO - [2026-03-15T09:14:53.121+0000] {dag.py:3490} INFO - Setting next_dagrun for dag_restart_data to None, run_after=None
[2026-03-15T09:14:53.146+0000] {processor.py:178} INFO - Processing /opt/airflow/dags/dag_restart_data.py took 0.116 seconds
[2026-03-15T09:15:23.616+0000] {processor.py:156} INFO - Started process (PID=7378) to work on /opt/airflow/dags/dag_restart_data.py
[2026-03-15T09:15:23.619+0000] {processor.py:799} INFO - Processing file /opt/airflow/dags/dag_restart_data.py for tasks to queue
[2026-03-15T09:15:23.620+0000] {logging_mixin.py:149} INFO - [2026-03-15T09:15:23.619+0000] {dagbag.py:541} INFO - Filling up the DagBag from /opt/airflow/dags/dag_restart_data.py
[2026-03-15T09:15:23.630+0000] {processor.py:809} INFO - DAG(s) dict_keys(['dag_restart_data']) retrieved from /opt/airflow/dags/dag_restart_data.py
[2026-03-15T09:15:23.656+0000] {logging_mixin.py:149} INFO - [2026-03-15T09:15:23.656+0000] {dag.py:2726} INFO - Sync 1 DAGs
[2026-03-15T09:15:23.666+0000] {logging_mixin.py:149} INFO - [2026-03-15T09:15:23.666+0000] {dag.py:3490} INFO - Setting next_dagrun for dag_restart_data to None, run_after=None
[2026-03-15T09:15:23.680+0000] {processor.py:178} INFO - Processing /opt/airflow/dags/dag_restart_data.py took 0.067 seconds
[2026-03-15T09:15:54.088+0000] {processor.py:156} INFO - Started process (PID=7410) to work on /opt/airflow/dags/dag_restart_data.py
[2026-03-15T09:15:54.089+0000] {processor.py:799} INFO - Processing file /opt/airflow/dags/dag_restart_data.py for tasks to queue
[2026-03-15T09:15:54.090+0000] {logging_mixin.py:149} INFO - [2026-03-15T09:15:54.090+0000] {dagbag.py:541} INFO - Filling up the DagBag from /opt/airflow/dags/dag_restart_data.py
[2026-03-15T09:15:54.099+0000] {processor.py:809} INFO - DAG(s) dict_keys(['dag_restart_data']) retrieved from /opt/airflow/dags/dag_restart_data.py
[2026-03-15T09:15:54.135+0000] {logging_mixin.py:149} INFO - [2026-03-15T09:15:54.134+0000] {dag.py:2726} INFO - Sync 1 DAGs
[2026-03-15T09:15:54.169+0000] {logging_mixin.py:149} INFO - [2026-03-15T09:15:54.169+0000] {dag.py:3490} INFO - Setting next_dagrun for dag_restart_data to None, run_after=None
[2026-03-15T09:15:54.193+0000] {processor.py:178} INFO - Processing /opt/airflow/dags/dag_restart_data.py took 0.108 seconds
[2026-03-15T09:16:24.623+0000] {processor.py:156} INFO - Started process (PID=7442) to work on /opt/airflow/dags/dag_restart_data.py
[2026-03-15T09:16:24.624+0000] {processor.py:799} INFO - Processing file /opt/airflow/dags/dag_restart_data.py for tasks to queue
[2026-03-15T09:16:24.625+0000] {logging_mixin.py:149} INFO - [2026-03-15T09:16:24.625+0000] {dagbag.py:541} INFO - Filling up the DagBag from /opt/airflow/dags/dag_restart_data.py
[2026-03-15T09:16:24.633+0000] {processor.py:809} INFO - DAG(s) dict_keys(['dag_restart_data']) retrieved from /opt/airflow/dags/dag_restart_data.py
[2026-03-15T09:16:24.659+0000] {logging_mixin.py:149} INFO - [2026-03-15T09:16:24.659+0000] {dag.py:2726} INFO - Sync 1 DAGs
[2026-03-15T09:16:24.678+0000] {logging_mixin.py:149} INFO - [2026-03-15T09:16:24.678+0000] {dag.py:3490} INFO - Setting next_dagrun for dag_restart_data to None, run_after=None
[2026-03-15T09:16:24.684+0000] {processor.py:178} INFO - Processing /opt/airflow/dags/dag_restart_data.py took 0.064 seconds
[2026-03-15T09:16:55.075+0000] {processor.py:156} INFO - Started process (PID=7474) to work on /opt/airflow/dags/dag_restart_data.py
[2026-03-15T09:16:55.076+0000] {processor.py:799} INFO - Processing file /opt/airflow/dags/dag_restart_data.py for tasks to queue
[2026-03-15T09:16:55.078+0000] {logging_mixin.py:149} INFO - [2026-03-15T09:16:55.078+0000] {dagbag.py:541} INFO - Filling up the DagBag from /opt/airflow/dags/dag_restart_data.py
[2026-03-15T09:16:55.084+0000] {processor.py:809} INFO - DAG(s) dict_keys(['dag_restart_data']) retrieved from /opt/airflow/dags/dag_restart_data.py
[2026-03-15T09:16:55.115+0000] {logging_mixin.py:149} INFO - [2026-03-15T09:16:55.115+0000] {dag.py:2726} INFO - Sync 1 DAGs
[2026-03-15T09:16:55.144+0000] {logging_mixin.py:149} INFO - [2026-03-15T09:16:55.144+0000] {dag.py:3490} INFO - Setting next_dagrun for dag_restart_data to None, run_after=None
[2026-03-15T09:16:55.169+0000] {processor.py:178} INFO - Processing /opt/airflow/dags/dag_restart_data.py took 0.095 seconds
[2026-03-15T09:17:25.503+0000] {processor.py:156} INFO - Started process (PID=7506) to work on /opt/airflow/dags/dag_restart_data.py
[2026-03-15T09:17:25.504+0000] {processor.py:799} INFO - Processing file /opt/airflow/dags/dag_restart_data.py for tasks to queue
[2026-03-15T09:17:25.505+0000] {logging_mixin.py:149} INFO - [2026-03-15T09:17:25.505+0000] {dagbag.py:541} INFO - Filling up the DagBag from /opt/airflow/dags/dag_restart_data.py
[2026-03-15T09:17:25.511+0000] {processor.py:809} INFO - DAG(s) dict_keys(['dag_restart_data']) retrieved from /opt/airflow/dags/dag_restart_data.py
[2026-03-15T09:17:25.547+0000] {logging_mixin.py:149} INFO - [2026-03-15T09:17:25.546+0000] {dag.py:2726} INFO - Sync 1 DAGs
[2026-03-15T09:17:25.584+0000] {logging_mixin.py:149} INFO - [2026-03-15T09:17:25.584+0000] {dag.py:3490} INFO - Setting next_dagrun for dag_restart_data to None, run_after=None
[2026-03-15T09:17:25.608+0000] {processor.py:178} INFO - Processing /opt/airflow/dags/dag_restart_data.py took 0.107 seconds
[2026-03-15T10:42:00.959+0000] {processor.py:156} INFO - Started process (PID=7538) to work on /opt/airflow/dags/dag_restart_data.py
[2026-03-15T10:42:00.960+0000] {processor.py:799} INFO - Processing file /opt/airflow/dags/dag_restart_data.py for tasks to queue
[2026-03-15T10:42:00.961+0000] {logging_mixin.py:149} INFO - [2026-03-15T10:42:00.961+0000] {dagbag.py:541} INFO - Filling up the DagBag from /opt/airflow/dags/dag_restart_data.py
[2026-03-15T10:42:00.970+0000] {processor.py:809} INFO - DAG(s) dict_keys(['dag_restart_data']) retrieved from /opt/airflow/dags/dag_restart_data.py
[2026-03-15T10:42:01.164+0000] {logging_mixin.py:149} INFO - [2026-03-15T10:42:01.164+0000] {dag.py:2726} INFO - Sync 1 DAGs
[2026-03-15T10:42:01.209+0000] {logging_mixin.py:149} INFO - [2026-03-15T10:42:01.209+0000] {dag.py:3490} INFO - Setting next_dagrun for dag_restart_data to None, run_after=None
[2026-03-15T10:42:01.246+0000] {processor.py:178} INFO - Processing /opt/airflow/dags/dag_restart_data.py took 0.288 seconds
[2026-03-15T11:37:31.689+0000] {processor.py:156} INFO - Started process (PID=7570) to work on /opt/airflow/dags/dag_restart_data.py
[2026-03-15T11:37:31.692+0000] {processor.py:799} INFO - Processing file /opt/airflow/dags/dag_restart_data.py for tasks to queue
[2026-03-15T11:37:31.693+0000] {logging_mixin.py:149} INFO - [2026-03-15T11:37:31.692+0000] {dagbag.py:541} INFO - Filling up the DagBag from /opt/airflow/dags/dag_restart_data.py
[2026-03-15T11:37:31.703+0000] {processor.py:809} INFO - DAG(s) dict_keys(['dag_restart_data']) retrieved from /opt/airflow/dags/dag_restart_data.py
[2026-03-15T11:37:31.741+0000] {logging_mixin.py:149} INFO - [2026-03-15T11:37:31.741+0000] {dag.py:2726} INFO - Sync 1 DAGs
[2026-03-15T11:37:31.800+0000] {logging_mixin.py:149} INFO - [2026-03-15T11:37:31.800+0000] {dag.py:3490} INFO - Setting next_dagrun for dag_restart_data to None, run_after=None
[2026-03-15T11:37:31.814+0000] {processor.py:178} INFO - Processing /opt/airflow/dags/dag_restart_data.py took 0.128 seconds
[2026-03-15T11:38:02.254+0000] {processor.py:156} INFO - Started process (PID=7599) to work on /opt/airflow/dags/dag_restart_data.py
[2026-03-15T11:38:02.255+0000] {processor.py:799} INFO - Processing file /opt/airflow/dags/dag_restart_data.py for tasks to queue
[2026-03-15T11:38:02.257+0000] {logging_mixin.py:149} INFO - [2026-03-15T11:38:02.257+0000] {dagbag.py:541} INFO - Filling up the DagBag from /opt/airflow/dags/dag_restart_data.py
[2026-03-15T11:38:02.267+0000] {processor.py:809} INFO - DAG(s) dict_keys(['dag_restart_data']) retrieved from /opt/airflow/dags/dag_restart_data.py
[2026-03-15T11:38:02.285+0000] {logging_mixin.py:149} INFO - [2026-03-15T11:38:02.285+0000] {dag.py:2726} INFO - Sync 1 DAGs
[2026-03-15T11:38:02.302+0000] {logging_mixin.py:149} INFO - [2026-03-15T11:38:02.301+0000] {dag.py:3490} INFO - Setting next_dagrun for dag_restart_data to None, run_after=None
[2026-03-15T11:38:02.312+0000] {processor.py:178} INFO - Processing /opt/airflow/dags/dag_restart_data.py took 0.061 seconds
[2026-03-15T12:10:35.406+0000] {processor.py:156} INFO - Started process (PID=7634) to work on /opt/airflow/dags/dag_restart_data.py
[2026-03-15T12:10:35.407+0000] {processor.py:799} INFO - Processing file /opt/airflow/dags/dag_restart_data.py for tasks to queue
[2026-03-15T12:10:35.408+0000] {logging_mixin.py:149} INFO - [2026-03-15T12:10:35.407+0000] {dagbag.py:541} INFO - Filling up the DagBag from /opt/airflow/dags/dag_restart_data.py
[2026-03-15T12:10:35.413+0000] {processor.py:809} INFO - DAG(s) dict_keys(['dag_restart_data']) retrieved from /opt/airflow/dags/dag_restart_data.py
[2026-03-15T12:10:35.451+0000] {logging_mixin.py:149} INFO - [2026-03-15T12:10:35.451+0000] {dag.py:2726} INFO - Sync 1 DAGs
[2026-03-15T12:10:35.478+0000] {logging_mixin.py:149} INFO - [2026-03-15T12:10:35.478+0000] {dag.py:3490} INFO - Setting next_dagrun for dag_restart_data to None, run_after=None
[2026-03-15T12:10:35.507+0000] {processor.py:178} INFO - Processing /opt/airflow/dags/dag_restart_data.py took 0.103 seconds
[2026-03-15T12:11:05.867+0000] {processor.py:156} INFO - Started process (PID=7667) to work on /opt/airflow/dags/dag_restart_data.py
[2026-03-15T12:11:05.868+0000] {processor.py:799} INFO - Processing file /opt/airflow/dags/dag_restart_data.py for tasks to queue
[2026-03-15T12:11:05.868+0000] {logging_mixin.py:149} INFO - [2026-03-15T12:11:05.868+0000] {dagbag.py:541} INFO - Filling up the DagBag from /opt/airflow/dags/dag_restart_data.py
[2026-03-15T12:11:05.880+0000] {processor.py:809} INFO - DAG(s) dict_keys(['dag_restart_data']) retrieved from /opt/airflow/dags/dag_restart_data.py
[2026-03-15T12:11:05.923+0000] {logging_mixin.py:149} INFO - [2026-03-15T12:11:05.923+0000] {dag.py:2726} INFO - Sync 1 DAGs
[2026-03-15T12:11:05.953+0000] {logging_mixin.py:149} INFO - [2026-03-15T12:11:05.953+0000] {dag.py:3490} INFO - Setting next_dagrun for dag_restart_data to None, run_after=None
[2026-03-15T12:11:05.977+0000] {processor.py:178} INFO - Processing /opt/airflow/dags/dag_restart_data.py took 0.113 seconds
[2026-03-15T12:11:36.439+0000] {processor.py:156} INFO - Started process (PID=7700) to work on /opt/airflow/dags/dag_restart_data.py
[2026-03-15T12:11:36.441+0000] {processor.py:799} INFO - Processing file /opt/airflow/dags/dag_restart_data.py for tasks to queue
[2026-03-15T12:11:36.442+0000] {logging_mixin.py:149} INFO - [2026-03-15T12:11:36.442+0000] {dagbag.py:541} INFO - Filling up the DagBag from /opt/airflow/dags/dag_restart_data.py
[2026-03-15T12:11:36.451+0000] {processor.py:809} INFO - DAG(s) dict_keys(['dag_restart_data']) retrieved from /opt/airflow/dags/dag_restart_data.py
[2026-03-15T12:11:36.471+0000] {logging_mixin.py:149} INFO - [2026-03-15T12:11:36.471+0000] {dag.py:2726} INFO - Sync 1 DAGs
[2026-03-15T12:11:36.490+0000] {logging_mixin.py:149} INFO - [2026-03-15T12:11:36.490+0000] {dag.py:3490} INFO - Setting next_dagrun for dag_restart_data to None, run_after=None
[2026-03-15T12:11:36.523+0000] {processor.py:178} INFO - Processing /opt/airflow/dags/dag_restart_data.py took 0.087 seconds
[2026-03-15T12:12:06.890+0000] {processor.py:156} INFO - Started process (PID=7732) to work on /opt/airflow/dags/dag_restart_data.py
[2026-03-15T12:12:06.891+0000] {processor.py:799} INFO - Processing file /opt/airflow/dags/dag_restart_data.py for tasks to queue
[2026-03-15T12:12:06.892+0000] {logging_mixin.py:149} INFO - [2026-03-15T12:12:06.892+0000] {dagbag.py:541} INFO - Filling up the DagBag from /opt/airflow/dags/dag_restart_data.py
[2026-03-15T12:12:06.907+0000] {processor.py:809} INFO - DAG(s) dict_keys(['dag_restart_data']) retrieved from /opt/airflow/dags/dag_restart_data.py
[2026-03-15T12:12:06.930+0000] {logging_mixin.py:149} INFO - [2026-03-15T12:12:06.930+0000] {dag.py:2726} INFO - Sync 1 DAGs
[2026-03-15T12:12:06.945+0000] {logging_mixin.py:149} INFO - [2026-03-15T12:12:06.945+0000] {dag.py:3490} INFO - Setting next_dagrun for dag_restart_data to None, run_after=None
[2026-03-15T12:12:06.955+0000] {processor.py:178} INFO - Processing /opt/airflow/dags/dag_restart_data.py took 0.068 seconds
[2026-03-15T12:12:37.330+0000] {processor.py:156} INFO - Started process (PID=7764) to work on /opt/airflow/dags/dag_restart_data.py
[2026-03-15T12:12:37.332+0000] {processor.py:799} INFO - Processing file /opt/airflow/dags/dag_restart_data.py for tasks to queue
[2026-03-15T12:12:37.333+0000] {logging_mixin.py:149} INFO - [2026-03-15T12:12:37.333+0000] {dagbag.py:541} INFO - Filling up the DagBag from /opt/airflow/dags/dag_restart_data.py
[2026-03-15T12:12:37.341+0000] {processor.py:809} INFO - DAG(s) dict_keys(['dag_restart_data']) retrieved from /opt/airflow/dags/dag_restart_data.py
[2026-03-15T12:12:37.362+0000] {logging_mixin.py:149} INFO - [2026-03-15T12:12:37.362+0000] {dag.py:2726} INFO - Sync 1 DAGs
[2026-03-15T12:12:37.382+0000] {logging_mixin.py:149} INFO - [2026-03-15T12:12:37.382+0000] {dag.py:3490} INFO - Setting next_dagrun for dag_restart_data to None, run_after=None
[2026-03-15T12:12:37.395+0000] {processor.py:178} INFO - Processing /opt/airflow/dags/dag_restart_data.py took 0.068 seconds
[2026-03-15T12:13:07.814+0000] {processor.py:156} INFO - Started process (PID=7796) to work on /opt/airflow/dags/dag_restart_data.py
[2026-03-15T12:13:07.816+0000] {processor.py:799} INFO - Processing file /opt/airflow/dags/dag_restart_data.py for tasks to queue
[2026-03-15T12:13:07.816+0000] {logging_mixin.py:149} INFO - [2026-03-15T12:13:07.816+0000] {dagbag.py:541} INFO - Filling up the DagBag from /opt/airflow/dags/dag_restart_data.py
[2026-03-15T12:13:07.824+0000] {processor.py:809} INFO - DAG(s) dict_keys(['dag_restart_data']) retrieved from /opt/airflow/dags/dag_restart_data.py
[2026-03-15T12:13:07.856+0000] {logging_mixin.py:149} INFO - [2026-03-15T12:13:07.856+0000] {dag.py:2726} INFO - Sync 1 DAGs
[2026-03-15T12:13:07.890+0000] {logging_mixin.py:149} INFO - [2026-03-15T12:13:07.890+0000] {dag.py:3490} INFO - Setting next_dagrun for dag_restart_data to None, run_after=None
[2026-03-15T12:13:07.917+0000] {processor.py:178} INFO - Processing /opt/airflow/dags/dag_restart_data.py took 0.105 seconds
[2026-03-15T12:15:45.499+0000] {processor.py:156} INFO - Started process (PID=7828) to work on /opt/airflow/dags/dag_restart_data.py
[2026-03-15T12:15:45.501+0000] {processor.py:799} INFO - Processing file /opt/airflow/dags/dag_restart_data.py for tasks to queue
[2026-03-15T12:15:45.501+0000] {logging_mixin.py:149} INFO - [2026-03-15T12:15:45.501+0000] {dagbag.py:541} INFO - Filling up the DagBag from /opt/airflow/dags/dag_restart_data.py
[2026-03-15T12:15:45.507+0000] {processor.py:809} INFO - DAG(s) dict_keys(['dag_restart_data']) retrieved from /opt/airflow/dags/dag_restart_data.py
[2026-03-15T12:15:45.527+0000] {logging_mixin.py:149} INFO - [2026-03-15T12:15:45.527+0000] {dag.py:2726} INFO - Sync 1 DAGs
[2026-03-15T12:15:45.543+0000] {logging_mixin.py:149} INFO - [2026-03-15T12:15:45.542+0000] {dag.py:3490} INFO - Setting next_dagrun for dag_restart_data to None, run_after=None
[2026-03-15T12:15:45.549+0000] {processor.py:178} INFO - Processing /opt/airflow/dags/dag_restart_data.py took 0.052 seconds
[2026-03-15T13:16:31.327+0000] {processor.py:156} INFO - Started process (PID=7860) to work on /opt/airflow/dags/dag_restart_data.py
[2026-03-15T13:16:31.329+0000] {processor.py:799} INFO - Processing file /opt/airflow/dags/dag_restart_data.py for tasks to queue
[2026-03-15T13:16:31.330+0000] {logging_mixin.py:149} INFO - [2026-03-15T13:16:31.330+0000] {dagbag.py:541} INFO - Filling up the DagBag from /opt/airflow/dags/dag_restart_data.py
[2026-03-15T13:16:31.344+0000] {processor.py:809} INFO - DAG(s) dict_keys(['dag_restart_data']) retrieved from /opt/airflow/dags/dag_restart_data.py
[2026-03-15T13:16:31.427+0000] {logging_mixin.py:149} INFO - [2026-03-15T13:16:31.426+0000] {dag.py:2726} INFO - Sync 1 DAGs
[2026-03-15T13:16:31.459+0000] {logging_mixin.py:149} INFO - [2026-03-15T13:16:31.458+0000] {dag.py:3490} INFO - Setting next_dagrun for dag_restart_data to None, run_after=None
[2026-03-15T13:16:31.488+0000] {processor.py:178} INFO - Processing /opt/airflow/dags/dag_restart_data.py took 0.164 seconds
[2026-03-15T13:17:01.748+0000] {processor.py:156} INFO - Started process (PID=7889) to work on /opt/airflow/dags/dag_restart_data.py
[2026-03-15T13:17:01.748+0000] {processor.py:799} INFO - Processing file /opt/airflow/dags/dag_restart_data.py for tasks to queue
[2026-03-15T13:17:01.749+0000] {logging_mixin.py:149} INFO - [2026-03-15T13:17:01.749+0000] {dagbag.py:541} INFO - Filling up the DagBag from /opt/airflow/dags/dag_restart_data.py
[2026-03-15T13:17:01.753+0000] {processor.py:809} INFO - DAG(s) dict_keys(['dag_restart_data']) retrieved from /opt/airflow/dags/dag_restart_data.py
[2026-03-15T13:17:01.770+0000] {logging_mixin.py:149} INFO - [2026-03-15T13:17:01.770+0000] {dag.py:2726} INFO - Sync 1 DAGs
[2026-03-15T13:17:01.784+0000] {logging_mixin.py:149} INFO - [2026-03-15T13:17:01.784+0000] {dag.py:3490} INFO - Setting next_dagrun for dag_restart_data to None, run_after=None
[2026-03-15T13:17:01.792+0000] {processor.py:178} INFO - Processing /opt/airflow/dags/dag_restart_data.py took 0.046 seconds
[2026-03-15T13:52:27.875+0000] {processor.py:156} INFO - Started process (PID=7926) to work on /opt/airflow/dags/dag_restart_data.py
[2026-03-15T13:52:27.875+0000] {processor.py:799} INFO - Processing file /opt/airflow/dags/dag_restart_data.py for tasks to queue
[2026-03-15T13:52:27.876+0000] {logging_mixin.py:149} INFO - [2026-03-15T13:52:27.876+0000] {dagbag.py:541} INFO - Filling up the DagBag from /opt/airflow/dags/dag_restart_data.py
[2026-03-15T13:52:27.883+0000] {processor.py:809} INFO - DAG(s) dict_keys(['dag_restart_data']) retrieved from /opt/airflow/dags/dag_restart_data.py
[2026-03-15T13:52:27.916+0000] {logging_mixin.py:149} INFO - [2026-03-15T13:52:27.916+0000] {dag.py:2726} INFO - Sync 1 DAGs
[2026-03-15T13:52:27.942+0000] {logging_mixin.py:149} INFO - [2026-03-15T13:52:27.942+0000] {dag.py:3490} INFO - Setting next_dagrun for dag_restart_data to None, run_after=None
[2026-03-15T13:52:27.968+0000] {processor.py:178} INFO - Processing /opt/airflow/dags/dag_restart_data.py took 0.095 seconds
[2026-03-15T13:52:58.349+0000] {processor.py:156} INFO - Started process (PID=7955) to work on /opt/airflow/dags/dag_restart_data.py
[2026-03-15T13:52:58.350+0000] {processor.py:799} INFO - Processing file /opt/airflow/dags/dag_restart_data.py for tasks to queue
[2026-03-15T13:52:58.351+0000] {logging_mixin.py:149} INFO - [2026-03-15T13:52:58.350+0000] {dagbag.py:541} INFO - Filling up the DagBag from /opt/airflow/dags/dag_restart_data.py
[2026-03-15T13:52:58.359+0000] {processor.py:809} INFO - DAG(s) dict_keys(['dag_restart_data']) retrieved from /opt/airflow/dags/dag_restart_data.py
[2026-03-15T13:52:58.384+0000] {logging_mixin.py:149} INFO - [2026-03-15T13:52:58.384+0000] {dag.py:2726} INFO - Sync 1 DAGs
[2026-03-15T13:52:58.395+0000] {logging_mixin.py:149} INFO - [2026-03-15T13:52:58.395+0000] {dag.py:3490} INFO - Setting next_dagrun for dag_restart_data to None, run_after=None
[2026-03-15T13:52:58.406+0000] {processor.py:178} INFO - Processing /opt/airflow/dags/dag_restart_data.py took 0.061 seconds
[2026-03-15T14:17:41.394+0000] {processor.py:156} INFO - Started process (PID=7990) to work on /opt/airflow/dags/dag_restart_data.py
[2026-03-15T14:17:41.395+0000] {processor.py:799} INFO - Processing file /opt/airflow/dags/dag_restart_data.py for tasks to queue
[2026-03-15T14:17:41.396+0000] {logging_mixin.py:149} INFO - [2026-03-15T14:17:41.396+0000] {dagbag.py:541} INFO - Filling up the DagBag from /opt/airflow/dags/dag_restart_data.py
[2026-03-15T14:17:41.404+0000] {processor.py:809} INFO - DAG(s) dict_keys(['dag_restart_data']) retrieved from /opt/airflow/dags/dag_restart_data.py
[2026-03-15T14:17:41.428+0000] {logging_mixin.py:149} INFO - [2026-03-15T14:17:41.428+0000] {dag.py:2726} INFO - Sync 1 DAGs
[2026-03-15T14:17:41.463+0000] {logging_mixin.py:149} INFO - [2026-03-15T14:17:41.463+0000] {dag.py:3490} INFO - Setting next_dagrun for dag_restart_data to None, run_after=None
[2026-03-15T14:17:41.488+0000] {processor.py:178} INFO - Processing /opt/airflow/dags/dag_restart_data.py took 0.097 seconds
[2026-03-15T14:18:11.859+0000] {processor.py:156} INFO - Started process (PID=8022) to work on /opt/airflow/dags/dag_restart_data.py
[2026-03-15T14:18:11.861+0000] {processor.py:799} INFO - Processing file /opt/airflow/dags/dag_restart_data.py for tasks to queue
[2026-03-15T14:18:11.862+0000] {logging_mixin.py:149} INFO - [2026-03-15T14:18:11.862+0000] {dagbag.py:541} INFO - Filling up the DagBag from /opt/airflow/dags/dag_restart_data.py
[2026-03-15T14:18:11.869+0000] {processor.py:809} INFO - DAG(s) dict_keys(['dag_restart_data']) retrieved from /opt/airflow/dags/dag_restart_data.py
[2026-03-15T14:18:11.889+0000] {logging_mixin.py:149} INFO - [2026-03-15T14:18:11.889+0000] {dag.py:2726} INFO - Sync 1 DAGs
[2026-03-15T14:18:11.905+0000] {logging_mixin.py:149} INFO - [2026-03-15T14:18:11.905+0000] {dag.py:3490} INFO - Setting next_dagrun for dag_restart_data to None, run_after=None
[2026-03-15T14:18:11.933+0000] {processor.py:178} INFO - Processing /opt/airflow/dags/dag_restart_data.py took 0.076 seconds
[2026-03-15T15:01:11.269+0000] {processor.py:156} INFO - Started process (PID=8054) to work on /opt/airflow/dags/dag_restart_data.py
[2026-03-15T15:01:11.270+0000] {processor.py:799} INFO - Processing file /opt/airflow/dags/dag_restart_data.py for tasks to queue
[2026-03-15T15:01:11.271+0000] {logging_mixin.py:149} INFO - [2026-03-15T15:01:11.271+0000] {dagbag.py:541} INFO - Filling up the DagBag from /opt/airflow/dags/dag_restart_data.py
[2026-03-15T15:01:11.282+0000] {processor.py:809} INFO - DAG(s) dict_keys(['dag_restart_data']) retrieved from /opt/airflow/dags/dag_restart_data.py
[2026-03-15T15:01:11.311+0000] {logging_mixin.py:149} INFO - [2026-03-15T15:01:11.310+0000] {dag.py:2726} INFO - Sync 1 DAGs
[2026-03-15T15:01:11.349+0000] {logging_mixin.py:149} INFO - [2026-03-15T15:01:11.348+0000] {dag.py:3490} INFO - Setting next_dagrun for dag_restart_data to None, run_after=None
[2026-03-15T15:01:11.371+0000] {processor.py:178} INFO - Processing /opt/airflow/dags/dag_restart_data.py took 0.105 seconds
[2026-03-15T15:07:51.369+0000] {processor.py:156} INFO - Started process (PID=8086) to work on /opt/airflow/dags/dag_restart_data.py
[2026-03-15T15:07:51.370+0000] {processor.py:799} INFO - Processing file /opt/airflow/dags/dag_restart_data.py for tasks to queue
[2026-03-15T15:07:51.372+0000] {logging_mixin.py:149} INFO - [2026-03-15T15:07:51.372+0000] {dagbag.py:541} INFO - Filling up the DagBag from /opt/airflow/dags/dag_restart_data.py
[2026-03-15T15:07:51.379+0000] {processor.py:809} INFO - DAG(s) dict_keys(['dag_restart_data']) retrieved from /opt/airflow/dags/dag_restart_data.py
[2026-03-15T15:07:51.414+0000] {logging_mixin.py:149} INFO - [2026-03-15T15:07:51.414+0000] {dag.py:2726} INFO - Sync 1 DAGs
[2026-03-15T15:07:51.440+0000] {logging_mixin.py:149} INFO - [2026-03-15T15:07:51.440+0000] {dag.py:3490} INFO - Setting next_dagrun for dag_restart_data to None, run_after=None
[2026-03-15T15:07:51.472+0000] {processor.py:178} INFO - Processing /opt/airflow/dags/dag_restart_data.py took 0.104 seconds
[2026-03-15T15:08:21.858+0000] {processor.py:156} INFO - Started process (PID=8120) to work on /opt/airflow/dags/dag_restart_data.py
[2026-03-15T15:08:21.859+0000] {processor.py:799} INFO - Processing file /opt/airflow/dags/dag_restart_data.py for tasks to queue
[2026-03-15T15:08:21.860+0000] {logging_mixin.py:149} INFO - [2026-03-15T15:08:21.860+0000] {dagbag.py:541} INFO - Filling up the DagBag from /opt/airflow/dags/dag_restart_data.py
[2026-03-15T15:08:21.865+0000] {processor.py:809} INFO - DAG(s) dict_keys(['dag_restart_data']) retrieved from /opt/airflow/dags/dag_restart_data.py
[2026-03-15T15:08:21.887+0000] {logging_mixin.py:149} INFO - [2026-03-15T15:08:21.886+0000] {dag.py:2726} INFO - Sync 1 DAGs
[2026-03-15T15:08:21.903+0000] {logging_mixin.py:149} INFO - [2026-03-15T15:08:21.903+0000] {dag.py:3490} INFO - Setting next_dagrun for dag_restart_data to None, run_after=None
[2026-03-15T15:08:21.910+0000] {processor.py:178} INFO - Processing /opt/airflow/dags/dag_restart_data.py took 0.053 seconds
[2026-03-15T15:18:39.695+0000] {processor.py:156} INFO - Started process (PID=8152) to work on /opt/airflow/dags/dag_restart_data.py
[2026-03-15T15:18:39.696+0000] {processor.py:799} INFO - Processing file /opt/airflow/dags/dag_restart_data.py for tasks to queue
[2026-03-15T15:18:39.696+0000] {logging_mixin.py:149} INFO - [2026-03-15T15:18:39.696+0000] {dagbag.py:541} INFO - Filling up the DagBag from /opt/airflow/dags/dag_restart_data.py
[2026-03-15T15:18:39.701+0000] {processor.py:809} INFO - DAG(s) dict_keys(['dag_restart_data']) retrieved from /opt/airflow/dags/dag_restart_data.py
[2026-03-15T15:18:39.726+0000] {logging_mixin.py:149} INFO - [2026-03-15T15:18:39.726+0000] {dag.py:2726} INFO - Sync 1 DAGs
[2026-03-15T15:18:39.742+0000] {logging_mixin.py:149} INFO - [2026-03-15T15:18:39.742+0000] {dag.py:3490} INFO - Setting next_dagrun for dag_restart_data to None, run_after=None
[2026-03-15T15:18:39.749+0000] {processor.py:178} INFO - Processing /opt/airflow/dags/dag_restart_data.py took 0.056 seconds
[2026-03-15T15:19:10.182+0000] {processor.py:156} INFO - Started process (PID=8184) to work on /opt/airflow/dags/dag_restart_data.py
[2026-03-15T15:19:10.184+0000] {processor.py:799} INFO - Processing file /opt/airflow/dags/dag_restart_data.py for tasks to queue
[2026-03-15T15:19:10.184+0000] {logging_mixin.py:149} INFO - [2026-03-15T15:19:10.184+0000] {dagbag.py:541} INFO - Filling up the DagBag from /opt/airflow/dags/dag_restart_data.py
[2026-03-15T15:19:10.195+0000] {processor.py:809} INFO - DAG(s) dict_keys(['dag_restart_data']) retrieved from /opt/airflow/dags/dag_restart_data.py
[2026-03-15T15:19:10.219+0000] {logging_mixin.py:149} INFO - [2026-03-15T15:19:10.219+0000] {dag.py:2726} INFO - Sync 1 DAGs
[2026-03-15T15:19:10.229+0000] {logging_mixin.py:149} INFO - [2026-03-15T15:19:10.229+0000] {dag.py:3490} INFO - Setting next_dagrun for dag_restart_data to None, run_after=None
[2026-03-15T15:19:10.236+0000] {processor.py:178} INFO - Processing /opt/airflow/dags/dag_restart_data.py took 0.057 seconds
[2026-03-15T15:19:40.610+0000] {processor.py:156} INFO - Started process (PID=8216) to work on /opt/airflow/dags/dag_restart_data.py
[2026-03-15T15:19:40.611+0000] {processor.py:799} INFO - Processing file /opt/airflow/dags/dag_restart_data.py for tasks to queue
[2026-03-15T15:19:40.612+0000] {logging_mixin.py:149} INFO - [2026-03-15T15:19:40.612+0000] {dagbag.py:541} INFO - Filling up the DagBag from /opt/airflow/dags/dag_restart_data.py
[2026-03-15T15:19:40.619+0000] {processor.py:809} INFO - DAG(s) dict_keys(['dag_restart_data']) retrieved from /opt/airflow/dags/dag_restart_data.py
[2026-03-15T15:19:40.639+0000] {logging_mixin.py:149} INFO - [2026-03-15T15:19:40.639+0000] {dag.py:2726} INFO - Sync 1 DAGs
[2026-03-15T15:19:40.655+0000] {logging_mixin.py:149} INFO - [2026-03-15T15:19:40.655+0000] {dag.py:3490} INFO - Setting next_dagrun for dag_restart_data to None, run_after=None
[2026-03-15T15:19:40.672+0000] {processor.py:178} INFO - Processing /opt/airflow/dags/dag_restart_data.py took 0.065 seconds
[2026-03-15T15:20:11.044+0000] {processor.py:156} INFO - Started process (PID=8248) to work on /opt/airflow/dags/dag_restart_data.py
[2026-03-15T15:20:11.045+0000] {processor.py:799} INFO - Processing file /opt/airflow/dags/dag_restart_data.py for tasks to queue
[2026-03-15T15:20:11.046+0000] {logging_mixin.py:149} INFO - [2026-03-15T15:20:11.046+0000] {dagbag.py:541} INFO - Filling up the DagBag from /opt/airflow/dags/dag_restart_data.py
[2026-03-15T15:20:11.054+0000] {processor.py:809} INFO - DAG(s) dict_keys(['dag_restart_data']) retrieved from /opt/airflow/dags/dag_restart_data.py
[2026-03-15T15:20:11.084+0000] {logging_mixin.py:149} INFO - [2026-03-15T15:20:11.084+0000] {dag.py:2726} INFO - Sync 1 DAGs
[2026-03-15T15:20:11.099+0000] {logging_mixin.py:149} INFO - [2026-03-15T15:20:11.099+0000] {dag.py:3490} INFO - Setting next_dagrun for dag_restart_data to None, run_after=None
[2026-03-15T15:20:11.109+0000] {processor.py:178} INFO - Processing /opt/airflow/dags/dag_restart_data.py took 0.068 seconds
[2026-03-15T15:20:41.496+0000] {processor.py:156} INFO - Started process (PID=8280) to work on /opt/airflow/dags/dag_restart_data.py
[2026-03-15T15:20:41.497+0000] {processor.py:799} INFO - Processing file /opt/airflow/dags/dag_restart_data.py for tasks to queue
[2026-03-15T15:20:41.498+0000] {logging_mixin.py:149} INFO - [2026-03-15T15:20:41.498+0000] {dagbag.py:541} INFO - Filling up the DagBag from /opt/airflow/dags/dag_restart_data.py
[2026-03-15T15:20:41.510+0000] {processor.py:809} INFO - DAG(s) dict_keys(['dag_restart_data']) retrieved from /opt/airflow/dags/dag_restart_data.py
[2026-03-15T15:20:41.532+0000] {logging_mixin.py:149} INFO - [2026-03-15T15:20:41.531+0000] {dag.py:2726} INFO - Sync 1 DAGs
[2026-03-15T15:20:41.542+0000] {logging_mixin.py:149} INFO - [2026-03-15T15:20:41.542+0000] {dag.py:3490} INFO - Setting next_dagrun for dag_restart_data to None, run_after=None
[2026-03-15T15:20:41.552+0000] {processor.py:178} INFO - Processing /opt/airflow/dags/dag_restart_data.py took 0.059 seconds
[2026-03-15T15:21:11.940+0000] {processor.py:156} INFO - Started process (PID=8312) to work on /opt/airflow/dags/dag_restart_data.py
[2026-03-15T15:21:11.942+0000] {processor.py:799} INFO - Processing file /opt/airflow/dags/dag_restart_data.py for tasks to queue
[2026-03-15T15:21:11.943+0000] {logging_mixin.py:149} INFO - [2026-03-15T15:21:11.943+0000] {dagbag.py:541} INFO - Filling up the DagBag from /opt/airflow/dags/dag_restart_data.py
[2026-03-15T15:21:11.950+0000] {processor.py:809} INFO - DAG(s) dict_keys(['dag_restart_data']) retrieved from /opt/airflow/dags/dag_restart_data.py
[2026-03-15T15:21:11.981+0000] {logging_mixin.py:149} INFO - [2026-03-15T15:21:11.981+0000] {dag.py:2726} INFO - Sync 1 DAGs
[2026-03-15T15:21:12.011+0000] {logging_mixin.py:149} INFO - [2026-03-15T15:21:12.011+0000] {dag.py:3490} INFO - Setting next_dagrun for dag_restart_data to None, run_after=None
[2026-03-15T15:21:12.045+0000] {processor.py:178} INFO - Processing /opt/airflow/dags/dag_restart_data.py took 0.108 seconds
[2026-03-15T16:01:11.497+0000] {processor.py:156} INFO - Started process (PID=8344) to work on /opt/airflow/dags/dag_restart_data.py
[2026-03-15T16:01:11.499+0000] {processor.py:799} INFO - Processing file /opt/airflow/dags/dag_restart_data.py for tasks to queue
[2026-03-15T16:01:11.500+0000] {logging_mixin.py:149} INFO - [2026-03-15T16:01:11.500+0000] {dagbag.py:541} INFO - Filling up the DagBag from /opt/airflow/dags/dag_restart_data.py
[2026-03-15T16:01:11.517+0000] {processor.py:809} INFO - DAG(s) dict_keys(['dag_restart_data']) retrieved from /opt/airflow/dags/dag_restart_data.py
[2026-03-15T16:01:11.616+0000] {logging_mixin.py:149} INFO - [2026-03-15T16:01:11.616+0000] {dag.py:2726} INFO - Sync 1 DAGs
[2026-03-15T16:01:11.650+0000] {logging_mixin.py:149} INFO - [2026-03-15T16:01:11.649+0000] {dag.py:3490} INFO - Setting next_dagrun for dag_restart_data to None, run_after=None
[2026-03-15T16:01:11.698+0000] {processor.py:178} INFO - Processing /opt/airflow/dags/dag_restart_data.py took 0.204 seconds
[2026-03-15T16:18:21.994+0000] {processor.py:156} INFO - Started process (PID=8376) to work on /opt/airflow/dags/dag_restart_data.py
[2026-03-15T16:18:21.995+0000] {processor.py:799} INFO - Processing file /opt/airflow/dags/dag_restart_data.py for tasks to queue
[2026-03-15T16:18:21.995+0000] {logging_mixin.py:149} INFO - [2026-03-15T16:18:21.995+0000] {dagbag.py:541} INFO - Filling up the DagBag from /opt/airflow/dags/dag_restart_data.py
[2026-03-15T16:18:22.004+0000] {processor.py:809} INFO - DAG(s) dict_keys(['dag_restart_data']) retrieved from /opt/airflow/dags/dag_restart_data.py
[2026-03-15T16:18:22.053+0000] {logging_mixin.py:149} INFO - [2026-03-15T16:18:22.052+0000] {dag.py:2726} INFO - Sync 1 DAGs
[2026-03-15T16:18:22.079+0000] {logging_mixin.py:149} INFO - [2026-03-15T16:18:22.078+0000] {dag.py:3490} INFO - Setting next_dagrun for dag_restart_data to None, run_after=None
[2026-03-15T16:18:22.099+0000] {processor.py:178} INFO - Processing /opt/airflow/dags/dag_restart_data.py took 0.107 seconds
[2026-03-15T16:18:52.478+0000] {processor.py:156} INFO - Started process (PID=8408) to work on /opt/airflow/dags/dag_restart_data.py
[2026-03-15T16:18:52.481+0000] {processor.py:799} INFO - Processing file /opt/airflow/dags/dag_restart_data.py for tasks to queue
[2026-03-15T16:18:52.482+0000] {logging_mixin.py:149} INFO - [2026-03-15T16:18:52.482+0000] {dagbag.py:541} INFO - Filling up the DagBag from /opt/airflow/dags/dag_restart_data.py
[2026-03-15T16:18:52.490+0000] {processor.py:809} INFO - DAG(s) dict_keys(['dag_restart_data']) retrieved from /opt/airflow/dags/dag_restart_data.py
[2026-03-15T16:18:52.524+0000] {logging_mixin.py:149} INFO - [2026-03-15T16:18:52.524+0000] {dag.py:2726} INFO - Sync 1 DAGs
[2026-03-15T16:18:52.534+0000] {logging_mixin.py:149} INFO - [2026-03-15T16:18:52.534+0000] {dag.py:3490} INFO - Setting next_dagrun for dag_restart_data to None, run_after=None
[2026-03-15T16:18:52.608+0000] {processor.py:178} INFO - Processing /opt/airflow/dags/dag_restart_data.py took 0.132 seconds
[2026-03-15T16:19:23.035+0000] {processor.py:156} INFO - Started process (PID=8440) to work on /opt/airflow/dags/dag_restart_data.py
[2026-03-15T16:19:23.038+0000] {processor.py:799} INFO - Processing file /opt/airflow/dags/dag_restart_data.py for tasks to queue
[2026-03-15T16:19:23.038+0000] {logging_mixin.py:149} INFO - [2026-03-15T16:19:23.038+0000] {dagbag.py:541} INFO - Filling up the DagBag from /opt/airflow/dags/dag_restart_data.py
[2026-03-15T16:19:23.048+0000] {processor.py:809} INFO - DAG(s) dict_keys(['dag_restart_data']) retrieved from /opt/airflow/dags/dag_restart_data.py
[2026-03-15T16:19:23.079+0000] {logging_mixin.py:149} INFO - [2026-03-15T16:19:23.079+0000] {dag.py:2726} INFO - Sync 1 DAGs
[2026-03-15T16:19:23.104+0000] {logging_mixin.py:149} INFO - [2026-03-15T16:19:23.104+0000] {dag.py:3490} INFO - Setting next_dagrun for dag_restart_data to None, run_after=None
[2026-03-15T16:19:23.141+0000] {processor.py:178} INFO - Processing /opt/airflow/dags/dag_restart_data.py took 0.109 seconds
[2026-03-15T16:19:53.531+0000] {processor.py:156} INFO - Started process (PID=8472) to work on /opt/airflow/dags/dag_restart_data.py
[2026-03-15T16:19:53.532+0000] {processor.py:799} INFO - Processing file /opt/airflow/dags/dag_restart_data.py for tasks to queue
[2026-03-15T16:19:53.534+0000] {logging_mixin.py:149} INFO - [2026-03-15T16:19:53.534+0000] {dagbag.py:541} INFO - Filling up the DagBag from /opt/airflow/dags/dag_restart_data.py
[2026-03-15T16:19:53.542+0000] {processor.py:809} INFO - DAG(s) dict_keys(['dag_restart_data']) retrieved from /opt/airflow/dags/dag_restart_data.py
[2026-03-15T16:19:53.574+0000] {logging_mixin.py:149} INFO - [2026-03-15T16:19:53.574+0000] {dag.py:2726} INFO - Sync 1 DAGs
[2026-03-15T16:19:53.666+0000] {logging_mixin.py:149} INFO - [2026-03-15T16:19:53.666+0000] {dag.py:3490} INFO - Setting next_dagrun for dag_restart_data to None, run_after=None
[2026-03-15T16:19:53.672+0000] {processor.py:178} INFO - Processing /opt/airflow/dags/dag_restart_data.py took 0.143 seconds
[2026-03-15T16:20:24.141+0000] {processor.py:156} INFO - Started process (PID=8504) to work on /opt/airflow/dags/dag_restart_data.py
[2026-03-15T16:20:24.142+0000] {processor.py:799} INFO - Processing file /opt/airflow/dags/dag_restart_data.py for tasks to queue
[2026-03-15T16:20:24.142+0000] {logging_mixin.py:149} INFO - [2026-03-15T16:20:24.142+0000] {dagbag.py:541} INFO - Filling up the DagBag from /opt/airflow/dags/dag_restart_data.py
[2026-03-15T16:20:24.152+0000] {processor.py:809} INFO - DAG(s) dict_keys(['dag_restart_data']) retrieved from /opt/airflow/dags/dag_restart_data.py
[2026-03-15T16:20:24.179+0000] {logging_mixin.py:149} INFO - [2026-03-15T16:20:24.179+0000] {dag.py:2726} INFO - Sync 1 DAGs
[2026-03-15T16:20:24.199+0000] {logging_mixin.py:149} INFO - [2026-03-15T16:20:24.199+0000] {dag.py:3490} INFO - Setting next_dagrun for dag_restart_data to None, run_after=None
[2026-03-15T16:20:24.218+0000] {processor.py:178} INFO - Processing /opt/airflow/dags/dag_restart_data.py took 0.079 seconds
[2026-03-15T16:20:54.594+0000] {processor.py:156} INFO - Started process (PID=8533) to work on /opt/airflow/dags/dag_restart_data.py
[2026-03-15T16:20:54.595+0000] {processor.py:799} INFO - Processing file /opt/airflow/dags/dag_restart_data.py for tasks to queue
[2026-03-15T16:20:54.595+0000] {logging_mixin.py:149} INFO - [2026-03-15T16:20:54.595+0000] {dagbag.py:541} INFO - Filling up the DagBag from /opt/airflow/dags/dag_restart_data.py
[2026-03-15T16:20:54.604+0000] {processor.py:809} INFO - DAG(s) dict_keys(['dag_restart_data']) retrieved from /opt/airflow/dags/dag_restart_data.py
[2026-03-15T16:20:54.629+0000] {logging_mixin.py:149} INFO - [2026-03-15T16:20:54.628+0000] {dag.py:2726} INFO - Sync 1 DAGs
[2026-03-15T16:20:54.646+0000] {logging_mixin.py:149} INFO - [2026-03-15T16:20:54.646+0000] {dag.py:3490} INFO - Setting next_dagrun for dag_restart_data to None, run_after=None
[2026-03-15T16:20:54.657+0000] {processor.py:178} INFO - Processing /opt/airflow/dags/dag_restart_data.py took 0.067 seconds
[2026-03-15T17:26:55.135+0000] {processor.py:156} INFO - Started process (PID=8569) to work on /opt/airflow/dags/dag_restart_data.py
[2026-03-15T17:26:55.136+0000] {processor.py:799} INFO - Processing file /opt/airflow/dags/dag_restart_data.py for tasks to queue
[2026-03-15T17:26:55.137+0000] {logging_mixin.py:149} INFO - [2026-03-15T17:26:55.137+0000] {dagbag.py:541} INFO - Filling up the DagBag from /opt/airflow/dags/dag_restart_data.py
[2026-03-15T17:26:55.143+0000] {processor.py:809} INFO - DAG(s) dict_keys(['dag_restart_data']) retrieved from /opt/airflow/dags/dag_restart_data.py
[2026-03-15T17:26:55.181+0000] {logging_mixin.py:149} INFO - [2026-03-15T17:26:55.181+0000] {dag.py:2726} INFO - Sync 1 DAGs
[2026-03-15T17:26:55.238+0000] {logging_mixin.py:149} INFO - [2026-03-15T17:26:55.238+0000] {dag.py:3490} INFO - Setting next_dagrun for dag_restart_data to None, run_after=None
[2026-03-15T17:26:55.245+0000] {processor.py:178} INFO - Processing /opt/airflow/dags/dag_restart_data.py took 0.111 seconds
[2026-03-15T17:42:01.261+0000] {processor.py:156} INFO - Started process (PID=8602) to work on /opt/airflow/dags/dag_restart_data.py
[2026-03-15T17:42:01.263+0000] {processor.py:799} INFO - Processing file /opt/airflow/dags/dag_restart_data.py for tasks to queue
[2026-03-15T17:42:01.264+0000] {logging_mixin.py:149} INFO - [2026-03-15T17:42:01.264+0000] {dagbag.py:541} INFO - Filling up the DagBag from /opt/airflow/dags/dag_restart_data.py
[2026-03-15T17:42:01.273+0000] {processor.py:809} INFO - DAG(s) dict_keys(['dag_restart_data']) retrieved from /opt/airflow/dags/dag_restart_data.py
[2026-03-15T17:42:01.297+0000] {logging_mixin.py:149} INFO - [2026-03-15T17:42:01.297+0000] {dag.py:2726} INFO - Sync 1 DAGs
[2026-03-15T17:42:01.338+0000] {logging_mixin.py:149} INFO - [2026-03-15T17:42:01.338+0000] {dag.py:3490} INFO - Setting next_dagrun for dag_restart_data to None, run_after=None
[2026-03-15T17:42:01.368+0000] {processor.py:178} INFO - Processing /opt/airflow/dags/dag_restart_data.py took 0.109 seconds
[2026-03-15T18:02:13.906+0000] {processor.py:156} INFO - Started process (PID=8634) to work on /opt/airflow/dags/dag_restart_data.py
[2026-03-15T18:02:13.907+0000] {processor.py:799} INFO - Processing file /opt/airflow/dags/dag_restart_data.py for tasks to queue
[2026-03-15T18:02:13.908+0000] {logging_mixin.py:149} INFO - [2026-03-15T18:02:13.908+0000] {dagbag.py:541} INFO - Filling up the DagBag from /opt/airflow/dags/dag_restart_data.py
[2026-03-15T18:02:13.915+0000] {processor.py:809} INFO - DAG(s) dict_keys(['dag_restart_data']) retrieved from /opt/airflow/dags/dag_restart_data.py
[2026-03-15T18:02:13.955+0000] {logging_mixin.py:149} INFO - [2026-03-15T18:02:13.954+0000] {dag.py:2726} INFO - Sync 1 DAGs
[2026-03-15T18:02:13.986+0000] {logging_mixin.py:149} INFO - [2026-03-15T18:02:13.985+0000] {dag.py:3490} INFO - Setting next_dagrun for dag_restart_data to None, run_after=None
[2026-03-15T18:02:14.009+0000] {processor.py:178} INFO - Processing /opt/airflow/dags/dag_restart_data.py took 0.104 seconds
[2026-03-15T18:02:44.342+0000] {processor.py:156} INFO - Started process (PID=8663) to work on /opt/airflow/dags/dag_restart_data.py
[2026-03-15T18:02:44.343+0000] {processor.py:799} INFO - Processing file /opt/airflow/dags/dag_restart_data.py for tasks to queue
[2026-03-15T18:02:44.344+0000] {logging_mixin.py:149} INFO - [2026-03-15T18:02:44.343+0000] {dagbag.py:541} INFO - Filling up the DagBag from /opt/airflow/dags/dag_restart_data.py
[2026-03-15T18:02:44.351+0000] {processor.py:809} INFO - DAG(s) dict_keys(['dag_restart_data']) retrieved from /opt/airflow/dags/dag_restart_data.py
[2026-03-15T18:02:44.379+0000] {logging_mixin.py:149} INFO - [2026-03-15T18:02:44.379+0000] {dag.py:2726} INFO - Sync 1 DAGs
[2026-03-15T18:02:44.392+0000] {logging_mixin.py:149} INFO - [2026-03-15T18:02:44.392+0000] {dag.py:3490} INFO - Setting next_dagrun for dag_restart_data to None, run_after=None
[2026-03-15T18:02:44.405+0000] {processor.py:178} INFO - Processing /opt/airflow/dags/dag_restart_data.py took 0.067 seconds
[2026-03-15T18:37:27.566+0000] {processor.py:156} INFO - Started process (PID=8698) to work on /opt/airflow/dags/dag_restart_data.py
[2026-03-15T18:37:27.567+0000] {processor.py:799} INFO - Processing file /opt/airflow/dags/dag_restart_data.py for tasks to queue
[2026-03-15T18:37:27.568+0000] {logging_mixin.py:149} INFO - [2026-03-15T18:37:27.568+0000] {dagbag.py:541} INFO - Filling up the DagBag from /opt/airflow/dags/dag_restart_data.py
[2026-03-15T18:37:27.581+0000] {processor.py:809} INFO - DAG(s) dict_keys(['dag_restart_data']) retrieved from /opt/airflow/dags/dag_restart_data.py
[2026-03-15T18:37:27.640+0000] {logging_mixin.py:149} INFO - [2026-03-15T18:37:27.640+0000] {dag.py:2726} INFO - Sync 1 DAGs
[2026-03-15T18:37:27.679+0000] {logging_mixin.py:149} INFO - [2026-03-15T18:37:27.679+0000] {dag.py:3490} INFO - Setting next_dagrun for dag_restart_data to None, run_after=None
[2026-03-15T18:37:27.698+0000] {processor.py:178} INFO - Processing /opt/airflow/dags/dag_restart_data.py took 0.136 seconds
[2026-03-15T18:37:58.048+0000] {processor.py:156} INFO - Started process (PID=8727) to work on /opt/airflow/dags/dag_restart_data.py
[2026-03-15T18:37:58.050+0000] {processor.py:799} INFO - Processing file /opt/airflow/dags/dag_restart_data.py for tasks to queue
[2026-03-15T18:37:58.052+0000] {logging_mixin.py:149} INFO - [2026-03-15T18:37:58.052+0000] {dagbag.py:541} INFO - Filling up the DagBag from /opt/airflow/dags/dag_restart_data.py
[2026-03-15T18:37:58.061+0000] {processor.py:809} INFO - DAG(s) dict_keys(['dag_restart_data']) retrieved from /opt/airflow/dags/dag_restart_data.py
[2026-03-15T18:37:58.092+0000] {logging_mixin.py:149} INFO - [2026-03-15T18:37:58.092+0000] {dag.py:2726} INFO - Sync 1 DAGs
[2026-03-15T18:37:58.115+0000] {logging_mixin.py:149} INFO - [2026-03-15T18:37:58.115+0000] {dag.py:3490} INFO - Setting next_dagrun for dag_restart_data to None, run_after=None
[2026-03-15T18:37:58.133+0000] {processor.py:178} INFO - Processing /opt/airflow/dags/dag_restart_data.py took 0.090 seconds
[2026-03-15T18:54:14.488+0000] {processor.py:156} INFO - Started process (PID=8762) to work on /opt/airflow/dags/dag_restart_data.py
[2026-03-15T18:54:14.491+0000] {processor.py:799} INFO - Processing file /opt/airflow/dags/dag_restart_data.py for tasks to queue
[2026-03-15T18:54:14.492+0000] {logging_mixin.py:149} INFO - [2026-03-15T18:54:14.492+0000] {dagbag.py:541} INFO - Filling up the DagBag from /opt/airflow/dags/dag_restart_data.py
[2026-03-15T18:54:14.520+0000] {processor.py:809} INFO - DAG(s) dict_keys(['dag_restart_data']) retrieved from /opt/airflow/dags/dag_restart_data.py
[2026-03-15T18:54:14.608+0000] {logging_mixin.py:149} INFO - [2026-03-15T18:54:14.608+0000] {dag.py:2726} INFO - Sync 1 DAGs
[2026-03-15T18:54:14.707+0000] {logging_mixin.py:149} INFO - [2026-03-15T18:54:14.707+0000] {dag.py:3490} INFO - Setting next_dagrun for dag_restart_data to None, run_after=None
[2026-03-15T18:54:14.802+0000] {processor.py:178} INFO - Processing /opt/airflow/dags/dag_restart_data.py took 0.320 seconds
[2026-03-15T18:54:45.121+0000] {processor.py:156} INFO - Started process (PID=8793) to work on /opt/airflow/dags/dag_restart_data.py
[2026-03-15T18:54:45.122+0000] {processor.py:799} INFO - Processing file /opt/airflow/dags/dag_restart_data.py for tasks to queue
[2026-03-15T18:54:45.122+0000] {logging_mixin.py:149} INFO - [2026-03-15T18:54:45.122+0000] {dagbag.py:541} INFO - Filling up the DagBag from /opt/airflow/dags/dag_restart_data.py
[2026-03-15T18:54:45.127+0000] {processor.py:809} INFO - DAG(s) dict_keys(['dag_restart_data']) retrieved from /opt/airflow/dags/dag_restart_data.py
[2026-03-15T18:54:45.144+0000] {logging_mixin.py:149} INFO - [2026-03-15T18:54:45.144+0000] {dag.py:2726} INFO - Sync 1 DAGs
[2026-03-15T18:54:45.155+0000] {logging_mixin.py:149} INFO - [2026-03-15T18:54:45.155+0000] {dag.py:3490} INFO - Setting next_dagrun for dag_restart_data to None, run_after=None
[2026-03-15T18:54:45.163+0000] {processor.py:178} INFO - Processing /opt/airflow/dags/dag_restart_data.py took 0.045 seconds
[2026-03-15T18:55:15.597+0000] {processor.py:156} INFO - Started process (PID=8824) to work on /opt/airflow/dags/dag_restart_data.py
[2026-03-15T18:55:15.598+0000] {processor.py:799} INFO - Processing file /opt/airflow/dags/dag_restart_data.py for tasks to queue
[2026-03-15T18:55:15.599+0000] {logging_mixin.py:149} INFO - [2026-03-15T18:55:15.599+0000] {dagbag.py:541} INFO - Filling up the DagBag from /opt/airflow/dags/dag_restart_data.py
[2026-03-15T18:55:15.606+0000] {processor.py:809} INFO - DAG(s) dict_keys(['dag_restart_data']) retrieved from /opt/airflow/dags/dag_restart_data.py
[2026-03-15T18:55:15.628+0000] {logging_mixin.py:149} INFO - [2026-03-15T18:55:15.628+0000] {dag.py:2726} INFO - Sync 1 DAGs
[2026-03-15T18:55:15.640+0000] {logging_mixin.py:149} INFO - [2026-03-15T18:55:15.640+0000] {dag.py:3490} INFO - Setting next_dagrun for dag_restart_data to None, run_after=None
[2026-03-15T18:55:15.647+0000] {processor.py:178} INFO - Processing /opt/airflow/dags/dag_restart_data.py took 0.054 seconds
[2026-03-15T18:55:45.999+0000] {processor.py:156} INFO - Started process (PID=8856) to work on /opt/airflow/dags/dag_restart_data.py
[2026-03-15T18:55:45.999+0000] {processor.py:799} INFO - Processing file /opt/airflow/dags/dag_restart_data.py for tasks to queue
[2026-03-15T18:55:46.000+0000] {logging_mixin.py:149} INFO - [2026-03-15T18:55:46.000+0000] {dagbag.py:541} INFO - Filling up the DagBag from /opt/airflow/dags/dag_restart_data.py
[2026-03-15T18:55:46.008+0000] {processor.py:809} INFO - DAG(s) dict_keys(['dag_restart_data']) retrieved from /opt/airflow/dags/dag_restart_data.py
[2026-03-15T18:55:46.024+0000] {logging_mixin.py:149} INFO - [2026-03-15T18:55:46.024+0000] {dag.py:2726} INFO - Sync 1 DAGs
[2026-03-15T18:55:46.036+0000] {logging_mixin.py:149} INFO - [2026-03-15T18:55:46.036+0000] {dag.py:3490} INFO - Setting next_dagrun for dag_restart_data to None, run_after=None
[2026-03-15T18:55:46.043+0000] {processor.py:178} INFO - Processing /opt/airflow/dags/dag_restart_data.py took 0.049 seconds
[2026-03-15T18:56:16.356+0000] {processor.py:156} INFO - Started process (PID=8888) to work on /opt/airflow/dags/dag_restart_data.py
[2026-03-15T18:56:16.357+0000] {processor.py:799} INFO - Processing file /opt/airflow/dags/dag_restart_data.py for tasks to queue
[2026-03-15T18:56:16.358+0000] {logging_mixin.py:149} INFO - [2026-03-15T18:56:16.358+0000] {dagbag.py:541} INFO - Filling up the DagBag from /opt/airflow/dags/dag_restart_data.py
[2026-03-15T18:56:16.366+0000] {processor.py:809} INFO - DAG(s) dict_keys(['dag_restart_data']) retrieved from /opt/airflow/dags/dag_restart_data.py
[2026-03-15T18:56:16.388+0000] {logging_mixin.py:149} INFO - [2026-03-15T18:56:16.388+0000] {dag.py:2726} INFO - Sync 1 DAGs
[2026-03-15T18:56:16.400+0000] {logging_mixin.py:149} INFO - [2026-03-15T18:56:16.400+0000] {dag.py:3490} INFO - Setting next_dagrun for dag_restart_data to None, run_after=None
[2026-03-15T18:56:16.407+0000] {processor.py:178} INFO - Processing /opt/airflow/dags/dag_restart_data.py took 0.055 seconds
[2026-03-15T18:56:46.748+0000] {processor.py:156} INFO - Started process (PID=8920) to work on /opt/airflow/dags/dag_restart_data.py
[2026-03-15T18:56:46.749+0000] {processor.py:799} INFO - Processing file /opt/airflow/dags/dag_restart_data.py for tasks to queue
[2026-03-15T18:56:46.749+0000] {logging_mixin.py:149} INFO - [2026-03-15T18:56:46.749+0000] {dagbag.py:541} INFO - Filling up the DagBag from /opt/airflow/dags/dag_restart_data.py
[2026-03-15T18:56:46.755+0000] {processor.py:809} INFO - DAG(s) dict_keys(['dag_restart_data']) retrieved from /opt/airflow/dags/dag_restart_data.py
[2026-03-15T18:56:46.774+0000] {logging_mixin.py:149} INFO - [2026-03-15T18:56:46.774+0000] {dag.py:2726} INFO - Sync 1 DAGs
[2026-03-15T18:56:46.784+0000] {logging_mixin.py:149} INFO - [2026-03-15T18:56:46.784+0000] {dag.py:3490} INFO - Setting next_dagrun for dag_restart_data to None, run_after=None
[2026-03-15T18:56:46.791+0000] {processor.py:178} INFO - Processing /opt/airflow/dags/dag_restart_data.py took 0.047 seconds
[2026-03-15T19:03:27.409+0000] {processor.py:156} INFO - Started process (PID=8955) to work on /opt/airflow/dags/dag_restart_data.py
[2026-03-15T19:03:27.410+0000] {processor.py:799} INFO - Processing file /opt/airflow/dags/dag_restart_data.py for tasks to queue
[2026-03-15T19:03:27.410+0000] {logging_mixin.py:149} INFO - [2026-03-15T19:03:27.410+0000] {dagbag.py:541} INFO - Filling up the DagBag from /opt/airflow/dags/dag_restart_data.py
[2026-03-15T19:03:27.419+0000] {processor.py:809} INFO - DAG(s) dict_keys(['dag_restart_data']) retrieved from /opt/airflow/dags/dag_restart_data.py
[2026-03-15T19:03:27.445+0000] {logging_mixin.py:149} INFO - [2026-03-15T19:03:27.445+0000] {dag.py:2726} INFO - Sync 1 DAGs
[2026-03-15T19:03:27.461+0000] {logging_mixin.py:149} INFO - [2026-03-15T19:03:27.461+0000] {dag.py:3490} INFO - Setting next_dagrun for dag_restart_data to None, run_after=None
[2026-03-15T19:03:27.471+0000] {processor.py:178} INFO - Processing /opt/airflow/dags/dag_restart_data.py took 0.064 seconds
[2026-03-15T19:03:57.896+0000] {processor.py:156} INFO - Started process (PID=8988) to work on /opt/airflow/dags/dag_restart_data.py
[2026-03-15T19:03:57.897+0000] {processor.py:799} INFO - Processing file /opt/airflow/dags/dag_restart_data.py for tasks to queue
[2026-03-15T19:03:57.898+0000] {logging_mixin.py:149} INFO - [2026-03-15T19:03:57.898+0000] {dagbag.py:541} INFO - Filling up the DagBag from /opt/airflow/dags/dag_restart_data.py
[2026-03-15T19:03:57.906+0000] {processor.py:809} INFO - DAG(s) dict_keys(['dag_restart_data']) retrieved from /opt/airflow/dags/dag_restart_data.py
[2026-03-15T19:03:57.929+0000] {logging_mixin.py:149} INFO - [2026-03-15T19:03:57.929+0000] {dag.py:2726} INFO - Sync 1 DAGs
[2026-03-15T19:03:57.946+0000] {logging_mixin.py:149} INFO - [2026-03-15T19:03:57.946+0000] {dag.py:3490} INFO - Setting next_dagrun for dag_restart_data to None, run_after=None
[2026-03-15T19:03:57.972+0000] {processor.py:178} INFO - Processing /opt/airflow/dags/dag_restart_data.py took 0.078 seconds
[2026-03-15T19:50:35.765+0000] {processor.py:156} INFO - Started process (PID=9020) to work on /opt/airflow/dags/dag_restart_data.py
[2026-03-15T19:50:35.766+0000] {processor.py:799} INFO - Processing file /opt/airflow/dags/dag_restart_data.py for tasks to queue
[2026-03-15T19:50:35.766+0000] {logging_mixin.py:149} INFO - [2026-03-15T19:50:35.766+0000] {dagbag.py:541} INFO - Filling up the DagBag from /opt/airflow/dags/dag_restart_data.py
[2026-03-15T19:50:35.776+0000] {processor.py:809} INFO - DAG(s) dict_keys(['dag_restart_data']) retrieved from /opt/airflow/dags/dag_restart_data.py
[2026-03-15T19:50:35.807+0000] {logging_mixin.py:149} INFO - [2026-03-15T19:50:35.807+0000] {dag.py:2726} INFO - Sync 1 DAGs
[2026-03-15T19:50:35.833+0000] {logging_mixin.py:149} INFO - [2026-03-15T19:50:35.832+0000] {dag.py:3490} INFO - Setting next_dagrun for dag_restart_data to None, run_after=None
[2026-03-15T19:50:35.853+0000] {processor.py:178} INFO - Processing /opt/airflow/dags/dag_restart_data.py took 0.090 seconds
[2026-03-15T19:58:18.484+0000] {processor.py:156} INFO - Started process (PID=9054) to work on /opt/airflow/dags/dag_restart_data.py
[2026-03-15T19:58:18.486+0000] {processor.py:799} INFO - Processing file /opt/airflow/dags/dag_restart_data.py for tasks to queue
[2026-03-15T19:58:18.487+0000] {logging_mixin.py:149} INFO - [2026-03-15T19:58:18.486+0000] {dagbag.py:541} INFO - Filling up the DagBag from /opt/airflow/dags/dag_restart_data.py
[2026-03-15T19:58:18.497+0000] {processor.py:809} INFO - DAG(s) dict_keys(['dag_restart_data']) retrieved from /opt/airflow/dags/dag_restart_data.py
[2026-03-15T19:58:18.539+0000] {logging_mixin.py:149} INFO - [2026-03-15T19:58:18.539+0000] {dag.py:2726} INFO - Sync 1 DAGs
[2026-03-15T19:58:18.577+0000] {logging_mixin.py:149} INFO - [2026-03-15T19:58:18.577+0000] {dag.py:3490} INFO - Setting next_dagrun for dag_restart_data to None, run_after=None
[2026-03-15T19:58:18.593+0000] {processor.py:178} INFO - Processing /opt/airflow/dags/dag_restart_data.py took 0.112 seconds
[2026-03-15T19:58:49.021+0000] {processor.py:156} INFO - Started process (PID=9083) to work on /opt/airflow/dags/dag_restart_data.py
[2026-03-15T19:58:49.022+0000] {processor.py:799} INFO - Processing file /opt/airflow/dags/dag_restart_data.py for tasks to queue
[2026-03-15T19:58:49.022+0000] {logging_mixin.py:149} INFO - [2026-03-15T19:58:49.022+0000] {dagbag.py:541} INFO - Filling up the DagBag from /opt/airflow/dags/dag_restart_data.py
[2026-03-15T19:58:49.030+0000] {processor.py:809} INFO - DAG(s) dict_keys(['dag_restart_data']) retrieved from /opt/airflow/dags/dag_restart_data.py
[2026-03-15T19:58:49.054+0000] {logging_mixin.py:149} INFO - [2026-03-15T19:58:49.054+0000] {dag.py:2726} INFO - Sync 1 DAGs
[2026-03-15T19:58:49.066+0000] {logging_mixin.py:149} INFO - [2026-03-15T19:58:49.066+0000] {dag.py:3490} INFO - Setting next_dagrun for dag_restart_data to None, run_after=None
[2026-03-15T19:58:49.077+0000] {processor.py:178} INFO - Processing /opt/airflow/dags/dag_restart_data.py took 0.061 seconds
[2026-03-15T20:04:26.417+0000] {processor.py:156} INFO - Started process (PID=9118) to work on /opt/airflow/dags/dag_restart_data.py
[2026-03-15T20:04:26.418+0000] {processor.py:799} INFO - Processing file /opt/airflow/dags/dag_restart_data.py for tasks to queue
[2026-03-15T20:04:26.418+0000] {logging_mixin.py:149} INFO - [2026-03-15T20:04:26.418+0000] {dagbag.py:541} INFO - Filling up the DagBag from /opt/airflow/dags/dag_restart_data.py
[2026-03-15T20:04:26.430+0000] {processor.py:809} INFO - DAG(s) dict_keys(['dag_restart_data']) retrieved from /opt/airflow/dags/dag_restart_data.py
[2026-03-15T20:04:26.461+0000] {logging_mixin.py:149} INFO - [2026-03-15T20:04:26.461+0000] {dag.py:2726} INFO - Sync 1 DAGs
[2026-03-15T20:04:26.492+0000] {logging_mixin.py:149} INFO - [2026-03-15T20:04:26.492+0000] {dag.py:3490} INFO - Setting next_dagrun for dag_restart_data to None, run_after=None
[2026-03-15T20:04:26.522+0000] {processor.py:178} INFO - Processing /opt/airflow/dags/dag_restart_data.py took 0.107 seconds
[2026-03-15T20:36:16.802+0000] {processor.py:156} INFO - Started process (PID=9150) to work on /opt/airflow/dags/dag_restart_data.py
[2026-03-15T20:36:16.804+0000] {processor.py:799} INFO - Processing file /opt/airflow/dags/dag_restart_data.py for tasks to queue
[2026-03-15T20:36:16.808+0000] {logging_mixin.py:149} INFO - [2026-03-15T20:36:16.808+0000] {dagbag.py:541} INFO - Filling up the DagBag from /opt/airflow/dags/dag_restart_data.py
[2026-03-15T20:36:16.815+0000] {processor.py:809} INFO - DAG(s) dict_keys(['dag_restart_data']) retrieved from /opt/airflow/dags/dag_restart_data.py
[2026-03-15T20:36:16.872+0000] {logging_mixin.py:149} INFO - [2026-03-15T20:36:16.872+0000] {dag.py:2726} INFO - Sync 1 DAGs
[2026-03-15T20:36:16.904+0000] {logging_mixin.py:149} INFO - [2026-03-15T20:36:16.903+0000] {dag.py:3490} INFO - Setting next_dagrun for dag_restart_data to None, run_after=None
[2026-03-15T20:36:16.925+0000] {processor.py:178} INFO - Processing /opt/airflow/dags/dag_restart_data.py took 0.126 seconds
[2026-03-15T20:52:09.170+0000] {processor.py:156} INFO - Started process (PID=9182) to work on /opt/airflow/dags/dag_restart_data.py
[2026-03-15T20:52:09.171+0000] {processor.py:799} INFO - Processing file /opt/airflow/dags/dag_restart_data.py for tasks to queue
[2026-03-15T20:52:09.174+0000] {logging_mixin.py:149} INFO - [2026-03-15T20:52:09.173+0000] {dagbag.py:541} INFO - Filling up the DagBag from /opt/airflow/dags/dag_restart_data.py
[2026-03-15T20:52:09.180+0000] {processor.py:809} INFO - DAG(s) dict_keys(['dag_restart_data']) retrieved from /opt/airflow/dags/dag_restart_data.py
[2026-03-15T20:52:09.209+0000] {logging_mixin.py:149} INFO - [2026-03-15T20:52:09.209+0000] {dag.py:2726} INFO - Sync 1 DAGs
[2026-03-15T20:52:09.229+0000] {logging_mixin.py:149} INFO - [2026-03-15T20:52:09.229+0000] {dag.py:3490} INFO - Setting next_dagrun for dag_restart_data to None, run_after=None
[2026-03-15T20:52:09.237+0000] {processor.py:178} INFO - Processing /opt/airflow/dags/dag_restart_data.py took 0.070 seconds
[2026-03-15T21:05:34.704+0000] {processor.py:156} INFO - Started process (PID=9214) to work on /opt/airflow/dags/dag_restart_data.py
[2026-03-15T21:05:34.705+0000] {processor.py:799} INFO - Processing file /opt/airflow/dags/dag_restart_data.py for tasks to queue
[2026-03-15T21:05:34.705+0000] {logging_mixin.py:149} INFO - [2026-03-15T21:05:34.705+0000] {dagbag.py:541} INFO - Filling up the DagBag from /opt/airflow/dags/dag_restart_data.py
[2026-03-15T21:05:34.714+0000] {processor.py:809} INFO - DAG(s) dict_keys(['dag_restart_data']) retrieved from /opt/airflow/dags/dag_restart_data.py
[2026-03-15T21:05:34.735+0000] {logging_mixin.py:149} INFO - [2026-03-15T21:05:34.735+0000] {dag.py:2726} INFO - Sync 1 DAGs
[2026-03-15T21:05:34.751+0000] {logging_mixin.py:149} INFO - [2026-03-15T21:05:34.751+0000] {dag.py:3490} INFO - Setting next_dagrun for dag_restart_data to None, run_after=None
[2026-03-15T21:05:34.775+0000] {processor.py:178} INFO - Processing /opt/airflow/dags/dag_restart_data.py took 0.073 seconds
[2026-03-15T21:40:32.041+0000] {processor.py:156} INFO - Started process (PID=9246) to work on /opt/airflow/dags/dag_restart_data.py
[2026-03-15T21:40:32.042+0000] {processor.py:799} INFO - Processing file /opt/airflow/dags/dag_restart_data.py for tasks to queue
[2026-03-15T21:40:32.042+0000] {logging_mixin.py:149} INFO - [2026-03-15T21:40:32.042+0000] {dagbag.py:541} INFO - Filling up the DagBag from /opt/airflow/dags/dag_restart_data.py
[2026-03-15T21:40:32.050+0000] {processor.py:809} INFO - DAG(s) dict_keys(['dag_restart_data']) retrieved from /opt/airflow/dags/dag_restart_data.py
[2026-03-15T21:40:32.087+0000] {logging_mixin.py:149} INFO - [2026-03-15T21:40:32.087+0000] {dag.py:2726} INFO - Sync 1 DAGs
[2026-03-15T21:40:32.110+0000] {logging_mixin.py:149} INFO - [2026-03-15T21:40:32.109+0000] {dag.py:3490} INFO - Setting next_dagrun for dag_restart_data to None, run_after=None
[2026-03-15T21:40:32.136+0000] {processor.py:178} INFO - Processing /opt/airflow/dags/dag_restart_data.py took 0.096 seconds
[2026-03-15T21:56:41.453+0000] {processor.py:156} INFO - Started process (PID=9279) to work on /opt/airflow/dags/dag_restart_data.py
[2026-03-15T21:56:41.454+0000] {processor.py:799} INFO - Processing file /opt/airflow/dags/dag_restart_data.py for tasks to queue
[2026-03-15T21:56:41.456+0000] {logging_mixin.py:149} INFO - [2026-03-15T21:56:41.456+0000] {dagbag.py:541} INFO - Filling up the DagBag from /opt/airflow/dags/dag_restart_data.py
[2026-03-15T21:56:41.466+0000] {processor.py:809} INFO - DAG(s) dict_keys(['dag_restart_data']) retrieved from /opt/airflow/dags/dag_restart_data.py
[2026-03-15T21:56:41.488+0000] {logging_mixin.py:149} INFO - [2026-03-15T21:56:41.488+0000] {dag.py:2726} INFO - Sync 1 DAGs
[2026-03-15T21:56:41.507+0000] {logging_mixin.py:149} INFO - [2026-03-15T21:56:41.507+0000] {dag.py:3490} INFO - Setting next_dagrun for dag_restart_data to None, run_after=None
[2026-03-15T21:56:41.520+0000] {processor.py:178} INFO - Processing /opt/airflow/dags/dag_restart_data.py took 0.070 seconds
[2026-03-15T22:55:22.269+0000] {processor.py:156} INFO - Started process (PID=9311) to work on /opt/airflow/dags/dag_restart_data.py
[2026-03-15T22:55:22.271+0000] {processor.py:799} INFO - Processing file /opt/airflow/dags/dag_restart_data.py for tasks to queue
[2026-03-15T22:55:22.272+0000] {logging_mixin.py:149} INFO - [2026-03-15T22:55:22.272+0000] {dagbag.py:541} INFO - Filling up the DagBag from /opt/airflow/dags/dag_restart_data.py
[2026-03-15T22:55:22.278+0000] {processor.py:809} INFO - DAG(s) dict_keys(['dag_restart_data']) retrieved from /opt/airflow/dags/dag_restart_data.py
[2026-03-15T22:55:22.298+0000] {logging_mixin.py:149} INFO - [2026-03-15T22:55:22.298+0000] {dag.py:2726} INFO - Sync 1 DAGs
[2026-03-15T22:55:22.338+0000] {logging_mixin.py:149} INFO - [2026-03-15T22:55:22.338+0000] {dag.py:3490} INFO - Setting next_dagrun for dag_restart_data to None, run_after=None
[2026-03-15T22:55:22.360+0000] {processor.py:178} INFO - Processing /opt/airflow/dags/dag_restart_data.py took 0.092 seconds
[2026-03-15T23:07:38.542+0000] {processor.py:156} INFO - Started process (PID=9345) to work on /opt/airflow/dags/dag_restart_data.py
[2026-03-15T23:07:38.543+0000] {processor.py:799} INFO - Processing file /opt/airflow/dags/dag_restart_data.py for tasks to queue
[2026-03-15T23:07:38.543+0000] {logging_mixin.py:149} INFO - [2026-03-15T23:07:38.543+0000] {dagbag.py:541} INFO - Filling up the DagBag from /opt/airflow/dags/dag_restart_data.py
[2026-03-15T23:07:38.551+0000] {processor.py:809} INFO - DAG(s) dict_keys(['dag_restart_data']) retrieved from /opt/airflow/dags/dag_restart_data.py
[2026-03-15T23:07:38.573+0000] {logging_mixin.py:149} INFO - [2026-03-15T23:07:38.573+0000] {dag.py:2726} INFO - Sync 1 DAGs
[2026-03-15T23:07:38.583+0000] {logging_mixin.py:149} INFO - [2026-03-15T23:07:38.583+0000] {dag.py:3490} INFO - Setting next_dagrun for dag_restart_data to None, run_after=None
[2026-03-15T23:07:38.590+0000] {processor.py:178} INFO - Processing /opt/airflow/dags/dag_restart_data.py took 0.050 seconds
[2026-03-15T23:11:35.513+0000] {processor.py:156} INFO - Started process (PID=9377) to work on /opt/airflow/dags/dag_restart_data.py
[2026-03-15T23:11:35.514+0000] {processor.py:799} INFO - Processing file /opt/airflow/dags/dag_restart_data.py for tasks to queue
[2026-03-15T23:11:35.515+0000] {logging_mixin.py:149} INFO - [2026-03-15T23:11:35.515+0000] {dagbag.py:541} INFO - Filling up the DagBag from /opt/airflow/dags/dag_restart_data.py
[2026-03-15T23:11:35.525+0000] {processor.py:809} INFO - DAG(s) dict_keys(['dag_restart_data']) retrieved from /opt/airflow/dags/dag_restart_data.py
[2026-03-15T23:11:35.549+0000] {logging_mixin.py:149} INFO - [2026-03-15T23:11:35.549+0000] {dag.py:2726} INFO - Sync 1 DAGs
[2026-03-15T23:11:35.566+0000] {logging_mixin.py:149} INFO - [2026-03-15T23:11:35.566+0000] {dag.py:3490} INFO - Setting next_dagrun for dag_restart_data to None, run_after=None
[2026-03-15T23:11:35.572+0000] {processor.py:178} INFO - Processing /opt/airflow/dags/dag_restart_data.py took 0.062 seconds
[2026-03-15T23:50:28.702+0000] {processor.py:156} INFO - Started process (PID=9409) to work on /opt/airflow/dags/dag_restart_data.py
[2026-03-15T23:50:28.703+0000] {processor.py:799} INFO - Processing file /opt/airflow/dags/dag_restart_data.py for tasks to queue
[2026-03-15T23:50:28.705+0000] {logging_mixin.py:149} INFO - [2026-03-15T23:50:28.705+0000] {dagbag.py:541} INFO - Filling up the DagBag from /opt/airflow/dags/dag_restart_data.py
[2026-03-15T23:50:28.711+0000] {processor.py:809} INFO - DAG(s) dict_keys(['dag_restart_data']) retrieved from /opt/airflow/dags/dag_restart_data.py
[2026-03-15T23:50:28.731+0000] {logging_mixin.py:149} INFO - [2026-03-15T23:50:28.731+0000] {dag.py:2726} INFO - Sync 1 DAGs
[2026-03-15T23:50:28.740+0000] {logging_mixin.py:149} INFO - [2026-03-15T23:50:28.740+0000] {dag.py:3490} INFO - Setting next_dagrun for dag_restart_data to None, run_after=None
[2026-03-15T23:50:28.750+0000] {processor.py:178} INFO - Processing /opt/airflow/dags/dag_restart_data.py took 0.049 seconds
[2026-03-15T23:50:59.160+0000] {processor.py:156} INFO - Started process (PID=9441) to work on /opt/airflow/dags/dag_restart_data.py
[2026-03-15T23:50:59.162+0000] {processor.py:799} INFO - Processing file /opt/airflow/dags/dag_restart_data.py for tasks to queue
[2026-03-15T23:50:59.165+0000] {logging_mixin.py:149} INFO - [2026-03-15T23:50:59.165+0000] {dagbag.py:541} INFO - Filling up the DagBag from /opt/airflow/dags/dag_restart_data.py
[2026-03-15T23:50:59.175+0000] {processor.py:809} INFO - DAG(s) dict_keys(['dag_restart_data']) retrieved from /opt/airflow/dags/dag_restart_data.py
[2026-03-15T23:50:59.196+0000] {logging_mixin.py:149} INFO - [2026-03-15T23:50:59.196+0000] {dag.py:2726} INFO - Sync 1 DAGs
[2026-03-15T23:50:59.206+0000] {logging_mixin.py:149} INFO - [2026-03-15T23:50:59.206+0000] {dag.py:3490} INFO - Setting next_dagrun for dag_restart_data to None, run_after=None
[2026-03-15T23:50:59.219+0000] {processor.py:178} INFO - Processing /opt/airflow/dags/dag_restart_data.py took 0.062 seconds
