[2026-03-14T18:22:48.192+0000] {processor.py:156} INFO - Started process (PID=33) to work on /opt/airflow/dags/dag.py
[2026-03-14T18:22:48.193+0000] {processor.py:799} INFO - Processing file /opt/airflow/dags/dag.py for tasks to queue
[2026-03-14T18:22:48.195+0000] {logging_mixin.py:149} INFO - [2026-03-14T18:22:48.195+0000] {dagbag.py:541} INFO - Filling up the DagBag from /opt/airflow/dags/dag.py
[2026-03-14T18:22:48.209+0000] {processor.py:809} INFO - DAG(s) dict_keys(['dag_postgres_single_api_test']) retrieved from /opt/airflow/dags/dag.py
[2026-03-14T18:22:48.323+0000] {logging_mixin.py:149} INFO - [2026-03-14T18:22:48.323+0000] {dag.py:2726} INFO - Sync 1 DAGs
[2026-03-14T18:22:48.334+0000] {logging_mixin.py:149} INFO - [2026-03-14T18:22:48.333+0000] {dag.py:3490} INFO - Setting next_dagrun for dag_postgres_single_api_test to None, run_after=None
[2026-03-14T18:22:48.343+0000] {processor.py:178} INFO - Processing /opt/airflow/dags/dag.py took 0.153 seconds
[2026-03-14T18:23:18.572+0000] {processor.py:156} INFO - Started process (PID=51) to work on /opt/airflow/dags/dag.py
[2026-03-14T18:23:18.573+0000] {processor.py:799} INFO - Processing file /opt/airflow/dags/dag.py for tasks to queue
[2026-03-14T18:23:18.574+0000] {logging_mixin.py:149} INFO - [2026-03-14T18:23:18.574+0000] {dagbag.py:541} INFO - Filling up the DagBag from /opt/airflow/dags/dag.py
[2026-03-14T18:23:18.584+0000] {processor.py:809} INFO - DAG(s) dict_keys(['dag_postgres_single_api_test']) retrieved from /opt/airflow/dags/dag.py
[2026-03-14T18:23:18.608+0000] {logging_mixin.py:149} INFO - [2026-03-14T18:23:18.608+0000] {dag.py:2726} INFO - Sync 1 DAGs
[2026-03-14T18:23:18.621+0000] {logging_mixin.py:149} INFO - [2026-03-14T18:23:18.620+0000] {dag.py:3490} INFO - Setting next_dagrun for dag_postgres_single_api_test to None, run_after=None
[2026-03-14T18:23:18.628+0000] {processor.py:178} INFO - Processing /opt/airflow/dags/dag.py took 0.060 seconds
[2026-03-14T18:23:48.896+0000] {processor.py:156} INFO - Started process (PID=70) to work on /opt/airflow/dags/dag.py
[2026-03-14T18:23:48.896+0000] {processor.py:799} INFO - Processing file /opt/airflow/dags/dag.py for tasks to queue
[2026-03-14T18:23:48.897+0000] {logging_mixin.py:149} INFO - [2026-03-14T18:23:48.897+0000] {dagbag.py:541} INFO - Filling up the DagBag from /opt/airflow/dags/dag.py
[2026-03-14T18:23:48.906+0000] {processor.py:809} INFO - DAG(s) dict_keys(['dag_postgres_single_api_test']) retrieved from /opt/airflow/dags/dag.py
[2026-03-14T18:23:48.927+0000] {logging_mixin.py:149} INFO - [2026-03-14T18:23:48.927+0000] {dag.py:2726} INFO - Sync 1 DAGs
[2026-03-14T18:23:48.940+0000] {logging_mixin.py:149} INFO - [2026-03-14T18:23:48.940+0000] {dag.py:3490} INFO - Setting next_dagrun for dag_postgres_single_api_test to None, run_after=None
[2026-03-14T18:23:48.947+0000] {processor.py:178} INFO - Processing /opt/airflow/dags/dag.py took 0.054 seconds
[2026-03-14T18:24:19.218+0000] {processor.py:156} INFO - Started process (PID=89) to work on /opt/airflow/dags/dag.py
[2026-03-14T18:24:19.219+0000] {processor.py:799} INFO - Processing file /opt/airflow/dags/dag.py for tasks to queue
[2026-03-14T18:24:19.219+0000] {logging_mixin.py:149} INFO - [2026-03-14T18:24:19.219+0000] {dagbag.py:541} INFO - Filling up the DagBag from /opt/airflow/dags/dag.py
[2026-03-14T18:24:19.228+0000] {processor.py:809} INFO - DAG(s) dict_keys(['dag_postgres_single_api_test']) retrieved from /opt/airflow/dags/dag.py
[2026-03-14T18:24:19.249+0000] {logging_mixin.py:149} INFO - [2026-03-14T18:24:19.249+0000] {dag.py:2726} INFO - Sync 1 DAGs
[2026-03-14T18:24:19.262+0000] {logging_mixin.py:149} INFO - [2026-03-14T18:24:19.261+0000] {dag.py:3490} INFO - Setting next_dagrun for dag_postgres_single_api_test to None, run_after=None
[2026-03-14T18:24:19.269+0000] {processor.py:178} INFO - Processing /opt/airflow/dags/dag.py took 0.055 seconds
[2026-03-14T18:24:49.541+0000] {processor.py:156} INFO - Started process (PID=115) to work on /opt/airflow/dags/dag.py
[2026-03-14T18:24:49.542+0000] {processor.py:799} INFO - Processing file /opt/airflow/dags/dag.py for tasks to queue
[2026-03-14T18:24:49.543+0000] {logging_mixin.py:149} INFO - [2026-03-14T18:24:49.543+0000] {dagbag.py:541} INFO - Filling up the DagBag from /opt/airflow/dags/dag.py
[2026-03-14T18:24:49.553+0000] {processor.py:809} INFO - DAG(s) dict_keys(['dag_postgres_single_api_test']) retrieved from /opt/airflow/dags/dag.py
[2026-03-14T18:24:49.573+0000] {logging_mixin.py:149} INFO - [2026-03-14T18:24:49.573+0000] {dag.py:2726} INFO - Sync 1 DAGs
[2026-03-14T18:24:49.585+0000] {logging_mixin.py:149} INFO - [2026-03-14T18:24:49.585+0000] {dag.py:3490} INFO - Setting next_dagrun for dag_postgres_single_api_test to None, run_after=None
[2026-03-14T18:24:49.593+0000] {processor.py:178} INFO - Processing /opt/airflow/dags/dag.py took 0.056 seconds
[2026-03-14T18:25:19.837+0000] {processor.py:156} INFO - Started process (PID=134) to work on /opt/airflow/dags/dag.py
[2026-03-14T18:25:19.838+0000] {processor.py:799} INFO - Processing file /opt/airflow/dags/dag.py for tasks to queue
[2026-03-14T18:25:19.838+0000] {logging_mixin.py:149} INFO - [2026-03-14T18:25:19.838+0000] {dagbag.py:541} INFO - Filling up the DagBag from /opt/airflow/dags/dag.py
[2026-03-14T18:25:19.845+0000] {processor.py:809} INFO - DAG(s) dict_keys(['dag_postgres_single_api_test']) retrieved from /opt/airflow/dags/dag.py
[2026-03-14T18:25:19.861+0000] {logging_mixin.py:149} INFO - [2026-03-14T18:25:19.861+0000] {dag.py:2726} INFO - Sync 1 DAGs
[2026-03-14T18:25:19.873+0000] {logging_mixin.py:149} INFO - [2026-03-14T18:25:19.873+0000] {dag.py:3490} INFO - Setting next_dagrun for dag_postgres_single_api_test to None, run_after=None
[2026-03-14T18:25:19.879+0000] {processor.py:178} INFO - Processing /opt/airflow/dags/dag.py took 0.044 seconds
[2026-03-14T18:25:50.176+0000] {processor.py:156} INFO - Started process (PID=153) to work on /opt/airflow/dags/dag.py
[2026-03-14T18:25:50.176+0000] {processor.py:799} INFO - Processing file /opt/airflow/dags/dag.py for tasks to queue
[2026-03-14T18:25:50.177+0000] {logging_mixin.py:149} INFO - [2026-03-14T18:25:50.177+0000] {dagbag.py:541} INFO - Filling up the DagBag from /opt/airflow/dags/dag.py
[2026-03-14T18:25:50.185+0000] {processor.py:809} INFO - DAG(s) dict_keys(['dag_postgres_single_api_test']) retrieved from /opt/airflow/dags/dag.py
[2026-03-14T18:25:50.206+0000] {logging_mixin.py:149} INFO - [2026-03-14T18:25:50.205+0000] {dag.py:2726} INFO - Sync 1 DAGs
[2026-03-14T18:25:50.217+0000] {logging_mixin.py:149} INFO - [2026-03-14T18:25:50.217+0000] {dag.py:3490} INFO - Setting next_dagrun for dag_postgres_single_api_test to None, run_after=None
[2026-03-14T18:25:50.224+0000] {processor.py:178} INFO - Processing /opt/airflow/dags/dag.py took 0.052 seconds
[2026-03-14T18:26:20.506+0000] {processor.py:156} INFO - Started process (PID=172) to work on /opt/airflow/dags/dag.py
[2026-03-14T18:26:20.507+0000] {processor.py:799} INFO - Processing file /opt/airflow/dags/dag.py for tasks to queue
[2026-03-14T18:26:20.508+0000] {logging_mixin.py:149} INFO - [2026-03-14T18:26:20.507+0000] {dagbag.py:541} INFO - Filling up the DagBag from /opt/airflow/dags/dag.py
[2026-03-14T18:26:20.515+0000] {processor.py:809} INFO - DAG(s) dict_keys(['dag_postgres_single_api_test']) retrieved from /opt/airflow/dags/dag.py
[2026-03-14T18:26:20.536+0000] {logging_mixin.py:149} INFO - [2026-03-14T18:26:20.536+0000] {dag.py:2726} INFO - Sync 1 DAGs
[2026-03-14T18:26:20.547+0000] {logging_mixin.py:149} INFO - [2026-03-14T18:26:20.547+0000] {dag.py:3490} INFO - Setting next_dagrun for dag_postgres_single_api_test to None, run_after=None
[2026-03-14T18:26:20.554+0000] {processor.py:178} INFO - Processing /opt/airflow/dags/dag.py took 0.051 seconds
[2026-03-14T18:26:50.805+0000] {processor.py:156} INFO - Started process (PID=191) to work on /opt/airflow/dags/dag.py
[2026-03-14T18:26:50.806+0000] {processor.py:799} INFO - Processing file /opt/airflow/dags/dag.py for tasks to queue
[2026-03-14T18:26:50.807+0000] {logging_mixin.py:149} INFO - [2026-03-14T18:26:50.807+0000] {dagbag.py:541} INFO - Filling up the DagBag from /opt/airflow/dags/dag.py
[2026-03-14T18:26:50.814+0000] {processor.py:809} INFO - DAG(s) dict_keys(['dag_postgres_single_api_test']) retrieved from /opt/airflow/dags/dag.py
[2026-03-14T18:26:50.835+0000] {logging_mixin.py:149} INFO - [2026-03-14T18:26:50.835+0000] {dag.py:2726} INFO - Sync 1 DAGs
[2026-03-14T18:26:50.847+0000] {logging_mixin.py:149} INFO - [2026-03-14T18:26:50.847+0000] {dag.py:3490} INFO - Setting next_dagrun for dag_postgres_single_api_test to None, run_after=None
[2026-03-14T18:26:50.854+0000] {processor.py:178} INFO - Processing /opt/airflow/dags/dag.py took 0.052 seconds
[2026-03-14T18:27:21.132+0000] {processor.py:156} INFO - Started process (PID=210) to work on /opt/airflow/dags/dag.py
[2026-03-14T18:27:21.133+0000] {processor.py:799} INFO - Processing file /opt/airflow/dags/dag.py for tasks to queue
[2026-03-14T18:27:21.133+0000] {logging_mixin.py:149} INFO - [2026-03-14T18:27:21.133+0000] {dagbag.py:541} INFO - Filling up the DagBag from /opt/airflow/dags/dag.py
[2026-03-14T18:27:21.142+0000] {processor.py:809} INFO - DAG(s) dict_keys(['dag_postgres_single_api_test']) retrieved from /opt/airflow/dags/dag.py
[2026-03-14T18:27:21.187+0000] {logging_mixin.py:149} INFO - [2026-03-14T18:27:21.187+0000] {dag.py:2726} INFO - Sync 1 DAGs
[2026-03-14T18:27:21.196+0000] {logging_mixin.py:149} INFO - [2026-03-14T18:27:21.196+0000] {dag.py:3490} INFO - Setting next_dagrun for dag_postgres_single_api_test to None, run_after=None
[2026-03-14T18:27:21.203+0000] {processor.py:178} INFO - Processing /opt/airflow/dags/dag.py took 0.076 seconds
[2026-03-14T18:27:51.466+0000] {processor.py:156} INFO - Started process (PID=229) to work on /opt/airflow/dags/dag.py
[2026-03-14T18:27:51.467+0000] {processor.py:799} INFO - Processing file /opt/airflow/dags/dag.py for tasks to queue
[2026-03-14T18:27:51.468+0000] {logging_mixin.py:149} INFO - [2026-03-14T18:27:51.468+0000] {dagbag.py:541} INFO - Filling up the DagBag from /opt/airflow/dags/dag.py
[2026-03-14T18:27:51.476+0000] {processor.py:809} INFO - DAG(s) dict_keys(['dag_postgres_single_api_test']) retrieved from /opt/airflow/dags/dag.py
[2026-03-14T18:27:51.497+0000] {logging_mixin.py:149} INFO - [2026-03-14T18:27:51.497+0000] {dag.py:2726} INFO - Sync 1 DAGs
[2026-03-14T18:27:51.509+0000] {logging_mixin.py:149} INFO - [2026-03-14T18:27:51.509+0000] {dag.py:3490} INFO - Setting next_dagrun for dag_postgres_single_api_test to None, run_after=None
[2026-03-14T18:27:51.516+0000] {processor.py:178} INFO - Processing /opt/airflow/dags/dag.py took 0.054 seconds
[2026-03-14T18:28:35.948+0000] {processor.py:156} INFO - Started process (PID=33) to work on /opt/airflow/dags/dag.py
[2026-03-14T18:28:35.949+0000] {processor.py:799} INFO - Processing file /opt/airflow/dags/dag.py for tasks to queue
[2026-03-14T18:28:35.950+0000] {logging_mixin.py:149} INFO - [2026-03-14T18:28:35.950+0000] {dagbag.py:541} INFO - Filling up the DagBag from /opt/airflow/dags/dag.py
[2026-03-14T18:28:35.972+0000] {processor.py:809} INFO - DAG(s) dict_keys(['dag_postgres_single_api_test']) retrieved from /opt/airflow/dags/dag.py
[2026-03-14T18:28:36.049+0000] {logging_mixin.py:149} INFO - [2026-03-14T18:28:36.049+0000] {dag.py:2726} INFO - Sync 1 DAGs
[2026-03-14T18:28:36.060+0000] {logging_mixin.py:149} INFO - [2026-03-14T18:28:36.060+0000] {dag.py:3490} INFO - Setting next_dagrun for dag_postgres_single_api_test to None, run_after=None
[2026-03-14T18:28:36.068+0000] {processor.py:178} INFO - Processing /opt/airflow/dags/dag.py took 0.121 seconds
[2026-03-14T18:29:06.334+0000] {processor.py:156} INFO - Started process (PID=51) to work on /opt/airflow/dags/dag.py
[2026-03-14T18:29:06.335+0000] {processor.py:799} INFO - Processing file /opt/airflow/dags/dag.py for tasks to queue
[2026-03-14T18:29:06.336+0000] {logging_mixin.py:149} INFO - [2026-03-14T18:29:06.336+0000] {dagbag.py:541} INFO - Filling up the DagBag from /opt/airflow/dags/dag.py
[2026-03-14T18:29:06.346+0000] {processor.py:809} INFO - DAG(s) dict_keys(['dag_postgres_single_api_test']) retrieved from /opt/airflow/dags/dag.py
[2026-03-14T18:29:06.368+0000] {logging_mixin.py:149} INFO - [2026-03-14T18:29:06.368+0000] {dag.py:2726} INFO - Sync 1 DAGs
[2026-03-14T18:29:06.380+0000] {logging_mixin.py:149} INFO - [2026-03-14T18:29:06.380+0000] {dag.py:3490} INFO - Setting next_dagrun for dag_postgres_single_api_test to None, run_after=None
[2026-03-14T18:29:06.388+0000] {processor.py:178} INFO - Processing /opt/airflow/dags/dag.py took 0.058 seconds
[2026-03-14T18:29:36.658+0000] {processor.py:156} INFO - Started process (PID=70) to work on /opt/airflow/dags/dag.py
[2026-03-14T18:29:36.659+0000] {processor.py:799} INFO - Processing file /opt/airflow/dags/dag.py for tasks to queue
[2026-03-14T18:29:36.660+0000] {logging_mixin.py:149} INFO - [2026-03-14T18:29:36.660+0000] {dagbag.py:541} INFO - Filling up the DagBag from /opt/airflow/dags/dag.py
[2026-03-14T18:29:36.666+0000] {processor.py:809} INFO - DAG(s) dict_keys(['dag_postgres_single_api_test']) retrieved from /opt/airflow/dags/dag.py
[2026-03-14T18:29:36.684+0000] {logging_mixin.py:149} INFO - [2026-03-14T18:29:36.684+0000] {dag.py:2726} INFO - Sync 1 DAGs
[2026-03-14T18:29:36.696+0000] {logging_mixin.py:149} INFO - [2026-03-14T18:29:36.696+0000] {dag.py:3490} INFO - Setting next_dagrun for dag_postgres_single_api_test to None, run_after=None
[2026-03-14T18:29:36.705+0000] {processor.py:178} INFO - Processing /opt/airflow/dags/dag.py took 0.050 seconds
[2026-03-14T18:30:27.694+0000] {processor.py:156} INFO - Started process (PID=33) to work on /opt/airflow/dags/dag.py
[2026-03-14T18:30:27.695+0000] {processor.py:799} INFO - Processing file /opt/airflow/dags/dag.py for tasks to queue
[2026-03-14T18:30:27.695+0000] {logging_mixin.py:149} INFO - [2026-03-14T18:30:27.695+0000] {dagbag.py:541} INFO - Filling up the DagBag from /opt/airflow/dags/dag.py
[2026-03-14T18:30:27.716+0000] {processor.py:809} INFO - DAG(s) dict_keys(['dag_postgres_single_api_test']) retrieved from /opt/airflow/dags/dag.py
[2026-03-14T18:30:27.782+0000] {logging_mixin.py:149} INFO - [2026-03-14T18:30:27.782+0000] {dag.py:2726} INFO - Sync 1 DAGs
[2026-03-14T18:30:27.796+0000] {logging_mixin.py:149} INFO - [2026-03-14T18:30:27.796+0000] {dag.py:3490} INFO - Setting next_dagrun for dag_postgres_single_api_test to None, run_after=None
[2026-03-14T18:30:27.804+0000] {processor.py:178} INFO - Processing /opt/airflow/dags/dag.py took 0.111 seconds
[2026-03-14T18:30:57.833+0000] {processor.py:156} INFO - Started process (PID=51) to work on /opt/airflow/dags/dag.py
[2026-03-14T18:30:57.834+0000] {processor.py:799} INFO - Processing file /opt/airflow/dags/dag.py for tasks to queue
[2026-03-14T18:30:57.835+0000] {logging_mixin.py:149} INFO - [2026-03-14T18:30:57.835+0000] {dagbag.py:541} INFO - Filling up the DagBag from /opt/airflow/dags/dag.py
[2026-03-14T18:30:57.842+0000] {processor.py:809} INFO - DAG(s) dict_keys(['dag_postgres_single_api_test']) retrieved from /opt/airflow/dags/dag.py
[2026-03-14T18:30:57.859+0000] {logging_mixin.py:149} INFO - [2026-03-14T18:30:57.859+0000] {dag.py:2726} INFO - Sync 1 DAGs
[2026-03-14T18:30:57.870+0000] {logging_mixin.py:149} INFO - [2026-03-14T18:30:57.870+0000] {dag.py:3490} INFO - Setting next_dagrun for dag_postgres_single_api_test to None, run_after=None
[2026-03-14T18:30:57.878+0000] {processor.py:178} INFO - Processing /opt/airflow/dags/dag.py took 0.048 seconds
[2026-03-14T18:31:28.159+0000] {processor.py:156} INFO - Started process (PID=70) to work on /opt/airflow/dags/dag.py
[2026-03-14T18:31:28.159+0000] {processor.py:799} INFO - Processing file /opt/airflow/dags/dag.py for tasks to queue
[2026-03-14T18:31:28.160+0000] {logging_mixin.py:149} INFO - [2026-03-14T18:31:28.160+0000] {dagbag.py:541} INFO - Filling up the DagBag from /opt/airflow/dags/dag.py
[2026-03-14T18:31:28.170+0000] {processor.py:809} INFO - DAG(s) dict_keys(['dag_postgres_single_api_test']) retrieved from /opt/airflow/dags/dag.py
[2026-03-14T18:31:28.186+0000] {logging_mixin.py:149} INFO - [2026-03-14T18:31:28.186+0000] {dag.py:2726} INFO - Sync 1 DAGs
[2026-03-14T18:31:28.197+0000] {logging_mixin.py:149} INFO - [2026-03-14T18:31:28.197+0000] {dag.py:3490} INFO - Setting next_dagrun for dag_postgres_single_api_test to None, run_after=None
[2026-03-14T18:31:28.204+0000] {processor.py:178} INFO - Processing /opt/airflow/dags/dag.py took 0.049 seconds
[2026-03-14T18:31:58.432+0000] {processor.py:156} INFO - Started process (PID=89) to work on /opt/airflow/dags/dag.py
[2026-03-14T18:31:58.432+0000] {processor.py:799} INFO - Processing file /opt/airflow/dags/dag.py for tasks to queue
[2026-03-14T18:31:58.433+0000] {logging_mixin.py:149} INFO - [2026-03-14T18:31:58.433+0000] {dagbag.py:541} INFO - Filling up the DagBag from /opt/airflow/dags/dag.py
[2026-03-14T18:31:58.441+0000] {processor.py:809} INFO - DAG(s) dict_keys(['dag_postgres_single_api_test']) retrieved from /opt/airflow/dags/dag.py
[2026-03-14T18:31:58.461+0000] {logging_mixin.py:149} INFO - [2026-03-14T18:31:58.461+0000] {dag.py:2726} INFO - Sync 1 DAGs
[2026-03-14T18:31:58.472+0000] {logging_mixin.py:149} INFO - [2026-03-14T18:31:58.472+0000] {dag.py:3490} INFO - Setting next_dagrun for dag_postgres_single_api_test to None, run_after=None
[2026-03-14T18:31:58.479+0000] {processor.py:178} INFO - Processing /opt/airflow/dags/dag.py took 0.051 seconds
[2026-03-14T18:32:28.704+0000] {processor.py:156} INFO - Started process (PID=108) to work on /opt/airflow/dags/dag.py
[2026-03-14T18:32:28.705+0000] {processor.py:799} INFO - Processing file /opt/airflow/dags/dag.py for tasks to queue
[2026-03-14T18:32:28.706+0000] {logging_mixin.py:149} INFO - [2026-03-14T18:32:28.706+0000] {dagbag.py:541} INFO - Filling up the DagBag from /opt/airflow/dags/dag.py
[2026-03-14T18:32:28.711+0000] {processor.py:809} INFO - DAG(s) dict_keys(['dag_postgres_single_api_test']) retrieved from /opt/airflow/dags/dag.py
[2026-03-14T18:32:28.722+0000] {logging_mixin.py:149} INFO - [2026-03-14T18:32:28.722+0000] {dag.py:2726} INFO - Sync 1 DAGs
[2026-03-14T18:32:28.731+0000] {logging_mixin.py:149} INFO - [2026-03-14T18:32:28.731+0000] {dag.py:3490} INFO - Setting next_dagrun for dag_postgres_single_api_test to None, run_after=None
[2026-03-14T18:32:28.737+0000] {processor.py:178} INFO - Processing /opt/airflow/dags/dag.py took 0.035 seconds
[2026-03-14T18:32:58.981+0000] {processor.py:156} INFO - Started process (PID=127) to work on /opt/airflow/dags/dag.py
[2026-03-14T18:32:58.982+0000] {processor.py:799} INFO - Processing file /opt/airflow/dags/dag.py for tasks to queue
[2026-03-14T18:32:58.983+0000] {logging_mixin.py:149} INFO - [2026-03-14T18:32:58.982+0000] {dagbag.py:541} INFO - Filling up the DagBag from /opt/airflow/dags/dag.py
[2026-03-14T18:32:58.990+0000] {processor.py:809} INFO - DAG(s) dict_keys(['dag_postgres_single_api_test']) retrieved from /opt/airflow/dags/dag.py
[2026-03-14T18:32:59.007+0000] {logging_mixin.py:149} INFO - [2026-03-14T18:32:59.007+0000] {dag.py:2726} INFO - Sync 1 DAGs
[2026-03-14T18:32:59.018+0000] {logging_mixin.py:149} INFO - [2026-03-14T18:32:59.018+0000] {dag.py:3490} INFO - Setting next_dagrun for dag_postgres_single_api_test to None, run_after=None
[2026-03-14T18:32:59.025+0000] {processor.py:178} INFO - Processing /opt/airflow/dags/dag.py took 0.047 seconds
[2026-03-14T18:33:29.243+0000] {processor.py:156} INFO - Started process (PID=153) to work on /opt/airflow/dags/dag.py
[2026-03-14T18:33:29.243+0000] {processor.py:799} INFO - Processing file /opt/airflow/dags/dag.py for tasks to queue
[2026-03-14T18:33:29.244+0000] {logging_mixin.py:149} INFO - [2026-03-14T18:33:29.244+0000] {dagbag.py:541} INFO - Filling up the DagBag from /opt/airflow/dags/dag.py
[2026-03-14T18:33:29.249+0000] {processor.py:809} INFO - DAG(s) dict_keys(['dag_postgres_single_api_test']) retrieved from /opt/airflow/dags/dag.py
[2026-03-14T18:33:29.265+0000] {logging_mixin.py:149} INFO - [2026-03-14T18:33:29.265+0000] {dag.py:2726} INFO - Sync 1 DAGs
[2026-03-14T18:33:29.277+0000] {logging_mixin.py:149} INFO - [2026-03-14T18:33:29.277+0000] {dag.py:3490} INFO - Setting next_dagrun for dag_postgres_single_api_test to None, run_after=None
[2026-03-14T18:33:29.285+0000] {processor.py:178} INFO - Processing /opt/airflow/dags/dag.py took 0.045 seconds
[2026-03-14T18:33:59.529+0000] {processor.py:156} INFO - Started process (PID=172) to work on /opt/airflow/dags/dag.py
[2026-03-14T18:33:59.530+0000] {processor.py:799} INFO - Processing file /opt/airflow/dags/dag.py for tasks to queue
[2026-03-14T18:33:59.530+0000] {logging_mixin.py:149} INFO - [2026-03-14T18:33:59.530+0000] {dagbag.py:541} INFO - Filling up the DagBag from /opt/airflow/dags/dag.py
[2026-03-14T18:33:59.537+0000] {processor.py:809} INFO - DAG(s) dict_keys(['dag_postgres_single_api_test']) retrieved from /opt/airflow/dags/dag.py
[2026-03-14T18:33:59.557+0000] {logging_mixin.py:149} INFO - [2026-03-14T18:33:59.557+0000] {dag.py:2726} INFO - Sync 1 DAGs
[2026-03-14T18:33:59.568+0000] {logging_mixin.py:149} INFO - [2026-03-14T18:33:59.568+0000] {dag.py:3490} INFO - Setting next_dagrun for dag_postgres_single_api_test to None, run_after=None
[2026-03-14T18:33:59.575+0000] {processor.py:178} INFO - Processing /opt/airflow/dags/dag.py took 0.050 seconds
[2026-03-14T18:34:29.819+0000] {processor.py:156} INFO - Started process (PID=191) to work on /opt/airflow/dags/dag.py
[2026-03-14T18:34:29.820+0000] {processor.py:799} INFO - Processing file /opt/airflow/dags/dag.py for tasks to queue
[2026-03-14T18:34:29.821+0000] {logging_mixin.py:149} INFO - [2026-03-14T18:34:29.821+0000] {dagbag.py:541} INFO - Filling up the DagBag from /opt/airflow/dags/dag.py
[2026-03-14T18:34:29.829+0000] {processor.py:809} INFO - DAG(s) dict_keys(['dag_postgres_single_api_test']) retrieved from /opt/airflow/dags/dag.py
[2026-03-14T18:34:29.849+0000] {logging_mixin.py:149} INFO - [2026-03-14T18:34:29.849+0000] {dag.py:2726} INFO - Sync 1 DAGs
[2026-03-14T18:34:29.860+0000] {logging_mixin.py:149} INFO - [2026-03-14T18:34:29.860+0000] {dag.py:3490} INFO - Setting next_dagrun for dag_postgres_single_api_test to None, run_after=None
[2026-03-14T18:34:29.867+0000] {processor.py:178} INFO - Processing /opt/airflow/dags/dag.py took 0.052 seconds
[2026-03-14T18:35:00.117+0000] {processor.py:156} INFO - Started process (PID=210) to work on /opt/airflow/dags/dag.py
[2026-03-14T18:35:00.118+0000] {processor.py:799} INFO - Processing file /opt/airflow/dags/dag.py for tasks to queue
[2026-03-14T18:35:00.119+0000] {logging_mixin.py:149} INFO - [2026-03-14T18:35:00.119+0000] {dagbag.py:541} INFO - Filling up the DagBag from /opt/airflow/dags/dag.py
[2026-03-14T18:35:00.128+0000] {processor.py:809} INFO - DAG(s) dict_keys(['dag_postgres_single_api_test']) retrieved from /opt/airflow/dags/dag.py
[2026-03-14T18:35:00.148+0000] {logging_mixin.py:149} INFO - [2026-03-14T18:35:00.148+0000] {dag.py:2726} INFO - Sync 1 DAGs
[2026-03-14T18:35:00.160+0000] {logging_mixin.py:149} INFO - [2026-03-14T18:35:00.160+0000] {dag.py:3490} INFO - Setting next_dagrun for dag_postgres_single_api_test to None, run_after=None
[2026-03-14T18:35:00.167+0000] {processor.py:178} INFO - Processing /opt/airflow/dags/dag.py took 0.054 seconds
[2026-03-14T18:35:30.396+0000] {processor.py:156} INFO - Started process (PID=229) to work on /opt/airflow/dags/dag.py
[2026-03-14T18:35:30.397+0000] {processor.py:799} INFO - Processing file /opt/airflow/dags/dag.py for tasks to queue
[2026-03-14T18:35:30.397+0000] {logging_mixin.py:149} INFO - [2026-03-14T18:35:30.397+0000] {dagbag.py:541} INFO - Filling up the DagBag from /opt/airflow/dags/dag.py
[2026-03-14T18:35:30.407+0000] {processor.py:809} INFO - DAG(s) dict_keys(['dag_postgres_single_api_test']) retrieved from /opt/airflow/dags/dag.py
[2026-03-14T18:35:30.430+0000] {logging_mixin.py:149} INFO - [2026-03-14T18:35:30.429+0000] {dag.py:2726} INFO - Sync 1 DAGs
[2026-03-14T18:35:30.443+0000] {logging_mixin.py:149} INFO - [2026-03-14T18:35:30.443+0000] {dag.py:3490} INFO - Setting next_dagrun for dag_postgres_single_api_test to None, run_after=None
[2026-03-14T18:35:30.451+0000] {processor.py:178} INFO - Processing /opt/airflow/dags/dag.py took 0.059 seconds
[2026-03-14T18:36:00.703+0000] {processor.py:156} INFO - Started process (PID=248) to work on /opt/airflow/dags/dag.py
[2026-03-14T18:36:00.704+0000] {processor.py:799} INFO - Processing file /opt/airflow/dags/dag.py for tasks to queue
[2026-03-14T18:36:00.705+0000] {logging_mixin.py:149} INFO - [2026-03-14T18:36:00.704+0000] {dagbag.py:541} INFO - Filling up the DagBag from /opt/airflow/dags/dag.py
[2026-03-14T18:36:00.713+0000] {processor.py:809} INFO - DAG(s) dict_keys(['dag_postgres_single_api_test']) retrieved from /opt/airflow/dags/dag.py
[2026-03-14T18:36:00.734+0000] {logging_mixin.py:149} INFO - [2026-03-14T18:36:00.734+0000] {dag.py:2726} INFO - Sync 1 DAGs
[2026-03-14T18:36:00.746+0000] {logging_mixin.py:149} INFO - [2026-03-14T18:36:00.746+0000] {dag.py:3490} INFO - Setting next_dagrun for dag_postgres_single_api_test to None, run_after=None
[2026-03-14T18:36:00.754+0000] {processor.py:178} INFO - Processing /opt/airflow/dags/dag.py took 0.055 seconds
[2026-03-14T18:36:31.020+0000] {processor.py:156} INFO - Started process (PID=267) to work on /opt/airflow/dags/dag.py
[2026-03-14T18:36:31.021+0000] {processor.py:799} INFO - Processing file /opt/airflow/dags/dag.py for tasks to queue
[2026-03-14T18:36:31.021+0000] {logging_mixin.py:149} INFO - [2026-03-14T18:36:31.021+0000] {dagbag.py:541} INFO - Filling up the DagBag from /opt/airflow/dags/dag.py
[2026-03-14T18:36:31.028+0000] {processor.py:809} INFO - DAG(s) dict_keys(['dag_postgres_single_api_test']) retrieved from /opt/airflow/dags/dag.py
[2026-03-14T18:36:31.047+0000] {logging_mixin.py:149} INFO - [2026-03-14T18:36:31.047+0000] {dag.py:2726} INFO - Sync 1 DAGs
[2026-03-14T18:36:31.061+0000] {logging_mixin.py:149} INFO - [2026-03-14T18:36:31.061+0000] {dag.py:3490} INFO - Setting next_dagrun for dag_postgres_single_api_test to None, run_after=None
[2026-03-14T18:36:31.071+0000] {processor.py:178} INFO - Processing /opt/airflow/dags/dag.py took 0.055 seconds
[2026-03-14T18:37:01.319+0000] {processor.py:156} INFO - Started process (PID=286) to work on /opt/airflow/dags/dag.py
[2026-03-14T18:37:01.320+0000] {processor.py:799} INFO - Processing file /opt/airflow/dags/dag.py for tasks to queue
[2026-03-14T18:37:01.321+0000] {logging_mixin.py:149} INFO - [2026-03-14T18:37:01.320+0000] {dagbag.py:541} INFO - Filling up the DagBag from /opt/airflow/dags/dag.py
[2026-03-14T18:37:01.326+0000] {processor.py:809} INFO - DAG(s) dict_keys(['dag_postgres_single_api_test']) retrieved from /opt/airflow/dags/dag.py
[2026-03-14T18:37:01.338+0000] {logging_mixin.py:149} INFO - [2026-03-14T18:37:01.338+0000] {dag.py:2726} INFO - Sync 1 DAGs
[2026-03-14T18:37:01.348+0000] {logging_mixin.py:149} INFO - [2026-03-14T18:37:01.348+0000] {dag.py:3490} INFO - Setting next_dagrun for dag_postgres_single_api_test to None, run_after=None
[2026-03-14T18:37:01.354+0000] {processor.py:178} INFO - Processing /opt/airflow/dags/dag.py took 0.038 seconds
[2026-03-14T18:37:31.612+0000] {processor.py:156} INFO - Started process (PID=305) to work on /opt/airflow/dags/dag.py
[2026-03-14T18:37:31.613+0000] {processor.py:799} INFO - Processing file /opt/airflow/dags/dag.py for tasks to queue
[2026-03-14T18:37:31.613+0000] {logging_mixin.py:149} INFO - [2026-03-14T18:37:31.613+0000] {dagbag.py:541} INFO - Filling up the DagBag from /opt/airflow/dags/dag.py
[2026-03-14T18:37:31.618+0000] {processor.py:809} INFO - DAG(s) dict_keys(['dag_postgres_single_api_test']) retrieved from /opt/airflow/dags/dag.py
[2026-03-14T18:37:31.630+0000] {logging_mixin.py:149} INFO - [2026-03-14T18:37:31.630+0000] {dag.py:2726} INFO - Sync 1 DAGs
[2026-03-14T18:37:31.639+0000] {logging_mixin.py:149} INFO - [2026-03-14T18:37:31.639+0000] {dag.py:3490} INFO - Setting next_dagrun for dag_postgres_single_api_test to None, run_after=None
[2026-03-14T18:37:31.646+0000] {processor.py:178} INFO - Processing /opt/airflow/dags/dag.py took 0.036 seconds
[2026-03-14T18:38:01.914+0000] {processor.py:156} INFO - Started process (PID=324) to work on /opt/airflow/dags/dag.py
[2026-03-14T18:38:01.915+0000] {processor.py:799} INFO - Processing file /opt/airflow/dags/dag.py for tasks to queue
[2026-03-14T18:38:01.916+0000] {logging_mixin.py:149} INFO - [2026-03-14T18:38:01.915+0000] {dagbag.py:541} INFO - Filling up the DagBag from /opt/airflow/dags/dag.py
[2026-03-14T18:38:01.923+0000] {processor.py:809} INFO - DAG(s) dict_keys(['dag_postgres_single_api_test']) retrieved from /opt/airflow/dags/dag.py
[2026-03-14T18:38:01.944+0000] {logging_mixin.py:149} INFO - [2026-03-14T18:38:01.944+0000] {dag.py:2726} INFO - Sync 1 DAGs
[2026-03-14T18:38:01.956+0000] {logging_mixin.py:149} INFO - [2026-03-14T18:38:01.956+0000] {dag.py:3490} INFO - Setting next_dagrun for dag_postgres_single_api_test to None, run_after=None
[2026-03-14T18:38:01.963+0000] {processor.py:178} INFO - Processing /opt/airflow/dags/dag.py took 0.052 seconds
[2026-03-14T18:38:32.214+0000] {processor.py:156} INFO - Started process (PID=343) to work on /opt/airflow/dags/dag.py
[2026-03-14T18:38:32.215+0000] {processor.py:799} INFO - Processing file /opt/airflow/dags/dag.py for tasks to queue
[2026-03-14T18:38:32.215+0000] {logging_mixin.py:149} INFO - [2026-03-14T18:38:32.215+0000] {dagbag.py:541} INFO - Filling up the DagBag from /opt/airflow/dags/dag.py
[2026-03-14T18:38:32.222+0000] {processor.py:809} INFO - DAG(s) dict_keys(['dag_postgres_single_api_test']) retrieved from /opt/airflow/dags/dag.py
[2026-03-14T18:38:32.236+0000] {logging_mixin.py:149} INFO - [2026-03-14T18:38:32.236+0000] {dag.py:2726} INFO - Sync 1 DAGs
[2026-03-14T18:38:32.247+0000] {logging_mixin.py:149} INFO - [2026-03-14T18:38:32.247+0000] {dag.py:3490} INFO - Setting next_dagrun for dag_postgres_single_api_test to None, run_after=None
[2026-03-14T18:38:32.254+0000] {processor.py:178} INFO - Processing /opt/airflow/dags/dag.py took 0.042 seconds
[2026-03-14T18:39:02.497+0000] {processor.py:156} INFO - Started process (PID=362) to work on /opt/airflow/dags/dag.py
[2026-03-14T18:39:02.497+0000] {processor.py:799} INFO - Processing file /opt/airflow/dags/dag.py for tasks to queue
[2026-03-14T18:39:02.498+0000] {logging_mixin.py:149} INFO - [2026-03-14T18:39:02.498+0000] {dagbag.py:541} INFO - Filling up the DagBag from /opt/airflow/dags/dag.py
[2026-03-14T18:39:02.503+0000] {processor.py:809} INFO - DAG(s) dict_keys(['dag_postgres_single_api_test']) retrieved from /opt/airflow/dags/dag.py
[2026-03-14T18:39:02.519+0000] {logging_mixin.py:149} INFO - [2026-03-14T18:39:02.519+0000] {dag.py:2726} INFO - Sync 1 DAGs
[2026-03-14T18:39:02.530+0000] {logging_mixin.py:149} INFO - [2026-03-14T18:39:02.530+0000] {dag.py:3490} INFO - Setting next_dagrun for dag_postgres_single_api_test to None, run_after=None
[2026-03-14T18:39:02.536+0000] {processor.py:178} INFO - Processing /opt/airflow/dags/dag.py took 0.042 seconds
[2026-03-14T18:39:32.799+0000] {processor.py:156} INFO - Started process (PID=381) to work on /opt/airflow/dags/dag.py
[2026-03-14T18:39:32.800+0000] {processor.py:799} INFO - Processing file /opt/airflow/dags/dag.py for tasks to queue
[2026-03-14T18:39:32.800+0000] {logging_mixin.py:149} INFO - [2026-03-14T18:39:32.800+0000] {dagbag.py:541} INFO - Filling up the DagBag from /opt/airflow/dags/dag.py
[2026-03-14T18:39:32.808+0000] {processor.py:809} INFO - DAG(s) dict_keys(['dag_postgres_single_api_test']) retrieved from /opt/airflow/dags/dag.py
[2026-03-14T18:39:32.828+0000] {logging_mixin.py:149} INFO - [2026-03-14T18:39:32.828+0000] {dag.py:2726} INFO - Sync 1 DAGs
[2026-03-14T18:39:32.839+0000] {logging_mixin.py:149} INFO - [2026-03-14T18:39:32.839+0000] {dag.py:3490} INFO - Setting next_dagrun for dag_postgres_single_api_test to None, run_after=None
[2026-03-14T18:39:32.846+0000] {processor.py:178} INFO - Processing /opt/airflow/dags/dag.py took 0.051 seconds
[2026-03-14T18:40:03.097+0000] {processor.py:156} INFO - Started process (PID=400) to work on /opt/airflow/dags/dag.py
[2026-03-14T18:40:03.097+0000] {processor.py:799} INFO - Processing file /opt/airflow/dags/dag.py for tasks to queue
[2026-03-14T18:40:03.098+0000] {logging_mixin.py:149} INFO - [2026-03-14T18:40:03.098+0000] {dagbag.py:541} INFO - Filling up the DagBag from /opt/airflow/dags/dag.py
[2026-03-14T18:40:03.105+0000] {processor.py:809} INFO - DAG(s) dict_keys(['dag_postgres_single_api_test']) retrieved from /opt/airflow/dags/dag.py
[2026-03-14T18:40:03.125+0000] {logging_mixin.py:149} INFO - [2026-03-14T18:40:03.125+0000] {dag.py:2726} INFO - Sync 1 DAGs
[2026-03-14T18:40:03.137+0000] {logging_mixin.py:149} INFO - [2026-03-14T18:40:03.137+0000] {dag.py:3490} INFO - Setting next_dagrun for dag_postgres_single_api_test to None, run_after=None
[2026-03-14T18:40:03.145+0000] {processor.py:178} INFO - Processing /opt/airflow/dags/dag.py took 0.051 seconds
[2026-03-14T18:40:33.419+0000] {processor.py:156} INFO - Started process (PID=419) to work on /opt/airflow/dags/dag.py
[2026-03-14T18:40:33.419+0000] {processor.py:799} INFO - Processing file /opt/airflow/dags/dag.py for tasks to queue
[2026-03-14T18:40:33.420+0000] {logging_mixin.py:149} INFO - [2026-03-14T18:40:33.420+0000] {dagbag.py:541} INFO - Filling up the DagBag from /opt/airflow/dags/dag.py
[2026-03-14T18:40:33.426+0000] {processor.py:809} INFO - DAG(s) dict_keys(['dag_postgres_single_api_test']) retrieved from /opt/airflow/dags/dag.py
[2026-03-14T18:40:33.437+0000] {logging_mixin.py:149} INFO - [2026-03-14T18:40:33.437+0000] {dag.py:2726} INFO - Sync 1 DAGs
[2026-03-14T18:40:33.446+0000] {logging_mixin.py:149} INFO - [2026-03-14T18:40:33.446+0000] {dag.py:3490} INFO - Setting next_dagrun for dag_postgres_single_api_test to None, run_after=None
[2026-03-14T18:40:33.452+0000] {processor.py:178} INFO - Processing /opt/airflow/dags/dag.py took 0.037 seconds
[2026-03-14T18:41:03.735+0000] {processor.py:156} INFO - Started process (PID=438) to work on /opt/airflow/dags/dag.py
[2026-03-14T18:41:03.736+0000] {processor.py:799} INFO - Processing file /opt/airflow/dags/dag.py for tasks to queue
[2026-03-14T18:41:03.737+0000] {logging_mixin.py:149} INFO - [2026-03-14T18:41:03.737+0000] {dagbag.py:541} INFO - Filling up the DagBag from /opt/airflow/dags/dag.py
[2026-03-14T18:41:03.745+0000] {processor.py:809} INFO - DAG(s) dict_keys(['dag_postgres_single_api_test']) retrieved from /opt/airflow/dags/dag.py
[2026-03-14T18:41:03.770+0000] {logging_mixin.py:149} INFO - [2026-03-14T18:41:03.770+0000] {dag.py:2726} INFO - Sync 1 DAGs
[2026-03-14T18:41:03.783+0000] {logging_mixin.py:149} INFO - [2026-03-14T18:41:03.783+0000] {dag.py:3490} INFO - Setting next_dagrun for dag_postgres_single_api_test to None, run_after=None
[2026-03-14T18:41:03.791+0000] {processor.py:178} INFO - Processing /opt/airflow/dags/dag.py took 0.060 seconds
[2026-03-14T18:41:34.030+0000] {processor.py:156} INFO - Started process (PID=457) to work on /opt/airflow/dags/dag.py
[2026-03-14T18:41:34.031+0000] {processor.py:799} INFO - Processing file /opt/airflow/dags/dag.py for tasks to queue
[2026-03-14T18:41:34.031+0000] {logging_mixin.py:149} INFO - [2026-03-14T18:41:34.031+0000] {dagbag.py:541} INFO - Filling up the DagBag from /opt/airflow/dags/dag.py
[2026-03-14T18:41:34.036+0000] {processor.py:809} INFO - DAG(s) dict_keys(['dag_postgres_single_api_test']) retrieved from /opt/airflow/dags/dag.py
[2026-03-14T18:41:34.051+0000] {logging_mixin.py:149} INFO - [2026-03-14T18:41:34.051+0000] {dag.py:2726} INFO - Sync 1 DAGs
[2026-03-14T18:41:34.061+0000] {logging_mixin.py:149} INFO - [2026-03-14T18:41:34.061+0000] {dag.py:3490} INFO - Setting next_dagrun for dag_postgres_single_api_test to None, run_after=None
[2026-03-14T18:41:34.067+0000] {processor.py:178} INFO - Processing /opt/airflow/dags/dag.py took 0.039 seconds
[2026-03-14T18:42:04.335+0000] {processor.py:156} INFO - Started process (PID=476) to work on /opt/airflow/dags/dag.py
[2026-03-14T18:42:04.336+0000] {processor.py:799} INFO - Processing file /opt/airflow/dags/dag.py for tasks to queue
[2026-03-14T18:42:04.337+0000] {logging_mixin.py:149} INFO - [2026-03-14T18:42:04.337+0000] {dagbag.py:541} INFO - Filling up the DagBag from /opt/airflow/dags/dag.py
[2026-03-14T18:42:04.345+0000] {processor.py:809} INFO - DAG(s) dict_keys(['dag_postgres_single_api_test']) retrieved from /opt/airflow/dags/dag.py
[2026-03-14T18:42:04.370+0000] {logging_mixin.py:149} INFO - [2026-03-14T18:42:04.370+0000] {dag.py:2726} INFO - Sync 1 DAGs
[2026-03-14T18:42:04.382+0000] {logging_mixin.py:149} INFO - [2026-03-14T18:42:04.382+0000] {dag.py:3490} INFO - Setting next_dagrun for dag_postgres_single_api_test to None, run_after=None
[2026-03-14T18:42:04.389+0000] {processor.py:178} INFO - Processing /opt/airflow/dags/dag.py took 0.059 seconds
[2026-03-14T18:42:34.671+0000] {processor.py:156} INFO - Started process (PID=495) to work on /opt/airflow/dags/dag.py
[2026-03-14T18:42:34.672+0000] {processor.py:799} INFO - Processing file /opt/airflow/dags/dag.py for tasks to queue
[2026-03-14T18:42:34.673+0000] {logging_mixin.py:149} INFO - [2026-03-14T18:42:34.673+0000] {dagbag.py:541} INFO - Filling up the DagBag from /opt/airflow/dags/dag.py
[2026-03-14T18:42:34.681+0000] {processor.py:809} INFO - DAG(s) dict_keys(['dag_postgres_single_api_test']) retrieved from /opt/airflow/dags/dag.py
[2026-03-14T18:42:34.702+0000] {logging_mixin.py:149} INFO - [2026-03-14T18:42:34.702+0000] {dag.py:2726} INFO - Sync 1 DAGs
[2026-03-14T18:42:34.714+0000] {logging_mixin.py:149} INFO - [2026-03-14T18:42:34.714+0000] {dag.py:3490} INFO - Setting next_dagrun for dag_postgres_single_api_test to None, run_after=None
[2026-03-14T18:42:34.721+0000] {processor.py:178} INFO - Processing /opt/airflow/dags/dag.py took 0.054 seconds
[2026-03-14T18:43:04.972+0000] {processor.py:156} INFO - Started process (PID=514) to work on /opt/airflow/dags/dag.py
[2026-03-14T18:43:04.973+0000] {processor.py:799} INFO - Processing file /opt/airflow/dags/dag.py for tasks to queue
[2026-03-14T18:43:04.974+0000] {logging_mixin.py:149} INFO - [2026-03-14T18:43:04.973+0000] {dagbag.py:541} INFO - Filling up the DagBag from /opt/airflow/dags/dag.py
[2026-03-14T18:43:04.982+0000] {processor.py:809} INFO - DAG(s) dict_keys(['dag_postgres_single_api_test']) retrieved from /opt/airflow/dags/dag.py
[2026-03-14T18:43:05.005+0000] {logging_mixin.py:149} INFO - [2026-03-14T18:43:05.005+0000] {dag.py:2726} INFO - Sync 1 DAGs
[2026-03-14T18:43:05.017+0000] {logging_mixin.py:149} INFO - [2026-03-14T18:43:05.017+0000] {dag.py:3490} INFO - Setting next_dagrun for dag_postgres_single_api_test to None, run_after=None
[2026-03-14T18:43:05.024+0000] {processor.py:178} INFO - Processing /opt/airflow/dags/dag.py took 0.056 seconds
[2026-03-14T18:43:35.274+0000] {processor.py:156} INFO - Started process (PID=533) to work on /opt/airflow/dags/dag.py
[2026-03-14T18:43:35.275+0000] {processor.py:799} INFO - Processing file /opt/airflow/dags/dag.py for tasks to queue
[2026-03-14T18:43:35.275+0000] {logging_mixin.py:149} INFO - [2026-03-14T18:43:35.275+0000] {dagbag.py:541} INFO - Filling up the DagBag from /opt/airflow/dags/dag.py
[2026-03-14T18:43:35.283+0000] {processor.py:809} INFO - DAG(s) dict_keys(['dag_postgres_single_api_test']) retrieved from /opt/airflow/dags/dag.py
[2026-03-14T18:43:35.301+0000] {logging_mixin.py:149} INFO - [2026-03-14T18:43:35.301+0000] {dag.py:2726} INFO - Sync 1 DAGs
[2026-03-14T18:43:35.313+0000] {logging_mixin.py:149} INFO - [2026-03-14T18:43:35.313+0000] {dag.py:3490} INFO - Setting next_dagrun for dag_postgres_single_api_test to None, run_after=None
[2026-03-14T18:43:35.321+0000] {processor.py:178} INFO - Processing /opt/airflow/dags/dag.py took 0.051 seconds
[2026-03-14T18:44:05.594+0000] {processor.py:156} INFO - Started process (PID=552) to work on /opt/airflow/dags/dag.py
[2026-03-14T18:44:05.594+0000] {processor.py:799} INFO - Processing file /opt/airflow/dags/dag.py for tasks to queue
[2026-03-14T18:44:05.595+0000] {logging_mixin.py:149} INFO - [2026-03-14T18:44:05.595+0000] {dagbag.py:541} INFO - Filling up the DagBag from /opt/airflow/dags/dag.py
[2026-03-14T18:44:05.602+0000] {processor.py:809} INFO - DAG(s) dict_keys(['dag_postgres_single_api_test']) retrieved from /opt/airflow/dags/dag.py
[2026-03-14T18:44:05.622+0000] {logging_mixin.py:149} INFO - [2026-03-14T18:44:05.622+0000] {dag.py:2726} INFO - Sync 1 DAGs
[2026-03-14T18:44:05.635+0000] {logging_mixin.py:149} INFO - [2026-03-14T18:44:05.635+0000] {dag.py:3490} INFO - Setting next_dagrun for dag_postgres_single_api_test to None, run_after=None
[2026-03-14T18:44:05.643+0000] {processor.py:178} INFO - Processing /opt/airflow/dags/dag.py took 0.053 seconds
[2026-03-14T18:44:35.912+0000] {processor.py:156} INFO - Started process (PID=571) to work on /opt/airflow/dags/dag.py
[2026-03-14T18:44:35.913+0000] {processor.py:799} INFO - Processing file /opt/airflow/dags/dag.py for tasks to queue
[2026-03-14T18:44:35.914+0000] {logging_mixin.py:149} INFO - [2026-03-14T18:44:35.914+0000] {dagbag.py:541} INFO - Filling up the DagBag from /opt/airflow/dags/dag.py
[2026-03-14T18:44:35.921+0000] {processor.py:809} INFO - DAG(s) dict_keys(['dag_postgres_single_api_test']) retrieved from /opt/airflow/dags/dag.py
[2026-03-14T18:44:35.941+0000] {logging_mixin.py:149} INFO - [2026-03-14T18:44:35.941+0000] {dag.py:2726} INFO - Sync 1 DAGs
[2026-03-14T18:44:35.954+0000] {logging_mixin.py:149} INFO - [2026-03-14T18:44:35.954+0000] {dag.py:3490} INFO - Setting next_dagrun for dag_postgres_single_api_test to None, run_after=None
[2026-03-14T18:44:35.962+0000] {processor.py:178} INFO - Processing /opt/airflow/dags/dag.py took 0.052 seconds
[2026-03-14T18:45:06.209+0000] {processor.py:156} INFO - Started process (PID=590) to work on /opt/airflow/dags/dag.py
[2026-03-14T18:45:06.210+0000] {processor.py:799} INFO - Processing file /opt/airflow/dags/dag.py for tasks to queue
[2026-03-14T18:45:06.210+0000] {logging_mixin.py:149} INFO - [2026-03-14T18:45:06.210+0000] {dagbag.py:541} INFO - Filling up the DagBag from /opt/airflow/dags/dag.py
[2026-03-14T18:45:06.219+0000] {processor.py:809} INFO - DAG(s) dict_keys(['dag_postgres_single_api_test']) retrieved from /opt/airflow/dags/dag.py
[2026-03-14T18:45:06.239+0000] {logging_mixin.py:149} INFO - [2026-03-14T18:45:06.239+0000] {dag.py:2726} INFO - Sync 1 DAGs
[2026-03-14T18:45:06.250+0000] {logging_mixin.py:149} INFO - [2026-03-14T18:45:06.250+0000] {dag.py:3490} INFO - Setting next_dagrun for dag_postgres_single_api_test to None, run_after=None
[2026-03-14T18:45:06.258+0000] {processor.py:178} INFO - Processing /opt/airflow/dags/dag.py took 0.052 seconds
[2026-03-14T18:45:36.506+0000] {processor.py:156} INFO - Started process (PID=609) to work on /opt/airflow/dags/dag.py
[2026-03-14T18:45:36.507+0000] {processor.py:799} INFO - Processing file /opt/airflow/dags/dag.py for tasks to queue
[2026-03-14T18:45:36.507+0000] {logging_mixin.py:149} INFO - [2026-03-14T18:45:36.507+0000] {dagbag.py:541} INFO - Filling up the DagBag from /opt/airflow/dags/dag.py
[2026-03-14T18:45:36.514+0000] {processor.py:809} INFO - DAG(s) dict_keys(['dag_postgres_single_api_test']) retrieved from /opt/airflow/dags/dag.py
[2026-03-14T18:45:36.532+0000] {logging_mixin.py:149} INFO - [2026-03-14T18:45:36.532+0000] {dag.py:2726} INFO - Sync 1 DAGs
[2026-03-14T18:45:36.543+0000] {logging_mixin.py:149} INFO - [2026-03-14T18:45:36.543+0000] {dag.py:3490} INFO - Setting next_dagrun for dag_postgres_single_api_test to None, run_after=None
[2026-03-14T18:45:36.550+0000] {processor.py:178} INFO - Processing /opt/airflow/dags/dag.py took 0.047 seconds
[2026-03-14T18:46:06.774+0000] {processor.py:156} INFO - Started process (PID=628) to work on /opt/airflow/dags/dag.py
[2026-03-14T18:46:06.775+0000] {processor.py:799} INFO - Processing file /opt/airflow/dags/dag.py for tasks to queue
[2026-03-14T18:46:06.776+0000] {logging_mixin.py:149} INFO - [2026-03-14T18:46:06.775+0000] {dagbag.py:541} INFO - Filling up the DagBag from /opt/airflow/dags/dag.py
[2026-03-14T18:46:06.781+0000] {processor.py:809} INFO - DAG(s) dict_keys(['dag_postgres_single_api_test']) retrieved from /opt/airflow/dags/dag.py
[2026-03-14T18:46:06.798+0000] {logging_mixin.py:149} INFO - [2026-03-14T18:46:06.798+0000] {dag.py:2726} INFO - Sync 1 DAGs
[2026-03-14T18:46:06.812+0000] {logging_mixin.py:149} INFO - [2026-03-14T18:46:06.811+0000] {dag.py:3490} INFO - Setting next_dagrun for dag_postgres_single_api_test to None, run_after=None
[2026-03-14T18:46:06.820+0000] {processor.py:178} INFO - Processing /opt/airflow/dags/dag.py took 0.050 seconds
[2026-03-14T18:54:07.453+0000] {processor.py:156} INFO - Started process (PID=168) to work on /opt/airflow/dags/dag.py
[2026-03-14T18:54:07.455+0000] {processor.py:799} INFO - Processing file /opt/airflow/dags/dag.py for tasks to queue
[2026-03-14T18:54:07.456+0000] {logging_mixin.py:149} INFO - [2026-03-14T18:54:07.456+0000] {dagbag.py:541} INFO - Filling up the DagBag from /opt/airflow/dags/dag.py
[2026-03-14T18:54:07.470+0000] {processor.py:809} INFO - DAG(s) dict_keys(['dag_postgres_single_api_test']) retrieved from /opt/airflow/dags/dag.py
[2026-03-14T18:54:07.568+0000] {logging_mixin.py:149} INFO - [2026-03-14T18:54:07.568+0000] {dag.py:2726} INFO - Sync 1 DAGs
[2026-03-14T18:54:07.637+0000] {logging_mixin.py:149} INFO - [2026-03-14T18:54:07.637+0000] {dag.py:3490} INFO - Setting next_dagrun for dag_postgres_single_api_test to None, run_after=None
[2026-03-14T18:54:07.648+0000] {processor.py:178} INFO - Processing /opt/airflow/dags/dag.py took 0.198 seconds
[2026-03-14T18:54:37.702+0000] {processor.py:156} INFO - Started process (PID=228) to work on /opt/airflow/dags/dag.py
[2026-03-14T18:54:37.702+0000] {processor.py:799} INFO - Processing file /opt/airflow/dags/dag.py for tasks to queue
[2026-03-14T18:54:37.703+0000] {logging_mixin.py:149} INFO - [2026-03-14T18:54:37.703+0000] {dagbag.py:541} INFO - Filling up the DagBag from /opt/airflow/dags/dag.py
[2026-03-14T18:54:37.706+0000] {processor.py:809} INFO - DAG(s) dict_keys(['dag_postgres_single_api_test']) retrieved from /opt/airflow/dags/dag.py
[2026-03-14T18:54:37.720+0000] {logging_mixin.py:149} INFO - [2026-03-14T18:54:37.720+0000] {dag.py:2726} INFO - Sync 1 DAGs
[2026-03-14T18:54:37.730+0000] {logging_mixin.py:149} INFO - [2026-03-14T18:54:37.730+0000] {dag.py:3490} INFO - Setting next_dagrun for dag_postgres_single_api_test to None, run_after=None
[2026-03-14T18:54:37.796+0000] {processor.py:178} INFO - Processing /opt/airflow/dags/dag.py took 0.095 seconds
[2026-03-14T18:55:08.088+0000] {processor.py:156} INFO - Started process (PID=297) to work on /opt/airflow/dags/dag.py
[2026-03-14T18:55:08.088+0000] {processor.py:799} INFO - Processing file /opt/airflow/dags/dag.py for tasks to queue
[2026-03-14T18:55:08.089+0000] {logging_mixin.py:149} INFO - [2026-03-14T18:55:08.089+0000] {dagbag.py:541} INFO - Filling up the DagBag from /opt/airflow/dags/dag.py
[2026-03-14T18:55:08.098+0000] {processor.py:809} INFO - DAG(s) dict_keys(['dag_postgres_single_api_test']) retrieved from /opt/airflow/dags/dag.py
[2026-03-14T18:55:08.122+0000] {logging_mixin.py:149} INFO - [2026-03-14T18:55:08.121+0000] {dag.py:2726} INFO - Sync 1 DAGs
[2026-03-14T18:55:08.185+0000] {logging_mixin.py:149} INFO - [2026-03-14T18:55:08.185+0000] {dag.py:3490} INFO - Setting next_dagrun for dag_postgres_single_api_test to None, run_after=None
[2026-03-14T18:55:08.195+0000] {processor.py:178} INFO - Processing /opt/airflow/dags/dag.py took 0.111 seconds
[2026-03-14T18:55:38.566+0000] {processor.py:156} INFO - Started process (PID=324) to work on /opt/airflow/dags/dag.py
[2026-03-14T18:55:38.566+0000] {processor.py:799} INFO - Processing file /opt/airflow/dags/dag.py for tasks to queue
[2026-03-14T18:55:38.566+0000] {logging_mixin.py:149} INFO - [2026-03-14T18:55:38.566+0000] {dagbag.py:541} INFO - Filling up the DagBag from /opt/airflow/dags/dag.py
[2026-03-14T18:55:38.570+0000] {processor.py:809} INFO - DAG(s) dict_keys(['dag_postgres_single_api_test']) retrieved from /opt/airflow/dags/dag.py
[2026-03-14T18:55:38.581+0000] {logging_mixin.py:149} INFO - [2026-03-14T18:55:38.581+0000] {dag.py:2726} INFO - Sync 1 DAGs
[2026-03-14T18:55:38.590+0000] {logging_mixin.py:149} INFO - [2026-03-14T18:55:38.590+0000] {dag.py:3490} INFO - Setting next_dagrun for dag_postgres_single_api_test to None, run_after=None
[2026-03-14T18:55:38.596+0000] {processor.py:178} INFO - Processing /opt/airflow/dags/dag.py took 0.031 seconds
[2026-03-14T18:56:08.883+0000] {processor.py:156} INFO - Started process (PID=351) to work on /opt/airflow/dags/dag.py
[2026-03-14T18:56:08.884+0000] {processor.py:799} INFO - Processing file /opt/airflow/dags/dag.py for tasks to queue
[2026-03-14T18:56:08.884+0000] {logging_mixin.py:149} INFO - [2026-03-14T18:56:08.884+0000] {dagbag.py:541} INFO - Filling up the DagBag from /opt/airflow/dags/dag.py
[2026-03-14T18:56:08.893+0000] {processor.py:809} INFO - DAG(s) dict_keys(['dag_postgres_single_api_test']) retrieved from /opt/airflow/dags/dag.py
[2026-03-14T18:56:08.914+0000] {logging_mixin.py:149} INFO - [2026-03-14T18:56:08.914+0000] {dag.py:2726} INFO - Sync 1 DAGs
[2026-03-14T18:56:08.925+0000] {logging_mixin.py:149} INFO - [2026-03-14T18:56:08.925+0000] {dag.py:3490} INFO - Setting next_dagrun for dag_postgres_single_api_test to None, run_after=None
[2026-03-14T18:56:08.932+0000] {processor.py:178} INFO - Processing /opt/airflow/dags/dag.py took 0.053 seconds
[2026-03-14T18:56:39.253+0000] {processor.py:156} INFO - Started process (PID=385) to work on /opt/airflow/dags/dag.py
[2026-03-14T18:56:39.254+0000] {processor.py:799} INFO - Processing file /opt/airflow/dags/dag.py for tasks to queue
[2026-03-14T18:56:39.255+0000] {logging_mixin.py:149} INFO - [2026-03-14T18:56:39.254+0000] {dagbag.py:541} INFO - Filling up the DagBag from /opt/airflow/dags/dag.py
[2026-03-14T18:56:39.263+0000] {processor.py:809} INFO - DAG(s) dict_keys(['dag_postgres_single_api_test']) retrieved from /opt/airflow/dags/dag.py
[2026-03-14T18:56:39.284+0000] {logging_mixin.py:149} INFO - [2026-03-14T18:56:39.284+0000] {dag.py:2726} INFO - Sync 1 DAGs
[2026-03-14T18:56:39.296+0000] {logging_mixin.py:149} INFO - [2026-03-14T18:56:39.296+0000] {dag.py:3490} INFO - Setting next_dagrun for dag_postgres_single_api_test to None, run_after=None
[2026-03-14T18:56:39.303+0000] {processor.py:178} INFO - Processing /opt/airflow/dags/dag.py took 0.053 seconds
[2026-03-14T18:57:09.619+0000] {processor.py:156} INFO - Started process (PID=412) to work on /opt/airflow/dags/dag.py
[2026-03-14T18:57:09.620+0000] {processor.py:799} INFO - Processing file /opt/airflow/dags/dag.py for tasks to queue
[2026-03-14T18:57:09.621+0000] {logging_mixin.py:149} INFO - [2026-03-14T18:57:09.621+0000] {dagbag.py:541} INFO - Filling up the DagBag from /opt/airflow/dags/dag.py
[2026-03-14T18:57:09.629+0000] {processor.py:809} INFO - DAG(s) dict_keys(['dag_postgres_single_api_test']) retrieved from /opt/airflow/dags/dag.py
[2026-03-14T18:57:09.650+0000] {logging_mixin.py:149} INFO - [2026-03-14T18:57:09.650+0000] {dag.py:2726} INFO - Sync 1 DAGs
[2026-03-14T18:57:09.663+0000] {logging_mixin.py:149} INFO - [2026-03-14T18:57:09.662+0000] {dag.py:3490} INFO - Setting next_dagrun for dag_postgres_single_api_test to None, run_after=None
[2026-03-14T18:57:09.670+0000] {processor.py:178} INFO - Processing /opt/airflow/dags/dag.py took 0.054 seconds
[2026-03-14T18:57:39.926+0000] {processor.py:156} INFO - Started process (PID=439) to work on /opt/airflow/dags/dag.py
[2026-03-14T18:57:39.926+0000] {processor.py:799} INFO - Processing file /opt/airflow/dags/dag.py for tasks to queue
[2026-03-14T18:57:39.927+0000] {logging_mixin.py:149} INFO - [2026-03-14T18:57:39.927+0000] {dagbag.py:541} INFO - Filling up the DagBag from /opt/airflow/dags/dag.py
[2026-03-14T18:57:39.934+0000] {processor.py:809} INFO - DAG(s) dict_keys(['dag_postgres_single_api_test']) retrieved from /opt/airflow/dags/dag.py
[2026-03-14T18:57:39.954+0000] {logging_mixin.py:149} INFO - [2026-03-14T18:57:39.954+0000] {dag.py:2726} INFO - Sync 1 DAGs
[2026-03-14T18:57:39.966+0000] {logging_mixin.py:149} INFO - [2026-03-14T18:57:39.966+0000] {dag.py:3490} INFO - Setting next_dagrun for dag_postgres_single_api_test to None, run_after=None
[2026-03-14T18:57:39.974+0000] {processor.py:178} INFO - Processing /opt/airflow/dags/dag.py took 0.051 seconds
[2026-03-14T18:58:10.266+0000] {processor.py:156} INFO - Started process (PID=466) to work on /opt/airflow/dags/dag.py
[2026-03-14T18:58:10.267+0000] {processor.py:799} INFO - Processing file /opt/airflow/dags/dag.py for tasks to queue
[2026-03-14T18:58:10.267+0000] {logging_mixin.py:149} INFO - [2026-03-14T18:58:10.267+0000] {dagbag.py:541} INFO - Filling up the DagBag from /opt/airflow/dags/dag.py
[2026-03-14T18:58:10.275+0000] {processor.py:809} INFO - DAG(s) dict_keys(['dag_postgres_single_api_test']) retrieved from /opt/airflow/dags/dag.py
[2026-03-14T18:58:10.297+0000] {logging_mixin.py:149} INFO - [2026-03-14T18:58:10.297+0000] {dag.py:2726} INFO - Sync 1 DAGs
[2026-03-14T18:58:10.309+0000] {logging_mixin.py:149} INFO - [2026-03-14T18:58:10.309+0000] {dag.py:3490} INFO - Setting next_dagrun for dag_postgres_single_api_test to None, run_after=None
[2026-03-14T18:58:10.316+0000] {processor.py:178} INFO - Processing /opt/airflow/dags/dag.py took 0.054 seconds
[2026-03-14T18:58:40.586+0000] {processor.py:156} INFO - Started process (PID=493) to work on /opt/airflow/dags/dag.py
[2026-03-14T18:58:40.587+0000] {processor.py:799} INFO - Processing file /opt/airflow/dags/dag.py for tasks to queue
[2026-03-14T18:58:40.587+0000] {logging_mixin.py:149} INFO - [2026-03-14T18:58:40.587+0000] {dagbag.py:541} INFO - Filling up the DagBag from /opt/airflow/dags/dag.py
[2026-03-14T18:58:40.594+0000] {processor.py:809} INFO - DAG(s) dict_keys(['dag_postgres_single_api_test']) retrieved from /opt/airflow/dags/dag.py
[2026-03-14T18:58:40.610+0000] {logging_mixin.py:149} INFO - [2026-03-14T18:58:40.610+0000] {dag.py:2726} INFO - Sync 1 DAGs
[2026-03-14T18:58:40.623+0000] {logging_mixin.py:149} INFO - [2026-03-14T18:58:40.623+0000] {dag.py:3490} INFO - Setting next_dagrun for dag_postgres_single_api_test to None, run_after=None
[2026-03-14T18:58:40.631+0000] {processor.py:178} INFO - Processing /opt/airflow/dags/dag.py took 0.047 seconds
[2026-03-14T18:59:10.886+0000] {processor.py:156} INFO - Started process (PID=520) to work on /opt/airflow/dags/dag.py
[2026-03-14T18:59:10.887+0000] {processor.py:799} INFO - Processing file /opt/airflow/dags/dag.py for tasks to queue
[2026-03-14T18:59:10.887+0000] {logging_mixin.py:149} INFO - [2026-03-14T18:59:10.887+0000] {dagbag.py:541} INFO - Filling up the DagBag from /opt/airflow/dags/dag.py
[2026-03-14T18:59:10.895+0000] {processor.py:809} INFO - DAG(s) dict_keys(['dag_postgres_single_api_test']) retrieved from /opt/airflow/dags/dag.py
[2026-03-14T18:59:10.915+0000] {logging_mixin.py:149} INFO - [2026-03-14T18:59:10.915+0000] {dag.py:2726} INFO - Sync 1 DAGs
[2026-03-14T18:59:10.926+0000] {logging_mixin.py:149} INFO - [2026-03-14T18:59:10.926+0000] {dag.py:3490} INFO - Setting next_dagrun for dag_postgres_single_api_test to None, run_after=None
[2026-03-14T18:59:10.934+0000] {processor.py:178} INFO - Processing /opt/airflow/dags/dag.py took 0.051 seconds
[2026-03-14T18:59:41.191+0000] {processor.py:156} INFO - Started process (PID=547) to work on /opt/airflow/dags/dag.py
[2026-03-14T18:59:41.192+0000] {processor.py:799} INFO - Processing file /opt/airflow/dags/dag.py for tasks to queue
[2026-03-14T18:59:41.192+0000] {logging_mixin.py:149} INFO - [2026-03-14T18:59:41.192+0000] {dagbag.py:541} INFO - Filling up the DagBag from /opt/airflow/dags/dag.py
[2026-03-14T18:59:41.199+0000] {processor.py:809} INFO - DAG(s) dict_keys(['dag_postgres_single_api_test']) retrieved from /opt/airflow/dags/dag.py
[2026-03-14T18:59:41.218+0000] {logging_mixin.py:149} INFO - [2026-03-14T18:59:41.218+0000] {dag.py:2726} INFO - Sync 1 DAGs
[2026-03-14T18:59:41.229+0000] {logging_mixin.py:149} INFO - [2026-03-14T18:59:41.229+0000] {dag.py:3490} INFO - Setting next_dagrun for dag_postgres_single_api_test to None, run_after=None
[2026-03-14T18:59:41.236+0000] {processor.py:178} INFO - Processing /opt/airflow/dags/dag.py took 0.048 seconds
[2026-03-14T19:00:11.500+0000] {processor.py:156} INFO - Started process (PID=574) to work on /opt/airflow/dags/dag.py
[2026-03-14T19:00:11.501+0000] {processor.py:799} INFO - Processing file /opt/airflow/dags/dag.py for tasks to queue
[2026-03-14T19:00:11.502+0000] {logging_mixin.py:149} INFO - [2026-03-14T19:00:11.501+0000] {dagbag.py:541} INFO - Filling up the DagBag from /opt/airflow/dags/dag.py
[2026-03-14T19:00:11.510+0000] {processor.py:809} INFO - DAG(s) dict_keys(['dag_postgres_single_api_test']) retrieved from /opt/airflow/dags/dag.py
[2026-03-14T19:00:11.525+0000] {logging_mixin.py:149} INFO - [2026-03-14T19:00:11.525+0000] {dag.py:2726} INFO - Sync 1 DAGs
[2026-03-14T19:00:11.538+0000] {logging_mixin.py:149} INFO - [2026-03-14T19:00:11.538+0000] {dag.py:3490} INFO - Setting next_dagrun for dag_postgres_single_api_test to None, run_after=None
[2026-03-14T19:00:11.545+0000] {processor.py:178} INFO - Processing /opt/airflow/dags/dag.py took 0.049 seconds
[2026-03-14T19:00:41.821+0000] {processor.py:156} INFO - Started process (PID=601) to work on /opt/airflow/dags/dag.py
[2026-03-14T19:00:41.822+0000] {processor.py:799} INFO - Processing file /opt/airflow/dags/dag.py for tasks to queue
[2026-03-14T19:00:41.822+0000] {logging_mixin.py:149} INFO - [2026-03-14T19:00:41.822+0000] {dagbag.py:541} INFO - Filling up the DagBag from /opt/airflow/dags/dag.py
[2026-03-14T19:00:41.828+0000] {processor.py:809} INFO - DAG(s) dict_keys(['dag_postgres_single_api_test']) retrieved from /opt/airflow/dags/dag.py
[2026-03-14T19:00:41.844+0000] {logging_mixin.py:149} INFO - [2026-03-14T19:00:41.844+0000] {dag.py:2726} INFO - Sync 1 DAGs
[2026-03-14T19:00:41.854+0000] {logging_mixin.py:149} INFO - [2026-03-14T19:00:41.854+0000] {dag.py:3490} INFO - Setting next_dagrun for dag_postgres_single_api_test to None, run_after=None
[2026-03-14T19:00:41.860+0000] {processor.py:178} INFO - Processing /opt/airflow/dags/dag.py took 0.041 seconds
[2026-03-14T19:01:12.115+0000] {processor.py:156} INFO - Started process (PID=628) to work on /opt/airflow/dags/dag.py
[2026-03-14T19:01:12.115+0000] {processor.py:799} INFO - Processing file /opt/airflow/dags/dag.py for tasks to queue
[2026-03-14T19:01:12.115+0000] {logging_mixin.py:149} INFO - [2026-03-14T19:01:12.115+0000] {dagbag.py:541} INFO - Filling up the DagBag from /opt/airflow/dags/dag.py
[2026-03-14T19:01:12.119+0000] {processor.py:809} INFO - DAG(s) dict_keys(['dag_postgres_single_api_test']) retrieved from /opt/airflow/dags/dag.py
[2026-03-14T19:01:12.130+0000] {logging_mixin.py:149} INFO - [2026-03-14T19:01:12.130+0000] {dag.py:2726} INFO - Sync 1 DAGs
[2026-03-14T19:01:12.139+0000] {logging_mixin.py:149} INFO - [2026-03-14T19:01:12.139+0000] {dag.py:3490} INFO - Setting next_dagrun for dag_postgres_single_api_test to None, run_after=None
[2026-03-14T19:01:12.145+0000] {processor.py:178} INFO - Processing /opt/airflow/dags/dag.py took 0.032 seconds
[2026-03-14T19:01:42.411+0000] {processor.py:156} INFO - Started process (PID=655) to work on /opt/airflow/dags/dag.py
[2026-03-14T19:01:42.412+0000] {processor.py:799} INFO - Processing file /opt/airflow/dags/dag.py for tasks to queue
[2026-03-14T19:01:42.412+0000] {logging_mixin.py:149} INFO - [2026-03-14T19:01:42.412+0000] {dagbag.py:541} INFO - Filling up the DagBag from /opt/airflow/dags/dag.py
[2026-03-14T19:01:42.420+0000] {processor.py:809} INFO - DAG(s) dict_keys(['dag_postgres_single_api_test']) retrieved from /opt/airflow/dags/dag.py
[2026-03-14T19:01:42.441+0000] {logging_mixin.py:149} INFO - [2026-03-14T19:01:42.441+0000] {dag.py:2726} INFO - Sync 1 DAGs
[2026-03-14T19:01:42.451+0000] {logging_mixin.py:149} INFO - [2026-03-14T19:01:42.451+0000] {dag.py:3490} INFO - Setting next_dagrun for dag_postgres_single_api_test to None, run_after=None
[2026-03-14T19:01:42.458+0000] {processor.py:178} INFO - Processing /opt/airflow/dags/dag.py took 0.050 seconds
[2026-03-14T19:02:12.708+0000] {processor.py:156} INFO - Started process (PID=682) to work on /opt/airflow/dags/dag.py
[2026-03-14T19:02:12.708+0000] {processor.py:799} INFO - Processing file /opt/airflow/dags/dag.py for tasks to queue
[2026-03-14T19:02:12.709+0000] {logging_mixin.py:149} INFO - [2026-03-14T19:02:12.709+0000] {dagbag.py:541} INFO - Filling up the DagBag from /opt/airflow/dags/dag.py
[2026-03-14T19:02:12.712+0000] {processor.py:809} INFO - DAG(s) dict_keys(['dag_postgres_single_api_test']) retrieved from /opt/airflow/dags/dag.py
[2026-03-14T19:02:12.723+0000] {logging_mixin.py:149} INFO - [2026-03-14T19:02:12.723+0000] {dag.py:2726} INFO - Sync 1 DAGs
[2026-03-14T19:02:12.733+0000] {logging_mixin.py:149} INFO - [2026-03-14T19:02:12.733+0000] {dag.py:3490} INFO - Setting next_dagrun for dag_postgres_single_api_test to None, run_after=None
[2026-03-14T19:02:12.739+0000] {processor.py:178} INFO - Processing /opt/airflow/dags/dag.py took 0.033 seconds
[2026-03-14T19:02:43.049+0000] {processor.py:156} INFO - Started process (PID=709) to work on /opt/airflow/dags/dag.py
[2026-03-14T19:02:43.049+0000] {processor.py:799} INFO - Processing file /opt/airflow/dags/dag.py for tasks to queue
[2026-03-14T19:02:43.050+0000] {logging_mixin.py:149} INFO - [2026-03-14T19:02:43.050+0000] {dagbag.py:541} INFO - Filling up the DagBag from /opt/airflow/dags/dag.py
[2026-03-14T19:02:43.058+0000] {processor.py:809} INFO - DAG(s) dict_keys(['dag_postgres_single_api_test']) retrieved from /opt/airflow/dags/dag.py
[2026-03-14T19:02:43.080+0000] {logging_mixin.py:149} INFO - [2026-03-14T19:02:43.079+0000] {dag.py:2726} INFO - Sync 1 DAGs
[2026-03-14T19:02:43.091+0000] {logging_mixin.py:149} INFO - [2026-03-14T19:02:43.091+0000] {dag.py:3490} INFO - Setting next_dagrun for dag_postgres_single_api_test to None, run_after=None
[2026-03-14T19:02:43.098+0000] {processor.py:178} INFO - Processing /opt/airflow/dags/dag.py took 0.053 seconds
[2026-03-14T19:03:13.362+0000] {processor.py:156} INFO - Started process (PID=736) to work on /opt/airflow/dags/dag.py
[2026-03-14T19:03:13.363+0000] {processor.py:799} INFO - Processing file /opt/airflow/dags/dag.py for tasks to queue
[2026-03-14T19:03:13.363+0000] {logging_mixin.py:149} INFO - [2026-03-14T19:03:13.363+0000] {dagbag.py:541} INFO - Filling up the DagBag from /opt/airflow/dags/dag.py
[2026-03-14T19:03:13.369+0000] {processor.py:809} INFO - DAG(s) dict_keys(['dag_postgres_single_api_test']) retrieved from /opt/airflow/dags/dag.py
[2026-03-14T19:03:13.385+0000] {logging_mixin.py:149} INFO - [2026-03-14T19:03:13.385+0000] {dag.py:2726} INFO - Sync 1 DAGs
[2026-03-14T19:03:13.399+0000] {logging_mixin.py:149} INFO - [2026-03-14T19:03:13.399+0000] {dag.py:3490} INFO - Setting next_dagrun for dag_postgres_single_api_test to None, run_after=None
[2026-03-14T19:03:13.407+0000] {processor.py:178} INFO - Processing /opt/airflow/dags/dag.py took 0.047 seconds
[2026-03-14T19:03:43.663+0000] {processor.py:156} INFO - Started process (PID=763) to work on /opt/airflow/dags/dag.py
[2026-03-14T19:03:43.664+0000] {processor.py:799} INFO - Processing file /opt/airflow/dags/dag.py for tasks to queue
[2026-03-14T19:03:43.665+0000] {logging_mixin.py:149} INFO - [2026-03-14T19:03:43.665+0000] {dagbag.py:541} INFO - Filling up the DagBag from /opt/airflow/dags/dag.py
[2026-03-14T19:03:43.673+0000] {processor.py:809} INFO - DAG(s) dict_keys(['dag_postgres_single_api_test']) retrieved from /opt/airflow/dags/dag.py
[2026-03-14T19:03:43.694+0000] {logging_mixin.py:149} INFO - [2026-03-14T19:03:43.694+0000] {dag.py:2726} INFO - Sync 1 DAGs
[2026-03-14T19:03:43.705+0000] {logging_mixin.py:149} INFO - [2026-03-14T19:03:43.705+0000] {dag.py:3490} INFO - Setting next_dagrun for dag_postgres_single_api_test to None, run_after=None
[2026-03-14T19:03:43.712+0000] {processor.py:178} INFO - Processing /opt/airflow/dags/dag.py took 0.052 seconds
[2026-03-14T19:04:14.001+0000] {processor.py:156} INFO - Started process (PID=790) to work on /opt/airflow/dags/dag.py
[2026-03-14T19:04:14.001+0000] {processor.py:799} INFO - Processing file /opt/airflow/dags/dag.py for tasks to queue
[2026-03-14T19:04:14.002+0000] {logging_mixin.py:149} INFO - [2026-03-14T19:04:14.002+0000] {dagbag.py:541} INFO - Filling up the DagBag from /opt/airflow/dags/dag.py
[2026-03-14T19:04:14.010+0000] {processor.py:809} INFO - DAG(s) dict_keys(['dag_postgres_single_api_test']) retrieved from /opt/airflow/dags/dag.py
[2026-03-14T19:04:14.029+0000] {logging_mixin.py:149} INFO - [2026-03-14T19:04:14.029+0000] {dag.py:2726} INFO - Sync 1 DAGs
[2026-03-14T19:04:14.040+0000] {logging_mixin.py:149} INFO - [2026-03-14T19:04:14.040+0000] {dag.py:3490} INFO - Setting next_dagrun for dag_postgres_single_api_test to None, run_after=None
[2026-03-14T19:04:14.047+0000] {processor.py:178} INFO - Processing /opt/airflow/dags/dag.py took 0.050 seconds
[2026-03-14T19:04:44.317+0000] {processor.py:156} INFO - Started process (PID=817) to work on /opt/airflow/dags/dag.py
[2026-03-14T19:04:44.318+0000] {processor.py:799} INFO - Processing file /opt/airflow/dags/dag.py for tasks to queue
[2026-03-14T19:04:44.319+0000] {logging_mixin.py:149} INFO - [2026-03-14T19:04:44.318+0000] {dagbag.py:541} INFO - Filling up the DagBag from /opt/airflow/dags/dag.py
[2026-03-14T19:04:44.328+0000] {processor.py:809} INFO - DAG(s) dict_keys(['dag_postgres_single_api_test']) retrieved from /opt/airflow/dags/dag.py
[2026-03-14T19:04:44.351+0000] {logging_mixin.py:149} INFO - [2026-03-14T19:04:44.351+0000] {dag.py:2726} INFO - Sync 1 DAGs
[2026-03-14T19:04:44.362+0000] {logging_mixin.py:149} INFO - [2026-03-14T19:04:44.362+0000] {dag.py:3490} INFO - Setting next_dagrun for dag_postgres_single_api_test to None, run_after=None
[2026-03-14T19:04:44.369+0000] {processor.py:178} INFO - Processing /opt/airflow/dags/dag.py took 0.056 seconds
[2026-03-14T19:05:14.662+0000] {processor.py:156} INFO - Started process (PID=844) to work on /opt/airflow/dags/dag.py
[2026-03-14T19:05:14.662+0000] {processor.py:799} INFO - Processing file /opt/airflow/dags/dag.py for tasks to queue
[2026-03-14T19:05:14.663+0000] {logging_mixin.py:149} INFO - [2026-03-14T19:05:14.663+0000] {dagbag.py:541} INFO - Filling up the DagBag from /opt/airflow/dags/dag.py
[2026-03-14T19:05:14.669+0000] {processor.py:809} INFO - DAG(s) dict_keys(['dag_postgres_single_api_test']) retrieved from /opt/airflow/dags/dag.py
[2026-03-14T19:05:14.685+0000] {logging_mixin.py:149} INFO - [2026-03-14T19:05:14.685+0000] {dag.py:2726} INFO - Sync 1 DAGs
[2026-03-14T19:05:14.697+0000] {logging_mixin.py:149} INFO - [2026-03-14T19:05:14.697+0000] {dag.py:3490} INFO - Setting next_dagrun for dag_postgres_single_api_test to None, run_after=None
[2026-03-14T19:05:14.704+0000] {processor.py:178} INFO - Processing /opt/airflow/dags/dag.py took 0.044 seconds
[2026-03-14T19:05:44.943+0000] {processor.py:156} INFO - Started process (PID=856) to work on /opt/airflow/dags/dag.py
[2026-03-14T19:05:44.943+0000] {processor.py:799} INFO - Processing file /opt/airflow/dags/dag.py for tasks to queue
[2026-03-14T19:05:44.944+0000] {logging_mixin.py:149} INFO - [2026-03-14T19:05:44.944+0000] {dagbag.py:541} INFO - Filling up the DagBag from /opt/airflow/dags/dag.py
[2026-03-14T19:05:44.949+0000] {processor.py:809} INFO - DAG(s) dict_keys(['dag_postgres_single_api_test']) retrieved from /opt/airflow/dags/dag.py
[2026-03-14T19:05:44.962+0000] {logging_mixin.py:149} INFO - [2026-03-14T19:05:44.962+0000] {dag.py:2726} INFO - Sync 1 DAGs
[2026-03-14T19:05:44.973+0000] {logging_mixin.py:149} INFO - [2026-03-14T19:05:44.973+0000] {dag.py:3490} INFO - Setting next_dagrun for dag_postgres_single_api_test to None, run_after=None
[2026-03-14T19:05:44.980+0000] {processor.py:178} INFO - Processing /opt/airflow/dags/dag.py took 0.040 seconds
[2026-03-14T19:06:28.065+0000] {processor.py:156} INFO - Started process (PID=168) to work on /opt/airflow/dags/dag.py
[2026-03-14T19:06:28.066+0000] {processor.py:799} INFO - Processing file /opt/airflow/dags/dag.py for tasks to queue
[2026-03-14T19:06:28.067+0000] {logging_mixin.py:149} INFO - [2026-03-14T19:06:28.066+0000] {dagbag.py:541} INFO - Filling up the DagBag from /opt/airflow/dags/dag.py
[2026-03-14T19:06:28.084+0000] {processor.py:809} INFO - DAG(s) dict_keys(['dag_postgres_single_api_test']) retrieved from /opt/airflow/dags/dag.py
[2026-03-14T19:06:28.182+0000] {logging_mixin.py:149} INFO - [2026-03-14T19:06:28.181+0000] {dag.py:2726} INFO - Sync 1 DAGs
[2026-03-14T19:06:28.268+0000] {logging_mixin.py:149} INFO - [2026-03-14T19:06:28.268+0000] {dag.py:3490} INFO - Setting next_dagrun for dag_postgres_single_api_test to None, run_after=None
[2026-03-14T19:06:28.279+0000] {processor.py:178} INFO - Processing /opt/airflow/dags/dag.py took 0.216 seconds
[2026-03-14T19:06:58.501+0000] {processor.py:156} INFO - Started process (PID=192) to work on /opt/airflow/dags/dag.py
[2026-03-14T19:06:58.502+0000] {processor.py:799} INFO - Processing file /opt/airflow/dags/dag.py for tasks to queue
[2026-03-14T19:06:58.503+0000] {logging_mixin.py:149} INFO - [2026-03-14T19:06:58.503+0000] {dagbag.py:541} INFO - Filling up the DagBag from /opt/airflow/dags/dag.py
[2026-03-14T19:06:58.512+0000] {processor.py:809} INFO - DAG(s) dict_keys(['dag_postgres_single_api_test']) retrieved from /opt/airflow/dags/dag.py
[2026-03-14T19:06:58.534+0000] {logging_mixin.py:149} INFO - [2026-03-14T19:06:58.533+0000] {dag.py:2726} INFO - Sync 1 DAGs
[2026-03-14T19:06:58.546+0000] {logging_mixin.py:149} INFO - [2026-03-14T19:06:58.546+0000] {dag.py:3490} INFO - Setting next_dagrun for dag_postgres_single_api_test to None, run_after=None
[2026-03-14T19:06:58.602+0000] {processor.py:178} INFO - Processing /opt/airflow/dags/dag.py took 0.104 seconds
[2026-03-14T19:07:28.882+0000] {processor.py:156} INFO - Started process (PID=219) to work on /opt/airflow/dags/dag.py
[2026-03-14T19:07:28.883+0000] {processor.py:799} INFO - Processing file /opt/airflow/dags/dag.py for tasks to queue
[2026-03-14T19:07:28.883+0000] {logging_mixin.py:149} INFO - [2026-03-14T19:07:28.883+0000] {dagbag.py:541} INFO - Filling up the DagBag from /opt/airflow/dags/dag.py
[2026-03-14T19:07:28.891+0000] {processor.py:809} INFO - DAG(s) dict_keys(['dag_postgres_single_api_test']) retrieved from /opt/airflow/dags/dag.py
[2026-03-14T19:07:28.963+0000] {logging_mixin.py:149} INFO - [2026-03-14T19:07:28.963+0000] {dag.py:2726} INFO - Sync 1 DAGs
[2026-03-14T19:07:28.971+0000] {logging_mixin.py:149} INFO - [2026-03-14T19:07:28.971+0000] {dag.py:3490} INFO - Setting next_dagrun for dag_postgres_single_api_test to None, run_after=None
[2026-03-14T19:07:28.977+0000] {processor.py:178} INFO - Processing /opt/airflow/dags/dag.py took 0.098 seconds
[2026-03-14T19:07:59.246+0000] {processor.py:156} INFO - Started process (PID=246) to work on /opt/airflow/dags/dag.py
[2026-03-14T19:07:59.247+0000] {processor.py:799} INFO - Processing file /opt/airflow/dags/dag.py for tasks to queue
[2026-03-14T19:07:59.247+0000] {logging_mixin.py:149} INFO - [2026-03-14T19:07:59.247+0000] {dagbag.py:541} INFO - Filling up the DagBag from /opt/airflow/dags/dag.py
[2026-03-14T19:07:59.256+0000] {processor.py:809} INFO - DAG(s) dict_keys(['dag_postgres_single_api_test']) retrieved from /opt/airflow/dags/dag.py
[2026-03-14T19:07:59.278+0000] {logging_mixin.py:149} INFO - [2026-03-14T19:07:59.278+0000] {dag.py:2726} INFO - Sync 1 DAGs
[2026-03-14T19:07:59.290+0000] {logging_mixin.py:149} INFO - [2026-03-14T19:07:59.290+0000] {dag.py:3490} INFO - Setting next_dagrun for dag_postgres_single_api_test to None, run_after=None
[2026-03-14T19:07:59.297+0000] {processor.py:178} INFO - Processing /opt/airflow/dags/dag.py took 0.054 seconds
[2026-03-14T19:08:29.556+0000] {processor.py:156} INFO - Started process (PID=321) to work on /opt/airflow/dags/dag.py
[2026-03-14T19:08:29.557+0000] {processor.py:799} INFO - Processing file /opt/airflow/dags/dag.py for tasks to queue
[2026-03-14T19:08:29.557+0000] {logging_mixin.py:149} INFO - [2026-03-14T19:08:29.557+0000] {dagbag.py:541} INFO - Filling up the DagBag from /opt/airflow/dags/dag.py
[2026-03-14T19:08:29.562+0000] {processor.py:809} INFO - DAG(s) dict_keys(['dag_postgres_single_api_test']) retrieved from /opt/airflow/dags/dag.py
[2026-03-14T19:08:29.574+0000] {logging_mixin.py:149} INFO - [2026-03-14T19:08:29.574+0000] {dag.py:2726} INFO - Sync 1 DAGs
[2026-03-14T19:08:29.583+0000] {logging_mixin.py:149} INFO - [2026-03-14T19:08:29.583+0000] {dag.py:3490} INFO - Setting next_dagrun for dag_postgres_single_api_test to None, run_after=None
[2026-03-14T19:08:29.590+0000] {processor.py:178} INFO - Processing /opt/airflow/dags/dag.py took 0.036 seconds
[2026-03-14T19:08:59.874+0000] {processor.py:156} INFO - Started process (PID=354) to work on /opt/airflow/dags/dag.py
[2026-03-14T19:08:59.875+0000] {processor.py:799} INFO - Processing file /opt/airflow/dags/dag.py for tasks to queue
[2026-03-14T19:08:59.875+0000] {logging_mixin.py:149} INFO - [2026-03-14T19:08:59.875+0000] {dagbag.py:541} INFO - Filling up the DagBag from /opt/airflow/dags/dag.py
[2026-03-14T19:08:59.883+0000] {processor.py:809} INFO - DAG(s) dict_keys(['dag_postgres_single_api_test']) retrieved from /opt/airflow/dags/dag.py
[2026-03-14T19:08:59.903+0000] {logging_mixin.py:149} INFO - [2026-03-14T19:08:59.903+0000] {dag.py:2726} INFO - Sync 1 DAGs
[2026-03-14T19:08:59.914+0000] {logging_mixin.py:149} INFO - [2026-03-14T19:08:59.914+0000] {dag.py:3490} INFO - Setting next_dagrun for dag_postgres_single_api_test to None, run_after=None
[2026-03-14T19:08:59.921+0000] {processor.py:178} INFO - Processing /opt/airflow/dags/dag.py took 0.050 seconds
[2026-03-14T19:09:30.188+0000] {processor.py:156} INFO - Started process (PID=381) to work on /opt/airflow/dags/dag.py
[2026-03-14T19:09:30.189+0000] {processor.py:799} INFO - Processing file /opt/airflow/dags/dag.py for tasks to queue
[2026-03-14T19:09:30.190+0000] {logging_mixin.py:149} INFO - [2026-03-14T19:09:30.189+0000] {dagbag.py:541} INFO - Filling up the DagBag from /opt/airflow/dags/dag.py
[2026-03-14T19:09:30.197+0000] {processor.py:809} INFO - DAG(s) dict_keys(['dag_postgres_single_api_test']) retrieved from /opt/airflow/dags/dag.py
[2026-03-14T19:09:30.217+0000] {logging_mixin.py:149} INFO - [2026-03-14T19:09:30.217+0000] {dag.py:2726} INFO - Sync 1 DAGs
[2026-03-14T19:09:30.228+0000] {logging_mixin.py:149} INFO - [2026-03-14T19:09:30.228+0000] {dag.py:3490} INFO - Setting next_dagrun for dag_postgres_single_api_test to None, run_after=None
[2026-03-14T19:09:30.234+0000] {processor.py:178} INFO - Processing /opt/airflow/dags/dag.py took 0.049 seconds
[2026-03-14T19:10:00.491+0000] {processor.py:156} INFO - Started process (PID=408) to work on /opt/airflow/dags/dag.py
[2026-03-14T19:10:00.492+0000] {processor.py:799} INFO - Processing file /opt/airflow/dags/dag.py for tasks to queue
[2026-03-14T19:10:00.492+0000] {logging_mixin.py:149} INFO - [2026-03-14T19:10:00.492+0000] {dagbag.py:541} INFO - Filling up the DagBag from /opt/airflow/dags/dag.py
[2026-03-14T19:10:00.497+0000] {processor.py:809} INFO - DAG(s) dict_keys(['dag_postgres_single_api_test']) retrieved from /opt/airflow/dags/dag.py
[2026-03-14T19:10:00.513+0000] {logging_mixin.py:149} INFO - [2026-03-14T19:10:00.512+0000] {dag.py:2726} INFO - Sync 1 DAGs
[2026-03-14T19:10:00.525+0000] {logging_mixin.py:149} INFO - [2026-03-14T19:10:00.525+0000] {dag.py:3490} INFO - Setting next_dagrun for dag_postgres_single_api_test to None, run_after=None
[2026-03-14T19:10:00.534+0000] {processor.py:178} INFO - Processing /opt/airflow/dags/dag.py took 0.046 seconds
[2026-03-14T19:10:30.783+0000] {processor.py:156} INFO - Started process (PID=435) to work on /opt/airflow/dags/dag.py
[2026-03-14T19:10:30.784+0000] {processor.py:799} INFO - Processing file /opt/airflow/dags/dag.py for tasks to queue
[2026-03-14T19:10:30.785+0000] {logging_mixin.py:149} INFO - [2026-03-14T19:10:30.785+0000] {dagbag.py:541} INFO - Filling up the DagBag from /opt/airflow/dags/dag.py
[2026-03-14T19:10:30.793+0000] {processor.py:809} INFO - DAG(s) dict_keys(['dag_postgres_single_api_test']) retrieved from /opt/airflow/dags/dag.py
[2026-03-14T19:10:30.814+0000] {logging_mixin.py:149} INFO - [2026-03-14T19:10:30.814+0000] {dag.py:2726} INFO - Sync 1 DAGs
[2026-03-14T19:10:30.826+0000] {logging_mixin.py:149} INFO - [2026-03-14T19:10:30.826+0000] {dag.py:3490} INFO - Setting next_dagrun for dag_postgres_single_api_test to None, run_after=None
[2026-03-14T19:10:30.833+0000] {processor.py:178} INFO - Processing /opt/airflow/dags/dag.py took 0.054 seconds
[2026-03-14T19:11:01.114+0000] {processor.py:156} INFO - Started process (PID=462) to work on /opt/airflow/dags/dag.py
[2026-03-14T19:11:01.115+0000] {processor.py:799} INFO - Processing file /opt/airflow/dags/dag.py for tasks to queue
[2026-03-14T19:11:01.116+0000] {logging_mixin.py:149} INFO - [2026-03-14T19:11:01.115+0000] {dagbag.py:541} INFO - Filling up the DagBag from /opt/airflow/dags/dag.py
[2026-03-14T19:11:01.124+0000] {processor.py:809} INFO - DAG(s) dict_keys(['dag_postgres_single_api_test']) retrieved from /opt/airflow/dags/dag.py
[2026-03-14T19:11:01.141+0000] {logging_mixin.py:149} INFO - [2026-03-14T19:11:01.141+0000] {dag.py:2726} INFO - Sync 1 DAGs
[2026-03-14T19:11:01.153+0000] {logging_mixin.py:149} INFO - [2026-03-14T19:11:01.153+0000] {dag.py:3490} INFO - Setting next_dagrun for dag_postgres_single_api_test to None, run_after=None
[2026-03-14T19:11:01.159+0000] {processor.py:178} INFO - Processing /opt/airflow/dags/dag.py took 0.048 seconds
[2026-03-14T19:11:31.378+0000] {processor.py:156} INFO - Started process (PID=489) to work on /opt/airflow/dags/dag.py
[2026-03-14T19:11:31.378+0000] {processor.py:799} INFO - Processing file /opt/airflow/dags/dag.py for tasks to queue
[2026-03-14T19:11:31.378+0000] {logging_mixin.py:149} INFO - [2026-03-14T19:11:31.378+0000] {dagbag.py:541} INFO - Filling up the DagBag from /opt/airflow/dags/dag.py
[2026-03-14T19:11:31.383+0000] {processor.py:809} INFO - DAG(s) dict_keys(['dag_postgres_single_api_test']) retrieved from /opt/airflow/dags/dag.py
[2026-03-14T19:11:31.397+0000] {logging_mixin.py:149} INFO - [2026-03-14T19:11:31.397+0000] {dag.py:2726} INFO - Sync 1 DAGs
[2026-03-14T19:11:31.408+0000] {logging_mixin.py:149} INFO - [2026-03-14T19:11:31.408+0000] {dag.py:3490} INFO - Setting next_dagrun for dag_postgres_single_api_test to None, run_after=None
[2026-03-14T19:11:31.415+0000] {processor.py:178} INFO - Processing /opt/airflow/dags/dag.py took 0.039 seconds
[2026-03-14T19:12:01.648+0000] {processor.py:156} INFO - Started process (PID=516) to work on /opt/airflow/dags/dag.py
[2026-03-14T19:12:01.648+0000] {processor.py:799} INFO - Processing file /opt/airflow/dags/dag.py for tasks to queue
[2026-03-14T19:12:01.649+0000] {logging_mixin.py:149} INFO - [2026-03-14T19:12:01.649+0000] {dagbag.py:541} INFO - Filling up the DagBag from /opt/airflow/dags/dag.py
[2026-03-14T19:12:01.657+0000] {processor.py:809} INFO - DAG(s) dict_keys(['dag_postgres_single_api_test']) retrieved from /opt/airflow/dags/dag.py
[2026-03-14T19:12:01.677+0000] {logging_mixin.py:149} INFO - [2026-03-14T19:12:01.677+0000] {dag.py:2726} INFO - Sync 1 DAGs
[2026-03-14T19:12:01.688+0000] {logging_mixin.py:149} INFO - [2026-03-14T19:12:01.688+0000] {dag.py:3490} INFO - Setting next_dagrun for dag_postgres_single_api_test to None, run_after=None
[2026-03-14T19:12:01.695+0000] {processor.py:178} INFO - Processing /opt/airflow/dags/dag.py took 0.050 seconds
[2026-03-14T19:12:31.910+0000] {processor.py:156} INFO - Started process (PID=543) to work on /opt/airflow/dags/dag.py
[2026-03-14T19:12:31.911+0000] {processor.py:799} INFO - Processing file /opt/airflow/dags/dag.py for tasks to queue
[2026-03-14T19:12:31.911+0000] {logging_mixin.py:149} INFO - [2026-03-14T19:12:31.911+0000] {dagbag.py:541} INFO - Filling up the DagBag from /opt/airflow/dags/dag.py
[2026-03-14T19:12:31.918+0000] {processor.py:809} INFO - DAG(s) dict_keys(['dag_postgres_single_api_test']) retrieved from /opt/airflow/dags/dag.py
[2026-03-14T19:12:31.936+0000] {logging_mixin.py:149} INFO - [2026-03-14T19:12:31.936+0000] {dag.py:2726} INFO - Sync 1 DAGs
[2026-03-14T19:12:31.946+0000] {logging_mixin.py:149} INFO - [2026-03-14T19:12:31.946+0000] {dag.py:3490} INFO - Setting next_dagrun for dag_postgres_single_api_test to None, run_after=None
[2026-03-14T19:12:31.953+0000] {processor.py:178} INFO - Processing /opt/airflow/dags/dag.py took 0.045 seconds
[2026-03-14T19:13:02.164+0000] {processor.py:156} INFO - Started process (PID=570) to work on /opt/airflow/dags/dag.py
[2026-03-14T19:13:02.164+0000] {processor.py:799} INFO - Processing file /opt/airflow/dags/dag.py for tasks to queue
[2026-03-14T19:13:02.165+0000] {logging_mixin.py:149} INFO - [2026-03-14T19:13:02.165+0000] {dagbag.py:541} INFO - Filling up the DagBag from /opt/airflow/dags/dag.py
[2026-03-14T19:13:02.171+0000] {processor.py:809} INFO - DAG(s) dict_keys(['dag_postgres_single_api_test']) retrieved from /opt/airflow/dags/dag.py
[2026-03-14T19:13:02.189+0000] {logging_mixin.py:149} INFO - [2026-03-14T19:13:02.189+0000] {dag.py:2726} INFO - Sync 1 DAGs
[2026-03-14T19:13:02.200+0000] {logging_mixin.py:149} INFO - [2026-03-14T19:13:02.200+0000] {dag.py:3490} INFO - Setting next_dagrun for dag_postgres_single_api_test to None, run_after=None
[2026-03-14T19:13:02.206+0000] {processor.py:178} INFO - Processing /opt/airflow/dags/dag.py took 0.045 seconds
[2026-03-14T19:13:32.431+0000] {processor.py:156} INFO - Started process (PID=597) to work on /opt/airflow/dags/dag.py
[2026-03-14T19:13:32.431+0000] {processor.py:799} INFO - Processing file /opt/airflow/dags/dag.py for tasks to queue
[2026-03-14T19:13:32.432+0000] {logging_mixin.py:149} INFO - [2026-03-14T19:13:32.432+0000] {dagbag.py:541} INFO - Filling up the DagBag from /opt/airflow/dags/dag.py
[2026-03-14T19:13:32.436+0000] {processor.py:809} INFO - DAG(s) dict_keys(['dag_postgres_single_api_test']) retrieved from /opt/airflow/dags/dag.py
[2026-03-14T19:13:32.447+0000] {logging_mixin.py:149} INFO - [2026-03-14T19:13:32.447+0000] {dag.py:2726} INFO - Sync 1 DAGs
[2026-03-14T19:13:32.456+0000] {logging_mixin.py:149} INFO - [2026-03-14T19:13:32.456+0000] {dag.py:3490} INFO - Setting next_dagrun for dag_postgres_single_api_test to None, run_after=None
[2026-03-14T19:13:32.462+0000] {processor.py:178} INFO - Processing /opt/airflow/dags/dag.py took 0.032 seconds
[2026-03-14T19:14:02.660+0000] {processor.py:156} INFO - Started process (PID=672) to work on /opt/airflow/dags/dag.py
[2026-03-14T19:14:02.661+0000] {processor.py:799} INFO - Processing file /opt/airflow/dags/dag.py for tasks to queue
[2026-03-14T19:14:02.661+0000] {logging_mixin.py:149} INFO - [2026-03-14T19:14:02.661+0000] {dagbag.py:541} INFO - Filling up the DagBag from /opt/airflow/dags/dag.py
[2026-03-14T19:14:02.666+0000] {processor.py:809} INFO - DAG(s) dict_keys(['dag_postgres_single_api_test']) retrieved from /opt/airflow/dags/dag.py
[2026-03-14T19:14:02.682+0000] {logging_mixin.py:149} INFO - [2026-03-14T19:14:02.682+0000] {dag.py:2726} INFO - Sync 1 DAGs
[2026-03-14T19:14:02.692+0000] {logging_mixin.py:149} INFO - [2026-03-14T19:14:02.692+0000] {dag.py:3490} INFO - Setting next_dagrun for dag_postgres_single_api_test to None, run_after=None
[2026-03-14T19:14:02.698+0000] {processor.py:178} INFO - Processing /opt/airflow/dags/dag.py took 0.040 seconds
[2026-03-14T19:14:32.947+0000] {processor.py:156} INFO - Started process (PID=700) to work on /opt/airflow/dags/dag.py
[2026-03-14T19:14:32.948+0000] {processor.py:799} INFO - Processing file /opt/airflow/dags/dag.py for tasks to queue
[2026-03-14T19:14:32.948+0000] {logging_mixin.py:149} INFO - [2026-03-14T19:14:32.948+0000] {dagbag.py:541} INFO - Filling up the DagBag from /opt/airflow/dags/dag.py
[2026-03-14T19:14:32.952+0000] {processor.py:809} INFO - DAG(s) dict_keys(['dag_postgres_single_api_test']) retrieved from /opt/airflow/dags/dag.py
[2026-03-14T19:14:32.964+0000] {logging_mixin.py:149} INFO - [2026-03-14T19:14:32.964+0000] {dag.py:2726} INFO - Sync 1 DAGs
[2026-03-14T19:14:32.973+0000] {logging_mixin.py:149} INFO - [2026-03-14T19:14:32.973+0000] {dag.py:3490} INFO - Setting next_dagrun for dag_postgres_single_api_test to None, run_after=None
[2026-03-14T19:14:32.980+0000] {processor.py:178} INFO - Processing /opt/airflow/dags/dag.py took 0.034 seconds
[2026-03-14T19:15:03.256+0000] {processor.py:156} INFO - Started process (PID=727) to work on /opt/airflow/dags/dag.py
[2026-03-14T19:15:03.257+0000] {processor.py:799} INFO - Processing file /opt/airflow/dags/dag.py for tasks to queue
[2026-03-14T19:15:03.257+0000] {logging_mixin.py:149} INFO - [2026-03-14T19:15:03.257+0000] {dagbag.py:541} INFO - Filling up the DagBag from /opt/airflow/dags/dag.py
[2026-03-14T19:15:03.265+0000] {processor.py:809} INFO - DAG(s) dict_keys(['dag_postgres_single_api_test']) retrieved from /opt/airflow/dags/dag.py
[2026-03-14T19:15:03.282+0000] {logging_mixin.py:149} INFO - [2026-03-14T19:15:03.282+0000] {dag.py:2726} INFO - Sync 1 DAGs
[2026-03-14T19:15:03.294+0000] {logging_mixin.py:149} INFO - [2026-03-14T19:15:03.294+0000] {dag.py:3490} INFO - Setting next_dagrun for dag_postgres_single_api_test to None, run_after=None
[2026-03-14T19:15:03.301+0000] {processor.py:178} INFO - Processing /opt/airflow/dags/dag.py took 0.049 seconds
[2026-03-14T19:15:33.553+0000] {processor.py:156} INFO - Started process (PID=754) to work on /opt/airflow/dags/dag.py
[2026-03-14T19:15:33.553+0000] {processor.py:799} INFO - Processing file /opt/airflow/dags/dag.py for tasks to queue
[2026-03-14T19:15:33.553+0000] {logging_mixin.py:149} INFO - [2026-03-14T19:15:33.553+0000] {dagbag.py:541} INFO - Filling up the DagBag from /opt/airflow/dags/dag.py
[2026-03-14T19:15:33.558+0000] {processor.py:809} INFO - DAG(s) dict_keys(['dag_postgres_single_api_test']) retrieved from /opt/airflow/dags/dag.py
[2026-03-14T19:15:33.571+0000] {logging_mixin.py:149} INFO - [2026-03-14T19:15:33.571+0000] {dag.py:2726} INFO - Sync 1 DAGs
[2026-03-14T19:15:33.581+0000] {logging_mixin.py:149} INFO - [2026-03-14T19:15:33.581+0000] {dag.py:3490} INFO - Setting next_dagrun for dag_postgres_single_api_test to None, run_after=None
[2026-03-14T19:15:33.587+0000] {processor.py:178} INFO - Processing /opt/airflow/dags/dag.py took 0.036 seconds
[2026-03-14T19:16:03.836+0000] {processor.py:156} INFO - Started process (PID=781) to work on /opt/airflow/dags/dag.py
[2026-03-14T19:16:03.837+0000] {processor.py:799} INFO - Processing file /opt/airflow/dags/dag.py for tasks to queue
[2026-03-14T19:16:03.837+0000] {logging_mixin.py:149} INFO - [2026-03-14T19:16:03.837+0000] {dagbag.py:541} INFO - Filling up the DagBag from /opt/airflow/dags/dag.py
[2026-03-14T19:16:03.844+0000] {processor.py:809} INFO - DAG(s) dict_keys(['dag_postgres_single_api_test']) retrieved from /opt/airflow/dags/dag.py
[2026-03-14T19:16:03.862+0000] {logging_mixin.py:149} INFO - [2026-03-14T19:16:03.861+0000] {dag.py:2726} INFO - Sync 1 DAGs
[2026-03-14T19:16:03.873+0000] {logging_mixin.py:149} INFO - [2026-03-14T19:16:03.873+0000] {dag.py:3490} INFO - Setting next_dagrun for dag_postgres_single_api_test to None, run_after=None
[2026-03-14T19:16:03.880+0000] {processor.py:178} INFO - Processing /opt/airflow/dags/dag.py took 0.047 seconds
[2026-03-14T19:16:34.147+0000] {processor.py:156} INFO - Started process (PID=808) to work on /opt/airflow/dags/dag.py
[2026-03-14T19:16:34.147+0000] {processor.py:799} INFO - Processing file /opt/airflow/dags/dag.py for tasks to queue
[2026-03-14T19:16:34.148+0000] {logging_mixin.py:149} INFO - [2026-03-14T19:16:34.148+0000] {dagbag.py:541} INFO - Filling up the DagBag from /opt/airflow/dags/dag.py
[2026-03-14T19:16:34.156+0000] {processor.py:809} INFO - DAG(s) dict_keys(['dag_postgres_single_api_test']) retrieved from /opt/airflow/dags/dag.py
[2026-03-14T19:16:34.171+0000] {logging_mixin.py:149} INFO - [2026-03-14T19:16:34.171+0000] {dag.py:2726} INFO - Sync 1 DAGs
[2026-03-14T19:16:34.182+0000] {logging_mixin.py:149} INFO - [2026-03-14T19:16:34.182+0000] {dag.py:3490} INFO - Setting next_dagrun for dag_postgres_single_api_test to None, run_after=None
[2026-03-14T19:16:34.189+0000] {processor.py:178} INFO - Processing /opt/airflow/dags/dag.py took 0.046 seconds
[2026-03-14T19:17:04.459+0000] {processor.py:156} INFO - Started process (PID=835) to work on /opt/airflow/dags/dag.py
[2026-03-14T19:17:04.460+0000] {processor.py:799} INFO - Processing file /opt/airflow/dags/dag.py for tasks to queue
[2026-03-14T19:17:04.461+0000] {logging_mixin.py:149} INFO - [2026-03-14T19:17:04.461+0000] {dagbag.py:541} INFO - Filling up the DagBag from /opt/airflow/dags/dag.py
[2026-03-14T19:17:04.469+0000] {processor.py:809} INFO - DAG(s) dict_keys(['dag_postgres_single_api_test']) retrieved from /opt/airflow/dags/dag.py
[2026-03-14T19:17:04.489+0000] {logging_mixin.py:149} INFO - [2026-03-14T19:17:04.489+0000] {dag.py:2726} INFO - Sync 1 DAGs
[2026-03-14T19:17:04.502+0000] {logging_mixin.py:149} INFO - [2026-03-14T19:17:04.502+0000] {dag.py:3490} INFO - Setting next_dagrun for dag_postgres_single_api_test to None, run_after=None
[2026-03-14T19:17:04.509+0000] {processor.py:178} INFO - Processing /opt/airflow/dags/dag.py took 0.053 seconds
[2026-03-14T19:17:34.785+0000] {processor.py:156} INFO - Started process (PID=862) to work on /opt/airflow/dags/dag.py
[2026-03-14T19:17:34.786+0000] {processor.py:799} INFO - Processing file /opt/airflow/dags/dag.py for tasks to queue
[2026-03-14T19:17:34.787+0000] {logging_mixin.py:149} INFO - [2026-03-14T19:17:34.787+0000] {dagbag.py:541} INFO - Filling up the DagBag from /opt/airflow/dags/dag.py
[2026-03-14T19:17:34.795+0000] {processor.py:809} INFO - DAG(s) dict_keys(['dag_postgres_single_api_test']) retrieved from /opt/airflow/dags/dag.py
[2026-03-14T19:17:34.813+0000] {logging_mixin.py:149} INFO - [2026-03-14T19:17:34.813+0000] {dag.py:2726} INFO - Sync 1 DAGs
[2026-03-14T19:17:34.825+0000] {logging_mixin.py:149} INFO - [2026-03-14T19:17:34.825+0000] {dag.py:3490} INFO - Setting next_dagrun for dag_postgres_single_api_test to None, run_after=None
[2026-03-14T19:17:34.833+0000] {processor.py:178} INFO - Processing /opt/airflow/dags/dag.py took 0.051 seconds
[2026-03-14T19:18:05.074+0000] {processor.py:156} INFO - Started process (PID=889) to work on /opt/airflow/dags/dag.py
[2026-03-14T19:18:05.075+0000] {processor.py:799} INFO - Processing file /opt/airflow/dags/dag.py for tasks to queue
[2026-03-14T19:18:05.075+0000] {logging_mixin.py:149} INFO - [2026-03-14T19:18:05.075+0000] {dagbag.py:541} INFO - Filling up the DagBag from /opt/airflow/dags/dag.py
[2026-03-14T19:18:05.082+0000] {processor.py:809} INFO - DAG(s) dict_keys(['dag_postgres_single_api_test']) retrieved from /opt/airflow/dags/dag.py
[2026-03-14T19:18:05.099+0000] {logging_mixin.py:149} INFO - [2026-03-14T19:18:05.099+0000] {dag.py:2726} INFO - Sync 1 DAGs
[2026-03-14T19:18:05.113+0000] {logging_mixin.py:149} INFO - [2026-03-14T19:18:05.113+0000] {dag.py:3490} INFO - Setting next_dagrun for dag_postgres_single_api_test to None, run_after=None
[2026-03-14T19:18:05.123+0000] {processor.py:178} INFO - Processing /opt/airflow/dags/dag.py took 0.052 seconds
[2026-03-14T19:18:35.379+0000] {processor.py:156} INFO - Started process (PID=916) to work on /opt/airflow/dags/dag.py
[2026-03-14T19:18:35.380+0000] {processor.py:799} INFO - Processing file /opt/airflow/dags/dag.py for tasks to queue
[2026-03-14T19:18:35.380+0000] {logging_mixin.py:149} INFO - [2026-03-14T19:18:35.380+0000] {dagbag.py:541} INFO - Filling up the DagBag from /opt/airflow/dags/dag.py
[2026-03-14T19:18:35.386+0000] {processor.py:809} INFO - DAG(s) dict_keys(['dag_postgres_single_api_test']) retrieved from /opt/airflow/dags/dag.py
[2026-03-14T19:18:35.403+0000] {logging_mixin.py:149} INFO - [2026-03-14T19:18:35.403+0000] {dag.py:2726} INFO - Sync 1 DAGs
[2026-03-14T19:18:35.414+0000] {logging_mixin.py:149} INFO - [2026-03-14T19:18:35.414+0000] {dag.py:3490} INFO - Setting next_dagrun for dag_postgres_single_api_test to None, run_after=None
[2026-03-14T19:18:35.423+0000] {processor.py:178} INFO - Processing /opt/airflow/dags/dag.py took 0.046 seconds
[2026-03-14T19:19:05.673+0000] {processor.py:156} INFO - Started process (PID=943) to work on /opt/airflow/dags/dag.py
[2026-03-14T19:19:05.674+0000] {processor.py:799} INFO - Processing file /opt/airflow/dags/dag.py for tasks to queue
[2026-03-14T19:19:05.674+0000] {logging_mixin.py:149} INFO - [2026-03-14T19:19:05.674+0000] {dagbag.py:541} INFO - Filling up the DagBag from /opt/airflow/dags/dag.py
[2026-03-14T19:19:05.683+0000] {processor.py:809} INFO - DAG(s) dict_keys(['dag_postgres_single_api_test']) retrieved from /opt/airflow/dags/dag.py
[2026-03-14T19:19:05.704+0000] {logging_mixin.py:149} INFO - [2026-03-14T19:19:05.704+0000] {dag.py:2726} INFO - Sync 1 DAGs
[2026-03-14T19:19:05.715+0000] {logging_mixin.py:149} INFO - [2026-03-14T19:19:05.715+0000] {dag.py:3490} INFO - Setting next_dagrun for dag_postgres_single_api_test to None, run_after=None
[2026-03-14T19:19:05.721+0000] {processor.py:178} INFO - Processing /opt/airflow/dags/dag.py took 0.051 seconds
[2026-03-14T19:19:35.980+0000] {processor.py:156} INFO - Started process (PID=970) to work on /opt/airflow/dags/dag.py
[2026-03-14T19:19:35.981+0000] {processor.py:799} INFO - Processing file /opt/airflow/dags/dag.py for tasks to queue
[2026-03-14T19:19:35.981+0000] {logging_mixin.py:149} INFO - [2026-03-14T19:19:35.981+0000] {dagbag.py:541} INFO - Filling up the DagBag from /opt/airflow/dags/dag.py
[2026-03-14T19:19:35.987+0000] {processor.py:809} INFO - DAG(s) dict_keys(['dag_postgres_single_api_test']) retrieved from /opt/airflow/dags/dag.py
[2026-03-14T19:19:36.004+0000] {logging_mixin.py:149} INFO - [2026-03-14T19:19:36.004+0000] {dag.py:2726} INFO - Sync 1 DAGs
[2026-03-14T19:19:36.015+0000] {logging_mixin.py:149} INFO - [2026-03-14T19:19:36.015+0000] {dag.py:3490} INFO - Setting next_dagrun for dag_postgres_single_api_test to None, run_after=None
[2026-03-14T19:19:36.022+0000] {processor.py:178} INFO - Processing /opt/airflow/dags/dag.py took 0.044 seconds
[2026-03-14T19:20:06.272+0000] {processor.py:156} INFO - Started process (PID=997) to work on /opt/airflow/dags/dag.py
[2026-03-14T19:20:06.272+0000] {processor.py:799} INFO - Processing file /opt/airflow/dags/dag.py for tasks to queue
[2026-03-14T19:20:06.273+0000] {logging_mixin.py:149} INFO - [2026-03-14T19:20:06.273+0000] {dagbag.py:541} INFO - Filling up the DagBag from /opt/airflow/dags/dag.py
[2026-03-14T19:20:06.279+0000] {processor.py:809} INFO - DAG(s) dict_keys(['dag_postgres_single_api_test']) retrieved from /opt/airflow/dags/dag.py
[2026-03-14T19:20:06.293+0000] {logging_mixin.py:149} INFO - [2026-03-14T19:20:06.293+0000] {dag.py:2726} INFO - Sync 1 DAGs
[2026-03-14T19:20:06.304+0000] {logging_mixin.py:149} INFO - [2026-03-14T19:20:06.304+0000] {dag.py:3490} INFO - Setting next_dagrun for dag_postgres_single_api_test to None, run_after=None
[2026-03-14T19:20:06.310+0000] {processor.py:178} INFO - Processing /opt/airflow/dags/dag.py took 0.041 seconds
[2026-03-14T19:20:36.532+0000] {processor.py:156} INFO - Started process (PID=1090) to work on /opt/airflow/dags/dag.py
[2026-03-14T19:20:36.533+0000] {processor.py:799} INFO - Processing file /opt/airflow/dags/dag.py for tasks to queue
[2026-03-14T19:20:36.533+0000] {logging_mixin.py:149} INFO - [2026-03-14T19:20:36.533+0000] {dagbag.py:541} INFO - Filling up the DagBag from /opt/airflow/dags/dag.py
[2026-03-14T19:20:36.541+0000] {processor.py:809} INFO - DAG(s) dict_keys(['dag_postgres_single_api_test']) retrieved from /opt/airflow/dags/dag.py
[2026-03-14T19:20:36.560+0000] {logging_mixin.py:149} INFO - [2026-03-14T19:20:36.560+0000] {dag.py:2726} INFO - Sync 1 DAGs
[2026-03-14T19:20:36.575+0000] {logging_mixin.py:149} INFO - [2026-03-14T19:20:36.574+0000] {dag.py:3490} INFO - Setting next_dagrun for dag_postgres_single_api_test to None, run_after=None
[2026-03-14T19:20:36.582+0000] {processor.py:178} INFO - Processing /opt/airflow/dags/dag.py took 0.053 seconds
[2026-03-14T19:21:06.796+0000] {processor.py:156} INFO - Started process (PID=1153) to work on /opt/airflow/dags/dag.py
[2026-03-14T19:21:06.797+0000] {processor.py:799} INFO - Processing file /opt/airflow/dags/dag.py for tasks to queue
[2026-03-14T19:21:06.797+0000] {logging_mixin.py:149} INFO - [2026-03-14T19:21:06.797+0000] {dagbag.py:541} INFO - Filling up the DagBag from /opt/airflow/dags/dag.py
[2026-03-14T19:21:06.805+0000] {processor.py:809} INFO - DAG(s) dict_keys(['dag_postgres_single_api_test']) retrieved from /opt/airflow/dags/dag.py
[2026-03-14T19:21:06.823+0000] {logging_mixin.py:149} INFO - [2026-03-14T19:21:06.823+0000] {dag.py:2726} INFO - Sync 1 DAGs
[2026-03-14T19:21:06.836+0000] {logging_mixin.py:149} INFO - [2026-03-14T19:21:06.836+0000] {dag.py:3490} INFO - Setting next_dagrun for dag_postgres_single_api_test to None, run_after=None
[2026-03-14T19:21:06.843+0000] {processor.py:178} INFO - Processing /opt/airflow/dags/dag.py took 0.050 seconds
[2026-03-14T19:21:37.059+0000] {processor.py:156} INFO - Started process (PID=1180) to work on /opt/airflow/dags/dag.py
[2026-03-14T19:21:37.060+0000] {processor.py:799} INFO - Processing file /opt/airflow/dags/dag.py for tasks to queue
[2026-03-14T19:21:37.060+0000] {logging_mixin.py:149} INFO - [2026-03-14T19:21:37.060+0000] {dagbag.py:541} INFO - Filling up the DagBag from /opt/airflow/dags/dag.py
[2026-03-14T19:21:37.066+0000] {processor.py:809} INFO - DAG(s) dict_keys(['dag_postgres_single_api_test']) retrieved from /opt/airflow/dags/dag.py
[2026-03-14T19:21:37.081+0000] {logging_mixin.py:149} INFO - [2026-03-14T19:21:37.081+0000] {dag.py:2726} INFO - Sync 1 DAGs
[2026-03-14T19:21:37.093+0000] {logging_mixin.py:149} INFO - [2026-03-14T19:21:37.093+0000] {dag.py:3490} INFO - Setting next_dagrun for dag_postgres_single_api_test to None, run_after=None
[2026-03-14T19:21:37.100+0000] {processor.py:178} INFO - Processing /opt/airflow/dags/dag.py took 0.044 seconds
[2026-03-14T19:22:07.336+0000] {processor.py:156} INFO - Started process (PID=1208) to work on /opt/airflow/dags/dag.py
[2026-03-14T19:22:07.336+0000] {processor.py:799} INFO - Processing file /opt/airflow/dags/dag.py for tasks to queue
[2026-03-14T19:22:07.337+0000] {logging_mixin.py:149} INFO - [2026-03-14T19:22:07.337+0000] {dagbag.py:541} INFO - Filling up the DagBag from /opt/airflow/dags/dag.py
[2026-03-14T19:22:07.345+0000] {processor.py:809} INFO - DAG(s) dict_keys(['dag_postgres_single_api_test']) retrieved from /opt/airflow/dags/dag.py
[2026-03-14T19:22:07.367+0000] {logging_mixin.py:149} INFO - [2026-03-14T19:22:07.367+0000] {dag.py:2726} INFO - Sync 1 DAGs
[2026-03-14T19:22:07.378+0000] {logging_mixin.py:149} INFO - [2026-03-14T19:22:07.378+0000] {dag.py:3490} INFO - Setting next_dagrun for dag_postgres_single_api_test to None, run_after=None
[2026-03-14T19:22:07.385+0000] {processor.py:178} INFO - Processing /opt/airflow/dags/dag.py took 0.053 seconds
[2026-03-14T19:22:37.625+0000] {processor.py:156} INFO - Started process (PID=1235) to work on /opt/airflow/dags/dag.py
[2026-03-14T19:22:37.626+0000] {processor.py:799} INFO - Processing file /opt/airflow/dags/dag.py for tasks to queue
[2026-03-14T19:22:37.626+0000] {logging_mixin.py:149} INFO - [2026-03-14T19:22:37.626+0000] {dagbag.py:541} INFO - Filling up the DagBag from /opt/airflow/dags/dag.py
[2026-03-14T19:22:37.633+0000] {processor.py:809} INFO - DAG(s) dict_keys(['dag_postgres_single_api_test']) retrieved from /opt/airflow/dags/dag.py
[2026-03-14T19:22:37.654+0000] {logging_mixin.py:149} INFO - [2026-03-14T19:22:37.654+0000] {dag.py:2726} INFO - Sync 1 DAGs
[2026-03-14T19:22:37.668+0000] {logging_mixin.py:149} INFO - [2026-03-14T19:22:37.668+0000] {dag.py:3490} INFO - Setting next_dagrun for dag_postgres_single_api_test to None, run_after=None
[2026-03-14T19:22:37.677+0000] {processor.py:178} INFO - Processing /opt/airflow/dags/dag.py took 0.055 seconds
[2026-03-14T19:23:07.942+0000] {processor.py:156} INFO - Started process (PID=1262) to work on /opt/airflow/dags/dag.py
[2026-03-14T19:23:07.942+0000] {processor.py:799} INFO - Processing file /opt/airflow/dags/dag.py for tasks to queue
[2026-03-14T19:23:07.943+0000] {logging_mixin.py:149} INFO - [2026-03-14T19:23:07.943+0000] {dagbag.py:541} INFO - Filling up the DagBag from /opt/airflow/dags/dag.py
[2026-03-14T19:23:07.952+0000] {processor.py:809} INFO - DAG(s) dict_keys(['dag_postgres_single_api_test']) retrieved from /opt/airflow/dags/dag.py
[2026-03-14T19:23:07.972+0000] {logging_mixin.py:149} INFO - [2026-03-14T19:23:07.972+0000] {dag.py:2726} INFO - Sync 1 DAGs
[2026-03-14T19:23:07.983+0000] {logging_mixin.py:149} INFO - [2026-03-14T19:23:07.983+0000] {dag.py:3490} INFO - Setting next_dagrun for dag_postgres_single_api_test to None, run_after=None
[2026-03-14T19:23:07.989+0000] {processor.py:178} INFO - Processing /opt/airflow/dags/dag.py took 0.051 seconds
[2026-03-14T19:23:38.225+0000] {processor.py:156} INFO - Started process (PID=1289) to work on /opt/airflow/dags/dag.py
[2026-03-14T19:23:38.226+0000] {processor.py:799} INFO - Processing file /opt/airflow/dags/dag.py for tasks to queue
[2026-03-14T19:23:38.227+0000] {logging_mixin.py:149} INFO - [2026-03-14T19:23:38.227+0000] {dagbag.py:541} INFO - Filling up the DagBag from /opt/airflow/dags/dag.py
[2026-03-14T19:23:38.235+0000] {processor.py:809} INFO - DAG(s) dict_keys(['dag_postgres_single_api_test']) retrieved from /opt/airflow/dags/dag.py
[2026-03-14T19:23:38.255+0000] {logging_mixin.py:149} INFO - [2026-03-14T19:23:38.255+0000] {dag.py:2726} INFO - Sync 1 DAGs
[2026-03-14T19:23:38.267+0000] {logging_mixin.py:149} INFO - [2026-03-14T19:23:38.267+0000] {dag.py:3490} INFO - Setting next_dagrun for dag_postgres_single_api_test to None, run_after=None
[2026-03-14T19:23:38.275+0000] {processor.py:178} INFO - Processing /opt/airflow/dags/dag.py took 0.053 seconds
[2026-03-14T19:24:08.482+0000] {processor.py:156} INFO - Started process (PID=1316) to work on /opt/airflow/dags/dag.py
[2026-03-14T19:24:08.483+0000] {processor.py:799} INFO - Processing file /opt/airflow/dags/dag.py for tasks to queue
[2026-03-14T19:24:08.483+0000] {logging_mixin.py:149} INFO - [2026-03-14T19:24:08.483+0000] {dagbag.py:541} INFO - Filling up the DagBag from /opt/airflow/dags/dag.py
[2026-03-14T19:24:08.491+0000] {processor.py:809} INFO - DAG(s) dict_keys(['dag_postgres_single_api_test']) retrieved from /opt/airflow/dags/dag.py
[2026-03-14T19:24:08.510+0000] {logging_mixin.py:149} INFO - [2026-03-14T19:24:08.510+0000] {dag.py:2726} INFO - Sync 1 DAGs
[2026-03-14T19:24:08.523+0000] {logging_mixin.py:149} INFO - [2026-03-14T19:24:08.523+0000] {dag.py:3490} INFO - Setting next_dagrun for dag_postgres_single_api_test to None, run_after=None
[2026-03-14T19:24:08.531+0000] {processor.py:178} INFO - Processing /opt/airflow/dags/dag.py took 0.052 seconds
[2026-03-14T19:24:38.789+0000] {processor.py:156} INFO - Started process (PID=1343) to work on /opt/airflow/dags/dag.py
[2026-03-14T19:24:38.789+0000] {processor.py:799} INFO - Processing file /opt/airflow/dags/dag.py for tasks to queue
[2026-03-14T19:24:38.790+0000] {logging_mixin.py:149} INFO - [2026-03-14T19:24:38.790+0000] {dagbag.py:541} INFO - Filling up the DagBag from /opt/airflow/dags/dag.py
[2026-03-14T19:24:38.798+0000] {processor.py:809} INFO - DAG(s) dict_keys(['dag_postgres_single_api_test']) retrieved from /opt/airflow/dags/dag.py
[2026-03-14T19:24:38.819+0000] {logging_mixin.py:149} INFO - [2026-03-14T19:24:38.819+0000] {dag.py:2726} INFO - Sync 1 DAGs
[2026-03-14T19:24:38.832+0000] {logging_mixin.py:149} INFO - [2026-03-14T19:24:38.832+0000] {dag.py:3490} INFO - Setting next_dagrun for dag_postgres_single_api_test to None, run_after=None
[2026-03-14T19:24:38.840+0000] {processor.py:178} INFO - Processing /opt/airflow/dags/dag.py took 0.054 seconds
[2026-03-14T19:25:09.065+0000] {processor.py:156} INFO - Started process (PID=1358) to work on /opt/airflow/dags/dag.py
[2026-03-14T19:25:09.066+0000] {processor.py:799} INFO - Processing file /opt/airflow/dags/dag.py for tasks to queue
[2026-03-14T19:25:09.067+0000] {logging_mixin.py:149} INFO - [2026-03-14T19:25:09.067+0000] {dagbag.py:541} INFO - Filling up the DagBag from /opt/airflow/dags/dag.py
[2026-03-14T19:25:09.073+0000] {processor.py:809} INFO - DAG(s) dict_keys(['dag_postgres_single_api_test']) retrieved from /opt/airflow/dags/dag.py
[2026-03-14T19:25:09.095+0000] {logging_mixin.py:149} INFO - [2026-03-14T19:25:09.095+0000] {dag.py:2726} INFO - Sync 1 DAGs
[2026-03-14T19:25:09.118+0000] {logging_mixin.py:149} INFO - [2026-03-14T19:25:09.118+0000] {dag.py:3490} INFO - Setting next_dagrun for dag_postgres_single_api_test to None, run_after=None
[2026-03-14T19:25:09.129+0000] {processor.py:178} INFO - Processing /opt/airflow/dags/dag.py took 0.066 seconds
[2026-03-14T19:25:39.403+0000] {processor.py:156} INFO - Started process (PID=1382) to work on /opt/airflow/dags/dag.py
[2026-03-14T19:25:39.404+0000] {processor.py:799} INFO - Processing file /opt/airflow/dags/dag.py for tasks to queue
[2026-03-14T19:25:39.405+0000] {logging_mixin.py:149} INFO - [2026-03-14T19:25:39.405+0000] {dagbag.py:541} INFO - Filling up the DagBag from /opt/airflow/dags/dag.py
[2026-03-14T19:25:39.413+0000] {processor.py:809} INFO - DAG(s) dict_keys(['dag_postgres_single_api_test']) retrieved from /opt/airflow/dags/dag.py
[2026-03-14T19:25:39.430+0000] {logging_mixin.py:149} INFO - [2026-03-14T19:25:39.429+0000] {dag.py:2726} INFO - Sync 1 DAGs
[2026-03-14T19:25:39.441+0000] {logging_mixin.py:149} INFO - [2026-03-14T19:25:39.441+0000] {dag.py:3490} INFO - Setting next_dagrun for dag_postgres_single_api_test to None, run_after=None
[2026-03-14T19:25:39.448+0000] {processor.py:178} INFO - Processing /opt/airflow/dags/dag.py took 0.049 seconds
[2026-03-14T19:26:09.717+0000] {processor.py:156} INFO - Started process (PID=1409) to work on /opt/airflow/dags/dag.py
[2026-03-14T19:26:09.718+0000] {processor.py:799} INFO - Processing file /opt/airflow/dags/dag.py for tasks to queue
[2026-03-14T19:26:09.718+0000] {logging_mixin.py:149} INFO - [2026-03-14T19:26:09.718+0000] {dagbag.py:541} INFO - Filling up the DagBag from /opt/airflow/dags/dag.py
[2026-03-14T19:26:09.724+0000] {processor.py:809} INFO - DAG(s) dict_keys(['dag_postgres_single_api_test']) retrieved from /opt/airflow/dags/dag.py
[2026-03-14T19:26:09.738+0000] {logging_mixin.py:149} INFO - [2026-03-14T19:26:09.738+0000] {dag.py:2726} INFO - Sync 1 DAGs
[2026-03-14T19:26:09.750+0000] {logging_mixin.py:149} INFO - [2026-03-14T19:26:09.750+0000] {dag.py:3490} INFO - Setting next_dagrun for dag_postgres_single_api_test to None, run_after=None
[2026-03-14T19:26:09.756+0000] {processor.py:178} INFO - Processing /opt/airflow/dags/dag.py took 0.042 seconds
[2026-03-14T19:26:39.977+0000] {processor.py:156} INFO - Started process (PID=1436) to work on /opt/airflow/dags/dag.py
[2026-03-14T19:26:39.977+0000] {processor.py:799} INFO - Processing file /opt/airflow/dags/dag.py for tasks to queue
[2026-03-14T19:26:39.978+0000] {logging_mixin.py:149} INFO - [2026-03-14T19:26:39.978+0000] {dagbag.py:541} INFO - Filling up the DagBag from /opt/airflow/dags/dag.py
[2026-03-14T19:26:39.986+0000] {processor.py:809} INFO - DAG(s) dict_keys(['dag_postgres_single_api_test']) retrieved from /opt/airflow/dags/dag.py
[2026-03-14T19:26:40.004+0000] {logging_mixin.py:149} INFO - [2026-03-14T19:26:40.004+0000] {dag.py:2726} INFO - Sync 1 DAGs
[2026-03-14T19:26:40.015+0000] {logging_mixin.py:149} INFO - [2026-03-14T19:26:40.015+0000] {dag.py:3490} INFO - Setting next_dagrun for dag_postgres_single_api_test to None, run_after=None
[2026-03-14T19:26:40.022+0000] {processor.py:178} INFO - Processing /opt/airflow/dags/dag.py took 0.049 seconds
[2026-03-14T19:27:10.301+0000] {processor.py:156} INFO - Started process (PID=1463) to work on /opt/airflow/dags/dag.py
[2026-03-14T19:27:10.302+0000] {processor.py:799} INFO - Processing file /opt/airflow/dags/dag.py for tasks to queue
[2026-03-14T19:27:10.303+0000] {logging_mixin.py:149} INFO - [2026-03-14T19:27:10.303+0000] {dagbag.py:541} INFO - Filling up the DagBag from /opt/airflow/dags/dag.py
[2026-03-14T19:27:10.311+0000] {processor.py:809} INFO - DAG(s) dict_keys(['dag_postgres_single_api_test']) retrieved from /opt/airflow/dags/dag.py
[2026-03-14T19:27:10.328+0000] {logging_mixin.py:149} INFO - [2026-03-14T19:27:10.328+0000] {dag.py:2726} INFO - Sync 1 DAGs
[2026-03-14T19:27:10.340+0000] {logging_mixin.py:149} INFO - [2026-03-14T19:27:10.340+0000] {dag.py:3490} INFO - Setting next_dagrun for dag_postgres_single_api_test to None, run_after=None
[2026-03-14T19:27:10.347+0000] {processor.py:178} INFO - Processing /opt/airflow/dags/dag.py took 0.050 seconds
[2026-03-14T19:27:40.637+0000] {processor.py:156} INFO - Started process (PID=1490) to work on /opt/airflow/dags/dag.py
[2026-03-14T19:27:40.637+0000] {processor.py:799} INFO - Processing file /opt/airflow/dags/dag.py for tasks to queue
[2026-03-14T19:27:40.638+0000] {logging_mixin.py:149} INFO - [2026-03-14T19:27:40.638+0000] {dagbag.py:541} INFO - Filling up the DagBag from /opt/airflow/dags/dag.py
[2026-03-14T19:27:40.644+0000] {processor.py:809} INFO - DAG(s) dict_keys(['dag_postgres_single_api_test']) retrieved from /opt/airflow/dags/dag.py
[2026-03-14T19:27:40.659+0000] {logging_mixin.py:149} INFO - [2026-03-14T19:27:40.659+0000] {dag.py:2726} INFO - Sync 1 DAGs
[2026-03-14T19:27:40.670+0000] {logging_mixin.py:149} INFO - [2026-03-14T19:27:40.670+0000] {dag.py:3490} INFO - Setting next_dagrun for dag_postgres_single_api_test to None, run_after=None
[2026-03-14T19:27:40.678+0000] {processor.py:178} INFO - Processing /opt/airflow/dags/dag.py took 0.044 seconds
[2026-03-14T19:28:10.913+0000] {processor.py:156} INFO - Started process (PID=1516) to work on /opt/airflow/dags/dag.py
[2026-03-14T19:28:10.914+0000] {processor.py:799} INFO - Processing file /opt/airflow/dags/dag.py for tasks to queue
[2026-03-14T19:28:10.915+0000] {logging_mixin.py:149} INFO - [2026-03-14T19:28:10.915+0000] {dagbag.py:541} INFO - Filling up the DagBag from /opt/airflow/dags/dag.py
[2026-03-14T19:28:10.922+0000] {processor.py:809} INFO - DAG(s) dict_keys(['dag_postgres_single_api_test']) retrieved from /opt/airflow/dags/dag.py
[2026-03-14T19:28:10.939+0000] {logging_mixin.py:149} INFO - [2026-03-14T19:28:10.939+0000] {dag.py:2726} INFO - Sync 1 DAGs
[2026-03-14T19:28:10.950+0000] {logging_mixin.py:149} INFO - [2026-03-14T19:28:10.950+0000] {dag.py:3490} INFO - Setting next_dagrun for dag_postgres_single_api_test to None, run_after=None
[2026-03-14T19:28:10.957+0000] {processor.py:178} INFO - Processing /opt/airflow/dags/dag.py took 0.047 seconds
[2026-03-14T19:28:41.176+0000] {processor.py:156} INFO - Started process (PID=1528) to work on /opt/airflow/dags/dag.py
[2026-03-14T19:28:41.177+0000] {processor.py:799} INFO - Processing file /opt/airflow/dags/dag.py for tasks to queue
[2026-03-14T19:28:41.178+0000] {logging_mixin.py:149} INFO - [2026-03-14T19:28:41.178+0000] {dagbag.py:541} INFO - Filling up the DagBag from /opt/airflow/dags/dag.py
[2026-03-14T19:28:41.186+0000] {processor.py:809} INFO - DAG(s) dict_keys(['dag_postgres_single_api_test']) retrieved from /opt/airflow/dags/dag.py
[2026-03-14T19:28:41.201+0000] {logging_mixin.py:149} INFO - [2026-03-14T19:28:41.201+0000] {dag.py:2726} INFO - Sync 1 DAGs
[2026-03-14T19:28:41.213+0000] {logging_mixin.py:149} INFO - [2026-03-14T19:28:41.213+0000] {dag.py:3490} INFO - Setting next_dagrun for dag_postgres_single_api_test to None, run_after=None
[2026-03-14T19:28:41.220+0000] {processor.py:178} INFO - Processing /opt/airflow/dags/dag.py took 0.047 seconds
[2026-03-14T19:29:11.436+0000] {processor.py:156} INFO - Started process (PID=1540) to work on /opt/airflow/dags/dag.py
[2026-03-14T19:29:11.436+0000] {processor.py:799} INFO - Processing file /opt/airflow/dags/dag.py for tasks to queue
[2026-03-14T19:29:11.436+0000] {logging_mixin.py:149} INFO - [2026-03-14T19:29:11.436+0000] {dagbag.py:541} INFO - Filling up the DagBag from /opt/airflow/dags/dag.py
[2026-03-14T19:29:11.441+0000] {processor.py:809} INFO - DAG(s) dict_keys(['dag_postgres_single_api_test']) retrieved from /opt/airflow/dags/dag.py
[2026-03-14T19:29:11.455+0000] {logging_mixin.py:149} INFO - [2026-03-14T19:29:11.455+0000] {dag.py:2726} INFO - Sync 1 DAGs
[2026-03-14T19:29:11.465+0000] {logging_mixin.py:149} INFO - [2026-03-14T19:29:11.465+0000] {dag.py:3490} INFO - Setting next_dagrun for dag_postgres_single_api_test to None, run_after=None
[2026-03-14T19:29:11.473+0000] {processor.py:178} INFO - Processing /opt/airflow/dags/dag.py took 0.040 seconds
[2026-03-14T19:29:41.722+0000] {processor.py:156} INFO - Started process (PID=1552) to work on /opt/airflow/dags/dag.py
[2026-03-14T19:29:41.723+0000] {processor.py:799} INFO - Processing file /opt/airflow/dags/dag.py for tasks to queue
[2026-03-14T19:29:41.724+0000] {logging_mixin.py:149} INFO - [2026-03-14T19:29:41.724+0000] {dagbag.py:541} INFO - Filling up the DagBag from /opt/airflow/dags/dag.py
[2026-03-14T19:29:41.732+0000] {processor.py:809} INFO - DAG(s) dict_keys(['dag_postgres_single_api_test']) retrieved from /opt/airflow/dags/dag.py
[2026-03-14T19:29:41.752+0000] {logging_mixin.py:149} INFO - [2026-03-14T19:29:41.752+0000] {dag.py:2726} INFO - Sync 1 DAGs
[2026-03-14T19:29:41.764+0000] {logging_mixin.py:149} INFO - [2026-03-14T19:29:41.763+0000] {dag.py:3490} INFO - Setting next_dagrun for dag_postgres_single_api_test to None, run_after=None
[2026-03-14T19:29:41.770+0000] {processor.py:178} INFO - Processing /opt/airflow/dags/dag.py took 0.051 seconds
[2026-03-14T19:30:12.049+0000] {processor.py:156} INFO - Started process (PID=1564) to work on /opt/airflow/dags/dag.py
[2026-03-14T19:30:12.050+0000] {processor.py:799} INFO - Processing file /opt/airflow/dags/dag.py for tasks to queue
[2026-03-14T19:30:12.050+0000] {logging_mixin.py:149} INFO - [2026-03-14T19:30:12.050+0000] {dagbag.py:541} INFO - Filling up the DagBag from /opt/airflow/dags/dag.py
[2026-03-14T19:30:12.059+0000] {processor.py:809} INFO - DAG(s) dict_keys(['dag_postgres_single_api_test']) retrieved from /opt/airflow/dags/dag.py
[2026-03-14T19:30:12.079+0000] {logging_mixin.py:149} INFO - [2026-03-14T19:30:12.079+0000] {dag.py:2726} INFO - Sync 1 DAGs
[2026-03-14T19:30:12.090+0000] {logging_mixin.py:149} INFO - [2026-03-14T19:30:12.090+0000] {dag.py:3490} INFO - Setting next_dagrun for dag_postgres_single_api_test to None, run_after=None
[2026-03-14T19:30:12.098+0000] {processor.py:178} INFO - Processing /opt/airflow/dags/dag.py took 0.053 seconds
[2026-03-14T19:30:42.357+0000] {processor.py:156} INFO - Started process (PID=1576) to work on /opt/airflow/dags/dag.py
[2026-03-14T19:30:42.358+0000] {processor.py:799} INFO - Processing file /opt/airflow/dags/dag.py for tasks to queue
[2026-03-14T19:30:42.358+0000] {logging_mixin.py:149} INFO - [2026-03-14T19:30:42.358+0000] {dagbag.py:541} INFO - Filling up the DagBag from /opt/airflow/dags/dag.py
[2026-03-14T19:30:42.365+0000] {processor.py:809} INFO - DAG(s) dict_keys(['dag_postgres_single_api_test']) retrieved from /opt/airflow/dags/dag.py
[2026-03-14T19:30:42.384+0000] {logging_mixin.py:149} INFO - [2026-03-14T19:30:42.384+0000] {dag.py:2726} INFO - Sync 1 DAGs
[2026-03-14T19:30:42.399+0000] {logging_mixin.py:149} INFO - [2026-03-14T19:30:42.398+0000] {dag.py:3490} INFO - Setting next_dagrun for dag_postgres_single_api_test to None, run_after=None
[2026-03-14T19:30:42.406+0000] {processor.py:178} INFO - Processing /opt/airflow/dags/dag.py took 0.053 seconds
[2026-03-14T19:31:12.614+0000] {processor.py:156} INFO - Started process (PID=1588) to work on /opt/airflow/dags/dag.py
[2026-03-14T19:31:12.615+0000] {processor.py:799} INFO - Processing file /opt/airflow/dags/dag.py for tasks to queue
[2026-03-14T19:31:12.616+0000] {logging_mixin.py:149} INFO - [2026-03-14T19:31:12.616+0000] {dagbag.py:541} INFO - Filling up the DagBag from /opt/airflow/dags/dag.py
[2026-03-14T19:31:12.625+0000] {processor.py:809} INFO - DAG(s) dict_keys(['dag_postgres_single_api_test']) retrieved from /opt/airflow/dags/dag.py
[2026-03-14T19:31:12.643+0000] {logging_mixin.py:149} INFO - [2026-03-14T19:31:12.643+0000] {dag.py:2726} INFO - Sync 1 DAGs
[2026-03-14T19:31:12.654+0000] {logging_mixin.py:149} INFO - [2026-03-14T19:31:12.654+0000] {dag.py:3490} INFO - Setting next_dagrun for dag_postgres_single_api_test to None, run_after=None
[2026-03-14T19:31:12.661+0000] {processor.py:178} INFO - Processing /opt/airflow/dags/dag.py took 0.051 seconds
[2026-03-14T19:31:42.896+0000] {processor.py:156} INFO - Started process (PID=1615) to work on /opt/airflow/dags/dag.py
[2026-03-14T19:31:42.897+0000] {processor.py:799} INFO - Processing file /opt/airflow/dags/dag.py for tasks to queue
[2026-03-14T19:31:42.897+0000] {logging_mixin.py:149} INFO - [2026-03-14T19:31:42.897+0000] {dagbag.py:541} INFO - Filling up the DagBag from /opt/airflow/dags/dag.py
[2026-03-14T19:31:42.901+0000] {processor.py:809} INFO - DAG(s) dict_keys(['dag_postgres_single_api_test']) retrieved from /opt/airflow/dags/dag.py
[2026-03-14T19:31:42.915+0000] {logging_mixin.py:149} INFO - [2026-03-14T19:31:42.915+0000] {dag.py:2726} INFO - Sync 1 DAGs
[2026-03-14T19:31:42.925+0000] {logging_mixin.py:149} INFO - [2026-03-14T19:31:42.925+0000] {dag.py:3490} INFO - Setting next_dagrun for dag_postgres_single_api_test to None, run_after=None
[2026-03-14T19:31:42.933+0000] {processor.py:178} INFO - Processing /opt/airflow/dags/dag.py took 0.038 seconds
[2026-03-14T19:32:13.151+0000] {processor.py:156} INFO - Started process (PID=1642) to work on /opt/airflow/dags/dag.py
[2026-03-14T19:32:13.151+0000] {processor.py:799} INFO - Processing file /opt/airflow/dags/dag.py for tasks to queue
[2026-03-14T19:32:13.152+0000] {logging_mixin.py:149} INFO - [2026-03-14T19:32:13.152+0000] {dagbag.py:541} INFO - Filling up the DagBag from /opt/airflow/dags/dag.py
[2026-03-14T19:32:13.156+0000] {processor.py:809} INFO - DAG(s) dict_keys(['dag_postgres_single_api_test']) retrieved from /opt/airflow/dags/dag.py
[2026-03-14T19:32:13.170+0000] {logging_mixin.py:149} INFO - [2026-03-14T19:32:13.170+0000] {dag.py:2726} INFO - Sync 1 DAGs
[2026-03-14T19:32:13.181+0000] {logging_mixin.py:149} INFO - [2026-03-14T19:32:13.181+0000] {dag.py:3490} INFO - Setting next_dagrun for dag_postgres_single_api_test to None, run_after=None
[2026-03-14T19:32:13.188+0000] {processor.py:178} INFO - Processing /opt/airflow/dags/dag.py took 0.039 seconds
[2026-03-14T19:39:26.749+0000] {processor.py:156} INFO - Started process (PID=168) to work on /opt/airflow/dags/dag.py
[2026-03-14T19:39:26.750+0000] {processor.py:799} INFO - Processing file /opt/airflow/dags/dag.py for tasks to queue
[2026-03-14T19:39:26.751+0000] {logging_mixin.py:149} INFO - [2026-03-14T19:39:26.751+0000] {dagbag.py:541} INFO - Filling up the DagBag from /opt/airflow/dags/dag.py
[2026-03-14T19:39:26.768+0000] {processor.py:809} INFO - DAG(s) dict_keys(['dag_postgres_single_api_test']) retrieved from /opt/airflow/dags/dag.py
[2026-03-14T19:39:26.876+0000] {logging_mixin.py:149} INFO - [2026-03-14T19:39:26.876+0000] {dag.py:2726} INFO - Sync 1 DAGs
[2026-03-14T19:39:26.950+0000] {logging_mixin.py:149} INFO - [2026-03-14T19:39:26.950+0000] {dag.py:3490} INFO - Setting next_dagrun for dag_postgres_single_api_test to None, run_after=None
[2026-03-14T19:39:26.961+0000] {processor.py:178} INFO - Processing /opt/airflow/dags/dag.py took 0.213 seconds
[2026-03-14T19:39:43.953+0000] {processor.py:156} INFO - Started process (PID=167) to work on /opt/airflow/dags/dag.py
[2026-03-14T19:39:43.954+0000] {processor.py:799} INFO - Processing file /opt/airflow/dags/dag.py for tasks to queue
[2026-03-14T19:39:43.955+0000] {logging_mixin.py:149} INFO - [2026-03-14T19:39:43.955+0000] {dagbag.py:541} INFO - Filling up the DagBag from /opt/airflow/dags/dag.py
[2026-03-14T19:39:43.970+0000] {processor.py:809} INFO - DAG(s) dict_keys(['dag_postgres_single_api_test']) retrieved from /opt/airflow/dags/dag.py
[2026-03-14T19:39:44.045+0000] {logging_mixin.py:149} INFO - [2026-03-14T19:39:44.045+0000] {dag.py:2726} INFO - Sync 1 DAGs
[2026-03-14T19:39:44.133+0000] {logging_mixin.py:149} INFO - [2026-03-14T19:39:44.133+0000] {dag.py:3490} INFO - Setting next_dagrun for dag_postgres_single_api_test to None, run_after=None
[2026-03-14T19:39:44.148+0000] {processor.py:178} INFO - Processing /opt/airflow/dags/dag.py took 0.196 seconds
[2026-03-14T19:40:14.373+0000] {processor.py:156} INFO - Started process (PID=215) to work on /opt/airflow/dags/dag.py
[2026-03-14T19:40:14.373+0000] {processor.py:799} INFO - Processing file /opt/airflow/dags/dag.py for tasks to queue
[2026-03-14T19:40:14.374+0000] {logging_mixin.py:149} INFO - [2026-03-14T19:40:14.374+0000] {dagbag.py:541} INFO - Filling up the DagBag from /opt/airflow/dags/dag.py
[2026-03-14T19:40:14.381+0000] {processor.py:809} INFO - DAG(s) dict_keys(['dag_postgres_single_api_test']) retrieved from /opt/airflow/dags/dag.py
[2026-03-14T19:40:14.399+0000] {logging_mixin.py:149} INFO - [2026-03-14T19:40:14.399+0000] {dag.py:2726} INFO - Sync 1 DAGs
[2026-03-14T19:40:14.410+0000] {logging_mixin.py:149} INFO - [2026-03-14T19:40:14.410+0000] {dag.py:3490} INFO - Setting next_dagrun for dag_postgres_single_api_test to None, run_after=None
[2026-03-14T19:40:14.461+0000] {processor.py:178} INFO - Processing /opt/airflow/dags/dag.py took 0.091 seconds
[2026-03-14T19:40:44.732+0000] {processor.py:156} INFO - Started process (PID=241) to work on /opt/airflow/dags/dag.py
[2026-03-14T19:40:44.732+0000] {processor.py:799} INFO - Processing file /opt/airflow/dags/dag.py for tasks to queue
[2026-03-14T19:40:44.733+0000] {logging_mixin.py:149} INFO - [2026-03-14T19:40:44.733+0000] {dagbag.py:541} INFO - Filling up the DagBag from /opt/airflow/dags/dag.py
[2026-03-14T19:40:44.742+0000] {processor.py:809} INFO - DAG(s) dict_keys(['dag_postgres_single_api_test']) retrieved from /opt/airflow/dags/dag.py
[2026-03-14T19:40:44.764+0000] {logging_mixin.py:149} INFO - [2026-03-14T19:40:44.764+0000] {dag.py:2726} INFO - Sync 1 DAGs
[2026-03-14T19:40:44.830+0000] {logging_mixin.py:149} INFO - [2026-03-14T19:40:44.830+0000] {dag.py:3490} INFO - Setting next_dagrun for dag_postgres_single_api_test to None, run_after=None
[2026-03-14T19:40:44.836+0000] {processor.py:178} INFO - Processing /opt/airflow/dags/dag.py took 0.108 seconds
[2026-03-14T19:41:15.222+0000] {processor.py:156} INFO - Started process (PID=268) to work on /opt/airflow/dags/dag.py
[2026-03-14T19:41:15.223+0000] {processor.py:799} INFO - Processing file /opt/airflow/dags/dag.py for tasks to queue
[2026-03-14T19:41:15.223+0000] {logging_mixin.py:149} INFO - [2026-03-14T19:41:15.223+0000] {dagbag.py:541} INFO - Filling up the DagBag from /opt/airflow/dags/dag.py
[2026-03-14T19:41:15.227+0000] {processor.py:809} INFO - DAG(s) dict_keys(['dag_postgres_single_api_test']) retrieved from /opt/airflow/dags/dag.py
[2026-03-14T19:41:15.239+0000] {logging_mixin.py:149} INFO - [2026-03-14T19:41:15.239+0000] {dag.py:2726} INFO - Sync 1 DAGs
[2026-03-14T19:41:15.249+0000] {logging_mixin.py:149} INFO - [2026-03-14T19:41:15.249+0000] {dag.py:3490} INFO - Setting next_dagrun for dag_postgres_single_api_test to None, run_after=None
[2026-03-14T19:41:15.256+0000] {processor.py:178} INFO - Processing /opt/airflow/dags/dag.py took 0.035 seconds
[2026-03-14T19:41:45.499+0000] {processor.py:156} INFO - Started process (PID=295) to work on /opt/airflow/dags/dag.py
[2026-03-14T19:41:45.499+0000] {processor.py:799} INFO - Processing file /opt/airflow/dags/dag.py for tasks to queue
[2026-03-14T19:41:45.500+0000] {logging_mixin.py:149} INFO - [2026-03-14T19:41:45.499+0000] {dagbag.py:541} INFO - Filling up the DagBag from /opt/airflow/dags/dag.py
[2026-03-14T19:41:45.506+0000] {processor.py:809} INFO - DAG(s) dict_keys(['dag_postgres_single_api_test']) retrieved from /opt/airflow/dags/dag.py
[2026-03-14T19:41:45.522+0000] {logging_mixin.py:149} INFO - [2026-03-14T19:41:45.522+0000] {dag.py:2726} INFO - Sync 1 DAGs
[2026-03-14T19:41:45.534+0000] {logging_mixin.py:149} INFO - [2026-03-14T19:41:45.534+0000] {dag.py:3490} INFO - Setting next_dagrun for dag_postgres_single_api_test to None, run_after=None
[2026-03-14T19:41:45.541+0000] {processor.py:178} INFO - Processing /opt/airflow/dags/dag.py took 0.045 seconds
[2026-03-14T19:42:15.846+0000] {processor.py:156} INFO - Started process (PID=329) to work on /opt/airflow/dags/dag.py
[2026-03-14T19:42:15.847+0000] {processor.py:799} INFO - Processing file /opt/airflow/dags/dag.py for tasks to queue
[2026-03-14T19:42:15.847+0000] {logging_mixin.py:149} INFO - [2026-03-14T19:42:15.847+0000] {dagbag.py:541} INFO - Filling up the DagBag from /opt/airflow/dags/dag.py
[2026-03-14T19:42:15.855+0000] {processor.py:809} INFO - DAG(s) dict_keys(['dag_postgres_single_api_test']) retrieved from /opt/airflow/dags/dag.py
[2026-03-14T19:42:15.874+0000] {logging_mixin.py:149} INFO - [2026-03-14T19:42:15.874+0000] {dag.py:2726} INFO - Sync 1 DAGs
[2026-03-14T19:42:15.886+0000] {logging_mixin.py:149} INFO - [2026-03-14T19:42:15.885+0000] {dag.py:3490} INFO - Setting next_dagrun for dag_postgres_single_api_test to None, run_after=None
[2026-03-14T19:42:15.892+0000] {processor.py:178} INFO - Processing /opt/airflow/dags/dag.py took 0.050 seconds
[2026-03-14T19:42:46.154+0000] {processor.py:156} INFO - Started process (PID=356) to work on /opt/airflow/dags/dag.py
[2026-03-14T19:42:46.155+0000] {processor.py:799} INFO - Processing file /opt/airflow/dags/dag.py for tasks to queue
[2026-03-14T19:42:46.156+0000] {logging_mixin.py:149} INFO - [2026-03-14T19:42:46.156+0000] {dagbag.py:541} INFO - Filling up the DagBag from /opt/airflow/dags/dag.py
[2026-03-14T19:42:46.164+0000] {processor.py:809} INFO - DAG(s) dict_keys(['dag_postgres_single_api_test']) retrieved from /opt/airflow/dags/dag.py
[2026-03-14T19:42:46.184+0000] {logging_mixin.py:149} INFO - [2026-03-14T19:42:46.184+0000] {dag.py:2726} INFO - Sync 1 DAGs
[2026-03-14T19:42:46.197+0000] {logging_mixin.py:149} INFO - [2026-03-14T19:42:46.197+0000] {dag.py:3490} INFO - Setting next_dagrun for dag_postgres_single_api_test to None, run_after=None
[2026-03-14T19:42:46.205+0000] {processor.py:178} INFO - Processing /opt/airflow/dags/dag.py took 0.054 seconds
[2026-03-14T19:43:16.491+0000] {processor.py:156} INFO - Started process (PID=383) to work on /opt/airflow/dags/dag.py
[2026-03-14T19:43:16.492+0000] {processor.py:799} INFO - Processing file /opt/airflow/dags/dag.py for tasks to queue
[2026-03-14T19:43:16.492+0000] {logging_mixin.py:149} INFO - [2026-03-14T19:43:16.492+0000] {dagbag.py:541} INFO - Filling up the DagBag from /opt/airflow/dags/dag.py
[2026-03-14T19:43:16.503+0000] {processor.py:809} INFO - DAG(s) dict_keys(['dag_postgres_single_api_test']) retrieved from /opt/airflow/dags/dag.py
[2026-03-14T19:43:16.532+0000] {logging_mixin.py:149} INFO - [2026-03-14T19:43:16.532+0000] {dag.py:2726} INFO - Sync 1 DAGs
[2026-03-14T19:43:16.543+0000] {logging_mixin.py:149} INFO - [2026-03-14T19:43:16.543+0000] {dag.py:3490} INFO - Setting next_dagrun for dag_postgres_single_api_test to None, run_after=None
[2026-03-14T19:43:16.550+0000] {processor.py:178} INFO - Processing /opt/airflow/dags/dag.py took 0.062 seconds
[2026-03-14T19:43:46.848+0000] {processor.py:156} INFO - Started process (PID=410) to work on /opt/airflow/dags/dag.py
[2026-03-14T19:43:46.849+0000] {processor.py:799} INFO - Processing file /opt/airflow/dags/dag.py for tasks to queue
[2026-03-14T19:43:46.850+0000] {logging_mixin.py:149} INFO - [2026-03-14T19:43:46.850+0000] {dagbag.py:541} INFO - Filling up the DagBag from /opt/airflow/dags/dag.py
[2026-03-14T19:43:46.858+0000] {processor.py:809} INFO - DAG(s) dict_keys(['dag_postgres_single_api_test']) retrieved from /opt/airflow/dags/dag.py
[2026-03-14T19:43:46.879+0000] {logging_mixin.py:149} INFO - [2026-03-14T19:43:46.879+0000] {dag.py:2726} INFO - Sync 1 DAGs
[2026-03-14T19:43:46.893+0000] {logging_mixin.py:149} INFO - [2026-03-14T19:43:46.892+0000] {dag.py:3490} INFO - Setting next_dagrun for dag_postgres_single_api_test to None, run_after=None
[2026-03-14T19:43:46.900+0000] {processor.py:178} INFO - Processing /opt/airflow/dags/dag.py took 0.055 seconds
[2026-03-14T19:44:17.141+0000] {processor.py:156} INFO - Started process (PID=437) to work on /opt/airflow/dags/dag.py
[2026-03-14T19:44:17.142+0000] {processor.py:799} INFO - Processing file /opt/airflow/dags/dag.py for tasks to queue
[2026-03-14T19:44:17.142+0000] {logging_mixin.py:149} INFO - [2026-03-14T19:44:17.142+0000] {dagbag.py:541} INFO - Filling up the DagBag from /opt/airflow/dags/dag.py
[2026-03-14T19:44:17.152+0000] {processor.py:809} INFO - DAG(s) dict_keys(['dag_postgres_single_api_test']) retrieved from /opt/airflow/dags/dag.py
[2026-03-14T19:44:17.172+0000] {logging_mixin.py:149} INFO - [2026-03-14T19:44:17.171+0000] {dag.py:2726} INFO - Sync 1 DAGs
[2026-03-14T19:44:17.183+0000] {logging_mixin.py:149} INFO - [2026-03-14T19:44:17.183+0000] {dag.py:3490} INFO - Setting next_dagrun for dag_postgres_single_api_test to None, run_after=None
[2026-03-14T19:44:17.191+0000] {processor.py:178} INFO - Processing /opt/airflow/dags/dag.py took 0.054 seconds
[2026-03-14T19:44:47.435+0000] {processor.py:156} INFO - Started process (PID=469) to work on /opt/airflow/dags/dag.py
[2026-03-14T19:44:47.435+0000] {processor.py:799} INFO - Processing file /opt/airflow/dags/dag.py for tasks to queue
[2026-03-14T19:44:47.436+0000] {logging_mixin.py:149} INFO - [2026-03-14T19:44:47.436+0000] {dagbag.py:541} INFO - Filling up the DagBag from /opt/airflow/dags/dag.py
[2026-03-14T19:44:47.444+0000] {processor.py:809} INFO - DAG(s) dict_keys(['dag_postgres_single_api_test']) retrieved from /opt/airflow/dags/dag.py
[2026-03-14T19:44:47.465+0000] {logging_mixin.py:149} INFO - [2026-03-14T19:44:47.465+0000] {dag.py:2726} INFO - Sync 1 DAGs
[2026-03-14T19:44:47.477+0000] {logging_mixin.py:149} INFO - [2026-03-14T19:44:47.476+0000] {dag.py:3490} INFO - Setting next_dagrun for dag_postgres_single_api_test to None, run_after=None
[2026-03-14T19:44:47.483+0000] {processor.py:178} INFO - Processing /opt/airflow/dags/dag.py took 0.052 seconds
[2026-03-14T19:45:17.737+0000] {processor.py:156} INFO - Started process (PID=562) to work on /opt/airflow/dags/dag.py
[2026-03-14T19:45:17.738+0000] {processor.py:799} INFO - Processing file /opt/airflow/dags/dag.py for tasks to queue
[2026-03-14T19:45:17.738+0000] {logging_mixin.py:149} INFO - [2026-03-14T19:45:17.738+0000] {dagbag.py:541} INFO - Filling up the DagBag from /opt/airflow/dags/dag.py
[2026-03-14T19:45:17.746+0000] {processor.py:809} INFO - DAG(s) dict_keys(['dag_postgres_single_api_test']) retrieved from /opt/airflow/dags/dag.py
[2026-03-14T19:45:17.761+0000] {logging_mixin.py:149} INFO - [2026-03-14T19:45:17.761+0000] {dag.py:2726} INFO - Sync 1 DAGs
[2026-03-14T19:45:17.774+0000] {logging_mixin.py:149} INFO - [2026-03-14T19:45:17.773+0000] {dag.py:3490} INFO - Setting next_dagrun for dag_postgres_single_api_test to None, run_after=None
[2026-03-14T19:45:17.780+0000] {processor.py:178} INFO - Processing /opt/airflow/dags/dag.py took 0.047 seconds
[2026-03-14T19:45:48.003+0000] {processor.py:156} INFO - Started process (PID=595) to work on /opt/airflow/dags/dag.py
[2026-03-14T19:45:48.004+0000] {processor.py:799} INFO - Processing file /opt/airflow/dags/dag.py for tasks to queue
[2026-03-14T19:45:48.005+0000] {logging_mixin.py:149} INFO - [2026-03-14T19:45:48.005+0000] {dagbag.py:541} INFO - Filling up the DagBag from /opt/airflow/dags/dag.py
[2026-03-14T19:45:48.012+0000] {processor.py:809} INFO - DAG(s) dict_keys(['dag_postgres_single_api_test']) retrieved from /opt/airflow/dags/dag.py
[2026-03-14T19:45:48.028+0000] {logging_mixin.py:149} INFO - [2026-03-14T19:45:48.028+0000] {dag.py:2726} INFO - Sync 1 DAGs
[2026-03-14T19:45:48.040+0000] {logging_mixin.py:149} INFO - [2026-03-14T19:45:48.040+0000] {dag.py:3490} INFO - Setting next_dagrun for dag_postgres_single_api_test to None, run_after=None
[2026-03-14T19:45:48.047+0000] {processor.py:178} INFO - Processing /opt/airflow/dags/dag.py took 0.048 seconds
[2026-03-14T19:46:18.302+0000] {processor.py:156} INFO - Started process (PID=627) to work on /opt/airflow/dags/dag.py
[2026-03-14T19:46:18.302+0000] {processor.py:799} INFO - Processing file /opt/airflow/dags/dag.py for tasks to queue
[2026-03-14T19:46:18.303+0000] {logging_mixin.py:149} INFO - [2026-03-14T19:46:18.303+0000] {dagbag.py:541} INFO - Filling up the DagBag from /opt/airflow/dags/dag.py
[2026-03-14T19:46:18.310+0000] {processor.py:809} INFO - DAG(s) dict_keys(['dag_postgres_single_api_test']) retrieved from /opt/airflow/dags/dag.py
[2026-03-14T19:46:18.329+0000] {logging_mixin.py:149} INFO - [2026-03-14T19:46:18.329+0000] {dag.py:2726} INFO - Sync 1 DAGs
[2026-03-14T19:46:18.340+0000] {logging_mixin.py:149} INFO - [2026-03-14T19:46:18.340+0000] {dag.py:3490} INFO - Setting next_dagrun for dag_postgres_single_api_test to None, run_after=None
[2026-03-14T19:46:18.347+0000] {processor.py:178} INFO - Processing /opt/airflow/dags/dag.py took 0.048 seconds
[2026-03-14T19:46:48.587+0000] {processor.py:156} INFO - Started process (PID=659) to work on /opt/airflow/dags/dag.py
[2026-03-14T19:46:48.588+0000] {processor.py:799} INFO - Processing file /opt/airflow/dags/dag.py for tasks to queue
[2026-03-14T19:46:48.588+0000] {logging_mixin.py:149} INFO - [2026-03-14T19:46:48.588+0000] {dagbag.py:541} INFO - Filling up the DagBag from /opt/airflow/dags/dag.py
[2026-03-14T19:46:48.592+0000] {processor.py:809} INFO - DAG(s) dict_keys(['dag_postgres_single_api_test']) retrieved from /opt/airflow/dags/dag.py
[2026-03-14T19:46:48.603+0000] {logging_mixin.py:149} INFO - [2026-03-14T19:46:48.603+0000] {dag.py:2726} INFO - Sync 1 DAGs
[2026-03-14T19:46:48.612+0000] {logging_mixin.py:149} INFO - [2026-03-14T19:46:48.612+0000] {dag.py:3490} INFO - Setting next_dagrun for dag_postgres_single_api_test to None, run_after=None
[2026-03-14T19:46:48.617+0000] {processor.py:178} INFO - Processing /opt/airflow/dags/dag.py took 0.031 seconds
[2026-03-14T19:47:18.877+0000] {processor.py:156} INFO - Started process (PID=691) to work on /opt/airflow/dags/dag.py
[2026-03-14T19:47:18.878+0000] {processor.py:799} INFO - Processing file /opt/airflow/dags/dag.py for tasks to queue
[2026-03-14T19:47:18.879+0000] {logging_mixin.py:149} INFO - [2026-03-14T19:47:18.878+0000] {dagbag.py:541} INFO - Filling up the DagBag from /opt/airflow/dags/dag.py
[2026-03-14T19:47:18.887+0000] {processor.py:809} INFO - DAG(s) dict_keys(['dag_postgres_single_api_test']) retrieved from /opt/airflow/dags/dag.py
[2026-03-14T19:47:18.908+0000] {logging_mixin.py:149} INFO - [2026-03-14T19:47:18.908+0000] {dag.py:2726} INFO - Sync 1 DAGs
[2026-03-14T19:47:18.919+0000] {logging_mixin.py:149} INFO - [2026-03-14T19:47:18.919+0000] {dag.py:3490} INFO - Setting next_dagrun for dag_postgres_single_api_test to None, run_after=None
[2026-03-14T19:47:18.926+0000] {processor.py:178} INFO - Processing /opt/airflow/dags/dag.py took 0.053 seconds
[2026-03-14T19:47:56.423+0000] {processor.py:156} INFO - Started process (PID=181) to work on /opt/airflow/dags/dag.py
[2026-03-14T19:47:56.424+0000] {processor.py:799} INFO - Processing file /opt/airflow/dags/dag.py for tasks to queue
[2026-03-14T19:47:56.425+0000] {logging_mixin.py:149} INFO - [2026-03-14T19:47:56.425+0000] {dagbag.py:541} INFO - Filling up the DagBag from /opt/airflow/dags/dag.py
[2026-03-14T19:47:56.433+0000] {processor.py:809} INFO - DAG(s) dict_keys(['dag_postgres_single_api_test']) retrieved from /opt/airflow/dags/dag.py
[2026-03-14T19:47:56.475+0000] {logging_mixin.py:149} INFO - [2026-03-14T19:47:56.474+0000] {dag.py:2726} INFO - Sync 1 DAGs
[2026-03-14T19:47:56.561+0000] {logging_mixin.py:149} INFO - [2026-03-14T19:47:56.561+0000] {dag.py:3490} INFO - Setting next_dagrun for dag_postgres_single_api_test to None, run_after=None
[2026-03-14T19:47:56.571+0000] {processor.py:178} INFO - Processing /opt/airflow/dags/dag.py took 0.152 seconds
[2026-03-14T19:48:26.772+0000] {processor.py:156} INFO - Started process (PID=199) to work on /opt/airflow/dags/dag.py
[2026-03-14T19:48:26.773+0000] {processor.py:799} INFO - Processing file /opt/airflow/dags/dag.py for tasks to queue
[2026-03-14T19:48:26.774+0000] {logging_mixin.py:149} INFO - [2026-03-14T19:48:26.774+0000] {dagbag.py:541} INFO - Filling up the DagBag from /opt/airflow/dags/dag.py
[2026-03-14T19:48:26.784+0000] {processor.py:809} INFO - DAG(s) dict_keys(['dag_postgres_single_api_test']) retrieved from /opt/airflow/dags/dag.py
[2026-03-14T19:48:26.880+0000] {logging_mixin.py:149} INFO - [2026-03-14T19:48:26.879+0000] {dag.py:2726} INFO - Sync 1 DAGs
[2026-03-14T19:48:26.890+0000] {logging_mixin.py:149} INFO - [2026-03-14T19:48:26.890+0000] {dag.py:3490} INFO - Setting next_dagrun for dag_postgres_single_api_test to None, run_after=None
[2026-03-14T19:48:26.899+0000] {processor.py:178} INFO - Processing /opt/airflow/dags/dag.py took 0.129 seconds
[2026-03-14T19:48:57.193+0000] {processor.py:156} INFO - Started process (PID=231) to work on /opt/airflow/dags/dag.py
[2026-03-14T19:48:57.194+0000] {processor.py:799} INFO - Processing file /opt/airflow/dags/dag.py for tasks to queue
[2026-03-14T19:48:57.196+0000] {logging_mixin.py:149} INFO - [2026-03-14T19:48:57.195+0000] {dagbag.py:541} INFO - Filling up the DagBag from /opt/airflow/dags/dag.py
[2026-03-14T19:48:57.205+0000] {processor.py:809} INFO - DAG(s) dict_keys(['dag_postgres_single_api_test']) retrieved from /opt/airflow/dags/dag.py
[2026-03-14T19:48:57.281+0000] {logging_mixin.py:149} INFO - [2026-03-14T19:48:57.281+0000] {dag.py:2726} INFO - Sync 1 DAGs
[2026-03-14T19:48:57.295+0000] {logging_mixin.py:149} INFO - [2026-03-14T19:48:57.295+0000] {dag.py:3490} INFO - Setting next_dagrun for dag_postgres_single_api_test to None, run_after=None
[2026-03-14T19:48:57.303+0000] {processor.py:178} INFO - Processing /opt/airflow/dags/dag.py took 0.113 seconds
[2026-03-14T19:49:27.628+0000] {processor.py:156} INFO - Started process (PID=263) to work on /opt/airflow/dags/dag.py
[2026-03-14T19:49:27.629+0000] {processor.py:799} INFO - Processing file /opt/airflow/dags/dag.py for tasks to queue
[2026-03-14T19:49:27.631+0000] {logging_mixin.py:149} INFO - [2026-03-14T19:49:27.631+0000] {dagbag.py:541} INFO - Filling up the DagBag from /opt/airflow/dags/dag.py
[2026-03-14T19:49:27.637+0000] {processor.py:809} INFO - DAG(s) dict_keys(['dag_postgres_single_api_test']) retrieved from /opt/airflow/dags/dag.py
[2026-03-14T19:49:27.656+0000] {logging_mixin.py:149} INFO - [2026-03-14T19:49:27.656+0000] {dag.py:2726} INFO - Sync 1 DAGs
[2026-03-14T19:49:27.672+0000] {logging_mixin.py:149} INFO - [2026-03-14T19:49:27.671+0000] {dag.py:3490} INFO - Setting next_dagrun for dag_postgres_single_api_test to None, run_after=None
[2026-03-14T19:49:27.682+0000] {processor.py:178} INFO - Processing /opt/airflow/dags/dag.py took 0.057 seconds
[2026-03-14T19:49:57.974+0000] {processor.py:156} INFO - Started process (PID=354) to work on /opt/airflow/dags/dag.py
[2026-03-14T19:49:57.977+0000] {processor.py:799} INFO - Processing file /opt/airflow/dags/dag.py for tasks to queue
[2026-03-14T19:49:57.977+0000] {logging_mixin.py:149} INFO - [2026-03-14T19:49:57.977+0000] {dagbag.py:541} INFO - Filling up the DagBag from /opt/airflow/dags/dag.py
[2026-03-14T19:49:57.984+0000] {processor.py:809} INFO - DAG(s) dict_keys(['dag_postgres_single_api_test']) retrieved from /opt/airflow/dags/dag.py
[2026-03-14T19:49:57.999+0000] {logging_mixin.py:149} INFO - [2026-03-14T19:49:57.999+0000] {dag.py:2726} INFO - Sync 1 DAGs
[2026-03-14T19:49:58.012+0000] {logging_mixin.py:149} INFO - [2026-03-14T19:49:58.012+0000] {dag.py:3490} INFO - Setting next_dagrun for dag_postgres_single_api_test to None, run_after=None
[2026-03-14T19:49:58.026+0000] {processor.py:178} INFO - Processing /opt/airflow/dags/dag.py took 0.054 seconds
[2026-03-14T19:50:28.326+0000] {processor.py:156} INFO - Started process (PID=393) to work on /opt/airflow/dags/dag.py
[2026-03-14T19:50:28.329+0000] {processor.py:799} INFO - Processing file /opt/airflow/dags/dag.py for tasks to queue
[2026-03-14T19:50:28.330+0000] {logging_mixin.py:149} INFO - [2026-03-14T19:50:28.330+0000] {dagbag.py:541} INFO - Filling up the DagBag from /opt/airflow/dags/dag.py
[2026-03-14T19:50:28.336+0000] {processor.py:809} INFO - DAG(s) dict_keys(['dag_postgres_single_api_test']) retrieved from /opt/airflow/dags/dag.py
[2026-03-14T19:50:28.360+0000] {logging_mixin.py:149} INFO - [2026-03-14T19:50:28.360+0000] {dag.py:2726} INFO - Sync 1 DAGs
[2026-03-14T19:50:28.376+0000] {logging_mixin.py:149} INFO - [2026-03-14T19:50:28.376+0000] {dag.py:3490} INFO - Setting next_dagrun for dag_postgres_single_api_test to None, run_after=None
[2026-03-14T19:50:28.389+0000] {processor.py:178} INFO - Processing /opt/airflow/dags/dag.py took 0.065 seconds
[2026-03-14T19:50:58.707+0000] {processor.py:156} INFO - Started process (PID=425) to work on /opt/airflow/dags/dag.py
[2026-03-14T19:50:58.708+0000] {processor.py:799} INFO - Processing file /opt/airflow/dags/dag.py for tasks to queue
[2026-03-14T19:50:58.711+0000] {logging_mixin.py:149} INFO - [2026-03-14T19:50:58.711+0000] {dagbag.py:541} INFO - Filling up the DagBag from /opt/airflow/dags/dag.py
[2026-03-14T19:50:58.721+0000] {processor.py:809} INFO - DAG(s) dict_keys(['dag_postgres_single_api_test']) retrieved from /opt/airflow/dags/dag.py
[2026-03-14T19:50:58.741+0000] {logging_mixin.py:149} INFO - [2026-03-14T19:50:58.741+0000] {dag.py:2726} INFO - Sync 1 DAGs
[2026-03-14T19:50:58.754+0000] {logging_mixin.py:149} INFO - [2026-03-14T19:50:58.754+0000] {dag.py:3490} INFO - Setting next_dagrun for dag_postgres_single_api_test to None, run_after=None
[2026-03-14T19:50:58.766+0000] {processor.py:178} INFO - Processing /opt/airflow/dags/dag.py took 0.062 seconds
[2026-03-14T19:51:29.048+0000] {processor.py:156} INFO - Started process (PID=457) to work on /opt/airflow/dags/dag.py
[2026-03-14T19:51:29.048+0000] {processor.py:799} INFO - Processing file /opt/airflow/dags/dag.py for tasks to queue
[2026-03-14T19:51:29.049+0000] {logging_mixin.py:149} INFO - [2026-03-14T19:51:29.049+0000] {dagbag.py:541} INFO - Filling up the DagBag from /opt/airflow/dags/dag.py
[2026-03-14T19:51:29.058+0000] {processor.py:809} INFO - DAG(s) dict_keys(['dag_postgres_single_api_test']) retrieved from /opt/airflow/dags/dag.py
[2026-03-14T19:51:29.077+0000] {logging_mixin.py:149} INFO - [2026-03-14T19:51:29.077+0000] {dag.py:2726} INFO - Sync 1 DAGs
[2026-03-14T19:51:29.092+0000] {logging_mixin.py:149} INFO - [2026-03-14T19:51:29.092+0000] {dag.py:3490} INFO - Setting next_dagrun for dag_postgres_single_api_test to None, run_after=None
[2026-03-14T19:51:29.103+0000] {processor.py:178} INFO - Processing /opt/airflow/dags/dag.py took 0.058 seconds
[2026-03-14T19:51:59.333+0000] {processor.py:156} INFO - Started process (PID=489) to work on /opt/airflow/dags/dag.py
[2026-03-14T19:51:59.334+0000] {processor.py:799} INFO - Processing file /opt/airflow/dags/dag.py for tasks to queue
[2026-03-14T19:51:59.335+0000] {logging_mixin.py:149} INFO - [2026-03-14T19:51:59.335+0000] {dagbag.py:541} INFO - Filling up the DagBag from /opt/airflow/dags/dag.py
[2026-03-14T19:51:59.341+0000] {processor.py:809} INFO - DAG(s) dict_keys(['dag_postgres_single_api_test']) retrieved from /opt/airflow/dags/dag.py
[2026-03-14T19:51:59.361+0000] {logging_mixin.py:149} INFO - [2026-03-14T19:51:59.361+0000] {dag.py:2726} INFO - Sync 1 DAGs
[2026-03-14T19:51:59.375+0000] {logging_mixin.py:149} INFO - [2026-03-14T19:51:59.375+0000] {dag.py:3490} INFO - Setting next_dagrun for dag_postgres_single_api_test to None, run_after=None
[2026-03-14T19:51:59.386+0000] {processor.py:178} INFO - Processing /opt/airflow/dags/dag.py took 0.056 seconds
[2026-03-14T19:52:29.653+0000] {processor.py:156} INFO - Started process (PID=521) to work on /opt/airflow/dags/dag.py
[2026-03-14T19:52:29.655+0000] {processor.py:799} INFO - Processing file /opt/airflow/dags/dag.py for tasks to queue
[2026-03-14T19:52:29.655+0000] {logging_mixin.py:149} INFO - [2026-03-14T19:52:29.655+0000] {dagbag.py:541} INFO - Filling up the DagBag from /opt/airflow/dags/dag.py
[2026-03-14T19:52:29.660+0000] {processor.py:809} INFO - DAG(s) dict_keys(['dag_postgres_single_api_test']) retrieved from /opt/airflow/dags/dag.py
[2026-03-14T19:52:29.681+0000] {logging_mixin.py:149} INFO - [2026-03-14T19:52:29.681+0000] {dag.py:2726} INFO - Sync 1 DAGs
[2026-03-14T19:52:29.693+0000] {logging_mixin.py:149} INFO - [2026-03-14T19:52:29.693+0000] {dag.py:3490} INFO - Setting next_dagrun for dag_postgres_single_api_test to None, run_after=None
[2026-03-14T19:52:29.707+0000] {processor.py:178} INFO - Processing /opt/airflow/dags/dag.py took 0.056 seconds
[2026-03-14T19:53:00.027+0000] {processor.py:156} INFO - Started process (PID=553) to work on /opt/airflow/dags/dag.py
[2026-03-14T19:53:00.030+0000] {processor.py:799} INFO - Processing file /opt/airflow/dags/dag.py for tasks to queue
[2026-03-14T19:53:00.031+0000] {logging_mixin.py:149} INFO - [2026-03-14T19:53:00.031+0000] {dagbag.py:541} INFO - Filling up the DagBag from /opt/airflow/dags/dag.py
[2026-03-14T19:53:00.037+0000] {processor.py:809} INFO - DAG(s) dict_keys(['dag_postgres_single_api_test']) retrieved from /opt/airflow/dags/dag.py
[2026-03-14T19:53:00.053+0000] {logging_mixin.py:149} INFO - [2026-03-14T19:53:00.053+0000] {dag.py:2726} INFO - Sync 1 DAGs
[2026-03-14T19:53:00.066+0000] {logging_mixin.py:149} INFO - [2026-03-14T19:53:00.066+0000] {dag.py:3490} INFO - Setting next_dagrun for dag_postgres_single_api_test to None, run_after=None
[2026-03-14T19:53:00.077+0000] {processor.py:178} INFO - Processing /opt/airflow/dags/dag.py took 0.053 seconds
[2026-03-14T19:53:30.387+0000] {processor.py:156} INFO - Started process (PID=585) to work on /opt/airflow/dags/dag.py
[2026-03-14T19:53:30.388+0000] {processor.py:799} INFO - Processing file /opt/airflow/dags/dag.py for tasks to queue
[2026-03-14T19:53:30.389+0000] {logging_mixin.py:149} INFO - [2026-03-14T19:53:30.389+0000] {dagbag.py:541} INFO - Filling up the DagBag from /opt/airflow/dags/dag.py
[2026-03-14T19:53:30.396+0000] {processor.py:809} INFO - DAG(s) dict_keys(['dag_postgres_single_api_test']) retrieved from /opt/airflow/dags/dag.py
[2026-03-14T19:53:30.415+0000] {logging_mixin.py:149} INFO - [2026-03-14T19:53:30.415+0000] {dag.py:2726} INFO - Sync 1 DAGs
[2026-03-14T19:53:30.449+0000] {logging_mixin.py:149} INFO - [2026-03-14T19:53:30.449+0000] {dag.py:3490} INFO - Setting next_dagrun for dag_postgres_single_api_test to None, run_after=None
[2026-03-14T19:53:30.478+0000] {processor.py:178} INFO - Processing /opt/airflow/dags/dag.py took 0.094 seconds
[2026-03-14T19:54:00.742+0000] {processor.py:156} INFO - Started process (PID=617) to work on /opt/airflow/dags/dag.py
[2026-03-14T19:54:00.744+0000] {processor.py:799} INFO - Processing file /opt/airflow/dags/dag.py for tasks to queue
[2026-03-14T19:54:00.744+0000] {logging_mixin.py:149} INFO - [2026-03-14T19:54:00.744+0000] {dagbag.py:541} INFO - Filling up the DagBag from /opt/airflow/dags/dag.py
[2026-03-14T19:54:00.749+0000] {processor.py:809} INFO - DAG(s) dict_keys(['dag_postgres_single_api_test']) retrieved from /opt/airflow/dags/dag.py
[2026-03-14T19:54:00.770+0000] {logging_mixin.py:149} INFO - [2026-03-14T19:54:00.770+0000] {dag.py:2726} INFO - Sync 1 DAGs
[2026-03-14T19:54:00.783+0000] {logging_mixin.py:149} INFO - [2026-03-14T19:54:00.783+0000] {dag.py:3490} INFO - Setting next_dagrun for dag_postgres_single_api_test to None, run_after=None
[2026-03-14T19:54:00.795+0000] {processor.py:178} INFO - Processing /opt/airflow/dags/dag.py took 0.055 seconds
[2026-03-14T19:54:31.099+0000] {processor.py:156} INFO - Started process (PID=649) to work on /opt/airflow/dags/dag.py
[2026-03-14T19:54:31.102+0000] {processor.py:799} INFO - Processing file /opt/airflow/dags/dag.py for tasks to queue
[2026-03-14T19:54:31.103+0000] {logging_mixin.py:149} INFO - [2026-03-14T19:54:31.103+0000] {dagbag.py:541} INFO - Filling up the DagBag from /opt/airflow/dags/dag.py
[2026-03-14T19:54:31.109+0000] {processor.py:809} INFO - DAG(s) dict_keys(['dag_postgres_single_api_test']) retrieved from /opt/airflow/dags/dag.py
[2026-03-14T19:54:31.124+0000] {logging_mixin.py:149} INFO - [2026-03-14T19:54:31.124+0000] {dag.py:2726} INFO - Sync 1 DAGs
[2026-03-14T19:54:31.135+0000] {logging_mixin.py:149} INFO - [2026-03-14T19:54:31.135+0000] {dag.py:3490} INFO - Setting next_dagrun for dag_postgres_single_api_test to None, run_after=None
[2026-03-14T19:54:31.145+0000] {processor.py:178} INFO - Processing /opt/airflow/dags/dag.py took 0.050 seconds
[2026-03-14T19:55:01.418+0000] {processor.py:156} INFO - Started process (PID=681) to work on /opt/airflow/dags/dag.py
[2026-03-14T19:55:01.418+0000] {processor.py:799} INFO - Processing file /opt/airflow/dags/dag.py for tasks to queue
[2026-03-14T19:55:01.419+0000] {logging_mixin.py:149} INFO - [2026-03-14T19:55:01.419+0000] {dagbag.py:541} INFO - Filling up the DagBag from /opt/airflow/dags/dag.py
[2026-03-14T19:55:01.427+0000] {processor.py:809} INFO - DAG(s) dict_keys(['dag_postgres_single_api_test']) retrieved from /opt/airflow/dags/dag.py
[2026-03-14T19:55:01.442+0000] {logging_mixin.py:149} INFO - [2026-03-14T19:55:01.441+0000] {dag.py:2726} INFO - Sync 1 DAGs
[2026-03-14T19:55:01.452+0000] {logging_mixin.py:149} INFO - [2026-03-14T19:55:01.452+0000] {dag.py:3490} INFO - Setting next_dagrun for dag_postgres_single_api_test to None, run_after=None
[2026-03-14T19:55:01.463+0000] {processor.py:178} INFO - Processing /opt/airflow/dags/dag.py took 0.047 seconds
[2026-03-14T19:55:31.784+0000] {processor.py:156} INFO - Started process (PID=713) to work on /opt/airflow/dags/dag.py
[2026-03-14T19:55:31.785+0000] {processor.py:799} INFO - Processing file /opt/airflow/dags/dag.py for tasks to queue
[2026-03-14T19:55:31.787+0000] {logging_mixin.py:149} INFO - [2026-03-14T19:55:31.786+0000] {dagbag.py:541} INFO - Filling up the DagBag from /opt/airflow/dags/dag.py
[2026-03-14T19:55:31.793+0000] {processor.py:809} INFO - DAG(s) dict_keys(['dag_postgres_single_api_test']) retrieved from /opt/airflow/dags/dag.py
[2026-03-14T19:55:31.814+0000] {logging_mixin.py:149} INFO - [2026-03-14T19:55:31.814+0000] {dag.py:2726} INFO - Sync 1 DAGs
[2026-03-14T19:55:31.831+0000] {logging_mixin.py:149} INFO - [2026-03-14T19:55:31.831+0000] {dag.py:3490} INFO - Setting next_dagrun for dag_postgres_single_api_test to None, run_after=None
[2026-03-14T19:55:31.843+0000] {processor.py:178} INFO - Processing /opt/airflow/dags/dag.py took 0.061 seconds
[2026-03-14T19:56:02.141+0000] {processor.py:156} INFO - Started process (PID=745) to work on /opt/airflow/dags/dag.py
[2026-03-14T19:56:02.141+0000] {processor.py:799} INFO - Processing file /opt/airflow/dags/dag.py for tasks to queue
[2026-03-14T19:56:02.142+0000] {logging_mixin.py:149} INFO - [2026-03-14T19:56:02.142+0000] {dagbag.py:541} INFO - Filling up the DagBag from /opt/airflow/dags/dag.py
[2026-03-14T19:56:02.151+0000] {processor.py:809} INFO - DAG(s) dict_keys(['dag_postgres_single_api_test']) retrieved from /opt/airflow/dags/dag.py
[2026-03-14T19:56:02.171+0000] {logging_mixin.py:149} INFO - [2026-03-14T19:56:02.171+0000] {dag.py:2726} INFO - Sync 1 DAGs
[2026-03-14T19:56:02.182+0000] {logging_mixin.py:149} INFO - [2026-03-14T19:56:02.181+0000] {dag.py:3490} INFO - Setting next_dagrun for dag_postgres_single_api_test to None, run_after=None
[2026-03-14T19:56:02.192+0000] {processor.py:178} INFO - Processing /opt/airflow/dags/dag.py took 0.052 seconds
[2026-03-14T19:56:32.472+0000] {processor.py:156} INFO - Started process (PID=777) to work on /opt/airflow/dags/dag.py
[2026-03-14T19:56:32.474+0000] {processor.py:799} INFO - Processing file /opt/airflow/dags/dag.py for tasks to queue
[2026-03-14T19:56:32.474+0000] {logging_mixin.py:149} INFO - [2026-03-14T19:56:32.474+0000] {dagbag.py:541} INFO - Filling up the DagBag from /opt/airflow/dags/dag.py
[2026-03-14T19:56:32.484+0000] {processor.py:809} INFO - DAG(s) dict_keys(['dag_postgres_single_api_test']) retrieved from /opt/airflow/dags/dag.py
[2026-03-14T19:56:32.499+0000] {logging_mixin.py:149} INFO - [2026-03-14T19:56:32.499+0000] {dag.py:2726} INFO - Sync 1 DAGs
[2026-03-14T19:56:32.512+0000] {logging_mixin.py:149} INFO - [2026-03-14T19:56:32.512+0000] {dag.py:3490} INFO - Setting next_dagrun for dag_postgres_single_api_test to None, run_after=None
[2026-03-14T19:56:32.520+0000] {processor.py:178} INFO - Processing /opt/airflow/dags/dag.py took 0.052 seconds
[2026-03-14T19:57:02.827+0000] {processor.py:156} INFO - Started process (PID=809) to work on /opt/airflow/dags/dag.py
[2026-03-14T19:57:02.828+0000] {processor.py:799} INFO - Processing file /opt/airflow/dags/dag.py for tasks to queue
[2026-03-14T19:57:02.831+0000] {logging_mixin.py:149} INFO - [2026-03-14T19:57:02.831+0000] {dagbag.py:541} INFO - Filling up the DagBag from /opt/airflow/dags/dag.py
[2026-03-14T19:57:02.838+0000] {processor.py:809} INFO - DAG(s) dict_keys(['dag_postgres_single_api_test']) retrieved from /opt/airflow/dags/dag.py
[2026-03-14T19:57:02.859+0000] {logging_mixin.py:149} INFO - [2026-03-14T19:57:02.859+0000] {dag.py:2726} INFO - Sync 1 DAGs
[2026-03-14T19:57:02.872+0000] {logging_mixin.py:149} INFO - [2026-03-14T19:57:02.872+0000] {dag.py:3490} INFO - Setting next_dagrun for dag_postgres_single_api_test to None, run_after=None
[2026-03-14T19:57:02.889+0000] {processor.py:178} INFO - Processing /opt/airflow/dags/dag.py took 0.065 seconds
[2026-03-14T19:57:33.157+0000] {processor.py:156} INFO - Started process (PID=841) to work on /opt/airflow/dags/dag.py
[2026-03-14T19:57:33.158+0000] {processor.py:799} INFO - Processing file /opt/airflow/dags/dag.py for tasks to queue
[2026-03-14T19:57:33.159+0000] {logging_mixin.py:149} INFO - [2026-03-14T19:57:33.159+0000] {dagbag.py:541} INFO - Filling up the DagBag from /opt/airflow/dags/dag.py
[2026-03-14T19:57:33.166+0000] {processor.py:809} INFO - DAG(s) dict_keys(['dag_postgres_single_api_test']) retrieved from /opt/airflow/dags/dag.py
[2026-03-14T19:57:33.192+0000] {logging_mixin.py:149} INFO - [2026-03-14T19:57:33.192+0000] {dag.py:2726} INFO - Sync 1 DAGs
[2026-03-14T19:57:33.205+0000] {logging_mixin.py:149} INFO - [2026-03-14T19:57:33.205+0000] {dag.py:3490} INFO - Setting next_dagrun for dag_postgres_single_api_test to None, run_after=None
[2026-03-14T19:57:33.217+0000] {processor.py:178} INFO - Processing /opt/airflow/dags/dag.py took 0.062 seconds
[2026-03-14T19:58:03.478+0000] {processor.py:156} INFO - Started process (PID=873) to work on /opt/airflow/dags/dag.py
[2026-03-14T19:58:03.479+0000] {processor.py:799} INFO - Processing file /opt/airflow/dags/dag.py for tasks to queue
[2026-03-14T19:58:03.479+0000] {logging_mixin.py:149} INFO - [2026-03-14T19:58:03.479+0000] {dagbag.py:541} INFO - Filling up the DagBag from /opt/airflow/dags/dag.py
[2026-03-14T19:58:03.486+0000] {processor.py:809} INFO - DAG(s) dict_keys(['dag_postgres_single_api_test']) retrieved from /opt/airflow/dags/dag.py
[2026-03-14T19:58:03.508+0000] {logging_mixin.py:149} INFO - [2026-03-14T19:58:03.507+0000] {dag.py:2726} INFO - Sync 1 DAGs
[2026-03-14T19:58:03.526+0000] {logging_mixin.py:149} INFO - [2026-03-14T19:58:03.526+0000] {dag.py:3490} INFO - Setting next_dagrun for dag_postgres_single_api_test to None, run_after=None
[2026-03-14T19:58:03.538+0000] {processor.py:178} INFO - Processing /opt/airflow/dags/dag.py took 0.063 seconds
[2026-03-14T19:58:33.750+0000] {processor.py:156} INFO - Started process (PID=905) to work on /opt/airflow/dags/dag.py
[2026-03-14T19:58:33.751+0000] {processor.py:799} INFO - Processing file /opt/airflow/dags/dag.py for tasks to queue
[2026-03-14T19:58:33.751+0000] {logging_mixin.py:149} INFO - [2026-03-14T19:58:33.751+0000] {dagbag.py:541} INFO - Filling up the DagBag from /opt/airflow/dags/dag.py
[2026-03-14T19:58:33.765+0000] {processor.py:809} INFO - DAG(s) dict_keys(['dag_postgres_single_api_test']) retrieved from /opt/airflow/dags/dag.py
[2026-03-14T19:58:33.786+0000] {logging_mixin.py:149} INFO - [2026-03-14T19:58:33.786+0000] {dag.py:2726} INFO - Sync 1 DAGs
[2026-03-14T19:58:33.800+0000] {logging_mixin.py:149} INFO - [2026-03-14T19:58:33.800+0000] {dag.py:3490} INFO - Setting next_dagrun for dag_postgres_single_api_test to None, run_after=None
[2026-03-14T19:58:33.812+0000] {processor.py:178} INFO - Processing /opt/airflow/dags/dag.py took 0.064 seconds
[2026-03-14T19:59:04.059+0000] {processor.py:156} INFO - Started process (PID=937) to work on /opt/airflow/dags/dag.py
[2026-03-14T19:59:04.060+0000] {processor.py:799} INFO - Processing file /opt/airflow/dags/dag.py for tasks to queue
[2026-03-14T19:59:04.062+0000] {logging_mixin.py:149} INFO - [2026-03-14T19:59:04.062+0000] {dagbag.py:541} INFO - Filling up the DagBag from /opt/airflow/dags/dag.py
[2026-03-14T19:59:04.067+0000] {processor.py:809} INFO - DAG(s) dict_keys(['dag_postgres_single_api_test']) retrieved from /opt/airflow/dags/dag.py
[2026-03-14T19:59:04.089+0000] {logging_mixin.py:149} INFO - [2026-03-14T19:59:04.089+0000] {dag.py:2726} INFO - Sync 1 DAGs
[2026-03-14T19:59:04.100+0000] {logging_mixin.py:149} INFO - [2026-03-14T19:59:04.100+0000] {dag.py:3490} INFO - Setting next_dagrun for dag_postgres_single_api_test to None, run_after=None
[2026-03-14T19:59:04.110+0000] {processor.py:178} INFO - Processing /opt/airflow/dags/dag.py took 0.052 seconds
[2026-03-14T19:59:34.379+0000] {processor.py:156} INFO - Started process (PID=969) to work on /opt/airflow/dags/dag.py
[2026-03-14T19:59:34.379+0000] {processor.py:799} INFO - Processing file /opt/airflow/dags/dag.py for tasks to queue
[2026-03-14T19:59:34.380+0000] {logging_mixin.py:149} INFO - [2026-03-14T19:59:34.380+0000] {dagbag.py:541} INFO - Filling up the DagBag from /opt/airflow/dags/dag.py
[2026-03-14T19:59:34.388+0000] {processor.py:809} INFO - DAG(s) dict_keys(['dag_postgres_single_api_test']) retrieved from /opt/airflow/dags/dag.py
[2026-03-14T19:59:34.408+0000] {logging_mixin.py:149} INFO - [2026-03-14T19:59:34.408+0000] {dag.py:2726} INFO - Sync 1 DAGs
[2026-03-14T19:59:34.421+0000] {logging_mixin.py:149} INFO - [2026-03-14T19:59:34.420+0000] {dag.py:3490} INFO - Setting next_dagrun for dag_postgres_single_api_test to None, run_after=None
[2026-03-14T19:59:34.431+0000] {processor.py:178} INFO - Processing /opt/airflow/dags/dag.py took 0.055 seconds
[2026-03-14T20:00:32.123+0000] {processor.py:156} INFO - Started process (PID=182) to work on /opt/airflow/dags/dag.py
[2026-03-14T20:00:32.123+0000] {processor.py:799} INFO - Processing file /opt/airflow/dags/dag.py for tasks to queue
[2026-03-14T20:00:32.123+0000] {logging_mixin.py:149} INFO - [2026-03-14T20:00:32.123+0000] {dagbag.py:541} INFO - Filling up the DagBag from /opt/airflow/dags/dag.py
[2026-03-14T20:00:32.127+0000] {processor.py:809} INFO - DAG(s) dict_keys(['dag_postgres_single_api_test']) retrieved from /opt/airflow/dags/dag.py
[2026-03-14T20:00:32.156+0000] {logging_mixin.py:149} INFO - [2026-03-14T20:00:32.156+0000] {dag.py:2726} INFO - Sync 1 DAGs
[2026-03-14T20:00:32.227+0000] {logging_mixin.py:149} INFO - [2026-03-14T20:00:32.227+0000] {dag.py:3490} INFO - Setting next_dagrun for dag_postgres_single_api_test to None, run_after=None
[2026-03-14T20:00:32.235+0000] {processor.py:178} INFO - Processing /opt/airflow/dags/dag.py took 0.113 seconds
[2026-03-14T20:01:02.460+0000] {processor.py:156} INFO - Started process (PID=248) to work on /opt/airflow/dags/dag.py
[2026-03-14T20:01:02.460+0000] {processor.py:799} INFO - Processing file /opt/airflow/dags/dag.py for tasks to queue
[2026-03-14T20:01:02.461+0000] {logging_mixin.py:149} INFO - [2026-03-14T20:01:02.461+0000] {dagbag.py:541} INFO - Filling up the DagBag from /opt/airflow/dags/dag.py
[2026-03-14T20:01:02.469+0000] {processor.py:809} INFO - DAG(s) dict_keys(['dag_postgres_single_api_test']) retrieved from /opt/airflow/dags/dag.py
[2026-03-14T20:01:02.485+0000] {logging_mixin.py:149} INFO - [2026-03-14T20:01:02.485+0000] {dag.py:2726} INFO - Sync 1 DAGs
[2026-03-14T20:01:02.580+0000] {logging_mixin.py:149} INFO - [2026-03-14T20:01:02.580+0000] {dag.py:3490} INFO - Setting next_dagrun for dag_postgres_single_api_test to None, run_after=None
[2026-03-14T20:01:02.591+0000] {processor.py:178} INFO - Processing /opt/airflow/dags/dag.py took 0.134 seconds
[2026-03-14T20:01:32.856+0000] {processor.py:156} INFO - Started process (PID=280) to work on /opt/airflow/dags/dag.py
[2026-03-14T20:01:32.858+0000] {processor.py:799} INFO - Processing file /opt/airflow/dags/dag.py for tasks to queue
[2026-03-14T20:01:32.858+0000] {logging_mixin.py:149} INFO - [2026-03-14T20:01:32.858+0000] {dagbag.py:541} INFO - Filling up the DagBag from /opt/airflow/dags/dag.py
[2026-03-14T20:01:32.868+0000] {processor.py:809} INFO - DAG(s) dict_keys(['dag_postgres_single_api_test']) retrieved from /opt/airflow/dags/dag.py
[2026-03-14T20:01:32.943+0000] {logging_mixin.py:149} INFO - [2026-03-14T20:01:32.943+0000] {dag.py:2726} INFO - Sync 1 DAGs
[2026-03-14T20:01:32.955+0000] {logging_mixin.py:149} INFO - [2026-03-14T20:01:32.955+0000] {dag.py:3490} INFO - Setting next_dagrun for dag_postgres_single_api_test to None, run_after=None
[2026-03-14T20:01:32.963+0000] {processor.py:178} INFO - Processing /opt/airflow/dags/dag.py took 0.111 seconds
[2026-03-14T20:02:03.280+0000] {processor.py:156} INFO - Started process (PID=319) to work on /opt/airflow/dags/dag.py
[2026-03-14T20:02:03.283+0000] {processor.py:799} INFO - Processing file /opt/airflow/dags/dag.py for tasks to queue
[2026-03-14T20:02:03.283+0000] {logging_mixin.py:149} INFO - [2026-03-14T20:02:03.283+0000] {dagbag.py:541} INFO - Filling up the DagBag from /opt/airflow/dags/dag.py
[2026-03-14T20:02:03.290+0000] {processor.py:809} INFO - DAG(s) dict_keys(['dag_postgres_single_api_test']) retrieved from /opt/airflow/dags/dag.py
[2026-03-14T20:02:03.310+0000] {logging_mixin.py:149} INFO - [2026-03-14T20:02:03.310+0000] {dag.py:2726} INFO - Sync 1 DAGs
[2026-03-14T20:02:03.326+0000] {logging_mixin.py:149} INFO - [2026-03-14T20:02:03.325+0000] {dag.py:3490} INFO - Setting next_dagrun for dag_postgres_single_api_test to None, run_after=None
[2026-03-14T20:02:03.336+0000] {processor.py:178} INFO - Processing /opt/airflow/dags/dag.py took 0.057 seconds
[2026-03-14T20:02:33.632+0000] {processor.py:156} INFO - Started process (PID=351) to work on /opt/airflow/dags/dag.py
[2026-03-14T20:02:33.634+0000] {processor.py:799} INFO - Processing file /opt/airflow/dags/dag.py for tasks to queue
[2026-03-14T20:02:33.634+0000] {logging_mixin.py:149} INFO - [2026-03-14T20:02:33.634+0000] {dagbag.py:541} INFO - Filling up the DagBag from /opt/airflow/dags/dag.py
[2026-03-14T20:02:33.642+0000] {processor.py:809} INFO - DAG(s) dict_keys(['dag_postgres_single_api_test']) retrieved from /opt/airflow/dags/dag.py
[2026-03-14T20:02:33.666+0000] {logging_mixin.py:149} INFO - [2026-03-14T20:02:33.666+0000] {dag.py:2726} INFO - Sync 1 DAGs
[2026-03-14T20:02:33.683+0000] {logging_mixin.py:149} INFO - [2026-03-14T20:02:33.683+0000] {dag.py:3490} INFO - Setting next_dagrun for dag_postgres_single_api_test to None, run_after=None
[2026-03-14T20:02:33.695+0000] {processor.py:178} INFO - Processing /opt/airflow/dags/dag.py took 0.066 seconds
[2026-03-14T20:03:03.964+0000] {processor.py:156} INFO - Started process (PID=383) to work on /opt/airflow/dags/dag.py
[2026-03-14T20:03:03.965+0000] {processor.py:799} INFO - Processing file /opt/airflow/dags/dag.py for tasks to queue
[2026-03-14T20:03:03.966+0000] {logging_mixin.py:149} INFO - [2026-03-14T20:03:03.966+0000] {dagbag.py:541} INFO - Filling up the DagBag from /opt/airflow/dags/dag.py
[2026-03-14T20:03:03.974+0000] {processor.py:809} INFO - DAG(s) dict_keys(['dag_postgres_single_api_test']) retrieved from /opt/airflow/dags/dag.py
[2026-03-14T20:03:03.992+0000] {logging_mixin.py:149} INFO - [2026-03-14T20:03:03.992+0000] {dag.py:2726} INFO - Sync 1 DAGs
[2026-03-14T20:03:04.006+0000] {logging_mixin.py:149} INFO - [2026-03-14T20:03:04.006+0000] {dag.py:3490} INFO - Setting next_dagrun for dag_postgres_single_api_test to None, run_after=None
[2026-03-14T20:03:04.022+0000] {processor.py:178} INFO - Processing /opt/airflow/dags/dag.py took 0.060 seconds
[2026-03-14T20:03:34.263+0000] {processor.py:156} INFO - Started process (PID=415) to work on /opt/airflow/dags/dag.py
[2026-03-14T20:03:34.264+0000] {processor.py:799} INFO - Processing file /opt/airflow/dags/dag.py for tasks to queue
[2026-03-14T20:03:34.265+0000] {logging_mixin.py:149} INFO - [2026-03-14T20:03:34.265+0000] {dagbag.py:541} INFO - Filling up the DagBag from /opt/airflow/dags/dag.py
[2026-03-14T20:03:34.275+0000] {processor.py:809} INFO - DAG(s) dict_keys(['dag_postgres_single_api_test']) retrieved from /opt/airflow/dags/dag.py
[2026-03-14T20:03:34.295+0000] {logging_mixin.py:149} INFO - [2026-03-14T20:03:34.295+0000] {dag.py:2726} INFO - Sync 1 DAGs
[2026-03-14T20:03:34.309+0000] {logging_mixin.py:149} INFO - [2026-03-14T20:03:34.309+0000] {dag.py:3490} INFO - Setting next_dagrun for dag_postgres_single_api_test to None, run_after=None
[2026-03-14T20:03:34.322+0000] {processor.py:178} INFO - Processing /opt/airflow/dags/dag.py took 0.062 seconds
[2026-03-14T20:04:04.569+0000] {processor.py:156} INFO - Started process (PID=447) to work on /opt/airflow/dags/dag.py
[2026-03-14T20:04:04.570+0000] {processor.py:799} INFO - Processing file /opt/airflow/dags/dag.py for tasks to queue
[2026-03-14T20:04:04.571+0000] {logging_mixin.py:149} INFO - [2026-03-14T20:04:04.571+0000] {dagbag.py:541} INFO - Filling up the DagBag from /opt/airflow/dags/dag.py
[2026-03-14T20:04:04.581+0000] {processor.py:809} INFO - DAG(s) dict_keys(['dag_postgres_single_api_test']) retrieved from /opt/airflow/dags/dag.py
[2026-03-14T20:04:04.603+0000] {logging_mixin.py:149} INFO - [2026-03-14T20:04:04.603+0000] {dag.py:2726} INFO - Sync 1 DAGs
[2026-03-14T20:04:04.620+0000] {logging_mixin.py:149} INFO - [2026-03-14T20:04:04.620+0000] {dag.py:3490} INFO - Setting next_dagrun for dag_postgres_single_api_test to None, run_after=None
[2026-03-14T20:04:04.635+0000] {processor.py:178} INFO - Processing /opt/airflow/dags/dag.py took 0.069 seconds
[2026-03-14T20:04:34.883+0000] {processor.py:156} INFO - Started process (PID=479) to work on /opt/airflow/dags/dag.py
[2026-03-14T20:04:34.884+0000] {processor.py:799} INFO - Processing file /opt/airflow/dags/dag.py for tasks to queue
[2026-03-14T20:04:34.884+0000] {logging_mixin.py:149} INFO - [2026-03-14T20:04:34.884+0000] {dagbag.py:541} INFO - Filling up the DagBag from /opt/airflow/dags/dag.py
[2026-03-14T20:04:34.890+0000] {processor.py:809} INFO - DAG(s) dict_keys(['dag_postgres_single_api_test']) retrieved from /opt/airflow/dags/dag.py
[2026-03-14T20:04:34.909+0000] {logging_mixin.py:149} INFO - [2026-03-14T20:04:34.909+0000] {dag.py:2726} INFO - Sync 1 DAGs
[2026-03-14T20:04:34.922+0000] {logging_mixin.py:149} INFO - [2026-03-14T20:04:34.922+0000] {dag.py:3490} INFO - Setting next_dagrun for dag_postgres_single_api_test to None, run_after=None
[2026-03-14T20:04:34.933+0000] {processor.py:178} INFO - Processing /opt/airflow/dags/dag.py took 0.051 seconds
[2026-03-14T20:05:05.176+0000] {processor.py:156} INFO - Started process (PID=511) to work on /opt/airflow/dags/dag.py
[2026-03-14T20:05:05.177+0000] {processor.py:799} INFO - Processing file /opt/airflow/dags/dag.py for tasks to queue
[2026-03-14T20:05:05.178+0000] {logging_mixin.py:149} INFO - [2026-03-14T20:05:05.178+0000] {dagbag.py:541} INFO - Filling up the DagBag from /opt/airflow/dags/dag.py
[2026-03-14T20:05:05.185+0000] {processor.py:809} INFO - DAG(s) dict_keys(['dag_postgres_single_api_test']) retrieved from /opt/airflow/dags/dag.py
[2026-03-14T20:05:05.206+0000] {logging_mixin.py:149} INFO - [2026-03-14T20:05:05.206+0000] {dag.py:2726} INFO - Sync 1 DAGs
[2026-03-14T20:05:05.220+0000] {logging_mixin.py:149} INFO - [2026-03-14T20:05:05.219+0000] {dag.py:3490} INFO - Setting next_dagrun for dag_postgres_single_api_test to None, run_after=None
[2026-03-14T20:05:05.228+0000] {processor.py:178} INFO - Processing /opt/airflow/dags/dag.py took 0.054 seconds
[2026-03-14T20:05:35.600+0000] {processor.py:156} INFO - Started process (PID=543) to work on /opt/airflow/dags/dag.py
[2026-03-14T20:05:35.601+0000] {processor.py:799} INFO - Processing file /opt/airflow/dags/dag.py for tasks to queue
[2026-03-14T20:05:35.604+0000] {logging_mixin.py:149} INFO - [2026-03-14T20:05:35.604+0000] {dagbag.py:541} INFO - Filling up the DagBag from /opt/airflow/dags/dag.py
[2026-03-14T20:05:35.615+0000] {processor.py:809} INFO - DAG(s) dict_keys(['dag_postgres_single_api_test']) retrieved from /opt/airflow/dags/dag.py
[2026-03-14T20:05:35.639+0000] {logging_mixin.py:149} INFO - [2026-03-14T20:05:35.639+0000] {dag.py:2726} INFO - Sync 1 DAGs
[2026-03-14T20:05:35.652+0000] {logging_mixin.py:149} INFO - [2026-03-14T20:05:35.652+0000] {dag.py:3490} INFO - Setting next_dagrun for dag_postgres_single_api_test to None, run_after=None
[2026-03-14T20:05:35.663+0000] {processor.py:178} INFO - Processing /opt/airflow/dags/dag.py took 0.065 seconds
[2026-03-14T20:06:05.996+0000] {processor.py:156} INFO - Started process (PID=575) to work on /opt/airflow/dags/dag.py
[2026-03-14T20:06:05.999+0000] {processor.py:799} INFO - Processing file /opt/airflow/dags/dag.py for tasks to queue
[2026-03-14T20:06:05.999+0000] {logging_mixin.py:149} INFO - [2026-03-14T20:06:05.999+0000] {dagbag.py:541} INFO - Filling up the DagBag from /opt/airflow/dags/dag.py
[2026-03-14T20:06:06.003+0000] {processor.py:809} INFO - DAG(s) dict_keys(['dag_postgres_single_api_test']) retrieved from /opt/airflow/dags/dag.py
[2026-03-14T20:06:06.019+0000] {logging_mixin.py:149} INFO - [2026-03-14T20:06:06.019+0000] {dag.py:2726} INFO - Sync 1 DAGs
[2026-03-14T20:06:06.029+0000] {logging_mixin.py:149} INFO - [2026-03-14T20:06:06.029+0000] {dag.py:3490} INFO - Setting next_dagrun for dag_postgres_single_api_test to None, run_after=None
[2026-03-14T20:06:06.037+0000] {processor.py:178} INFO - Processing /opt/airflow/dags/dag.py took 0.043 seconds
[2026-03-14T20:06:36.345+0000] {processor.py:156} INFO - Started process (PID=607) to work on /opt/airflow/dags/dag.py
[2026-03-14T20:06:36.346+0000] {processor.py:799} INFO - Processing file /opt/airflow/dags/dag.py for tasks to queue
[2026-03-14T20:06:36.347+0000] {logging_mixin.py:149} INFO - [2026-03-14T20:06:36.347+0000] {dagbag.py:541} INFO - Filling up the DagBag from /opt/airflow/dags/dag.py
[2026-03-14T20:06:36.355+0000] {processor.py:809} INFO - DAG(s) dict_keys(['dag_postgres_single_api_test']) retrieved from /opt/airflow/dags/dag.py
[2026-03-14T20:06:36.370+0000] {logging_mixin.py:149} INFO - [2026-03-14T20:06:36.370+0000] {dag.py:2726} INFO - Sync 1 DAGs
[2026-03-14T20:06:36.383+0000] {logging_mixin.py:149} INFO - [2026-03-14T20:06:36.383+0000] {dag.py:3490} INFO - Setting next_dagrun for dag_postgres_single_api_test to None, run_after=None
[2026-03-14T20:06:36.393+0000] {processor.py:178} INFO - Processing /opt/airflow/dags/dag.py took 0.050 seconds
[2026-03-14T20:07:06.743+0000] {processor.py:156} INFO - Started process (PID=639) to work on /opt/airflow/dags/dag.py
[2026-03-14T20:07:06.745+0000] {processor.py:799} INFO - Processing file /opt/airflow/dags/dag.py for tasks to queue
[2026-03-14T20:07:06.745+0000] {logging_mixin.py:149} INFO - [2026-03-14T20:07:06.745+0000] {dagbag.py:541} INFO - Filling up the DagBag from /opt/airflow/dags/dag.py
[2026-03-14T20:07:06.754+0000] {processor.py:809} INFO - DAG(s) dict_keys(['dag_postgres_single_api_test']) retrieved from /opt/airflow/dags/dag.py
[2026-03-14T20:07:06.776+0000] {logging_mixin.py:149} INFO - [2026-03-14T20:07:06.776+0000] {dag.py:2726} INFO - Sync 1 DAGs
[2026-03-14T20:07:06.788+0000] {logging_mixin.py:149} INFO - [2026-03-14T20:07:06.788+0000] {dag.py:3490} INFO - Setting next_dagrun for dag_postgres_single_api_test to None, run_after=None
[2026-03-14T20:07:06.799+0000] {processor.py:178} INFO - Processing /opt/airflow/dags/dag.py took 0.059 seconds
[2026-03-14T20:07:37.154+0000] {processor.py:156} INFO - Started process (PID=671) to work on /opt/airflow/dags/dag.py
[2026-03-14T20:07:37.156+0000] {processor.py:799} INFO - Processing file /opt/airflow/dags/dag.py for tasks to queue
[2026-03-14T20:07:37.156+0000] {logging_mixin.py:149} INFO - [2026-03-14T20:07:37.156+0000] {dagbag.py:541} INFO - Filling up the DagBag from /opt/airflow/dags/dag.py
[2026-03-14T20:07:37.163+0000] {processor.py:809} INFO - DAG(s) dict_keys(['dag_postgres_single_api_test']) retrieved from /opt/airflow/dags/dag.py
[2026-03-14T20:07:37.183+0000] {logging_mixin.py:149} INFO - [2026-03-14T20:07:37.183+0000] {dag.py:2726} INFO - Sync 1 DAGs
[2026-03-14T20:07:37.195+0000] {logging_mixin.py:149} INFO - [2026-03-14T20:07:37.195+0000] {dag.py:3490} INFO - Setting next_dagrun for dag_postgres_single_api_test to None, run_after=None
[2026-03-14T20:07:37.207+0000] {processor.py:178} INFO - Processing /opt/airflow/dags/dag.py took 0.055 seconds
[2026-03-14T20:08:07.551+0000] {processor.py:156} INFO - Started process (PID=703) to work on /opt/airflow/dags/dag.py
[2026-03-14T20:08:07.553+0000] {processor.py:799} INFO - Processing file /opt/airflow/dags/dag.py for tasks to queue
[2026-03-14T20:08:07.553+0000] {logging_mixin.py:149} INFO - [2026-03-14T20:08:07.553+0000] {dagbag.py:541} INFO - Filling up the DagBag from /opt/airflow/dags/dag.py
[2026-03-14T20:08:07.559+0000] {processor.py:809} INFO - DAG(s) dict_keys(['dag_postgres_single_api_test']) retrieved from /opt/airflow/dags/dag.py
[2026-03-14T20:08:07.575+0000] {logging_mixin.py:149} INFO - [2026-03-14T20:08:07.575+0000] {dag.py:2726} INFO - Sync 1 DAGs
[2026-03-14T20:08:07.590+0000] {logging_mixin.py:149} INFO - [2026-03-14T20:08:07.590+0000] {dag.py:3490} INFO - Setting next_dagrun for dag_postgres_single_api_test to None, run_after=None
[2026-03-14T20:08:07.601+0000] {processor.py:178} INFO - Processing /opt/airflow/dags/dag.py took 0.052 seconds
[2026-03-14T20:08:37.826+0000] {processor.py:156} INFO - Started process (PID=720) to work on /opt/airflow/dags/dag.py
[2026-03-14T20:08:37.826+0000] {processor.py:799} INFO - Processing file /opt/airflow/dags/dag.py for tasks to queue
[2026-03-14T20:08:37.827+0000] {logging_mixin.py:149} INFO - [2026-03-14T20:08:37.826+0000] {dagbag.py:541} INFO - Filling up the DagBag from /opt/airflow/dags/dag.py
[2026-03-14T20:08:37.832+0000] {processor.py:809} INFO - DAG(s) dict_keys(['dag_postgres_single_api_test']) retrieved from /opt/airflow/dags/dag.py
[2026-03-14T20:08:37.846+0000] {logging_mixin.py:149} INFO - [2026-03-14T20:08:37.846+0000] {dag.py:2726} INFO - Sync 1 DAGs
[2026-03-14T20:08:37.857+0000] {logging_mixin.py:149} INFO - [2026-03-14T20:08:37.857+0000] {dag.py:3490} INFO - Setting next_dagrun for dag_postgres_single_api_test to None, run_after=None
[2026-03-14T20:08:37.867+0000] {processor.py:178} INFO - Processing /opt/airflow/dags/dag.py took 0.043 seconds
[2026-03-14T20:09:08.084+0000] {processor.py:156} INFO - Started process (PID=785) to work on /opt/airflow/dags/dag.py
[2026-03-14T20:09:08.085+0000] {processor.py:799} INFO - Processing file /opt/airflow/dags/dag.py for tasks to queue
[2026-03-14T20:09:08.086+0000] {logging_mixin.py:149} INFO - [2026-03-14T20:09:08.086+0000] {dagbag.py:541} INFO - Filling up the DagBag from /opt/airflow/dags/dag.py
[2026-03-14T20:09:08.093+0000] {processor.py:809} INFO - DAG(s) dict_keys(['dag_postgres_single_api_test']) retrieved from /opt/airflow/dags/dag.py
[2026-03-14T20:09:08.108+0000] {logging_mixin.py:149} INFO - [2026-03-14T20:09:08.108+0000] {dag.py:2726} INFO - Sync 1 DAGs
[2026-03-14T20:09:08.123+0000] {logging_mixin.py:149} INFO - [2026-03-14T20:09:08.123+0000] {dag.py:3490} INFO - Setting next_dagrun for dag_postgres_single_api_test to None, run_after=None
[2026-03-14T20:09:08.134+0000] {processor.py:178} INFO - Processing /opt/airflow/dags/dag.py took 0.051 seconds
[2026-03-14T20:09:38.448+0000] {processor.py:156} INFO - Started process (PID=802) to work on /opt/airflow/dags/dag.py
[2026-03-14T20:09:38.448+0000] {processor.py:799} INFO - Processing file /opt/airflow/dags/dag.py for tasks to queue
[2026-03-14T20:09:38.449+0000] {logging_mixin.py:149} INFO - [2026-03-14T20:09:38.449+0000] {dagbag.py:541} INFO - Filling up the DagBag from /opt/airflow/dags/dag.py
[2026-03-14T20:09:38.454+0000] {processor.py:809} INFO - DAG(s) dict_keys(['dag_postgres_single_api_test']) retrieved from /opt/airflow/dags/dag.py
[2026-03-14T20:09:38.471+0000] {logging_mixin.py:149} INFO - [2026-03-14T20:09:38.470+0000] {dag.py:2726} INFO - Sync 1 DAGs
[2026-03-14T20:09:38.485+0000] {logging_mixin.py:149} INFO - [2026-03-14T20:09:38.485+0000] {dag.py:3490} INFO - Setting next_dagrun for dag_postgres_single_api_test to None, run_after=None
[2026-03-14T20:09:38.496+0000] {processor.py:178} INFO - Processing /opt/airflow/dags/dag.py took 0.050 seconds
[2026-03-14T20:10:08.789+0000] {processor.py:156} INFO - Started process (PID=819) to work on /opt/airflow/dags/dag.py
[2026-03-14T20:10:08.790+0000] {processor.py:799} INFO - Processing file /opt/airflow/dags/dag.py for tasks to queue
[2026-03-14T20:10:08.794+0000] {logging_mixin.py:149} INFO - [2026-03-14T20:10:08.794+0000] {dagbag.py:541} INFO - Filling up the DagBag from /opt/airflow/dags/dag.py
[2026-03-14T20:10:08.800+0000] {processor.py:809} INFO - DAG(s) dict_keys(['dag_postgres_single_api_test']) retrieved from /opt/airflow/dags/dag.py
[2026-03-14T20:10:08.827+0000] {logging_mixin.py:149} INFO - [2026-03-14T20:10:08.827+0000] {dag.py:2726} INFO - Sync 1 DAGs
[2026-03-14T20:10:08.842+0000] {logging_mixin.py:149} INFO - [2026-03-14T20:10:08.842+0000] {dag.py:3490} INFO - Setting next_dagrun for dag_postgres_single_api_test to None, run_after=None
[2026-03-14T20:10:08.852+0000] {processor.py:178} INFO - Processing /opt/airflow/dags/dag.py took 0.065 seconds
[2026-03-14T20:10:39.187+0000] {processor.py:156} INFO - Started process (PID=851) to work on /opt/airflow/dags/dag.py
[2026-03-14T20:10:39.188+0000] {processor.py:799} INFO - Processing file /opt/airflow/dags/dag.py for tasks to queue
[2026-03-14T20:10:39.188+0000] {logging_mixin.py:149} INFO - [2026-03-14T20:10:39.188+0000] {dagbag.py:541} INFO - Filling up the DagBag from /opt/airflow/dags/dag.py
[2026-03-14T20:10:39.196+0000] {processor.py:809} INFO - DAG(s) dict_keys(['dag_postgres_single_api_test']) retrieved from /opt/airflow/dags/dag.py
[2026-03-14T20:10:39.221+0000] {logging_mixin.py:149} INFO - [2026-03-14T20:10:39.221+0000] {dag.py:2726} INFO - Sync 1 DAGs
[2026-03-14T20:10:39.236+0000] {logging_mixin.py:149} INFO - [2026-03-14T20:10:39.236+0000] {dag.py:3490} INFO - Setting next_dagrun for dag_postgres_single_api_test to None, run_after=None
[2026-03-14T20:10:39.247+0000] {processor.py:178} INFO - Processing /opt/airflow/dags/dag.py took 0.063 seconds
[2026-03-14T20:11:09.537+0000] {processor.py:156} INFO - Started process (PID=883) to work on /opt/airflow/dags/dag.py
[2026-03-14T20:11:09.540+0000] {processor.py:799} INFO - Processing file /opt/airflow/dags/dag.py for tasks to queue
[2026-03-14T20:11:09.540+0000] {logging_mixin.py:149} INFO - [2026-03-14T20:11:09.540+0000] {dagbag.py:541} INFO - Filling up the DagBag from /opt/airflow/dags/dag.py
[2026-03-14T20:11:09.548+0000] {processor.py:809} INFO - DAG(s) dict_keys(['dag_postgres_single_api_test']) retrieved from /opt/airflow/dags/dag.py
[2026-03-14T20:11:09.563+0000] {logging_mixin.py:149} INFO - [2026-03-14T20:11:09.563+0000] {dag.py:2726} INFO - Sync 1 DAGs
[2026-03-14T20:11:09.577+0000] {logging_mixin.py:149} INFO - [2026-03-14T20:11:09.577+0000] {dag.py:3490} INFO - Setting next_dagrun for dag_postgres_single_api_test to None, run_after=None
[2026-03-14T20:11:09.588+0000] {processor.py:178} INFO - Processing /opt/airflow/dags/dag.py took 0.052 seconds
[2026-03-14T20:11:39.926+0000] {processor.py:156} INFO - Started process (PID=915) to work on /opt/airflow/dags/dag.py
[2026-03-14T20:11:39.928+0000] {processor.py:799} INFO - Processing file /opt/airflow/dags/dag.py for tasks to queue
[2026-03-14T20:11:39.930+0000] {logging_mixin.py:149} INFO - [2026-03-14T20:11:39.930+0000] {dagbag.py:541} INFO - Filling up the DagBag from /opt/airflow/dags/dag.py
[2026-03-14T20:11:39.942+0000] {processor.py:809} INFO - DAG(s) dict_keys(['dag_postgres_single_api_test']) retrieved from /opt/airflow/dags/dag.py
[2026-03-14T20:11:39.966+0000] {logging_mixin.py:149} INFO - [2026-03-14T20:11:39.966+0000] {dag.py:2726} INFO - Sync 1 DAGs
[2026-03-14T20:11:39.980+0000] {logging_mixin.py:149} INFO - [2026-03-14T20:11:39.980+0000] {dag.py:3490} INFO - Setting next_dagrun for dag_postgres_single_api_test to None, run_after=None
[2026-03-14T20:11:39.990+0000] {processor.py:178} INFO - Processing /opt/airflow/dags/dag.py took 0.068 seconds
[2026-03-14T20:12:10.275+0000] {processor.py:156} INFO - Started process (PID=947) to work on /opt/airflow/dags/dag.py
[2026-03-14T20:12:10.277+0000] {processor.py:799} INFO - Processing file /opt/airflow/dags/dag.py for tasks to queue
[2026-03-14T20:12:10.277+0000] {logging_mixin.py:149} INFO - [2026-03-14T20:12:10.277+0000] {dagbag.py:541} INFO - Filling up the DagBag from /opt/airflow/dags/dag.py
[2026-03-14T20:12:10.281+0000] {processor.py:809} INFO - DAG(s) dict_keys(['dag_postgres_single_api_test']) retrieved from /opt/airflow/dags/dag.py
[2026-03-14T20:12:10.302+0000] {logging_mixin.py:149} INFO - [2026-03-14T20:12:10.302+0000] {dag.py:2726} INFO - Sync 1 DAGs
[2026-03-14T20:12:10.315+0000] {logging_mixin.py:149} INFO - [2026-03-14T20:12:10.315+0000] {dag.py:3490} INFO - Setting next_dagrun for dag_postgres_single_api_test to None, run_after=None
[2026-03-14T20:12:10.325+0000] {processor.py:178} INFO - Processing /opt/airflow/dags/dag.py took 0.051 seconds
[2026-03-14T20:12:40.617+0000] {processor.py:156} INFO - Started process (PID=979) to work on /opt/airflow/dags/dag.py
[2026-03-14T20:12:40.619+0000] {processor.py:799} INFO - Processing file /opt/airflow/dags/dag.py for tasks to queue
[2026-03-14T20:12:40.620+0000] {logging_mixin.py:149} INFO - [2026-03-14T20:12:40.620+0000] {dagbag.py:541} INFO - Filling up the DagBag from /opt/airflow/dags/dag.py
[2026-03-14T20:12:40.633+0000] {processor.py:809} INFO - DAG(s) dict_keys(['dag_postgres_single_api_test']) retrieved from /opt/airflow/dags/dag.py
[2026-03-14T20:12:40.657+0000] {logging_mixin.py:149} INFO - [2026-03-14T20:12:40.657+0000] {dag.py:2726} INFO - Sync 1 DAGs
[2026-03-14T20:12:40.672+0000] {logging_mixin.py:149} INFO - [2026-03-14T20:12:40.672+0000] {dag.py:3490} INFO - Setting next_dagrun for dag_postgres_single_api_test to None, run_after=None
[2026-03-14T20:12:40.683+0000] {processor.py:178} INFO - Processing /opt/airflow/dags/dag.py took 0.069 seconds
[2026-03-14T20:13:11.009+0000] {processor.py:156} INFO - Started process (PID=1011) to work on /opt/airflow/dags/dag.py
[2026-03-14T20:13:11.011+0000] {processor.py:799} INFO - Processing file /opt/airflow/dags/dag.py for tasks to queue
[2026-03-14T20:13:11.014+0000] {logging_mixin.py:149} INFO - [2026-03-14T20:13:11.014+0000] {dagbag.py:541} INFO - Filling up the DagBag from /opt/airflow/dags/dag.py
[2026-03-14T20:13:11.026+0000] {processor.py:809} INFO - DAG(s) dict_keys(['dag_postgres_single_api_test']) retrieved from /opt/airflow/dags/dag.py
[2026-03-14T20:13:11.047+0000] {logging_mixin.py:149} INFO - [2026-03-14T20:13:11.047+0000] {dag.py:2726} INFO - Sync 1 DAGs
[2026-03-14T20:13:11.060+0000] {logging_mixin.py:149} INFO - [2026-03-14T20:13:11.060+0000] {dag.py:3490} INFO - Setting next_dagrun for dag_postgres_single_api_test to None, run_after=None
[2026-03-14T20:13:11.072+0000] {processor.py:178} INFO - Processing /opt/airflow/dags/dag.py took 0.065 seconds
[2026-03-14T20:13:41.382+0000] {processor.py:156} INFO - Started process (PID=1043) to work on /opt/airflow/dags/dag.py
[2026-03-14T20:13:41.385+0000] {processor.py:799} INFO - Processing file /opt/airflow/dags/dag.py for tasks to queue
[2026-03-14T20:13:41.386+0000] {logging_mixin.py:149} INFO - [2026-03-14T20:13:41.386+0000] {dagbag.py:541} INFO - Filling up the DagBag from /opt/airflow/dags/dag.py
[2026-03-14T20:13:41.393+0000] {processor.py:809} INFO - DAG(s) dict_keys(['dag_postgres_single_api_test']) retrieved from /opt/airflow/dags/dag.py
[2026-03-14T20:13:41.413+0000] {logging_mixin.py:149} INFO - [2026-03-14T20:13:41.413+0000] {dag.py:2726} INFO - Sync 1 DAGs
[2026-03-14T20:13:41.429+0000] {logging_mixin.py:149} INFO - [2026-03-14T20:13:41.429+0000] {dag.py:3490} INFO - Setting next_dagrun for dag_postgres_single_api_test to None, run_after=None
[2026-03-14T20:13:41.438+0000] {processor.py:178} INFO - Processing /opt/airflow/dags/dag.py took 0.059 seconds
[2026-03-14T20:14:11.742+0000] {processor.py:156} INFO - Started process (PID=1075) to work on /opt/airflow/dags/dag.py
[2026-03-14T20:14:11.744+0000] {processor.py:799} INFO - Processing file /opt/airflow/dags/dag.py for tasks to queue
[2026-03-14T20:14:11.744+0000] {logging_mixin.py:149} INFO - [2026-03-14T20:14:11.744+0000] {dagbag.py:541} INFO - Filling up the DagBag from /opt/airflow/dags/dag.py
[2026-03-14T20:14:11.755+0000] {processor.py:809} INFO - DAG(s) dict_keys(['dag_postgres_single_api_test']) retrieved from /opt/airflow/dags/dag.py
[2026-03-14T20:14:11.776+0000] {logging_mixin.py:149} INFO - [2026-03-14T20:14:11.776+0000] {dag.py:2726} INFO - Sync 1 DAGs
[2026-03-14T20:14:11.794+0000] {logging_mixin.py:149} INFO - [2026-03-14T20:14:11.794+0000] {dag.py:3490} INFO - Setting next_dagrun for dag_postgres_single_api_test to None, run_after=None
[2026-03-14T20:14:11.805+0000] {processor.py:178} INFO - Processing /opt/airflow/dags/dag.py took 0.067 seconds
[2026-03-14T20:14:42.128+0000] {processor.py:156} INFO - Started process (PID=1107) to work on /opt/airflow/dags/dag.py
[2026-03-14T20:14:42.131+0000] {processor.py:799} INFO - Processing file /opt/airflow/dags/dag.py for tasks to queue
[2026-03-14T20:14:42.132+0000] {logging_mixin.py:149} INFO - [2026-03-14T20:14:42.132+0000] {dagbag.py:541} INFO - Filling up the DagBag from /opt/airflow/dags/dag.py
[2026-03-14T20:14:42.143+0000] {processor.py:809} INFO - DAG(s) dict_keys(['dag_postgres_single_api_test']) retrieved from /opt/airflow/dags/dag.py
[2026-03-14T20:14:42.169+0000] {logging_mixin.py:149} INFO - [2026-03-14T20:14:42.169+0000] {dag.py:2726} INFO - Sync 1 DAGs
[2026-03-14T20:14:42.182+0000] {logging_mixin.py:149} INFO - [2026-03-14T20:14:42.182+0000] {dag.py:3490} INFO - Setting next_dagrun for dag_postgres_single_api_test to None, run_after=None
[2026-03-14T20:14:42.192+0000] {processor.py:178} INFO - Processing /opt/airflow/dags/dag.py took 0.067 seconds
[2026-03-14T20:19:12.953+0000] {processor.py:156} INFO - Started process (PID=1133) to work on /opt/airflow/dags/dag.py
[2026-03-14T20:19:12.953+0000] {processor.py:799} INFO - Processing file /opt/airflow/dags/dag.py for tasks to queue
[2026-03-14T20:19:12.954+0000] {logging_mixin.py:149} INFO - [2026-03-14T20:19:12.954+0000] {dagbag.py:541} INFO - Filling up the DagBag from /opt/airflow/dags/dag.py
[2026-03-14T20:19:12.963+0000] {processor.py:809} INFO - DAG(s) dict_keys(['dag_postgres_single_api_test']) retrieved from /opt/airflow/dags/dag.py
[2026-03-14T20:19:12.993+0000] {logging_mixin.py:149} INFO - [2026-03-14T20:19:12.992+0000] {dag.py:2726} INFO - Sync 1 DAGs
[2026-03-14T20:19:13.013+0000] {logging_mixin.py:149} INFO - [2026-03-14T20:19:13.013+0000] {dag.py:3490} INFO - Setting next_dagrun for dag_postgres_single_api_test to None, run_after=None
[2026-03-14T20:19:13.037+0000] {processor.py:178} INFO - Processing /opt/airflow/dags/dag.py took 0.088 seconds
[2026-03-14T20:35:14.358+0000] {processor.py:156} INFO - Started process (PID=1165) to work on /opt/airflow/dags/dag.py
[2026-03-14T20:35:14.359+0000] {processor.py:799} INFO - Processing file /opt/airflow/dags/dag.py for tasks to queue
[2026-03-14T20:35:14.360+0000] {logging_mixin.py:149} INFO - [2026-03-14T20:35:14.360+0000] {dagbag.py:541} INFO - Filling up the DagBag from /opt/airflow/dags/dag.py
[2026-03-14T20:35:14.368+0000] {processor.py:809} INFO - DAG(s) dict_keys(['dag_postgres_single_api_test']) retrieved from /opt/airflow/dags/dag.py
[2026-03-14T20:35:14.391+0000] {logging_mixin.py:149} INFO - [2026-03-14T20:35:14.391+0000] {dag.py:2726} INFO - Sync 1 DAGs
[2026-03-14T20:35:14.417+0000] {logging_mixin.py:149} INFO - [2026-03-14T20:35:14.417+0000] {dag.py:3490} INFO - Setting next_dagrun for dag_postgres_single_api_test to None, run_after=None
[2026-03-14T20:35:14.438+0000] {processor.py:178} INFO - Processing /opt/airflow/dags/dag.py took 0.082 seconds
[2026-03-14T20:44:24.364+0000] {processor.py:156} INFO - Started process (PID=1198) to work on /opt/airflow/dags/dag.py
[2026-03-14T20:44:24.365+0000] {processor.py:799} INFO - Processing file /opt/airflow/dags/dag.py for tasks to queue
[2026-03-14T20:44:24.366+0000] {logging_mixin.py:149} INFO - [2026-03-14T20:44:24.366+0000] {dagbag.py:541} INFO - Filling up the DagBag from /opt/airflow/dags/dag.py
[2026-03-14T20:44:24.375+0000] {processor.py:809} INFO - DAG(s) dict_keys(['dag_postgres_single_api_test']) retrieved from /opt/airflow/dags/dag.py
[2026-03-14T20:44:24.403+0000] {logging_mixin.py:149} INFO - [2026-03-14T20:44:24.403+0000] {dag.py:2726} INFO - Sync 1 DAGs
[2026-03-14T20:44:24.423+0000] {logging_mixin.py:149} INFO - [2026-03-14T20:44:24.422+0000] {dag.py:3490} INFO - Setting next_dagrun for dag_postgres_single_api_test to None, run_after=None
[2026-03-14T20:44:24.443+0000] {processor.py:178} INFO - Processing /opt/airflow/dags/dag.py took 0.084 seconds
[2026-03-14T20:44:54.708+0000] {processor.py:156} INFO - Started process (PID=1215) to work on /opt/airflow/dags/dag.py
[2026-03-14T20:44:54.711+0000] {processor.py:799} INFO - Processing file /opt/airflow/dags/dag.py for tasks to queue
[2026-03-14T20:44:54.711+0000] {logging_mixin.py:149} INFO - [2026-03-14T20:44:54.711+0000] {dagbag.py:541} INFO - Filling up the DagBag from /opt/airflow/dags/dag.py
[2026-03-14T20:44:54.717+0000] {processor.py:809} INFO - DAG(s) dict_keys(['dag_postgres_single_api_test']) retrieved from /opt/airflow/dags/dag.py
[2026-03-14T20:44:54.737+0000] {logging_mixin.py:149} INFO - [2026-03-14T20:44:54.737+0000] {dag.py:2726} INFO - Sync 1 DAGs
[2026-03-14T20:44:54.751+0000] {logging_mixin.py:149} INFO - [2026-03-14T20:44:54.751+0000] {dag.py:3490} INFO - Setting next_dagrun for dag_postgres_single_api_test to None, run_after=None
[2026-03-14T20:44:54.762+0000] {processor.py:178} INFO - Processing /opt/airflow/dags/dag.py took 0.056 seconds
[2026-03-14T20:45:25.064+0000] {processor.py:156} INFO - Started process (PID=1247) to work on /opt/airflow/dags/dag.py
[2026-03-14T20:45:25.066+0000] {processor.py:799} INFO - Processing file /opt/airflow/dags/dag.py for tasks to queue
[2026-03-14T20:45:25.068+0000] {logging_mixin.py:149} INFO - [2026-03-14T20:45:25.068+0000] {dagbag.py:541} INFO - Filling up the DagBag from /opt/airflow/dags/dag.py
[2026-03-14T20:45:25.076+0000] {processor.py:809} INFO - DAG(s) dict_keys(['dag_postgres_single_api_test']) retrieved from /opt/airflow/dags/dag.py
[2026-03-14T20:45:25.102+0000] {logging_mixin.py:149} INFO - [2026-03-14T20:45:25.102+0000] {dag.py:2726} INFO - Sync 1 DAGs
[2026-03-14T20:45:25.117+0000] {logging_mixin.py:149} INFO - [2026-03-14T20:45:25.117+0000] {dag.py:3490} INFO - Setting next_dagrun for dag_postgres_single_api_test to None, run_after=None
[2026-03-14T20:45:25.131+0000] {processor.py:178} INFO - Processing /opt/airflow/dags/dag.py took 0.071 seconds
[2026-03-14T20:45:55.445+0000] {processor.py:156} INFO - Started process (PID=1279) to work on /opt/airflow/dags/dag.py
[2026-03-14T20:45:55.446+0000] {processor.py:799} INFO - Processing file /opt/airflow/dags/dag.py for tasks to queue
[2026-03-14T20:45:55.448+0000] {logging_mixin.py:149} INFO - [2026-03-14T20:45:55.448+0000] {dagbag.py:541} INFO - Filling up the DagBag from /opt/airflow/dags/dag.py
[2026-03-14T20:45:55.459+0000] {processor.py:809} INFO - DAG(s) dict_keys(['dag_postgres_single_api_test']) retrieved from /opt/airflow/dags/dag.py
[2026-03-14T20:45:55.476+0000] {logging_mixin.py:149} INFO - [2026-03-14T20:45:55.476+0000] {dag.py:2726} INFO - Sync 1 DAGs
[2026-03-14T20:45:55.488+0000] {logging_mixin.py:149} INFO - [2026-03-14T20:45:55.488+0000] {dag.py:3490} INFO - Setting next_dagrun for dag_postgres_single_api_test to None, run_after=None
[2026-03-14T20:45:55.499+0000] {processor.py:178} INFO - Processing /opt/airflow/dags/dag.py took 0.058 seconds
[2026-03-14T20:46:25.793+0000] {processor.py:156} INFO - Started process (PID=1311) to work on /opt/airflow/dags/dag.py
[2026-03-14T20:46:25.795+0000] {processor.py:799} INFO - Processing file /opt/airflow/dags/dag.py for tasks to queue
[2026-03-14T20:46:25.796+0000] {logging_mixin.py:149} INFO - [2026-03-14T20:46:25.796+0000] {dagbag.py:541} INFO - Filling up the DagBag from /opt/airflow/dags/dag.py
[2026-03-14T20:46:25.806+0000] {processor.py:809} INFO - DAG(s) dict_keys(['dag_postgres_single_api_test']) retrieved from /opt/airflow/dags/dag.py
[2026-03-14T20:46:25.824+0000] {logging_mixin.py:149} INFO - [2026-03-14T20:46:25.824+0000] {dag.py:2726} INFO - Sync 1 DAGs
[2026-03-14T20:46:25.838+0000] {logging_mixin.py:149} INFO - [2026-03-14T20:46:25.838+0000] {dag.py:3490} INFO - Setting next_dagrun for dag_postgres_single_api_test to None, run_after=None
[2026-03-14T20:46:25.848+0000] {processor.py:178} INFO - Processing /opt/airflow/dags/dag.py took 0.058 seconds
[2026-03-14T20:46:56.139+0000] {processor.py:156} INFO - Started process (PID=1343) to work on /opt/airflow/dags/dag.py
[2026-03-14T20:46:56.141+0000] {processor.py:799} INFO - Processing file /opt/airflow/dags/dag.py for tasks to queue
[2026-03-14T20:46:56.143+0000] {logging_mixin.py:149} INFO - [2026-03-14T20:46:56.143+0000] {dagbag.py:541} INFO - Filling up the DagBag from /opt/airflow/dags/dag.py
[2026-03-14T20:46:56.153+0000] {processor.py:809} INFO - DAG(s) dict_keys(['dag_postgres_single_api_test']) retrieved from /opt/airflow/dags/dag.py
[2026-03-14T20:46:56.173+0000] {logging_mixin.py:149} INFO - [2026-03-14T20:46:56.173+0000] {dag.py:2726} INFO - Sync 1 DAGs
[2026-03-14T20:46:56.186+0000] {logging_mixin.py:149} INFO - [2026-03-14T20:46:56.185+0000] {dag.py:3490} INFO - Setting next_dagrun for dag_postgres_single_api_test to None, run_after=None
[2026-03-14T20:46:56.197+0000] {processor.py:178} INFO - Processing /opt/airflow/dags/dag.py took 0.060 seconds
[2026-03-14T20:47:26.481+0000] {processor.py:156} INFO - Started process (PID=1375) to work on /opt/airflow/dags/dag.py
[2026-03-14T20:47:26.485+0000] {processor.py:799} INFO - Processing file /opt/airflow/dags/dag.py for tasks to queue
[2026-03-14T20:47:26.485+0000] {logging_mixin.py:149} INFO - [2026-03-14T20:47:26.485+0000] {dagbag.py:541} INFO - Filling up the DagBag from /opt/airflow/dags/dag.py
[2026-03-14T20:47:26.493+0000] {processor.py:809} INFO - DAG(s) dict_keys(['dag_postgres_single_api_test']) retrieved from /opt/airflow/dags/dag.py
[2026-03-14T20:47:26.517+0000] {logging_mixin.py:149} INFO - [2026-03-14T20:47:26.517+0000] {dag.py:2726} INFO - Sync 1 DAGs
[2026-03-14T20:47:26.529+0000] {logging_mixin.py:149} INFO - [2026-03-14T20:47:26.529+0000] {dag.py:3490} INFO - Setting next_dagrun for dag_postgres_single_api_test to None, run_after=None
[2026-03-14T20:47:26.539+0000] {processor.py:178} INFO - Processing /opt/airflow/dags/dag.py took 0.062 seconds
[2026-03-14T20:47:56.790+0000] {processor.py:156} INFO - Started process (PID=1407) to work on /opt/airflow/dags/dag.py
[2026-03-14T20:47:56.790+0000] {processor.py:799} INFO - Processing file /opt/airflow/dags/dag.py for tasks to queue
[2026-03-14T20:47:56.791+0000] {logging_mixin.py:149} INFO - [2026-03-14T20:47:56.791+0000] {dagbag.py:541} INFO - Filling up the DagBag from /opt/airflow/dags/dag.py
[2026-03-14T20:47:56.798+0000] {processor.py:809} INFO - DAG(s) dict_keys(['dag_postgres_single_api_test']) retrieved from /opt/airflow/dags/dag.py
[2026-03-14T20:47:56.823+0000] {logging_mixin.py:149} INFO - [2026-03-14T20:47:56.823+0000] {dag.py:2726} INFO - Sync 1 DAGs
[2026-03-14T20:47:56.837+0000] {logging_mixin.py:149} INFO - [2026-03-14T20:47:56.837+0000] {dag.py:3490} INFO - Setting next_dagrun for dag_postgres_single_api_test to None, run_after=None
[2026-03-14T20:47:56.853+0000] {processor.py:178} INFO - Processing /opt/airflow/dags/dag.py took 0.066 seconds
[2026-03-14T20:48:27.143+0000] {processor.py:156} INFO - Started process (PID=1439) to work on /opt/airflow/dags/dag.py
[2026-03-14T20:48:27.144+0000] {processor.py:799} INFO - Processing file /opt/airflow/dags/dag.py for tasks to queue
[2026-03-14T20:48:27.146+0000] {logging_mixin.py:149} INFO - [2026-03-14T20:48:27.146+0000] {dagbag.py:541} INFO - Filling up the DagBag from /opt/airflow/dags/dag.py
[2026-03-14T20:48:27.157+0000] {processor.py:809} INFO - DAG(s) dict_keys(['dag_postgres_single_api_test']) retrieved from /opt/airflow/dags/dag.py
[2026-03-14T20:48:27.180+0000] {logging_mixin.py:149} INFO - [2026-03-14T20:48:27.180+0000] {dag.py:2726} INFO - Sync 1 DAGs
[2026-03-14T20:48:27.196+0000] {logging_mixin.py:149} INFO - [2026-03-14T20:48:27.196+0000] {dag.py:3490} INFO - Setting next_dagrun for dag_postgres_single_api_test to None, run_after=None
[2026-03-14T20:48:27.207+0000] {processor.py:178} INFO - Processing /opt/airflow/dags/dag.py took 0.067 seconds
[2026-03-14T20:48:57.499+0000] {processor.py:156} INFO - Started process (PID=1471) to work on /opt/airflow/dags/dag.py
[2026-03-14T20:48:57.500+0000] {processor.py:799} INFO - Processing file /opt/airflow/dags/dag.py for tasks to queue
[2026-03-14T20:48:57.503+0000] {logging_mixin.py:149} INFO - [2026-03-14T20:48:57.502+0000] {dagbag.py:541} INFO - Filling up the DagBag from /opt/airflow/dags/dag.py
[2026-03-14T20:48:57.509+0000] {processor.py:809} INFO - DAG(s) dict_keys(['dag_postgres_single_api_test']) retrieved from /opt/airflow/dags/dag.py
[2026-03-14T20:48:57.532+0000] {logging_mixin.py:149} INFO - [2026-03-14T20:48:57.532+0000] {dag.py:2726} INFO - Sync 1 DAGs
[2026-03-14T20:48:57.547+0000] {logging_mixin.py:149} INFO - [2026-03-14T20:48:57.547+0000] {dag.py:3490} INFO - Setting next_dagrun for dag_postgres_single_api_test to None, run_after=None
[2026-03-14T20:48:57.557+0000] {processor.py:178} INFO - Processing /opt/airflow/dags/dag.py took 0.061 seconds
[2026-03-14T20:49:27.822+0000] {processor.py:156} INFO - Started process (PID=1551) to work on /opt/airflow/dags/dag.py
[2026-03-14T20:49:27.822+0000] {processor.py:799} INFO - Processing file /opt/airflow/dags/dag.py for tasks to queue
[2026-03-14T20:49:27.824+0000] {logging_mixin.py:149} INFO - [2026-03-14T20:49:27.824+0000] {dagbag.py:541} INFO - Filling up the DagBag from /opt/airflow/dags/dag.py
[2026-03-14T20:49:27.830+0000] {processor.py:809} INFO - DAG(s) dict_keys(['dag_postgres_single_api_test']) retrieved from /opt/airflow/dags/dag.py
[2026-03-14T20:49:27.849+0000] {logging_mixin.py:149} INFO - [2026-03-14T20:49:27.849+0000] {dag.py:2726} INFO - Sync 1 DAGs
[2026-03-14T20:49:27.862+0000] {logging_mixin.py:149} INFO - [2026-03-14T20:49:27.862+0000] {dag.py:3490} INFO - Setting next_dagrun for dag_postgres_single_api_test to None, run_after=None
[2026-03-14T20:49:27.872+0000] {processor.py:178} INFO - Processing /opt/airflow/dags/dag.py took 0.053 seconds
[2026-03-14T20:49:58.105+0000] {processor.py:156} INFO - Started process (PID=1583) to work on /opt/airflow/dags/dag.py
[2026-03-14T20:49:58.107+0000] {processor.py:799} INFO - Processing file /opt/airflow/dags/dag.py for tasks to queue
[2026-03-14T20:49:58.109+0000] {logging_mixin.py:149} INFO - [2026-03-14T20:49:58.109+0000] {dagbag.py:541} INFO - Filling up the DagBag from /opt/airflow/dags/dag.py
[2026-03-14T20:49:58.118+0000] {processor.py:809} INFO - DAG(s) dict_keys(['dag_postgres_single_api_test']) retrieved from /opt/airflow/dags/dag.py
[2026-03-14T20:49:58.141+0000] {logging_mixin.py:149} INFO - [2026-03-14T20:49:58.141+0000] {dag.py:2726} INFO - Sync 1 DAGs
[2026-03-14T20:49:58.155+0000] {logging_mixin.py:149} INFO - [2026-03-14T20:49:58.155+0000] {dag.py:3490} INFO - Setting next_dagrun for dag_postgres_single_api_test to None, run_after=None
[2026-03-14T20:49:58.168+0000] {processor.py:178} INFO - Processing /opt/airflow/dags/dag.py took 0.066 seconds
[2026-03-14T20:50:28.451+0000] {processor.py:156} INFO - Started process (PID=1663) to work on /opt/airflow/dags/dag.py
[2026-03-14T20:50:28.452+0000] {processor.py:799} INFO - Processing file /opt/airflow/dags/dag.py for tasks to queue
[2026-03-14T20:50:28.454+0000] {logging_mixin.py:149} INFO - [2026-03-14T20:50:28.454+0000] {dagbag.py:541} INFO - Filling up the DagBag from /opt/airflow/dags/dag.py
[2026-03-14T20:50:28.464+0000] {processor.py:809} INFO - DAG(s) dict_keys(['dag_postgres_single_api_test']) retrieved from /opt/airflow/dags/dag.py
[2026-03-14T20:50:28.484+0000] {logging_mixin.py:149} INFO - [2026-03-14T20:50:28.484+0000] {dag.py:2726} INFO - Sync 1 DAGs
[2026-03-14T20:50:28.495+0000] {logging_mixin.py:149} INFO - [2026-03-14T20:50:28.495+0000] {dag.py:3490} INFO - Setting next_dagrun for dag_postgres_single_api_test to None, run_after=None
[2026-03-14T20:50:28.509+0000] {processor.py:178} INFO - Processing /opt/airflow/dags/dag.py took 0.062 seconds
[2026-03-14T20:50:58.805+0000] {processor.py:156} INFO - Started process (PID=1695) to work on /opt/airflow/dags/dag.py
[2026-03-14T20:50:58.807+0000] {processor.py:799} INFO - Processing file /opt/airflow/dags/dag.py for tasks to queue
[2026-03-14T20:50:58.809+0000] {logging_mixin.py:149} INFO - [2026-03-14T20:50:58.809+0000] {dagbag.py:541} INFO - Filling up the DagBag from /opt/airflow/dags/dag.py
[2026-03-14T20:50:58.817+0000] {processor.py:809} INFO - DAG(s) dict_keys(['dag_postgres_single_api_test']) retrieved from /opt/airflow/dags/dag.py
[2026-03-14T20:50:58.840+0000] {logging_mixin.py:149} INFO - [2026-03-14T20:50:58.840+0000] {dag.py:2726} INFO - Sync 1 DAGs
[2026-03-14T20:50:58.854+0000] {logging_mixin.py:149} INFO - [2026-03-14T20:50:58.854+0000] {dag.py:3490} INFO - Setting next_dagrun for dag_postgres_single_api_test to None, run_after=None
[2026-03-14T20:50:58.864+0000] {processor.py:178} INFO - Processing /opt/airflow/dags/dag.py took 0.061 seconds
[2026-03-14T20:51:29.183+0000] {processor.py:156} INFO - Started process (PID=1727) to work on /opt/airflow/dags/dag.py
[2026-03-14T20:51:29.187+0000] {processor.py:799} INFO - Processing file /opt/airflow/dags/dag.py for tasks to queue
[2026-03-14T20:51:29.187+0000] {logging_mixin.py:149} INFO - [2026-03-14T20:51:29.187+0000] {dagbag.py:541} INFO - Filling up the DagBag from /opt/airflow/dags/dag.py
[2026-03-14T20:51:29.197+0000] {processor.py:809} INFO - DAG(s) dict_keys(['dag_postgres_single_api_test']) retrieved from /opt/airflow/dags/dag.py
[2026-03-14T20:51:29.217+0000] {logging_mixin.py:149} INFO - [2026-03-14T20:51:29.217+0000] {dag.py:2726} INFO - Sync 1 DAGs
[2026-03-14T20:51:29.229+0000] {logging_mixin.py:149} INFO - [2026-03-14T20:51:29.229+0000] {dag.py:3490} INFO - Setting next_dagrun for dag_postgres_single_api_test to None, run_after=None
[2026-03-14T20:51:29.238+0000] {processor.py:178} INFO - Processing /opt/airflow/dags/dag.py took 0.058 seconds
[2026-03-14T20:51:59.570+0000] {processor.py:156} INFO - Started process (PID=1759) to work on /opt/airflow/dags/dag.py
[2026-03-14T20:51:59.571+0000] {processor.py:799} INFO - Processing file /opt/airflow/dags/dag.py for tasks to queue
[2026-03-14T20:51:59.574+0000] {logging_mixin.py:149} INFO - [2026-03-14T20:51:59.574+0000] {dagbag.py:541} INFO - Filling up the DagBag from /opt/airflow/dags/dag.py
[2026-03-14T20:51:59.584+0000] {processor.py:809} INFO - DAG(s) dict_keys(['dag_postgres_single_api_test']) retrieved from /opt/airflow/dags/dag.py
[2026-03-14T20:51:59.605+0000] {logging_mixin.py:149} INFO - [2026-03-14T20:51:59.605+0000] {dag.py:2726} INFO - Sync 1 DAGs
[2026-03-14T20:51:59.617+0000] {logging_mixin.py:149} INFO - [2026-03-14T20:51:59.617+0000] {dag.py:3490} INFO - Setting next_dagrun for dag_postgres_single_api_test to None, run_after=None
[2026-03-14T20:51:59.628+0000] {processor.py:178} INFO - Processing /opt/airflow/dags/dag.py took 0.061 seconds
[2026-03-14T20:52:29.974+0000] {processor.py:156} INFO - Started process (PID=1791) to work on /opt/airflow/dags/dag.py
[2026-03-14T20:52:29.976+0000] {processor.py:799} INFO - Processing file /opt/airflow/dags/dag.py for tasks to queue
[2026-03-14T20:52:29.977+0000] {logging_mixin.py:149} INFO - [2026-03-14T20:52:29.977+0000] {dagbag.py:541} INFO - Filling up the DagBag from /opt/airflow/dags/dag.py
[2026-03-14T20:52:29.983+0000] {processor.py:809} INFO - DAG(s) dict_keys(['dag_postgres_single_api_test']) retrieved from /opt/airflow/dags/dag.py
[2026-03-14T20:52:30.002+0000] {logging_mixin.py:149} INFO - [2026-03-14T20:52:30.002+0000] {dag.py:2726} INFO - Sync 1 DAGs
[2026-03-14T20:52:30.016+0000] {logging_mixin.py:149} INFO - [2026-03-14T20:52:30.016+0000] {dag.py:3490} INFO - Setting next_dagrun for dag_postgres_single_api_test to None, run_after=None
[2026-03-14T20:52:30.025+0000] {processor.py:178} INFO - Processing /opt/airflow/dags/dag.py took 0.054 seconds
[2026-03-14T20:53:00.324+0000] {processor.py:156} INFO - Started process (PID=1823) to work on /opt/airflow/dags/dag.py
[2026-03-14T20:53:00.325+0000] {processor.py:799} INFO - Processing file /opt/airflow/dags/dag.py for tasks to queue
[2026-03-14T20:53:00.327+0000] {logging_mixin.py:149} INFO - [2026-03-14T20:53:00.327+0000] {dagbag.py:541} INFO - Filling up the DagBag from /opt/airflow/dags/dag.py
[2026-03-14T20:53:00.332+0000] {processor.py:809} INFO - DAG(s) dict_keys(['dag_postgres_single_api_test']) retrieved from /opt/airflow/dags/dag.py
[2026-03-14T20:53:00.350+0000] {logging_mixin.py:149} INFO - [2026-03-14T20:53:00.350+0000] {dag.py:2726} INFO - Sync 1 DAGs
[2026-03-14T20:53:00.363+0000] {logging_mixin.py:149} INFO - [2026-03-14T20:53:00.363+0000] {dag.py:3490} INFO - Setting next_dagrun for dag_postgres_single_api_test to None, run_after=None
[2026-03-14T20:53:00.373+0000] {processor.py:178} INFO - Processing /opt/airflow/dags/dag.py took 0.052 seconds
[2026-03-14T20:53:30.686+0000] {processor.py:156} INFO - Started process (PID=1855) to work on /opt/airflow/dags/dag.py
[2026-03-14T20:53:30.687+0000] {processor.py:799} INFO - Processing file /opt/airflow/dags/dag.py for tasks to queue
[2026-03-14T20:53:30.688+0000] {logging_mixin.py:149} INFO - [2026-03-14T20:53:30.688+0000] {dagbag.py:541} INFO - Filling up the DagBag from /opt/airflow/dags/dag.py
[2026-03-14T20:53:30.698+0000] {processor.py:809} INFO - DAG(s) dict_keys(['dag_postgres_single_api_test']) retrieved from /opt/airflow/dags/dag.py
[2026-03-14T20:53:30.715+0000] {logging_mixin.py:149} INFO - [2026-03-14T20:53:30.715+0000] {dag.py:2726} INFO - Sync 1 DAGs
[2026-03-14T20:53:30.727+0000] {logging_mixin.py:149} INFO - [2026-03-14T20:53:30.727+0000] {dag.py:3490} INFO - Setting next_dagrun for dag_postgres_single_api_test to None, run_after=None
[2026-03-14T20:53:30.737+0000] {processor.py:178} INFO - Processing /opt/airflow/dags/dag.py took 0.054 seconds
[2026-03-14T20:54:01.046+0000] {processor.py:156} INFO - Started process (PID=1892) to work on /opt/airflow/dags/dag.py
[2026-03-14T20:54:01.048+0000] {processor.py:799} INFO - Processing file /opt/airflow/dags/dag.py for tasks to queue
[2026-03-14T20:54:01.049+0000] {logging_mixin.py:149} INFO - [2026-03-14T20:54:01.049+0000] {dagbag.py:541} INFO - Filling up the DagBag from /opt/airflow/dags/dag.py
[2026-03-14T20:54:01.061+0000] {processor.py:809} INFO - DAG(s) dict_keys(['dag_postgres_single_api_test']) retrieved from /opt/airflow/dags/dag.py
[2026-03-14T20:54:01.083+0000] {logging_mixin.py:149} INFO - [2026-03-14T20:54:01.083+0000] {dag.py:2726} INFO - Sync 1 DAGs
[2026-03-14T20:54:01.096+0000] {logging_mixin.py:149} INFO - [2026-03-14T20:54:01.096+0000] {dag.py:3490} INFO - Setting next_dagrun for dag_postgres_single_api_test to None, run_after=None
[2026-03-14T20:54:01.106+0000] {processor.py:178} INFO - Processing /opt/airflow/dags/dag.py took 0.063 seconds
[2026-03-14T20:54:31.467+0000] {processor.py:156} INFO - Started process (PID=1914) to work on /opt/airflow/dags/dag.py
[2026-03-14T20:54:31.468+0000] {processor.py:799} INFO - Processing file /opt/airflow/dags/dag.py for tasks to queue
[2026-03-14T20:54:31.469+0000] {logging_mixin.py:149} INFO - [2026-03-14T20:54:31.469+0000] {dagbag.py:541} INFO - Filling up the DagBag from /opt/airflow/dags/dag.py
[2026-03-14T20:54:31.480+0000] {processor.py:809} INFO - DAG(s) dict_keys(['dag_postgres_single_api_test']) retrieved from /opt/airflow/dags/dag.py
[2026-03-14T20:54:31.508+0000] {logging_mixin.py:149} INFO - [2026-03-14T20:54:31.507+0000] {dag.py:2726} INFO - Sync 1 DAGs
[2026-03-14T20:54:31.535+0000] {logging_mixin.py:149} INFO - [2026-03-14T20:54:31.534+0000] {dag.py:3490} INFO - Setting next_dagrun for dag_postgres_single_api_test to None, run_after=None
[2026-03-14T20:54:31.555+0000] {processor.py:178} INFO - Processing /opt/airflow/dags/dag.py took 0.090 seconds
[2026-03-14T20:55:01.809+0000] {processor.py:156} INFO - Started process (PID=1936) to work on /opt/airflow/dags/dag.py
[2026-03-14T20:55:01.811+0000] {processor.py:799} INFO - Processing file /opt/airflow/dags/dag.py for tasks to queue
[2026-03-14T20:55:01.812+0000] {logging_mixin.py:149} INFO - [2026-03-14T20:55:01.812+0000] {dagbag.py:541} INFO - Filling up the DagBag from /opt/airflow/dags/dag.py
[2026-03-14T20:55:01.820+0000] {processor.py:809} INFO - DAG(s) dict_keys(['dag_postgres_single_api_test']) retrieved from /opt/airflow/dags/dag.py
[2026-03-14T20:55:01.844+0000] {logging_mixin.py:149} INFO - [2026-03-14T20:55:01.844+0000] {dag.py:2726} INFO - Sync 1 DAGs
[2026-03-14T20:55:01.859+0000] {logging_mixin.py:149} INFO - [2026-03-14T20:55:01.859+0000] {dag.py:3490} INFO - Setting next_dagrun for dag_postgres_single_api_test to None, run_after=None
[2026-03-14T20:55:01.870+0000] {processor.py:178} INFO - Processing /opt/airflow/dags/dag.py took 0.063 seconds
[2026-03-14T20:55:33.933+0000] {processor.py:156} INFO - Started process (PID=173) to work on /opt/airflow/dags/dag.py
[2026-03-14T20:55:33.934+0000] {processor.py:799} INFO - Processing file /opt/airflow/dags/dag.py for tasks to queue
[2026-03-14T20:55:33.934+0000] {logging_mixin.py:149} INFO - [2026-03-14T20:55:33.934+0000] {dagbag.py:541} INFO - Filling up the DagBag from /opt/airflow/dags/dag.py
[2026-03-14T20:55:33.940+0000] {processor.py:809} INFO - DAG(s) dict_keys(['dag_postgres_single_api_test']) retrieved from /opt/airflow/dags/dag.py
[2026-03-14T20:55:33.985+0000] {logging_mixin.py:149} INFO - [2026-03-14T20:55:33.985+0000] {dag.py:2726} INFO - Sync 1 DAGs
[2026-03-14T20:55:33.998+0000] {logging_mixin.py:149} INFO - [2026-03-14T20:55:33.998+0000] {dag.py:3490} INFO - Setting next_dagrun for dag_postgres_single_api_test to None, run_after=None
[2026-03-14T20:55:34.073+0000] {processor.py:178} INFO - Processing /opt/airflow/dags/dag.py took 0.142 seconds
[2026-03-14T20:56:04.254+0000] {processor.py:156} INFO - Started process (PID=195) to work on /opt/airflow/dags/dag.py
[2026-03-14T20:56:04.255+0000] {processor.py:799} INFO - Processing file /opt/airflow/dags/dag.py for tasks to queue
[2026-03-14T20:56:04.255+0000] {logging_mixin.py:149} INFO - [2026-03-14T20:56:04.255+0000] {dagbag.py:541} INFO - Filling up the DagBag from /opt/airflow/dags/dag.py
[2026-03-14T20:56:04.263+0000] {processor.py:809} INFO - DAG(s) dict_keys(['dag_postgres_single_api_test']) retrieved from /opt/airflow/dags/dag.py
[2026-03-14T20:56:04.283+0000] {logging_mixin.py:149} INFO - [2026-03-14T20:56:04.283+0000] {dag.py:2726} INFO - Sync 1 DAGs
[2026-03-14T20:56:04.296+0000] {logging_mixin.py:149} INFO - [2026-03-14T20:56:04.295+0000] {dag.py:3490} INFO - Setting next_dagrun for dag_postgres_single_api_test to None, run_after=None
[2026-03-14T20:56:04.302+0000] {processor.py:178} INFO - Processing /opt/airflow/dags/dag.py took 0.049 seconds
[2026-03-14T20:56:34.630+0000] {processor.py:156} INFO - Started process (PID=217) to work on /opt/airflow/dags/dag.py
[2026-03-14T20:56:34.631+0000] {processor.py:799} INFO - Processing file /opt/airflow/dags/dag.py for tasks to queue
[2026-03-14T20:56:34.632+0000] {logging_mixin.py:149} INFO - [2026-03-14T20:56:34.632+0000] {dagbag.py:541} INFO - Filling up the DagBag from /opt/airflow/dags/dag.py
[2026-03-14T20:56:34.636+0000] {processor.py:809} INFO - DAG(s) dict_keys(['dag_postgres_single_api_test']) retrieved from /opt/airflow/dags/dag.py
[2026-03-14T20:56:34.656+0000] {logging_mixin.py:149} INFO - [2026-03-14T20:56:34.656+0000] {dag.py:2726} INFO - Sync 1 DAGs
[2026-03-14T20:56:34.669+0000] {logging_mixin.py:149} INFO - [2026-03-14T20:56:34.669+0000] {dag.py:3490} INFO - Setting next_dagrun for dag_postgres_single_api_test to None, run_after=None
[2026-03-14T20:56:34.731+0000] {processor.py:178} INFO - Processing /opt/airflow/dags/dag.py took 0.103 seconds
[2026-03-14T20:57:05.039+0000] {processor.py:156} INFO - Started process (PID=239) to work on /opt/airflow/dags/dag.py
[2026-03-14T20:57:05.041+0000] {processor.py:799} INFO - Processing file /opt/airflow/dags/dag.py for tasks to queue
[2026-03-14T20:57:05.042+0000] {logging_mixin.py:149} INFO - [2026-03-14T20:57:05.042+0000] {dagbag.py:541} INFO - Filling up the DagBag from /opt/airflow/dags/dag.py
[2026-03-14T20:57:05.047+0000] {processor.py:809} INFO - DAG(s) dict_keys(['dag_postgres_single_api_test']) retrieved from /opt/airflow/dags/dag.py
[2026-03-14T20:57:05.061+0000] {logging_mixin.py:149} INFO - [2026-03-14T20:57:05.061+0000] {dag.py:2726} INFO - Sync 1 DAGs
[2026-03-14T20:57:05.130+0000] {logging_mixin.py:149} INFO - [2026-03-14T20:57:05.130+0000] {dag.py:3490} INFO - Setting next_dagrun for dag_postgres_single_api_test to None, run_after=None
[2026-03-14T20:57:05.136+0000] {processor.py:178} INFO - Processing /opt/airflow/dags/dag.py took 0.098 seconds
[2026-03-14T20:57:35.438+0000] {processor.py:156} INFO - Started process (PID=268) to work on /opt/airflow/dags/dag.py
[2026-03-14T20:57:35.439+0000] {processor.py:799} INFO - Processing file /opt/airflow/dags/dag.py for tasks to queue
[2026-03-14T20:57:35.439+0000] {logging_mixin.py:149} INFO - [2026-03-14T20:57:35.439+0000] {dagbag.py:541} INFO - Filling up the DagBag from /opt/airflow/dags/dag.py
[2026-03-14T20:57:35.443+0000] {processor.py:809} INFO - DAG(s) dict_keys(['dag_postgres_single_api_test']) retrieved from /opt/airflow/dags/dag.py
[2026-03-14T20:57:35.520+0000] {logging_mixin.py:149} INFO - [2026-03-14T20:57:35.519+0000] {dag.py:2726} INFO - Sync 1 DAGs
[2026-03-14T20:57:35.528+0000] {logging_mixin.py:149} INFO - [2026-03-14T20:57:35.528+0000] {dag.py:3490} INFO - Setting next_dagrun for dag_postgres_single_api_test to None, run_after=None
[2026-03-14T20:57:35.533+0000] {processor.py:178} INFO - Processing /opt/airflow/dags/dag.py took 0.097 seconds
[2026-03-14T20:58:05.904+0000] {processor.py:156} INFO - Started process (PID=290) to work on /opt/airflow/dags/dag.py
[2026-03-14T20:58:05.905+0000] {processor.py:799} INFO - Processing file /opt/airflow/dags/dag.py for tasks to queue
[2026-03-14T20:58:05.905+0000] {logging_mixin.py:149} INFO - [2026-03-14T20:58:05.905+0000] {dagbag.py:541} INFO - Filling up the DagBag from /opt/airflow/dags/dag.py
[2026-03-14T20:58:05.909+0000] {processor.py:809} INFO - DAG(s) dict_keys(['dag_postgres_single_api_test']) retrieved from /opt/airflow/dags/dag.py
[2026-03-14T20:58:05.925+0000] {logging_mixin.py:149} INFO - [2026-03-14T20:58:05.925+0000] {dag.py:2726} INFO - Sync 1 DAGs
[2026-03-14T20:58:05.936+0000] {logging_mixin.py:149} INFO - [2026-03-14T20:58:05.936+0000] {dag.py:3490} INFO - Setting next_dagrun for dag_postgres_single_api_test to None, run_after=None
[2026-03-14T20:58:05.942+0000] {processor.py:178} INFO - Processing /opt/airflow/dags/dag.py took 0.040 seconds
[2026-03-14T20:58:36.245+0000] {processor.py:156} INFO - Started process (PID=312) to work on /opt/airflow/dags/dag.py
[2026-03-14T20:58:36.246+0000] {processor.py:799} INFO - Processing file /opt/airflow/dags/dag.py for tasks to queue
[2026-03-14T20:58:36.247+0000] {logging_mixin.py:149} INFO - [2026-03-14T20:58:36.247+0000] {dagbag.py:541} INFO - Filling up the DagBag from /opt/airflow/dags/dag.py
[2026-03-14T20:58:36.250+0000] {processor.py:809} INFO - DAG(s) dict_keys(['dag_postgres_single_api_test']) retrieved from /opt/airflow/dags/dag.py
[2026-03-14T20:58:36.266+0000] {logging_mixin.py:149} INFO - [2026-03-14T20:58:36.266+0000] {dag.py:2726} INFO - Sync 1 DAGs
[2026-03-14T20:58:36.277+0000] {logging_mixin.py:149} INFO - [2026-03-14T20:58:36.277+0000] {dag.py:3490} INFO - Setting next_dagrun for dag_postgres_single_api_test to None, run_after=None
[2026-03-14T20:58:36.284+0000] {processor.py:178} INFO - Processing /opt/airflow/dags/dag.py took 0.040 seconds
[2026-03-14T20:59:06.628+0000] {processor.py:156} INFO - Started process (PID=334) to work on /opt/airflow/dags/dag.py
[2026-03-14T20:59:06.629+0000] {processor.py:799} INFO - Processing file /opt/airflow/dags/dag.py for tasks to queue
[2026-03-14T20:59:06.630+0000] {logging_mixin.py:149} INFO - [2026-03-14T20:59:06.630+0000] {dagbag.py:541} INFO - Filling up the DagBag from /opt/airflow/dags/dag.py
[2026-03-14T20:59:06.636+0000] {processor.py:809} INFO - DAG(s) dict_keys(['dag_postgres_single_api_test']) retrieved from /opt/airflow/dags/dag.py
[2026-03-14T20:59:06.651+0000] {logging_mixin.py:149} INFO - [2026-03-14T20:59:06.651+0000] {dag.py:2726} INFO - Sync 1 DAGs
[2026-03-14T20:59:06.662+0000] {logging_mixin.py:149} INFO - [2026-03-14T20:59:06.662+0000] {dag.py:3490} INFO - Setting next_dagrun for dag_postgres_single_api_test to None, run_after=None
[2026-03-14T20:59:06.668+0000] {processor.py:178} INFO - Processing /opt/airflow/dags/dag.py took 0.041 seconds
[2026-03-14T20:59:36.969+0000] {processor.py:156} INFO - Started process (PID=356) to work on /opt/airflow/dags/dag.py
[2026-03-14T20:59:36.970+0000] {processor.py:799} INFO - Processing file /opt/airflow/dags/dag.py for tasks to queue
[2026-03-14T20:59:36.971+0000] {logging_mixin.py:149} INFO - [2026-03-14T20:59:36.971+0000] {dagbag.py:541} INFO - Filling up the DagBag from /opt/airflow/dags/dag.py
[2026-03-14T20:59:36.978+0000] {processor.py:809} INFO - DAG(s) dict_keys(['dag_postgres_single_api_test']) retrieved from /opt/airflow/dags/dag.py
[2026-03-14T20:59:37.000+0000] {logging_mixin.py:149} INFO - [2026-03-14T20:59:37.000+0000] {dag.py:2726} INFO - Sync 1 DAGs
[2026-03-14T20:59:37.012+0000] {logging_mixin.py:149} INFO - [2026-03-14T20:59:37.012+0000] {dag.py:3490} INFO - Setting next_dagrun for dag_postgres_single_api_test to None, run_after=None
[2026-03-14T20:59:37.022+0000] {processor.py:178} INFO - Processing /opt/airflow/dags/dag.py took 0.054 seconds
[2026-03-14T21:00:07.287+0000] {processor.py:156} INFO - Started process (PID=378) to work on /opt/airflow/dags/dag.py
[2026-03-14T21:00:07.287+0000] {processor.py:799} INFO - Processing file /opt/airflow/dags/dag.py for tasks to queue
[2026-03-14T21:00:07.288+0000] {logging_mixin.py:149} INFO - [2026-03-14T21:00:07.288+0000] {dagbag.py:541} INFO - Filling up the DagBag from /opt/airflow/dags/dag.py
[2026-03-14T21:00:07.297+0000] {processor.py:809} INFO - DAG(s) dict_keys(['dag_postgres_single_api_test']) retrieved from /opt/airflow/dags/dag.py
[2026-03-14T21:00:07.312+0000] {logging_mixin.py:149} INFO - [2026-03-14T21:00:07.312+0000] {dag.py:2726} INFO - Sync 1 DAGs
[2026-03-14T21:00:07.323+0000] {logging_mixin.py:149} INFO - [2026-03-14T21:00:07.323+0000] {dag.py:3490} INFO - Setting next_dagrun for dag_postgres_single_api_test to None, run_after=None
[2026-03-14T21:00:07.333+0000] {processor.py:178} INFO - Processing /opt/airflow/dags/dag.py took 0.048 seconds
[2026-03-14T21:00:37.660+0000] {processor.py:156} INFO - Started process (PID=400) to work on /opt/airflow/dags/dag.py
[2026-03-14T21:00:37.662+0000] {processor.py:799} INFO - Processing file /opt/airflow/dags/dag.py for tasks to queue
[2026-03-14T21:00:37.663+0000] {logging_mixin.py:149} INFO - [2026-03-14T21:00:37.663+0000] {dagbag.py:541} INFO - Filling up the DagBag from /opt/airflow/dags/dag.py
[2026-03-14T21:00:37.675+0000] {processor.py:809} INFO - DAG(s) dict_keys(['dag_postgres_single_api_test']) retrieved from /opt/airflow/dags/dag.py
[2026-03-14T21:00:37.697+0000] {logging_mixin.py:149} INFO - [2026-03-14T21:00:37.697+0000] {dag.py:2726} INFO - Sync 1 DAGs
[2026-03-14T21:00:37.710+0000] {logging_mixin.py:149} INFO - [2026-03-14T21:00:37.709+0000] {dag.py:3490} INFO - Setting next_dagrun for dag_postgres_single_api_test to None, run_after=None
[2026-03-14T21:00:37.719+0000] {processor.py:178} INFO - Processing /opt/airflow/dags/dag.py took 0.062 seconds
[2026-03-14T21:01:07.964+0000] {processor.py:156} INFO - Started process (PID=422) to work on /opt/airflow/dags/dag.py
[2026-03-14T21:01:07.965+0000] {processor.py:799} INFO - Processing file /opt/airflow/dags/dag.py for tasks to queue
[2026-03-14T21:01:07.966+0000] {logging_mixin.py:149} INFO - [2026-03-14T21:01:07.965+0000] {dagbag.py:541} INFO - Filling up the DagBag from /opt/airflow/dags/dag.py
[2026-03-14T21:01:07.973+0000] {processor.py:809} INFO - DAG(s) dict_keys(['dag_postgres_single_api_test']) retrieved from /opt/airflow/dags/dag.py
[2026-03-14T21:01:07.990+0000] {logging_mixin.py:149} INFO - [2026-03-14T21:01:07.990+0000] {dag.py:2726} INFO - Sync 1 DAGs
[2026-03-14T21:01:08.004+0000] {logging_mixin.py:149} INFO - [2026-03-14T21:01:08.004+0000] {dag.py:3490} INFO - Setting next_dagrun for dag_postgres_single_api_test to None, run_after=None
[2026-03-14T21:01:08.014+0000] {processor.py:178} INFO - Processing /opt/airflow/dags/dag.py took 0.053 seconds
[2026-03-14T21:01:38.296+0000] {processor.py:156} INFO - Started process (PID=444) to work on /opt/airflow/dags/dag.py
[2026-03-14T21:01:38.299+0000] {processor.py:799} INFO - Processing file /opt/airflow/dags/dag.py for tasks to queue
[2026-03-14T21:01:38.299+0000] {logging_mixin.py:149} INFO - [2026-03-14T21:01:38.299+0000] {dagbag.py:541} INFO - Filling up the DagBag from /opt/airflow/dags/dag.py
[2026-03-14T21:01:38.303+0000] {processor.py:809} INFO - DAG(s) dict_keys(['dag_postgres_single_api_test']) retrieved from /opt/airflow/dags/dag.py
[2026-03-14T21:01:38.330+0000] {logging_mixin.py:149} INFO - [2026-03-14T21:01:38.330+0000] {dag.py:2726} INFO - Sync 1 DAGs
[2026-03-14T21:01:38.350+0000] {logging_mixin.py:149} INFO - [2026-03-14T21:01:38.350+0000] {dag.py:3490} INFO - Setting next_dagrun for dag_postgres_single_api_test to None, run_after=None
[2026-03-14T21:01:38.361+0000] {processor.py:178} INFO - Processing /opt/airflow/dags/dag.py took 0.067 seconds
[2026-03-14T21:02:08.631+0000] {processor.py:156} INFO - Started process (PID=466) to work on /opt/airflow/dags/dag.py
[2026-03-14T21:02:08.635+0000] {processor.py:799} INFO - Processing file /opt/airflow/dags/dag.py for tasks to queue
[2026-03-14T21:02:08.635+0000] {logging_mixin.py:149} INFO - [2026-03-14T21:02:08.635+0000] {dagbag.py:541} INFO - Filling up the DagBag from /opt/airflow/dags/dag.py
[2026-03-14T21:02:08.639+0000] {processor.py:809} INFO - DAG(s) dict_keys(['dag_postgres_single_api_test']) retrieved from /opt/airflow/dags/dag.py
[2026-03-14T21:02:08.656+0000] {logging_mixin.py:149} INFO - [2026-03-14T21:02:08.656+0000] {dag.py:2726} INFO - Sync 1 DAGs
[2026-03-14T21:02:08.674+0000] {logging_mixin.py:149} INFO - [2026-03-14T21:02:08.674+0000] {dag.py:3490} INFO - Setting next_dagrun for dag_postgres_single_api_test to None, run_after=None
[2026-03-14T21:02:08.688+0000] {processor.py:178} INFO - Processing /opt/airflow/dags/dag.py took 0.058 seconds
[2026-03-14T21:02:38.940+0000] {processor.py:156} INFO - Started process (PID=488) to work on /opt/airflow/dags/dag.py
[2026-03-14T21:02:38.943+0000] {processor.py:799} INFO - Processing file /opt/airflow/dags/dag.py for tasks to queue
[2026-03-14T21:02:38.943+0000] {logging_mixin.py:149} INFO - [2026-03-14T21:02:38.943+0000] {dagbag.py:541} INFO - Filling up the DagBag from /opt/airflow/dags/dag.py
[2026-03-14T21:02:38.948+0000] {processor.py:809} INFO - DAG(s) dict_keys(['dag_postgres_single_api_test']) retrieved from /opt/airflow/dags/dag.py
[2026-03-14T21:02:38.965+0000] {logging_mixin.py:149} INFO - [2026-03-14T21:02:38.965+0000] {dag.py:2726} INFO - Sync 1 DAGs
[2026-03-14T21:02:38.983+0000] {logging_mixin.py:149} INFO - [2026-03-14T21:02:38.983+0000] {dag.py:3490} INFO - Setting next_dagrun for dag_postgres_single_api_test to None, run_after=None
[2026-03-14T21:02:38.999+0000] {processor.py:178} INFO - Processing /opt/airflow/dags/dag.py took 0.061 seconds
[2026-03-14T21:03:09.317+0000] {processor.py:156} INFO - Started process (PID=510) to work on /opt/airflow/dags/dag.py
[2026-03-14T21:03:09.321+0000] {processor.py:799} INFO - Processing file /opt/airflow/dags/dag.py for tasks to queue
[2026-03-14T21:03:09.321+0000] {logging_mixin.py:149} INFO - [2026-03-14T21:03:09.321+0000] {dagbag.py:541} INFO - Filling up the DagBag from /opt/airflow/dags/dag.py
[2026-03-14T21:03:09.327+0000] {processor.py:809} INFO - DAG(s) dict_keys(['dag_postgres_single_api_test']) retrieved from /opt/airflow/dags/dag.py
[2026-03-14T21:03:09.348+0000] {logging_mixin.py:149} INFO - [2026-03-14T21:03:09.348+0000] {dag.py:2726} INFO - Sync 1 DAGs
[2026-03-14T21:03:09.366+0000] {logging_mixin.py:149} INFO - [2026-03-14T21:03:09.366+0000] {dag.py:3490} INFO - Setting next_dagrun for dag_postgres_single_api_test to None, run_after=None
[2026-03-14T21:03:09.376+0000] {processor.py:178} INFO - Processing /opt/airflow/dags/dag.py took 0.062 seconds
[2026-03-14T21:03:39.622+0000] {processor.py:156} INFO - Started process (PID=527) to work on /opt/airflow/dags/dag.py
[2026-03-14T21:03:39.622+0000] {processor.py:799} INFO - Processing file /opt/airflow/dags/dag.py for tasks to queue
[2026-03-14T21:03:39.623+0000] {logging_mixin.py:149} INFO - [2026-03-14T21:03:39.623+0000] {dagbag.py:541} INFO - Filling up the DagBag from /opt/airflow/dags/dag.py
[2026-03-14T21:03:39.630+0000] {processor.py:809} INFO - DAG(s) dict_keys(['dag_postgres_single_api_test']) retrieved from /opt/airflow/dags/dag.py
[2026-03-14T21:03:39.655+0000] {logging_mixin.py:149} INFO - [2026-03-14T21:03:39.654+0000] {dag.py:2726} INFO - Sync 1 DAGs
[2026-03-14T21:03:39.672+0000] {logging_mixin.py:149} INFO - [2026-03-14T21:03:39.672+0000] {dag.py:3490} INFO - Setting next_dagrun for dag_postgres_single_api_test to None, run_after=None
[2026-03-14T21:03:39.687+0000] {processor.py:178} INFO - Processing /opt/airflow/dags/dag.py took 0.068 seconds
[2026-03-14T21:04:09.986+0000] {processor.py:156} INFO - Started process (PID=545) to work on /opt/airflow/dags/dag.py
[2026-03-14T21:04:09.987+0000] {processor.py:799} INFO - Processing file /opt/airflow/dags/dag.py for tasks to queue
[2026-03-14T21:04:09.988+0000] {logging_mixin.py:149} INFO - [2026-03-14T21:04:09.987+0000] {dagbag.py:541} INFO - Filling up the DagBag from /opt/airflow/dags/dag.py
[2026-03-14T21:04:09.996+0000] {processor.py:809} INFO - DAG(s) dict_keys(['dag_postgres_single_api_test']) retrieved from /opt/airflow/dags/dag.py
[2026-03-14T21:04:10.017+0000] {logging_mixin.py:149} INFO - [2026-03-14T21:04:10.017+0000] {dag.py:2726} INFO - Sync 1 DAGs
[2026-03-14T21:04:10.033+0000] {logging_mixin.py:149} INFO - [2026-03-14T21:04:10.033+0000] {dag.py:3490} INFO - Setting next_dagrun for dag_postgres_single_api_test to None, run_after=None
[2026-03-14T21:04:10.043+0000] {processor.py:178} INFO - Processing /opt/airflow/dags/dag.py took 0.059 seconds
[2026-03-14T21:04:40.372+0000] {processor.py:156} INFO - Started process (PID=562) to work on /opt/airflow/dags/dag.py
[2026-03-14T21:04:40.373+0000] {processor.py:799} INFO - Processing file /opt/airflow/dags/dag.py for tasks to queue
[2026-03-14T21:04:40.374+0000] {logging_mixin.py:149} INFO - [2026-03-14T21:04:40.374+0000] {dagbag.py:541} INFO - Filling up the DagBag from /opt/airflow/dags/dag.py
[2026-03-14T21:04:40.382+0000] {processor.py:809} INFO - DAG(s) dict_keys(['dag_postgres_single_api_test']) retrieved from /opt/airflow/dags/dag.py
[2026-03-14T21:04:40.399+0000] {logging_mixin.py:149} INFO - [2026-03-14T21:04:40.399+0000] {dag.py:2726} INFO - Sync 1 DAGs
[2026-03-14T21:04:40.411+0000] {logging_mixin.py:149} INFO - [2026-03-14T21:04:40.411+0000] {dag.py:3490} INFO - Setting next_dagrun for dag_postgres_single_api_test to None, run_after=None
[2026-03-14T21:04:40.422+0000] {processor.py:178} INFO - Processing /opt/airflow/dags/dag.py took 0.052 seconds
[2026-03-14T21:05:10.769+0000] {processor.py:156} INFO - Started process (PID=579) to work on /opt/airflow/dags/dag.py
[2026-03-14T21:05:10.770+0000] {processor.py:799} INFO - Processing file /opt/airflow/dags/dag.py for tasks to queue
[2026-03-14T21:05:10.772+0000] {logging_mixin.py:149} INFO - [2026-03-14T21:05:10.772+0000] {dagbag.py:541} INFO - Filling up the DagBag from /opt/airflow/dags/dag.py
[2026-03-14T21:05:10.779+0000] {processor.py:809} INFO - DAG(s) dict_keys(['dag_postgres_single_api_test']) retrieved from /opt/airflow/dags/dag.py
[2026-03-14T21:05:10.795+0000] {logging_mixin.py:149} INFO - [2026-03-14T21:05:10.794+0000] {dag.py:2726} INFO - Sync 1 DAGs
[2026-03-14T21:05:10.808+0000] {logging_mixin.py:149} INFO - [2026-03-14T21:05:10.808+0000] {dag.py:3490} INFO - Setting next_dagrun for dag_postgres_single_api_test to None, run_after=None
[2026-03-14T21:05:10.819+0000] {processor.py:178} INFO - Processing /opt/airflow/dags/dag.py took 0.053 seconds
[2026-03-14T21:05:41.116+0000] {processor.py:156} INFO - Started process (PID=611) to work on /opt/airflow/dags/dag.py
[2026-03-14T21:05:41.117+0000] {processor.py:799} INFO - Processing file /opt/airflow/dags/dag.py for tasks to queue
[2026-03-14T21:05:41.118+0000] {logging_mixin.py:149} INFO - [2026-03-14T21:05:41.118+0000] {dagbag.py:541} INFO - Filling up the DagBag from /opt/airflow/dags/dag.py
[2026-03-14T21:05:41.124+0000] {processor.py:809} INFO - DAG(s) dict_keys(['dag_postgres_single_api_test']) retrieved from /opt/airflow/dags/dag.py
[2026-03-14T21:05:41.144+0000] {logging_mixin.py:149} INFO - [2026-03-14T21:05:41.144+0000] {dag.py:2726} INFO - Sync 1 DAGs
[2026-03-14T21:05:41.157+0000] {logging_mixin.py:149} INFO - [2026-03-14T21:05:41.156+0000] {dag.py:3490} INFO - Setting next_dagrun for dag_postgres_single_api_test to None, run_after=None
[2026-03-14T21:05:41.175+0000] {processor.py:178} INFO - Processing /opt/airflow/dags/dag.py took 0.061 seconds
[2026-03-14T21:06:11.444+0000] {processor.py:156} INFO - Started process (PID=643) to work on /opt/airflow/dags/dag.py
[2026-03-14T21:06:11.446+0000] {processor.py:799} INFO - Processing file /opt/airflow/dags/dag.py for tasks to queue
[2026-03-14T21:06:11.446+0000] {logging_mixin.py:149} INFO - [2026-03-14T21:06:11.446+0000] {dagbag.py:541} INFO - Filling up the DagBag from /opt/airflow/dags/dag.py
[2026-03-14T21:06:11.452+0000] {processor.py:809} INFO - DAG(s) dict_keys(['dag_postgres_single_api_test']) retrieved from /opt/airflow/dags/dag.py
[2026-03-14T21:06:11.473+0000] {logging_mixin.py:149} INFO - [2026-03-14T21:06:11.473+0000] {dag.py:2726} INFO - Sync 1 DAGs
[2026-03-14T21:06:11.486+0000] {logging_mixin.py:149} INFO - [2026-03-14T21:06:11.486+0000] {dag.py:3490} INFO - Setting next_dagrun for dag_postgres_single_api_test to None, run_after=None
[2026-03-14T21:06:11.495+0000] {processor.py:178} INFO - Processing /opt/airflow/dags/dag.py took 0.054 seconds
[2026-03-14T21:06:41.756+0000] {processor.py:156} INFO - Started process (PID=675) to work on /opt/airflow/dags/dag.py
[2026-03-14T21:06:41.758+0000] {processor.py:799} INFO - Processing file /opt/airflow/dags/dag.py for tasks to queue
[2026-03-14T21:06:41.759+0000] {logging_mixin.py:149} INFO - [2026-03-14T21:06:41.759+0000] {dagbag.py:541} INFO - Filling up the DagBag from /opt/airflow/dags/dag.py
[2026-03-14T21:06:41.767+0000] {processor.py:809} INFO - DAG(s) dict_keys(['dag_postgres_single_api_test']) retrieved from /opt/airflow/dags/dag.py
[2026-03-14T21:06:41.791+0000] {logging_mixin.py:149} INFO - [2026-03-14T21:06:41.791+0000] {dag.py:2726} INFO - Sync 1 DAGs
[2026-03-14T21:06:41.806+0000] {logging_mixin.py:149} INFO - [2026-03-14T21:06:41.806+0000] {dag.py:3490} INFO - Setting next_dagrun for dag_postgres_single_api_test to None, run_after=None
[2026-03-14T21:06:41.813+0000] {processor.py:178} INFO - Processing /opt/airflow/dags/dag.py took 0.059 seconds
[2026-03-14T21:07:12.051+0000] {processor.py:156} INFO - Started process (PID=767) to work on /opt/airflow/dags/dag.py
[2026-03-14T21:07:12.053+0000] {processor.py:799} INFO - Processing file /opt/airflow/dags/dag.py for tasks to queue
[2026-03-14T21:07:12.054+0000] {logging_mixin.py:149} INFO - [2026-03-14T21:07:12.054+0000] {dagbag.py:541} INFO - Filling up the DagBag from /opt/airflow/dags/dag.py
[2026-03-14T21:07:12.060+0000] {processor.py:809} INFO - DAG(s) dict_keys(['dag_postgres_single_api_test']) retrieved from /opt/airflow/dags/dag.py
[2026-03-14T21:07:12.075+0000] {logging_mixin.py:149} INFO - [2026-03-14T21:07:12.075+0000] {dag.py:2726} INFO - Sync 1 DAGs
[2026-03-14T21:07:12.086+0000] {logging_mixin.py:149} INFO - [2026-03-14T21:07:12.086+0000] {dag.py:3490} INFO - Setting next_dagrun for dag_postgres_single_api_test to None, run_after=None
[2026-03-14T21:07:12.094+0000] {processor.py:178} INFO - Processing /opt/airflow/dags/dag.py took 0.046 seconds
[2026-03-14T21:07:42.367+0000] {processor.py:156} INFO - Started process (PID=799) to work on /opt/airflow/dags/dag.py
[2026-03-14T21:07:42.368+0000] {processor.py:799} INFO - Processing file /opt/airflow/dags/dag.py for tasks to queue
[2026-03-14T21:07:42.370+0000] {logging_mixin.py:149} INFO - [2026-03-14T21:07:42.370+0000] {dagbag.py:541} INFO - Filling up the DagBag from /opt/airflow/dags/dag.py
[2026-03-14T21:07:42.376+0000] {processor.py:809} INFO - DAG(s) dict_keys(['dag_postgres_single_api_test']) retrieved from /opt/airflow/dags/dag.py
[2026-03-14T21:07:42.398+0000] {logging_mixin.py:149} INFO - [2026-03-14T21:07:42.398+0000] {dag.py:2726} INFO - Sync 1 DAGs
[2026-03-14T21:07:42.416+0000] {logging_mixin.py:149} INFO - [2026-03-14T21:07:42.416+0000] {dag.py:3490} INFO - Setting next_dagrun for dag_postgres_single_api_test to None, run_after=None
[2026-03-14T21:07:42.427+0000] {processor.py:178} INFO - Processing /opt/airflow/dags/dag.py took 0.062 seconds
[2026-03-14T21:08:12.769+0000] {processor.py:156} INFO - Started process (PID=831) to work on /opt/airflow/dags/dag.py
[2026-03-14T21:08:12.772+0000] {processor.py:799} INFO - Processing file /opt/airflow/dags/dag.py for tasks to queue
[2026-03-14T21:08:12.772+0000] {logging_mixin.py:149} INFO - [2026-03-14T21:08:12.772+0000] {dagbag.py:541} INFO - Filling up the DagBag from /opt/airflow/dags/dag.py
[2026-03-14T21:08:12.781+0000] {processor.py:809} INFO - DAG(s) dict_keys(['dag_postgres_single_api_test']) retrieved from /opt/airflow/dags/dag.py
[2026-03-14T21:08:12.802+0000] {logging_mixin.py:149} INFO - [2026-03-14T21:08:12.802+0000] {dag.py:2726} INFO - Sync 1 DAGs
[2026-03-14T21:08:12.816+0000] {logging_mixin.py:149} INFO - [2026-03-14T21:08:12.816+0000] {dag.py:3490} INFO - Setting next_dagrun for dag_postgres_single_api_test to None, run_after=None
[2026-03-14T21:08:12.826+0000] {processor.py:178} INFO - Processing /opt/airflow/dags/dag.py took 0.059 seconds
[2026-03-14T21:08:43.113+0000] {processor.py:156} INFO - Started process (PID=863) to work on /opt/airflow/dags/dag.py
[2026-03-14T21:08:43.115+0000] {processor.py:799} INFO - Processing file /opt/airflow/dags/dag.py for tasks to queue
[2026-03-14T21:08:43.116+0000] {logging_mixin.py:149} INFO - [2026-03-14T21:08:43.116+0000] {dagbag.py:541} INFO - Filling up the DagBag from /opt/airflow/dags/dag.py
[2026-03-14T21:08:43.129+0000] {processor.py:809} INFO - DAG(s) dict_keys(['dag_postgres_single_api_test']) retrieved from /opt/airflow/dags/dag.py
[2026-03-14T21:08:43.153+0000] {logging_mixin.py:149} INFO - [2026-03-14T21:08:43.153+0000] {dag.py:2726} INFO - Sync 1 DAGs
[2026-03-14T21:08:43.166+0000] {logging_mixin.py:149} INFO - [2026-03-14T21:08:43.166+0000] {dag.py:3490} INFO - Setting next_dagrun for dag_postgres_single_api_test to None, run_after=None
[2026-03-14T21:08:43.175+0000] {processor.py:178} INFO - Processing /opt/airflow/dags/dag.py took 0.065 seconds
[2026-03-14T21:09:13.539+0000] {processor.py:156} INFO - Started process (PID=895) to work on /opt/airflow/dags/dag.py
[2026-03-14T21:09:13.541+0000] {processor.py:799} INFO - Processing file /opt/airflow/dags/dag.py for tasks to queue
[2026-03-14T21:09:13.542+0000] {logging_mixin.py:149} INFO - [2026-03-14T21:09:13.542+0000] {dagbag.py:541} INFO - Filling up the DagBag from /opt/airflow/dags/dag.py
[2026-03-14T21:09:13.553+0000] {processor.py:809} INFO - DAG(s) dict_keys(['dag_postgres_single_api_test']) retrieved from /opt/airflow/dags/dag.py
[2026-03-14T21:09:13.570+0000] {logging_mixin.py:149} INFO - [2026-03-14T21:09:13.569+0000] {dag.py:2726} INFO - Sync 1 DAGs
[2026-03-14T21:09:13.585+0000] {logging_mixin.py:149} INFO - [2026-03-14T21:09:13.585+0000] {dag.py:3490} INFO - Setting next_dagrun for dag_postgres_single_api_test to None, run_after=None
[2026-03-14T21:09:13.597+0000] {processor.py:178} INFO - Processing /opt/airflow/dags/dag.py took 0.060 seconds
[2026-03-14T21:09:43.940+0000] {processor.py:156} INFO - Started process (PID=927) to work on /opt/airflow/dags/dag.py
[2026-03-14T21:09:43.941+0000] {processor.py:799} INFO - Processing file /opt/airflow/dags/dag.py for tasks to queue
[2026-03-14T21:09:43.941+0000] {logging_mixin.py:149} INFO - [2026-03-14T21:09:43.941+0000] {dagbag.py:541} INFO - Filling up the DagBag from /opt/airflow/dags/dag.py
[2026-03-14T21:09:43.945+0000] {processor.py:809} INFO - DAG(s) dict_keys(['dag_postgres_single_api_test']) retrieved from /opt/airflow/dags/dag.py
[2026-03-14T21:09:43.959+0000] {logging_mixin.py:149} INFO - [2026-03-14T21:09:43.959+0000] {dag.py:2726} INFO - Sync 1 DAGs
[2026-03-14T21:09:43.970+0000] {logging_mixin.py:149} INFO - [2026-03-14T21:09:43.970+0000] {dag.py:3490} INFO - Setting next_dagrun for dag_postgres_single_api_test to None, run_after=None
[2026-03-14T21:09:43.984+0000] {processor.py:178} INFO - Processing /opt/airflow/dags/dag.py took 0.046 seconds
[2026-03-14T21:10:14.374+0000] {processor.py:156} INFO - Started process (PID=959) to work on /opt/airflow/dags/dag.py
[2026-03-14T21:10:14.374+0000] {processor.py:799} INFO - Processing file /opt/airflow/dags/dag.py for tasks to queue
[2026-03-14T21:10:14.374+0000] {logging_mixin.py:149} INFO - [2026-03-14T21:10:14.374+0000] {dagbag.py:541} INFO - Filling up the DagBag from /opt/airflow/dags/dag.py
[2026-03-14T21:10:14.378+0000] {processor.py:809} INFO - DAG(s) dict_keys(['dag_postgres_single_api_test']) retrieved from /opt/airflow/dags/dag.py
[2026-03-14T21:10:14.389+0000] {logging_mixin.py:149} INFO - [2026-03-14T21:10:14.389+0000] {dag.py:2726} INFO - Sync 1 DAGs
[2026-03-14T21:10:14.398+0000] {logging_mixin.py:149} INFO - [2026-03-14T21:10:14.398+0000] {dag.py:3490} INFO - Setting next_dagrun for dag_postgres_single_api_test to None, run_after=None
[2026-03-14T21:10:14.404+0000] {processor.py:178} INFO - Processing /opt/airflow/dags/dag.py took 0.032 seconds
[2026-03-14T21:10:44.805+0000] {processor.py:156} INFO - Started process (PID=991) to work on /opt/airflow/dags/dag.py
[2026-03-14T21:10:44.806+0000] {processor.py:799} INFO - Processing file /opt/airflow/dags/dag.py for tasks to queue
[2026-03-14T21:10:44.806+0000] {logging_mixin.py:149} INFO - [2026-03-14T21:10:44.806+0000] {dagbag.py:541} INFO - Filling up the DagBag from /opt/airflow/dags/dag.py
[2026-03-14T21:10:44.809+0000] {processor.py:809} INFO - DAG(s) dict_keys(['dag_postgres_single_api_test']) retrieved from /opt/airflow/dags/dag.py
[2026-03-14T21:10:44.821+0000] {logging_mixin.py:149} INFO - [2026-03-14T21:10:44.821+0000] {dag.py:2726} INFO - Sync 1 DAGs
[2026-03-14T21:10:44.830+0000] {logging_mixin.py:149} INFO - [2026-03-14T21:10:44.830+0000] {dag.py:3490} INFO - Setting next_dagrun for dag_postgres_single_api_test to None, run_after=None
[2026-03-14T21:10:44.836+0000] {processor.py:178} INFO - Processing /opt/airflow/dags/dag.py took 0.033 seconds
[2026-03-14T21:11:15.219+0000] {processor.py:156} INFO - Started process (PID=1023) to work on /opt/airflow/dags/dag.py
[2026-03-14T21:11:15.219+0000] {processor.py:799} INFO - Processing file /opt/airflow/dags/dag.py for tasks to queue
[2026-03-14T21:11:15.220+0000] {logging_mixin.py:149} INFO - [2026-03-14T21:11:15.219+0000] {dagbag.py:541} INFO - Filling up the DagBag from /opt/airflow/dags/dag.py
[2026-03-14T21:11:15.223+0000] {processor.py:809} INFO - DAG(s) dict_keys(['dag_postgres_single_api_test']) retrieved from /opt/airflow/dags/dag.py
[2026-03-14T21:11:15.235+0000] {logging_mixin.py:149} INFO - [2026-03-14T21:11:15.235+0000] {dag.py:2726} INFO - Sync 1 DAGs
[2026-03-14T21:11:15.244+0000] {logging_mixin.py:149} INFO - [2026-03-14T21:11:15.244+0000] {dag.py:3490} INFO - Setting next_dagrun for dag_postgres_single_api_test to None, run_after=None
[2026-03-14T21:11:15.250+0000] {processor.py:178} INFO - Processing /opt/airflow/dags/dag.py took 0.033 seconds
[2026-03-14T21:11:45.674+0000] {processor.py:156} INFO - Started process (PID=1054) to work on /opt/airflow/dags/dag.py
[2026-03-14T21:11:45.677+0000] {processor.py:799} INFO - Processing file /opt/airflow/dags/dag.py for tasks to queue
[2026-03-14T21:11:45.678+0000] {logging_mixin.py:149} INFO - [2026-03-14T21:11:45.678+0000] {dagbag.py:541} INFO - Filling up the DagBag from /opt/airflow/dags/dag.py
[2026-03-14T21:11:45.684+0000] {processor.py:809} INFO - DAG(s) dict_keys(['dag_postgres_single_api_test']) retrieved from /opt/airflow/dags/dag.py
[2026-03-14T21:11:45.697+0000] {logging_mixin.py:149} INFO - [2026-03-14T21:11:45.697+0000] {dag.py:2726} INFO - Sync 1 DAGs
[2026-03-14T21:11:45.707+0000] {logging_mixin.py:149} INFO - [2026-03-14T21:11:45.707+0000] {dag.py:3490} INFO - Setting next_dagrun for dag_postgres_single_api_test to None, run_after=None
[2026-03-14T21:11:45.713+0000] {processor.py:178} INFO - Processing /opt/airflow/dags/dag.py took 0.042 seconds
[2026-03-14T21:20:54.636+0000] {processor.py:156} INFO - Started process (PID=1082) to work on /opt/airflow/dags/dag.py
[2026-03-14T21:20:54.636+0000] {processor.py:799} INFO - Processing file /opt/airflow/dags/dag.py for tasks to queue
[2026-03-14T21:20:54.637+0000] {logging_mixin.py:149} INFO - [2026-03-14T21:20:54.637+0000] {dagbag.py:541} INFO - Filling up the DagBag from /opt/airflow/dags/dag.py
[2026-03-14T21:20:54.646+0000] {processor.py:809} INFO - DAG(s) dict_keys(['dag_postgres_single_api_test']) retrieved from /opt/airflow/dags/dag.py
[2026-03-14T21:20:54.668+0000] {logging_mixin.py:149} INFO - [2026-03-14T21:20:54.668+0000] {dag.py:2726} INFO - Sync 1 DAGs
[2026-03-14T21:20:54.691+0000] {logging_mixin.py:149} INFO - [2026-03-14T21:20:54.691+0000] {dag.py:3490} INFO - Setting next_dagrun for dag_postgres_single_api_test to None, run_after=None
[2026-03-14T21:20:54.709+0000] {processor.py:178} INFO - Processing /opt/airflow/dags/dag.py took 0.077 seconds
[2026-03-14T21:21:25.046+0000] {processor.py:156} INFO - Started process (PID=1099) to work on /opt/airflow/dags/dag.py
[2026-03-14T21:21:25.047+0000] {processor.py:799} INFO - Processing file /opt/airflow/dags/dag.py for tasks to queue
[2026-03-14T21:21:25.048+0000] {logging_mixin.py:149} INFO - [2026-03-14T21:21:25.048+0000] {dagbag.py:541} INFO - Filling up the DagBag from /opt/airflow/dags/dag.py
[2026-03-14T21:21:25.061+0000] {processor.py:809} INFO - DAG(s) dict_keys(['dag_postgres_single_api_test']) retrieved from /opt/airflow/dags/dag.py
[2026-03-14T21:21:25.081+0000] {logging_mixin.py:149} INFO - [2026-03-14T21:21:25.081+0000] {dag.py:2726} INFO - Sync 1 DAGs
[2026-03-14T21:21:25.097+0000] {logging_mixin.py:149} INFO - [2026-03-14T21:21:25.097+0000] {dag.py:3490} INFO - Setting next_dagrun for dag_postgres_single_api_test to None, run_after=None
[2026-03-14T21:21:25.108+0000] {processor.py:178} INFO - Processing /opt/airflow/dags/dag.py took 0.065 seconds
[2026-03-14T21:38:30.790+0000] {processor.py:156} INFO - Started process (PID=1145) to work on /opt/airflow/dags/dag.py
[2026-03-14T21:38:30.790+0000] {processor.py:799} INFO - Processing file /opt/airflow/dags/dag.py for tasks to queue
[2026-03-14T21:38:30.791+0000] {logging_mixin.py:149} INFO - [2026-03-14T21:38:30.791+0000] {dagbag.py:541} INFO - Filling up the DagBag from /opt/airflow/dags/dag.py
[2026-03-14T21:38:30.794+0000] {processor.py:809} INFO - DAG(s) dict_keys(['dag_postgres_single_api_test']) retrieved from /opt/airflow/dags/dag.py
[2026-03-14T21:38:30.806+0000] {logging_mixin.py:149} INFO - [2026-03-14T21:38:30.806+0000] {dag.py:2726} INFO - Sync 1 DAGs
[2026-03-14T21:38:30.816+0000] {logging_mixin.py:149} INFO - [2026-03-14T21:38:30.816+0000] {dag.py:3490} INFO - Setting next_dagrun for dag_postgres_single_api_test to None, run_after=None
[2026-03-14T21:38:30.823+0000] {processor.py:178} INFO - Processing /opt/airflow/dags/dag.py took 0.034 seconds
[2026-03-14T22:17:15.255+0000] {processor.py:156} INFO - Started process (PID=1178) to work on /opt/airflow/dags/dag.py
[2026-03-14T22:17:15.255+0000] {processor.py:799} INFO - Processing file /opt/airflow/dags/dag.py for tasks to queue
[2026-03-14T22:17:15.255+0000] {logging_mixin.py:149} INFO - [2026-03-14T22:17:15.255+0000] {dagbag.py:541} INFO - Filling up the DagBag from /opt/airflow/dags/dag.py
[2026-03-14T22:17:15.260+0000] {processor.py:809} INFO - DAG(s) dict_keys(['dag_postgres_single_api_test']) retrieved from /opt/airflow/dags/dag.py
[2026-03-14T22:17:15.272+0000] {logging_mixin.py:149} INFO - [2026-03-14T22:17:15.272+0000] {dag.py:2726} INFO - Sync 1 DAGs
[2026-03-14T22:17:15.281+0000] {logging_mixin.py:149} INFO - [2026-03-14T22:17:15.281+0000] {dag.py:3490} INFO - Setting next_dagrun for dag_postgres_single_api_test to None, run_after=None
[2026-03-14T22:17:15.287+0000] {processor.py:178} INFO - Processing /opt/airflow/dags/dag.py took 0.034 seconds
[2026-03-14T22:17:45.552+0000] {processor.py:156} INFO - Started process (PID=1195) to work on /opt/airflow/dags/dag.py
[2026-03-14T22:17:45.554+0000] {processor.py:799} INFO - Processing file /opt/airflow/dags/dag.py for tasks to queue
[2026-03-14T22:17:45.554+0000] {logging_mixin.py:149} INFO - [2026-03-14T22:17:45.554+0000] {dagbag.py:541} INFO - Filling up the DagBag from /opt/airflow/dags/dag.py
[2026-03-14T22:17:45.560+0000] {processor.py:809} INFO - DAG(s) dict_keys(['dag_postgres_single_api_test']) retrieved from /opt/airflow/dags/dag.py
[2026-03-14T22:17:45.577+0000] {logging_mixin.py:149} INFO - [2026-03-14T22:17:45.577+0000] {dag.py:2726} INFO - Sync 1 DAGs
[2026-03-14T22:17:45.588+0000] {logging_mixin.py:149} INFO - [2026-03-14T22:17:45.588+0000] {dag.py:3490} INFO - Setting next_dagrun for dag_postgres_single_api_test to None, run_after=None
[2026-03-14T22:17:45.599+0000] {processor.py:178} INFO - Processing /opt/airflow/dags/dag.py took 0.049 seconds
[2026-03-14T22:18:15.888+0000] {processor.py:156} INFO - Started process (PID=1227) to work on /opt/airflow/dags/dag.py
[2026-03-14T22:18:15.889+0000] {processor.py:799} INFO - Processing file /opt/airflow/dags/dag.py for tasks to queue
[2026-03-14T22:18:15.891+0000] {logging_mixin.py:149} INFO - [2026-03-14T22:18:15.891+0000] {dagbag.py:541} INFO - Filling up the DagBag from /opt/airflow/dags/dag.py
[2026-03-14T22:18:15.902+0000] {processor.py:809} INFO - DAG(s) dict_keys(['dag_postgres_single_api_test']) retrieved from /opt/airflow/dags/dag.py
[2026-03-14T22:18:15.921+0000] {logging_mixin.py:149} INFO - [2026-03-14T22:18:15.921+0000] {dag.py:2726} INFO - Sync 1 DAGs
[2026-03-14T22:18:15.936+0000] {logging_mixin.py:149} INFO - [2026-03-14T22:18:15.936+0000] {dag.py:3490} INFO - Setting next_dagrun for dag_postgres_single_api_test to None, run_after=None
[2026-03-14T22:18:15.946+0000] {processor.py:178} INFO - Processing /opt/airflow/dags/dag.py took 0.061 seconds
[2026-03-14T22:18:46.271+0000] {processor.py:156} INFO - Started process (PID=1259) to work on /opt/airflow/dags/dag.py
[2026-03-14T22:18:46.272+0000] {processor.py:799} INFO - Processing file /opt/airflow/dags/dag.py for tasks to queue
[2026-03-14T22:18:46.275+0000] {logging_mixin.py:149} INFO - [2026-03-14T22:18:46.275+0000] {dagbag.py:541} INFO - Filling up the DagBag from /opt/airflow/dags/dag.py
[2026-03-14T22:18:46.286+0000] {processor.py:809} INFO - DAG(s) dict_keys(['dag_postgres_single_api_test']) retrieved from /opt/airflow/dags/dag.py
[2026-03-14T22:18:46.309+0000] {logging_mixin.py:149} INFO - [2026-03-14T22:18:46.308+0000] {dag.py:2726} INFO - Sync 1 DAGs
[2026-03-14T22:18:46.321+0000] {logging_mixin.py:149} INFO - [2026-03-14T22:18:46.321+0000] {dag.py:3490} INFO - Setting next_dagrun for dag_postgres_single_api_test to None, run_after=None
[2026-03-14T22:18:46.332+0000] {processor.py:178} INFO - Processing /opt/airflow/dags/dag.py took 0.065 seconds
[2026-03-14T22:19:16.630+0000] {processor.py:156} INFO - Started process (PID=1291) to work on /opt/airflow/dags/dag.py
[2026-03-14T22:19:16.631+0000] {processor.py:799} INFO - Processing file /opt/airflow/dags/dag.py for tasks to queue
[2026-03-14T22:19:16.634+0000] {logging_mixin.py:149} INFO - [2026-03-14T22:19:16.634+0000] {dagbag.py:541} INFO - Filling up the DagBag from /opt/airflow/dags/dag.py
[2026-03-14T22:19:16.643+0000] {processor.py:809} INFO - DAG(s) dict_keys(['dag_postgres_single_api_test']) retrieved from /opt/airflow/dags/dag.py
[2026-03-14T22:19:16.665+0000] {logging_mixin.py:149} INFO - [2026-03-14T22:19:16.665+0000] {dag.py:2726} INFO - Sync 1 DAGs
[2026-03-14T22:19:16.678+0000] {logging_mixin.py:149} INFO - [2026-03-14T22:19:16.678+0000] {dag.py:3490} INFO - Setting next_dagrun for dag_postgres_single_api_test to None, run_after=None
[2026-03-14T22:19:16.689+0000] {processor.py:178} INFO - Processing /opt/airflow/dags/dag.py took 0.062 seconds
[2026-03-14T22:19:47.005+0000] {processor.py:156} INFO - Started process (PID=1323) to work on /opt/airflow/dags/dag.py
[2026-03-14T22:19:47.006+0000] {processor.py:799} INFO - Processing file /opt/airflow/dags/dag.py for tasks to queue
[2026-03-14T22:19:47.008+0000] {logging_mixin.py:149} INFO - [2026-03-14T22:19:47.008+0000] {dagbag.py:541} INFO - Filling up the DagBag from /opt/airflow/dags/dag.py
[2026-03-14T22:19:47.019+0000] {processor.py:809} INFO - DAG(s) dict_keys(['dag_postgres_single_api_test']) retrieved from /opt/airflow/dags/dag.py
[2026-03-14T22:19:47.039+0000] {logging_mixin.py:149} INFO - [2026-03-14T22:19:47.039+0000] {dag.py:2726} INFO - Sync 1 DAGs
[2026-03-14T22:19:47.052+0000] {logging_mixin.py:149} INFO - [2026-03-14T22:19:47.052+0000] {dag.py:3490} INFO - Setting next_dagrun for dag_postgres_single_api_test to None, run_after=None
[2026-03-14T22:19:47.061+0000] {processor.py:178} INFO - Processing /opt/airflow/dags/dag.py took 0.060 seconds
[2026-03-14T22:20:17.345+0000] {processor.py:156} INFO - Started process (PID=1355) to work on /opt/airflow/dags/dag.py
[2026-03-14T22:20:17.346+0000] {processor.py:799} INFO - Processing file /opt/airflow/dags/dag.py for tasks to queue
[2026-03-14T22:20:17.347+0000] {logging_mixin.py:149} INFO - [2026-03-14T22:20:17.347+0000] {dagbag.py:541} INFO - Filling up the DagBag from /opt/airflow/dags/dag.py
[2026-03-14T22:20:17.356+0000] {processor.py:809} INFO - DAG(s) dict_keys(['dag_postgres_single_api_test']) retrieved from /opt/airflow/dags/dag.py
[2026-03-14T22:20:17.376+0000] {logging_mixin.py:149} INFO - [2026-03-14T22:20:17.376+0000] {dag.py:2726} INFO - Sync 1 DAGs
[2026-03-14T22:20:17.388+0000] {logging_mixin.py:149} INFO - [2026-03-14T22:20:17.388+0000] {dag.py:3490} INFO - Setting next_dagrun for dag_postgres_single_api_test to None, run_after=None
[2026-03-14T22:20:17.401+0000] {processor.py:178} INFO - Processing /opt/airflow/dags/dag.py took 0.059 seconds
[2026-03-14T22:20:47.671+0000] {processor.py:156} INFO - Started process (PID=1387) to work on /opt/airflow/dags/dag.py
[2026-03-14T22:20:47.673+0000] {processor.py:799} INFO - Processing file /opt/airflow/dags/dag.py for tasks to queue
[2026-03-14T22:20:47.673+0000] {logging_mixin.py:149} INFO - [2026-03-14T22:20:47.673+0000] {dagbag.py:541} INFO - Filling up the DagBag from /opt/airflow/dags/dag.py
[2026-03-14T22:20:47.684+0000] {processor.py:809} INFO - DAG(s) dict_keys(['dag_postgres_single_api_test']) retrieved from /opt/airflow/dags/dag.py
[2026-03-14T22:20:47.705+0000] {logging_mixin.py:149} INFO - [2026-03-14T22:20:47.705+0000] {dag.py:2726} INFO - Sync 1 DAGs
[2026-03-14T22:20:47.717+0000] {logging_mixin.py:149} INFO - [2026-03-14T22:20:47.717+0000] {dag.py:3490} INFO - Setting next_dagrun for dag_postgres_single_api_test to None, run_after=None
[2026-03-14T22:20:47.729+0000] {processor.py:178} INFO - Processing /opt/airflow/dags/dag.py took 0.060 seconds
[2026-03-14T22:21:17.971+0000] {processor.py:156} INFO - Started process (PID=1419) to work on /opt/airflow/dags/dag.py
[2026-03-14T22:21:17.972+0000] {processor.py:799} INFO - Processing file /opt/airflow/dags/dag.py for tasks to queue
[2026-03-14T22:21:17.973+0000] {logging_mixin.py:149} INFO - [2026-03-14T22:21:17.973+0000] {dagbag.py:541} INFO - Filling up the DagBag from /opt/airflow/dags/dag.py
[2026-03-14T22:21:17.980+0000] {processor.py:809} INFO - DAG(s) dict_keys(['dag_postgres_single_api_test']) retrieved from /opt/airflow/dags/dag.py
[2026-03-14T22:21:18.000+0000] {logging_mixin.py:149} INFO - [2026-03-14T22:21:18.000+0000] {dag.py:2726} INFO - Sync 1 DAGs
[2026-03-14T22:21:18.014+0000] {logging_mixin.py:149} INFO - [2026-03-14T22:21:18.013+0000] {dag.py:3490} INFO - Setting next_dagrun for dag_postgres_single_api_test to None, run_after=None
[2026-03-14T22:21:18.024+0000] {processor.py:178} INFO - Processing /opt/airflow/dags/dag.py took 0.056 seconds
[2026-03-14T22:21:48.319+0000] {processor.py:156} INFO - Started process (PID=1451) to work on /opt/airflow/dags/dag.py
[2026-03-14T22:21:48.321+0000] {processor.py:799} INFO - Processing file /opt/airflow/dags/dag.py for tasks to queue
[2026-03-14T22:21:48.322+0000] {logging_mixin.py:149} INFO - [2026-03-14T22:21:48.322+0000] {dagbag.py:541} INFO - Filling up the DagBag from /opt/airflow/dags/dag.py
[2026-03-14T22:21:48.331+0000] {processor.py:809} INFO - DAG(s) dict_keys(['dag_postgres_single_api_test']) retrieved from /opt/airflow/dags/dag.py
[2026-03-14T22:21:48.353+0000] {logging_mixin.py:149} INFO - [2026-03-14T22:21:48.353+0000] {dag.py:2726} INFO - Sync 1 DAGs
[2026-03-14T22:21:48.367+0000] {logging_mixin.py:149} INFO - [2026-03-14T22:21:48.367+0000] {dag.py:3490} INFO - Setting next_dagrun for dag_postgres_single_api_test to None, run_after=None
[2026-03-14T22:21:48.380+0000] {processor.py:178} INFO - Processing /opt/airflow/dags/dag.py took 0.065 seconds
[2026-03-14T22:22:18.680+0000] {processor.py:156} INFO - Started process (PID=1483) to work on /opt/airflow/dags/dag.py
[2026-03-14T22:22:18.683+0000] {processor.py:799} INFO - Processing file /opt/airflow/dags/dag.py for tasks to queue
[2026-03-14T22:22:18.684+0000] {logging_mixin.py:149} INFO - [2026-03-14T22:22:18.684+0000] {dagbag.py:541} INFO - Filling up the DagBag from /opt/airflow/dags/dag.py
[2026-03-14T22:22:18.695+0000] {processor.py:809} INFO - DAG(s) dict_keys(['dag_postgres_single_api_test']) retrieved from /opt/airflow/dags/dag.py
[2026-03-14T22:22:18.717+0000] {logging_mixin.py:149} INFO - [2026-03-14T22:22:18.717+0000] {dag.py:2726} INFO - Sync 1 DAGs
[2026-03-14T22:22:18.732+0000] {logging_mixin.py:149} INFO - [2026-03-14T22:22:18.732+0000] {dag.py:3490} INFO - Setting next_dagrun for dag_postgres_single_api_test to None, run_after=None
[2026-03-14T22:22:18.742+0000] {processor.py:178} INFO - Processing /opt/airflow/dags/dag.py took 0.066 seconds
[2026-03-14T22:22:49.058+0000] {processor.py:156} INFO - Started process (PID=1515) to work on /opt/airflow/dags/dag.py
[2026-03-14T22:22:49.059+0000] {processor.py:799} INFO - Processing file /opt/airflow/dags/dag.py for tasks to queue
[2026-03-14T22:22:49.062+0000] {logging_mixin.py:149} INFO - [2026-03-14T22:22:49.062+0000] {dagbag.py:541} INFO - Filling up the DagBag from /opt/airflow/dags/dag.py
[2026-03-14T22:22:49.070+0000] {processor.py:809} INFO - DAG(s) dict_keys(['dag_postgres_single_api_test']) retrieved from /opt/airflow/dags/dag.py
[2026-03-14T22:22:49.094+0000] {logging_mixin.py:149} INFO - [2026-03-14T22:22:49.094+0000] {dag.py:2726} INFO - Sync 1 DAGs
[2026-03-14T22:22:49.108+0000] {logging_mixin.py:149} INFO - [2026-03-14T22:22:49.108+0000] {dag.py:3490} INFO - Setting next_dagrun for dag_postgres_single_api_test to None, run_after=None
[2026-03-14T22:22:49.117+0000] {processor.py:178} INFO - Processing /opt/airflow/dags/dag.py took 0.062 seconds
[2026-03-14T22:23:19.419+0000] {processor.py:156} INFO - Started process (PID=1547) to work on /opt/airflow/dags/dag.py
[2026-03-14T22:23:19.422+0000] {processor.py:799} INFO - Processing file /opt/airflow/dags/dag.py for tasks to queue
[2026-03-14T22:23:19.422+0000] {logging_mixin.py:149} INFO - [2026-03-14T22:23:19.422+0000] {dagbag.py:541} INFO - Filling up the DagBag from /opt/airflow/dags/dag.py
[2026-03-14T22:23:19.426+0000] {processor.py:809} INFO - DAG(s) dict_keys(['dag_postgres_single_api_test']) retrieved from /opt/airflow/dags/dag.py
[2026-03-14T22:23:19.445+0000] {logging_mixin.py:149} INFO - [2026-03-14T22:23:19.445+0000] {dag.py:2726} INFO - Sync 1 DAGs
[2026-03-14T22:23:19.457+0000] {logging_mixin.py:149} INFO - [2026-03-14T22:23:19.457+0000] {dag.py:3490} INFO - Setting next_dagrun for dag_postgres_single_api_test to None, run_after=None
[2026-03-14T22:23:19.466+0000] {processor.py:178} INFO - Processing /opt/airflow/dags/dag.py took 0.049 seconds
[2026-03-14T22:23:49.739+0000] {processor.py:156} INFO - Started process (PID=1579) to work on /opt/airflow/dags/dag.py
[2026-03-14T22:23:49.741+0000] {processor.py:799} INFO - Processing file /opt/airflow/dags/dag.py for tasks to queue
[2026-03-14T22:23:49.742+0000] {logging_mixin.py:149} INFO - [2026-03-14T22:23:49.742+0000] {dagbag.py:541} INFO - Filling up the DagBag from /opt/airflow/dags/dag.py
[2026-03-14T22:23:49.750+0000] {processor.py:809} INFO - DAG(s) dict_keys(['dag_postgres_single_api_test']) retrieved from /opt/airflow/dags/dag.py
[2026-03-14T22:23:49.771+0000] {logging_mixin.py:149} INFO - [2026-03-14T22:23:49.771+0000] {dag.py:2726} INFO - Sync 1 DAGs
[2026-03-14T22:23:49.783+0000] {logging_mixin.py:149} INFO - [2026-03-14T22:23:49.783+0000] {dag.py:3490} INFO - Setting next_dagrun for dag_postgres_single_api_test to None, run_after=None
[2026-03-14T22:23:49.793+0000] {processor.py:178} INFO - Processing /opt/airflow/dags/dag.py took 0.057 seconds
[2026-03-14T22:24:20.104+0000] {processor.py:156} INFO - Started process (PID=1611) to work on /opt/airflow/dags/dag.py
[2026-03-14T22:24:20.106+0000] {processor.py:799} INFO - Processing file /opt/airflow/dags/dag.py for tasks to queue
[2026-03-14T22:24:20.106+0000] {logging_mixin.py:149} INFO - [2026-03-14T22:24:20.106+0000] {dagbag.py:541} INFO - Filling up the DagBag from /opt/airflow/dags/dag.py
[2026-03-14T22:24:20.115+0000] {processor.py:809} INFO - DAG(s) dict_keys(['dag_postgres_single_api_test']) retrieved from /opt/airflow/dags/dag.py
[2026-03-14T22:24:20.132+0000] {logging_mixin.py:149} INFO - [2026-03-14T22:24:20.132+0000] {dag.py:2726} INFO - Sync 1 DAGs
[2026-03-14T22:24:20.144+0000] {logging_mixin.py:149} INFO - [2026-03-14T22:24:20.144+0000] {dag.py:3490} INFO - Setting next_dagrun for dag_postgres_single_api_test to None, run_after=None
[2026-03-14T22:24:20.155+0000] {processor.py:178} INFO - Processing /opt/airflow/dags/dag.py took 0.054 seconds
[2026-03-14T22:24:50.456+0000] {processor.py:156} INFO - Started process (PID=1643) to work on /opt/airflow/dags/dag.py
[2026-03-14T22:24:50.457+0000] {processor.py:799} INFO - Processing file /opt/airflow/dags/dag.py for tasks to queue
[2026-03-14T22:24:50.458+0000] {logging_mixin.py:149} INFO - [2026-03-14T22:24:50.458+0000] {dagbag.py:541} INFO - Filling up the DagBag from /opt/airflow/dags/dag.py
[2026-03-14T22:24:50.465+0000] {processor.py:809} INFO - DAG(s) dict_keys(['dag_postgres_single_api_test']) retrieved from /opt/airflow/dags/dag.py
[2026-03-14T22:24:50.486+0000] {logging_mixin.py:149} INFO - [2026-03-14T22:24:50.486+0000] {dag.py:2726} INFO - Sync 1 DAGs
[2026-03-14T22:24:50.502+0000] {logging_mixin.py:149} INFO - [2026-03-14T22:24:50.502+0000] {dag.py:3490} INFO - Setting next_dagrun for dag_postgres_single_api_test to None, run_after=None
[2026-03-14T22:24:50.516+0000] {processor.py:178} INFO - Processing /opt/airflow/dags/dag.py took 0.062 seconds
[2026-03-14T22:25:20.815+0000] {processor.py:156} INFO - Started process (PID=1675) to work on /opt/airflow/dags/dag.py
[2026-03-14T22:25:20.818+0000] {processor.py:799} INFO - Processing file /opt/airflow/dags/dag.py for tasks to queue
[2026-03-14T22:25:20.819+0000] {logging_mixin.py:149} INFO - [2026-03-14T22:25:20.819+0000] {dagbag.py:541} INFO - Filling up the DagBag from /opt/airflow/dags/dag.py
[2026-03-14T22:25:20.829+0000] {processor.py:809} INFO - DAG(s) dict_keys(['dag_postgres_single_api_test']) retrieved from /opt/airflow/dags/dag.py
[2026-03-14T22:25:20.851+0000] {logging_mixin.py:149} INFO - [2026-03-14T22:25:20.851+0000] {dag.py:2726} INFO - Sync 1 DAGs
[2026-03-14T22:25:20.863+0000] {logging_mixin.py:149} INFO - [2026-03-14T22:25:20.863+0000] {dag.py:3490} INFO - Setting next_dagrun for dag_postgres_single_api_test to None, run_after=None
[2026-03-14T22:25:20.874+0000] {processor.py:178} INFO - Processing /opt/airflow/dags/dag.py took 0.062 seconds
[2026-03-14T22:25:51.158+0000] {processor.py:156} INFO - Started process (PID=1707) to work on /opt/airflow/dags/dag.py
[2026-03-14T22:25:51.160+0000] {processor.py:799} INFO - Processing file /opt/airflow/dags/dag.py for tasks to queue
[2026-03-14T22:25:51.160+0000] {logging_mixin.py:149} INFO - [2026-03-14T22:25:51.160+0000] {dagbag.py:541} INFO - Filling up the DagBag from /opt/airflow/dags/dag.py
[2026-03-14T22:25:51.169+0000] {processor.py:809} INFO - DAG(s) dict_keys(['dag_postgres_single_api_test']) retrieved from /opt/airflow/dags/dag.py
[2026-03-14T22:25:51.188+0000] {logging_mixin.py:149} INFO - [2026-03-14T22:25:51.188+0000] {dag.py:2726} INFO - Sync 1 DAGs
[2026-03-14T22:25:51.207+0000] {logging_mixin.py:149} INFO - [2026-03-14T22:25:51.207+0000] {dag.py:3490} INFO - Setting next_dagrun for dag_postgres_single_api_test to None, run_after=None
[2026-03-14T22:25:51.218+0000] {processor.py:178} INFO - Processing /opt/airflow/dags/dag.py took 0.063 seconds
[2026-03-14T22:26:21.505+0000] {processor.py:156} INFO - Started process (PID=1739) to work on /opt/airflow/dags/dag.py
[2026-03-14T22:26:21.507+0000] {processor.py:799} INFO - Processing file /opt/airflow/dags/dag.py for tasks to queue
[2026-03-14T22:26:21.508+0000] {logging_mixin.py:149} INFO - [2026-03-14T22:26:21.508+0000] {dagbag.py:541} INFO - Filling up the DagBag from /opt/airflow/dags/dag.py
[2026-03-14T22:26:21.514+0000] {processor.py:809} INFO - DAG(s) dict_keys(['dag_postgres_single_api_test']) retrieved from /opt/airflow/dags/dag.py
[2026-03-14T22:26:21.531+0000] {logging_mixin.py:149} INFO - [2026-03-14T22:26:21.531+0000] {dag.py:2726} INFO - Sync 1 DAGs
[2026-03-14T22:26:21.542+0000] {logging_mixin.py:149} INFO - [2026-03-14T22:26:21.542+0000] {dag.py:3490} INFO - Setting next_dagrun for dag_postgres_single_api_test to None, run_after=None
[2026-03-14T22:26:21.554+0000] {processor.py:178} INFO - Processing /opt/airflow/dags/dag.py took 0.051 seconds
[2026-03-14T22:26:51.864+0000] {processor.py:156} INFO - Started process (PID=1771) to work on /opt/airflow/dags/dag.py
[2026-03-14T22:26:51.865+0000] {processor.py:799} INFO - Processing file /opt/airflow/dags/dag.py for tasks to queue
[2026-03-14T22:26:51.869+0000] {logging_mixin.py:149} INFO - [2026-03-14T22:26:51.869+0000] {dagbag.py:541} INFO - Filling up the DagBag from /opt/airflow/dags/dag.py
[2026-03-14T22:26:51.877+0000] {processor.py:809} INFO - DAG(s) dict_keys(['dag_postgres_single_api_test']) retrieved from /opt/airflow/dags/dag.py
[2026-03-14T22:26:51.896+0000] {logging_mixin.py:149} INFO - [2026-03-14T22:26:51.896+0000] {dag.py:2726} INFO - Sync 1 DAGs
[2026-03-14T22:26:51.910+0000] {logging_mixin.py:149} INFO - [2026-03-14T22:26:51.910+0000] {dag.py:3490} INFO - Setting next_dagrun for dag_postgres_single_api_test to None, run_after=None
[2026-03-14T22:26:51.919+0000] {processor.py:178} INFO - Processing /opt/airflow/dags/dag.py took 0.058 seconds
[2026-03-14T22:27:22.276+0000] {processor.py:156} INFO - Started process (PID=1803) to work on /opt/airflow/dags/dag.py
[2026-03-14T22:27:22.278+0000] {processor.py:799} INFO - Processing file /opt/airflow/dags/dag.py for tasks to queue
[2026-03-14T22:27:22.280+0000] {logging_mixin.py:149} INFO - [2026-03-14T22:27:22.279+0000] {dagbag.py:541} INFO - Filling up the DagBag from /opt/airflow/dags/dag.py
[2026-03-14T22:27:22.292+0000] {processor.py:809} INFO - DAG(s) dict_keys(['dag_postgres_single_api_test']) retrieved from /opt/airflow/dags/dag.py
[2026-03-14T22:27:22.310+0000] {logging_mixin.py:149} INFO - [2026-03-14T22:27:22.310+0000] {dag.py:2726} INFO - Sync 1 DAGs
[2026-03-14T22:27:22.326+0000] {logging_mixin.py:149} INFO - [2026-03-14T22:27:22.325+0000] {dag.py:3490} INFO - Setting next_dagrun for dag_postgres_single_api_test to None, run_after=None
[2026-03-14T22:27:22.335+0000] {processor.py:178} INFO - Processing /opt/airflow/dags/dag.py took 0.062 seconds
[2026-03-14T22:27:52.644+0000] {processor.py:156} INFO - Started process (PID=1835) to work on /opt/airflow/dags/dag.py
[2026-03-14T22:27:52.645+0000] {processor.py:799} INFO - Processing file /opt/airflow/dags/dag.py for tasks to queue
[2026-03-14T22:27:52.647+0000] {logging_mixin.py:149} INFO - [2026-03-14T22:27:52.647+0000] {dagbag.py:541} INFO - Filling up the DagBag from /opt/airflow/dags/dag.py
[2026-03-14T22:27:52.654+0000] {processor.py:809} INFO - DAG(s) dict_keys(['dag_postgres_single_api_test']) retrieved from /opt/airflow/dags/dag.py
[2026-03-14T22:27:52.674+0000] {logging_mixin.py:149} INFO - [2026-03-14T22:27:52.674+0000] {dag.py:2726} INFO - Sync 1 DAGs
[2026-03-14T22:27:52.690+0000] {logging_mixin.py:149} INFO - [2026-03-14T22:27:52.690+0000] {dag.py:3490} INFO - Setting next_dagrun for dag_postgres_single_api_test to None, run_after=None
[2026-03-14T22:27:52.703+0000] {processor.py:178} INFO - Processing /opt/airflow/dags/dag.py took 0.061 seconds
[2026-03-14T22:28:22.977+0000] {processor.py:156} INFO - Started process (PID=1867) to work on /opt/airflow/dags/dag.py
[2026-03-14T22:28:22.978+0000] {processor.py:799} INFO - Processing file /opt/airflow/dags/dag.py for tasks to queue
[2026-03-14T22:28:22.979+0000] {logging_mixin.py:149} INFO - [2026-03-14T22:28:22.979+0000] {dagbag.py:541} INFO - Filling up the DagBag from /opt/airflow/dags/dag.py
[2026-03-14T22:28:22.989+0000] {processor.py:809} INFO - DAG(s) dict_keys(['dag_postgres_single_api_test']) retrieved from /opt/airflow/dags/dag.py
[2026-03-14T22:28:23.007+0000] {logging_mixin.py:149} INFO - [2026-03-14T22:28:23.007+0000] {dag.py:2726} INFO - Sync 1 DAGs
[2026-03-14T22:28:23.021+0000] {logging_mixin.py:149} INFO - [2026-03-14T22:28:23.021+0000] {dag.py:3490} INFO - Setting next_dagrun for dag_postgres_single_api_test to None, run_after=None
[2026-03-14T22:28:23.034+0000] {processor.py:178} INFO - Processing /opt/airflow/dags/dag.py took 0.058 seconds
[2026-03-14T22:28:53.342+0000] {processor.py:156} INFO - Started process (PID=1899) to work on /opt/airflow/dags/dag.py
[2026-03-14T22:28:53.343+0000] {processor.py:799} INFO - Processing file /opt/airflow/dags/dag.py for tasks to queue
[2026-03-14T22:28:53.344+0000] {logging_mixin.py:149} INFO - [2026-03-14T22:28:53.344+0000] {dagbag.py:541} INFO - Filling up the DagBag from /opt/airflow/dags/dag.py
[2026-03-14T22:28:53.356+0000] {processor.py:809} INFO - DAG(s) dict_keys(['dag_postgres_single_api_test']) retrieved from /opt/airflow/dags/dag.py
[2026-03-14T22:28:53.375+0000] {logging_mixin.py:149} INFO - [2026-03-14T22:28:53.375+0000] {dag.py:2726} INFO - Sync 1 DAGs
[2026-03-14T22:28:53.387+0000] {logging_mixin.py:149} INFO - [2026-03-14T22:28:53.387+0000] {dag.py:3490} INFO - Setting next_dagrun for dag_postgres_single_api_test to None, run_after=None
[2026-03-14T22:28:53.398+0000] {processor.py:178} INFO - Processing /opt/airflow/dags/dag.py took 0.059 seconds
[2026-03-14T22:29:23.652+0000] {processor.py:156} INFO - Started process (PID=1930) to work on /opt/airflow/dags/dag.py
[2026-03-14T22:29:23.654+0000] {processor.py:799} INFO - Processing file /opt/airflow/dags/dag.py for tasks to queue
[2026-03-14T22:29:23.655+0000] {logging_mixin.py:149} INFO - [2026-03-14T22:29:23.654+0000] {dagbag.py:541} INFO - Filling up the DagBag from /opt/airflow/dags/dag.py
[2026-03-14T22:29:23.666+0000] {processor.py:809} INFO - DAG(s) dict_keys(['dag_postgres_single_api_test']) retrieved from /opt/airflow/dags/dag.py
[2026-03-14T22:29:23.684+0000] {logging_mixin.py:149} INFO - [2026-03-14T22:29:23.684+0000] {dag.py:2726} INFO - Sync 1 DAGs
[2026-03-14T22:29:23.696+0000] {logging_mixin.py:149} INFO - [2026-03-14T22:29:23.696+0000] {dag.py:3490} INFO - Setting next_dagrun for dag_postgres_single_api_test to None, run_after=None
[2026-03-14T22:29:23.706+0000] {processor.py:178} INFO - Processing /opt/airflow/dags/dag.py took 0.057 seconds
[2026-03-14T22:29:54.020+0000] {processor.py:156} INFO - Started process (PID=1962) to work on /opt/airflow/dags/dag.py
[2026-03-14T22:29:54.021+0000] {processor.py:799} INFO - Processing file /opt/airflow/dags/dag.py for tasks to queue
[2026-03-14T22:29:54.024+0000] {logging_mixin.py:149} INFO - [2026-03-14T22:29:54.024+0000] {dagbag.py:541} INFO - Filling up the DagBag from /opt/airflow/dags/dag.py
[2026-03-14T22:29:54.032+0000] {processor.py:809} INFO - DAG(s) dict_keys(['dag_postgres_single_api_test']) retrieved from /opt/airflow/dags/dag.py
[2026-03-14T22:29:54.053+0000] {logging_mixin.py:149} INFO - [2026-03-14T22:29:54.053+0000] {dag.py:2726} INFO - Sync 1 DAGs
[2026-03-14T22:29:54.067+0000] {logging_mixin.py:149} INFO - [2026-03-14T22:29:54.067+0000] {dag.py:3490} INFO - Setting next_dagrun for dag_postgres_single_api_test to None, run_after=None
[2026-03-14T22:29:54.078+0000] {processor.py:178} INFO - Processing /opt/airflow/dags/dag.py took 0.061 seconds
[2026-03-14T22:30:24.378+0000] {processor.py:156} INFO - Started process (PID=1994) to work on /opt/airflow/dags/dag.py
[2026-03-14T22:30:24.379+0000] {processor.py:799} INFO - Processing file /opt/airflow/dags/dag.py for tasks to queue
[2026-03-14T22:30:24.380+0000] {logging_mixin.py:149} INFO - [2026-03-14T22:30:24.380+0000] {dagbag.py:541} INFO - Filling up the DagBag from /opt/airflow/dags/dag.py
[2026-03-14T22:30:24.387+0000] {processor.py:809} INFO - DAG(s) dict_keys(['dag_postgres_single_api_test']) retrieved from /opt/airflow/dags/dag.py
[2026-03-14T22:30:24.405+0000] {logging_mixin.py:149} INFO - [2026-03-14T22:30:24.405+0000] {dag.py:2726} INFO - Sync 1 DAGs
[2026-03-14T22:30:24.417+0000] {logging_mixin.py:149} INFO - [2026-03-14T22:30:24.417+0000] {dag.py:3490} INFO - Setting next_dagrun for dag_postgres_single_api_test to None, run_after=None
[2026-03-14T22:30:24.427+0000] {processor.py:178} INFO - Processing /opt/airflow/dags/dag.py took 0.050 seconds
[2026-03-14T22:30:54.727+0000] {processor.py:156} INFO - Started process (PID=2026) to work on /opt/airflow/dags/dag.py
[2026-03-14T22:30:54.732+0000] {processor.py:799} INFO - Processing file /opt/airflow/dags/dag.py for tasks to queue
[2026-03-14T22:30:54.732+0000] {logging_mixin.py:149} INFO - [2026-03-14T22:30:54.732+0000] {dagbag.py:541} INFO - Filling up the DagBag from /opt/airflow/dags/dag.py
[2026-03-14T22:30:54.740+0000] {processor.py:809} INFO - DAG(s) dict_keys(['dag_postgres_single_api_test']) retrieved from /opt/airflow/dags/dag.py
[2026-03-14T22:30:54.761+0000] {logging_mixin.py:149} INFO - [2026-03-14T22:30:54.761+0000] {dag.py:2726} INFO - Sync 1 DAGs
[2026-03-14T22:30:54.775+0000] {logging_mixin.py:149} INFO - [2026-03-14T22:30:54.775+0000] {dag.py:3490} INFO - Setting next_dagrun for dag_postgres_single_api_test to None, run_after=None
[2026-03-14T22:30:54.785+0000] {processor.py:178} INFO - Processing /opt/airflow/dags/dag.py took 0.061 seconds
[2026-03-14T22:31:25.091+0000] {processor.py:156} INFO - Started process (PID=2058) to work on /opt/airflow/dags/dag.py
[2026-03-14T22:31:25.093+0000] {processor.py:799} INFO - Processing file /opt/airflow/dags/dag.py for tasks to queue
[2026-03-14T22:31:25.094+0000] {logging_mixin.py:149} INFO - [2026-03-14T22:31:25.094+0000] {dagbag.py:541} INFO - Filling up the DagBag from /opt/airflow/dags/dag.py
[2026-03-14T22:31:25.105+0000] {processor.py:809} INFO - DAG(s) dict_keys(['dag_postgres_single_api_test']) retrieved from /opt/airflow/dags/dag.py
[2026-03-14T22:31:25.131+0000] {logging_mixin.py:149} INFO - [2026-03-14T22:31:25.131+0000] {dag.py:2726} INFO - Sync 1 DAGs
[2026-03-14T22:31:25.144+0000] {logging_mixin.py:149} INFO - [2026-03-14T22:31:25.144+0000] {dag.py:3490} INFO - Setting next_dagrun for dag_postgres_single_api_test to None, run_after=None
[2026-03-14T22:31:25.156+0000] {processor.py:178} INFO - Processing /opt/airflow/dags/dag.py took 0.068 seconds
[2026-03-14T22:31:55.466+0000] {processor.py:156} INFO - Started process (PID=2090) to work on /opt/airflow/dags/dag.py
[2026-03-14T22:31:55.467+0000] {processor.py:799} INFO - Processing file /opt/airflow/dags/dag.py for tasks to queue
[2026-03-14T22:31:55.470+0000] {logging_mixin.py:149} INFO - [2026-03-14T22:31:55.470+0000] {dagbag.py:541} INFO - Filling up the DagBag from /opt/airflow/dags/dag.py
[2026-03-14T22:31:55.477+0000] {processor.py:809} INFO - DAG(s) dict_keys(['dag_postgres_single_api_test']) retrieved from /opt/airflow/dags/dag.py
[2026-03-14T22:31:55.493+0000] {logging_mixin.py:149} INFO - [2026-03-14T22:31:55.493+0000] {dag.py:2726} INFO - Sync 1 DAGs
[2026-03-14T22:31:55.505+0000] {logging_mixin.py:149} INFO - [2026-03-14T22:31:55.505+0000] {dag.py:3490} INFO - Setting next_dagrun for dag_postgres_single_api_test to None, run_after=None
[2026-03-14T22:31:55.515+0000] {processor.py:178} INFO - Processing /opt/airflow/dags/dag.py took 0.052 seconds
[2026-03-14T22:32:25.841+0000] {processor.py:156} INFO - Started process (PID=2122) to work on /opt/airflow/dags/dag.py
[2026-03-14T22:32:25.844+0000] {processor.py:799} INFO - Processing file /opt/airflow/dags/dag.py for tasks to queue
[2026-03-14T22:32:25.845+0000] {logging_mixin.py:149} INFO - [2026-03-14T22:32:25.845+0000] {dagbag.py:541} INFO - Filling up the DagBag from /opt/airflow/dags/dag.py
[2026-03-14T22:32:25.854+0000] {processor.py:809} INFO - DAG(s) dict_keys(['dag_postgres_single_api_test']) retrieved from /opt/airflow/dags/dag.py
[2026-03-14T22:32:25.874+0000] {logging_mixin.py:149} INFO - [2026-03-14T22:32:25.874+0000] {dag.py:2726} INFO - Sync 1 DAGs
[2026-03-14T22:32:25.889+0000] {logging_mixin.py:149} INFO - [2026-03-14T22:32:25.888+0000] {dag.py:3490} INFO - Setting next_dagrun for dag_postgres_single_api_test to None, run_after=None
[2026-03-14T22:32:25.899+0000] {processor.py:178} INFO - Processing /opt/airflow/dags/dag.py took 0.062 seconds
[2026-03-14T22:32:56.182+0000] {processor.py:156} INFO - Started process (PID=2154) to work on /opt/airflow/dags/dag.py
[2026-03-14T22:32:56.184+0000] {processor.py:799} INFO - Processing file /opt/airflow/dags/dag.py for tasks to queue
[2026-03-14T22:32:56.184+0000] {logging_mixin.py:149} INFO - [2026-03-14T22:32:56.184+0000] {dagbag.py:541} INFO - Filling up the DagBag from /opt/airflow/dags/dag.py
[2026-03-14T22:32:56.193+0000] {processor.py:809} INFO - DAG(s) dict_keys(['dag_postgres_single_api_test']) retrieved from /opt/airflow/dags/dag.py
[2026-03-14T22:32:56.217+0000] {logging_mixin.py:149} INFO - [2026-03-14T22:32:56.216+0000] {dag.py:2726} INFO - Sync 1 DAGs
[2026-03-14T22:32:56.231+0000] {logging_mixin.py:149} INFO - [2026-03-14T22:32:56.231+0000] {dag.py:3490} INFO - Setting next_dagrun for dag_postgres_single_api_test to None, run_after=None
[2026-03-14T22:32:56.241+0000] {processor.py:178} INFO - Processing /opt/airflow/dags/dag.py took 0.062 seconds
[2026-03-14T22:33:26.509+0000] {processor.py:156} INFO - Started process (PID=2186) to work on /opt/airflow/dags/dag.py
[2026-03-14T22:33:26.511+0000] {processor.py:799} INFO - Processing file /opt/airflow/dags/dag.py for tasks to queue
[2026-03-14T22:33:26.512+0000] {logging_mixin.py:149} INFO - [2026-03-14T22:33:26.512+0000] {dagbag.py:541} INFO - Filling up the DagBag from /opt/airflow/dags/dag.py
[2026-03-14T22:33:26.522+0000] {processor.py:809} INFO - DAG(s) dict_keys(['dag_postgres_single_api_test']) retrieved from /opt/airflow/dags/dag.py
[2026-03-14T22:33:26.545+0000] {logging_mixin.py:149} INFO - [2026-03-14T22:33:26.545+0000] {dag.py:2726} INFO - Sync 1 DAGs
[2026-03-14T22:33:26.559+0000] {logging_mixin.py:149} INFO - [2026-03-14T22:33:26.559+0000] {dag.py:3490} INFO - Setting next_dagrun for dag_postgres_single_api_test to None, run_after=None
[2026-03-14T22:33:26.571+0000] {processor.py:178} INFO - Processing /opt/airflow/dags/dag.py took 0.064 seconds
[2026-03-14T22:33:56.902+0000] {processor.py:156} INFO - Started process (PID=2218) to work on /opt/airflow/dags/dag.py
[2026-03-14T22:33:56.904+0000] {processor.py:799} INFO - Processing file /opt/airflow/dags/dag.py for tasks to queue
[2026-03-14T22:33:56.905+0000] {logging_mixin.py:149} INFO - [2026-03-14T22:33:56.905+0000] {dagbag.py:541} INFO - Filling up the DagBag from /opt/airflow/dags/dag.py
[2026-03-14T22:33:56.915+0000] {processor.py:809} INFO - DAG(s) dict_keys(['dag_postgres_single_api_test']) retrieved from /opt/airflow/dags/dag.py
[2026-03-14T22:33:56.941+0000] {logging_mixin.py:149} INFO - [2026-03-14T22:33:56.941+0000] {dag.py:2726} INFO - Sync 1 DAGs
[2026-03-14T22:33:56.956+0000] {logging_mixin.py:149} INFO - [2026-03-14T22:33:56.956+0000] {dag.py:3490} INFO - Setting next_dagrun for dag_postgres_single_api_test to None, run_after=None
[2026-03-14T22:33:56.973+0000] {processor.py:178} INFO - Processing /opt/airflow/dags/dag.py took 0.075 seconds
[2026-03-14T22:34:27.307+0000] {processor.py:156} INFO - Started process (PID=2249) to work on /opt/airflow/dags/dag.py
[2026-03-14T22:34:27.310+0000] {processor.py:799} INFO - Processing file /opt/airflow/dags/dag.py for tasks to queue
[2026-03-14T22:34:27.310+0000] {logging_mixin.py:149} INFO - [2026-03-14T22:34:27.310+0000] {dagbag.py:541} INFO - Filling up the DagBag from /opt/airflow/dags/dag.py
[2026-03-14T22:34:27.318+0000] {processor.py:809} INFO - DAG(s) dict_keys(['dag_postgres_single_api_test']) retrieved from /opt/airflow/dags/dag.py
[2026-03-14T22:34:27.337+0000] {logging_mixin.py:149} INFO - [2026-03-14T22:34:27.337+0000] {dag.py:2726} INFO - Sync 1 DAGs
[2026-03-14T22:34:27.349+0000] {logging_mixin.py:149} INFO - [2026-03-14T22:34:27.349+0000] {dag.py:3490} INFO - Setting next_dagrun for dag_postgres_single_api_test to None, run_after=None
[2026-03-14T22:34:27.359+0000] {processor.py:178} INFO - Processing /opt/airflow/dags/dag.py took 0.055 seconds
[2026-03-14T22:34:57.661+0000] {processor.py:156} INFO - Started process (PID=2281) to work on /opt/airflow/dags/dag.py
[2026-03-14T22:34:57.664+0000] {processor.py:799} INFO - Processing file /opt/airflow/dags/dag.py for tasks to queue
[2026-03-14T22:34:57.665+0000] {logging_mixin.py:149} INFO - [2026-03-14T22:34:57.665+0000] {dagbag.py:541} INFO - Filling up the DagBag from /opt/airflow/dags/dag.py
[2026-03-14T22:34:57.673+0000] {processor.py:809} INFO - DAG(s) dict_keys(['dag_postgres_single_api_test']) retrieved from /opt/airflow/dags/dag.py
[2026-03-14T22:34:57.693+0000] {logging_mixin.py:149} INFO - [2026-03-14T22:34:57.693+0000] {dag.py:2726} INFO - Sync 1 DAGs
[2026-03-14T22:34:57.710+0000] {logging_mixin.py:149} INFO - [2026-03-14T22:34:57.709+0000] {dag.py:3490} INFO - Setting next_dagrun for dag_postgres_single_api_test to None, run_after=None
[2026-03-14T22:34:57.768+0000] {processor.py:178} INFO - Processing /opt/airflow/dags/dag.py took 0.111 seconds
[2026-03-14T22:35:28.087+0000] {processor.py:156} INFO - Started process (PID=2313) to work on /opt/airflow/dags/dag.py
[2026-03-14T22:35:28.089+0000] {processor.py:799} INFO - Processing file /opt/airflow/dags/dag.py for tasks to queue
[2026-03-14T22:35:28.089+0000] {logging_mixin.py:149} INFO - [2026-03-14T22:35:28.089+0000] {dagbag.py:541} INFO - Filling up the DagBag from /opt/airflow/dags/dag.py
[2026-03-14T22:35:28.093+0000] {processor.py:809} INFO - DAG(s) dict_keys(['dag_postgres_single_api_test']) retrieved from /opt/airflow/dags/dag.py
[2026-03-14T22:35:28.162+0000] {logging_mixin.py:149} INFO - [2026-03-14T22:35:28.162+0000] {dag.py:2726} INFO - Sync 1 DAGs
[2026-03-14T22:35:28.173+0000] {logging_mixin.py:149} INFO - [2026-03-14T22:35:28.172+0000] {dag.py:3490} INFO - Setting next_dagrun for dag_postgres_single_api_test to None, run_after=None
[2026-03-14T22:35:28.181+0000] {processor.py:178} INFO - Processing /opt/airflow/dags/dag.py took 0.095 seconds
[2026-03-14T22:35:58.562+0000] {processor.py:156} INFO - Started process (PID=2345) to work on /opt/airflow/dags/dag.py
[2026-03-14T22:35:58.563+0000] {processor.py:799} INFO - Processing file /opt/airflow/dags/dag.py for tasks to queue
[2026-03-14T22:35:58.565+0000] {logging_mixin.py:149} INFO - [2026-03-14T22:35:58.565+0000] {dagbag.py:541} INFO - Filling up the DagBag from /opt/airflow/dags/dag.py
[2026-03-14T22:35:58.571+0000] {processor.py:809} INFO - DAG(s) dict_keys(['dag_postgres_single_api_test']) retrieved from /opt/airflow/dags/dag.py
[2026-03-14T22:35:58.590+0000] {logging_mixin.py:149} INFO - [2026-03-14T22:35:58.590+0000] {dag.py:2726} INFO - Sync 1 DAGs
[2026-03-14T22:35:58.605+0000] {logging_mixin.py:149} INFO - [2026-03-14T22:35:58.605+0000] {dag.py:3490} INFO - Setting next_dagrun for dag_postgres_single_api_test to None, run_after=None
[2026-03-14T22:35:58.617+0000] {processor.py:178} INFO - Processing /opt/airflow/dags/dag.py took 0.058 seconds
[2026-03-14T22:36:28.907+0000] {processor.py:156} INFO - Started process (PID=2377) to work on /opt/airflow/dags/dag.py
[2026-03-14T22:36:28.908+0000] {processor.py:799} INFO - Processing file /opt/airflow/dags/dag.py for tasks to queue
[2026-03-14T22:36:28.908+0000] {logging_mixin.py:149} INFO - [2026-03-14T22:36:28.908+0000] {dagbag.py:541} INFO - Filling up the DagBag from /opt/airflow/dags/dag.py
[2026-03-14T22:36:28.913+0000] {processor.py:809} INFO - DAG(s) dict_keys(['dag_postgres_single_api_test']) retrieved from /opt/airflow/dags/dag.py
[2026-03-14T22:36:28.931+0000] {logging_mixin.py:149} INFO - [2026-03-14T22:36:28.931+0000] {dag.py:2726} INFO - Sync 1 DAGs
[2026-03-14T22:36:28.946+0000] {logging_mixin.py:149} INFO - [2026-03-14T22:36:28.946+0000] {dag.py:3490} INFO - Setting next_dagrun for dag_postgres_single_api_test to None, run_after=None
[2026-03-14T22:36:28.956+0000] {processor.py:178} INFO - Processing /opt/airflow/dags/dag.py took 0.051 seconds
[2026-03-14T22:36:59.258+0000] {processor.py:156} INFO - Started process (PID=2469) to work on /opt/airflow/dags/dag.py
[2026-03-14T22:36:59.258+0000] {processor.py:799} INFO - Processing file /opt/airflow/dags/dag.py for tasks to queue
[2026-03-14T22:36:59.260+0000] {logging_mixin.py:149} INFO - [2026-03-14T22:36:59.260+0000] {dagbag.py:541} INFO - Filling up the DagBag from /opt/airflow/dags/dag.py
[2026-03-14T22:36:59.267+0000] {processor.py:809} INFO - DAG(s) dict_keys(['dag_postgres_single_api_test']) retrieved from /opt/airflow/dags/dag.py
[2026-03-14T22:36:59.287+0000] {logging_mixin.py:149} INFO - [2026-03-14T22:36:59.287+0000] {dag.py:2726} INFO - Sync 1 DAGs
[2026-03-14T22:36:59.299+0000] {logging_mixin.py:149} INFO - [2026-03-14T22:36:59.299+0000] {dag.py:3490} INFO - Setting next_dagrun for dag_postgres_single_api_test to None, run_after=None
[2026-03-14T22:36:59.310+0000] {processor.py:178} INFO - Processing /opt/airflow/dags/dag.py took 0.056 seconds
[2026-03-14T22:37:29.567+0000] {processor.py:156} INFO - Started process (PID=2501) to work on /opt/airflow/dags/dag.py
[2026-03-14T22:37:29.569+0000] {processor.py:799} INFO - Processing file /opt/airflow/dags/dag.py for tasks to queue
[2026-03-14T22:37:29.570+0000] {logging_mixin.py:149} INFO - [2026-03-14T22:37:29.570+0000] {dagbag.py:541} INFO - Filling up the DagBag from /opt/airflow/dags/dag.py
[2026-03-14T22:37:29.573+0000] {processor.py:809} INFO - DAG(s) dict_keys(['dag_postgres_single_api_test']) retrieved from /opt/airflow/dags/dag.py
[2026-03-14T22:37:29.590+0000] {logging_mixin.py:149} INFO - [2026-03-14T22:37:29.590+0000] {dag.py:2726} INFO - Sync 1 DAGs
[2026-03-14T22:37:29.602+0000] {logging_mixin.py:149} INFO - [2026-03-14T22:37:29.602+0000] {dag.py:3490} INFO - Setting next_dagrun for dag_postgres_single_api_test to None, run_after=None
[2026-03-14T22:37:29.611+0000] {processor.py:178} INFO - Processing /opt/airflow/dags/dag.py took 0.045 seconds
[2026-03-14T22:37:59.843+0000] {processor.py:156} INFO - Started process (PID=2533) to work on /opt/airflow/dags/dag.py
[2026-03-14T22:37:59.846+0000] {processor.py:799} INFO - Processing file /opt/airflow/dags/dag.py for tasks to queue
[2026-03-14T22:37:59.846+0000] {logging_mixin.py:149} INFO - [2026-03-14T22:37:59.846+0000] {dagbag.py:541} INFO - Filling up the DagBag from /opt/airflow/dags/dag.py
[2026-03-14T22:37:59.853+0000] {processor.py:809} INFO - DAG(s) dict_keys(['dag_postgres_single_api_test']) retrieved from /opt/airflow/dags/dag.py
[2026-03-14T22:37:59.869+0000] {logging_mixin.py:149} INFO - [2026-03-14T22:37:59.869+0000] {dag.py:2726} INFO - Sync 1 DAGs
[2026-03-14T22:37:59.882+0000] {logging_mixin.py:149} INFO - [2026-03-14T22:37:59.882+0000] {dag.py:3490} INFO - Setting next_dagrun for dag_postgres_single_api_test to None, run_after=None
[2026-03-14T22:37:59.893+0000] {processor.py:178} INFO - Processing /opt/airflow/dags/dag.py took 0.052 seconds
[2026-03-14T22:38:30.142+0000] {processor.py:156} INFO - Started process (PID=2571) to work on /opt/airflow/dags/dag.py
[2026-03-14T22:38:30.143+0000] {processor.py:799} INFO - Processing file /opt/airflow/dags/dag.py for tasks to queue
[2026-03-14T22:38:30.144+0000] {logging_mixin.py:149} INFO - [2026-03-14T22:38:30.144+0000] {dagbag.py:541} INFO - Filling up the DagBag from /opt/airflow/dags/dag.py
[2026-03-14T22:38:30.149+0000] {processor.py:809} INFO - DAG(s) dict_keys(['dag_postgres_single_api_test']) retrieved from /opt/airflow/dags/dag.py
[2026-03-14T22:38:30.167+0000] {logging_mixin.py:149} INFO - [2026-03-14T22:38:30.167+0000] {dag.py:2726} INFO - Sync 1 DAGs
[2026-03-14T22:38:30.179+0000] {logging_mixin.py:149} INFO - [2026-03-14T22:38:30.179+0000] {dag.py:3490} INFO - Setting next_dagrun for dag_postgres_single_api_test to None, run_after=None
[2026-03-14T22:38:30.189+0000] {processor.py:178} INFO - Processing /opt/airflow/dags/dag.py took 0.049 seconds
[2026-03-14T22:39:00.498+0000] {processor.py:156} INFO - Started process (PID=2604) to work on /opt/airflow/dags/dag.py
[2026-03-14T22:39:00.501+0000] {processor.py:799} INFO - Processing file /opt/airflow/dags/dag.py for tasks to queue
[2026-03-14T22:39:00.502+0000] {logging_mixin.py:149} INFO - [2026-03-14T22:39:00.502+0000] {dagbag.py:541} INFO - Filling up the DagBag from /opt/airflow/dags/dag.py
[2026-03-14T22:39:00.514+0000] {processor.py:809} INFO - DAG(s) dict_keys(['dag_postgres_single_api_test']) retrieved from /opt/airflow/dags/dag.py
[2026-03-14T22:39:00.535+0000] {logging_mixin.py:149} INFO - [2026-03-14T22:39:00.535+0000] {dag.py:2726} INFO - Sync 1 DAGs
[2026-03-14T22:39:00.548+0000] {logging_mixin.py:149} INFO - [2026-03-14T22:39:00.548+0000] {dag.py:3490} INFO - Setting next_dagrun for dag_postgres_single_api_test to None, run_after=None
[2026-03-14T22:39:00.557+0000] {processor.py:178} INFO - Processing /opt/airflow/dags/dag.py took 0.062 seconds
[2026-03-14T22:39:30.862+0000] {processor.py:156} INFO - Started process (PID=2636) to work on /opt/airflow/dags/dag.py
[2026-03-14T22:39:30.865+0000] {processor.py:799} INFO - Processing file /opt/airflow/dags/dag.py for tasks to queue
[2026-03-14T22:39:30.865+0000] {logging_mixin.py:149} INFO - [2026-03-14T22:39:30.865+0000] {dagbag.py:541} INFO - Filling up the DagBag from /opt/airflow/dags/dag.py
[2026-03-14T22:39:30.871+0000] {processor.py:809} INFO - DAG(s) dict_keys(['dag_postgres_single_api_test']) retrieved from /opt/airflow/dags/dag.py
[2026-03-14T22:39:30.889+0000] {logging_mixin.py:149} INFO - [2026-03-14T22:39:30.888+0000] {dag.py:2726} INFO - Sync 1 DAGs
[2026-03-14T22:39:30.904+0000] {logging_mixin.py:149} INFO - [2026-03-14T22:39:30.904+0000] {dag.py:3490} INFO - Setting next_dagrun for dag_postgres_single_api_test to None, run_after=None
[2026-03-14T22:39:30.915+0000] {processor.py:178} INFO - Processing /opt/airflow/dags/dag.py took 0.057 seconds
[2026-03-14T22:40:01.237+0000] {processor.py:156} INFO - Started process (PID=2668) to work on /opt/airflow/dags/dag.py
[2026-03-14T22:40:01.240+0000] {processor.py:799} INFO - Processing file /opt/airflow/dags/dag.py for tasks to queue
[2026-03-14T22:40:01.240+0000] {logging_mixin.py:149} INFO - [2026-03-14T22:40:01.240+0000] {dagbag.py:541} INFO - Filling up the DagBag from /opt/airflow/dags/dag.py
[2026-03-14T22:40:01.255+0000] {processor.py:809} INFO - DAG(s) dict_keys(['dag_postgres_single_api_test']) retrieved from /opt/airflow/dags/dag.py
[2026-03-14T22:40:01.278+0000] {logging_mixin.py:149} INFO - [2026-03-14T22:40:01.277+0000] {dag.py:2726} INFO - Sync 1 DAGs
[2026-03-14T22:40:01.291+0000] {logging_mixin.py:149} INFO - [2026-03-14T22:40:01.290+0000] {dag.py:3490} INFO - Setting next_dagrun for dag_postgres_single_api_test to None, run_after=None
[2026-03-14T22:40:01.300+0000] {processor.py:178} INFO - Processing /opt/airflow/dags/dag.py took 0.066 seconds
[2026-03-14T22:40:31.566+0000] {processor.py:156} INFO - Started process (PID=2700) to work on /opt/airflow/dags/dag.py
[2026-03-14T22:40:31.567+0000] {processor.py:799} INFO - Processing file /opt/airflow/dags/dag.py for tasks to queue
[2026-03-14T22:40:31.568+0000] {logging_mixin.py:149} INFO - [2026-03-14T22:40:31.568+0000] {dagbag.py:541} INFO - Filling up the DagBag from /opt/airflow/dags/dag.py
[2026-03-14T22:40:31.576+0000] {processor.py:809} INFO - DAG(s) dict_keys(['dag_postgres_single_api_test']) retrieved from /opt/airflow/dags/dag.py
[2026-03-14T22:40:31.592+0000] {logging_mixin.py:149} INFO - [2026-03-14T22:40:31.592+0000] {dag.py:2726} INFO - Sync 1 DAGs
[2026-03-14T22:40:31.606+0000] {logging_mixin.py:149} INFO - [2026-03-14T22:40:31.606+0000] {dag.py:3490} INFO - Setting next_dagrun for dag_postgres_single_api_test to None, run_after=None
[2026-03-14T22:40:31.627+0000] {processor.py:178} INFO - Processing /opt/airflow/dags/dag.py took 0.063 seconds
[2026-03-14T22:41:01.920+0000] {processor.py:156} INFO - Started process (PID=2732) to work on /opt/airflow/dags/dag.py
[2026-03-14T22:41:01.922+0000] {processor.py:799} INFO - Processing file /opt/airflow/dags/dag.py for tasks to queue
[2026-03-14T22:41:01.923+0000] {logging_mixin.py:149} INFO - [2026-03-14T22:41:01.923+0000] {dagbag.py:541} INFO - Filling up the DagBag from /opt/airflow/dags/dag.py
[2026-03-14T22:41:01.937+0000] {processor.py:809} INFO - DAG(s) dict_keys(['dag_postgres_single_api_test']) retrieved from /opt/airflow/dags/dag.py
[2026-03-14T22:41:01.960+0000] {logging_mixin.py:149} INFO - [2026-03-14T22:41:01.960+0000] {dag.py:2726} INFO - Sync 1 DAGs
[2026-03-14T22:41:01.972+0000] {logging_mixin.py:149} INFO - [2026-03-14T22:41:01.972+0000] {dag.py:3490} INFO - Setting next_dagrun for dag_postgres_single_api_test to None, run_after=None
[2026-03-14T22:41:01.983+0000] {processor.py:178} INFO - Processing /opt/airflow/dags/dag.py took 0.066 seconds
[2026-03-14T22:41:32.303+0000] {processor.py:156} INFO - Started process (PID=2764) to work on /opt/airflow/dags/dag.py
[2026-03-14T22:41:32.304+0000] {processor.py:799} INFO - Processing file /opt/airflow/dags/dag.py for tasks to queue
[2026-03-14T22:41:32.307+0000] {logging_mixin.py:149} INFO - [2026-03-14T22:41:32.307+0000] {dagbag.py:541} INFO - Filling up the DagBag from /opt/airflow/dags/dag.py
[2026-03-14T22:41:32.317+0000] {processor.py:809} INFO - DAG(s) dict_keys(['dag_postgres_single_api_test']) retrieved from /opt/airflow/dags/dag.py
[2026-03-14T22:41:32.343+0000] {logging_mixin.py:149} INFO - [2026-03-14T22:41:32.343+0000] {dag.py:2726} INFO - Sync 1 DAGs
[2026-03-14T22:41:32.357+0000] {logging_mixin.py:149} INFO - [2026-03-14T22:41:32.357+0000] {dag.py:3490} INFO - Setting next_dagrun for dag_postgres_single_api_test to None, run_after=None
[2026-03-14T22:41:32.367+0000] {processor.py:178} INFO - Processing /opt/airflow/dags/dag.py took 0.067 seconds
[2026-03-14T22:42:02.716+0000] {processor.py:156} INFO - Started process (PID=2796) to work on /opt/airflow/dags/dag.py
[2026-03-14T22:42:02.718+0000] {processor.py:799} INFO - Processing file /opt/airflow/dags/dag.py for tasks to queue
[2026-03-14T22:42:02.719+0000] {logging_mixin.py:149} INFO - [2026-03-14T22:42:02.718+0000] {dagbag.py:541} INFO - Filling up the DagBag from /opt/airflow/dags/dag.py
[2026-03-14T22:42:02.731+0000] {processor.py:809} INFO - DAG(s) dict_keys(['dag_postgres_single_api_test']) retrieved from /opt/airflow/dags/dag.py
[2026-03-14T22:42:02.753+0000] {logging_mixin.py:149} INFO - [2026-03-14T22:42:02.753+0000] {dag.py:2726} INFO - Sync 1 DAGs
[2026-03-14T22:42:02.767+0000] {logging_mixin.py:149} INFO - [2026-03-14T22:42:02.767+0000] {dag.py:3490} INFO - Setting next_dagrun for dag_postgres_single_api_test to None, run_after=None
[2026-03-14T22:42:02.776+0000] {processor.py:178} INFO - Processing /opt/airflow/dags/dag.py took 0.063 seconds
[2026-03-14T22:42:33.101+0000] {processor.py:156} INFO - Started process (PID=2828) to work on /opt/airflow/dags/dag.py
[2026-03-14T22:42:33.103+0000] {processor.py:799} INFO - Processing file /opt/airflow/dags/dag.py for tasks to queue
[2026-03-14T22:42:33.104+0000] {logging_mixin.py:149} INFO - [2026-03-14T22:42:33.104+0000] {dagbag.py:541} INFO - Filling up the DagBag from /opt/airflow/dags/dag.py
[2026-03-14T22:42:33.115+0000] {processor.py:809} INFO - DAG(s) dict_keys(['dag_postgres_single_api_test']) retrieved from /opt/airflow/dags/dag.py
[2026-03-14T22:42:33.136+0000] {logging_mixin.py:149} INFO - [2026-03-14T22:42:33.136+0000] {dag.py:2726} INFO - Sync 1 DAGs
[2026-03-14T22:42:33.152+0000] {logging_mixin.py:149} INFO - [2026-03-14T22:42:33.152+0000] {dag.py:3490} INFO - Setting next_dagrun for dag_postgres_single_api_test to None, run_after=None
[2026-03-14T22:42:33.163+0000] {processor.py:178} INFO - Processing /opt/airflow/dags/dag.py took 0.065 seconds
[2026-03-14T22:43:03.440+0000] {processor.py:156} INFO - Started process (PID=2860) to work on /opt/airflow/dags/dag.py
[2026-03-14T22:43:03.442+0000] {processor.py:799} INFO - Processing file /opt/airflow/dags/dag.py for tasks to queue
[2026-03-14T22:43:03.443+0000] {logging_mixin.py:149} INFO - [2026-03-14T22:43:03.443+0000] {dagbag.py:541} INFO - Filling up the DagBag from /opt/airflow/dags/dag.py
[2026-03-14T22:43:03.454+0000] {processor.py:809} INFO - DAG(s) dict_keys(['dag_postgres_single_api_test']) retrieved from /opt/airflow/dags/dag.py
[2026-03-14T22:43:03.478+0000] {logging_mixin.py:149} INFO - [2026-03-14T22:43:03.478+0000] {dag.py:2726} INFO - Sync 1 DAGs
[2026-03-14T22:43:03.496+0000] {logging_mixin.py:149} INFO - [2026-03-14T22:43:03.495+0000] {dag.py:3490} INFO - Setting next_dagrun for dag_postgres_single_api_test to None, run_after=None
[2026-03-14T22:43:03.506+0000] {processor.py:178} INFO - Processing /opt/airflow/dags/dag.py took 0.070 seconds
[2026-03-14T22:43:33.758+0000] {processor.py:156} INFO - Started process (PID=2892) to work on /opt/airflow/dags/dag.py
[2026-03-14T22:43:33.759+0000] {processor.py:799} INFO - Processing file /opt/airflow/dags/dag.py for tasks to queue
[2026-03-14T22:43:33.760+0000] {logging_mixin.py:149} INFO - [2026-03-14T22:43:33.760+0000] {dagbag.py:541} INFO - Filling up the DagBag from /opt/airflow/dags/dag.py
[2026-03-14T22:43:33.766+0000] {processor.py:809} INFO - DAG(s) dict_keys(['dag_postgres_single_api_test']) retrieved from /opt/airflow/dags/dag.py
[2026-03-14T22:43:33.783+0000] {logging_mixin.py:149} INFO - [2026-03-14T22:43:33.783+0000] {dag.py:2726} INFO - Sync 1 DAGs
[2026-03-14T22:43:33.806+0000] {logging_mixin.py:149} INFO - [2026-03-14T22:43:33.806+0000] {dag.py:3490} INFO - Setting next_dagrun for dag_postgres_single_api_test to None, run_after=None
[2026-03-14T22:43:33.816+0000] {processor.py:178} INFO - Processing /opt/airflow/dags/dag.py took 0.061 seconds
[2026-03-14T22:44:04.147+0000] {processor.py:156} INFO - Started process (PID=2924) to work on /opt/airflow/dags/dag.py
[2026-03-14T22:44:04.148+0000] {processor.py:799} INFO - Processing file /opt/airflow/dags/dag.py for tasks to queue
[2026-03-14T22:44:04.150+0000] {logging_mixin.py:149} INFO - [2026-03-14T22:44:04.149+0000] {dagbag.py:541} INFO - Filling up the DagBag from /opt/airflow/dags/dag.py
[2026-03-14T22:44:04.159+0000] {processor.py:809} INFO - DAG(s) dict_keys(['dag_postgres_single_api_test']) retrieved from /opt/airflow/dags/dag.py
[2026-03-14T22:44:04.182+0000] {logging_mixin.py:149} INFO - [2026-03-14T22:44:04.182+0000] {dag.py:2726} INFO - Sync 1 DAGs
[2026-03-14T22:44:04.198+0000] {logging_mixin.py:149} INFO - [2026-03-14T22:44:04.198+0000] {dag.py:3490} INFO - Setting next_dagrun for dag_postgres_single_api_test to None, run_after=None
[2026-03-14T22:44:04.209+0000] {processor.py:178} INFO - Processing /opt/airflow/dags/dag.py took 0.069 seconds
[2026-03-14T22:44:34.492+0000] {processor.py:156} INFO - Started process (PID=2956) to work on /opt/airflow/dags/dag.py
[2026-03-14T22:44:34.493+0000] {processor.py:799} INFO - Processing file /opt/airflow/dags/dag.py for tasks to queue
[2026-03-14T22:44:34.494+0000] {logging_mixin.py:149} INFO - [2026-03-14T22:44:34.494+0000] {dagbag.py:541} INFO - Filling up the DagBag from /opt/airflow/dags/dag.py
[2026-03-14T22:44:34.503+0000] {processor.py:809} INFO - DAG(s) dict_keys(['dag_postgres_single_api_test']) retrieved from /opt/airflow/dags/dag.py
[2026-03-14T22:44:34.526+0000] {logging_mixin.py:149} INFO - [2026-03-14T22:44:34.526+0000] {dag.py:2726} INFO - Sync 1 DAGs
[2026-03-14T22:44:34.539+0000] {logging_mixin.py:149} INFO - [2026-03-14T22:44:34.539+0000] {dag.py:3490} INFO - Setting next_dagrun for dag_postgres_single_api_test to None, run_after=None
[2026-03-14T22:44:34.551+0000] {processor.py:178} INFO - Processing /opt/airflow/dags/dag.py took 0.062 seconds
[2026-03-14T22:45:04.854+0000] {processor.py:156} INFO - Started process (PID=2988) to work on /opt/airflow/dags/dag.py
[2026-03-14T22:45:04.854+0000] {processor.py:799} INFO - Processing file /opt/airflow/dags/dag.py for tasks to queue
[2026-03-14T22:45:04.856+0000] {logging_mixin.py:149} INFO - [2026-03-14T22:45:04.856+0000] {dagbag.py:541} INFO - Filling up the DagBag from /opt/airflow/dags/dag.py
[2026-03-14T22:45:04.868+0000] {processor.py:809} INFO - DAG(s) dict_keys(['dag_postgres_single_api_test']) retrieved from /opt/airflow/dags/dag.py
[2026-03-14T22:45:04.889+0000] {logging_mixin.py:149} INFO - [2026-03-14T22:45:04.889+0000] {dag.py:2726} INFO - Sync 1 DAGs
[2026-03-14T22:45:04.902+0000] {logging_mixin.py:149} INFO - [2026-03-14T22:45:04.902+0000] {dag.py:3490} INFO - Setting next_dagrun for dag_postgres_single_api_test to None, run_after=None
[2026-03-14T22:45:04.912+0000] {processor.py:178} INFO - Processing /opt/airflow/dags/dag.py took 0.061 seconds
[2026-03-14T22:45:35.234+0000] {processor.py:156} INFO - Started process (PID=3020) to work on /opt/airflow/dags/dag.py
[2026-03-14T22:45:35.235+0000] {processor.py:799} INFO - Processing file /opt/airflow/dags/dag.py for tasks to queue
[2026-03-14T22:45:35.236+0000] {logging_mixin.py:149} INFO - [2026-03-14T22:45:35.235+0000] {dagbag.py:541} INFO - Filling up the DagBag from /opt/airflow/dags/dag.py
[2026-03-14T22:45:35.247+0000] {processor.py:809} INFO - DAG(s) dict_keys(['dag_postgres_single_api_test']) retrieved from /opt/airflow/dags/dag.py
[2026-03-14T22:45:35.267+0000] {logging_mixin.py:149} INFO - [2026-03-14T22:45:35.267+0000] {dag.py:2726} INFO - Sync 1 DAGs
[2026-03-14T22:45:35.282+0000] {logging_mixin.py:149} INFO - [2026-03-14T22:45:35.282+0000] {dag.py:3490} INFO - Setting next_dagrun for dag_postgres_single_api_test to None, run_after=None
[2026-03-14T22:45:35.291+0000] {processor.py:178} INFO - Processing /opt/airflow/dags/dag.py took 0.060 seconds
[2026-03-14T22:46:05.566+0000] {processor.py:156} INFO - Started process (PID=3052) to work on /opt/airflow/dags/dag.py
[2026-03-14T22:46:05.568+0000] {processor.py:799} INFO - Processing file /opt/airflow/dags/dag.py for tasks to queue
[2026-03-14T22:46:05.569+0000] {logging_mixin.py:149} INFO - [2026-03-14T22:46:05.569+0000] {dagbag.py:541} INFO - Filling up the DagBag from /opt/airflow/dags/dag.py
[2026-03-14T22:46:05.575+0000] {processor.py:809} INFO - DAG(s) dict_keys(['dag_postgres_single_api_test']) retrieved from /opt/airflow/dags/dag.py
[2026-03-14T22:46:05.593+0000] {logging_mixin.py:149} INFO - [2026-03-14T22:46:05.593+0000] {dag.py:2726} INFO - Sync 1 DAGs
[2026-03-14T22:46:05.607+0000] {logging_mixin.py:149} INFO - [2026-03-14T22:46:05.607+0000] {dag.py:3490} INFO - Setting next_dagrun for dag_postgres_single_api_test to None, run_after=None
[2026-03-14T22:46:05.616+0000] {processor.py:178} INFO - Processing /opt/airflow/dags/dag.py took 0.052 seconds
[2026-03-14T22:46:35.925+0000] {processor.py:156} INFO - Started process (PID=3084) to work on /opt/airflow/dags/dag.py
[2026-03-14T22:46:35.927+0000] {processor.py:799} INFO - Processing file /opt/airflow/dags/dag.py for tasks to queue
[2026-03-14T22:46:35.928+0000] {logging_mixin.py:149} INFO - [2026-03-14T22:46:35.928+0000] {dagbag.py:541} INFO - Filling up the DagBag from /opt/airflow/dags/dag.py
[2026-03-14T22:46:35.938+0000] {processor.py:809} INFO - DAG(s) dict_keys(['dag_postgres_single_api_test']) retrieved from /opt/airflow/dags/dag.py
[2026-03-14T22:46:35.958+0000] {logging_mixin.py:149} INFO - [2026-03-14T22:46:35.958+0000] {dag.py:2726} INFO - Sync 1 DAGs
[2026-03-14T22:46:35.972+0000] {logging_mixin.py:149} INFO - [2026-03-14T22:46:35.972+0000] {dag.py:3490} INFO - Setting next_dagrun for dag_postgres_single_api_test to None, run_after=None
[2026-03-14T22:46:35.981+0000] {processor.py:178} INFO - Processing /opt/airflow/dags/dag.py took 0.060 seconds
[2026-03-14T22:47:06.306+0000] {processor.py:156} INFO - Started process (PID=3116) to work on /opt/airflow/dags/dag.py
[2026-03-14T22:47:06.309+0000] {processor.py:799} INFO - Processing file /opt/airflow/dags/dag.py for tasks to queue
[2026-03-14T22:47:06.310+0000] {logging_mixin.py:149} INFO - [2026-03-14T22:47:06.310+0000] {dagbag.py:541} INFO - Filling up the DagBag from /opt/airflow/dags/dag.py
[2026-03-14T22:47:06.325+0000] {processor.py:809} INFO - DAG(s) dict_keys(['dag_postgres_single_api_test']) retrieved from /opt/airflow/dags/dag.py
[2026-03-14T22:47:06.353+0000] {logging_mixin.py:149} INFO - [2026-03-14T22:47:06.353+0000] {dag.py:2726} INFO - Sync 1 DAGs
[2026-03-14T22:47:06.367+0000] {logging_mixin.py:149} INFO - [2026-03-14T22:47:06.367+0000] {dag.py:3490} INFO - Setting next_dagrun for dag_postgres_single_api_test to None, run_after=None
[2026-03-14T22:47:06.380+0000] {processor.py:178} INFO - Processing /opt/airflow/dags/dag.py took 0.078 seconds
[2026-03-14T22:47:36.695+0000] {processor.py:156} INFO - Started process (PID=3148) to work on /opt/airflow/dags/dag.py
[2026-03-14T22:47:36.697+0000] {processor.py:799} INFO - Processing file /opt/airflow/dags/dag.py for tasks to queue
[2026-03-14T22:47:36.697+0000] {logging_mixin.py:149} INFO - [2026-03-14T22:47:36.697+0000] {dagbag.py:541} INFO - Filling up the DagBag from /opt/airflow/dags/dag.py
[2026-03-14T22:47:36.703+0000] {processor.py:809} INFO - DAG(s) dict_keys(['dag_postgres_single_api_test']) retrieved from /opt/airflow/dags/dag.py
[2026-03-14T22:47:36.721+0000] {logging_mixin.py:149} INFO - [2026-03-14T22:47:36.721+0000] {dag.py:2726} INFO - Sync 1 DAGs
[2026-03-14T22:47:36.735+0000] {logging_mixin.py:149} INFO - [2026-03-14T22:47:36.735+0000] {dag.py:3490} INFO - Setting next_dagrun for dag_postgres_single_api_test to None, run_after=None
[2026-03-14T22:47:36.748+0000] {processor.py:178} INFO - Processing /opt/airflow/dags/dag.py took 0.055 seconds
[2026-03-14T22:48:07.046+0000] {processor.py:156} INFO - Started process (PID=3180) to work on /opt/airflow/dags/dag.py
[2026-03-14T22:48:07.047+0000] {processor.py:799} INFO - Processing file /opt/airflow/dags/dag.py for tasks to queue
[2026-03-14T22:48:07.048+0000] {logging_mixin.py:149} INFO - [2026-03-14T22:48:07.048+0000] {dagbag.py:541} INFO - Filling up the DagBag from /opt/airflow/dags/dag.py
[2026-03-14T22:48:07.055+0000] {processor.py:809} INFO - DAG(s) dict_keys(['dag_postgres_single_api_test']) retrieved from /opt/airflow/dags/dag.py
[2026-03-14T22:48:07.077+0000] {logging_mixin.py:149} INFO - [2026-03-14T22:48:07.077+0000] {dag.py:2726} INFO - Sync 1 DAGs
[2026-03-14T22:48:07.088+0000] {logging_mixin.py:149} INFO - [2026-03-14T22:48:07.088+0000] {dag.py:3490} INFO - Setting next_dagrun for dag_postgres_single_api_test to None, run_after=None
[2026-03-14T22:48:07.101+0000] {processor.py:178} INFO - Processing /opt/airflow/dags/dag.py took 0.058 seconds
[2026-03-14T22:48:37.413+0000] {processor.py:156} INFO - Started process (PID=3212) to work on /opt/airflow/dags/dag.py
[2026-03-14T22:48:37.414+0000] {processor.py:799} INFO - Processing file /opt/airflow/dags/dag.py for tasks to queue
[2026-03-14T22:48:37.415+0000] {logging_mixin.py:149} INFO - [2026-03-14T22:48:37.415+0000] {dagbag.py:541} INFO - Filling up the DagBag from /opt/airflow/dags/dag.py
[2026-03-14T22:48:37.429+0000] {processor.py:809} INFO - DAG(s) dict_keys(['dag_postgres_single_api_test']) retrieved from /opt/airflow/dags/dag.py
[2026-03-14T22:48:37.449+0000] {logging_mixin.py:149} INFO - [2026-03-14T22:48:37.448+0000] {dag.py:2726} INFO - Sync 1 DAGs
[2026-03-14T22:48:37.460+0000] {logging_mixin.py:149} INFO - [2026-03-14T22:48:37.460+0000] {dag.py:3490} INFO - Setting next_dagrun for dag_postgres_single_api_test to None, run_after=None
[2026-03-14T22:48:37.468+0000] {processor.py:178} INFO - Processing /opt/airflow/dags/dag.py took 0.058 seconds
[2026-03-14T22:49:07.736+0000] {processor.py:156} INFO - Started process (PID=3244) to work on /opt/airflow/dags/dag.py
[2026-03-14T22:49:07.738+0000] {processor.py:799} INFO - Processing file /opt/airflow/dags/dag.py for tasks to queue
[2026-03-14T22:49:07.740+0000] {logging_mixin.py:149} INFO - [2026-03-14T22:49:07.740+0000] {dagbag.py:541} INFO - Filling up the DagBag from /opt/airflow/dags/dag.py
[2026-03-14T22:49:07.750+0000] {processor.py:809} INFO - DAG(s) dict_keys(['dag_postgres_single_api_test']) retrieved from /opt/airflow/dags/dag.py
[2026-03-14T22:49:07.769+0000] {logging_mixin.py:149} INFO - [2026-03-14T22:49:07.769+0000] {dag.py:2726} INFO - Sync 1 DAGs
[2026-03-14T22:49:07.784+0000] {logging_mixin.py:149} INFO - [2026-03-14T22:49:07.784+0000] {dag.py:3490} INFO - Setting next_dagrun for dag_postgres_single_api_test to None, run_after=None
[2026-03-14T22:49:07.794+0000] {processor.py:178} INFO - Processing /opt/airflow/dags/dag.py took 0.061 seconds
[2026-03-14T22:49:38.014+0000] {processor.py:156} INFO - Started process (PID=3276) to work on /opt/airflow/dags/dag.py
[2026-03-14T22:49:38.015+0000] {processor.py:799} INFO - Processing file /opt/airflow/dags/dag.py for tasks to queue
[2026-03-14T22:49:38.015+0000] {logging_mixin.py:149} INFO - [2026-03-14T22:49:38.015+0000] {dagbag.py:541} INFO - Filling up the DagBag from /opt/airflow/dags/dag.py
[2026-03-14T22:49:38.025+0000] {processor.py:809} INFO - DAG(s) dict_keys(['dag_postgres_single_api_test']) retrieved from /opt/airflow/dags/dag.py
[2026-03-14T22:49:38.048+0000] {logging_mixin.py:149} INFO - [2026-03-14T22:49:38.048+0000] {dag.py:2726} INFO - Sync 1 DAGs
[2026-03-14T22:49:38.066+0000] {logging_mixin.py:149} INFO - [2026-03-14T22:49:38.066+0000] {dag.py:3490} INFO - Setting next_dagrun for dag_postgres_single_api_test to None, run_after=None
[2026-03-14T22:49:38.077+0000] {processor.py:178} INFO - Processing /opt/airflow/dags/dag.py took 0.066 seconds
[2026-03-14T22:50:08.373+0000] {processor.py:156} INFO - Started process (PID=3308) to work on /opt/airflow/dags/dag.py
[2026-03-14T22:50:08.377+0000] {processor.py:799} INFO - Processing file /opt/airflow/dags/dag.py for tasks to queue
[2026-03-14T22:50:08.377+0000] {logging_mixin.py:149} INFO - [2026-03-14T22:50:08.377+0000] {dagbag.py:541} INFO - Filling up the DagBag from /opt/airflow/dags/dag.py
[2026-03-14T22:50:08.384+0000] {processor.py:809} INFO - DAG(s) dict_keys(['dag_postgres_single_api_test']) retrieved from /opt/airflow/dags/dag.py
[2026-03-14T22:50:08.402+0000] {logging_mixin.py:149} INFO - [2026-03-14T22:50:08.402+0000] {dag.py:2726} INFO - Sync 1 DAGs
[2026-03-14T22:50:08.415+0000] {logging_mixin.py:149} INFO - [2026-03-14T22:50:08.415+0000] {dag.py:3490} INFO - Setting next_dagrun for dag_postgres_single_api_test to None, run_after=None
[2026-03-14T22:50:08.425+0000] {processor.py:178} INFO - Processing /opt/airflow/dags/dag.py took 0.054 seconds
[2026-03-14T22:50:38.728+0000] {processor.py:156} INFO - Started process (PID=3340) to work on /opt/airflow/dags/dag.py
[2026-03-14T22:50:38.730+0000] {processor.py:799} INFO - Processing file /opt/airflow/dags/dag.py for tasks to queue
[2026-03-14T22:50:38.732+0000] {logging_mixin.py:149} INFO - [2026-03-14T22:50:38.732+0000] {dagbag.py:541} INFO - Filling up the DagBag from /opt/airflow/dags/dag.py
[2026-03-14T22:50:38.742+0000] {processor.py:809} INFO - DAG(s) dict_keys(['dag_postgres_single_api_test']) retrieved from /opt/airflow/dags/dag.py
[2026-03-14T22:50:38.764+0000] {logging_mixin.py:149} INFO - [2026-03-14T22:50:38.763+0000] {dag.py:2726} INFO - Sync 1 DAGs
[2026-03-14T22:50:38.775+0000] {logging_mixin.py:149} INFO - [2026-03-14T22:50:38.775+0000] {dag.py:3490} INFO - Setting next_dagrun for dag_postgres_single_api_test to None, run_after=None
[2026-03-14T22:50:38.786+0000] {processor.py:178} INFO - Processing /opt/airflow/dags/dag.py took 0.061 seconds
[2026-03-14T22:51:09.064+0000] {processor.py:156} INFO - Started process (PID=3372) to work on /opt/airflow/dags/dag.py
[2026-03-14T22:51:09.065+0000] {processor.py:799} INFO - Processing file /opt/airflow/dags/dag.py for tasks to queue
[2026-03-14T22:51:09.068+0000] {logging_mixin.py:149} INFO - [2026-03-14T22:51:09.068+0000] {dagbag.py:541} INFO - Filling up the DagBag from /opt/airflow/dags/dag.py
[2026-03-14T22:51:09.079+0000] {processor.py:809} INFO - DAG(s) dict_keys(['dag_postgres_single_api_test']) retrieved from /opt/airflow/dags/dag.py
[2026-03-14T22:51:09.096+0000] {logging_mixin.py:149} INFO - [2026-03-14T22:51:09.096+0000] {dag.py:2726} INFO - Sync 1 DAGs
[2026-03-14T22:51:09.109+0000] {logging_mixin.py:149} INFO - [2026-03-14T22:51:09.109+0000] {dag.py:3490} INFO - Setting next_dagrun for dag_postgres_single_api_test to None, run_after=None
[2026-03-14T22:51:09.120+0000] {processor.py:178} INFO - Processing /opt/airflow/dags/dag.py took 0.059 seconds
[2026-03-14T22:51:39.387+0000] {processor.py:156} INFO - Started process (PID=3404) to work on /opt/airflow/dags/dag.py
[2026-03-14T22:51:39.389+0000] {processor.py:799} INFO - Processing file /opt/airflow/dags/dag.py for tasks to queue
[2026-03-14T22:51:39.389+0000] {logging_mixin.py:149} INFO - [2026-03-14T22:51:39.389+0000] {dagbag.py:541} INFO - Filling up the DagBag from /opt/airflow/dags/dag.py
[2026-03-14T22:51:39.402+0000] {processor.py:809} INFO - DAG(s) dict_keys(['dag_postgres_single_api_test']) retrieved from /opt/airflow/dags/dag.py
[2026-03-14T22:51:39.421+0000] {logging_mixin.py:149} INFO - [2026-03-14T22:51:39.421+0000] {dag.py:2726} INFO - Sync 1 DAGs
[2026-03-14T22:51:39.435+0000] {logging_mixin.py:149} INFO - [2026-03-14T22:51:39.435+0000] {dag.py:3490} INFO - Setting next_dagrun for dag_postgres_single_api_test to None, run_after=None
[2026-03-14T22:51:39.444+0000] {processor.py:178} INFO - Processing /opt/airflow/dags/dag.py took 0.060 seconds
[2026-03-14T22:52:09.770+0000] {processor.py:156} INFO - Started process (PID=3436) to work on /opt/airflow/dags/dag.py
[2026-03-14T22:52:09.771+0000] {processor.py:799} INFO - Processing file /opt/airflow/dags/dag.py for tasks to queue
[2026-03-14T22:52:09.773+0000] {logging_mixin.py:149} INFO - [2026-03-14T22:52:09.773+0000] {dagbag.py:541} INFO - Filling up the DagBag from /opt/airflow/dags/dag.py
[2026-03-14T22:52:09.781+0000] {processor.py:809} INFO - DAG(s) dict_keys(['dag_postgres_single_api_test']) retrieved from /opt/airflow/dags/dag.py
[2026-03-14T22:52:09.799+0000] {logging_mixin.py:149} INFO - [2026-03-14T22:52:09.799+0000] {dag.py:2726} INFO - Sync 1 DAGs
[2026-03-14T22:52:09.814+0000] {logging_mixin.py:149} INFO - [2026-03-14T22:52:09.814+0000] {dag.py:3490} INFO - Setting next_dagrun for dag_postgres_single_api_test to None, run_after=None
[2026-03-14T22:52:09.825+0000] {processor.py:178} INFO - Processing /opt/airflow/dags/dag.py took 0.058 seconds
[2026-03-14T22:52:40.057+0000] {processor.py:156} INFO - Started process (PID=3468) to work on /opt/airflow/dags/dag.py
[2026-03-14T22:52:40.058+0000] {processor.py:799} INFO - Processing file /opt/airflow/dags/dag.py for tasks to queue
[2026-03-14T22:52:40.060+0000] {logging_mixin.py:149} INFO - [2026-03-14T22:52:40.060+0000] {dagbag.py:541} INFO - Filling up the DagBag from /opt/airflow/dags/dag.py
[2026-03-14T22:52:40.066+0000] {processor.py:809} INFO - DAG(s) dict_keys(['dag_postgres_single_api_test']) retrieved from /opt/airflow/dags/dag.py
[2026-03-14T22:52:40.087+0000] {logging_mixin.py:149} INFO - [2026-03-14T22:52:40.086+0000] {dag.py:2726} INFO - Sync 1 DAGs
[2026-03-14T22:52:40.100+0000] {logging_mixin.py:149} INFO - [2026-03-14T22:52:40.100+0000] {dag.py:3490} INFO - Setting next_dagrun for dag_postgres_single_api_test to None, run_after=None
[2026-03-14T22:52:40.111+0000] {processor.py:178} INFO - Processing /opt/airflow/dags/dag.py took 0.055 seconds
[2026-03-14T22:53:10.435+0000] {processor.py:156} INFO - Started process (PID=3500) to work on /opt/airflow/dags/dag.py
[2026-03-14T22:53:10.437+0000] {processor.py:799} INFO - Processing file /opt/airflow/dags/dag.py for tasks to queue
[2026-03-14T22:53:10.439+0000] {logging_mixin.py:149} INFO - [2026-03-14T22:53:10.439+0000] {dagbag.py:541} INFO - Filling up the DagBag from /opt/airflow/dags/dag.py
[2026-03-14T22:53:10.450+0000] {processor.py:809} INFO - DAG(s) dict_keys(['dag_postgres_single_api_test']) retrieved from /opt/airflow/dags/dag.py
[2026-03-14T22:53:10.469+0000] {logging_mixin.py:149} INFO - [2026-03-14T22:53:10.469+0000] {dag.py:2726} INFO - Sync 1 DAGs
[2026-03-14T22:53:10.483+0000] {logging_mixin.py:149} INFO - [2026-03-14T22:53:10.483+0000] {dag.py:3490} INFO - Setting next_dagrun for dag_postgres_single_api_test to None, run_after=None
[2026-03-14T22:53:10.492+0000] {processor.py:178} INFO - Processing /opt/airflow/dags/dag.py took 0.060 seconds
[2026-03-14T22:53:40.792+0000] {processor.py:156} INFO - Started process (PID=3532) to work on /opt/airflow/dags/dag.py
[2026-03-14T22:53:40.794+0000] {processor.py:799} INFO - Processing file /opt/airflow/dags/dag.py for tasks to queue
[2026-03-14T22:53:40.795+0000] {logging_mixin.py:149} INFO - [2026-03-14T22:53:40.795+0000] {dagbag.py:541} INFO - Filling up the DagBag from /opt/airflow/dags/dag.py
[2026-03-14T22:53:40.804+0000] {processor.py:809} INFO - DAG(s) dict_keys(['dag_postgres_single_api_test']) retrieved from /opt/airflow/dags/dag.py
[2026-03-14T22:53:40.825+0000] {logging_mixin.py:149} INFO - [2026-03-14T22:53:40.825+0000] {dag.py:2726} INFO - Sync 1 DAGs
[2026-03-14T22:53:40.837+0000] {logging_mixin.py:149} INFO - [2026-03-14T22:53:40.837+0000] {dag.py:3490} INFO - Setting next_dagrun for dag_postgres_single_api_test to None, run_after=None
[2026-03-14T22:53:40.849+0000] {processor.py:178} INFO - Processing /opt/airflow/dags/dag.py took 0.060 seconds
[2026-03-14T22:54:11.140+0000] {processor.py:156} INFO - Started process (PID=3564) to work on /opt/airflow/dags/dag.py
[2026-03-14T22:54:11.142+0000] {processor.py:799} INFO - Processing file /opt/airflow/dags/dag.py for tasks to queue
[2026-03-14T22:54:11.142+0000] {logging_mixin.py:149} INFO - [2026-03-14T22:54:11.142+0000] {dagbag.py:541} INFO - Filling up the DagBag from /opt/airflow/dags/dag.py
[2026-03-14T22:54:11.150+0000] {processor.py:809} INFO - DAG(s) dict_keys(['dag_postgres_single_api_test']) retrieved from /opt/airflow/dags/dag.py
[2026-03-14T22:54:11.169+0000] {logging_mixin.py:149} INFO - [2026-03-14T22:54:11.169+0000] {dag.py:2726} INFO - Sync 1 DAGs
[2026-03-14T22:54:11.184+0000] {logging_mixin.py:149} INFO - [2026-03-14T22:54:11.184+0000] {dag.py:3490} INFO - Setting next_dagrun for dag_postgres_single_api_test to None, run_after=None
[2026-03-14T22:54:11.194+0000] {processor.py:178} INFO - Processing /opt/airflow/dags/dag.py took 0.057 seconds
[2026-03-14T22:54:41.482+0000] {processor.py:156} INFO - Started process (PID=3596) to work on /opt/airflow/dags/dag.py
[2026-03-14T22:54:41.483+0000] {processor.py:799} INFO - Processing file /opt/airflow/dags/dag.py for tasks to queue
[2026-03-14T22:54:41.486+0000] {logging_mixin.py:149} INFO - [2026-03-14T22:54:41.485+0000] {dagbag.py:541} INFO - Filling up the DagBag from /opt/airflow/dags/dag.py
[2026-03-14T22:54:41.497+0000] {processor.py:809} INFO - DAG(s) dict_keys(['dag_postgres_single_api_test']) retrieved from /opt/airflow/dags/dag.py
[2026-03-14T22:54:41.517+0000] {logging_mixin.py:149} INFO - [2026-03-14T22:54:41.517+0000] {dag.py:2726} INFO - Sync 1 DAGs
[2026-03-14T22:54:41.530+0000] {logging_mixin.py:149} INFO - [2026-03-14T22:54:41.530+0000] {dag.py:3490} INFO - Setting next_dagrun for dag_postgres_single_api_test to None, run_after=None
[2026-03-14T22:54:41.539+0000] {processor.py:178} INFO - Processing /opt/airflow/dags/dag.py took 0.060 seconds
[2026-03-14T22:55:11.838+0000] {processor.py:156} INFO - Started process (PID=3628) to work on /opt/airflow/dags/dag.py
[2026-03-14T22:55:11.839+0000] {processor.py:799} INFO - Processing file /opt/airflow/dags/dag.py for tasks to queue
[2026-03-14T22:55:11.839+0000] {logging_mixin.py:149} INFO - [2026-03-14T22:55:11.839+0000] {dagbag.py:541} INFO - Filling up the DagBag from /opt/airflow/dags/dag.py
[2026-03-14T22:55:11.850+0000] {processor.py:809} INFO - DAG(s) dict_keys(['dag_postgres_single_api_test']) retrieved from /opt/airflow/dags/dag.py
[2026-03-14T22:55:11.874+0000] {logging_mixin.py:149} INFO - [2026-03-14T22:55:11.874+0000] {dag.py:2726} INFO - Sync 1 DAGs
[2026-03-14T22:55:11.887+0000] {logging_mixin.py:149} INFO - [2026-03-14T22:55:11.887+0000] {dag.py:3490} INFO - Setting next_dagrun for dag_postgres_single_api_test to None, run_after=None
[2026-03-14T22:55:11.896+0000] {processor.py:178} INFO - Processing /opt/airflow/dags/dag.py took 0.062 seconds
[2026-03-14T22:55:42.189+0000] {processor.py:156} INFO - Started process (PID=3660) to work on /opt/airflow/dags/dag.py
[2026-03-14T22:55:42.190+0000] {processor.py:799} INFO - Processing file /opt/airflow/dags/dag.py for tasks to queue
[2026-03-14T22:55:42.191+0000] {logging_mixin.py:149} INFO - [2026-03-14T22:55:42.191+0000] {dagbag.py:541} INFO - Filling up the DagBag from /opt/airflow/dags/dag.py
[2026-03-14T22:55:42.204+0000] {processor.py:809} INFO - DAG(s) dict_keys(['dag_postgres_single_api_test']) retrieved from /opt/airflow/dags/dag.py
[2026-03-14T22:55:42.224+0000] {logging_mixin.py:149} INFO - [2026-03-14T22:55:42.224+0000] {dag.py:2726} INFO - Sync 1 DAGs
[2026-03-14T22:55:42.236+0000] {logging_mixin.py:149} INFO - [2026-03-14T22:55:42.236+0000] {dag.py:3490} INFO - Setting next_dagrun for dag_postgres_single_api_test to None, run_after=None
[2026-03-14T22:55:42.246+0000] {processor.py:178} INFO - Processing /opt/airflow/dags/dag.py took 0.060 seconds
[2026-03-14T22:56:12.502+0000] {processor.py:156} INFO - Started process (PID=3692) to work on /opt/airflow/dags/dag.py
[2026-03-14T22:56:12.505+0000] {processor.py:799} INFO - Processing file /opt/airflow/dags/dag.py for tasks to queue
[2026-03-14T22:56:12.505+0000] {logging_mixin.py:149} INFO - [2026-03-14T22:56:12.505+0000] {dagbag.py:541} INFO - Filling up the DagBag from /opt/airflow/dags/dag.py
[2026-03-14T22:56:12.514+0000] {processor.py:809} INFO - DAG(s) dict_keys(['dag_postgres_single_api_test']) retrieved from /opt/airflow/dags/dag.py
[2026-03-14T22:56:12.529+0000] {logging_mixin.py:149} INFO - [2026-03-14T22:56:12.529+0000] {dag.py:2726} INFO - Sync 1 DAGs
[2026-03-14T22:56:12.541+0000] {logging_mixin.py:149} INFO - [2026-03-14T22:56:12.541+0000] {dag.py:3490} INFO - Setting next_dagrun for dag_postgres_single_api_test to None, run_after=None
[2026-03-14T22:56:12.551+0000] {processor.py:178} INFO - Processing /opt/airflow/dags/dag.py took 0.052 seconds
[2026-03-14T22:56:42.821+0000] {processor.py:156} INFO - Started process (PID=3724) to work on /opt/airflow/dags/dag.py
[2026-03-14T22:56:42.822+0000] {processor.py:799} INFO - Processing file /opt/airflow/dags/dag.py for tasks to queue
[2026-03-14T22:56:42.824+0000] {logging_mixin.py:149} INFO - [2026-03-14T22:56:42.824+0000] {dagbag.py:541} INFO - Filling up the DagBag from /opt/airflow/dags/dag.py
[2026-03-14T22:56:42.829+0000] {processor.py:809} INFO - DAG(s) dict_keys(['dag_postgres_single_api_test']) retrieved from /opt/airflow/dags/dag.py
[2026-03-14T22:56:42.848+0000] {logging_mixin.py:149} INFO - [2026-03-14T22:56:42.848+0000] {dag.py:2726} INFO - Sync 1 DAGs
[2026-03-14T22:56:42.859+0000] {logging_mixin.py:149} INFO - [2026-03-14T22:56:42.859+0000] {dag.py:3490} INFO - Setting next_dagrun for dag_postgres_single_api_test to None, run_after=None
[2026-03-14T22:56:42.871+0000] {processor.py:178} INFO - Processing /opt/airflow/dags/dag.py took 0.051 seconds
[2026-03-14T22:57:13.127+0000] {processor.py:156} INFO - Started process (PID=3755) to work on /opt/airflow/dags/dag.py
[2026-03-14T22:57:13.128+0000] {processor.py:799} INFO - Processing file /opt/airflow/dags/dag.py for tasks to queue
[2026-03-14T22:57:13.129+0000] {logging_mixin.py:149} INFO - [2026-03-14T22:57:13.129+0000] {dagbag.py:541} INFO - Filling up the DagBag from /opt/airflow/dags/dag.py
[2026-03-14T22:57:13.136+0000] {processor.py:809} INFO - DAG(s) dict_keys(['dag_postgres_single_api_test']) retrieved from /opt/airflow/dags/dag.py
[2026-03-14T22:57:13.157+0000] {logging_mixin.py:149} INFO - [2026-03-14T22:57:13.157+0000] {dag.py:2726} INFO - Sync 1 DAGs
[2026-03-14T22:57:13.168+0000] {logging_mixin.py:149} INFO - [2026-03-14T22:57:13.168+0000] {dag.py:3490} INFO - Setting next_dagrun for dag_postgres_single_api_test to None, run_after=None
[2026-03-14T22:57:13.178+0000] {processor.py:178} INFO - Processing /opt/airflow/dags/dag.py took 0.054 seconds
[2026-03-14T22:57:43.496+0000] {processor.py:156} INFO - Started process (PID=3787) to work on /opt/airflow/dags/dag.py
[2026-03-14T22:57:43.499+0000] {processor.py:799} INFO - Processing file /opt/airflow/dags/dag.py for tasks to queue
[2026-03-14T22:57:43.500+0000] {logging_mixin.py:149} INFO - [2026-03-14T22:57:43.500+0000] {dagbag.py:541} INFO - Filling up the DagBag from /opt/airflow/dags/dag.py
[2026-03-14T22:57:43.510+0000] {processor.py:809} INFO - DAG(s) dict_keys(['dag_postgres_single_api_test']) retrieved from /opt/airflow/dags/dag.py
[2026-03-14T22:57:43.531+0000] {logging_mixin.py:149} INFO - [2026-03-14T22:57:43.531+0000] {dag.py:2726} INFO - Sync 1 DAGs
[2026-03-14T22:57:43.543+0000] {logging_mixin.py:149} INFO - [2026-03-14T22:57:43.543+0000] {dag.py:3490} INFO - Setting next_dagrun for dag_postgres_single_api_test to None, run_after=None
[2026-03-14T22:57:43.554+0000] {processor.py:178} INFO - Processing /opt/airflow/dags/dag.py took 0.061 seconds
[2026-03-14T22:58:13.852+0000] {processor.py:156} INFO - Started process (PID=3819) to work on /opt/airflow/dags/dag.py
[2026-03-14T22:58:13.853+0000] {processor.py:799} INFO - Processing file /opt/airflow/dags/dag.py for tasks to queue
[2026-03-14T22:58:13.855+0000] {logging_mixin.py:149} INFO - [2026-03-14T22:58:13.855+0000] {dagbag.py:541} INFO - Filling up the DagBag from /opt/airflow/dags/dag.py
[2026-03-14T22:58:13.864+0000] {processor.py:809} INFO - DAG(s) dict_keys(['dag_postgres_single_api_test']) retrieved from /opt/airflow/dags/dag.py
[2026-03-14T22:58:13.885+0000] {logging_mixin.py:149} INFO - [2026-03-14T22:58:13.885+0000] {dag.py:2726} INFO - Sync 1 DAGs
[2026-03-14T22:58:13.901+0000] {logging_mixin.py:149} INFO - [2026-03-14T22:58:13.901+0000] {dag.py:3490} INFO - Setting next_dagrun for dag_postgres_single_api_test to None, run_after=None
[2026-03-14T22:58:13.910+0000] {processor.py:178} INFO - Processing /opt/airflow/dags/dag.py took 0.061 seconds
[2026-03-14T22:58:44.182+0000] {processor.py:156} INFO - Started process (PID=3851) to work on /opt/airflow/dags/dag.py
[2026-03-14T22:58:44.183+0000] {processor.py:799} INFO - Processing file /opt/airflow/dags/dag.py for tasks to queue
[2026-03-14T22:58:44.185+0000] {logging_mixin.py:149} INFO - [2026-03-14T22:58:44.185+0000] {dagbag.py:541} INFO - Filling up the DagBag from /opt/airflow/dags/dag.py
[2026-03-14T22:58:44.189+0000] {processor.py:809} INFO - DAG(s) dict_keys(['dag_postgres_single_api_test']) retrieved from /opt/airflow/dags/dag.py
[2026-03-14T22:58:44.206+0000] {logging_mixin.py:149} INFO - [2026-03-14T22:58:44.206+0000] {dag.py:2726} INFO - Sync 1 DAGs
[2026-03-14T22:58:44.218+0000] {logging_mixin.py:149} INFO - [2026-03-14T22:58:44.218+0000] {dag.py:3490} INFO - Setting next_dagrun for dag_postgres_single_api_test to None, run_after=None
[2026-03-14T22:58:44.226+0000] {processor.py:178} INFO - Processing /opt/airflow/dags/dag.py took 0.046 seconds
[2026-03-14T22:59:14.518+0000] {processor.py:156} INFO - Started process (PID=3883) to work on /opt/airflow/dags/dag.py
[2026-03-14T22:59:14.519+0000] {processor.py:799} INFO - Processing file /opt/airflow/dags/dag.py for tasks to queue
[2026-03-14T22:59:14.520+0000] {logging_mixin.py:149} INFO - [2026-03-14T22:59:14.520+0000] {dagbag.py:541} INFO - Filling up the DagBag from /opt/airflow/dags/dag.py
[2026-03-14T22:59:14.532+0000] {processor.py:809} INFO - DAG(s) dict_keys(['dag_postgres_single_api_test']) retrieved from /opt/airflow/dags/dag.py
[2026-03-14T22:59:14.555+0000] {logging_mixin.py:149} INFO - [2026-03-14T22:59:14.554+0000] {dag.py:2726} INFO - Sync 1 DAGs
[2026-03-14T22:59:14.567+0000] {logging_mixin.py:149} INFO - [2026-03-14T22:59:14.567+0000] {dag.py:3490} INFO - Setting next_dagrun for dag_postgres_single_api_test to None, run_after=None
[2026-03-14T22:59:14.578+0000] {processor.py:178} INFO - Processing /opt/airflow/dags/dag.py took 0.063 seconds
[2026-03-14T22:59:44.876+0000] {processor.py:156} INFO - Started process (PID=3915) to work on /opt/airflow/dags/dag.py
[2026-03-14T22:59:44.878+0000] {processor.py:799} INFO - Processing file /opt/airflow/dags/dag.py for tasks to queue
[2026-03-14T22:59:44.878+0000] {logging_mixin.py:149} INFO - [2026-03-14T22:59:44.878+0000] {dagbag.py:541} INFO - Filling up the DagBag from /opt/airflow/dags/dag.py
[2026-03-14T22:59:44.881+0000] {processor.py:809} INFO - DAG(s) dict_keys(['dag_postgres_single_api_test']) retrieved from /opt/airflow/dags/dag.py
[2026-03-14T22:59:44.899+0000] {logging_mixin.py:149} INFO - [2026-03-14T22:59:44.899+0000] {dag.py:2726} INFO - Sync 1 DAGs
[2026-03-14T22:59:44.911+0000] {logging_mixin.py:149} INFO - [2026-03-14T22:59:44.911+0000] {dag.py:3490} INFO - Setting next_dagrun for dag_postgres_single_api_test to None, run_after=None
[2026-03-14T22:59:44.920+0000] {processor.py:178} INFO - Processing /opt/airflow/dags/dag.py took 0.046 seconds
[2026-03-14T23:00:15.211+0000] {processor.py:156} INFO - Started process (PID=3947) to work on /opt/airflow/dags/dag.py
[2026-03-14T23:00:15.213+0000] {processor.py:799} INFO - Processing file /opt/airflow/dags/dag.py for tasks to queue
[2026-03-14T23:00:15.215+0000] {logging_mixin.py:149} INFO - [2026-03-14T23:00:15.215+0000] {dagbag.py:541} INFO - Filling up the DagBag from /opt/airflow/dags/dag.py
[2026-03-14T23:00:15.222+0000] {processor.py:809} INFO - DAG(s) dict_keys(['dag_postgres_single_api_test']) retrieved from /opt/airflow/dags/dag.py
[2026-03-14T23:00:15.243+0000] {logging_mixin.py:149} INFO - [2026-03-14T23:00:15.243+0000] {dag.py:2726} INFO - Sync 1 DAGs
[2026-03-14T23:00:15.255+0000] {logging_mixin.py:149} INFO - [2026-03-14T23:00:15.255+0000] {dag.py:3490} INFO - Setting next_dagrun for dag_postgres_single_api_test to None, run_after=None
[2026-03-14T23:00:15.265+0000] {processor.py:178} INFO - Processing /opt/airflow/dags/dag.py took 0.056 seconds
[2026-03-14T23:00:45.518+0000] {processor.py:156} INFO - Started process (PID=3979) to work on /opt/airflow/dags/dag.py
[2026-03-14T23:00:45.519+0000] {processor.py:799} INFO - Processing file /opt/airflow/dags/dag.py for tasks to queue
[2026-03-14T23:00:45.520+0000] {logging_mixin.py:149} INFO - [2026-03-14T23:00:45.520+0000] {dagbag.py:541} INFO - Filling up the DagBag from /opt/airflow/dags/dag.py
[2026-03-14T23:00:45.529+0000] {processor.py:809} INFO - DAG(s) dict_keys(['dag_postgres_single_api_test']) retrieved from /opt/airflow/dags/dag.py
[2026-03-14T23:00:45.549+0000] {logging_mixin.py:149} INFO - [2026-03-14T23:00:45.549+0000] {dag.py:2726} INFO - Sync 1 DAGs
[2026-03-14T23:00:45.562+0000] {logging_mixin.py:149} INFO - [2026-03-14T23:00:45.562+0000] {dag.py:3490} INFO - Setting next_dagrun for dag_postgres_single_api_test to None, run_after=None
[2026-03-14T23:00:45.575+0000] {processor.py:178} INFO - Processing /opt/airflow/dags/dag.py took 0.059 seconds
[2026-03-14T23:01:15.896+0000] {processor.py:156} INFO - Started process (PID=4011) to work on /opt/airflow/dags/dag.py
[2026-03-14T23:01:15.898+0000] {processor.py:799} INFO - Processing file /opt/airflow/dags/dag.py for tasks to queue
[2026-03-14T23:01:15.899+0000] {logging_mixin.py:149} INFO - [2026-03-14T23:01:15.899+0000] {dagbag.py:541} INFO - Filling up the DagBag from /opt/airflow/dags/dag.py
[2026-03-14T23:01:15.910+0000] {processor.py:809} INFO - DAG(s) dict_keys(['dag_postgres_single_api_test']) retrieved from /opt/airflow/dags/dag.py
[2026-03-14T23:01:15.934+0000] {logging_mixin.py:149} INFO - [2026-03-14T23:01:15.934+0000] {dag.py:2726} INFO - Sync 1 DAGs
[2026-03-14T23:01:15.948+0000] {logging_mixin.py:149} INFO - [2026-03-14T23:01:15.948+0000] {dag.py:3490} INFO - Setting next_dagrun for dag_postgres_single_api_test to None, run_after=None
[2026-03-14T23:01:15.960+0000] {processor.py:178} INFO - Processing /opt/airflow/dags/dag.py took 0.067 seconds
[2026-03-14T23:01:46.256+0000] {processor.py:156} INFO - Started process (PID=4043) to work on /opt/airflow/dags/dag.py
[2026-03-14T23:01:46.258+0000] {processor.py:799} INFO - Processing file /opt/airflow/dags/dag.py for tasks to queue
[2026-03-14T23:01:46.260+0000] {logging_mixin.py:149} INFO - [2026-03-14T23:01:46.260+0000] {dagbag.py:541} INFO - Filling up the DagBag from /opt/airflow/dags/dag.py
[2026-03-14T23:01:46.270+0000] {processor.py:809} INFO - DAG(s) dict_keys(['dag_postgres_single_api_test']) retrieved from /opt/airflow/dags/dag.py
[2026-03-14T23:01:46.292+0000] {logging_mixin.py:149} INFO - [2026-03-14T23:01:46.292+0000] {dag.py:2726} INFO - Sync 1 DAGs
[2026-03-14T23:01:46.304+0000] {logging_mixin.py:149} INFO - [2026-03-14T23:01:46.304+0000] {dag.py:3490} INFO - Setting next_dagrun for dag_postgres_single_api_test to None, run_after=None
[2026-03-14T23:01:46.315+0000] {processor.py:178} INFO - Processing /opt/airflow/dags/dag.py took 0.062 seconds
[2026-03-14T23:02:16.627+0000] {processor.py:156} INFO - Started process (PID=4075) to work on /opt/airflow/dags/dag.py
[2026-03-14T23:02:16.628+0000] {processor.py:799} INFO - Processing file /opt/airflow/dags/dag.py for tasks to queue
[2026-03-14T23:02:16.630+0000] {logging_mixin.py:149} INFO - [2026-03-14T23:02:16.630+0000] {dagbag.py:541} INFO - Filling up the DagBag from /opt/airflow/dags/dag.py
[2026-03-14T23:02:16.637+0000] {processor.py:809} INFO - DAG(s) dict_keys(['dag_postgres_single_api_test']) retrieved from /opt/airflow/dags/dag.py
[2026-03-14T23:02:16.662+0000] {logging_mixin.py:149} INFO - [2026-03-14T23:02:16.662+0000] {dag.py:2726} INFO - Sync 1 DAGs
[2026-03-14T23:02:16.677+0000] {logging_mixin.py:149} INFO - [2026-03-14T23:02:16.677+0000] {dag.py:3490} INFO - Setting next_dagrun for dag_postgres_single_api_test to None, run_after=None
[2026-03-14T23:02:16.687+0000] {processor.py:178} INFO - Processing /opt/airflow/dags/dag.py took 0.062 seconds
[2026-03-14T23:02:46.919+0000] {processor.py:156} INFO - Started process (PID=4107) to work on /opt/airflow/dags/dag.py
[2026-03-14T23:02:46.921+0000] {processor.py:799} INFO - Processing file /opt/airflow/dags/dag.py for tasks to queue
[2026-03-14T23:02:46.921+0000] {logging_mixin.py:149} INFO - [2026-03-14T23:02:46.921+0000] {dagbag.py:541} INFO - Filling up the DagBag from /opt/airflow/dags/dag.py
[2026-03-14T23:02:46.929+0000] {processor.py:809} INFO - DAG(s) dict_keys(['dag_postgres_single_api_test']) retrieved from /opt/airflow/dags/dag.py
[2026-03-14T23:02:46.953+0000] {logging_mixin.py:149} INFO - [2026-03-14T23:02:46.953+0000] {dag.py:2726} INFO - Sync 1 DAGs
[2026-03-14T23:02:46.973+0000] {logging_mixin.py:149} INFO - [2026-03-14T23:02:46.973+0000] {dag.py:3490} INFO - Setting next_dagrun for dag_postgres_single_api_test to None, run_after=None
[2026-03-14T23:02:46.984+0000] {processor.py:178} INFO - Processing /opt/airflow/dags/dag.py took 0.068 seconds
[2026-03-14T23:03:17.254+0000] {processor.py:156} INFO - Started process (PID=4139) to work on /opt/airflow/dags/dag.py
[2026-03-14T23:03:17.255+0000] {processor.py:799} INFO - Processing file /opt/airflow/dags/dag.py for tasks to queue
[2026-03-14T23:03:17.256+0000] {logging_mixin.py:149} INFO - [2026-03-14T23:03:17.256+0000] {dagbag.py:541} INFO - Filling up the DagBag from /opt/airflow/dags/dag.py
[2026-03-14T23:03:17.265+0000] {processor.py:809} INFO - DAG(s) dict_keys(['dag_postgres_single_api_test']) retrieved from /opt/airflow/dags/dag.py
[2026-03-14T23:03:17.285+0000] {logging_mixin.py:149} INFO - [2026-03-14T23:03:17.285+0000] {dag.py:2726} INFO - Sync 1 DAGs
[2026-03-14T23:03:17.296+0000] {logging_mixin.py:149} INFO - [2026-03-14T23:03:17.296+0000] {dag.py:3490} INFO - Setting next_dagrun for dag_postgres_single_api_test to None, run_after=None
[2026-03-14T23:03:17.305+0000] {processor.py:178} INFO - Processing /opt/airflow/dags/dag.py took 0.053 seconds
[2026-03-14T23:03:47.592+0000] {processor.py:156} INFO - Started process (PID=4171) to work on /opt/airflow/dags/dag.py
[2026-03-14T23:03:47.594+0000] {processor.py:799} INFO - Processing file /opt/airflow/dags/dag.py for tasks to queue
[2026-03-14T23:03:47.594+0000] {logging_mixin.py:149} INFO - [2026-03-14T23:03:47.594+0000] {dagbag.py:541} INFO - Filling up the DagBag from /opt/airflow/dags/dag.py
[2026-03-14T23:03:47.601+0000] {processor.py:809} INFO - DAG(s) dict_keys(['dag_postgres_single_api_test']) retrieved from /opt/airflow/dags/dag.py
[2026-03-14T23:03:47.619+0000] {logging_mixin.py:149} INFO - [2026-03-14T23:03:47.619+0000] {dag.py:2726} INFO - Sync 1 DAGs
[2026-03-14T23:03:47.633+0000] {logging_mixin.py:149} INFO - [2026-03-14T23:03:47.632+0000] {dag.py:3490} INFO - Setting next_dagrun for dag_postgres_single_api_test to None, run_after=None
[2026-03-14T23:03:47.644+0000] {processor.py:178} INFO - Processing /opt/airflow/dags/dag.py took 0.055 seconds
[2026-03-14T23:04:17.937+0000] {processor.py:156} INFO - Started process (PID=4203) to work on /opt/airflow/dags/dag.py
[2026-03-14T23:04:17.938+0000] {processor.py:799} INFO - Processing file /opt/airflow/dags/dag.py for tasks to queue
[2026-03-14T23:04:17.939+0000] {logging_mixin.py:149} INFO - [2026-03-14T23:04:17.939+0000] {dagbag.py:541} INFO - Filling up the DagBag from /opt/airflow/dags/dag.py
[2026-03-14T23:04:17.946+0000] {processor.py:809} INFO - DAG(s) dict_keys(['dag_postgres_single_api_test']) retrieved from /opt/airflow/dags/dag.py
[2026-03-14T23:04:17.963+0000] {logging_mixin.py:149} INFO - [2026-03-14T23:04:17.963+0000] {dag.py:2726} INFO - Sync 1 DAGs
[2026-03-14T23:04:17.981+0000] {logging_mixin.py:149} INFO - [2026-03-14T23:04:17.981+0000] {dag.py:3490} INFO - Setting next_dagrun for dag_postgres_single_api_test to None, run_after=None
[2026-03-14T23:04:17.992+0000] {processor.py:178} INFO - Processing /opt/airflow/dags/dag.py took 0.058 seconds
