[2026-03-14T18:22:48.189+0000] {processor.py:156} INFO - Started process (PID=32) to work on /opt/airflow/dags/dag2.py
[2026-03-14T18:22:48.189+0000] {processor.py:799} INFO - Processing file /opt/airflow/dags/dag2.py for tasks to queue
[2026-03-14T18:22:48.190+0000] {logging_mixin.py:149} INFO - [2026-03-14T18:22:48.190+0000] {dagbag.py:541} INFO - Filling up the DagBag from /opt/airflow/dags/dag2.py
[2026-03-14T18:22:48.963+0000] {logging_mixin.py:149} INFO - [2026-03-14T18:22:48.961+0000] {dagbag.py:350} ERROR - Failed to import: /opt/airflow/dags/dag2.py
Traceback (most recent call last):
  File "/home/airflow/.local/lib/python3.7/site-packages/airflow/models/dagbag.py", line 346, in parse
    loader.exec_module(new_module)
  File "<frozen importlib._bootstrap_external>", line 728, in exec_module
  File "<frozen importlib._bootstrap>", line 219, in _call_with_frames_removed
  File "/opt/airflow/dags/dag2.py", line 26, in <module>
    from sklearn.ensemble import RandomForestClassifier   # El modelo que vamos a entrenar
ModuleNotFoundError: No module named 'sklearn'
[2026-03-14T18:22:48.963+0000] {processor.py:811} WARNING - No viable dags retrieved from /opt/airflow/dags/dag2.py
[2026-03-14T18:22:48.971+0000] {processor.py:178} INFO - Processing /opt/airflow/dags/dag2.py took 0.784 seconds
[2026-03-14T18:23:19.587+0000] {processor.py:156} INFO - Started process (PID=59) to work on /opt/airflow/dags/dag2.py
[2026-03-14T18:23:19.588+0000] {processor.py:799} INFO - Processing file /opt/airflow/dags/dag2.py for tasks to queue
[2026-03-14T18:23:19.589+0000] {logging_mixin.py:149} INFO - [2026-03-14T18:23:19.588+0000] {dagbag.py:541} INFO - Filling up the DagBag from /opt/airflow/dags/dag2.py
[2026-03-14T18:23:19.741+0000] {logging_mixin.py:149} INFO - [2026-03-14T18:23:19.740+0000] {dagbag.py:350} ERROR - Failed to import: /opt/airflow/dags/dag2.py
Traceback (most recent call last):
  File "/home/airflow/.local/lib/python3.7/site-packages/airflow/models/dagbag.py", line 346, in parse
    loader.exec_module(new_module)
  File "<frozen importlib._bootstrap_external>", line 728, in exec_module
  File "<frozen importlib._bootstrap>", line 219, in _call_with_frames_removed
  File "/opt/airflow/dags/dag2.py", line 26, in <module>
    from sklearn.ensemble import RandomForestClassifier   # El modelo que vamos a entrenar
ModuleNotFoundError: No module named 'sklearn'
[2026-03-14T18:23:19.742+0000] {processor.py:811} WARNING - No viable dags retrieved from /opt/airflow/dags/dag2.py
[2026-03-14T18:23:19.748+0000] {processor.py:178} INFO - Processing /opt/airflow/dags/dag2.py took 0.164 seconds
[2026-03-14T18:23:49.920+0000] {processor.py:156} INFO - Started process (PID=78) to work on /opt/airflow/dags/dag2.py
[2026-03-14T18:23:49.921+0000] {processor.py:799} INFO - Processing file /opt/airflow/dags/dag2.py for tasks to queue
[2026-03-14T18:23:49.922+0000] {logging_mixin.py:149} INFO - [2026-03-14T18:23:49.922+0000] {dagbag.py:541} INFO - Filling up the DagBag from /opt/airflow/dags/dag2.py
[2026-03-14T18:23:50.078+0000] {logging_mixin.py:149} INFO - [2026-03-14T18:23:50.076+0000] {dagbag.py:350} ERROR - Failed to import: /opt/airflow/dags/dag2.py
Traceback (most recent call last):
  File "/home/airflow/.local/lib/python3.7/site-packages/airflow/models/dagbag.py", line 346, in parse
    loader.exec_module(new_module)
  File "<frozen importlib._bootstrap_external>", line 728, in exec_module
  File "<frozen importlib._bootstrap>", line 219, in _call_with_frames_removed
  File "/opt/airflow/dags/dag2.py", line 26, in <module>
    from sklearn.ensemble import RandomForestClassifier   # El modelo que vamos a entrenar
ModuleNotFoundError: No module named 'sklearn'
[2026-03-14T18:23:50.078+0000] {processor.py:811} WARNING - No viable dags retrieved from /opt/airflow/dags/dag2.py
[2026-03-14T18:23:50.084+0000] {processor.py:178} INFO - Processing /opt/airflow/dags/dag2.py took 0.169 seconds
[2026-03-14T18:24:20.239+0000] {processor.py:156} INFO - Started process (PID=97) to work on /opt/airflow/dags/dag2.py
[2026-03-14T18:24:20.240+0000] {processor.py:799} INFO - Processing file /opt/airflow/dags/dag2.py for tasks to queue
[2026-03-14T18:24:20.240+0000] {logging_mixin.py:149} INFO - [2026-03-14T18:24:20.240+0000] {dagbag.py:541} INFO - Filling up the DagBag from /opt/airflow/dags/dag2.py
[2026-03-14T18:24:20.386+0000] {logging_mixin.py:149} INFO - [2026-03-14T18:24:20.384+0000] {dagbag.py:350} ERROR - Failed to import: /opt/airflow/dags/dag2.py
Traceback (most recent call last):
  File "/home/airflow/.local/lib/python3.7/site-packages/airflow/models/dagbag.py", line 346, in parse
    loader.exec_module(new_module)
  File "<frozen importlib._bootstrap_external>", line 728, in exec_module
  File "<frozen importlib._bootstrap>", line 219, in _call_with_frames_removed
  File "/opt/airflow/dags/dag2.py", line 26, in <module>
    from sklearn.ensemble import RandomForestClassifier   # El modelo que vamos a entrenar
ModuleNotFoundError: No module named 'sklearn'
[2026-03-14T18:24:20.386+0000] {processor.py:811} WARNING - No viable dags retrieved from /opt/airflow/dags/dag2.py
[2026-03-14T18:24:20.392+0000] {processor.py:178} INFO - Processing /opt/airflow/dags/dag2.py took 0.158 seconds
[2026-03-14T18:24:50.565+0000] {processor.py:156} INFO - Started process (PID=116) to work on /opt/airflow/dags/dag2.py
[2026-03-14T18:24:50.566+0000] {processor.py:799} INFO - Processing file /opt/airflow/dags/dag2.py for tasks to queue
[2026-03-14T18:24:50.567+0000] {logging_mixin.py:149} INFO - [2026-03-14T18:24:50.567+0000] {dagbag.py:541} INFO - Filling up the DagBag from /opt/airflow/dags/dag2.py
[2026-03-14T18:24:50.717+0000] {logging_mixin.py:149} INFO - [2026-03-14T18:24:50.715+0000] {dagbag.py:350} ERROR - Failed to import: /opt/airflow/dags/dag2.py
Traceback (most recent call last):
  File "/home/airflow/.local/lib/python3.7/site-packages/airflow/models/dagbag.py", line 346, in parse
    loader.exec_module(new_module)
  File "<frozen importlib._bootstrap_external>", line 728, in exec_module
  File "<frozen importlib._bootstrap>", line 219, in _call_with_frames_removed
  File "/opt/airflow/dags/dag2.py", line 26, in <module>
    from sklearn.ensemble import RandomForestClassifier   # El modelo que vamos a entrenar
ModuleNotFoundError: No module named 'sklearn'
[2026-03-14T18:24:50.717+0000] {processor.py:811} WARNING - No viable dags retrieved from /opt/airflow/dags/dag2.py
[2026-03-14T18:24:50.723+0000] {processor.py:178} INFO - Processing /opt/airflow/dags/dag2.py took 0.162 seconds
[2026-03-14T18:25:20.860+0000] {processor.py:156} INFO - Started process (PID=135) to work on /opt/airflow/dags/dag2.py
[2026-03-14T18:25:20.861+0000] {processor.py:799} INFO - Processing file /opt/airflow/dags/dag2.py for tasks to queue
[2026-03-14T18:25:20.862+0000] {logging_mixin.py:149} INFO - [2026-03-14T18:25:20.862+0000] {dagbag.py:541} INFO - Filling up the DagBag from /opt/airflow/dags/dag2.py
[2026-03-14T18:25:21.007+0000] {logging_mixin.py:149} INFO - [2026-03-14T18:25:21.006+0000] {dagbag.py:350} ERROR - Failed to import: /opt/airflow/dags/dag2.py
Traceback (most recent call last):
  File "/home/airflow/.local/lib/python3.7/site-packages/airflow/models/dagbag.py", line 346, in parse
    loader.exec_module(new_module)
  File "<frozen importlib._bootstrap_external>", line 728, in exec_module
  File "<frozen importlib._bootstrap>", line 219, in _call_with_frames_removed
  File "/opt/airflow/dags/dag2.py", line 26, in <module>
    from sklearn.ensemble import RandomForestClassifier   # El modelo que vamos a entrenar
ModuleNotFoundError: No module named 'sklearn'
[2026-03-14T18:25:21.007+0000] {processor.py:811} WARNING - No viable dags retrieved from /opt/airflow/dags/dag2.py
[2026-03-14T18:25:21.013+0000] {processor.py:178} INFO - Processing /opt/airflow/dags/dag2.py took 0.157 seconds
[2026-03-14T18:25:51.201+0000] {processor.py:156} INFO - Started process (PID=154) to work on /opt/airflow/dags/dag2.py
[2026-03-14T18:25:51.202+0000] {processor.py:799} INFO - Processing file /opt/airflow/dags/dag2.py for tasks to queue
[2026-03-14T18:25:51.203+0000] {logging_mixin.py:149} INFO - [2026-03-14T18:25:51.203+0000] {dagbag.py:541} INFO - Filling up the DagBag from /opt/airflow/dags/dag2.py
[2026-03-14T18:25:51.352+0000] {logging_mixin.py:149} INFO - [2026-03-14T18:25:51.351+0000] {dagbag.py:350} ERROR - Failed to import: /opt/airflow/dags/dag2.py
Traceback (most recent call last):
  File "/home/airflow/.local/lib/python3.7/site-packages/airflow/models/dagbag.py", line 346, in parse
    loader.exec_module(new_module)
  File "<frozen importlib._bootstrap_external>", line 728, in exec_module
  File "<frozen importlib._bootstrap>", line 219, in _call_with_frames_removed
  File "/opt/airflow/dags/dag2.py", line 26, in <module>
    from sklearn.ensemble import RandomForestClassifier   # El modelo que vamos a entrenar
ModuleNotFoundError: No module named 'sklearn'
[2026-03-14T18:25:51.352+0000] {processor.py:811} WARNING - No viable dags retrieved from /opt/airflow/dags/dag2.py
[2026-03-14T18:25:51.358+0000] {processor.py:178} INFO - Processing /opt/airflow/dags/dag2.py took 0.161 seconds
[2026-03-14T18:26:21.532+0000] {processor.py:156} INFO - Started process (PID=173) to work on /opt/airflow/dags/dag2.py
[2026-03-14T18:26:21.533+0000] {processor.py:799} INFO - Processing file /opt/airflow/dags/dag2.py for tasks to queue
[2026-03-14T18:26:21.534+0000] {logging_mixin.py:149} INFO - [2026-03-14T18:26:21.534+0000] {dagbag.py:541} INFO - Filling up the DagBag from /opt/airflow/dags/dag2.py
[2026-03-14T18:26:21.684+0000] {logging_mixin.py:149} INFO - [2026-03-14T18:26:21.683+0000] {dagbag.py:350} ERROR - Failed to import: /opt/airflow/dags/dag2.py
Traceback (most recent call last):
  File "/home/airflow/.local/lib/python3.7/site-packages/airflow/models/dagbag.py", line 346, in parse
    loader.exec_module(new_module)
  File "<frozen importlib._bootstrap_external>", line 728, in exec_module
  File "<frozen importlib._bootstrap>", line 219, in _call_with_frames_removed
  File "/opt/airflow/dags/dag2.py", line 26, in <module>
    from sklearn.ensemble import RandomForestClassifier   # El modelo que vamos a entrenar
ModuleNotFoundError: No module named 'sklearn'
[2026-03-14T18:26:21.684+0000] {processor.py:811} WARNING - No viable dags retrieved from /opt/airflow/dags/dag2.py
[2026-03-14T18:26:21.690+0000] {processor.py:178} INFO - Processing /opt/airflow/dags/dag2.py took 0.161 seconds
[2026-03-14T18:26:51.825+0000] {processor.py:156} INFO - Started process (PID=192) to work on /opt/airflow/dags/dag2.py
[2026-03-14T18:26:51.826+0000] {processor.py:799} INFO - Processing file /opt/airflow/dags/dag2.py for tasks to queue
[2026-03-14T18:26:51.827+0000] {logging_mixin.py:149} INFO - [2026-03-14T18:26:51.827+0000] {dagbag.py:541} INFO - Filling up the DagBag from /opt/airflow/dags/dag2.py
[2026-03-14T18:26:51.972+0000] {logging_mixin.py:149} INFO - [2026-03-14T18:26:51.971+0000] {dagbag.py:350} ERROR - Failed to import: /opt/airflow/dags/dag2.py
Traceback (most recent call last):
  File "/home/airflow/.local/lib/python3.7/site-packages/airflow/models/dagbag.py", line 346, in parse
    loader.exec_module(new_module)
  File "<frozen importlib._bootstrap_external>", line 728, in exec_module
  File "<frozen importlib._bootstrap>", line 219, in _call_with_frames_removed
  File "/opt/airflow/dags/dag2.py", line 26, in <module>
    from sklearn.ensemble import RandomForestClassifier   # El modelo que vamos a entrenar
ModuleNotFoundError: No module named 'sklearn'
[2026-03-14T18:26:51.972+0000] {processor.py:811} WARNING - No viable dags retrieved from /opt/airflow/dags/dag2.py
[2026-03-14T18:26:51.979+0000] {processor.py:178} INFO - Processing /opt/airflow/dags/dag2.py took 0.158 seconds
[2026-03-14T18:27:22.216+0000] {processor.py:156} INFO - Started process (PID=211) to work on /opt/airflow/dags/dag2.py
[2026-03-14T18:27:22.217+0000] {processor.py:799} INFO - Processing file /opt/airflow/dags/dag2.py for tasks to queue
[2026-03-14T18:27:22.218+0000] {logging_mixin.py:149} INFO - [2026-03-14T18:27:22.218+0000] {dagbag.py:541} INFO - Filling up the DagBag from /opt/airflow/dags/dag2.py
[2026-03-14T18:27:22.368+0000] {logging_mixin.py:149} INFO - [2026-03-14T18:27:22.367+0000] {dagbag.py:350} ERROR - Failed to import: /opt/airflow/dags/dag2.py
Traceback (most recent call last):
  File "/home/airflow/.local/lib/python3.7/site-packages/airflow/models/dagbag.py", line 346, in parse
    loader.exec_module(new_module)
  File "<frozen importlib._bootstrap_external>", line 728, in exec_module
  File "<frozen importlib._bootstrap>", line 219, in _call_with_frames_removed
  File "/opt/airflow/dags/dag2.py", line 26, in <module>
    from sklearn.ensemble import RandomForestClassifier   # El modelo que vamos a entrenar
ModuleNotFoundError: No module named 'sklearn'
[2026-03-14T18:27:22.369+0000] {processor.py:811} WARNING - No viable dags retrieved from /opt/airflow/dags/dag2.py
[2026-03-14T18:27:22.375+0000] {processor.py:178} INFO - Processing /opt/airflow/dags/dag2.py took 0.164 seconds
[2026-03-14T18:27:52.490+0000] {processor.py:156} INFO - Started process (PID=230) to work on /opt/airflow/dags/dag2.py
[2026-03-14T18:27:52.491+0000] {processor.py:799} INFO - Processing file /opt/airflow/dags/dag2.py for tasks to queue
[2026-03-14T18:27:52.492+0000] {logging_mixin.py:149} INFO - [2026-03-14T18:27:52.492+0000] {dagbag.py:541} INFO - Filling up the DagBag from /opt/airflow/dags/dag2.py
[2026-03-14T18:27:52.649+0000] {logging_mixin.py:149} INFO - [2026-03-14T18:27:52.648+0000] {dagbag.py:350} ERROR - Failed to import: /opt/airflow/dags/dag2.py
Traceback (most recent call last):
  File "/home/airflow/.local/lib/python3.7/site-packages/airflow/models/dagbag.py", line 346, in parse
    loader.exec_module(new_module)
  File "<frozen importlib._bootstrap_external>", line 728, in exec_module
  File "<frozen importlib._bootstrap>", line 219, in _call_with_frames_removed
  File "/opt/airflow/dags/dag2.py", line 26, in <module>
    from sklearn.ensemble import RandomForestClassifier   # El modelo que vamos a entrenar
ModuleNotFoundError: No module named 'sklearn'
[2026-03-14T18:27:52.650+0000] {processor.py:811} WARNING - No viable dags retrieved from /opt/airflow/dags/dag2.py
[2026-03-14T18:27:52.657+0000] {processor.py:178} INFO - Processing /opt/airflow/dags/dag2.py took 0.170 seconds
[2026-03-14T18:28:35.945+0000] {processor.py:156} INFO - Started process (PID=32) to work on /opt/airflow/dags/dag2.py
[2026-03-14T18:28:35.946+0000] {processor.py:799} INFO - Processing file /opt/airflow/dags/dag2.py for tasks to queue
[2026-03-14T18:28:35.947+0000] {logging_mixin.py:149} INFO - [2026-03-14T18:28:35.946+0000] {dagbag.py:541} INFO - Filling up the DagBag from /opt/airflow/dags/dag2.py
[2026-03-14T18:28:36.496+0000] {logging_mixin.py:149} INFO - [2026-03-14T18:28:36.495+0000] {dagbag.py:350} ERROR - Failed to import: /opt/airflow/dags/dag2.py
Traceback (most recent call last):
  File "/home/airflow/.local/lib/python3.7/site-packages/airflow/models/dagbag.py", line 346, in parse
    loader.exec_module(new_module)
  File "<frozen importlib._bootstrap_external>", line 728, in exec_module
  File "<frozen importlib._bootstrap>", line 219, in _call_with_frames_removed
  File "/opt/airflow/dags/dag2.py", line 26, in <module>
    from sklearn.ensemble import RandomForestClassifier   # El modelo que vamos a entrenar
ModuleNotFoundError: No module named 'sklearn'
[2026-03-14T18:28:36.496+0000] {processor.py:811} WARNING - No viable dags retrieved from /opt/airflow/dags/dag2.py
[2026-03-14T18:28:36.503+0000] {processor.py:178} INFO - Processing /opt/airflow/dags/dag2.py took 0.559 seconds
[2026-03-14T18:29:07.351+0000] {processor.py:156} INFO - Started process (PID=59) to work on /opt/airflow/dags/dag2.py
[2026-03-14T18:29:07.352+0000] {processor.py:799} INFO - Processing file /opt/airflow/dags/dag2.py for tasks to queue
[2026-03-14T18:29:07.352+0000] {logging_mixin.py:149} INFO - [2026-03-14T18:29:07.352+0000] {dagbag.py:541} INFO - Filling up the DagBag from /opt/airflow/dags/dag2.py
[2026-03-14T18:29:07.515+0000] {logging_mixin.py:149} INFO - [2026-03-14T18:29:07.513+0000] {dagbag.py:350} ERROR - Failed to import: /opt/airflow/dags/dag2.py
Traceback (most recent call last):
  File "/home/airflow/.local/lib/python3.7/site-packages/airflow/models/dagbag.py", line 346, in parse
    loader.exec_module(new_module)
  File "<frozen importlib._bootstrap_external>", line 728, in exec_module
  File "<frozen importlib._bootstrap>", line 219, in _call_with_frames_removed
  File "/opt/airflow/dags/dag2.py", line 26, in <module>
    from sklearn.ensemble import RandomForestClassifier   # El modelo que vamos a entrenar
ModuleNotFoundError: No module named 'sklearn'
[2026-03-14T18:29:07.515+0000] {processor.py:811} WARNING - No viable dags retrieved from /opt/airflow/dags/dag2.py
[2026-03-14T18:29:07.521+0000] {processor.py:178} INFO - Processing /opt/airflow/dags/dag2.py took 0.174 seconds
[2026-03-14T18:29:37.679+0000] {processor.py:156} INFO - Started process (PID=78) to work on /opt/airflow/dags/dag2.py
[2026-03-14T18:29:37.680+0000] {processor.py:799} INFO - Processing file /opt/airflow/dags/dag2.py for tasks to queue
[2026-03-14T18:29:37.681+0000] {logging_mixin.py:149} INFO - [2026-03-14T18:29:37.680+0000] {dagbag.py:541} INFO - Filling up the DagBag from /opt/airflow/dags/dag2.py
[2026-03-14T18:29:37.847+0000] {logging_mixin.py:149} INFO - [2026-03-14T18:29:37.845+0000] {dagbag.py:350} ERROR - Failed to import: /opt/airflow/dags/dag2.py
Traceback (most recent call last):
  File "/home/airflow/.local/lib/python3.7/site-packages/airflow/models/dagbag.py", line 346, in parse
    loader.exec_module(new_module)
  File "<frozen importlib._bootstrap_external>", line 728, in exec_module
  File "<frozen importlib._bootstrap>", line 219, in _call_with_frames_removed
  File "/opt/airflow/dags/dag2.py", line 26, in <module>
    from sklearn.ensemble import RandomForestClassifier   # El modelo que vamos a entrenar
ModuleNotFoundError: No module named 'sklearn'
[2026-03-14T18:29:37.847+0000] {processor.py:811} WARNING - No viable dags retrieved from /opt/airflow/dags/dag2.py
[2026-03-14T18:29:37.854+0000] {processor.py:178} INFO - Processing /opt/airflow/dags/dag2.py took 0.179 seconds
[2026-03-14T18:30:27.691+0000] {processor.py:156} INFO - Started process (PID=32) to work on /opt/airflow/dags/dag2.py
[2026-03-14T18:30:27.692+0000] {processor.py:799} INFO - Processing file /opt/airflow/dags/dag2.py for tasks to queue
[2026-03-14T18:30:27.693+0000] {logging_mixin.py:149} INFO - [2026-03-14T18:30:27.693+0000] {dagbag.py:541} INFO - Filling up the DagBag from /opt/airflow/dags/dag2.py
[2026-03-14T18:30:28.517+0000] {processor.py:809} INFO - DAG(s) dict_keys(['dag_mlops_full_pipeline']) retrieved from /opt/airflow/dags/dag2.py
[2026-03-14T18:30:28.601+0000] {logging_mixin.py:149} INFO - [2026-03-14T18:30:28.601+0000] {manager.py:504} INFO - Created Permission View: can delete on DAG:dag_mlops_full_pipeline
[2026-03-14T18:30:28.604+0000] {logging_mixin.py:149} INFO - [2026-03-14T18:30:28.604+0000] {manager.py:504} INFO - Created Permission View: can edit on DAG:dag_mlops_full_pipeline
[2026-03-14T18:30:28.606+0000] {logging_mixin.py:149} INFO - [2026-03-14T18:30:28.606+0000] {manager.py:504} INFO - Created Permission View: can read on DAG:dag_mlops_full_pipeline
[2026-03-14T18:30:28.606+0000] {logging_mixin.py:149} INFO - [2026-03-14T18:30:28.606+0000] {dag.py:2726} INFO - Sync 1 DAGs
[2026-03-14T18:30:28.612+0000] {logging_mixin.py:149} INFO - [2026-03-14T18:30:28.612+0000] {dag.py:2747} INFO - Creating ORM DAG for dag_mlops_full_pipeline
[2026-03-14T18:30:28.617+0000] {logging_mixin.py:149} INFO - [2026-03-14T18:30:28.617+0000] {dag.py:3490} INFO - Setting next_dagrun for dag_mlops_full_pipeline to None, run_after=None
[2026-03-14T18:30:28.629+0000] {processor.py:178} INFO - Processing /opt/airflow/dags/dag2.py took 0.940 seconds
[2026-03-14T18:30:58.847+0000] {processor.py:156} INFO - Started process (PID=58) to work on /opt/airflow/dags/dag2.py
[2026-03-14T18:30:58.848+0000] {processor.py:799} INFO - Processing file /opt/airflow/dags/dag2.py for tasks to queue
[2026-03-14T18:30:58.848+0000] {logging_mixin.py:149} INFO - [2026-03-14T18:30:58.848+0000] {dagbag.py:541} INFO - Filling up the DagBag from /opt/airflow/dags/dag2.py
[2026-03-14T18:30:59.162+0000] {processor.py:809} INFO - DAG(s) dict_keys(['dag_mlops_full_pipeline']) retrieved from /opt/airflow/dags/dag2.py
[2026-03-14T18:30:59.171+0000] {logging_mixin.py:149} INFO - [2026-03-14T18:30:59.171+0000] {dag.py:2726} INFO - Sync 1 DAGs
[2026-03-14T18:30:59.179+0000] {logging_mixin.py:149} INFO - [2026-03-14T18:30:59.179+0000] {dag.py:3490} INFO - Setting next_dagrun for dag_mlops_full_pipeline to None, run_after=None
[2026-03-14T18:30:59.185+0000] {processor.py:178} INFO - Processing /opt/airflow/dags/dag2.py took 0.341 seconds
[2026-03-14T18:31:29.220+0000] {processor.py:156} INFO - Started process (PID=78) to work on /opt/airflow/dags/dag2.py
[2026-03-14T18:31:29.221+0000] {processor.py:799} INFO - Processing file /opt/airflow/dags/dag2.py for tasks to queue
[2026-03-14T18:31:29.221+0000] {logging_mixin.py:149} INFO - [2026-03-14T18:31:29.221+0000] {dagbag.py:541} INFO - Filling up the DagBag from /opt/airflow/dags/dag2.py
[2026-03-14T18:31:29.551+0000] {processor.py:809} INFO - DAG(s) dict_keys(['dag_mlops_full_pipeline']) retrieved from /opt/airflow/dags/dag2.py
[2026-03-14T18:31:29.560+0000] {logging_mixin.py:149} INFO - [2026-03-14T18:31:29.559+0000] {dag.py:2726} INFO - Sync 1 DAGs
[2026-03-14T18:31:29.568+0000] {logging_mixin.py:149} INFO - [2026-03-14T18:31:29.568+0000] {dag.py:3490} INFO - Setting next_dagrun for dag_mlops_full_pipeline to None, run_after=None
[2026-03-14T18:31:29.574+0000] {processor.py:178} INFO - Processing /opt/airflow/dags/dag2.py took 0.355 seconds
[2026-03-14T18:32:00.463+0000] {processor.py:156} INFO - Started process (PID=97) to work on /opt/airflow/dags/dag2.py
[2026-03-14T18:32:00.464+0000] {processor.py:799} INFO - Processing file /opt/airflow/dags/dag2.py for tasks to queue
[2026-03-14T18:32:00.464+0000] {logging_mixin.py:149} INFO - [2026-03-14T18:32:00.464+0000] {dagbag.py:541} INFO - Filling up the DagBag from /opt/airflow/dags/dag2.py
[2026-03-14T18:32:00.768+0000] {processor.py:809} INFO - DAG(s) dict_keys(['dag_mlops_full_pipeline']) retrieved from /opt/airflow/dags/dag2.py
[2026-03-14T18:32:00.777+0000] {logging_mixin.py:149} INFO - [2026-03-14T18:32:00.777+0000] {dag.py:2726} INFO - Sync 1 DAGs
[2026-03-14T18:32:00.784+0000] {logging_mixin.py:149} INFO - [2026-03-14T18:32:00.784+0000] {dag.py:3490} INFO - Setting next_dagrun for dag_mlops_full_pipeline to None, run_after=None
[2026-03-14T18:32:00.790+0000] {processor.py:178} INFO - Processing /opt/airflow/dags/dag2.py took 0.331 seconds
[2026-03-14T18:32:31.741+0000] {processor.py:156} INFO - Started process (PID=116) to work on /opt/airflow/dags/dag2.py
[2026-03-14T18:32:31.742+0000] {processor.py:799} INFO - Processing file /opt/airflow/dags/dag2.py for tasks to queue
[2026-03-14T18:32:31.742+0000] {logging_mixin.py:149} INFO - [2026-03-14T18:32:31.742+0000] {dagbag.py:541} INFO - Filling up the DagBag from /opt/airflow/dags/dag2.py
[2026-03-14T18:32:32.061+0000] {processor.py:809} INFO - DAG(s) dict_keys(['dag_mlops_full_pipeline']) retrieved from /opt/airflow/dags/dag2.py
[2026-03-14T18:32:32.070+0000] {logging_mixin.py:149} INFO - [2026-03-14T18:32:32.070+0000] {dag.py:2726} INFO - Sync 1 DAGs
[2026-03-14T18:32:32.078+0000] {logging_mixin.py:149} INFO - [2026-03-14T18:32:32.078+0000] {dag.py:3490} INFO - Setting next_dagrun for dag_mlops_full_pipeline to None, run_after=None
[2026-03-14T18:32:32.085+0000] {processor.py:178} INFO - Processing /opt/airflow/dags/dag2.py took 0.347 seconds
[2026-03-14T18:33:03.025+0000] {processor.py:156} INFO - Started process (PID=135) to work on /opt/airflow/dags/dag2.py
[2026-03-14T18:33:03.026+0000] {processor.py:799} INFO - Processing file /opt/airflow/dags/dag2.py for tasks to queue
[2026-03-14T18:33:03.026+0000] {logging_mixin.py:149} INFO - [2026-03-14T18:33:03.026+0000] {dagbag.py:541} INFO - Filling up the DagBag from /opt/airflow/dags/dag2.py
[2026-03-14T18:33:03.353+0000] {processor.py:809} INFO - DAG(s) dict_keys(['dag_mlops_full_pipeline']) retrieved from /opt/airflow/dags/dag2.py
[2026-03-14T18:33:03.363+0000] {logging_mixin.py:149} INFO - [2026-03-14T18:33:03.362+0000] {dag.py:2726} INFO - Sync 1 DAGs
[2026-03-14T18:33:03.371+0000] {logging_mixin.py:149} INFO - [2026-03-14T18:33:03.371+0000] {dag.py:3490} INFO - Setting next_dagrun for dag_mlops_full_pipeline to None, run_after=None
[2026-03-14T18:33:03.378+0000] {processor.py:178} INFO - Processing /opt/airflow/dags/dag2.py took 0.356 seconds
[2026-03-14T18:33:34.282+0000] {processor.py:156} INFO - Started process (PID=154) to work on /opt/airflow/dags/dag2.py
[2026-03-14T18:33:34.283+0000] {processor.py:799} INFO - Processing file /opt/airflow/dags/dag2.py for tasks to queue
[2026-03-14T18:33:34.283+0000] {logging_mixin.py:149} INFO - [2026-03-14T18:33:34.283+0000] {dagbag.py:541} INFO - Filling up the DagBag from /opt/airflow/dags/dag2.py
[2026-03-14T18:33:34.683+0000] {processor.py:809} INFO - DAG(s) dict_keys(['dag_mlops_full_pipeline']) retrieved from /opt/airflow/dags/dag2.py
[2026-03-14T18:33:34.693+0000] {logging_mixin.py:149} INFO - [2026-03-14T18:33:34.693+0000] {dag.py:2726} INFO - Sync 1 DAGs
[2026-03-14T18:33:34.705+0000] {logging_mixin.py:149} INFO - [2026-03-14T18:33:34.705+0000] {dag.py:3490} INFO - Setting next_dagrun for dag_mlops_full_pipeline to None, run_after=None
[2026-03-14T18:33:34.713+0000] {processor.py:178} INFO - Processing /opt/airflow/dags/dag2.py took 0.432 seconds
[2026-03-14T18:34:05.574+0000] {processor.py:156} INFO - Started process (PID=173) to work on /opt/airflow/dags/dag2.py
[2026-03-14T18:34:05.575+0000] {processor.py:799} INFO - Processing file /opt/airflow/dags/dag2.py for tasks to queue
[2026-03-14T18:34:05.575+0000] {logging_mixin.py:149} INFO - [2026-03-14T18:34:05.575+0000] {dagbag.py:541} INFO - Filling up the DagBag from /opt/airflow/dags/dag2.py
[2026-03-14T18:34:05.925+0000] {processor.py:809} INFO - DAG(s) dict_keys(['dag_mlops_full_pipeline']) retrieved from /opt/airflow/dags/dag2.py
[2026-03-14T18:34:05.936+0000] {logging_mixin.py:149} INFO - [2026-03-14T18:34:05.936+0000] {dag.py:2726} INFO - Sync 1 DAGs
[2026-03-14T18:34:05.944+0000] {logging_mixin.py:149} INFO - [2026-03-14T18:34:05.944+0000] {dag.py:3490} INFO - Setting next_dagrun for dag_mlops_full_pipeline to None, run_after=None
[2026-03-14T18:34:05.951+0000] {processor.py:178} INFO - Processing /opt/airflow/dags/dag2.py took 0.378 seconds
[2026-03-14T18:34:36.886+0000] {processor.py:156} INFO - Started process (PID=192) to work on /opt/airflow/dags/dag2.py
[2026-03-14T18:34:36.887+0000] {processor.py:799} INFO - Processing file /opt/airflow/dags/dag2.py for tasks to queue
[2026-03-14T18:34:36.888+0000] {logging_mixin.py:149} INFO - [2026-03-14T18:34:36.888+0000] {dagbag.py:541} INFO - Filling up the DagBag from /opt/airflow/dags/dag2.py
[2026-03-14T18:34:37.199+0000] {processor.py:809} INFO - DAG(s) dict_keys(['dag_mlops_full_pipeline']) retrieved from /opt/airflow/dags/dag2.py
[2026-03-14T18:34:37.207+0000] {logging_mixin.py:149} INFO - [2026-03-14T18:34:37.207+0000] {dag.py:2726} INFO - Sync 1 DAGs
[2026-03-14T18:34:37.215+0000] {logging_mixin.py:149} INFO - [2026-03-14T18:34:37.214+0000] {dag.py:3490} INFO - Setting next_dagrun for dag_mlops_full_pipeline to None, run_after=None
[2026-03-14T18:34:37.221+0000] {processor.py:178} INFO - Processing /opt/airflow/dags/dag2.py took 0.337 seconds
[2026-03-14T18:35:08.177+0000] {processor.py:156} INFO - Started process (PID=211) to work on /opt/airflow/dags/dag2.py
[2026-03-14T18:35:08.178+0000] {processor.py:799} INFO - Processing file /opt/airflow/dags/dag2.py for tasks to queue
[2026-03-14T18:35:08.178+0000] {logging_mixin.py:149} INFO - [2026-03-14T18:35:08.178+0000] {dagbag.py:541} INFO - Filling up the DagBag from /opt/airflow/dags/dag2.py
[2026-03-14T18:35:08.530+0000] {processor.py:809} INFO - DAG(s) dict_keys(['dag_mlops_full_pipeline']) retrieved from /opt/airflow/dags/dag2.py
[2026-03-14T18:35:08.539+0000] {logging_mixin.py:149} INFO - [2026-03-14T18:35:08.539+0000] {dag.py:2726} INFO - Sync 1 DAGs
[2026-03-14T18:35:08.548+0000] {logging_mixin.py:149} INFO - [2026-03-14T18:35:08.548+0000] {dag.py:3490} INFO - Setting next_dagrun for dag_mlops_full_pipeline to None, run_after=None
[2026-03-14T18:35:08.555+0000] {processor.py:178} INFO - Processing /opt/airflow/dags/dag2.py took 0.380 seconds
[2026-03-14T18:35:39.463+0000] {processor.py:156} INFO - Started process (PID=230) to work on /opt/airflow/dags/dag2.py
[2026-03-14T18:35:39.464+0000] {processor.py:799} INFO - Processing file /opt/airflow/dags/dag2.py for tasks to queue
[2026-03-14T18:35:39.464+0000] {logging_mixin.py:149} INFO - [2026-03-14T18:35:39.464+0000] {dagbag.py:541} INFO - Filling up the DagBag from /opt/airflow/dags/dag2.py
[2026-03-14T18:35:39.797+0000] {processor.py:809} INFO - DAG(s) dict_keys(['dag_mlops_full_pipeline']) retrieved from /opt/airflow/dags/dag2.py
[2026-03-14T18:35:39.805+0000] {logging_mixin.py:149} INFO - [2026-03-14T18:35:39.805+0000] {dag.py:2726} INFO - Sync 1 DAGs
[2026-03-14T18:35:39.813+0000] {logging_mixin.py:149} INFO - [2026-03-14T18:35:39.813+0000] {dag.py:3490} INFO - Setting next_dagrun for dag_mlops_full_pipeline to None, run_after=None
[2026-03-14T18:35:39.819+0000] {processor.py:178} INFO - Processing /opt/airflow/dags/dag2.py took 0.359 seconds
[2026-03-14T18:36:09.852+0000] {processor.py:156} INFO - Started process (PID=249) to work on /opt/airflow/dags/dag2.py
[2026-03-14T18:36:09.853+0000] {processor.py:799} INFO - Processing file /opt/airflow/dags/dag2.py for tasks to queue
[2026-03-14T18:36:09.853+0000] {logging_mixin.py:149} INFO - [2026-03-14T18:36:09.853+0000] {dagbag.py:541} INFO - Filling up the DagBag from /opt/airflow/dags/dag2.py
[2026-03-14T18:36:10.165+0000] {processor.py:809} INFO - DAG(s) dict_keys(['dag_mlops_full_pipeline']) retrieved from /opt/airflow/dags/dag2.py
[2026-03-14T18:36:10.174+0000] {logging_mixin.py:149} INFO - [2026-03-14T18:36:10.174+0000] {dag.py:2726} INFO - Sync 1 DAGs
[2026-03-14T18:36:10.182+0000] {logging_mixin.py:149} INFO - [2026-03-14T18:36:10.182+0000] {dag.py:3490} INFO - Setting next_dagrun for dag_mlops_full_pipeline to None, run_after=None
[2026-03-14T18:36:10.188+0000] {processor.py:178} INFO - Processing /opt/airflow/dags/dag2.py took 0.341 seconds
[2026-03-14T18:36:41.114+0000] {processor.py:156} INFO - Started process (PID=268) to work on /opt/airflow/dags/dag2.py
[2026-03-14T18:36:41.115+0000] {processor.py:799} INFO - Processing file /opt/airflow/dags/dag2.py for tasks to queue
[2026-03-14T18:36:41.116+0000] {logging_mixin.py:149} INFO - [2026-03-14T18:36:41.116+0000] {dagbag.py:541} INFO - Filling up the DagBag from /opt/airflow/dags/dag2.py
[2026-03-14T18:36:41.437+0000] {processor.py:809} INFO - DAG(s) dict_keys(['dag_mlops_full_pipeline']) retrieved from /opt/airflow/dags/dag2.py
[2026-03-14T18:36:41.446+0000] {logging_mixin.py:149} INFO - [2026-03-14T18:36:41.446+0000] {dag.py:2726} INFO - Sync 1 DAGs
[2026-03-14T18:36:41.454+0000] {logging_mixin.py:149} INFO - [2026-03-14T18:36:41.454+0000] {dag.py:3490} INFO - Setting next_dagrun for dag_mlops_full_pipeline to None, run_after=None
[2026-03-14T18:36:41.461+0000] {processor.py:178} INFO - Processing /opt/airflow/dags/dag2.py took 0.351 seconds
[2026-03-14T18:37:12.433+0000] {processor.py:156} INFO - Started process (PID=287) to work on /opt/airflow/dags/dag2.py
[2026-03-14T18:37:12.435+0000] {processor.py:799} INFO - Processing file /opt/airflow/dags/dag2.py for tasks to queue
[2026-03-14T18:37:12.436+0000] {logging_mixin.py:149} INFO - [2026-03-14T18:37:12.435+0000] {dagbag.py:541} INFO - Filling up the DagBag from /opt/airflow/dags/dag2.py
[2026-03-14T18:37:12.793+0000] {processor.py:809} INFO - DAG(s) dict_keys(['dag_mlops_full_pipeline']) retrieved from /opt/airflow/dags/dag2.py
[2026-03-14T18:37:12.803+0000] {logging_mixin.py:149} INFO - [2026-03-14T18:37:12.803+0000] {dag.py:2726} INFO - Sync 1 DAGs
[2026-03-14T18:37:12.812+0000] {logging_mixin.py:149} INFO - [2026-03-14T18:37:12.812+0000] {dag.py:3490} INFO - Setting next_dagrun for dag_mlops_full_pipeline to None, run_after=None
[2026-03-14T18:37:12.819+0000] {processor.py:178} INFO - Processing /opt/airflow/dags/dag2.py took 0.389 seconds
[2026-03-14T18:37:43.717+0000] {processor.py:156} INFO - Started process (PID=306) to work on /opt/airflow/dags/dag2.py
[2026-03-14T18:37:43.718+0000] {processor.py:799} INFO - Processing file /opt/airflow/dags/dag2.py for tasks to queue
[2026-03-14T18:37:43.719+0000] {logging_mixin.py:149} INFO - [2026-03-14T18:37:43.719+0000] {dagbag.py:541} INFO - Filling up the DagBag from /opt/airflow/dags/dag2.py
[2026-03-14T18:37:44.055+0000] {processor.py:809} INFO - DAG(s) dict_keys(['dag_mlops_full_pipeline']) retrieved from /opt/airflow/dags/dag2.py
[2026-03-14T18:37:44.064+0000] {logging_mixin.py:149} INFO - [2026-03-14T18:37:44.064+0000] {dag.py:2726} INFO - Sync 1 DAGs
[2026-03-14T18:37:44.072+0000] {logging_mixin.py:149} INFO - [2026-03-14T18:37:44.072+0000] {dag.py:3490} INFO - Setting next_dagrun for dag_mlops_full_pipeline to None, run_after=None
[2026-03-14T18:37:44.079+0000] {processor.py:178} INFO - Processing /opt/airflow/dags/dag2.py took 0.366 seconds
[2026-03-14T18:38:15.039+0000] {processor.py:156} INFO - Started process (PID=325) to work on /opt/airflow/dags/dag2.py
[2026-03-14T18:38:15.039+0000] {processor.py:799} INFO - Processing file /opt/airflow/dags/dag2.py for tasks to queue
[2026-03-14T18:38:15.040+0000] {logging_mixin.py:149} INFO - [2026-03-14T18:38:15.040+0000] {dagbag.py:541} INFO - Filling up the DagBag from /opt/airflow/dags/dag2.py
[2026-03-14T18:38:15.342+0000] {processor.py:809} INFO - DAG(s) dict_keys(['dag_mlops_full_pipeline']) retrieved from /opt/airflow/dags/dag2.py
[2026-03-14T18:38:15.351+0000] {logging_mixin.py:149} INFO - [2026-03-14T18:38:15.350+0000] {dag.py:2726} INFO - Sync 1 DAGs
[2026-03-14T18:38:15.358+0000] {logging_mixin.py:149} INFO - [2026-03-14T18:38:15.358+0000] {dag.py:3490} INFO - Setting next_dagrun for dag_mlops_full_pipeline to None, run_after=None
[2026-03-14T18:38:15.364+0000] {processor.py:178} INFO - Processing /opt/airflow/dags/dag2.py took 0.327 seconds
[2026-03-14T18:38:46.359+0000] {processor.py:156} INFO - Started process (PID=344) to work on /opt/airflow/dags/dag2.py
[2026-03-14T18:38:46.360+0000] {processor.py:799} INFO - Processing file /opt/airflow/dags/dag2.py for tasks to queue
[2026-03-14T18:38:46.361+0000] {logging_mixin.py:149} INFO - [2026-03-14T18:38:46.361+0000] {dagbag.py:541} INFO - Filling up the DagBag from /opt/airflow/dags/dag2.py
[2026-03-14T18:38:46.658+0000] {processor.py:809} INFO - DAG(s) dict_keys(['dag_mlops_full_pipeline']) retrieved from /opt/airflow/dags/dag2.py
[2026-03-14T18:38:46.666+0000] {logging_mixin.py:149} INFO - [2026-03-14T18:38:46.666+0000] {dag.py:2726} INFO - Sync 1 DAGs
[2026-03-14T18:38:46.674+0000] {logging_mixin.py:149} INFO - [2026-03-14T18:38:46.674+0000] {dag.py:3490} INFO - Setting next_dagrun for dag_mlops_full_pipeline to None, run_after=None
[2026-03-14T18:38:46.680+0000] {processor.py:178} INFO - Processing /opt/airflow/dags/dag2.py took 0.324 seconds
[2026-03-14T18:39:17.655+0000] {processor.py:156} INFO - Started process (PID=363) to work on /opt/airflow/dags/dag2.py
[2026-03-14T18:39:17.656+0000] {processor.py:799} INFO - Processing file /opt/airflow/dags/dag2.py for tasks to queue
[2026-03-14T18:39:17.656+0000] {logging_mixin.py:149} INFO - [2026-03-14T18:39:17.656+0000] {dagbag.py:541} INFO - Filling up the DagBag from /opt/airflow/dags/dag2.py
[2026-03-14T18:39:17.961+0000] {processor.py:809} INFO - DAG(s) dict_keys(['dag_mlops_full_pipeline']) retrieved from /opt/airflow/dags/dag2.py
[2026-03-14T18:39:17.970+0000] {logging_mixin.py:149} INFO - [2026-03-14T18:39:17.969+0000] {dag.py:2726} INFO - Sync 1 DAGs
[2026-03-14T18:39:17.977+0000] {logging_mixin.py:149} INFO - [2026-03-14T18:39:17.977+0000] {dag.py:3490} INFO - Setting next_dagrun for dag_mlops_full_pipeline to None, run_after=None
[2026-03-14T18:39:17.982+0000] {processor.py:178} INFO - Processing /opt/airflow/dags/dag2.py took 0.331 seconds
[2026-03-14T18:39:48.970+0000] {processor.py:156} INFO - Started process (PID=382) to work on /opt/airflow/dags/dag2.py
[2026-03-14T18:39:48.971+0000] {processor.py:799} INFO - Processing file /opt/airflow/dags/dag2.py for tasks to queue
[2026-03-14T18:39:48.972+0000] {logging_mixin.py:149} INFO - [2026-03-14T18:39:48.972+0000] {dagbag.py:541} INFO - Filling up the DagBag from /opt/airflow/dags/dag2.py
[2026-03-14T18:39:49.282+0000] {processor.py:809} INFO - DAG(s) dict_keys(['dag_mlops_full_pipeline']) retrieved from /opt/airflow/dags/dag2.py
[2026-03-14T18:39:49.290+0000] {logging_mixin.py:149} INFO - [2026-03-14T18:39:49.290+0000] {dag.py:2726} INFO - Sync 1 DAGs
[2026-03-14T18:39:49.298+0000] {logging_mixin.py:149} INFO - [2026-03-14T18:39:49.298+0000] {dag.py:3490} INFO - Setting next_dagrun for dag_mlops_full_pipeline to None, run_after=None
[2026-03-14T18:39:49.303+0000] {processor.py:178} INFO - Processing /opt/airflow/dags/dag2.py took 0.336 seconds
[2026-03-14T18:40:20.259+0000] {processor.py:156} INFO - Started process (PID=401) to work on /opt/airflow/dags/dag2.py
[2026-03-14T18:40:20.260+0000] {processor.py:799} INFO - Processing file /opt/airflow/dags/dag2.py for tasks to queue
[2026-03-14T18:40:20.261+0000] {logging_mixin.py:149} INFO - [2026-03-14T18:40:20.261+0000] {dagbag.py:541} INFO - Filling up the DagBag from /opt/airflow/dags/dag2.py
[2026-03-14T18:40:20.566+0000] {processor.py:809} INFO - DAG(s) dict_keys(['dag_mlops_full_pipeline']) retrieved from /opt/airflow/dags/dag2.py
[2026-03-14T18:40:20.575+0000] {logging_mixin.py:149} INFO - [2026-03-14T18:40:20.575+0000] {dag.py:2726} INFO - Sync 1 DAGs
[2026-03-14T18:40:20.583+0000] {logging_mixin.py:149} INFO - [2026-03-14T18:40:20.583+0000] {dag.py:3490} INFO - Setting next_dagrun for dag_mlops_full_pipeline to None, run_after=None
[2026-03-14T18:40:20.589+0000] {processor.py:178} INFO - Processing /opt/airflow/dags/dag2.py took 0.334 seconds
[2026-03-14T18:40:50.616+0000] {processor.py:156} INFO - Started process (PID=420) to work on /opt/airflow/dags/dag2.py
[2026-03-14T18:40:50.617+0000] {processor.py:799} INFO - Processing file /opt/airflow/dags/dag2.py for tasks to queue
[2026-03-14T18:40:50.617+0000] {logging_mixin.py:149} INFO - [2026-03-14T18:40:50.617+0000] {dagbag.py:541} INFO - Filling up the DagBag from /opt/airflow/dags/dag2.py
[2026-03-14T18:40:50.947+0000] {processor.py:809} INFO - DAG(s) dict_keys(['dag_mlops_full_pipeline']) retrieved from /opt/airflow/dags/dag2.py
[2026-03-14T18:40:50.955+0000] {logging_mixin.py:149} INFO - [2026-03-14T18:40:50.955+0000] {dag.py:2726} INFO - Sync 1 DAGs
[2026-03-14T18:40:50.963+0000] {logging_mixin.py:149} INFO - [2026-03-14T18:40:50.963+0000] {dag.py:3490} INFO - Setting next_dagrun for dag_mlops_full_pipeline to None, run_after=None
[2026-03-14T18:40:50.969+0000] {processor.py:178} INFO - Processing /opt/airflow/dags/dag2.py took 0.356 seconds
[2026-03-14T18:41:21.892+0000] {processor.py:156} INFO - Started process (PID=439) to work on /opt/airflow/dags/dag2.py
[2026-03-14T18:41:21.893+0000] {processor.py:799} INFO - Processing file /opt/airflow/dags/dag2.py for tasks to queue
[2026-03-14T18:41:21.894+0000] {logging_mixin.py:149} INFO - [2026-03-14T18:41:21.894+0000] {dagbag.py:541} INFO - Filling up the DagBag from /opt/airflow/dags/dag2.py
[2026-03-14T18:41:22.197+0000] {processor.py:809} INFO - DAG(s) dict_keys(['dag_mlops_full_pipeline']) retrieved from /opt/airflow/dags/dag2.py
[2026-03-14T18:41:22.206+0000] {logging_mixin.py:149} INFO - [2026-03-14T18:41:22.205+0000] {dag.py:2726} INFO - Sync 1 DAGs
[2026-03-14T18:41:22.214+0000] {logging_mixin.py:149} INFO - [2026-03-14T18:41:22.213+0000] {dag.py:3490} INFO - Setting next_dagrun for dag_mlops_full_pipeline to None, run_after=None
[2026-03-14T18:41:22.219+0000] {processor.py:178} INFO - Processing /opt/airflow/dags/dag2.py took 0.331 seconds
[2026-03-14T18:41:53.210+0000] {processor.py:156} INFO - Started process (PID=458) to work on /opt/airflow/dags/dag2.py
[2026-03-14T18:41:53.211+0000] {processor.py:799} INFO - Processing file /opt/airflow/dags/dag2.py for tasks to queue
[2026-03-14T18:41:53.211+0000] {logging_mixin.py:149} INFO - [2026-03-14T18:41:53.211+0000] {dagbag.py:541} INFO - Filling up the DagBag from /opt/airflow/dags/dag2.py
[2026-03-14T18:41:53.519+0000] {processor.py:809} INFO - DAG(s) dict_keys(['dag_mlops_full_pipeline']) retrieved from /opt/airflow/dags/dag2.py
[2026-03-14T18:41:53.530+0000] {logging_mixin.py:149} INFO - [2026-03-14T18:41:53.530+0000] {dag.py:2726} INFO - Sync 1 DAGs
[2026-03-14T18:41:53.538+0000] {logging_mixin.py:149} INFO - [2026-03-14T18:41:53.538+0000] {dag.py:3490} INFO - Setting next_dagrun for dag_mlops_full_pipeline to None, run_after=None
[2026-03-14T18:41:53.543+0000] {processor.py:178} INFO - Processing /opt/airflow/dags/dag2.py took 0.337 seconds
[2026-03-14T18:42:23.573+0000] {processor.py:156} INFO - Started process (PID=477) to work on /opt/airflow/dags/dag2.py
[2026-03-14T18:42:23.574+0000] {processor.py:799} INFO - Processing file /opt/airflow/dags/dag2.py for tasks to queue
[2026-03-14T18:42:23.575+0000] {logging_mixin.py:149} INFO - [2026-03-14T18:42:23.575+0000] {dagbag.py:541} INFO - Filling up the DagBag from /opt/airflow/dags/dag2.py
[2026-03-14T18:42:23.902+0000] {processor.py:809} INFO - DAG(s) dict_keys(['dag_mlops_full_pipeline']) retrieved from /opt/airflow/dags/dag2.py
[2026-03-14T18:42:23.911+0000] {logging_mixin.py:149} INFO - [2026-03-14T18:42:23.910+0000] {dag.py:2726} INFO - Sync 1 DAGs
[2026-03-14T18:42:23.918+0000] {logging_mixin.py:149} INFO - [2026-03-14T18:42:23.918+0000] {dag.py:3490} INFO - Setting next_dagrun for dag_mlops_full_pipeline to None, run_after=None
[2026-03-14T18:42:23.925+0000] {processor.py:178} INFO - Processing /opt/airflow/dags/dag2.py took 0.356 seconds
[2026-03-14T18:42:54.835+0000] {processor.py:156} INFO - Started process (PID=496) to work on /opt/airflow/dags/dag2.py
[2026-03-14T18:42:54.836+0000] {processor.py:799} INFO - Processing file /opt/airflow/dags/dag2.py for tasks to queue
[2026-03-14T18:42:54.837+0000] {logging_mixin.py:149} INFO - [2026-03-14T18:42:54.837+0000] {dagbag.py:541} INFO - Filling up the DagBag from /opt/airflow/dags/dag2.py
[2026-03-14T18:42:55.152+0000] {processor.py:809} INFO - DAG(s) dict_keys(['dag_mlops_full_pipeline']) retrieved from /opt/airflow/dags/dag2.py
[2026-03-14T18:42:55.161+0000] {logging_mixin.py:149} INFO - [2026-03-14T18:42:55.161+0000] {dag.py:2726} INFO - Sync 1 DAGs
[2026-03-14T18:42:55.169+0000] {logging_mixin.py:149} INFO - [2026-03-14T18:42:55.169+0000] {dag.py:3490} INFO - Setting next_dagrun for dag_mlops_full_pipeline to None, run_after=None
[2026-03-14T18:42:55.175+0000] {processor.py:178} INFO - Processing /opt/airflow/dags/dag2.py took 0.343 seconds
[2026-03-14T18:43:26.183+0000] {processor.py:156} INFO - Started process (PID=515) to work on /opt/airflow/dags/dag2.py
[2026-03-14T18:43:26.184+0000] {processor.py:799} INFO - Processing file /opt/airflow/dags/dag2.py for tasks to queue
[2026-03-14T18:43:26.185+0000] {logging_mixin.py:149} INFO - [2026-03-14T18:43:26.184+0000] {dagbag.py:541} INFO - Filling up the DagBag from /opt/airflow/dags/dag2.py
[2026-03-14T18:43:26.490+0000] {processor.py:809} INFO - DAG(s) dict_keys(['dag_mlops_full_pipeline']) retrieved from /opt/airflow/dags/dag2.py
[2026-03-14T18:43:26.498+0000] {logging_mixin.py:149} INFO - [2026-03-14T18:43:26.498+0000] {dag.py:2726} INFO - Sync 1 DAGs
[2026-03-14T18:43:26.506+0000] {logging_mixin.py:149} INFO - [2026-03-14T18:43:26.506+0000] {dag.py:3490} INFO - Setting next_dagrun for dag_mlops_full_pipeline to None, run_after=None
[2026-03-14T18:43:26.511+0000] {processor.py:178} INFO - Processing /opt/airflow/dags/dag2.py took 0.332 seconds
[2026-03-14T18:43:57.508+0000] {processor.py:156} INFO - Started process (PID=534) to work on /opt/airflow/dags/dag2.py
[2026-03-14T18:43:57.509+0000] {processor.py:799} INFO - Processing file /opt/airflow/dags/dag2.py for tasks to queue
[2026-03-14T18:43:57.509+0000] {logging_mixin.py:149} INFO - [2026-03-14T18:43:57.509+0000] {dagbag.py:541} INFO - Filling up the DagBag from /opt/airflow/dags/dag2.py
[2026-03-14T18:43:57.838+0000] {processor.py:809} INFO - DAG(s) dict_keys(['dag_mlops_full_pipeline']) retrieved from /opt/airflow/dags/dag2.py
[2026-03-14T18:43:57.847+0000] {logging_mixin.py:149} INFO - [2026-03-14T18:43:57.847+0000] {dag.py:2726} INFO - Sync 1 DAGs
[2026-03-14T18:43:57.855+0000] {logging_mixin.py:149} INFO - [2026-03-14T18:43:57.855+0000] {dag.py:3490} INFO - Setting next_dagrun for dag_mlops_full_pipeline to None, run_after=None
[2026-03-14T18:43:57.861+0000] {processor.py:178} INFO - Processing /opt/airflow/dags/dag2.py took 0.357 seconds
[2026-03-14T18:44:28.808+0000] {processor.py:156} INFO - Started process (PID=553) to work on /opt/airflow/dags/dag2.py
[2026-03-14T18:44:28.809+0000] {processor.py:799} INFO - Processing file /opt/airflow/dags/dag2.py for tasks to queue
[2026-03-14T18:44:28.810+0000] {logging_mixin.py:149} INFO - [2026-03-14T18:44:28.810+0000] {dagbag.py:541} INFO - Filling up the DagBag from /opt/airflow/dags/dag2.py
[2026-03-14T18:44:29.156+0000] {processor.py:809} INFO - DAG(s) dict_keys(['dag_mlops_full_pipeline']) retrieved from /opt/airflow/dags/dag2.py
[2026-03-14T18:44:29.167+0000] {logging_mixin.py:149} INFO - [2026-03-14T18:44:29.167+0000] {dag.py:2726} INFO - Sync 1 DAGs
[2026-03-14T18:44:29.175+0000] {logging_mixin.py:149} INFO - [2026-03-14T18:44:29.175+0000] {dag.py:3490} INFO - Setting next_dagrun for dag_mlops_full_pipeline to None, run_after=None
[2026-03-14T18:44:29.182+0000] {processor.py:178} INFO - Processing /opt/airflow/dags/dag2.py took 0.377 seconds
[2026-03-14T18:45:00.154+0000] {processor.py:156} INFO - Started process (PID=572) to work on /opt/airflow/dags/dag2.py
[2026-03-14T18:45:00.155+0000] {processor.py:799} INFO - Processing file /opt/airflow/dags/dag2.py for tasks to queue
[2026-03-14T18:45:00.156+0000] {logging_mixin.py:149} INFO - [2026-03-14T18:45:00.156+0000] {dagbag.py:541} INFO - Filling up the DagBag from /opt/airflow/dags/dag2.py
[2026-03-14T18:45:00.454+0000] {processor.py:809} INFO - DAG(s) dict_keys(['dag_mlops_full_pipeline']) retrieved from /opt/airflow/dags/dag2.py
[2026-03-14T18:45:00.462+0000] {logging_mixin.py:149} INFO - [2026-03-14T18:45:00.462+0000] {dag.py:2726} INFO - Sync 1 DAGs
[2026-03-14T18:45:00.472+0000] {logging_mixin.py:149} INFO - [2026-03-14T18:45:00.472+0000] {dag.py:3490} INFO - Setting next_dagrun for dag_mlops_full_pipeline to None, run_after=None
[2026-03-14T18:45:00.478+0000] {processor.py:178} INFO - Processing /opt/airflow/dags/dag2.py took 0.328 seconds
[2026-03-14T18:45:31.460+0000] {processor.py:156} INFO - Started process (PID=598) to work on /opt/airflow/dags/dag2.py
[2026-03-14T18:45:31.461+0000] {processor.py:799} INFO - Processing file /opt/airflow/dags/dag2.py for tasks to queue
[2026-03-14T18:45:31.462+0000] {logging_mixin.py:149} INFO - [2026-03-14T18:45:31.462+0000] {dagbag.py:541} INFO - Filling up the DagBag from /opt/airflow/dags/dag2.py
[2026-03-14T18:45:31.759+0000] {processor.py:809} INFO - DAG(s) dict_keys(['dag_mlops_full_pipeline']) retrieved from /opt/airflow/dags/dag2.py
[2026-03-14T18:45:31.767+0000] {logging_mixin.py:149} INFO - [2026-03-14T18:45:31.767+0000] {dag.py:2726} INFO - Sync 1 DAGs
[2026-03-14T18:45:31.774+0000] {logging_mixin.py:149} INFO - [2026-03-14T18:45:31.774+0000] {dag.py:3490} INFO - Setting next_dagrun for dag_mlops_full_pipeline to None, run_after=None
[2026-03-14T18:45:31.780+0000] {processor.py:178} INFO - Processing /opt/airflow/dags/dag2.py took 0.324 seconds
[2026-03-14T18:46:02.731+0000] {processor.py:156} INFO - Started process (PID=617) to work on /opt/airflow/dags/dag2.py
[2026-03-14T18:46:02.732+0000] {processor.py:799} INFO - Processing file /opt/airflow/dags/dag2.py for tasks to queue
[2026-03-14T18:46:02.733+0000] {logging_mixin.py:149} INFO - [2026-03-14T18:46:02.733+0000] {dagbag.py:541} INFO - Filling up the DagBag from /opt/airflow/dags/dag2.py
[2026-03-14T18:46:03.046+0000] {processor.py:809} INFO - DAG(s) dict_keys(['dag_mlops_full_pipeline']) retrieved from /opt/airflow/dags/dag2.py
[2026-03-14T18:46:03.055+0000] {logging_mixin.py:149} INFO - [2026-03-14T18:46:03.055+0000] {dag.py:2726} INFO - Sync 1 DAGs
[2026-03-14T18:46:03.063+0000] {logging_mixin.py:149} INFO - [2026-03-14T18:46:03.063+0000] {dag.py:3490} INFO - Setting next_dagrun for dag_mlops_full_pipeline to None, run_after=None
[2026-03-14T18:46:03.069+0000] {processor.py:178} INFO - Processing /opt/airflow/dags/dag2.py took 0.342 seconds
[2026-03-14T18:54:07.446+0000] {processor.py:156} INFO - Started process (PID=165) to work on /opt/airflow/dags/dag2.py
[2026-03-14T18:54:07.447+0000] {processor.py:799} INFO - Processing file /opt/airflow/dags/dag2.py for tasks to queue
[2026-03-14T18:54:07.449+0000] {logging_mixin.py:149} INFO - [2026-03-14T18:54:07.448+0000] {dagbag.py:541} INFO - Filling up the DagBag from /opt/airflow/dags/dag2.py
[2026-03-14T18:54:08.490+0000] {processor.py:809} INFO - DAG(s) dict_keys(['dag_mlops_full_pipeline']) retrieved from /opt/airflow/dags/dag2.py
[2026-03-14T18:54:08.521+0000] {logging_mixin.py:149} INFO - [2026-03-14T18:54:08.521+0000] {dag.py:2726} INFO - Sync 1 DAGs
[2026-03-14T18:54:08.532+0000] {logging_mixin.py:149} INFO - [2026-03-14T18:54:08.532+0000] {dag.py:3490} INFO - Setting next_dagrun for dag_mlops_full_pipeline to None, run_after=None
[2026-03-14T18:54:08.542+0000] {processor.py:178} INFO - Processing /opt/airflow/dags/dag2.py took 1.097 seconds
[2026-03-14T18:54:38.724+0000] {processor.py:156} INFO - Started process (PID=236) to work on /opt/airflow/dags/dag2.py
[2026-03-14T18:54:38.732+0000] {processor.py:799} INFO - Processing file /opt/airflow/dags/dag2.py for tasks to queue
[2026-03-14T18:54:38.734+0000] {logging_mixin.py:149} INFO - [2026-03-14T18:54:38.734+0000] {dagbag.py:541} INFO - Filling up the DagBag from /opt/airflow/dags/dag2.py
[2026-03-14T18:54:39.143+0000] {processor.py:809} INFO - DAG(s) dict_keys(['dag_mlops_full_pipeline']) retrieved from /opt/airflow/dags/dag2.py
[2026-03-14T18:54:39.153+0000] {logging_mixin.py:149} INFO - [2026-03-14T18:54:39.153+0000] {dag.py:2726} INFO - Sync 1 DAGs
[2026-03-14T18:54:39.162+0000] {logging_mixin.py:149} INFO - [2026-03-14T18:54:39.162+0000] {dag.py:3490} INFO - Setting next_dagrun for dag_mlops_full_pipeline to None, run_after=None
[2026-03-14T18:54:39.169+0000] {processor.py:178} INFO - Processing /opt/airflow/dags/dag2.py took 0.448 seconds
[2026-03-14T18:55:09.222+0000] {processor.py:156} INFO - Started process (PID=309) to work on /opt/airflow/dags/dag2.py
[2026-03-14T18:55:09.223+0000] {processor.py:799} INFO - Processing file /opt/airflow/dags/dag2.py for tasks to queue
[2026-03-14T18:55:09.224+0000] {logging_mixin.py:149} INFO - [2026-03-14T18:55:09.224+0000] {dagbag.py:541} INFO - Filling up the DagBag from /opt/airflow/dags/dag2.py
[2026-03-14T18:55:09.588+0000] {processor.py:809} INFO - DAG(s) dict_keys(['dag_mlops_full_pipeline']) retrieved from /opt/airflow/dags/dag2.py
[2026-03-14T18:55:09.597+0000] {logging_mixin.py:149} INFO - [2026-03-14T18:55:09.597+0000] {dag.py:2726} INFO - Sync 1 DAGs
[2026-03-14T18:55:09.605+0000] {logging_mixin.py:149} INFO - [2026-03-14T18:55:09.605+0000] {dag.py:3490} INFO - Setting next_dagrun for dag_mlops_full_pipeline to None, run_after=None
[2026-03-14T18:55:09.610+0000] {processor.py:178} INFO - Processing /opt/airflow/dags/dag2.py took 0.392 seconds
[2026-03-14T18:55:40.601+0000] {processor.py:156} INFO - Started process (PID=336) to work on /opt/airflow/dags/dag2.py
[2026-03-14T18:55:40.602+0000] {processor.py:799} INFO - Processing file /opt/airflow/dags/dag2.py for tasks to queue
[2026-03-14T18:55:40.603+0000] {logging_mixin.py:149} INFO - [2026-03-14T18:55:40.603+0000] {dagbag.py:541} INFO - Filling up the DagBag from /opt/airflow/dags/dag2.py
[2026-03-14T18:55:40.940+0000] {processor.py:809} INFO - DAG(s) dict_keys(['dag_mlops_full_pipeline']) retrieved from /opt/airflow/dags/dag2.py
[2026-03-14T18:55:40.948+0000] {logging_mixin.py:149} INFO - [2026-03-14T18:55:40.948+0000] {dag.py:2726} INFO - Sync 1 DAGs
[2026-03-14T18:55:40.956+0000] {logging_mixin.py:149} INFO - [2026-03-14T18:55:40.956+0000] {dag.py:3490} INFO - Setting next_dagrun for dag_mlops_full_pipeline to None, run_after=None
[2026-03-14T18:55:40.962+0000] {processor.py:178} INFO - Processing /opt/airflow/dags/dag2.py took 0.364 seconds
[2026-03-14T18:56:11.928+0000] {processor.py:156} INFO - Started process (PID=363) to work on /opt/airflow/dags/dag2.py
[2026-03-14T18:56:11.929+0000] {processor.py:799} INFO - Processing file /opt/airflow/dags/dag2.py for tasks to queue
[2026-03-14T18:56:11.929+0000] {logging_mixin.py:149} INFO - [2026-03-14T18:56:11.929+0000] {dagbag.py:541} INFO - Filling up the DagBag from /opt/airflow/dags/dag2.py
[2026-03-14T18:56:12.273+0000] {processor.py:809} INFO - DAG(s) dict_keys(['dag_mlops_full_pipeline']) retrieved from /opt/airflow/dags/dag2.py
[2026-03-14T18:56:12.281+0000] {logging_mixin.py:149} INFO - [2026-03-14T18:56:12.281+0000] {dag.py:2726} INFO - Sync 1 DAGs
[2026-03-14T18:56:12.289+0000] {logging_mixin.py:149} INFO - [2026-03-14T18:56:12.289+0000] {dag.py:3490} INFO - Setting next_dagrun for dag_mlops_full_pipeline to None, run_after=None
[2026-03-14T18:56:12.295+0000] {processor.py:178} INFO - Processing /opt/airflow/dags/dag2.py took 0.371 seconds
[2026-03-14T18:56:42.350+0000] {processor.py:156} INFO - Started process (PID=390) to work on /opt/airflow/dags/dag2.py
[2026-03-14T18:56:42.351+0000] {processor.py:799} INFO - Processing file /opt/airflow/dags/dag2.py for tasks to queue
[2026-03-14T18:56:42.351+0000] {logging_mixin.py:149} INFO - [2026-03-14T18:56:42.351+0000] {dagbag.py:541} INFO - Filling up the DagBag from /opt/airflow/dags/dag2.py
[2026-03-14T18:56:42.677+0000] {processor.py:809} INFO - DAG(s) dict_keys(['dag_mlops_full_pipeline']) retrieved from /opt/airflow/dags/dag2.py
[2026-03-14T18:56:42.686+0000] {logging_mixin.py:149} INFO - [2026-03-14T18:56:42.686+0000] {dag.py:2726} INFO - Sync 1 DAGs
[2026-03-14T18:56:42.695+0000] {logging_mixin.py:149} INFO - [2026-03-14T18:56:42.695+0000] {dag.py:3490} INFO - Setting next_dagrun for dag_mlops_full_pipeline to None, run_after=None
[2026-03-14T18:56:42.701+0000] {processor.py:178} INFO - Processing /opt/airflow/dags/dag2.py took 0.355 seconds
[2026-03-14T18:57:13.672+0000] {processor.py:156} INFO - Started process (PID=417) to work on /opt/airflow/dags/dag2.py
[2026-03-14T18:57:13.673+0000] {processor.py:799} INFO - Processing file /opt/airflow/dags/dag2.py for tasks to queue
[2026-03-14T18:57:13.674+0000] {logging_mixin.py:149} INFO - [2026-03-14T18:57:13.674+0000] {dagbag.py:541} INFO - Filling up the DagBag from /opt/airflow/dags/dag2.py
[2026-03-14T18:57:13.986+0000] {processor.py:809} INFO - DAG(s) dict_keys(['dag_mlops_full_pipeline']) retrieved from /opt/airflow/dags/dag2.py
[2026-03-14T18:57:13.995+0000] {logging_mixin.py:149} INFO - [2026-03-14T18:57:13.995+0000] {dag.py:2726} INFO - Sync 1 DAGs
[2026-03-14T18:57:14.003+0000] {logging_mixin.py:149} INFO - [2026-03-14T18:57:14.003+0000] {dag.py:3490} INFO - Setting next_dagrun for dag_mlops_full_pipeline to None, run_after=None
[2026-03-14T18:57:14.009+0000] {processor.py:178} INFO - Processing /opt/airflow/dags/dag2.py took 0.340 seconds
[2026-03-14T18:57:44.990+0000] {processor.py:156} INFO - Started process (PID=444) to work on /opt/airflow/dags/dag2.py
[2026-03-14T18:57:44.990+0000] {processor.py:799} INFO - Processing file /opt/airflow/dags/dag2.py for tasks to queue
[2026-03-14T18:57:44.991+0000] {logging_mixin.py:149} INFO - [2026-03-14T18:57:44.991+0000] {dagbag.py:541} INFO - Filling up the DagBag from /opt/airflow/dags/dag2.py
[2026-03-14T18:57:45.339+0000] {processor.py:809} INFO - DAG(s) dict_keys(['dag_mlops_full_pipeline']) retrieved from /opt/airflow/dags/dag2.py
[2026-03-14T18:57:45.349+0000] {logging_mixin.py:149} INFO - [2026-03-14T18:57:45.349+0000] {dag.py:2726} INFO - Sync 1 DAGs
[2026-03-14T18:57:45.357+0000] {logging_mixin.py:149} INFO - [2026-03-14T18:57:45.357+0000] {dag.py:3490} INFO - Setting next_dagrun for dag_mlops_full_pipeline to None, run_after=None
[2026-03-14T18:57:45.364+0000] {processor.py:178} INFO - Processing /opt/airflow/dags/dag2.py took 0.378 seconds
[2026-03-14T18:58:16.328+0000] {processor.py:156} INFO - Started process (PID=471) to work on /opt/airflow/dags/dag2.py
[2026-03-14T18:58:16.328+0000] {processor.py:799} INFO - Processing file /opt/airflow/dags/dag2.py for tasks to queue
[2026-03-14T18:58:16.328+0000] {logging_mixin.py:149} INFO - [2026-03-14T18:58:16.328+0000] {dagbag.py:541} INFO - Filling up the DagBag from /opt/airflow/dags/dag2.py
[2026-03-14T18:58:16.694+0000] {processor.py:809} INFO - DAG(s) dict_keys(['dag_mlops_full_pipeline']) retrieved from /opt/airflow/dags/dag2.py
[2026-03-14T18:58:16.708+0000] {logging_mixin.py:149} INFO - [2026-03-14T18:58:16.708+0000] {dag.py:2726} INFO - Sync 1 DAGs
[2026-03-14T18:58:16.718+0000] {logging_mixin.py:149} INFO - [2026-03-14T18:58:16.718+0000] {dag.py:3490} INFO - Setting next_dagrun for dag_mlops_full_pipeline to None, run_after=None
[2026-03-14T18:58:16.724+0000] {processor.py:178} INFO - Processing /opt/airflow/dags/dag2.py took 0.398 seconds
[2026-03-14T18:58:47.651+0000] {processor.py:156} INFO - Started process (PID=498) to work on /opt/airflow/dags/dag2.py
[2026-03-14T18:58:47.651+0000] {processor.py:799} INFO - Processing file /opt/airflow/dags/dag2.py for tasks to queue
[2026-03-14T18:58:47.652+0000] {logging_mixin.py:149} INFO - [2026-03-14T18:58:47.652+0000] {dagbag.py:541} INFO - Filling up the DagBag from /opt/airflow/dags/dag2.py
[2026-03-14T18:58:47.998+0000] {processor.py:809} INFO - DAG(s) dict_keys(['dag_mlops_full_pipeline']) retrieved from /opt/airflow/dags/dag2.py
[2026-03-14T18:58:48.008+0000] {logging_mixin.py:149} INFO - [2026-03-14T18:58:48.008+0000] {dag.py:2726} INFO - Sync 1 DAGs
[2026-03-14T18:58:48.017+0000] {logging_mixin.py:149} INFO - [2026-03-14T18:58:48.017+0000] {dag.py:3490} INFO - Setting next_dagrun for dag_mlops_full_pipeline to None, run_after=None
[2026-03-14T18:58:48.023+0000] {processor.py:178} INFO - Processing /opt/airflow/dags/dag2.py took 0.374 seconds
[2026-03-14T18:59:18.968+0000] {processor.py:156} INFO - Started process (PID=525) to work on /opt/airflow/dags/dag2.py
[2026-03-14T18:59:18.969+0000] {processor.py:799} INFO - Processing file /opt/airflow/dags/dag2.py for tasks to queue
[2026-03-14T18:59:18.970+0000] {logging_mixin.py:149} INFO - [2026-03-14T18:59:18.970+0000] {dagbag.py:541} INFO - Filling up the DagBag from /opt/airflow/dags/dag2.py
[2026-03-14T18:59:19.298+0000] {processor.py:809} INFO - DAG(s) dict_keys(['dag_mlops_full_pipeline']) retrieved from /opt/airflow/dags/dag2.py
[2026-03-14T18:59:19.307+0000] {logging_mixin.py:149} INFO - [2026-03-14T18:59:19.307+0000] {dag.py:2726} INFO - Sync 1 DAGs
[2026-03-14T18:59:19.316+0000] {logging_mixin.py:149} INFO - [2026-03-14T18:59:19.316+0000] {dag.py:3490} INFO - Setting next_dagrun for dag_mlops_full_pipeline to None, run_after=None
[2026-03-14T18:59:19.322+0000] {processor.py:178} INFO - Processing /opt/airflow/dags/dag2.py took 0.357 seconds
[2026-03-14T18:59:50.283+0000] {processor.py:156} INFO - Started process (PID=552) to work on /opt/airflow/dags/dag2.py
[2026-03-14T18:59:50.283+0000] {processor.py:799} INFO - Processing file /opt/airflow/dags/dag2.py for tasks to queue
[2026-03-14T18:59:50.284+0000] {logging_mixin.py:149} INFO - [2026-03-14T18:59:50.284+0000] {dagbag.py:541} INFO - Filling up the DagBag from /opt/airflow/dags/dag2.py
[2026-03-14T18:59:50.604+0000] {processor.py:809} INFO - DAG(s) dict_keys(['dag_mlops_full_pipeline']) retrieved from /opt/airflow/dags/dag2.py
[2026-03-14T18:59:50.613+0000] {logging_mixin.py:149} INFO - [2026-03-14T18:59:50.612+0000] {dag.py:2726} INFO - Sync 1 DAGs
[2026-03-14T18:59:50.620+0000] {logging_mixin.py:149} INFO - [2026-03-14T18:59:50.620+0000] {dag.py:3490} INFO - Setting next_dagrun for dag_mlops_full_pipeline to None, run_after=None
[2026-03-14T18:59:50.626+0000] {processor.py:178} INFO - Processing /opt/airflow/dags/dag2.py took 0.347 seconds
[2026-03-14T19:00:21.583+0000] {processor.py:156} INFO - Started process (PID=579) to work on /opt/airflow/dags/dag2.py
[2026-03-14T19:00:21.584+0000] {processor.py:799} INFO - Processing file /opt/airflow/dags/dag2.py for tasks to queue
[2026-03-14T19:00:21.584+0000] {logging_mixin.py:149} INFO - [2026-03-14T19:00:21.584+0000] {dagbag.py:541} INFO - Filling up the DagBag from /opt/airflow/dags/dag2.py
[2026-03-14T19:00:21.894+0000] {processor.py:809} INFO - DAG(s) dict_keys(['dag_mlops_full_pipeline']) retrieved from /opt/airflow/dags/dag2.py
[2026-03-14T19:00:21.902+0000] {logging_mixin.py:149} INFO - [2026-03-14T19:00:21.902+0000] {dag.py:2726} INFO - Sync 1 DAGs
[2026-03-14T19:00:21.910+0000] {logging_mixin.py:149} INFO - [2026-03-14T19:00:21.910+0000] {dag.py:3490} INFO - Setting next_dagrun for dag_mlops_full_pipeline to None, run_after=None
[2026-03-14T19:00:21.916+0000] {processor.py:178} INFO - Processing /opt/airflow/dags/dag2.py took 0.335 seconds
[2026-03-14T19:00:51.944+0000] {processor.py:156} INFO - Started process (PID=606) to work on /opt/airflow/dags/dag2.py
[2026-03-14T19:00:51.945+0000] {processor.py:799} INFO - Processing file /opt/airflow/dags/dag2.py for tasks to queue
[2026-03-14T19:00:51.945+0000] {logging_mixin.py:149} INFO - [2026-03-14T19:00:51.945+0000] {dagbag.py:541} INFO - Filling up the DagBag from /opt/airflow/dags/dag2.py
[2026-03-14T19:00:52.257+0000] {processor.py:809} INFO - DAG(s) dict_keys(['dag_mlops_full_pipeline']) retrieved from /opt/airflow/dags/dag2.py
[2026-03-14T19:00:52.267+0000] {logging_mixin.py:149} INFO - [2026-03-14T19:00:52.266+0000] {dag.py:2726} INFO - Sync 1 DAGs
[2026-03-14T19:00:52.274+0000] {logging_mixin.py:149} INFO - [2026-03-14T19:00:52.274+0000] {dag.py:3490} INFO - Setting next_dagrun for dag_mlops_full_pipeline to None, run_after=None
[2026-03-14T19:00:52.280+0000] {processor.py:178} INFO - Processing /opt/airflow/dags/dag2.py took 0.338 seconds
[2026-03-14T19:01:23.234+0000] {processor.py:156} INFO - Started process (PID=633) to work on /opt/airflow/dags/dag2.py
[2026-03-14T19:01:23.235+0000] {processor.py:799} INFO - Processing file /opt/airflow/dags/dag2.py for tasks to queue
[2026-03-14T19:01:23.236+0000] {logging_mixin.py:149} INFO - [2026-03-14T19:01:23.236+0000] {dagbag.py:541} INFO - Filling up the DagBag from /opt/airflow/dags/dag2.py
[2026-03-14T19:01:23.544+0000] {processor.py:809} INFO - DAG(s) dict_keys(['dag_mlops_full_pipeline']) retrieved from /opt/airflow/dags/dag2.py
[2026-03-14T19:01:23.552+0000] {logging_mixin.py:149} INFO - [2026-03-14T19:01:23.552+0000] {dag.py:2726} INFO - Sync 1 DAGs
[2026-03-14T19:01:23.561+0000] {logging_mixin.py:149} INFO - [2026-03-14T19:01:23.561+0000] {dag.py:3490} INFO - Setting next_dagrun for dag_mlops_full_pipeline to None, run_after=None
[2026-03-14T19:01:23.566+0000] {processor.py:178} INFO - Processing /opt/airflow/dags/dag2.py took 0.335 seconds
[2026-03-14T19:01:54.517+0000] {processor.py:156} INFO - Started process (PID=660) to work on /opt/airflow/dags/dag2.py
[2026-03-14T19:01:54.517+0000] {processor.py:799} INFO - Processing file /opt/airflow/dags/dag2.py for tasks to queue
[2026-03-14T19:01:54.518+0000] {logging_mixin.py:149} INFO - [2026-03-14T19:01:54.517+0000] {dagbag.py:541} INFO - Filling up the DagBag from /opt/airflow/dags/dag2.py
[2026-03-14T19:01:54.833+0000] {processor.py:809} INFO - DAG(s) dict_keys(['dag_mlops_full_pipeline']) retrieved from /opt/airflow/dags/dag2.py
[2026-03-14T19:01:54.842+0000] {logging_mixin.py:149} INFO - [2026-03-14T19:01:54.842+0000] {dag.py:2726} INFO - Sync 1 DAGs
[2026-03-14T19:01:54.849+0000] {logging_mixin.py:149} INFO - [2026-03-14T19:01:54.849+0000] {dag.py:3490} INFO - Setting next_dagrun for dag_mlops_full_pipeline to None, run_after=None
[2026-03-14T19:01:54.855+0000] {processor.py:178} INFO - Processing /opt/airflow/dags/dag2.py took 0.340 seconds
[2026-03-14T19:02:25.864+0000] {processor.py:156} INFO - Started process (PID=687) to work on /opt/airflow/dags/dag2.py
[2026-03-14T19:02:25.865+0000] {processor.py:799} INFO - Processing file /opt/airflow/dags/dag2.py for tasks to queue
[2026-03-14T19:02:25.866+0000] {logging_mixin.py:149} INFO - [2026-03-14T19:02:25.866+0000] {dagbag.py:541} INFO - Filling up the DagBag from /opt/airflow/dags/dag2.py
[2026-03-14T19:02:26.195+0000] {processor.py:809} INFO - DAG(s) dict_keys(['dag_mlops_full_pipeline']) retrieved from /opt/airflow/dags/dag2.py
[2026-03-14T19:02:26.204+0000] {logging_mixin.py:149} INFO - [2026-03-14T19:02:26.204+0000] {dag.py:2726} INFO - Sync 1 DAGs
[2026-03-14T19:02:26.213+0000] {logging_mixin.py:149} INFO - [2026-03-14T19:02:26.213+0000] {dag.py:3490} INFO - Setting next_dagrun for dag_mlops_full_pipeline to None, run_after=None
[2026-03-14T19:02:26.218+0000] {processor.py:178} INFO - Processing /opt/airflow/dags/dag2.py took 0.357 seconds
[2026-03-14T19:02:57.213+0000] {processor.py:156} INFO - Started process (PID=714) to work on /opt/airflow/dags/dag2.py
[2026-03-14T19:02:57.214+0000] {processor.py:799} INFO - Processing file /opt/airflow/dags/dag2.py for tasks to queue
[2026-03-14T19:02:57.215+0000] {logging_mixin.py:149} INFO - [2026-03-14T19:02:57.215+0000] {dagbag.py:541} INFO - Filling up the DagBag from /opt/airflow/dags/dag2.py
[2026-03-14T19:02:57.515+0000] {processor.py:809} INFO - DAG(s) dict_keys(['dag_mlops_full_pipeline']) retrieved from /opt/airflow/dags/dag2.py
[2026-03-14T19:02:57.524+0000] {logging_mixin.py:149} INFO - [2026-03-14T19:02:57.524+0000] {dag.py:2726} INFO - Sync 1 DAGs
[2026-03-14T19:02:57.532+0000] {logging_mixin.py:149} INFO - [2026-03-14T19:02:57.532+0000] {dag.py:3490} INFO - Setting next_dagrun for dag_mlops_full_pipeline to None, run_after=None
[2026-03-14T19:02:57.538+0000] {processor.py:178} INFO - Processing /opt/airflow/dags/dag2.py took 0.328 seconds
[2026-03-14T19:03:28.510+0000] {processor.py:156} INFO - Started process (PID=741) to work on /opt/airflow/dags/dag2.py
[2026-03-14T19:03:28.511+0000] {processor.py:799} INFO - Processing file /opt/airflow/dags/dag2.py for tasks to queue
[2026-03-14T19:03:28.512+0000] {logging_mixin.py:149} INFO - [2026-03-14T19:03:28.512+0000] {dagbag.py:541} INFO - Filling up the DagBag from /opt/airflow/dags/dag2.py
[2026-03-14T19:03:28.830+0000] {processor.py:809} INFO - DAG(s) dict_keys(['dag_mlops_full_pipeline']) retrieved from /opt/airflow/dags/dag2.py
[2026-03-14T19:03:28.839+0000] {logging_mixin.py:149} INFO - [2026-03-14T19:03:28.839+0000] {dag.py:2726} INFO - Sync 1 DAGs
[2026-03-14T19:03:28.847+0000] {logging_mixin.py:149} INFO - [2026-03-14T19:03:28.847+0000] {dag.py:3490} INFO - Setting next_dagrun for dag_mlops_full_pipeline to None, run_after=None
[2026-03-14T19:03:28.853+0000] {processor.py:178} INFO - Processing /opt/airflow/dags/dag2.py took 0.346 seconds
[2026-03-14T19:03:59.826+0000] {processor.py:156} INFO - Started process (PID=768) to work on /opt/airflow/dags/dag2.py
[2026-03-14T19:03:59.827+0000] {processor.py:799} INFO - Processing file /opt/airflow/dags/dag2.py for tasks to queue
[2026-03-14T19:03:59.827+0000] {logging_mixin.py:149} INFO - [2026-03-14T19:03:59.827+0000] {dagbag.py:541} INFO - Filling up the DagBag from /opt/airflow/dags/dag2.py
[2026-03-14T19:04:00.154+0000] {processor.py:809} INFO - DAG(s) dict_keys(['dag_mlops_full_pipeline']) retrieved from /opt/airflow/dags/dag2.py
[2026-03-14T19:04:00.163+0000] {logging_mixin.py:149} INFO - [2026-03-14T19:04:00.163+0000] {dag.py:2726} INFO - Sync 1 DAGs
[2026-03-14T19:04:00.171+0000] {logging_mixin.py:149} INFO - [2026-03-14T19:04:00.171+0000] {dag.py:3490} INFO - Setting next_dagrun for dag_mlops_full_pipeline to None, run_after=None
[2026-03-14T19:04:00.177+0000] {processor.py:178} INFO - Processing /opt/airflow/dags/dag2.py took 0.355 seconds
[2026-03-14T19:04:31.147+0000] {processor.py:156} INFO - Started process (PID=795) to work on /opt/airflow/dags/dag2.py
[2026-03-14T19:04:31.148+0000] {processor.py:799} INFO - Processing file /opt/airflow/dags/dag2.py for tasks to queue
[2026-03-14T19:04:31.149+0000] {logging_mixin.py:149} INFO - [2026-03-14T19:04:31.149+0000] {dagbag.py:541} INFO - Filling up the DagBag from /opt/airflow/dags/dag2.py
[2026-03-14T19:04:31.457+0000] {processor.py:809} INFO - DAG(s) dict_keys(['dag_mlops_full_pipeline']) retrieved from /opt/airflow/dags/dag2.py
[2026-03-14T19:04:31.465+0000] {logging_mixin.py:149} INFO - [2026-03-14T19:04:31.465+0000] {dag.py:2726} INFO - Sync 1 DAGs
[2026-03-14T19:04:31.472+0000] {logging_mixin.py:149} INFO - [2026-03-14T19:04:31.472+0000] {dag.py:3490} INFO - Setting next_dagrun for dag_mlops_full_pipeline to None, run_after=None
[2026-03-14T19:04:31.479+0000] {processor.py:178} INFO - Processing /opt/airflow/dags/dag2.py took 0.335 seconds
[2026-03-14T19:05:01.547+0000] {processor.py:156} INFO - Started process (PID=822) to work on /opt/airflow/dags/dag2.py
[2026-03-14T19:05:01.548+0000] {processor.py:799} INFO - Processing file /opt/airflow/dags/dag2.py for tasks to queue
[2026-03-14T19:05:01.549+0000] {logging_mixin.py:149} INFO - [2026-03-14T19:05:01.549+0000] {dagbag.py:541} INFO - Filling up the DagBag from /opt/airflow/dags/dag2.py
[2026-03-14T19:05:01.862+0000] {processor.py:809} INFO - DAG(s) dict_keys(['dag_mlops_full_pipeline']) retrieved from /opt/airflow/dags/dag2.py
[2026-03-14T19:05:01.870+0000] {logging_mixin.py:149} INFO - [2026-03-14T19:05:01.870+0000] {dag.py:2726} INFO - Sync 1 DAGs
[2026-03-14T19:05:01.878+0000] {logging_mixin.py:149} INFO - [2026-03-14T19:05:01.878+0000] {dag.py:3490} INFO - Setting next_dagrun for dag_mlops_full_pipeline to None, run_after=None
[2026-03-14T19:05:01.884+0000] {processor.py:178} INFO - Processing /opt/airflow/dags/dag2.py took 0.340 seconds
[2026-03-14T19:06:28.062+0000] {processor.py:156} INFO - Started process (PID=165) to work on /opt/airflow/dags/dag2.py
[2026-03-14T19:06:28.062+0000] {processor.py:799} INFO - Processing file /opt/airflow/dags/dag2.py for tasks to queue
[2026-03-14T19:06:28.063+0000] {logging_mixin.py:149} INFO - [2026-03-14T19:06:28.063+0000] {dagbag.py:541} INFO - Filling up the DagBag from /opt/airflow/dags/dag2.py
[2026-03-14T19:06:28.819+0000] {processor.py:809} INFO - DAG(s) dict_keys(['dag_mlops_full_pipeline']) retrieved from /opt/airflow/dags/dag2.py
[2026-03-14T19:06:28.850+0000] {logging_mixin.py:149} INFO - [2026-03-14T19:06:28.850+0000] {dag.py:2726} INFO - Sync 1 DAGs
[2026-03-14T19:06:28.859+0000] {logging_mixin.py:149} INFO - [2026-03-14T19:06:28.859+0000] {dag.py:3490} INFO - Setting next_dagrun for dag_mlops_full_pipeline to None, run_after=None
[2026-03-14T19:06:28.868+0000] {processor.py:178} INFO - Processing /opt/airflow/dags/dag2.py took 0.808 seconds
[2026-03-14T19:06:59.507+0000] {processor.py:156} INFO - Started process (PID=197) to work on /opt/airflow/dags/dag2.py
[2026-03-14T19:06:59.507+0000] {processor.py:799} INFO - Processing file /opt/airflow/dags/dag2.py for tasks to queue
[2026-03-14T19:06:59.508+0000] {logging_mixin.py:149} INFO - [2026-03-14T19:06:59.508+0000] {dagbag.py:541} INFO - Filling up the DagBag from /opt/airflow/dags/dag2.py
[2026-03-14T19:06:59.855+0000] {processor.py:809} INFO - DAG(s) dict_keys(['dag_mlops_full_pipeline']) retrieved from /opt/airflow/dags/dag2.py
[2026-03-14T19:06:59.864+0000] {logging_mixin.py:149} INFO - [2026-03-14T19:06:59.864+0000] {dag.py:2726} INFO - Sync 1 DAGs
[2026-03-14T19:06:59.872+0000] {logging_mixin.py:149} INFO - [2026-03-14T19:06:59.872+0000] {dag.py:3490} INFO - Setting next_dagrun for dag_mlops_full_pipeline to None, run_after=None
[2026-03-14T19:06:59.877+0000] {processor.py:178} INFO - Processing /opt/airflow/dags/dag2.py took 0.372 seconds
[2026-03-14T19:07:29.964+0000] {processor.py:156} INFO - Started process (PID=231) to work on /opt/airflow/dags/dag2.py
[2026-03-14T19:07:29.964+0000] {processor.py:799} INFO - Processing file /opt/airflow/dags/dag2.py for tasks to queue
[2026-03-14T19:07:29.964+0000] {logging_mixin.py:149} INFO - [2026-03-14T19:07:29.964+0000] {dagbag.py:541} INFO - Filling up the DagBag from /opt/airflow/dags/dag2.py
[2026-03-14T19:07:30.245+0000] {processor.py:809} INFO - DAG(s) dict_keys(['dag_mlops_full_pipeline']) retrieved from /opt/airflow/dags/dag2.py
[2026-03-14T19:07:30.254+0000] {logging_mixin.py:149} INFO - [2026-03-14T19:07:30.253+0000] {dag.py:2726} INFO - Sync 1 DAGs
[2026-03-14T19:07:30.261+0000] {logging_mixin.py:149} INFO - [2026-03-14T19:07:30.261+0000] {dag.py:3490} INFO - Setting next_dagrun for dag_mlops_full_pipeline to None, run_after=None
[2026-03-14T19:07:30.267+0000] {processor.py:178} INFO - Processing /opt/airflow/dags/dag2.py took 0.304 seconds
[2026-03-14T19:08:00.330+0000] {processor.py:156} INFO - Started process (PID=258) to work on /opt/airflow/dags/dag2.py
[2026-03-14T19:08:00.330+0000] {processor.py:799} INFO - Processing file /opt/airflow/dags/dag2.py for tasks to queue
[2026-03-14T19:08:00.331+0000] {logging_mixin.py:149} INFO - [2026-03-14T19:08:00.331+0000] {dagbag.py:541} INFO - Filling up the DagBag from /opt/airflow/dags/dag2.py
[2026-03-14T19:08:00.612+0000] {processor.py:809} INFO - DAG(s) dict_keys(['dag_mlops_full_pipeline']) retrieved from /opt/airflow/dags/dag2.py
[2026-03-14T19:08:00.621+0000] {logging_mixin.py:149} INFO - [2026-03-14T19:08:00.621+0000] {dag.py:2726} INFO - Sync 1 DAGs
[2026-03-14T19:08:00.629+0000] {logging_mixin.py:149} INFO - [2026-03-14T19:08:00.629+0000] {dag.py:3490} INFO - Setting next_dagrun for dag_mlops_full_pipeline to None, run_after=None
[2026-03-14T19:08:00.634+0000] {processor.py:178} INFO - Processing /opt/airflow/dags/dag2.py took 0.308 seconds
[2026-03-14T19:08:31.584+0000] {processor.py:156} INFO - Started process (PID=332) to work on /opt/airflow/dags/dag2.py
[2026-03-14T19:08:31.585+0000] {processor.py:799} INFO - Processing file /opt/airflow/dags/dag2.py for tasks to queue
[2026-03-14T19:08:31.585+0000] {logging_mixin.py:149} INFO - [2026-03-14T19:08:31.585+0000] {dagbag.py:541} INFO - Filling up the DagBag from /opt/airflow/dags/dag2.py
[2026-03-14T19:08:31.888+0000] {processor.py:809} INFO - DAG(s) dict_keys(['dag_mlops_full_pipeline']) retrieved from /opt/airflow/dags/dag2.py
[2026-03-14T19:08:31.898+0000] {logging_mixin.py:149} INFO - [2026-03-14T19:08:31.898+0000] {dag.py:2726} INFO - Sync 1 DAGs
[2026-03-14T19:08:31.906+0000] {logging_mixin.py:149} INFO - [2026-03-14T19:08:31.906+0000] {dag.py:3490} INFO - Setting next_dagrun for dag_mlops_full_pipeline to None, run_after=None
[2026-03-14T19:08:31.912+0000] {processor.py:178} INFO - Processing /opt/airflow/dags/dag2.py took 0.329 seconds
[2026-03-14T19:09:01.960+0000] {processor.py:156} INFO - Started process (PID=359) to work on /opt/airflow/dags/dag2.py
[2026-03-14T19:09:01.961+0000] {processor.py:799} INFO - Processing file /opt/airflow/dags/dag2.py for tasks to queue
[2026-03-14T19:09:01.962+0000] {logging_mixin.py:149} INFO - [2026-03-14T19:09:01.962+0000] {dagbag.py:541} INFO - Filling up the DagBag from /opt/airflow/dags/dag2.py
[2026-03-14T19:09:02.253+0000] {processor.py:809} INFO - DAG(s) dict_keys(['dag_mlops_full_pipeline']) retrieved from /opt/airflow/dags/dag2.py
[2026-03-14T19:09:02.261+0000] {logging_mixin.py:149} INFO - [2026-03-14T19:09:02.261+0000] {dag.py:2726} INFO - Sync 1 DAGs
[2026-03-14T19:09:02.269+0000] {logging_mixin.py:149} INFO - [2026-03-14T19:09:02.269+0000] {dag.py:3490} INFO - Setting next_dagrun for dag_mlops_full_pipeline to None, run_after=None
[2026-03-14T19:09:02.275+0000] {processor.py:178} INFO - Processing /opt/airflow/dags/dag2.py took 0.319 seconds
[2026-03-14T19:09:33.230+0000] {processor.py:156} INFO - Started process (PID=386) to work on /opt/airflow/dags/dag2.py
[2026-03-14T19:09:33.231+0000] {processor.py:799} INFO - Processing file /opt/airflow/dags/dag2.py for tasks to queue
[2026-03-14T19:09:33.231+0000] {logging_mixin.py:149} INFO - [2026-03-14T19:09:33.231+0000] {dagbag.py:541} INFO - Filling up the DagBag from /opt/airflow/dags/dag2.py
[2026-03-14T19:09:33.534+0000] {processor.py:809} INFO - DAG(s) dict_keys(['dag_mlops_full_pipeline']) retrieved from /opt/airflow/dags/dag2.py
[2026-03-14T19:09:33.545+0000] {logging_mixin.py:149} INFO - [2026-03-14T19:09:33.545+0000] {dag.py:2726} INFO - Sync 1 DAGs
[2026-03-14T19:09:33.553+0000] {logging_mixin.py:149} INFO - [2026-03-14T19:09:33.553+0000] {dag.py:3490} INFO - Setting next_dagrun for dag_mlops_full_pipeline to None, run_after=None
[2026-03-14T19:09:33.559+0000] {processor.py:178} INFO - Processing /opt/airflow/dags/dag2.py took 0.331 seconds
[2026-03-14T19:10:04.541+0000] {processor.py:156} INFO - Started process (PID=413) to work on /opt/airflow/dags/dag2.py
[2026-03-14T19:10:04.541+0000] {processor.py:799} INFO - Processing file /opt/airflow/dags/dag2.py for tasks to queue
[2026-03-14T19:10:04.542+0000] {logging_mixin.py:149} INFO - [2026-03-14T19:10:04.542+0000] {dagbag.py:541} INFO - Filling up the DagBag from /opt/airflow/dags/dag2.py
[2026-03-14T19:10:04.862+0000] {processor.py:809} INFO - DAG(s) dict_keys(['dag_mlops_full_pipeline']) retrieved from /opt/airflow/dags/dag2.py
[2026-03-14T19:10:04.871+0000] {logging_mixin.py:149} INFO - [2026-03-14T19:10:04.871+0000] {dag.py:2726} INFO - Sync 1 DAGs
[2026-03-14T19:10:04.881+0000] {logging_mixin.py:149} INFO - [2026-03-14T19:10:04.881+0000] {dag.py:3490} INFO - Setting next_dagrun for dag_mlops_full_pipeline to None, run_after=None
[2026-03-14T19:10:04.887+0000] {processor.py:178} INFO - Processing /opt/airflow/dags/dag2.py took 0.349 seconds
[2026-03-14T19:10:35.850+0000] {processor.py:156} INFO - Started process (PID=440) to work on /opt/airflow/dags/dag2.py
[2026-03-14T19:10:35.851+0000] {processor.py:799} INFO - Processing file /opt/airflow/dags/dag2.py for tasks to queue
[2026-03-14T19:10:35.851+0000] {logging_mixin.py:149} INFO - [2026-03-14T19:10:35.851+0000] {dagbag.py:541} INFO - Filling up the DagBag from /opt/airflow/dags/dag2.py
[2026-03-14T19:10:36.133+0000] {processor.py:809} INFO - DAG(s) dict_keys(['dag_mlops_full_pipeline']) retrieved from /opt/airflow/dags/dag2.py
[2026-03-14T19:10:36.142+0000] {logging_mixin.py:149} INFO - [2026-03-14T19:10:36.142+0000] {dag.py:2726} INFO - Sync 1 DAGs
[2026-03-14T19:10:36.149+0000] {logging_mixin.py:149} INFO - [2026-03-14T19:10:36.149+0000] {dag.py:3490} INFO - Setting next_dagrun for dag_mlops_full_pipeline to None, run_after=None
[2026-03-14T19:10:36.155+0000] {processor.py:178} INFO - Processing /opt/airflow/dags/dag2.py took 0.309 seconds
[2026-03-14T19:11:06.207+0000] {processor.py:156} INFO - Started process (PID=467) to work on /opt/airflow/dags/dag2.py
[2026-03-14T19:11:06.208+0000] {processor.py:799} INFO - Processing file /opt/airflow/dags/dag2.py for tasks to queue
[2026-03-14T19:11:06.209+0000] {logging_mixin.py:149} INFO - [2026-03-14T19:11:06.209+0000] {dagbag.py:541} INFO - Filling up the DagBag from /opt/airflow/dags/dag2.py
[2026-03-14T19:11:06.492+0000] {processor.py:809} INFO - DAG(s) dict_keys(['dag_mlops_full_pipeline']) retrieved from /opt/airflow/dags/dag2.py
[2026-03-14T19:11:06.501+0000] {logging_mixin.py:149} INFO - [2026-03-14T19:11:06.500+0000] {dag.py:2726} INFO - Sync 1 DAGs
[2026-03-14T19:11:06.509+0000] {logging_mixin.py:149} INFO - [2026-03-14T19:11:06.508+0000] {dag.py:3490} INFO - Setting next_dagrun for dag_mlops_full_pipeline to None, run_after=None
[2026-03-14T19:11:06.514+0000] {processor.py:178} INFO - Processing /opt/airflow/dags/dag2.py took 0.309 seconds
[2026-03-14T19:11:37.451+0000] {processor.py:156} INFO - Started process (PID=494) to work on /opt/airflow/dags/dag2.py
[2026-03-14T19:11:37.452+0000] {processor.py:799} INFO - Processing file /opt/airflow/dags/dag2.py for tasks to queue
[2026-03-14T19:11:37.454+0000] {logging_mixin.py:149} INFO - [2026-03-14T19:11:37.454+0000] {dagbag.py:541} INFO - Filling up the DagBag from /opt/airflow/dags/dag2.py
[2026-03-14T19:11:37.727+0000] {processor.py:809} INFO - DAG(s) dict_keys(['dag_mlops_full_pipeline']) retrieved from /opt/airflow/dags/dag2.py
[2026-03-14T19:11:37.735+0000] {logging_mixin.py:149} INFO - [2026-03-14T19:11:37.735+0000] {dag.py:2726} INFO - Sync 1 DAGs
[2026-03-14T19:11:37.743+0000] {logging_mixin.py:149} INFO - [2026-03-14T19:11:37.743+0000] {dag.py:3490} INFO - Setting next_dagrun for dag_mlops_full_pipeline to None, run_after=None
[2026-03-14T19:11:37.749+0000] {processor.py:178} INFO - Processing /opt/airflow/dags/dag2.py took 0.302 seconds
[2026-03-14T19:12:08.737+0000] {processor.py:156} INFO - Started process (PID=521) to work on /opt/airflow/dags/dag2.py
[2026-03-14T19:12:08.738+0000] {processor.py:799} INFO - Processing file /opt/airflow/dags/dag2.py for tasks to queue
[2026-03-14T19:12:08.738+0000] {logging_mixin.py:149} INFO - [2026-03-14T19:12:08.738+0000] {dagbag.py:541} INFO - Filling up the DagBag from /opt/airflow/dags/dag2.py
[2026-03-14T19:12:09.029+0000] {processor.py:809} INFO - DAG(s) dict_keys(['dag_mlops_full_pipeline']) retrieved from /opt/airflow/dags/dag2.py
[2026-03-14T19:12:09.038+0000] {logging_mixin.py:149} INFO - [2026-03-14T19:12:09.038+0000] {dag.py:2726} INFO - Sync 1 DAGs
[2026-03-14T19:12:09.047+0000] {logging_mixin.py:149} INFO - [2026-03-14T19:12:09.047+0000] {dag.py:3490} INFO - Setting next_dagrun for dag_mlops_full_pipeline to None, run_after=None
[2026-03-14T19:12:09.053+0000] {processor.py:178} INFO - Processing /opt/airflow/dags/dag2.py took 0.319 seconds
[2026-03-14T19:12:39.984+0000] {processor.py:156} INFO - Started process (PID=548) to work on /opt/airflow/dags/dag2.py
[2026-03-14T19:12:39.984+0000] {processor.py:799} INFO - Processing file /opt/airflow/dags/dag2.py for tasks to queue
[2026-03-14T19:12:39.985+0000] {logging_mixin.py:149} INFO - [2026-03-14T19:12:39.985+0000] {dagbag.py:541} INFO - Filling up the DagBag from /opt/airflow/dags/dag2.py
[2026-03-14T19:12:40.292+0000] {processor.py:809} INFO - DAG(s) dict_keys(['dag_mlops_full_pipeline']) retrieved from /opt/airflow/dags/dag2.py
[2026-03-14T19:12:40.302+0000] {logging_mixin.py:149} INFO - [2026-03-14T19:12:40.302+0000] {dag.py:2726} INFO - Sync 1 DAGs
[2026-03-14T19:12:40.311+0000] {logging_mixin.py:149} INFO - [2026-03-14T19:12:40.311+0000] {dag.py:3490} INFO - Setting next_dagrun for dag_mlops_full_pipeline to None, run_after=None
[2026-03-14T19:12:40.317+0000] {processor.py:178} INFO - Processing /opt/airflow/dags/dag2.py took 0.335 seconds
[2026-03-14T19:13:11.239+0000] {processor.py:156} INFO - Started process (PID=575) to work on /opt/airflow/dags/dag2.py
[2026-03-14T19:13:11.240+0000] {processor.py:799} INFO - Processing file /opt/airflow/dags/dag2.py for tasks to queue
[2026-03-14T19:13:11.240+0000] {logging_mixin.py:149} INFO - [2026-03-14T19:13:11.240+0000] {dagbag.py:541} INFO - Filling up the DagBag from /opt/airflow/dags/dag2.py
[2026-03-14T19:13:11.551+0000] {processor.py:809} INFO - DAG(s) dict_keys(['dag_mlops_full_pipeline']) retrieved from /opt/airflow/dags/dag2.py
[2026-03-14T19:13:11.560+0000] {logging_mixin.py:149} INFO - [2026-03-14T19:13:11.560+0000] {dag.py:2726} INFO - Sync 1 DAGs
[2026-03-14T19:13:11.568+0000] {logging_mixin.py:149} INFO - [2026-03-14T19:13:11.568+0000] {dag.py:3490} INFO - Setting next_dagrun for dag_mlops_full_pipeline to None, run_after=None
[2026-03-14T19:13:11.574+0000] {processor.py:178} INFO - Processing /opt/airflow/dags/dag2.py took 0.336 seconds
[2026-03-14T19:13:42.514+0000] {processor.py:156} INFO - Started process (PID=602) to work on /opt/airflow/dags/dag2.py
[2026-03-14T19:13:42.515+0000] {processor.py:799} INFO - Processing file /opt/airflow/dags/dag2.py for tasks to queue
[2026-03-14T19:13:42.515+0000] {logging_mixin.py:149} INFO - [2026-03-14T19:13:42.515+0000] {dagbag.py:541} INFO - Filling up the DagBag from /opt/airflow/dags/dag2.py
[2026-03-14T19:13:42.838+0000] {processor.py:809} INFO - DAG(s) dict_keys(['dag_mlops_full_pipeline']) retrieved from /opt/airflow/dags/dag2.py
[2026-03-14T19:13:42.849+0000] {logging_mixin.py:149} INFO - [2026-03-14T19:13:42.849+0000] {dag.py:2726} INFO - Sync 1 DAGs
[2026-03-14T19:13:42.859+0000] {logging_mixin.py:149} INFO - [2026-03-14T19:13:42.859+0000] {dag.py:3490} INFO - Setting next_dagrun for dag_mlops_full_pipeline to None, run_after=None
[2026-03-14T19:13:42.865+0000] {processor.py:178} INFO - Processing /opt/airflow/dags/dag2.py took 0.354 seconds
[2026-03-14T19:14:13.781+0000] {processor.py:156} INFO - Started process (PID=677) to work on /opt/airflow/dags/dag2.py
[2026-03-14T19:14:13.781+0000] {processor.py:799} INFO - Processing file /opt/airflow/dags/dag2.py for tasks to queue
[2026-03-14T19:14:13.782+0000] {logging_mixin.py:149} INFO - [2026-03-14T19:14:13.782+0000] {dagbag.py:541} INFO - Filling up the DagBag from /opt/airflow/dags/dag2.py
[2026-03-14T19:14:14.071+0000] {processor.py:809} INFO - DAG(s) dict_keys(['dag_mlops_full_pipeline']) retrieved from /opt/airflow/dags/dag2.py
[2026-03-14T19:14:14.080+0000] {logging_mixin.py:149} INFO - [2026-03-14T19:14:14.080+0000] {dag.py:2726} INFO - Sync 1 DAGs
[2026-03-14T19:14:14.088+0000] {logging_mixin.py:149} INFO - [2026-03-14T19:14:14.088+0000] {dag.py:3490} INFO - Setting next_dagrun for dag_mlops_full_pipeline to None, run_after=None
[2026-03-14T19:14:14.094+0000] {processor.py:178} INFO - Processing /opt/airflow/dags/dag2.py took 0.316 seconds
[2026-03-14T19:14:45.066+0000] {processor.py:156} INFO - Started process (PID=705) to work on /opt/airflow/dags/dag2.py
[2026-03-14T19:14:45.067+0000] {processor.py:799} INFO - Processing file /opt/airflow/dags/dag2.py for tasks to queue
[2026-03-14T19:14:45.068+0000] {logging_mixin.py:149} INFO - [2026-03-14T19:14:45.067+0000] {dagbag.py:541} INFO - Filling up the DagBag from /opt/airflow/dags/dag2.py
[2026-03-14T19:14:45.343+0000] {processor.py:809} INFO - DAG(s) dict_keys(['dag_mlops_full_pipeline']) retrieved from /opt/airflow/dags/dag2.py
[2026-03-14T19:14:45.351+0000] {logging_mixin.py:149} INFO - [2026-03-14T19:14:45.351+0000] {dag.py:2726} INFO - Sync 1 DAGs
[2026-03-14T19:14:45.359+0000] {logging_mixin.py:149} INFO - [2026-03-14T19:14:45.359+0000] {dag.py:3490} INFO - Setting next_dagrun for dag_mlops_full_pipeline to None, run_after=None
[2026-03-14T19:14:45.365+0000] {processor.py:178} INFO - Processing /opt/airflow/dags/dag2.py took 0.302 seconds
[2026-03-14T19:15:15.391+0000] {processor.py:156} INFO - Started process (PID=732) to work on /opt/airflow/dags/dag2.py
[2026-03-14T19:15:15.392+0000] {processor.py:799} INFO - Processing file /opt/airflow/dags/dag2.py for tasks to queue
[2026-03-14T19:15:15.393+0000] {logging_mixin.py:149} INFO - [2026-03-14T19:15:15.393+0000] {dagbag.py:541} INFO - Filling up the DagBag from /opt/airflow/dags/dag2.py
[2026-03-14T19:15:15.680+0000] {processor.py:809} INFO - DAG(s) dict_keys(['dag_mlops_full_pipeline']) retrieved from /opt/airflow/dags/dag2.py
[2026-03-14T19:15:15.689+0000] {logging_mixin.py:149} INFO - [2026-03-14T19:15:15.689+0000] {dag.py:2726} INFO - Sync 1 DAGs
[2026-03-14T19:15:15.697+0000] {logging_mixin.py:149} INFO - [2026-03-14T19:15:15.697+0000] {dag.py:3490} INFO - Setting next_dagrun for dag_mlops_full_pipeline to None, run_after=None
[2026-03-14T19:15:15.703+0000] {processor.py:178} INFO - Processing /opt/airflow/dags/dag2.py took 0.315 seconds
[2026-03-14T19:15:46.669+0000] {processor.py:156} INFO - Started process (PID=759) to work on /opt/airflow/dags/dag2.py
[2026-03-14T19:15:46.670+0000] {processor.py:799} INFO - Processing file /opt/airflow/dags/dag2.py for tasks to queue
[2026-03-14T19:15:46.670+0000] {logging_mixin.py:149} INFO - [2026-03-14T19:15:46.670+0000] {dagbag.py:541} INFO - Filling up the DagBag from /opt/airflow/dags/dag2.py
[2026-03-14T19:15:46.950+0000] {processor.py:809} INFO - DAG(s) dict_keys(['dag_mlops_full_pipeline']) retrieved from /opt/airflow/dags/dag2.py
[2026-03-14T19:15:46.958+0000] {logging_mixin.py:149} INFO - [2026-03-14T19:15:46.958+0000] {dag.py:2726} INFO - Sync 1 DAGs
[2026-03-14T19:15:46.966+0000] {logging_mixin.py:149} INFO - [2026-03-14T19:15:46.966+0000] {dag.py:3490} INFO - Setting next_dagrun for dag_mlops_full_pipeline to None, run_after=None
[2026-03-14T19:15:46.972+0000] {processor.py:178} INFO - Processing /opt/airflow/dags/dag2.py took 0.304 seconds
[2026-03-14T19:16:17.948+0000] {processor.py:156} INFO - Started process (PID=786) to work on /opt/airflow/dags/dag2.py
[2026-03-14T19:16:17.948+0000] {processor.py:799} INFO - Processing file /opt/airflow/dags/dag2.py for tasks to queue
[2026-03-14T19:16:17.949+0000] {logging_mixin.py:149} INFO - [2026-03-14T19:16:17.949+0000] {dagbag.py:541} INFO - Filling up the DagBag from /opt/airflow/dags/dag2.py
[2026-03-14T19:16:18.222+0000] {processor.py:809} INFO - DAG(s) dict_keys(['dag_mlops_full_pipeline']) retrieved from /opt/airflow/dags/dag2.py
[2026-03-14T19:16:18.231+0000] {logging_mixin.py:149} INFO - [2026-03-14T19:16:18.231+0000] {dag.py:2726} INFO - Sync 1 DAGs
[2026-03-14T19:16:18.239+0000] {logging_mixin.py:149} INFO - [2026-03-14T19:16:18.239+0000] {dag.py:3490} INFO - Setting next_dagrun for dag_mlops_full_pipeline to None, run_after=None
[2026-03-14T19:16:18.245+0000] {processor.py:178} INFO - Processing /opt/airflow/dags/dag2.py took 0.300 seconds
[2026-03-14T19:16:48.294+0000] {processor.py:156} INFO - Started process (PID=813) to work on /opt/airflow/dags/dag2.py
[2026-03-14T19:16:48.294+0000] {processor.py:799} INFO - Processing file /opt/airflow/dags/dag2.py for tasks to queue
[2026-03-14T19:16:48.295+0000] {logging_mixin.py:149} INFO - [2026-03-14T19:16:48.295+0000] {dagbag.py:541} INFO - Filling up the DagBag from /opt/airflow/dags/dag2.py
[2026-03-14T19:16:48.594+0000] {processor.py:809} INFO - DAG(s) dict_keys(['dag_mlops_full_pipeline']) retrieved from /opt/airflow/dags/dag2.py
[2026-03-14T19:16:48.603+0000] {logging_mixin.py:149} INFO - [2026-03-14T19:16:48.603+0000] {dag.py:2726} INFO - Sync 1 DAGs
[2026-03-14T19:16:48.612+0000] {logging_mixin.py:149} INFO - [2026-03-14T19:16:48.612+0000] {dag.py:3490} INFO - Setting next_dagrun for dag_mlops_full_pipeline to None, run_after=None
[2026-03-14T19:16:48.618+0000] {processor.py:178} INFO - Processing /opt/airflow/dags/dag2.py took 0.326 seconds
[2026-03-14T19:17:19.612+0000] {processor.py:156} INFO - Started process (PID=840) to work on /opt/airflow/dags/dag2.py
[2026-03-14T19:17:19.613+0000] {processor.py:799} INFO - Processing file /opt/airflow/dags/dag2.py for tasks to queue
[2026-03-14T19:17:19.614+0000] {logging_mixin.py:149} INFO - [2026-03-14T19:17:19.613+0000] {dagbag.py:541} INFO - Filling up the DagBag from /opt/airflow/dags/dag2.py
[2026-03-14T19:17:19.904+0000] {processor.py:809} INFO - DAG(s) dict_keys(['dag_mlops_full_pipeline']) retrieved from /opt/airflow/dags/dag2.py
[2026-03-14T19:17:19.912+0000] {logging_mixin.py:149} INFO - [2026-03-14T19:17:19.912+0000] {dag.py:2726} INFO - Sync 1 DAGs
[2026-03-14T19:17:19.920+0000] {logging_mixin.py:149} INFO - [2026-03-14T19:17:19.920+0000] {dag.py:3490} INFO - Setting next_dagrun for dag_mlops_full_pipeline to None, run_after=None
[2026-03-14T19:17:19.926+0000] {processor.py:178} INFO - Processing /opt/airflow/dags/dag2.py took 0.317 seconds
[2026-03-14T19:17:50.917+0000] {processor.py:156} INFO - Started process (PID=867) to work on /opt/airflow/dags/dag2.py
[2026-03-14T19:17:50.918+0000] {processor.py:799} INFO - Processing file /opt/airflow/dags/dag2.py for tasks to queue
[2026-03-14T19:17:50.919+0000] {logging_mixin.py:149} INFO - [2026-03-14T19:17:50.919+0000] {dagbag.py:541} INFO - Filling up the DagBag from /opt/airflow/dags/dag2.py
[2026-03-14T19:17:51.208+0000] {processor.py:809} INFO - DAG(s) dict_keys(['dag_mlops_full_pipeline']) retrieved from /opt/airflow/dags/dag2.py
[2026-03-14T19:17:51.217+0000] {logging_mixin.py:149} INFO - [2026-03-14T19:17:51.217+0000] {dag.py:2726} INFO - Sync 1 DAGs
[2026-03-14T19:17:51.229+0000] {logging_mixin.py:149} INFO - [2026-03-14T19:17:51.229+0000] {dag.py:3490} INFO - Setting next_dagrun for dag_mlops_full_pipeline to None, run_after=None
[2026-03-14T19:17:51.247+0000] {processor.py:178} INFO - Processing /opt/airflow/dags/dag2.py took 0.333 seconds
[2026-03-14T19:18:22.221+0000] {processor.py:156} INFO - Started process (PID=894) to work on /opt/airflow/dags/dag2.py
[2026-03-14T19:18:22.222+0000] {processor.py:799} INFO - Processing file /opt/airflow/dags/dag2.py for tasks to queue
[2026-03-14T19:18:22.222+0000] {logging_mixin.py:149} INFO - [2026-03-14T19:18:22.222+0000] {dagbag.py:541} INFO - Filling up the DagBag from /opt/airflow/dags/dag2.py
[2026-03-14T19:18:22.532+0000] {processor.py:809} INFO - DAG(s) dict_keys(['dag_mlops_full_pipeline']) retrieved from /opt/airflow/dags/dag2.py
[2026-03-14T19:18:22.542+0000] {logging_mixin.py:149} INFO - [2026-03-14T19:18:22.541+0000] {dag.py:2726} INFO - Sync 1 DAGs
[2026-03-14T19:18:22.552+0000] {logging_mixin.py:149} INFO - [2026-03-14T19:18:22.552+0000] {dag.py:3490} INFO - Setting next_dagrun for dag_mlops_full_pipeline to None, run_after=None
[2026-03-14T19:18:22.558+0000] {processor.py:178} INFO - Processing /opt/airflow/dags/dag2.py took 0.341 seconds
[2026-03-14T19:18:53.546+0000] {processor.py:156} INFO - Started process (PID=921) to work on /opt/airflow/dags/dag2.py
[2026-03-14T19:18:53.547+0000] {processor.py:799} INFO - Processing file /opt/airflow/dags/dag2.py for tasks to queue
[2026-03-14T19:18:53.548+0000] {logging_mixin.py:149} INFO - [2026-03-14T19:18:53.548+0000] {dagbag.py:541} INFO - Filling up the DagBag from /opt/airflow/dags/dag2.py
[2026-03-14T19:18:53.900+0000] {processor.py:809} INFO - DAG(s) dict_keys(['dag_mlops_full_pipeline']) retrieved from /opt/airflow/dags/dag2.py
[2026-03-14T19:18:53.909+0000] {logging_mixin.py:149} INFO - [2026-03-14T19:18:53.909+0000] {dag.py:2726} INFO - Sync 1 DAGs
[2026-03-14T19:18:53.917+0000] {logging_mixin.py:149} INFO - [2026-03-14T19:18:53.917+0000] {dag.py:3490} INFO - Setting next_dagrun for dag_mlops_full_pipeline to None, run_after=None
[2026-03-14T19:18:53.923+0000] {processor.py:178} INFO - Processing /opt/airflow/dags/dag2.py took 0.380 seconds
[2026-03-14T19:19:24.841+0000] {processor.py:156} INFO - Started process (PID=948) to work on /opt/airflow/dags/dag2.py
[2026-03-14T19:19:24.841+0000] {processor.py:799} INFO - Processing file /opt/airflow/dags/dag2.py for tasks to queue
[2026-03-14T19:19:24.842+0000] {logging_mixin.py:149} INFO - [2026-03-14T19:19:24.842+0000] {dagbag.py:541} INFO - Filling up the DagBag from /opt/airflow/dags/dag2.py
[2026-03-14T19:19:25.149+0000] {processor.py:809} INFO - DAG(s) dict_keys(['dag_mlops_full_pipeline']) retrieved from /opt/airflow/dags/dag2.py
[2026-03-14T19:19:25.158+0000] {logging_mixin.py:149} INFO - [2026-03-14T19:19:25.158+0000] {dag.py:2726} INFO - Sync 1 DAGs
[2026-03-14T19:19:25.166+0000] {logging_mixin.py:149} INFO - [2026-03-14T19:19:25.166+0000] {dag.py:3490} INFO - Setting next_dagrun for dag_mlops_full_pipeline to None, run_after=None
[2026-03-14T19:19:25.172+0000] {processor.py:178} INFO - Processing /opt/airflow/dags/dag2.py took 0.334 seconds
[2026-03-14T19:19:56.190+0000] {processor.py:156} INFO - Started process (PID=975) to work on /opt/airflow/dags/dag2.py
[2026-03-14T19:19:56.191+0000] {processor.py:799} INFO - Processing file /opt/airflow/dags/dag2.py for tasks to queue
[2026-03-14T19:19:56.192+0000] {logging_mixin.py:149} INFO - [2026-03-14T19:19:56.192+0000] {dagbag.py:541} INFO - Filling up the DagBag from /opt/airflow/dags/dag2.py
[2026-03-14T19:19:56.477+0000] {processor.py:809} INFO - DAG(s) dict_keys(['dag_mlops_full_pipeline']) retrieved from /opt/airflow/dags/dag2.py
[2026-03-14T19:19:56.486+0000] {logging_mixin.py:149} INFO - [2026-03-14T19:19:56.486+0000] {dag.py:2726} INFO - Sync 1 DAGs
[2026-03-14T19:19:56.494+0000] {logging_mixin.py:149} INFO - [2026-03-14T19:19:56.494+0000] {dag.py:3490} INFO - Setting next_dagrun for dag_mlops_full_pipeline to None, run_after=None
[2026-03-14T19:19:56.500+0000] {processor.py:178} INFO - Processing /opt/airflow/dags/dag2.py took 0.313 seconds
[2026-03-14T19:20:27.459+0000] {processor.py:156} INFO - Started process (PID=1002) to work on /opt/airflow/dags/dag2.py
[2026-03-14T19:20:27.460+0000] {processor.py:799} INFO - Processing file /opt/airflow/dags/dag2.py for tasks to queue
[2026-03-14T19:20:27.460+0000] {logging_mixin.py:149} INFO - [2026-03-14T19:20:27.460+0000] {dagbag.py:541} INFO - Filling up the DagBag from /opt/airflow/dags/dag2.py
[2026-03-14T19:20:27.752+0000] {processor.py:809} INFO - DAG(s) dict_keys(['dag_mlops_full_pipeline']) retrieved from /opt/airflow/dags/dag2.py
[2026-03-14T19:20:27.761+0000] {logging_mixin.py:149} INFO - [2026-03-14T19:20:27.761+0000] {dag.py:2726} INFO - Sync 1 DAGs
[2026-03-14T19:20:27.769+0000] {logging_mixin.py:149} INFO - [2026-03-14T19:20:27.769+0000] {dag.py:3490} INFO - Setting next_dagrun for dag_mlops_full_pipeline to None, run_after=None
[2026-03-14T19:20:27.775+0000] {processor.py:178} INFO - Processing /opt/airflow/dags/dag2.py took 0.317 seconds
[2026-03-14T19:20:58.711+0000] {processor.py:156} INFO - Started process (PID=1131) to work on /opt/airflow/dags/dag2.py
[2026-03-14T19:20:58.712+0000] {processor.py:799} INFO - Processing file /opt/airflow/dags/dag2.py for tasks to queue
[2026-03-14T19:20:58.713+0000] {logging_mixin.py:149} INFO - [2026-03-14T19:20:58.712+0000] {dagbag.py:541} INFO - Filling up the DagBag from /opt/airflow/dags/dag2.py
[2026-03-14T19:20:59.001+0000] {processor.py:809} INFO - DAG(s) dict_keys(['dag_mlops_full_pipeline']) retrieved from /opt/airflow/dags/dag2.py
[2026-03-14T19:20:59.011+0000] {logging_mixin.py:149} INFO - [2026-03-14T19:20:59.011+0000] {dag.py:2726} INFO - Sync 1 DAGs
[2026-03-14T19:20:59.020+0000] {logging_mixin.py:149} INFO - [2026-03-14T19:20:59.019+0000] {dag.py:3490} INFO - Setting next_dagrun for dag_mlops_full_pipeline to None, run_after=None
[2026-03-14T19:20:59.026+0000] {processor.py:178} INFO - Processing /opt/airflow/dags/dag2.py took 0.318 seconds
[2026-03-14T19:21:30.002+0000] {processor.py:156} INFO - Started process (PID=1158) to work on /opt/airflow/dags/dag2.py
[2026-03-14T19:21:30.003+0000] {processor.py:799} INFO - Processing file /opt/airflow/dags/dag2.py for tasks to queue
[2026-03-14T19:21:30.004+0000] {logging_mixin.py:149} INFO - [2026-03-14T19:21:30.004+0000] {dagbag.py:541} INFO - Filling up the DagBag from /opt/airflow/dags/dag2.py
[2026-03-14T19:21:30.318+0000] {processor.py:809} INFO - DAG(s) dict_keys(['dag_mlops_full_pipeline']) retrieved from /opt/airflow/dags/dag2.py
[2026-03-14T19:21:30.328+0000] {logging_mixin.py:149} INFO - [2026-03-14T19:21:30.328+0000] {dag.py:2726} INFO - Sync 1 DAGs
[2026-03-14T19:21:30.336+0000] {logging_mixin.py:149} INFO - [2026-03-14T19:21:30.336+0000] {dag.py:3490} INFO - Setting next_dagrun for dag_mlops_full_pipeline to None, run_after=None
[2026-03-14T19:21:30.342+0000] {processor.py:178} INFO - Processing /opt/airflow/dags/dag2.py took 0.343 seconds
[2026-03-14T19:22:01.271+0000] {processor.py:156} INFO - Started process (PID=1185) to work on /opt/airflow/dags/dag2.py
[2026-03-14T19:22:01.272+0000] {processor.py:799} INFO - Processing file /opt/airflow/dags/dag2.py for tasks to queue
[2026-03-14T19:22:01.273+0000] {logging_mixin.py:149} INFO - [2026-03-14T19:22:01.273+0000] {dagbag.py:541} INFO - Filling up the DagBag from /opt/airflow/dags/dag2.py
[2026-03-14T19:22:01.553+0000] {processor.py:809} INFO - DAG(s) dict_keys(['dag_mlops_full_pipeline']) retrieved from /opt/airflow/dags/dag2.py
[2026-03-14T19:22:01.562+0000] {logging_mixin.py:149} INFO - [2026-03-14T19:22:01.562+0000] {dag.py:2726} INFO - Sync 1 DAGs
[2026-03-14T19:22:01.570+0000] {logging_mixin.py:149} INFO - [2026-03-14T19:22:01.570+0000] {dag.py:3490} INFO - Setting next_dagrun for dag_mlops_full_pipeline to None, run_after=None
[2026-03-14T19:22:01.576+0000] {processor.py:178} INFO - Processing /opt/airflow/dags/dag2.py took 0.308 seconds
[2026-03-14T19:22:32.560+0000] {processor.py:156} INFO - Started process (PID=1220) to work on /opt/airflow/dags/dag2.py
[2026-03-14T19:22:32.561+0000] {processor.py:799} INFO - Processing file /opt/airflow/dags/dag2.py for tasks to queue
[2026-03-14T19:22:32.561+0000] {logging_mixin.py:149} INFO - [2026-03-14T19:22:32.561+0000] {dagbag.py:541} INFO - Filling up the DagBag from /opt/airflow/dags/dag2.py
[2026-03-14T19:22:32.888+0000] {processor.py:809} INFO - DAG(s) dict_keys(['dag_mlops_full_pipeline']) retrieved from /opt/airflow/dags/dag2.py
[2026-03-14T19:22:32.898+0000] {logging_mixin.py:149} INFO - [2026-03-14T19:22:32.898+0000] {dag.py:2726} INFO - Sync 1 DAGs
[2026-03-14T19:22:32.907+0000] {logging_mixin.py:149} INFO - [2026-03-14T19:22:32.907+0000] {dag.py:3490} INFO - Setting next_dagrun for dag_mlops_full_pipeline to None, run_after=None
[2026-03-14T19:22:32.915+0000] {processor.py:178} INFO - Processing /opt/airflow/dags/dag2.py took 0.357 seconds
[2026-03-14T19:23:03.875+0000] {processor.py:156} INFO - Started process (PID=1247) to work on /opt/airflow/dags/dag2.py
[2026-03-14T19:23:03.876+0000] {processor.py:799} INFO - Processing file /opt/airflow/dags/dag2.py for tasks to queue
[2026-03-14T19:23:03.877+0000] {logging_mixin.py:149} INFO - [2026-03-14T19:23:03.877+0000] {dagbag.py:541} INFO - Filling up the DagBag from /opt/airflow/dags/dag2.py
[2026-03-14T19:23:04.152+0000] {processor.py:809} INFO - DAG(s) dict_keys(['dag_mlops_full_pipeline']) retrieved from /opt/airflow/dags/dag2.py
[2026-03-14T19:23:04.161+0000] {logging_mixin.py:149} INFO - [2026-03-14T19:23:04.161+0000] {dag.py:2726} INFO - Sync 1 DAGs
[2026-03-14T19:23:04.169+0000] {logging_mixin.py:149} INFO - [2026-03-14T19:23:04.169+0000] {dag.py:3490} INFO - Setting next_dagrun for dag_mlops_full_pipeline to None, run_after=None
[2026-03-14T19:23:04.175+0000] {processor.py:178} INFO - Processing /opt/airflow/dags/dag2.py took 0.303 seconds
[2026-03-14T19:23:35.185+0000] {processor.py:156} INFO - Started process (PID=1274) to work on /opt/airflow/dags/dag2.py
[2026-03-14T19:23:35.186+0000] {processor.py:799} INFO - Processing file /opt/airflow/dags/dag2.py for tasks to queue
[2026-03-14T19:23:35.186+0000] {logging_mixin.py:149} INFO - [2026-03-14T19:23:35.186+0000] {dagbag.py:541} INFO - Filling up the DagBag from /opt/airflow/dags/dag2.py
[2026-03-14T19:23:35.518+0000] {processor.py:809} INFO - DAG(s) dict_keys(['dag_mlops_full_pipeline']) retrieved from /opt/airflow/dags/dag2.py
[2026-03-14T19:23:35.527+0000] {logging_mixin.py:149} INFO - [2026-03-14T19:23:35.527+0000] {dag.py:2726} INFO - Sync 1 DAGs
[2026-03-14T19:23:35.537+0000] {logging_mixin.py:149} INFO - [2026-03-14T19:23:35.537+0000] {dag.py:3490} INFO - Setting next_dagrun for dag_mlops_full_pipeline to None, run_after=None
[2026-03-14T19:23:35.544+0000] {processor.py:178} INFO - Processing /opt/airflow/dags/dag2.py took 0.361 seconds
[2026-03-14T19:24:06.451+0000] {processor.py:156} INFO - Started process (PID=1301) to work on /opt/airflow/dags/dag2.py
[2026-03-14T19:24:06.451+0000] {processor.py:799} INFO - Processing file /opt/airflow/dags/dag2.py for tasks to queue
[2026-03-14T19:24:06.452+0000] {logging_mixin.py:149} INFO - [2026-03-14T19:24:06.452+0000] {dagbag.py:541} INFO - Filling up the DagBag from /opt/airflow/dags/dag2.py
[2026-03-14T19:24:06.752+0000] {processor.py:809} INFO - DAG(s) dict_keys(['dag_mlops_full_pipeline']) retrieved from /opt/airflow/dags/dag2.py
[2026-03-14T19:24:06.762+0000] {logging_mixin.py:149} INFO - [2026-03-14T19:24:06.761+0000] {dag.py:2726} INFO - Sync 1 DAGs
[2026-03-14T19:24:06.770+0000] {logging_mixin.py:149} INFO - [2026-03-14T19:24:06.770+0000] {dag.py:3490} INFO - Setting next_dagrun for dag_mlops_full_pipeline to None, run_after=None
[2026-03-14T19:24:06.776+0000] {processor.py:178} INFO - Processing /opt/airflow/dags/dag2.py took 0.328 seconds
[2026-03-14T19:24:37.764+0000] {processor.py:156} INFO - Started process (PID=1328) to work on /opt/airflow/dags/dag2.py
[2026-03-14T19:24:37.765+0000] {processor.py:799} INFO - Processing file /opt/airflow/dags/dag2.py for tasks to queue
[2026-03-14T19:24:37.765+0000] {logging_mixin.py:149} INFO - [2026-03-14T19:24:37.765+0000] {dagbag.py:541} INFO - Filling up the DagBag from /opt/airflow/dags/dag2.py
[2026-03-14T19:24:38.079+0000] {processor.py:809} INFO - DAG(s) dict_keys(['dag_mlops_full_pipeline']) retrieved from /opt/airflow/dags/dag2.py
[2026-03-14T19:24:38.088+0000] {logging_mixin.py:149} INFO - [2026-03-14T19:24:38.088+0000] {dag.py:2726} INFO - Sync 1 DAGs
[2026-03-14T19:24:38.098+0000] {logging_mixin.py:149} INFO - [2026-03-14T19:24:38.097+0000] {dag.py:3490} INFO - Setting next_dagrun for dag_mlops_full_pipeline to None, run_after=None
[2026-03-14T19:24:38.104+0000] {processor.py:178} INFO - Processing /opt/airflow/dags/dag2.py took 0.342 seconds
[2026-03-14T19:25:09.060+0000] {processor.py:156} INFO - Started process (PID=1355) to work on /opt/airflow/dags/dag2.py
[2026-03-14T19:25:09.061+0000] {processor.py:799} INFO - Processing file /opt/airflow/dags/dag2.py for tasks to queue
[2026-03-14T19:25:09.062+0000] {logging_mixin.py:149} INFO - [2026-03-14T19:25:09.062+0000] {dagbag.py:541} INFO - Filling up the DagBag from /opt/airflow/dags/dag2.py
[2026-03-14T19:25:09.381+0000] {processor.py:809} INFO - DAG(s) dict_keys(['dag_mlops_full_pipeline']) retrieved from /opt/airflow/dags/dag2.py
[2026-03-14T19:25:09.391+0000] {logging_mixin.py:149} INFO - [2026-03-14T19:25:09.390+0000] {dag.py:2726} INFO - Sync 1 DAGs
[2026-03-14T19:25:09.398+0000] {logging_mixin.py:149} INFO - [2026-03-14T19:25:09.398+0000] {dag.py:3490} INFO - Setting next_dagrun for dag_mlops_full_pipeline to None, run_after=None
[2026-03-14T19:25:09.405+0000] {processor.py:178} INFO - Processing /opt/airflow/dags/dag2.py took 0.348 seconds
[2026-03-14T19:25:39.459+0000] {processor.py:156} INFO - Started process (PID=1387) to work on /opt/airflow/dags/dag2.py
[2026-03-14T19:25:39.460+0000] {processor.py:799} INFO - Processing file /opt/airflow/dags/dag2.py for tasks to queue
[2026-03-14T19:25:39.460+0000] {logging_mixin.py:149} INFO - [2026-03-14T19:25:39.460+0000] {dagbag.py:541} INFO - Filling up the DagBag from /opt/airflow/dags/dag2.py
[2026-03-14T19:25:39.728+0000] {processor.py:809} INFO - DAG(s) dict_keys(['dag_mlops_full_pipeline']) retrieved from /opt/airflow/dags/dag2.py
[2026-03-14T19:25:39.736+0000] {logging_mixin.py:149} INFO - [2026-03-14T19:25:39.736+0000] {dag.py:2726} INFO - Sync 1 DAGs
[2026-03-14T19:25:39.744+0000] {logging_mixin.py:149} INFO - [2026-03-14T19:25:39.744+0000] {dag.py:3490} INFO - Setting next_dagrun for dag_mlops_full_pipeline to None, run_after=None
[2026-03-14T19:25:39.750+0000] {processor.py:178} INFO - Processing /opt/airflow/dags/dag2.py took 0.292 seconds
[2026-03-14T19:26:09.767+0000] {processor.py:156} INFO - Started process (PID=1414) to work on /opt/airflow/dags/dag2.py
[2026-03-14T19:26:09.767+0000] {processor.py:799} INFO - Processing file /opt/airflow/dags/dag2.py for tasks to queue
[2026-03-14T19:26:09.768+0000] {logging_mixin.py:149} INFO - [2026-03-14T19:26:09.768+0000] {dagbag.py:541} INFO - Filling up the DagBag from /opt/airflow/dags/dag2.py
[2026-03-14T19:26:10.038+0000] {processor.py:809} INFO - DAG(s) dict_keys(['dag_mlops_full_pipeline']) retrieved from /opt/airflow/dags/dag2.py
[2026-03-14T19:26:10.046+0000] {logging_mixin.py:149} INFO - [2026-03-14T19:26:10.046+0000] {dag.py:2726} INFO - Sync 1 DAGs
[2026-03-14T19:26:10.054+0000] {logging_mixin.py:149} INFO - [2026-03-14T19:26:10.054+0000] {dag.py:3490} INFO - Setting next_dagrun for dag_mlops_full_pipeline to None, run_after=None
[2026-03-14T19:26:10.060+0000] {processor.py:178} INFO - Processing /opt/airflow/dags/dag2.py took 0.294 seconds
[2026-03-14T19:26:41.004+0000] {processor.py:156} INFO - Started process (PID=1441) to work on /opt/airflow/dags/dag2.py
[2026-03-14T19:26:41.005+0000] {processor.py:799} INFO - Processing file /opt/airflow/dags/dag2.py for tasks to queue
[2026-03-14T19:26:41.006+0000] {logging_mixin.py:149} INFO - [2026-03-14T19:26:41.006+0000] {dagbag.py:541} INFO - Filling up the DagBag from /opt/airflow/dags/dag2.py
[2026-03-14T19:26:41.294+0000] {processor.py:809} INFO - DAG(s) dict_keys(['dag_mlops_full_pipeline']) retrieved from /opt/airflow/dags/dag2.py
[2026-03-14T19:26:41.303+0000] {logging_mixin.py:149} INFO - [2026-03-14T19:26:41.303+0000] {dag.py:2726} INFO - Sync 1 DAGs
[2026-03-14T19:26:41.311+0000] {logging_mixin.py:149} INFO - [2026-03-14T19:26:41.311+0000] {dag.py:3490} INFO - Setting next_dagrun for dag_mlops_full_pipeline to None, run_after=None
[2026-03-14T19:26:41.316+0000] {processor.py:178} INFO - Processing /opt/airflow/dags/dag2.py took 0.315 seconds
[2026-03-14T19:27:11.375+0000] {processor.py:156} INFO - Started process (PID=1468) to work on /opt/airflow/dags/dag2.py
[2026-03-14T19:27:11.376+0000] {processor.py:799} INFO - Processing file /opt/airflow/dags/dag2.py for tasks to queue
[2026-03-14T19:27:11.376+0000] {logging_mixin.py:149} INFO - [2026-03-14T19:27:11.376+0000] {dagbag.py:541} INFO - Filling up the DagBag from /opt/airflow/dags/dag2.py
[2026-03-14T19:27:11.660+0000] {processor.py:809} INFO - DAG(s) dict_keys(['dag_mlops_full_pipeline']) retrieved from /opt/airflow/dags/dag2.py
[2026-03-14T19:27:11.670+0000] {logging_mixin.py:149} INFO - [2026-03-14T19:27:11.670+0000] {dag.py:2726} INFO - Sync 1 DAGs
[2026-03-14T19:27:11.678+0000] {logging_mixin.py:149} INFO - [2026-03-14T19:27:11.678+0000] {dag.py:3490} INFO - Setting next_dagrun for dag_mlops_full_pipeline to None, run_after=None
[2026-03-14T19:27:11.685+0000] {processor.py:178} INFO - Processing /opt/airflow/dags/dag2.py took 0.313 seconds
[2026-03-14T19:27:41.658+0000] {processor.py:156} INFO - Started process (PID=1495) to work on /opt/airflow/dags/dag2.py
[2026-03-14T19:27:41.659+0000] {processor.py:799} INFO - Processing file /opt/airflow/dags/dag2.py for tasks to queue
[2026-03-14T19:27:41.660+0000] {logging_mixin.py:149} INFO - [2026-03-14T19:27:41.660+0000] {dagbag.py:541} INFO - Filling up the DagBag from /opt/airflow/dags/dag2.py
[2026-03-14T19:27:41.864+0000] {logging_mixin.py:149} INFO - [2026-03-14T19:27:41.863+0000] {dagbag.py:350} ERROR - Failed to import: /opt/airflow/dags/dag2.py
Traceback (most recent call last):
  File "/home/airflow/.local/lib/python3.7/site-packages/airflow/models/dagbag.py", line 346, in parse
    loader.exec_module(new_module)
  File "<frozen importlib._bootstrap_external>", line 728, in exec_module
  File "<frozen importlib._bootstrap>", line 219, in _call_with_frames_removed
  File "/opt/airflow/dags/dag2.py", line 410, in <module>
    start_date=datetime(2026, 3, 11),
NameError: name 'datetime' is not defined
[2026-03-14T19:27:41.864+0000] {processor.py:811} WARNING - No viable dags retrieved from /opt/airflow/dags/dag2.py
[2026-03-14T19:27:41.870+0000] {processor.py:178} INFO - Processing /opt/airflow/dags/dag2.py took 0.215 seconds
[2026-03-14T19:31:29.769+0000] {processor.py:156} INFO - Started process (PID=1593) to work on /opt/airflow/dags/dag2.py
[2026-03-14T19:31:29.769+0000] {processor.py:799} INFO - Processing file /opt/airflow/dags/dag2.py for tasks to queue
[2026-03-14T19:31:29.769+0000] {logging_mixin.py:149} INFO - [2026-03-14T19:31:29.769+0000] {dagbag.py:541} INFO - Filling up the DagBag from /opt/airflow/dags/dag2.py
[2026-03-14T19:31:30.048+0000] {processor.py:809} INFO - DAG(s) dict_keys(['dag_mlops_full_pipeline']) retrieved from /opt/airflow/dags/dag2.py
[2026-03-14T19:31:30.056+0000] {logging_mixin.py:149} INFO - [2026-03-14T19:31:30.056+0000] {dag.py:2726} INFO - Sync 1 DAGs
[2026-03-14T19:31:30.064+0000] {logging_mixin.py:149} INFO - [2026-03-14T19:31:30.064+0000] {dag.py:3490} INFO - Setting next_dagrun for dag_mlops_full_pipeline to None, run_after=None
[2026-03-14T19:31:30.072+0000] {processor.py:178} INFO - Processing /opt/airflow/dags/dag2.py took 0.305 seconds
[2026-03-14T19:32:01.067+0000] {processor.py:156} INFO - Started process (PID=1620) to work on /opt/airflow/dags/dag2.py
[2026-03-14T19:32:01.067+0000] {processor.py:799} INFO - Processing file /opt/airflow/dags/dag2.py for tasks to queue
[2026-03-14T19:32:01.068+0000] {logging_mixin.py:149} INFO - [2026-03-14T19:32:01.068+0000] {dagbag.py:541} INFO - Filling up the DagBag from /opt/airflow/dags/dag2.py
[2026-03-14T19:32:01.340+0000] {processor.py:809} INFO - DAG(s) dict_keys(['dag_mlops_full_pipeline']) retrieved from /opt/airflow/dags/dag2.py
[2026-03-14T19:32:01.349+0000] {logging_mixin.py:149} INFO - [2026-03-14T19:32:01.349+0000] {dag.py:2726} INFO - Sync 1 DAGs
[2026-03-14T19:32:01.356+0000] {logging_mixin.py:149} INFO - [2026-03-14T19:32:01.356+0000] {dag.py:3490} INFO - Setting next_dagrun for dag_mlops_full_pipeline to None, run_after=None
[2026-03-14T19:32:01.362+0000] {processor.py:178} INFO - Processing /opt/airflow/dags/dag2.py took 0.297 seconds
[2026-03-14T19:39:26.746+0000] {processor.py:156} INFO - Started process (PID=165) to work on /opt/airflow/dags/dag2.py
[2026-03-14T19:39:26.747+0000] {processor.py:799} INFO - Processing file /opt/airflow/dags/dag2.py for tasks to queue
[2026-03-14T19:39:26.748+0000] {logging_mixin.py:149} INFO - [2026-03-14T19:39:26.748+0000] {dagbag.py:541} INFO - Filling up the DagBag from /opt/airflow/dags/dag2.py
[2026-03-14T19:39:27.581+0000] {processor.py:809} INFO - DAG(s) dict_keys(['dag_mlops_full_pipeline']) retrieved from /opt/airflow/dags/dag2.py
[2026-03-14T19:39:27.609+0000] {logging_mixin.py:149} INFO - [2026-03-14T19:39:27.608+0000] {dag.py:2726} INFO - Sync 1 DAGs
[2026-03-14T19:39:27.617+0000] {logging_mixin.py:149} INFO - [2026-03-14T19:39:27.617+0000] {dag.py:3490} INFO - Setting next_dagrun for dag_mlops_full_pipeline to None, run_after=None
[2026-03-14T19:39:27.625+0000] {processor.py:178} INFO - Processing /opt/airflow/dags/dag2.py took 0.880 seconds
[2026-03-14T19:39:43.951+0000] {processor.py:156} INFO - Started process (PID=164) to work on /opt/airflow/dags/dag2.py
[2026-03-14T19:39:43.952+0000] {processor.py:799} INFO - Processing file /opt/airflow/dags/dag2.py for tasks to queue
[2026-03-14T19:39:43.953+0000] {logging_mixin.py:149} INFO - [2026-03-14T19:39:43.953+0000] {dagbag.py:541} INFO - Filling up the DagBag from /opt/airflow/dags/dag2.py
[2026-03-14T19:39:44.715+0000] {processor.py:809} INFO - DAG(s) dict_keys(['dag_mlops_full_pipeline']) retrieved from /opt/airflow/dags/dag2.py
[2026-03-14T19:39:44.745+0000] {logging_mixin.py:149} INFO - [2026-03-14T19:39:44.744+0000] {dag.py:2726} INFO - Sync 1 DAGs
[2026-03-14T19:39:44.754+0000] {logging_mixin.py:149} INFO - [2026-03-14T19:39:44.754+0000] {dag.py:3490} INFO - Setting next_dagrun for dag_mlops_full_pipeline to None, run_after=None
[2026-03-14T19:39:44.762+0000] {processor.py:178} INFO - Processing /opt/airflow/dags/dag2.py took 0.813 seconds
[2026-03-14T19:40:15.377+0000] {processor.py:156} INFO - Started process (PID=220) to work on /opt/airflow/dags/dag2.py
[2026-03-14T19:40:15.378+0000] {processor.py:799} INFO - Processing file /opt/airflow/dags/dag2.py for tasks to queue
[2026-03-14T19:40:15.378+0000] {logging_mixin.py:149} INFO - [2026-03-14T19:40:15.378+0000] {dagbag.py:541} INFO - Filling up the DagBag from /opt/airflow/dags/dag2.py
[2026-03-14T19:40:15.680+0000] {processor.py:809} INFO - DAG(s) dict_keys(['dag_mlops_full_pipeline']) retrieved from /opt/airflow/dags/dag2.py
[2026-03-14T19:40:15.689+0000] {logging_mixin.py:149} INFO - [2026-03-14T19:40:15.689+0000] {dag.py:2726} INFO - Sync 1 DAGs
[2026-03-14T19:40:15.697+0000] {logging_mixin.py:149} INFO - [2026-03-14T19:40:15.697+0000] {dag.py:3490} INFO - Setting next_dagrun for dag_mlops_full_pipeline to None, run_after=None
[2026-03-14T19:40:15.703+0000] {processor.py:178} INFO - Processing /opt/airflow/dags/dag2.py took 0.328 seconds
[2026-03-14T19:40:45.755+0000] {processor.py:156} INFO - Started process (PID=253) to work on /opt/airflow/dags/dag2.py
[2026-03-14T19:40:45.756+0000] {processor.py:799} INFO - Processing file /opt/airflow/dags/dag2.py for tasks to queue
[2026-03-14T19:40:45.757+0000] {logging_mixin.py:149} INFO - [2026-03-14T19:40:45.757+0000] {dagbag.py:541} INFO - Filling up the DagBag from /opt/airflow/dags/dag2.py
[2026-03-14T19:40:46.072+0000] {processor.py:809} INFO - DAG(s) dict_keys(['dag_mlops_full_pipeline']) retrieved from /opt/airflow/dags/dag2.py
[2026-03-14T19:40:46.082+0000] {logging_mixin.py:149} INFO - [2026-03-14T19:40:46.082+0000] {dag.py:2726} INFO - Sync 1 DAGs
[2026-03-14T19:40:46.089+0000] {logging_mixin.py:149} INFO - [2026-03-14T19:40:46.089+0000] {dag.py:3490} INFO - Setting next_dagrun for dag_mlops_full_pipeline to None, run_after=None
[2026-03-14T19:40:46.095+0000] {processor.py:178} INFO - Processing /opt/airflow/dags/dag2.py took 0.344 seconds
[2026-03-14T19:41:16.259+0000] {processor.py:156} INFO - Started process (PID=280) to work on /opt/airflow/dags/dag2.py
[2026-03-14T19:41:16.260+0000] {processor.py:799} INFO - Processing file /opt/airflow/dags/dag2.py for tasks to queue
[2026-03-14T19:41:16.261+0000] {logging_mixin.py:149} INFO - [2026-03-14T19:41:16.261+0000] {dagbag.py:541} INFO - Filling up the DagBag from /opt/airflow/dags/dag2.py
[2026-03-14T19:41:16.571+0000] {processor.py:809} INFO - DAG(s) dict_keys(['dag_mlops_full_pipeline']) retrieved from /opt/airflow/dags/dag2.py
[2026-03-14T19:41:16.582+0000] {logging_mixin.py:149} INFO - [2026-03-14T19:41:16.582+0000] {dag.py:2726} INFO - Sync 1 DAGs
[2026-03-14T19:41:16.590+0000] {logging_mixin.py:149} INFO - [2026-03-14T19:41:16.590+0000] {dag.py:3490} INFO - Setting next_dagrun for dag_mlops_full_pipeline to None, run_after=None
[2026-03-14T19:41:16.596+0000] {processor.py:178} INFO - Processing /opt/airflow/dags/dag2.py took 0.344 seconds
[2026-03-14T19:41:47.517+0000] {processor.py:156} INFO - Started process (PID=307) to work on /opt/airflow/dags/dag2.py
[2026-03-14T19:41:47.518+0000] {processor.py:799} INFO - Processing file /opt/airflow/dags/dag2.py for tasks to queue
[2026-03-14T19:41:47.518+0000] {logging_mixin.py:149} INFO - [2026-03-14T19:41:47.518+0000] {dagbag.py:541} INFO - Filling up the DagBag from /opt/airflow/dags/dag2.py
[2026-03-14T19:41:47.892+0000] {processor.py:809} INFO - DAG(s) dict_keys(['dag_mlops_full_pipeline']) retrieved from /opt/airflow/dags/dag2.py
[2026-03-14T19:41:47.900+0000] {logging_mixin.py:149} INFO - [2026-03-14T19:41:47.900+0000] {dag.py:2726} INFO - Sync 1 DAGs
[2026-03-14T19:41:47.908+0000] {logging_mixin.py:149} INFO - [2026-03-14T19:41:47.908+0000] {dag.py:3490} INFO - Setting next_dagrun for dag_mlops_full_pipeline to None, run_after=None
[2026-03-14T19:41:47.914+0000] {processor.py:178} INFO - Processing /opt/airflow/dags/dag2.py took 0.398 seconds
[2026-03-14T19:42:18.892+0000] {processor.py:156} INFO - Started process (PID=334) to work on /opt/airflow/dags/dag2.py
[2026-03-14T19:42:18.893+0000] {processor.py:799} INFO - Processing file /opt/airflow/dags/dag2.py for tasks to queue
[2026-03-14T19:42:18.893+0000] {logging_mixin.py:149} INFO - [2026-03-14T19:42:18.893+0000] {dagbag.py:541} INFO - Filling up the DagBag from /opt/airflow/dags/dag2.py
[2026-03-14T19:42:19.220+0000] {processor.py:809} INFO - DAG(s) dict_keys(['dag_mlops_full_pipeline']) retrieved from /opt/airflow/dags/dag2.py
[2026-03-14T19:42:19.229+0000] {logging_mixin.py:149} INFO - [2026-03-14T19:42:19.229+0000] {dag.py:2726} INFO - Sync 1 DAGs
[2026-03-14T19:42:19.237+0000] {logging_mixin.py:149} INFO - [2026-03-14T19:42:19.237+0000] {dag.py:3490} INFO - Setting next_dagrun for dag_mlops_full_pipeline to None, run_after=None
[2026-03-14T19:42:19.243+0000] {processor.py:178} INFO - Processing /opt/airflow/dags/dag2.py took 0.355 seconds
[2026-03-14T19:42:50.209+0000] {processor.py:156} INFO - Started process (PID=361) to work on /opt/airflow/dags/dag2.py
[2026-03-14T19:42:50.210+0000] {processor.py:799} INFO - Processing file /opt/airflow/dags/dag2.py for tasks to queue
[2026-03-14T19:42:50.211+0000] {logging_mixin.py:149} INFO - [2026-03-14T19:42:50.210+0000] {dagbag.py:541} INFO - Filling up the DagBag from /opt/airflow/dags/dag2.py
[2026-03-14T19:42:50.506+0000] {processor.py:809} INFO - DAG(s) dict_keys(['dag_mlops_full_pipeline']) retrieved from /opt/airflow/dags/dag2.py
[2026-03-14T19:42:50.516+0000] {logging_mixin.py:149} INFO - [2026-03-14T19:42:50.516+0000] {dag.py:2726} INFO - Sync 1 DAGs
[2026-03-14T19:42:50.525+0000] {logging_mixin.py:149} INFO - [2026-03-14T19:42:50.525+0000] {dag.py:3490} INFO - Setting next_dagrun for dag_mlops_full_pipeline to None, run_after=None
[2026-03-14T19:42:50.531+0000] {processor.py:178} INFO - Processing /opt/airflow/dags/dag2.py took 0.327 seconds
[2026-03-14T19:43:20.617+0000] {processor.py:156} INFO - Started process (PID=388) to work on /opt/airflow/dags/dag2.py
[2026-03-14T19:43:20.618+0000] {processor.py:799} INFO - Processing file /opt/airflow/dags/dag2.py for tasks to queue
[2026-03-14T19:43:20.618+0000] {logging_mixin.py:149} INFO - [2026-03-14T19:43:20.618+0000] {dagbag.py:541} INFO - Filling up the DagBag from /opt/airflow/dags/dag2.py
[2026-03-14T19:43:20.906+0000] {processor.py:809} INFO - DAG(s) dict_keys(['dag_mlops_full_pipeline']) retrieved from /opt/airflow/dags/dag2.py
[2026-03-14T19:43:20.917+0000] {logging_mixin.py:149} INFO - [2026-03-14T19:43:20.916+0000] {dag.py:2726} INFO - Sync 1 DAGs
[2026-03-14T19:43:20.924+0000] {logging_mixin.py:149} INFO - [2026-03-14T19:43:20.924+0000] {dag.py:3490} INFO - Setting next_dagrun for dag_mlops_full_pipeline to None, run_after=None
[2026-03-14T19:43:20.931+0000] {processor.py:178} INFO - Processing /opt/airflow/dags/dag2.py took 0.317 seconds
[2026-03-14T19:43:51.899+0000] {processor.py:156} INFO - Started process (PID=415) to work on /opt/airflow/dags/dag2.py
[2026-03-14T19:43:51.901+0000] {processor.py:799} INFO - Processing file /opt/airflow/dags/dag2.py for tasks to queue
[2026-03-14T19:43:51.902+0000] {logging_mixin.py:149} INFO - [2026-03-14T19:43:51.901+0000] {dagbag.py:541} INFO - Filling up the DagBag from /opt/airflow/dags/dag2.py
[2026-03-14T19:43:52.235+0000] {processor.py:809} INFO - DAG(s) dict_keys(['dag_mlops_full_pipeline']) retrieved from /opt/airflow/dags/dag2.py
[2026-03-14T19:43:52.245+0000] {logging_mixin.py:149} INFO - [2026-03-14T19:43:52.245+0000] {dag.py:2726} INFO - Sync 1 DAGs
[2026-03-14T19:43:52.253+0000] {logging_mixin.py:149} INFO - [2026-03-14T19:43:52.253+0000] {dag.py:3490} INFO - Setting next_dagrun for dag_mlops_full_pipeline to None, run_after=None
[2026-03-14T19:43:52.259+0000] {processor.py:178} INFO - Processing /opt/airflow/dags/dag2.py took 0.365 seconds
[2026-03-14T19:44:23.213+0000] {processor.py:156} INFO - Started process (PID=442) to work on /opt/airflow/dags/dag2.py
[2026-03-14T19:44:23.214+0000] {processor.py:799} INFO - Processing file /opt/airflow/dags/dag2.py for tasks to queue
[2026-03-14T19:44:23.214+0000] {logging_mixin.py:149} INFO - [2026-03-14T19:44:23.214+0000] {dagbag.py:541} INFO - Filling up the DagBag from /opt/airflow/dags/dag2.py
[2026-03-14T19:44:23.612+0000] {processor.py:809} INFO - DAG(s) dict_keys(['dag_mlops_full_pipeline']) retrieved from /opt/airflow/dags/dag2.py
[2026-03-14T19:44:23.624+0000] {logging_mixin.py:149} INFO - [2026-03-14T19:44:23.624+0000] {dag.py:2726} INFO - Sync 1 DAGs
[2026-03-14T19:44:23.634+0000] {logging_mixin.py:149} INFO - [2026-03-14T19:44:23.634+0000] {dag.py:3490} INFO - Setting next_dagrun for dag_mlops_full_pipeline to None, run_after=None
[2026-03-14T19:44:23.641+0000] {processor.py:178} INFO - Processing /opt/airflow/dags/dag2.py took 0.432 seconds
[2026-03-14T19:44:54.499+0000] {processor.py:156} INFO - Started process (PID=476) to work on /opt/airflow/dags/dag2.py
[2026-03-14T19:44:54.500+0000] {processor.py:799} INFO - Processing file /opt/airflow/dags/dag2.py for tasks to queue
[2026-03-14T19:44:54.500+0000] {logging_mixin.py:149} INFO - [2026-03-14T19:44:54.500+0000] {dagbag.py:541} INFO - Filling up the DagBag from /opt/airflow/dags/dag2.py
[2026-03-14T19:44:54.811+0000] {processor.py:809} INFO - DAG(s) dict_keys(['dag_mlops_full_pipeline']) retrieved from /opt/airflow/dags/dag2.py
[2026-03-14T19:44:54.820+0000] {logging_mixin.py:149} INFO - [2026-03-14T19:44:54.820+0000] {dag.py:2726} INFO - Sync 1 DAGs
[2026-03-14T19:44:54.828+0000] {logging_mixin.py:149} INFO - [2026-03-14T19:44:54.828+0000] {dag.py:3490} INFO - Setting next_dagrun for dag_mlops_full_pipeline to None, run_after=None
[2026-03-14T19:44:54.835+0000] {processor.py:178} INFO - Processing /opt/airflow/dags/dag2.py took 0.337 seconds
[2026-03-14T19:45:25.826+0000] {processor.py:156} INFO - Started process (PID=567) to work on /opt/airflow/dags/dag2.py
[2026-03-14T19:45:25.826+0000] {processor.py:799} INFO - Processing file /opt/airflow/dags/dag2.py for tasks to queue
[2026-03-14T19:45:25.827+0000] {logging_mixin.py:149} INFO - [2026-03-14T19:45:25.827+0000] {dagbag.py:541} INFO - Filling up the DagBag from /opt/airflow/dags/dag2.py
[2026-03-14T19:45:26.137+0000] {processor.py:809} INFO - DAG(s) dict_keys(['dag_mlops_full_pipeline']) retrieved from /opt/airflow/dags/dag2.py
[2026-03-14T19:45:26.147+0000] {logging_mixin.py:149} INFO - [2026-03-14T19:45:26.147+0000] {dag.py:2726} INFO - Sync 1 DAGs
[2026-03-14T19:45:26.155+0000] {logging_mixin.py:149} INFO - [2026-03-14T19:45:26.155+0000] {dag.py:3490} INFO - Setting next_dagrun for dag_mlops_full_pipeline to None, run_after=None
[2026-03-14T19:45:26.161+0000] {processor.py:178} INFO - Processing /opt/airflow/dags/dag2.py took 0.337 seconds
[2026-03-14T19:45:57.116+0000] {processor.py:156} INFO - Started process (PID=600) to work on /opt/airflow/dags/dag2.py
[2026-03-14T19:45:57.117+0000] {processor.py:799} INFO - Processing file /opt/airflow/dags/dag2.py for tasks to queue
[2026-03-14T19:45:57.117+0000] {logging_mixin.py:149} INFO - [2026-03-14T19:45:57.117+0000] {dagbag.py:541} INFO - Filling up the DagBag from /opt/airflow/dags/dag2.py
[2026-03-14T19:45:57.397+0000] {processor.py:809} INFO - DAG(s) dict_keys(['dag_mlops_full_pipeline']) retrieved from /opt/airflow/dags/dag2.py
[2026-03-14T19:45:57.406+0000] {logging_mixin.py:149} INFO - [2026-03-14T19:45:57.406+0000] {dag.py:2726} INFO - Sync 1 DAGs
[2026-03-14T19:45:57.414+0000] {logging_mixin.py:149} INFO - [2026-03-14T19:45:57.414+0000] {dag.py:3490} INFO - Setting next_dagrun for dag_mlops_full_pipeline to None, run_after=None
[2026-03-14T19:45:57.419+0000] {processor.py:178} INFO - Processing /opt/airflow/dags/dag2.py took 0.304 seconds
[2026-03-14T19:46:27.434+0000] {processor.py:156} INFO - Started process (PID=632) to work on /opt/airflow/dags/dag2.py
[2026-03-14T19:46:27.434+0000] {processor.py:799} INFO - Processing file /opt/airflow/dags/dag2.py for tasks to queue
[2026-03-14T19:46:27.434+0000] {logging_mixin.py:149} INFO - [2026-03-14T19:46:27.434+0000] {dagbag.py:541} INFO - Filling up the DagBag from /opt/airflow/dags/dag2.py
[2026-03-14T19:46:27.761+0000] {processor.py:809} INFO - DAG(s) dict_keys(['dag_mlops_full_pipeline']) retrieved from /opt/airflow/dags/dag2.py
[2026-03-14T19:46:27.771+0000] {logging_mixin.py:149} INFO - [2026-03-14T19:46:27.770+0000] {dag.py:2726} INFO - Sync 1 DAGs
[2026-03-14T19:46:27.779+0000] {logging_mixin.py:149} INFO - [2026-03-14T19:46:27.779+0000] {dag.py:3490} INFO - Setting next_dagrun for dag_mlops_full_pipeline to None, run_after=None
[2026-03-14T19:46:27.786+0000] {processor.py:178} INFO - Processing /opt/airflow/dags/dag2.py took 0.353 seconds
[2026-03-14T19:46:58.687+0000] {processor.py:156} INFO - Started process (PID=664) to work on /opt/airflow/dags/dag2.py
[2026-03-14T19:46:58.687+0000] {processor.py:799} INFO - Processing file /opt/airflow/dags/dag2.py for tasks to queue
[2026-03-14T19:46:58.687+0000] {logging_mixin.py:149} INFO - [2026-03-14T19:46:58.687+0000] {dagbag.py:541} INFO - Filling up the DagBag from /opt/airflow/dags/dag2.py
[2026-03-14T19:46:58.994+0000] {processor.py:809} INFO - DAG(s) dict_keys(['dag_mlops_full_pipeline']) retrieved from /opt/airflow/dags/dag2.py
[2026-03-14T19:46:59.003+0000] {logging_mixin.py:149} INFO - [2026-03-14T19:46:59.003+0000] {dag.py:2726} INFO - Sync 1 DAGs
[2026-03-14T19:46:59.012+0000] {logging_mixin.py:149} INFO - [2026-03-14T19:46:59.011+0000] {dag.py:3490} INFO - Setting next_dagrun for dag_mlops_full_pipeline to None, run_after=None
[2026-03-14T19:46:59.017+0000] {processor.py:178} INFO - Processing /opt/airflow/dags/dag2.py took 0.332 seconds
[2026-03-14T19:47:30.039+0000] {processor.py:156} INFO - Started process (PID=696) to work on /opt/airflow/dags/dag2.py
[2026-03-14T19:47:30.040+0000] {processor.py:799} INFO - Processing file /opt/airflow/dags/dag2.py for tasks to queue
[2026-03-14T19:47:30.041+0000] {logging_mixin.py:149} INFO - [2026-03-14T19:47:30.041+0000] {dagbag.py:541} INFO - Filling up the DagBag from /opt/airflow/dags/dag2.py
[2026-03-14T19:47:30.328+0000] {processor.py:809} INFO - DAG(s) dict_keys(['dag_mlops_full_pipeline']) retrieved from /opt/airflow/dags/dag2.py
[2026-03-14T19:47:30.336+0000] {logging_mixin.py:149} INFO - [2026-03-14T19:47:30.336+0000] {dag.py:2726} INFO - Sync 1 DAGs
[2026-03-14T19:47:30.344+0000] {logging_mixin.py:149} INFO - [2026-03-14T19:47:30.344+0000] {dag.py:3490} INFO - Setting next_dagrun for dag_mlops_full_pipeline to None, run_after=None
[2026-03-14T19:47:30.350+0000] {processor.py:178} INFO - Processing /opt/airflow/dags/dag2.py took 0.314 seconds
[2026-03-14T19:47:56.327+0000] {processor.py:156} INFO - Started process (PID=167) to work on /opt/airflow/dags/dag2.py
[2026-03-14T19:47:56.328+0000] {processor.py:799} INFO - Processing file /opt/airflow/dags/dag2.py for tasks to queue
[2026-03-14T19:47:56.330+0000] {logging_mixin.py:149} INFO - [2026-03-14T19:47:56.330+0000] {dagbag.py:541} INFO - Filling up the DagBag from /opt/airflow/dags/dag2.py
[2026-03-14T19:47:57.118+0000] {processor.py:809} INFO - DAG(s) dict_keys(['dag_mlops_full_pipeline']) retrieved from /opt/airflow/dags/dag2.py
[2026-03-14T19:47:57.147+0000] {logging_mixin.py:149} INFO - [2026-03-14T19:47:57.146+0000] {dag.py:2726} INFO - Sync 1 DAGs
[2026-03-14T19:47:57.155+0000] {logging_mixin.py:149} INFO - [2026-03-14T19:47:57.155+0000] {dag.py:3490} INFO - Setting next_dagrun for dag_mlops_full_pipeline to None, run_after=None
[2026-03-14T19:47:57.163+0000] {processor.py:178} INFO - Processing /opt/airflow/dags/dag2.py took 0.837 seconds
[2026-03-14T19:48:27.933+0000] {processor.py:156} INFO - Started process (PID=206) to work on /opt/airflow/dags/dag2.py
[2026-03-14T19:48:27.934+0000] {processor.py:799} INFO - Processing file /opt/airflow/dags/dag2.py for tasks to queue
[2026-03-14T19:48:27.935+0000] {logging_mixin.py:149} INFO - [2026-03-14T19:48:27.934+0000] {dagbag.py:541} INFO - Filling up the DagBag from /opt/airflow/dags/dag2.py
[2026-03-14T19:48:28.246+0000] {processor.py:809} INFO - DAG(s) dict_keys(['dag_mlops_full_pipeline']) retrieved from /opt/airflow/dags/dag2.py
[2026-03-14T19:48:28.268+0000] {logging_mixin.py:149} INFO - [2026-03-14T19:48:28.267+0000] {dag.py:2726} INFO - Sync 1 DAGs
[2026-03-14T19:48:28.275+0000] {logging_mixin.py:149} INFO - [2026-03-14T19:48:28.275+0000] {dag.py:3490} INFO - Setting next_dagrun for dag_mlops_full_pipeline to None, run_after=None
[2026-03-14T19:48:28.281+0000] {processor.py:178} INFO - Processing /opt/airflow/dags/dag2.py took 0.351 seconds
[2026-03-14T19:48:58.338+0000] {processor.py:156} INFO - Started process (PID=245) to work on /opt/airflow/dags/dag2.py
[2026-03-14T19:48:58.339+0000] {processor.py:799} INFO - Processing file /opt/airflow/dags/dag2.py for tasks to queue
[2026-03-14T19:48:58.340+0000] {logging_mixin.py:149} INFO - [2026-03-14T19:48:58.340+0000] {dagbag.py:541} INFO - Filling up the DagBag from /opt/airflow/dags/dag2.py
[2026-03-14T19:48:58.659+0000] {processor.py:809} INFO - DAG(s) dict_keys(['dag_mlops_full_pipeline']) retrieved from /opt/airflow/dags/dag2.py
[2026-03-14T19:48:58.668+0000] {logging_mixin.py:149} INFO - [2026-03-14T19:48:58.668+0000] {dag.py:2726} INFO - Sync 1 DAGs
[2026-03-14T19:48:58.676+0000] {logging_mixin.py:149} INFO - [2026-03-14T19:48:58.676+0000] {dag.py:3490} INFO - Setting next_dagrun for dag_mlops_full_pipeline to None, run_after=None
[2026-03-14T19:48:58.682+0000] {processor.py:178} INFO - Processing /opt/airflow/dags/dag2.py took 0.347 seconds
[2026-03-14T19:49:28.716+0000] {processor.py:156} INFO - Started process (PID=277) to work on /opt/airflow/dags/dag2.py
[2026-03-14T19:49:28.717+0000] {processor.py:799} INFO - Processing file /opt/airflow/dags/dag2.py for tasks to queue
[2026-03-14T19:49:28.717+0000] {logging_mixin.py:149} INFO - [2026-03-14T19:49:28.717+0000] {dagbag.py:541} INFO - Filling up the DagBag from /opt/airflow/dags/dag2.py
[2026-03-14T19:49:29.017+0000] {processor.py:809} INFO - DAG(s) dict_keys(['dag_mlops_full_pipeline']) retrieved from /opt/airflow/dags/dag2.py
[2026-03-14T19:49:29.026+0000] {logging_mixin.py:149} INFO - [2026-03-14T19:49:29.026+0000] {dag.py:2726} INFO - Sync 1 DAGs
[2026-03-14T19:49:29.034+0000] {logging_mixin.py:149} INFO - [2026-03-14T19:49:29.034+0000] {dag.py:3490} INFO - Setting next_dagrun for dag_mlops_full_pipeline to None, run_after=None
[2026-03-14T19:49:29.040+0000] {processor.py:178} INFO - Processing /opt/airflow/dags/dag2.py took 0.327 seconds
[2026-03-14T19:50:00.068+0000] {processor.py:156} INFO - Started process (PID=368) to work on /opt/airflow/dags/dag2.py
[2026-03-14T19:50:00.068+0000] {processor.py:799} INFO - Processing file /opt/airflow/dags/dag2.py for tasks to queue
[2026-03-14T19:50:00.069+0000] {logging_mixin.py:149} INFO - [2026-03-14T19:50:00.069+0000] {dagbag.py:541} INFO - Filling up the DagBag from /opt/airflow/dags/dag2.py
[2026-03-14T19:50:00.376+0000] {processor.py:809} INFO - DAG(s) dict_keys(['dag_mlops_full_pipeline']) retrieved from /opt/airflow/dags/dag2.py
[2026-03-14T19:50:00.386+0000] {logging_mixin.py:149} INFO - [2026-03-14T19:50:00.386+0000] {dag.py:2726} INFO - Sync 1 DAGs
[2026-03-14T19:50:00.394+0000] {logging_mixin.py:149} INFO - [2026-03-14T19:50:00.394+0000] {dag.py:3490} INFO - Setting next_dagrun for dag_mlops_full_pipeline to None, run_after=None
[2026-03-14T19:50:00.400+0000] {processor.py:178} INFO - Processing /opt/airflow/dags/dag2.py took 0.334 seconds
[2026-03-14T19:50:30.429+0000] {processor.py:156} INFO - Started process (PID=400) to work on /opt/airflow/dags/dag2.py
[2026-03-14T19:50:30.430+0000] {processor.py:799} INFO - Processing file /opt/airflow/dags/dag2.py for tasks to queue
[2026-03-14T19:50:30.431+0000] {logging_mixin.py:149} INFO - [2026-03-14T19:50:30.430+0000] {dagbag.py:541} INFO - Filling up the DagBag from /opt/airflow/dags/dag2.py
[2026-03-14T19:50:30.762+0000] {processor.py:809} INFO - DAG(s) dict_keys(['dag_mlops_full_pipeline']) retrieved from /opt/airflow/dags/dag2.py
[2026-03-14T19:50:30.771+0000] {logging_mixin.py:149} INFO - [2026-03-14T19:50:30.770+0000] {dag.py:2726} INFO - Sync 1 DAGs
[2026-03-14T19:50:30.779+0000] {logging_mixin.py:149} INFO - [2026-03-14T19:50:30.779+0000] {dag.py:3490} INFO - Setting next_dagrun for dag_mlops_full_pipeline to None, run_after=None
[2026-03-14T19:50:30.785+0000] {processor.py:178} INFO - Processing /opt/airflow/dags/dag2.py took 0.359 seconds
[2026-03-14T19:51:01.814+0000] {processor.py:156} INFO - Started process (PID=432) to work on /opt/airflow/dags/dag2.py
[2026-03-14T19:51:01.815+0000] {processor.py:799} INFO - Processing file /opt/airflow/dags/dag2.py for tasks to queue
[2026-03-14T19:51:01.816+0000] {logging_mixin.py:149} INFO - [2026-03-14T19:51:01.816+0000] {dagbag.py:541} INFO - Filling up the DagBag from /opt/airflow/dags/dag2.py
[2026-03-14T19:51:02.122+0000] {processor.py:809} INFO - DAG(s) dict_keys(['dag_mlops_full_pipeline']) retrieved from /opt/airflow/dags/dag2.py
[2026-03-14T19:51:02.131+0000] {logging_mixin.py:149} INFO - [2026-03-14T19:51:02.131+0000] {dag.py:2726} INFO - Sync 1 DAGs
[2026-03-14T19:51:02.139+0000] {logging_mixin.py:149} INFO - [2026-03-14T19:51:02.139+0000] {dag.py:3490} INFO - Setting next_dagrun for dag_mlops_full_pipeline to None, run_after=None
[2026-03-14T19:51:02.145+0000] {processor.py:178} INFO - Processing /opt/airflow/dags/dag2.py took 0.334 seconds
[2026-03-14T19:51:33.154+0000] {processor.py:156} INFO - Started process (PID=464) to work on /opt/airflow/dags/dag2.py
[2026-03-14T19:51:33.155+0000] {processor.py:799} INFO - Processing file /opt/airflow/dags/dag2.py for tasks to queue
[2026-03-14T19:51:33.156+0000] {logging_mixin.py:149} INFO - [2026-03-14T19:51:33.155+0000] {dagbag.py:541} INFO - Filling up the DagBag from /opt/airflow/dags/dag2.py
[2026-03-14T19:51:33.458+0000] {processor.py:809} INFO - DAG(s) dict_keys(['dag_mlops_full_pipeline']) retrieved from /opt/airflow/dags/dag2.py
[2026-03-14T19:51:33.469+0000] {logging_mixin.py:149} INFO - [2026-03-14T19:51:33.469+0000] {dag.py:2726} INFO - Sync 1 DAGs
[2026-03-14T19:51:33.478+0000] {logging_mixin.py:149} INFO - [2026-03-14T19:51:33.478+0000] {dag.py:3490} INFO - Setting next_dagrun for dag_mlops_full_pipeline to None, run_after=None
[2026-03-14T19:51:33.484+0000] {processor.py:178} INFO - Processing /opt/airflow/dags/dag2.py took 0.335 seconds
[2026-03-14T19:52:04.444+0000] {processor.py:156} INFO - Started process (PID=496) to work on /opt/airflow/dags/dag2.py
[2026-03-14T19:52:04.444+0000] {processor.py:799} INFO - Processing file /opt/airflow/dags/dag2.py for tasks to queue
[2026-03-14T19:52:04.445+0000] {logging_mixin.py:149} INFO - [2026-03-14T19:52:04.445+0000] {dagbag.py:541} INFO - Filling up the DagBag from /opt/airflow/dags/dag2.py
[2026-03-14T19:52:04.721+0000] {processor.py:809} INFO - DAG(s) dict_keys(['dag_mlops_full_pipeline']) retrieved from /opt/airflow/dags/dag2.py
[2026-03-14T19:52:04.730+0000] {logging_mixin.py:149} INFO - [2026-03-14T19:52:04.730+0000] {dag.py:2726} INFO - Sync 1 DAGs
[2026-03-14T19:52:04.738+0000] {logging_mixin.py:149} INFO - [2026-03-14T19:52:04.738+0000] {dag.py:3490} INFO - Setting next_dagrun for dag_mlops_full_pipeline to None, run_after=None
[2026-03-14T19:52:04.744+0000] {processor.py:178} INFO - Processing /opt/airflow/dags/dag2.py took 0.303 seconds
[2026-03-14T19:52:34.781+0000] {processor.py:156} INFO - Started process (PID=528) to work on /opt/airflow/dags/dag2.py
[2026-03-14T19:52:34.785+0000] {processor.py:799} INFO - Processing file /opt/airflow/dags/dag2.py for tasks to queue
[2026-03-14T19:52:34.787+0000] {logging_mixin.py:149} INFO - [2026-03-14T19:52:34.786+0000] {dagbag.py:541} INFO - Filling up the DagBag from /opt/airflow/dags/dag2.py
[2026-03-14T19:52:35.282+0000] {processor.py:809} INFO - DAG(s) dict_keys(['dag_mlops_full_pipeline']) retrieved from /opt/airflow/dags/dag2.py
[2026-03-14T19:52:35.295+0000] {logging_mixin.py:149} INFO - [2026-03-14T19:52:35.295+0000] {dag.py:2726} INFO - Sync 1 DAGs
[2026-03-14T19:52:35.306+0000] {logging_mixin.py:149} INFO - [2026-03-14T19:52:35.306+0000] {dag.py:3490} INFO - Setting next_dagrun for dag_mlops_full_pipeline to None, run_after=None
[2026-03-14T19:52:35.314+0000] {processor.py:178} INFO - Processing /opt/airflow/dags/dag2.py took 0.537 seconds
[2026-03-14T19:53:06.093+0000] {processor.py:156} INFO - Started process (PID=560) to work on /opt/airflow/dags/dag2.py
[2026-03-14T19:53:06.094+0000] {processor.py:799} INFO - Processing file /opt/airflow/dags/dag2.py for tasks to queue
[2026-03-14T19:53:06.095+0000] {logging_mixin.py:149} INFO - [2026-03-14T19:53:06.095+0000] {dagbag.py:541} INFO - Filling up the DagBag from /opt/airflow/dags/dag2.py
[2026-03-14T19:53:06.378+0000] {processor.py:809} INFO - DAG(s) dict_keys(['dag_mlops_full_pipeline']) retrieved from /opt/airflow/dags/dag2.py
[2026-03-14T19:53:06.386+0000] {logging_mixin.py:149} INFO - [2026-03-14T19:53:06.386+0000] {dag.py:2726} INFO - Sync 1 DAGs
[2026-03-14T19:53:06.394+0000] {logging_mixin.py:149} INFO - [2026-03-14T19:53:06.394+0000] {dag.py:3490} INFO - Setting next_dagrun for dag_mlops_full_pipeline to None, run_after=None
[2026-03-14T19:53:06.400+0000] {processor.py:178} INFO - Processing /opt/airflow/dags/dag2.py took 0.311 seconds
[2026-03-14T19:53:36.569+0000] {processor.py:156} INFO - Started process (PID=592) to work on /opt/airflow/dags/dag2.py
[2026-03-14T19:53:36.570+0000] {processor.py:799} INFO - Processing file /opt/airflow/dags/dag2.py for tasks to queue
[2026-03-14T19:53:36.571+0000] {logging_mixin.py:149} INFO - [2026-03-14T19:53:36.571+0000] {dagbag.py:541} INFO - Filling up the DagBag from /opt/airflow/dags/dag2.py
[2026-03-14T19:53:36.866+0000] {processor.py:809} INFO - DAG(s) dict_keys(['dag_mlops_full_pipeline']) retrieved from /opt/airflow/dags/dag2.py
[2026-03-14T19:53:36.876+0000] {logging_mixin.py:149} INFO - [2026-03-14T19:53:36.876+0000] {dag.py:2726} INFO - Sync 1 DAGs
[2026-03-14T19:53:36.884+0000] {logging_mixin.py:149} INFO - [2026-03-14T19:53:36.884+0000] {dag.py:3490} INFO - Setting next_dagrun for dag_mlops_full_pipeline to None, run_after=None
[2026-03-14T19:53:36.890+0000] {processor.py:178} INFO - Processing /opt/airflow/dags/dag2.py took 0.324 seconds
[2026-03-14T19:54:07.820+0000] {processor.py:156} INFO - Started process (PID=624) to work on /opt/airflow/dags/dag2.py
[2026-03-14T19:54:07.821+0000] {processor.py:799} INFO - Processing file /opt/airflow/dags/dag2.py for tasks to queue
[2026-03-14T19:54:07.821+0000] {logging_mixin.py:149} INFO - [2026-03-14T19:54:07.821+0000] {dagbag.py:541} INFO - Filling up the DagBag from /opt/airflow/dags/dag2.py
[2026-03-14T19:54:08.104+0000] {processor.py:809} INFO - DAG(s) dict_keys(['dag_mlops_full_pipeline']) retrieved from /opt/airflow/dags/dag2.py
[2026-03-14T19:54:08.113+0000] {logging_mixin.py:149} INFO - [2026-03-14T19:54:08.113+0000] {dag.py:2726} INFO - Sync 1 DAGs
[2026-03-14T19:54:08.121+0000] {logging_mixin.py:149} INFO - [2026-03-14T19:54:08.121+0000] {dag.py:3490} INFO - Setting next_dagrun for dag_mlops_full_pipeline to None, run_after=None
[2026-03-14T19:54:08.128+0000] {processor.py:178} INFO - Processing /opt/airflow/dags/dag2.py took 0.310 seconds
[2026-03-14T19:54:38.173+0000] {processor.py:156} INFO - Started process (PID=656) to work on /opt/airflow/dags/dag2.py
[2026-03-14T19:54:38.174+0000] {processor.py:799} INFO - Processing file /opt/airflow/dags/dag2.py for tasks to queue
[2026-03-14T19:54:38.175+0000] {logging_mixin.py:149} INFO - [2026-03-14T19:54:38.175+0000] {dagbag.py:541} INFO - Filling up the DagBag from /opt/airflow/dags/dag2.py
[2026-03-14T19:54:38.491+0000] {processor.py:809} INFO - DAG(s) dict_keys(['dag_mlops_full_pipeline']) retrieved from /opt/airflow/dags/dag2.py
[2026-03-14T19:54:38.501+0000] {logging_mixin.py:149} INFO - [2026-03-14T19:54:38.501+0000] {dag.py:2726} INFO - Sync 1 DAGs
[2026-03-14T19:54:38.512+0000] {logging_mixin.py:149} INFO - [2026-03-14T19:54:38.512+0000] {dag.py:3490} INFO - Setting next_dagrun for dag_mlops_full_pipeline to None, run_after=None
[2026-03-14T19:54:38.518+0000] {processor.py:178} INFO - Processing /opt/airflow/dags/dag2.py took 0.349 seconds
[2026-03-14T19:55:08.561+0000] {processor.py:156} INFO - Started process (PID=688) to work on /opt/airflow/dags/dag2.py
[2026-03-14T19:55:08.562+0000] {processor.py:799} INFO - Processing file /opt/airflow/dags/dag2.py for tasks to queue
[2026-03-14T19:55:08.562+0000] {logging_mixin.py:149} INFO - [2026-03-14T19:55:08.562+0000] {dagbag.py:541} INFO - Filling up the DagBag from /opt/airflow/dags/dag2.py
[2026-03-14T19:55:08.847+0000] {processor.py:809} INFO - DAG(s) dict_keys(['dag_mlops_full_pipeline']) retrieved from /opt/airflow/dags/dag2.py
[2026-03-14T19:55:08.857+0000] {logging_mixin.py:149} INFO - [2026-03-14T19:55:08.857+0000] {dag.py:2726} INFO - Sync 1 DAGs
[2026-03-14T19:55:08.866+0000] {logging_mixin.py:149} INFO - [2026-03-14T19:55:08.866+0000] {dag.py:3490} INFO - Setting next_dagrun for dag_mlops_full_pipeline to None, run_after=None
[2026-03-14T19:55:08.872+0000] {processor.py:178} INFO - Processing /opt/airflow/dags/dag2.py took 0.314 seconds
[2026-03-14T19:55:38.934+0000] {processor.py:156} INFO - Started process (PID=720) to work on /opt/airflow/dags/dag2.py
[2026-03-14T19:55:38.935+0000] {processor.py:799} INFO - Processing file /opt/airflow/dags/dag2.py for tasks to queue
[2026-03-14T19:55:38.936+0000] {logging_mixin.py:149} INFO - [2026-03-14T19:55:38.936+0000] {dagbag.py:541} INFO - Filling up the DagBag from /opt/airflow/dags/dag2.py
[2026-03-14T19:55:39.224+0000] {processor.py:809} INFO - DAG(s) dict_keys(['dag_mlops_full_pipeline']) retrieved from /opt/airflow/dags/dag2.py
[2026-03-14T19:55:39.234+0000] {logging_mixin.py:149} INFO - [2026-03-14T19:55:39.234+0000] {dag.py:2726} INFO - Sync 1 DAGs
[2026-03-14T19:55:39.242+0000] {logging_mixin.py:149} INFO - [2026-03-14T19:55:39.242+0000] {dag.py:3490} INFO - Setting next_dagrun for dag_mlops_full_pipeline to None, run_after=None
[2026-03-14T19:55:39.248+0000] {processor.py:178} INFO - Processing /opt/airflow/dags/dag2.py took 0.317 seconds
[2026-03-14T19:56:10.228+0000] {processor.py:156} INFO - Started process (PID=752) to work on /opt/airflow/dags/dag2.py
[2026-03-14T19:56:10.229+0000] {processor.py:799} INFO - Processing file /opt/airflow/dags/dag2.py for tasks to queue
[2026-03-14T19:56:10.230+0000] {logging_mixin.py:149} INFO - [2026-03-14T19:56:10.230+0000] {dagbag.py:541} INFO - Filling up the DagBag from /opt/airflow/dags/dag2.py
[2026-03-14T19:56:10.523+0000] {processor.py:809} INFO - DAG(s) dict_keys(['dag_mlops_full_pipeline']) retrieved from /opt/airflow/dags/dag2.py
[2026-03-14T19:56:10.532+0000] {logging_mixin.py:149} INFO - [2026-03-14T19:56:10.532+0000] {dag.py:2726} INFO - Sync 1 DAGs
[2026-03-14T19:56:10.540+0000] {logging_mixin.py:149} INFO - [2026-03-14T19:56:10.540+0000] {dag.py:3490} INFO - Setting next_dagrun for dag_mlops_full_pipeline to None, run_after=None
[2026-03-14T19:56:10.545+0000] {processor.py:178} INFO - Processing /opt/airflow/dags/dag2.py took 0.321 seconds
[2026-03-14T19:56:40.615+0000] {processor.py:156} INFO - Started process (PID=784) to work on /opt/airflow/dags/dag2.py
[2026-03-14T19:56:40.616+0000] {processor.py:799} INFO - Processing file /opt/airflow/dags/dag2.py for tasks to queue
[2026-03-14T19:56:40.616+0000] {logging_mixin.py:149} INFO - [2026-03-14T19:56:40.616+0000] {dagbag.py:541} INFO - Filling up the DagBag from /opt/airflow/dags/dag2.py
[2026-03-14T19:56:40.927+0000] {processor.py:809} INFO - DAG(s) dict_keys(['dag_mlops_full_pipeline']) retrieved from /opt/airflow/dags/dag2.py
[2026-03-14T19:56:40.935+0000] {logging_mixin.py:149} INFO - [2026-03-14T19:56:40.935+0000] {dag.py:2726} INFO - Sync 1 DAGs
[2026-03-14T19:56:40.943+0000] {logging_mixin.py:149} INFO - [2026-03-14T19:56:40.943+0000] {dag.py:3490} INFO - Setting next_dagrun for dag_mlops_full_pipeline to None, run_after=None
[2026-03-14T19:56:40.949+0000] {processor.py:178} INFO - Processing /opt/airflow/dags/dag2.py took 0.337 seconds
[2026-03-14T19:57:10.972+0000] {processor.py:156} INFO - Started process (PID=816) to work on /opt/airflow/dags/dag2.py
[2026-03-14T19:57:10.972+0000] {processor.py:799} INFO - Processing file /opt/airflow/dags/dag2.py for tasks to queue
[2026-03-14T19:57:10.973+0000] {logging_mixin.py:149} INFO - [2026-03-14T19:57:10.972+0000] {dagbag.py:541} INFO - Filling up the DagBag from /opt/airflow/dags/dag2.py
[2026-03-14T19:57:11.283+0000] {processor.py:809} INFO - DAG(s) dict_keys(['dag_mlops_full_pipeline']) retrieved from /opt/airflow/dags/dag2.py
[2026-03-14T19:57:11.293+0000] {logging_mixin.py:149} INFO - [2026-03-14T19:57:11.293+0000] {dag.py:2726} INFO - Sync 1 DAGs
[2026-03-14T19:57:11.301+0000] {logging_mixin.py:149} INFO - [2026-03-14T19:57:11.301+0000] {dag.py:3490} INFO - Setting next_dagrun for dag_mlops_full_pipeline to None, run_after=None
[2026-03-14T19:57:11.308+0000] {processor.py:178} INFO - Processing /opt/airflow/dags/dag2.py took 0.339 seconds
[2026-03-14T19:57:42.230+0000] {processor.py:156} INFO - Started process (PID=848) to work on /opt/airflow/dags/dag2.py
[2026-03-14T19:57:42.230+0000] {processor.py:799} INFO - Processing file /opt/airflow/dags/dag2.py for tasks to queue
[2026-03-14T19:57:42.231+0000] {logging_mixin.py:149} INFO - [2026-03-14T19:57:42.231+0000] {dagbag.py:541} INFO - Filling up the DagBag from /opt/airflow/dags/dag2.py
[2026-03-14T19:57:42.557+0000] {processor.py:809} INFO - DAG(s) dict_keys(['dag_mlops_full_pipeline']) retrieved from /opt/airflow/dags/dag2.py
[2026-03-14T19:57:42.568+0000] {logging_mixin.py:149} INFO - [2026-03-14T19:57:42.568+0000] {dag.py:2726} INFO - Sync 1 DAGs
[2026-03-14T19:57:42.577+0000] {logging_mixin.py:149} INFO - [2026-03-14T19:57:42.577+0000] {dag.py:3490} INFO - Setting next_dagrun for dag_mlops_full_pipeline to None, run_after=None
[2026-03-14T19:57:42.583+0000] {processor.py:178} INFO - Processing /opt/airflow/dags/dag2.py took 0.356 seconds
[2026-03-14T19:58:12.605+0000] {processor.py:156} INFO - Started process (PID=880) to work on /opt/airflow/dags/dag2.py
[2026-03-14T19:58:12.605+0000] {processor.py:799} INFO - Processing file /opt/airflow/dags/dag2.py for tasks to queue
[2026-03-14T19:58:12.606+0000] {logging_mixin.py:149} INFO - [2026-03-14T19:58:12.606+0000] {dagbag.py:541} INFO - Filling up the DagBag from /opt/airflow/dags/dag2.py
[2026-03-14T19:58:12.915+0000] {processor.py:809} INFO - DAG(s) dict_keys(['dag_mlops_full_pipeline']) retrieved from /opt/airflow/dags/dag2.py
[2026-03-14T19:58:12.925+0000] {logging_mixin.py:149} INFO - [2026-03-14T19:58:12.925+0000] {dag.py:2726} INFO - Sync 1 DAGs
[2026-03-14T19:58:12.934+0000] {logging_mixin.py:149} INFO - [2026-03-14T19:58:12.934+0000] {dag.py:3490} INFO - Setting next_dagrun for dag_mlops_full_pipeline to None, run_after=None
[2026-03-14T19:58:12.940+0000] {processor.py:178} INFO - Processing /opt/airflow/dags/dag2.py took 0.338 seconds
[2026-03-14T19:58:43.853+0000] {processor.py:156} INFO - Started process (PID=912) to work on /opt/airflow/dags/dag2.py
[2026-03-14T19:58:43.854+0000] {processor.py:799} INFO - Processing file /opt/airflow/dags/dag2.py for tasks to queue
[2026-03-14T19:58:43.854+0000] {logging_mixin.py:149} INFO - [2026-03-14T19:58:43.854+0000] {dagbag.py:541} INFO - Filling up the DagBag from /opt/airflow/dags/dag2.py
[2026-03-14T19:58:44.158+0000] {processor.py:809} INFO - DAG(s) dict_keys(['dag_mlops_full_pipeline']) retrieved from /opt/airflow/dags/dag2.py
[2026-03-14T19:58:44.167+0000] {logging_mixin.py:149} INFO - [2026-03-14T19:58:44.167+0000] {dag.py:2726} INFO - Sync 1 DAGs
[2026-03-14T19:58:44.175+0000] {logging_mixin.py:149} INFO - [2026-03-14T19:58:44.175+0000] {dag.py:3490} INFO - Setting next_dagrun for dag_mlops_full_pipeline to None, run_after=None
[2026-03-14T19:58:44.180+0000] {processor.py:178} INFO - Processing /opt/airflow/dags/dag2.py took 0.331 seconds
[2026-03-14T19:59:14.209+0000] {processor.py:156} INFO - Started process (PID=944) to work on /opt/airflow/dags/dag2.py
[2026-03-14T19:59:14.210+0000] {processor.py:799} INFO - Processing file /opt/airflow/dags/dag2.py for tasks to queue
[2026-03-14T19:59:14.211+0000] {logging_mixin.py:149} INFO - [2026-03-14T19:59:14.211+0000] {dagbag.py:541} INFO - Filling up the DagBag from /opt/airflow/dags/dag2.py
[2026-03-14T19:59:14.488+0000] {processor.py:809} INFO - DAG(s) dict_keys(['dag_mlops_full_pipeline']) retrieved from /opt/airflow/dags/dag2.py
[2026-03-14T19:59:14.496+0000] {logging_mixin.py:149} INFO - [2026-03-14T19:59:14.496+0000] {dag.py:2726} INFO - Sync 1 DAGs
[2026-03-14T19:59:14.504+0000] {logging_mixin.py:149} INFO - [2026-03-14T19:59:14.503+0000] {dag.py:3490} INFO - Setting next_dagrun for dag_mlops_full_pipeline to None, run_after=None
[2026-03-14T19:59:14.510+0000] {processor.py:178} INFO - Processing /opt/airflow/dags/dag2.py took 0.304 seconds
[2026-03-14T20:00:31.895+0000] {processor.py:156} INFO - Started process (PID=165) to work on /opt/airflow/dags/dag2.py
[2026-03-14T20:00:31.896+0000] {processor.py:799} INFO - Processing file /opt/airflow/dags/dag2.py for tasks to queue
[2026-03-14T20:00:31.897+0000] {logging_mixin.py:149} INFO - [2026-03-14T20:00:31.897+0000] {dagbag.py:541} INFO - Filling up the DagBag from /opt/airflow/dags/dag2.py
[2026-03-14T20:00:32.655+0000] {processor.py:809} INFO - DAG(s) dict_keys(['dag_mlops_full_pipeline']) retrieved from /opt/airflow/dags/dag2.py
[2026-03-14T20:00:32.683+0000] {logging_mixin.py:149} INFO - [2026-03-14T20:00:32.683+0000] {dag.py:2726} INFO - Sync 1 DAGs
[2026-03-14T20:00:32.693+0000] {logging_mixin.py:149} INFO - [2026-03-14T20:00:32.692+0000] {dag.py:3490} INFO - Setting next_dagrun for dag_mlops_full_pipeline to None, run_after=None
[2026-03-14T20:00:32.702+0000] {processor.py:178} INFO - Processing /opt/airflow/dags/dag2.py took 0.808 seconds
[2026-03-14T20:01:03.619+0000] {processor.py:156} INFO - Started process (PID=262) to work on /opt/airflow/dags/dag2.py
[2026-03-14T20:01:03.619+0000] {processor.py:799} INFO - Processing file /opt/airflow/dags/dag2.py for tasks to queue
[2026-03-14T20:01:03.620+0000] {logging_mixin.py:149} INFO - [2026-03-14T20:01:03.620+0000] {dagbag.py:541} INFO - Filling up the DagBag from /opt/airflow/dags/dag2.py
[2026-03-14T20:01:03.951+0000] {processor.py:809} INFO - DAG(s) dict_keys(['dag_mlops_full_pipeline']) retrieved from /opt/airflow/dags/dag2.py
[2026-03-14T20:01:03.959+0000] {logging_mixin.py:149} INFO - [2026-03-14T20:01:03.959+0000] {dag.py:2726} INFO - Sync 1 DAGs
[2026-03-14T20:01:03.967+0000] {logging_mixin.py:149} INFO - [2026-03-14T20:01:03.967+0000] {dag.py:3490} INFO - Setting next_dagrun for dag_mlops_full_pipeline to None, run_after=None
[2026-03-14T20:01:03.973+0000] {processor.py:178} INFO - Processing /opt/airflow/dags/dag2.py took 0.357 seconds
[2026-03-14T20:01:35.031+0000] {processor.py:156} INFO - Started process (PID=294) to work on /opt/airflow/dags/dag2.py
[2026-03-14T20:01:35.032+0000] {processor.py:799} INFO - Processing file /opt/airflow/dags/dag2.py for tasks to queue
[2026-03-14T20:01:35.032+0000] {logging_mixin.py:149} INFO - [2026-03-14T20:01:35.032+0000] {dagbag.py:541} INFO - Filling up the DagBag from /opt/airflow/dags/dag2.py
[2026-03-14T20:01:35.352+0000] {processor.py:809} INFO - DAG(s) dict_keys(['dag_mlops_full_pipeline']) retrieved from /opt/airflow/dags/dag2.py
[2026-03-14T20:01:35.363+0000] {logging_mixin.py:149} INFO - [2026-03-14T20:01:35.362+0000] {dag.py:2726} INFO - Sync 1 DAGs
[2026-03-14T20:01:35.374+0000] {logging_mixin.py:149} INFO - [2026-03-14T20:01:35.374+0000] {dag.py:3490} INFO - Setting next_dagrun for dag_mlops_full_pipeline to None, run_after=None
[2026-03-14T20:01:35.392+0000] {processor.py:178} INFO - Processing /opt/airflow/dags/dag2.py took 0.362 seconds
[2026-03-14T20:02:06.365+0000] {processor.py:156} INFO - Started process (PID=326) to work on /opt/airflow/dags/dag2.py
[2026-03-14T20:02:06.365+0000] {processor.py:799} INFO - Processing file /opt/airflow/dags/dag2.py for tasks to queue
[2026-03-14T20:02:06.366+0000] {logging_mixin.py:149} INFO - [2026-03-14T20:02:06.366+0000] {dagbag.py:541} INFO - Filling up the DagBag from /opt/airflow/dags/dag2.py
[2026-03-14T20:02:06.701+0000] {processor.py:809} INFO - DAG(s) dict_keys(['dag_mlops_full_pipeline']) retrieved from /opt/airflow/dags/dag2.py
[2026-03-14T20:02:06.712+0000] {logging_mixin.py:149} INFO - [2026-03-14T20:02:06.712+0000] {dag.py:2726} INFO - Sync 1 DAGs
[2026-03-14T20:02:06.721+0000] {logging_mixin.py:149} INFO - [2026-03-14T20:02:06.721+0000] {dag.py:3490} INFO - Setting next_dagrun for dag_mlops_full_pipeline to None, run_after=None
[2026-03-14T20:02:06.728+0000] {processor.py:178} INFO - Processing /opt/airflow/dags/dag2.py took 0.364 seconds
[2026-03-14T20:02:37.745+0000] {processor.py:156} INFO - Started process (PID=358) to work on /opt/airflow/dags/dag2.py
[2026-03-14T20:02:37.746+0000] {processor.py:799} INFO - Processing file /opt/airflow/dags/dag2.py for tasks to queue
[2026-03-14T20:02:37.746+0000] {logging_mixin.py:149} INFO - [2026-03-14T20:02:37.746+0000] {dagbag.py:541} INFO - Filling up the DagBag from /opt/airflow/dags/dag2.py
[2026-03-14T20:02:38.073+0000] {processor.py:809} INFO - DAG(s) dict_keys(['dag_mlops_full_pipeline']) retrieved from /opt/airflow/dags/dag2.py
[2026-03-14T20:02:38.086+0000] {logging_mixin.py:149} INFO - [2026-03-14T20:02:38.085+0000] {dag.py:2726} INFO - Sync 1 DAGs
[2026-03-14T20:02:38.096+0000] {logging_mixin.py:149} INFO - [2026-03-14T20:02:38.095+0000] {dag.py:3490} INFO - Setting next_dagrun for dag_mlops_full_pipeline to None, run_after=None
[2026-03-14T20:02:38.103+0000] {processor.py:178} INFO - Processing /opt/airflow/dags/dag2.py took 0.359 seconds
[2026-03-14T20:03:09.071+0000] {processor.py:156} INFO - Started process (PID=390) to work on /opt/airflow/dags/dag2.py
[2026-03-14T20:03:09.072+0000] {processor.py:799} INFO - Processing file /opt/airflow/dags/dag2.py for tasks to queue
[2026-03-14T20:03:09.072+0000] {logging_mixin.py:149} INFO - [2026-03-14T20:03:09.072+0000] {dagbag.py:541} INFO - Filling up the DagBag from /opt/airflow/dags/dag2.py
[2026-03-14T20:03:09.443+0000] {processor.py:809} INFO - DAG(s) dict_keys(['dag_mlops_full_pipeline']) retrieved from /opt/airflow/dags/dag2.py
[2026-03-14T20:03:09.455+0000] {logging_mixin.py:149} INFO - [2026-03-14T20:03:09.455+0000] {dag.py:2726} INFO - Sync 1 DAGs
[2026-03-14T20:03:09.465+0000] {logging_mixin.py:149} INFO - [2026-03-14T20:03:09.465+0000] {dag.py:3490} INFO - Setting next_dagrun for dag_mlops_full_pipeline to None, run_after=None
[2026-03-14T20:03:09.474+0000] {processor.py:178} INFO - Processing /opt/airflow/dags/dag2.py took 0.405 seconds
[2026-03-14T20:03:40.386+0000] {processor.py:156} INFO - Started process (PID=422) to work on /opt/airflow/dags/dag2.py
[2026-03-14T20:03:40.386+0000] {processor.py:799} INFO - Processing file /opt/airflow/dags/dag2.py for tasks to queue
[2026-03-14T20:03:40.387+0000] {logging_mixin.py:149} INFO - [2026-03-14T20:03:40.387+0000] {dagbag.py:541} INFO - Filling up the DagBag from /opt/airflow/dags/dag2.py
[2026-03-14T20:03:40.737+0000] {processor.py:809} INFO - DAG(s) dict_keys(['dag_mlops_full_pipeline']) retrieved from /opt/airflow/dags/dag2.py
[2026-03-14T20:03:40.749+0000] {logging_mixin.py:149} INFO - [2026-03-14T20:03:40.748+0000] {dag.py:2726} INFO - Sync 1 DAGs
[2026-03-14T20:03:40.760+0000] {logging_mixin.py:149} INFO - [2026-03-14T20:03:40.760+0000] {dag.py:3490} INFO - Setting next_dagrun for dag_mlops_full_pipeline to None, run_after=None
[2026-03-14T20:03:40.767+0000] {processor.py:178} INFO - Processing /opt/airflow/dags/dag2.py took 0.383 seconds
[2026-03-14T20:04:11.716+0000] {processor.py:156} INFO - Started process (PID=454) to work on /opt/airflow/dags/dag2.py
[2026-03-14T20:04:11.717+0000] {processor.py:799} INFO - Processing file /opt/airflow/dags/dag2.py for tasks to queue
[2026-03-14T20:04:11.717+0000] {logging_mixin.py:149} INFO - [2026-03-14T20:04:11.717+0000] {dagbag.py:541} INFO - Filling up the DagBag from /opt/airflow/dags/dag2.py
[2026-03-14T20:04:12.035+0000] {processor.py:809} INFO - DAG(s) dict_keys(['dag_mlops_full_pipeline']) retrieved from /opt/airflow/dags/dag2.py
[2026-03-14T20:04:12.045+0000] {logging_mixin.py:149} INFO - [2026-03-14T20:04:12.044+0000] {dag.py:2726} INFO - Sync 1 DAGs
[2026-03-14T20:04:12.052+0000] {logging_mixin.py:149} INFO - [2026-03-14T20:04:12.052+0000] {dag.py:3490} INFO - Setting next_dagrun for dag_mlops_full_pipeline to None, run_after=None
[2026-03-14T20:04:12.058+0000] {processor.py:178} INFO - Processing /opt/airflow/dags/dag2.py took 0.346 seconds
[2026-03-14T20:04:43.012+0000] {processor.py:156} INFO - Started process (PID=486) to work on /opt/airflow/dags/dag2.py
[2026-03-14T20:04:43.013+0000] {processor.py:799} INFO - Processing file /opt/airflow/dags/dag2.py for tasks to queue
[2026-03-14T20:04:43.013+0000] {logging_mixin.py:149} INFO - [2026-03-14T20:04:43.013+0000] {dagbag.py:541} INFO - Filling up the DagBag from /opt/airflow/dags/dag2.py
[2026-03-14T20:04:43.306+0000] {processor.py:809} INFO - DAG(s) dict_keys(['dag_mlops_full_pipeline']) retrieved from /opt/airflow/dags/dag2.py
[2026-03-14T20:04:43.314+0000] {logging_mixin.py:149} INFO - [2026-03-14T20:04:43.314+0000] {dag.py:2726} INFO - Sync 1 DAGs
[2026-03-14T20:04:43.322+0000] {logging_mixin.py:149} INFO - [2026-03-14T20:04:43.322+0000] {dag.py:3490} INFO - Setting next_dagrun for dag_mlops_full_pipeline to None, run_after=None
[2026-03-14T20:04:43.328+0000] {processor.py:178} INFO - Processing /opt/airflow/dags/dag2.py took 0.319 seconds
[2026-03-14T20:05:14.347+0000] {processor.py:156} INFO - Started process (PID=518) to work on /opt/airflow/dags/dag2.py
[2026-03-14T20:05:14.348+0000] {processor.py:799} INFO - Processing file /opt/airflow/dags/dag2.py for tasks to queue
[2026-03-14T20:05:14.348+0000] {logging_mixin.py:149} INFO - [2026-03-14T20:05:14.348+0000] {dagbag.py:541} INFO - Filling up the DagBag from /opt/airflow/dags/dag2.py
[2026-03-14T20:05:14.639+0000] {processor.py:809} INFO - DAG(s) dict_keys(['dag_mlops_full_pipeline']) retrieved from /opt/airflow/dags/dag2.py
[2026-03-14T20:05:14.648+0000] {logging_mixin.py:149} INFO - [2026-03-14T20:05:14.648+0000] {dag.py:2726} INFO - Sync 1 DAGs
[2026-03-14T20:05:14.656+0000] {logging_mixin.py:149} INFO - [2026-03-14T20:05:14.656+0000] {dag.py:3490} INFO - Setting next_dagrun for dag_mlops_full_pipeline to None, run_after=None
[2026-03-14T20:05:14.662+0000] {processor.py:178} INFO - Processing /opt/airflow/dags/dag2.py took 0.318 seconds
[2026-03-14T20:05:44.794+0000] {processor.py:156} INFO - Started process (PID=550) to work on /opt/airflow/dags/dag2.py
[2026-03-14T20:05:44.794+0000] {processor.py:799} INFO - Processing file /opt/airflow/dags/dag2.py for tasks to queue
[2026-03-14T20:05:44.795+0000] {logging_mixin.py:149} INFO - [2026-03-14T20:05:44.795+0000] {dagbag.py:541} INFO - Filling up the DagBag from /opt/airflow/dags/dag2.py
[2026-03-14T20:05:45.073+0000] {processor.py:809} INFO - DAG(s) dict_keys(['dag_mlops_full_pipeline']) retrieved from /opt/airflow/dags/dag2.py
[2026-03-14T20:05:45.082+0000] {logging_mixin.py:149} INFO - [2026-03-14T20:05:45.082+0000] {dag.py:2726} INFO - Sync 1 DAGs
[2026-03-14T20:05:45.089+0000] {logging_mixin.py:149} INFO - [2026-03-14T20:05:45.089+0000] {dag.py:3490} INFO - Setting next_dagrun for dag_mlops_full_pipeline to None, run_after=None
[2026-03-14T20:05:45.095+0000] {processor.py:178} INFO - Processing /opt/airflow/dags/dag2.py took 0.304 seconds
[2026-03-14T20:06:15.138+0000] {processor.py:156} INFO - Started process (PID=582) to work on /opt/airflow/dags/dag2.py
[2026-03-14T20:06:15.138+0000] {processor.py:799} INFO - Processing file /opt/airflow/dags/dag2.py for tasks to queue
[2026-03-14T20:06:15.139+0000] {logging_mixin.py:149} INFO - [2026-03-14T20:06:15.139+0000] {dagbag.py:541} INFO - Filling up the DagBag from /opt/airflow/dags/dag2.py
[2026-03-14T20:06:15.427+0000] {processor.py:809} INFO - DAG(s) dict_keys(['dag_mlops_full_pipeline']) retrieved from /opt/airflow/dags/dag2.py
[2026-03-14T20:06:15.436+0000] {logging_mixin.py:149} INFO - [2026-03-14T20:06:15.436+0000] {dag.py:2726} INFO - Sync 1 DAGs
[2026-03-14T20:06:15.444+0000] {logging_mixin.py:149} INFO - [2026-03-14T20:06:15.444+0000] {dag.py:3490} INFO - Setting next_dagrun for dag_mlops_full_pipeline to None, run_after=None
[2026-03-14T20:06:15.449+0000] {processor.py:178} INFO - Processing /opt/airflow/dags/dag2.py took 0.315 seconds
[2026-03-14T20:06:46.471+0000] {processor.py:156} INFO - Started process (PID=614) to work on /opt/airflow/dags/dag2.py
[2026-03-14T20:06:46.471+0000] {processor.py:799} INFO - Processing file /opt/airflow/dags/dag2.py for tasks to queue
[2026-03-14T20:06:46.472+0000] {logging_mixin.py:149} INFO - [2026-03-14T20:06:46.472+0000] {dagbag.py:541} INFO - Filling up the DagBag from /opt/airflow/dags/dag2.py
[2026-03-14T20:06:46.753+0000] {processor.py:809} INFO - DAG(s) dict_keys(['dag_mlops_full_pipeline']) retrieved from /opt/airflow/dags/dag2.py
[2026-03-14T20:06:46.762+0000] {logging_mixin.py:149} INFO - [2026-03-14T20:06:46.762+0000] {dag.py:2726} INFO - Sync 1 DAGs
[2026-03-14T20:06:46.769+0000] {logging_mixin.py:149} INFO - [2026-03-14T20:06:46.769+0000] {dag.py:3490} INFO - Setting next_dagrun for dag_mlops_full_pipeline to None, run_after=None
[2026-03-14T20:06:46.775+0000] {processor.py:178} INFO - Processing /opt/airflow/dags/dag2.py took 0.307 seconds
[2026-03-14T20:07:16.943+0000] {processor.py:156} INFO - Started process (PID=646) to work on /opt/airflow/dags/dag2.py
[2026-03-14T20:07:16.944+0000] {processor.py:799} INFO - Processing file /opt/airflow/dags/dag2.py for tasks to queue
[2026-03-14T20:07:16.945+0000] {logging_mixin.py:149} INFO - [2026-03-14T20:07:16.945+0000] {dagbag.py:541} INFO - Filling up the DagBag from /opt/airflow/dags/dag2.py
[2026-03-14T20:07:17.223+0000] {processor.py:809} INFO - DAG(s) dict_keys(['dag_mlops_full_pipeline']) retrieved from /opt/airflow/dags/dag2.py
[2026-03-14T20:07:17.231+0000] {logging_mixin.py:149} INFO - [2026-03-14T20:07:17.231+0000] {dag.py:2726} INFO - Sync 1 DAGs
[2026-03-14T20:07:17.239+0000] {logging_mixin.py:149} INFO - [2026-03-14T20:07:17.239+0000] {dag.py:3490} INFO - Setting next_dagrun for dag_mlops_full_pipeline to None, run_after=None
[2026-03-14T20:07:17.245+0000] {processor.py:178} INFO - Processing /opt/airflow/dags/dag2.py took 0.305 seconds
[2026-03-14T20:07:47.343+0000] {processor.py:156} INFO - Started process (PID=678) to work on /opt/airflow/dags/dag2.py
[2026-03-14T20:07:47.344+0000] {processor.py:799} INFO - Processing file /opt/airflow/dags/dag2.py for tasks to queue
[2026-03-14T20:07:47.344+0000] {logging_mixin.py:149} INFO - [2026-03-14T20:07:47.344+0000] {dagbag.py:541} INFO - Filling up the DagBag from /opt/airflow/dags/dag2.py
[2026-03-14T20:07:47.638+0000] {processor.py:809} INFO - DAG(s) dict_keys(['dag_mlops_full_pipeline']) retrieved from /opt/airflow/dags/dag2.py
[2026-03-14T20:07:47.647+0000] {logging_mixin.py:149} INFO - [2026-03-14T20:07:47.646+0000] {dag.py:2726} INFO - Sync 1 DAGs
[2026-03-14T20:07:47.654+0000] {logging_mixin.py:149} INFO - [2026-03-14T20:07:47.654+0000] {dag.py:3490} INFO - Setting next_dagrun for dag_mlops_full_pipeline to None, run_after=None
[2026-03-14T20:07:47.660+0000] {processor.py:178} INFO - Processing /opt/airflow/dags/dag2.py took 0.320 seconds
[2026-03-14T20:10:33.127+0000] {processor.py:156} INFO - Started process (PID=826) to work on /opt/airflow/dags/dag2.py
[2026-03-14T20:10:33.127+0000] {processor.py:799} INFO - Processing file /opt/airflow/dags/dag2.py for tasks to queue
[2026-03-14T20:10:33.128+0000] {logging_mixin.py:149} INFO - [2026-03-14T20:10:33.128+0000] {dagbag.py:541} INFO - Filling up the DagBag from /opt/airflow/dags/dag2.py
[2026-03-14T20:10:33.448+0000] {processor.py:809} INFO - DAG(s) dict_keys(['dag_mlops_full_pipeline']) retrieved from /opt/airflow/dags/dag2.py
[2026-03-14T20:10:33.458+0000] {logging_mixin.py:149} INFO - [2026-03-14T20:10:33.458+0000] {dag.py:2726} INFO - Sync 1 DAGs
[2026-03-14T20:10:33.470+0000] {logging_mixin.py:149} INFO - [2026-03-14T20:10:33.470+0000] {dag.py:3490} INFO - Setting next_dagrun for dag_mlops_full_pipeline to None, run_after=None
[2026-03-14T20:10:33.481+0000] {processor.py:178} INFO - Processing /opt/airflow/dags/dag2.py took 0.357 seconds
[2026-03-14T20:11:04.483+0000] {processor.py:156} INFO - Started process (PID=865) to work on /opt/airflow/dags/dag2.py
[2026-03-14T20:11:04.483+0000] {processor.py:799} INFO - Processing file /opt/airflow/dags/dag2.py for tasks to queue
[2026-03-14T20:11:04.484+0000] {logging_mixin.py:149} INFO - [2026-03-14T20:11:04.484+0000] {dagbag.py:541} INFO - Filling up the DagBag from /opt/airflow/dags/dag2.py
[2026-03-14T20:11:04.781+0000] {processor.py:809} INFO - DAG(s) dict_keys(['dag_mlops_full_pipeline']) retrieved from /opt/airflow/dags/dag2.py
[2026-03-14T20:11:04.789+0000] {logging_mixin.py:149} INFO - [2026-03-14T20:11:04.789+0000] {dag.py:2726} INFO - Sync 1 DAGs
[2026-03-14T20:11:04.797+0000] {logging_mixin.py:149} INFO - [2026-03-14T20:11:04.797+0000] {dag.py:3490} INFO - Setting next_dagrun for dag_mlops_full_pipeline to None, run_after=None
[2026-03-14T20:11:04.803+0000] {processor.py:178} INFO - Processing /opt/airflow/dags/dag2.py took 0.323 seconds
[2026-03-14T20:11:34.859+0000] {processor.py:156} INFO - Started process (PID=897) to work on /opt/airflow/dags/dag2.py
[2026-03-14T20:11:34.860+0000] {processor.py:799} INFO - Processing file /opt/airflow/dags/dag2.py for tasks to queue
[2026-03-14T20:11:34.861+0000] {logging_mixin.py:149} INFO - [2026-03-14T20:11:34.861+0000] {dagbag.py:541} INFO - Filling up the DagBag from /opt/airflow/dags/dag2.py
[2026-03-14T20:11:35.147+0000] {processor.py:809} INFO - DAG(s) dict_keys(['dag_mlops_full_pipeline']) retrieved from /opt/airflow/dags/dag2.py
[2026-03-14T20:11:35.156+0000] {logging_mixin.py:149} INFO - [2026-03-14T20:11:35.156+0000] {dag.py:2726} INFO - Sync 1 DAGs
[2026-03-14T20:11:35.164+0000] {logging_mixin.py:149} INFO - [2026-03-14T20:11:35.163+0000] {dag.py:3490} INFO - Setting next_dagrun for dag_mlops_full_pipeline to None, run_after=None
[2026-03-14T20:11:35.169+0000] {processor.py:178} INFO - Processing /opt/airflow/dags/dag2.py took 0.313 seconds
[2026-03-14T20:12:05.207+0000] {processor.py:156} INFO - Started process (PID=929) to work on /opt/airflow/dags/dag2.py
[2026-03-14T20:12:05.207+0000] {processor.py:799} INFO - Processing file /opt/airflow/dags/dag2.py for tasks to queue
[2026-03-14T20:12:05.208+0000] {logging_mixin.py:149} INFO - [2026-03-14T20:12:05.208+0000] {dagbag.py:541} INFO - Filling up the DagBag from /opt/airflow/dags/dag2.py
[2026-03-14T20:12:05.490+0000] {processor.py:809} INFO - DAG(s) dict_keys(['dag_mlops_full_pipeline']) retrieved from /opt/airflow/dags/dag2.py
[2026-03-14T20:12:05.499+0000] {logging_mixin.py:149} INFO - [2026-03-14T20:12:05.499+0000] {dag.py:2726} INFO - Sync 1 DAGs
[2026-03-14T20:12:05.508+0000] {logging_mixin.py:149} INFO - [2026-03-14T20:12:05.508+0000] {dag.py:3490} INFO - Setting next_dagrun for dag_mlops_full_pipeline to None, run_after=None
[2026-03-14T20:12:05.514+0000] {processor.py:178} INFO - Processing /opt/airflow/dags/dag2.py took 0.309 seconds
[2026-03-14T20:12:35.548+0000] {processor.py:156} INFO - Started process (PID=961) to work on /opt/airflow/dags/dag2.py
[2026-03-14T20:12:35.549+0000] {processor.py:799} INFO - Processing file /opt/airflow/dags/dag2.py for tasks to queue
[2026-03-14T20:12:35.549+0000] {logging_mixin.py:149} INFO - [2026-03-14T20:12:35.549+0000] {dagbag.py:541} INFO - Filling up the DagBag from /opt/airflow/dags/dag2.py
[2026-03-14T20:12:35.834+0000] {processor.py:809} INFO - DAG(s) dict_keys(['dag_mlops_full_pipeline']) retrieved from /opt/airflow/dags/dag2.py
[2026-03-14T20:12:35.843+0000] {logging_mixin.py:149} INFO - [2026-03-14T20:12:35.843+0000] {dag.py:2726} INFO - Sync 1 DAGs
[2026-03-14T20:12:35.851+0000] {logging_mixin.py:149} INFO - [2026-03-14T20:12:35.851+0000] {dag.py:3490} INFO - Setting next_dagrun for dag_mlops_full_pipeline to None, run_after=None
[2026-03-14T20:12:35.857+0000] {processor.py:178} INFO - Processing /opt/airflow/dags/dag2.py took 0.313 seconds
[2026-03-14T20:13:05.938+0000] {processor.py:156} INFO - Started process (PID=993) to work on /opt/airflow/dags/dag2.py
[2026-03-14T20:13:05.939+0000] {processor.py:799} INFO - Processing file /opt/airflow/dags/dag2.py for tasks to queue
[2026-03-14T20:13:05.940+0000] {logging_mixin.py:149} INFO - [2026-03-14T20:13:05.940+0000] {dagbag.py:541} INFO - Filling up the DagBag from /opt/airflow/dags/dag2.py
[2026-03-14T20:13:06.224+0000] {processor.py:809} INFO - DAG(s) dict_keys(['dag_mlops_full_pipeline']) retrieved from /opt/airflow/dags/dag2.py
[2026-03-14T20:13:06.233+0000] {logging_mixin.py:149} INFO - [2026-03-14T20:13:06.233+0000] {dag.py:2726} INFO - Sync 1 DAGs
[2026-03-14T20:13:06.241+0000] {logging_mixin.py:149} INFO - [2026-03-14T20:13:06.241+0000] {dag.py:3490} INFO - Setting next_dagrun for dag_mlops_full_pipeline to None, run_after=None
[2026-03-14T20:13:06.247+0000] {processor.py:178} INFO - Processing /opt/airflow/dags/dag2.py took 0.312 seconds
[2026-03-14T20:13:36.313+0000] {processor.py:156} INFO - Started process (PID=1025) to work on /opt/airflow/dags/dag2.py
[2026-03-14T20:13:36.314+0000] {processor.py:799} INFO - Processing file /opt/airflow/dags/dag2.py for tasks to queue
[2026-03-14T20:13:36.314+0000] {logging_mixin.py:149} INFO - [2026-03-14T20:13:36.314+0000] {dagbag.py:541} INFO - Filling up the DagBag from /opt/airflow/dags/dag2.py
[2026-03-14T20:13:36.592+0000] {processor.py:809} INFO - DAG(s) dict_keys(['dag_mlops_full_pipeline']) retrieved from /opt/airflow/dags/dag2.py
[2026-03-14T20:13:36.600+0000] {logging_mixin.py:149} INFO - [2026-03-14T20:13:36.600+0000] {dag.py:2726} INFO - Sync 1 DAGs
[2026-03-14T20:13:36.608+0000] {logging_mixin.py:149} INFO - [2026-03-14T20:13:36.608+0000] {dag.py:3490} INFO - Setting next_dagrun for dag_mlops_full_pipeline to None, run_after=None
[2026-03-14T20:13:36.614+0000] {processor.py:178} INFO - Processing /opt/airflow/dags/dag2.py took 0.304 seconds
[2026-03-14T20:14:06.652+0000] {processor.py:156} INFO - Started process (PID=1057) to work on /opt/airflow/dags/dag2.py
[2026-03-14T20:14:06.653+0000] {processor.py:799} INFO - Processing file /opt/airflow/dags/dag2.py for tasks to queue
[2026-03-14T20:14:06.654+0000] {logging_mixin.py:149} INFO - [2026-03-14T20:14:06.653+0000] {dagbag.py:541} INFO - Filling up the DagBag from /opt/airflow/dags/dag2.py
[2026-03-14T20:14:06.934+0000] {processor.py:809} INFO - DAG(s) dict_keys(['dag_mlops_full_pipeline']) retrieved from /opt/airflow/dags/dag2.py
[2026-03-14T20:14:06.943+0000] {logging_mixin.py:149} INFO - [2026-03-14T20:14:06.943+0000] {dag.py:2726} INFO - Sync 1 DAGs
[2026-03-14T20:14:06.951+0000] {logging_mixin.py:149} INFO - [2026-03-14T20:14:06.951+0000] {dag.py:3490} INFO - Setting next_dagrun for dag_mlops_full_pipeline to None, run_after=None
[2026-03-14T20:14:06.957+0000] {processor.py:178} INFO - Processing /opt/airflow/dags/dag2.py took 0.308 seconds
[2026-03-14T20:14:37.063+0000] {processor.py:156} INFO - Started process (PID=1089) to work on /opt/airflow/dags/dag2.py
[2026-03-14T20:14:37.064+0000] {processor.py:799} INFO - Processing file /opt/airflow/dags/dag2.py for tasks to queue
[2026-03-14T20:14:37.065+0000] {logging_mixin.py:149} INFO - [2026-03-14T20:14:37.065+0000] {dagbag.py:541} INFO - Filling up the DagBag from /opt/airflow/dags/dag2.py
[2026-03-14T20:14:37.369+0000] {processor.py:809} INFO - DAG(s) dict_keys(['dag_mlops_full_pipeline']) retrieved from /opt/airflow/dags/dag2.py
[2026-03-14T20:14:37.379+0000] {logging_mixin.py:149} INFO - [2026-03-14T20:14:37.379+0000] {dag.py:2726} INFO - Sync 1 DAGs
[2026-03-14T20:14:37.387+0000] {logging_mixin.py:149} INFO - [2026-03-14T20:14:37.387+0000] {dag.py:3490} INFO - Setting next_dagrun for dag_mlops_full_pipeline to None, run_after=None
[2026-03-14T20:14:37.393+0000] {processor.py:178} INFO - Processing /opt/airflow/dags/dag2.py took 0.333 seconds
[2026-03-14T20:19:12.811+0000] {processor.py:156} INFO - Started process (PID=1116) to work on /opt/airflow/dags/dag2.py
[2026-03-14T20:19:12.813+0000] {processor.py:799} INFO - Processing file /opt/airflow/dags/dag2.py for tasks to queue
[2026-03-14T20:19:12.813+0000] {logging_mixin.py:149} INFO - [2026-03-14T20:19:12.813+0000] {dagbag.py:541} INFO - Filling up the DagBag from /opt/airflow/dags/dag2.py
[2026-03-14T20:19:13.272+0000] {processor.py:809} INFO - DAG(s) dict_keys(['dag_mlops_full_pipeline']) retrieved from /opt/airflow/dags/dag2.py
[2026-03-14T20:19:13.295+0000] {logging_mixin.py:149} INFO - [2026-03-14T20:19:13.295+0000] {dag.py:2726} INFO - Sync 1 DAGs
[2026-03-14T20:19:13.319+0000] {logging_mixin.py:149} INFO - [2026-03-14T20:19:13.318+0000] {dag.py:3490} INFO - Setting next_dagrun for dag_mlops_full_pipeline to None, run_after=None
[2026-03-14T20:19:13.338+0000] {processor.py:178} INFO - Processing /opt/airflow/dags/dag2.py took 0.530 seconds
[2026-03-14T20:35:14.261+0000] {processor.py:156} INFO - Started process (PID=1148) to work on /opt/airflow/dags/dag2.py
[2026-03-14T20:35:14.262+0000] {processor.py:799} INFO - Processing file /opt/airflow/dags/dag2.py for tasks to queue
[2026-03-14T20:35:14.263+0000] {logging_mixin.py:149} INFO - [2026-03-14T20:35:14.262+0000] {dagbag.py:541} INFO - Filling up the DagBag from /opt/airflow/dags/dag2.py
[2026-03-14T20:35:14.734+0000] {processor.py:809} INFO - DAG(s) dict_keys(['dag_mlops_full_pipeline']) retrieved from /opt/airflow/dags/dag2.py
[2026-03-14T20:35:14.742+0000] {logging_mixin.py:149} INFO - [2026-03-14T20:35:14.742+0000] {dag.py:2726} INFO - Sync 1 DAGs
[2026-03-14T20:35:14.750+0000] {logging_mixin.py:149} INFO - [2026-03-14T20:35:14.750+0000] {dag.py:3490} INFO - Setting next_dagrun for dag_mlops_full_pipeline to None, run_after=None
[2026-03-14T20:35:14.756+0000] {processor.py:178} INFO - Processing /opt/airflow/dags/dag2.py took 0.497 seconds
[2026-03-14T20:44:24.199+0000] {processor.py:156} INFO - Started process (PID=1180) to work on /opt/airflow/dags/dag2.py
[2026-03-14T20:44:24.200+0000] {processor.py:799} INFO - Processing file /opt/airflow/dags/dag2.py for tasks to queue
[2026-03-14T20:44:24.200+0000] {logging_mixin.py:149} INFO - [2026-03-14T20:44:24.200+0000] {dagbag.py:541} INFO - Filling up the DagBag from /opt/airflow/dags/dag2.py
[2026-03-14T20:44:24.736+0000] {processor.py:809} INFO - DAG(s) dict_keys(['dag_mlops_full_pipeline']) retrieved from /opt/airflow/dags/dag2.py
[2026-03-14T20:44:24.756+0000] {logging_mixin.py:149} INFO - [2026-03-14T20:44:24.755+0000] {dag.py:2726} INFO - Sync 1 DAGs
[2026-03-14T20:44:24.770+0000] {logging_mixin.py:149} INFO - [2026-03-14T20:44:24.770+0000] {dag.py:3490} INFO - Setting next_dagrun for dag_mlops_full_pipeline to None, run_after=None
[2026-03-14T20:44:24.789+0000] {processor.py:178} INFO - Processing /opt/airflow/dags/dag2.py took 0.592 seconds
[2026-03-14T20:44:55.802+0000] {processor.py:156} INFO - Started process (PID=1222) to work on /opt/airflow/dags/dag2.py
[2026-03-14T20:44:55.803+0000] {processor.py:799} INFO - Processing file /opt/airflow/dags/dag2.py for tasks to queue
[2026-03-14T20:44:55.803+0000] {logging_mixin.py:149} INFO - [2026-03-14T20:44:55.803+0000] {dagbag.py:541} INFO - Filling up the DagBag from /opt/airflow/dags/dag2.py
[2026-03-14T20:44:56.122+0000] {processor.py:809} INFO - DAG(s) dict_keys(['dag_mlops_full_pipeline']) retrieved from /opt/airflow/dags/dag2.py
[2026-03-14T20:44:56.132+0000] {logging_mixin.py:149} INFO - [2026-03-14T20:44:56.132+0000] {dag.py:2726} INFO - Sync 1 DAGs
[2026-03-14T20:44:56.141+0000] {logging_mixin.py:149} INFO - [2026-03-14T20:44:56.141+0000] {dag.py:3490} INFO - Setting next_dagrun for dag_mlops_full_pipeline to None, run_after=None
[2026-03-14T20:44:56.147+0000] {processor.py:178} INFO - Processing /opt/airflow/dags/dag2.py took 0.348 seconds
[2026-03-14T20:45:27.174+0000] {processor.py:156} INFO - Started process (PID=1254) to work on /opt/airflow/dags/dag2.py
[2026-03-14T20:45:27.175+0000] {processor.py:799} INFO - Processing file /opt/airflow/dags/dag2.py for tasks to queue
[2026-03-14T20:45:27.175+0000] {logging_mixin.py:149} INFO - [2026-03-14T20:45:27.175+0000] {dagbag.py:541} INFO - Filling up the DagBag from /opt/airflow/dags/dag2.py
[2026-03-14T20:45:27.506+0000] {processor.py:809} INFO - DAG(s) dict_keys(['dag_mlops_full_pipeline']) retrieved from /opt/airflow/dags/dag2.py
[2026-03-14T20:45:27.516+0000] {logging_mixin.py:149} INFO - [2026-03-14T20:45:27.516+0000] {dag.py:2726} INFO - Sync 1 DAGs
[2026-03-14T20:45:27.528+0000] {logging_mixin.py:149} INFO - [2026-03-14T20:45:27.528+0000] {dag.py:3490} INFO - Setting next_dagrun for dag_mlops_full_pipeline to None, run_after=None
[2026-03-14T20:45:27.534+0000] {processor.py:178} INFO - Processing /opt/airflow/dags/dag2.py took 0.363 seconds
[2026-03-14T20:45:58.545+0000] {processor.py:156} INFO - Started process (PID=1286) to work on /opt/airflow/dags/dag2.py
[2026-03-14T20:45:58.545+0000] {processor.py:799} INFO - Processing file /opt/airflow/dags/dag2.py for tasks to queue
[2026-03-14T20:45:58.546+0000] {logging_mixin.py:149} INFO - [2026-03-14T20:45:58.546+0000] {dagbag.py:541} INFO - Filling up the DagBag from /opt/airflow/dags/dag2.py
[2026-03-14T20:45:58.828+0000] {processor.py:809} INFO - DAG(s) dict_keys(['dag_mlops_full_pipeline']) retrieved from /opt/airflow/dags/dag2.py
[2026-03-14T20:45:58.837+0000] {logging_mixin.py:149} INFO - [2026-03-14T20:45:58.837+0000] {dag.py:2726} INFO - Sync 1 DAGs
[2026-03-14T20:45:58.845+0000] {logging_mixin.py:149} INFO - [2026-03-14T20:45:58.845+0000] {dag.py:3490} INFO - Setting next_dagrun for dag_mlops_full_pipeline to None, run_after=None
[2026-03-14T20:45:58.850+0000] {processor.py:178} INFO - Processing /opt/airflow/dags/dag2.py took 0.309 seconds
[2026-03-14T20:46:28.889+0000] {processor.py:156} INFO - Started process (PID=1318) to work on /opt/airflow/dags/dag2.py
[2026-03-14T20:46:28.890+0000] {processor.py:799} INFO - Processing file /opt/airflow/dags/dag2.py for tasks to queue
[2026-03-14T20:46:28.891+0000] {logging_mixin.py:149} INFO - [2026-03-14T20:46:28.891+0000] {dagbag.py:541} INFO - Filling up the DagBag from /opt/airflow/dags/dag2.py
[2026-03-14T20:46:29.178+0000] {processor.py:809} INFO - DAG(s) dict_keys(['dag_mlops_full_pipeline']) retrieved from /opt/airflow/dags/dag2.py
[2026-03-14T20:46:29.187+0000] {logging_mixin.py:149} INFO - [2026-03-14T20:46:29.186+0000] {dag.py:2726} INFO - Sync 1 DAGs
[2026-03-14T20:46:29.195+0000] {logging_mixin.py:149} INFO - [2026-03-14T20:46:29.195+0000] {dag.py:3490} INFO - Setting next_dagrun for dag_mlops_full_pipeline to None, run_after=None
[2026-03-14T20:46:29.201+0000] {processor.py:178} INFO - Processing /opt/airflow/dags/dag2.py took 0.314 seconds
[2026-03-14T20:46:59.248+0000] {processor.py:156} INFO - Started process (PID=1350) to work on /opt/airflow/dags/dag2.py
[2026-03-14T20:46:59.248+0000] {processor.py:799} INFO - Processing file /opt/airflow/dags/dag2.py for tasks to queue
[2026-03-14T20:46:59.249+0000] {logging_mixin.py:149} INFO - [2026-03-14T20:46:59.249+0000] {dagbag.py:541} INFO - Filling up the DagBag from /opt/airflow/dags/dag2.py
[2026-03-14T20:46:59.591+0000] {processor.py:809} INFO - DAG(s) dict_keys(['dag_mlops_full_pipeline']) retrieved from /opt/airflow/dags/dag2.py
[2026-03-14T20:46:59.603+0000] {logging_mixin.py:149} INFO - [2026-03-14T20:46:59.603+0000] {dag.py:2726} INFO - Sync 1 DAGs
[2026-03-14T20:46:59.612+0000] {logging_mixin.py:149} INFO - [2026-03-14T20:46:59.612+0000] {dag.py:3490} INFO - Setting next_dagrun for dag_mlops_full_pipeline to None, run_after=None
[2026-03-14T20:46:59.620+0000] {processor.py:178} INFO - Processing /opt/airflow/dags/dag2.py took 0.375 seconds
[2026-03-14T20:47:30.538+0000] {processor.py:156} INFO - Started process (PID=1382) to work on /opt/airflow/dags/dag2.py
[2026-03-14T20:47:30.539+0000] {processor.py:799} INFO - Processing file /opt/airflow/dags/dag2.py for tasks to queue
[2026-03-14T20:47:30.540+0000] {logging_mixin.py:149} INFO - [2026-03-14T20:47:30.539+0000] {dagbag.py:541} INFO - Filling up the DagBag from /opt/airflow/dags/dag2.py
[2026-03-14T20:47:30.819+0000] {processor.py:809} INFO - DAG(s) dict_keys(['dag_mlops_full_pipeline']) retrieved from /opt/airflow/dags/dag2.py
[2026-03-14T20:47:30.828+0000] {logging_mixin.py:149} INFO - [2026-03-14T20:47:30.828+0000] {dag.py:2726} INFO - Sync 1 DAGs
[2026-03-14T20:47:30.836+0000] {logging_mixin.py:149} INFO - [2026-03-14T20:47:30.836+0000] {dag.py:3490} INFO - Setting next_dagrun for dag_mlops_full_pipeline to None, run_after=None
[2026-03-14T20:47:30.841+0000] {processor.py:178} INFO - Processing /opt/airflow/dags/dag2.py took 0.307 seconds
[2026-03-14T20:48:00.912+0000] {processor.py:156} INFO - Started process (PID=1414) to work on /opt/airflow/dags/dag2.py
[2026-03-14T20:48:00.913+0000] {processor.py:799} INFO - Processing file /opt/airflow/dags/dag2.py for tasks to queue
[2026-03-14T20:48:00.914+0000] {logging_mixin.py:149} INFO - [2026-03-14T20:48:00.914+0000] {dagbag.py:541} INFO - Filling up the DagBag from /opt/airflow/dags/dag2.py
[2026-03-14T20:48:01.234+0000] {processor.py:809} INFO - DAG(s) dict_keys(['dag_mlops_full_pipeline']) retrieved from /opt/airflow/dags/dag2.py
[2026-03-14T20:48:01.243+0000] {logging_mixin.py:149} INFO - [2026-03-14T20:48:01.242+0000] {dag.py:2726} INFO - Sync 1 DAGs
[2026-03-14T20:48:01.251+0000] {logging_mixin.py:149} INFO - [2026-03-14T20:48:01.251+0000] {dag.py:3490} INFO - Setting next_dagrun for dag_mlops_full_pipeline to None, run_after=None
[2026-03-14T20:48:01.257+0000] {processor.py:178} INFO - Processing /opt/airflow/dags/dag2.py took 0.348 seconds
[2026-03-14T20:48:32.269+0000] {processor.py:156} INFO - Started process (PID=1446) to work on /opt/airflow/dags/dag2.py
[2026-03-14T20:48:32.270+0000] {processor.py:799} INFO - Processing file /opt/airflow/dags/dag2.py for tasks to queue
[2026-03-14T20:48:32.271+0000] {logging_mixin.py:149} INFO - [2026-03-14T20:48:32.271+0000] {dagbag.py:541} INFO - Filling up the DagBag from /opt/airflow/dags/dag2.py
[2026-03-14T20:48:32.599+0000] {processor.py:809} INFO - DAG(s) dict_keys(['dag_mlops_full_pipeline']) retrieved from /opt/airflow/dags/dag2.py
[2026-03-14T20:48:32.609+0000] {logging_mixin.py:149} INFO - [2026-03-14T20:48:32.608+0000] {dag.py:2726} INFO - Sync 1 DAGs
[2026-03-14T20:48:32.618+0000] {logging_mixin.py:149} INFO - [2026-03-14T20:48:32.618+0000] {dag.py:3490} INFO - Setting next_dagrun for dag_mlops_full_pipeline to None, run_after=None
[2026-03-14T20:48:32.624+0000] {processor.py:178} INFO - Processing /opt/airflow/dags/dag2.py took 0.358 seconds
[2026-03-14T20:49:03.565+0000] {processor.py:156} INFO - Started process (PID=1478) to work on /opt/airflow/dags/dag2.py
[2026-03-14T20:49:03.566+0000] {processor.py:799} INFO - Processing file /opt/airflow/dags/dag2.py for tasks to queue
[2026-03-14T20:49:03.567+0000] {logging_mixin.py:149} INFO - [2026-03-14T20:49:03.567+0000] {dagbag.py:541} INFO - Filling up the DagBag from /opt/airflow/dags/dag2.py
[2026-03-14T20:49:03.865+0000] {processor.py:809} INFO - DAG(s) dict_keys(['dag_mlops_full_pipeline']) retrieved from /opt/airflow/dags/dag2.py
[2026-03-14T20:49:03.877+0000] {logging_mixin.py:149} INFO - [2026-03-14T20:49:03.877+0000] {dag.py:2726} INFO - Sync 1 DAGs
[2026-03-14T20:49:03.887+0000] {logging_mixin.py:149} INFO - [2026-03-14T20:49:03.887+0000] {dag.py:3490} INFO - Setting next_dagrun for dag_mlops_full_pipeline to None, run_after=None
[2026-03-14T20:49:03.894+0000] {processor.py:178} INFO - Processing /opt/airflow/dags/dag2.py took 0.333 seconds
[2026-03-14T20:49:33.931+0000] {processor.py:156} INFO - Started process (PID=1558) to work on /opt/airflow/dags/dag2.py
[2026-03-14T20:49:33.931+0000] {processor.py:799} INFO - Processing file /opt/airflow/dags/dag2.py for tasks to queue
[2026-03-14T20:49:33.932+0000] {logging_mixin.py:149} INFO - [2026-03-14T20:49:33.932+0000] {dagbag.py:541} INFO - Filling up the DagBag from /opt/airflow/dags/dag2.py
[2026-03-14T20:49:34.217+0000] {processor.py:809} INFO - DAG(s) dict_keys(['dag_mlops_full_pipeline']) retrieved from /opt/airflow/dags/dag2.py
[2026-03-14T20:49:34.226+0000] {logging_mixin.py:149} INFO - [2026-03-14T20:49:34.226+0000] {dag.py:2726} INFO - Sync 1 DAGs
[2026-03-14T20:49:34.234+0000] {logging_mixin.py:149} INFO - [2026-03-14T20:49:34.234+0000] {dag.py:3490} INFO - Setting next_dagrun for dag_mlops_full_pipeline to None, run_after=None
[2026-03-14T20:49:34.239+0000] {processor.py:178} INFO - Processing /opt/airflow/dags/dag2.py took 0.312 seconds
[2026-03-14T20:50:05.236+0000] {processor.py:156} INFO - Started process (PID=1590) to work on /opt/airflow/dags/dag2.py
[2026-03-14T20:50:05.237+0000] {processor.py:799} INFO - Processing file /opt/airflow/dags/dag2.py for tasks to queue
[2026-03-14T20:50:05.238+0000] {logging_mixin.py:149} INFO - [2026-03-14T20:50:05.237+0000] {dagbag.py:541} INFO - Filling up the DagBag from /opt/airflow/dags/dag2.py
[2026-03-14T20:50:05.547+0000] {processor.py:809} INFO - DAG(s) dict_keys(['dag_mlops_full_pipeline']) retrieved from /opt/airflow/dags/dag2.py
[2026-03-14T20:50:05.559+0000] {logging_mixin.py:149} INFO - [2026-03-14T20:50:05.559+0000] {dag.py:2726} INFO - Sync 1 DAGs
[2026-03-14T20:50:05.571+0000] {logging_mixin.py:149} INFO - [2026-03-14T20:50:05.571+0000] {dag.py:3490} INFO - Setting next_dagrun for dag_mlops_full_pipeline to None, run_after=None
[2026-03-14T20:50:05.578+0000] {processor.py:178} INFO - Processing /opt/airflow/dags/dag2.py took 0.343 seconds
[2026-03-14T20:50:36.606+0000] {processor.py:156} INFO - Started process (PID=1670) to work on /opt/airflow/dags/dag2.py
[2026-03-14T20:50:36.607+0000] {processor.py:799} INFO - Processing file /opt/airflow/dags/dag2.py for tasks to queue
[2026-03-14T20:50:36.607+0000] {logging_mixin.py:149} INFO - [2026-03-14T20:50:36.607+0000] {dagbag.py:541} INFO - Filling up the DagBag from /opt/airflow/dags/dag2.py
[2026-03-14T20:50:36.899+0000] {processor.py:809} INFO - DAG(s) dict_keys(['dag_mlops_full_pipeline']) retrieved from /opt/airflow/dags/dag2.py
[2026-03-14T20:50:36.908+0000] {logging_mixin.py:149} INFO - [2026-03-14T20:50:36.908+0000] {dag.py:2726} INFO - Sync 1 DAGs
[2026-03-14T20:50:36.916+0000] {logging_mixin.py:149} INFO - [2026-03-14T20:50:36.916+0000] {dag.py:3490} INFO - Setting next_dagrun for dag_mlops_full_pipeline to None, run_after=None
[2026-03-14T20:50:36.922+0000] {processor.py:178} INFO - Processing /opt/airflow/dags/dag2.py took 0.320 seconds
[2026-03-14T20:51:06.965+0000] {processor.py:156} INFO - Started process (PID=1702) to work on /opt/airflow/dags/dag2.py
[2026-03-14T20:51:06.965+0000] {processor.py:799} INFO - Processing file /opt/airflow/dags/dag2.py for tasks to queue
[2026-03-14T20:51:06.966+0000] {logging_mixin.py:149} INFO - [2026-03-14T20:51:06.966+0000] {dagbag.py:541} INFO - Filling up the DagBag from /opt/airflow/dags/dag2.py
[2026-03-14T20:51:07.249+0000] {processor.py:809} INFO - DAG(s) dict_keys(['dag_mlops_full_pipeline']) retrieved from /opt/airflow/dags/dag2.py
[2026-03-14T20:51:07.258+0000] {logging_mixin.py:149} INFO - [2026-03-14T20:51:07.258+0000] {dag.py:2726} INFO - Sync 1 DAGs
[2026-03-14T20:51:07.266+0000] {logging_mixin.py:149} INFO - [2026-03-14T20:51:07.266+0000] {dag.py:3490} INFO - Setting next_dagrun for dag_mlops_full_pipeline to None, run_after=None
[2026-03-14T20:51:07.272+0000] {processor.py:178} INFO - Processing /opt/airflow/dags/dag2.py took 0.311 seconds
[2026-03-14T20:51:37.340+0000] {processor.py:156} INFO - Started process (PID=1734) to work on /opt/airflow/dags/dag2.py
[2026-03-14T20:51:37.341+0000] {processor.py:799} INFO - Processing file /opt/airflow/dags/dag2.py for tasks to queue
[2026-03-14T20:51:37.342+0000] {logging_mixin.py:149} INFO - [2026-03-14T20:51:37.342+0000] {dagbag.py:541} INFO - Filling up the DagBag from /opt/airflow/dags/dag2.py
[2026-03-14T20:51:37.626+0000] {processor.py:809} INFO - DAG(s) dict_keys(['dag_mlops_full_pipeline']) retrieved from /opt/airflow/dags/dag2.py
[2026-03-14T20:51:37.635+0000] {logging_mixin.py:149} INFO - [2026-03-14T20:51:37.635+0000] {dag.py:2726} INFO - Sync 1 DAGs
[2026-03-14T20:51:37.643+0000] {logging_mixin.py:149} INFO - [2026-03-14T20:51:37.643+0000] {dag.py:3490} INFO - Setting next_dagrun for dag_mlops_full_pipeline to None, run_after=None
[2026-03-14T20:51:37.649+0000] {processor.py:178} INFO - Processing /opt/airflow/dags/dag2.py took 0.312 seconds
[2026-03-14T20:52:07.723+0000] {processor.py:156} INFO - Started process (PID=1766) to work on /opt/airflow/dags/dag2.py
[2026-03-14T20:52:07.724+0000] {processor.py:799} INFO - Processing file /opt/airflow/dags/dag2.py for tasks to queue
[2026-03-14T20:52:07.724+0000] {logging_mixin.py:149} INFO - [2026-03-14T20:52:07.724+0000] {dagbag.py:541} INFO - Filling up the DagBag from /opt/airflow/dags/dag2.py
[2026-03-14T20:52:08.001+0000] {processor.py:809} INFO - DAG(s) dict_keys(['dag_mlops_full_pipeline']) retrieved from /opt/airflow/dags/dag2.py
[2026-03-14T20:52:08.010+0000] {logging_mixin.py:149} INFO - [2026-03-14T20:52:08.010+0000] {dag.py:2726} INFO - Sync 1 DAGs
[2026-03-14T20:52:08.017+0000] {logging_mixin.py:149} INFO - [2026-03-14T20:52:08.017+0000] {dag.py:3490} INFO - Setting next_dagrun for dag_mlops_full_pipeline to None, run_after=None
[2026-03-14T20:52:08.023+0000] {processor.py:178} INFO - Processing /opt/airflow/dags/dag2.py took 0.303 seconds
[2026-03-14T20:52:38.087+0000] {processor.py:156} INFO - Started process (PID=1798) to work on /opt/airflow/dags/dag2.py
[2026-03-14T20:52:38.088+0000] {processor.py:799} INFO - Processing file /opt/airflow/dags/dag2.py for tasks to queue
[2026-03-14T20:52:38.089+0000] {logging_mixin.py:149} INFO - [2026-03-14T20:52:38.088+0000] {dagbag.py:541} INFO - Filling up the DagBag from /opt/airflow/dags/dag2.py
[2026-03-14T20:52:38.370+0000] {processor.py:809} INFO - DAG(s) dict_keys(['dag_mlops_full_pipeline']) retrieved from /opt/airflow/dags/dag2.py
[2026-03-14T20:52:38.379+0000] {logging_mixin.py:149} INFO - [2026-03-14T20:52:38.379+0000] {dag.py:2726} INFO - Sync 1 DAGs
[2026-03-14T20:52:38.387+0000] {logging_mixin.py:149} INFO - [2026-03-14T20:52:38.387+0000] {dag.py:3490} INFO - Setting next_dagrun for dag_mlops_full_pipeline to None, run_after=None
[2026-03-14T20:52:38.393+0000] {processor.py:178} INFO - Processing /opt/airflow/dags/dag2.py took 0.309 seconds
[2026-03-14T20:53:08.473+0000] {processor.py:156} INFO - Started process (PID=1830) to work on /opt/airflow/dags/dag2.py
[2026-03-14T20:53:08.473+0000] {processor.py:799} INFO - Processing file /opt/airflow/dags/dag2.py for tasks to queue
[2026-03-14T20:53:08.474+0000] {logging_mixin.py:149} INFO - [2026-03-14T20:53:08.474+0000] {dagbag.py:541} INFO - Filling up the DagBag from /opt/airflow/dags/dag2.py
[2026-03-14T20:53:08.737+0000] {processor.py:809} INFO - DAG(s) dict_keys(['dag_mlops_full_pipeline']) retrieved from /opt/airflow/dags/dag2.py
[2026-03-14T20:53:08.745+0000] {logging_mixin.py:149} INFO - [2026-03-14T20:53:08.745+0000] {dag.py:2726} INFO - Sync 1 DAGs
[2026-03-14T20:53:08.753+0000] {logging_mixin.py:149} INFO - [2026-03-14T20:53:08.753+0000] {dag.py:3490} INFO - Setting next_dagrun for dag_mlops_full_pipeline to None, run_after=None
[2026-03-14T20:53:08.759+0000] {processor.py:178} INFO - Processing /opt/airflow/dags/dag2.py took 0.289 seconds
[2026-03-14T20:53:38.833+0000] {processor.py:156} INFO - Started process (PID=1862) to work on /opt/airflow/dags/dag2.py
[2026-03-14T20:53:38.834+0000] {processor.py:799} INFO - Processing file /opt/airflow/dags/dag2.py for tasks to queue
[2026-03-14T20:53:38.835+0000] {logging_mixin.py:149} INFO - [2026-03-14T20:53:38.834+0000] {dagbag.py:541} INFO - Filling up the DagBag from /opt/airflow/dags/dag2.py
[2026-03-14T20:53:39.112+0000] {processor.py:809} INFO - DAG(s) dict_keys(['dag_mlops_full_pipeline']) retrieved from /opt/airflow/dags/dag2.py
[2026-03-14T20:53:39.121+0000] {logging_mixin.py:149} INFO - [2026-03-14T20:53:39.121+0000] {dag.py:2726} INFO - Sync 1 DAGs
[2026-03-14T20:53:39.128+0000] {logging_mixin.py:149} INFO - [2026-03-14T20:53:39.128+0000] {dag.py:3490} INFO - Setting next_dagrun for dag_mlops_full_pipeline to None, run_after=None
[2026-03-14T20:53:39.134+0000] {processor.py:178} INFO - Processing /opt/airflow/dags/dag2.py took 0.304 seconds
[2026-03-14T20:53:46.900+0000] {processor.py:156} INFO - Started process (PID=1884) to work on /opt/airflow/dags/dag2.py
[2026-03-14T20:53:46.901+0000] {processor.py:799} INFO - Processing file /opt/airflow/dags/dag2.py for tasks to queue
[2026-03-14T20:53:46.902+0000] {logging_mixin.py:149} INFO - [2026-03-14T20:53:46.902+0000] {dagbag.py:541} INFO - Filling up the DagBag from /opt/airflow/dags/dag2.py
[2026-03-14T20:53:46.906+0000] {logging_mixin.py:149} INFO - [2026-03-14T20:53:46.905+0000] {dagbag.py:350} ERROR - Failed to import: /opt/airflow/dags/dag2.py
Traceback (most recent call last):
  File "/home/airflow/.local/lib/python3.7/site-packages/airflow/models/dagbag.py", line 346, in parse
    loader.exec_module(new_module)
  File "<frozen importlib._bootstrap_external>", line 724, in exec_module
  File "<frozen importlib._bootstrap_external>", line 860, in get_code
  File "<frozen importlib._bootstrap_external>", line 791, in source_to_code
  File "<frozen importlib._bootstrap>", line 219, in _call_with_frames_removed
  File "/opt/airflow/dags/dag2.py", line 397
    src = cell["source"]
                       ^
TabError: inconsistent use of tabs and spaces in indentation
[2026-03-14T20:53:46.906+0000] {processor.py:811} WARNING - No viable dags retrieved from /opt/airflow/dags/dag2.py
[2026-03-14T20:53:46.922+0000] {processor.py:178} INFO - Processing /opt/airflow/dags/dag2.py took 0.025 seconds
[2026-03-14T20:54:17.301+0000] {processor.py:156} INFO - Started process (PID=1906) to work on /opt/airflow/dags/dag2.py
[2026-03-14T20:54:17.302+0000] {processor.py:799} INFO - Processing file /opt/airflow/dags/dag2.py for tasks to queue
[2026-03-14T20:54:17.303+0000] {logging_mixin.py:149} INFO - [2026-03-14T20:54:17.303+0000] {dagbag.py:541} INFO - Filling up the DagBag from /opt/airflow/dags/dag2.py
[2026-03-14T20:54:17.307+0000] {logging_mixin.py:149} INFO - [2026-03-14T20:54:17.306+0000] {dagbag.py:350} ERROR - Failed to import: /opt/airflow/dags/dag2.py
Traceback (most recent call last):
  File "/home/airflow/.local/lib/python3.7/site-packages/airflow/models/dagbag.py", line 346, in parse
    loader.exec_module(new_module)
  File "<frozen importlib._bootstrap_external>", line 724, in exec_module
  File "<frozen importlib._bootstrap_external>", line 860, in get_code
  File "<frozen importlib._bootstrap_external>", line 791, in source_to_code
  File "<frozen importlib._bootstrap>", line 219, in _call_with_frames_removed
  File "/opt/airflow/dags/dag2.py", line 397
    src = cell["source"]
                       ^
TabError: inconsistent use of tabs and spaces in indentation
[2026-03-14T20:54:17.307+0000] {processor.py:811} WARNING - No viable dags retrieved from /opt/airflow/dags/dag2.py
[2026-03-14T20:54:17.321+0000] {processor.py:178} INFO - Processing /opt/airflow/dags/dag2.py took 0.023 seconds
[2026-03-14T20:54:47.685+0000] {processor.py:156} INFO - Started process (PID=1928) to work on /opt/airflow/dags/dag2.py
[2026-03-14T20:54:47.686+0000] {processor.py:799} INFO - Processing file /opt/airflow/dags/dag2.py for tasks to queue
[2026-03-14T20:54:47.687+0000] {logging_mixin.py:149} INFO - [2026-03-14T20:54:47.687+0000] {dagbag.py:541} INFO - Filling up the DagBag from /opt/airflow/dags/dag2.py
[2026-03-14T20:54:47.691+0000] {logging_mixin.py:149} INFO - [2026-03-14T20:54:47.690+0000] {dagbag.py:350} ERROR - Failed to import: /opt/airflow/dags/dag2.py
Traceback (most recent call last):
  File "/home/airflow/.local/lib/python3.7/site-packages/airflow/models/dagbag.py", line 346, in parse
    loader.exec_module(new_module)
  File "<frozen importlib._bootstrap_external>", line 724, in exec_module
  File "<frozen importlib._bootstrap_external>", line 860, in get_code
  File "<frozen importlib._bootstrap_external>", line 791, in source_to_code
  File "<frozen importlib._bootstrap>", line 219, in _call_with_frames_removed
  File "/opt/airflow/dags/dag2.py", line 397
    src = cell["source"]
                       ^
TabError: inconsistent use of tabs and spaces in indentation
[2026-03-14T20:54:47.691+0000] {processor.py:811} WARNING - No viable dags retrieved from /opt/airflow/dags/dag2.py
[2026-03-14T20:54:47.707+0000] {processor.py:178} INFO - Processing /opt/airflow/dags/dag2.py took 0.025 seconds
[2026-03-14T20:55:18.055+0000] {processor.py:156} INFO - Started process (PID=1950) to work on /opt/airflow/dags/dag2.py
[2026-03-14T20:55:18.055+0000] {processor.py:799} INFO - Processing file /opt/airflow/dags/dag2.py for tasks to queue
[2026-03-14T20:55:18.056+0000] {logging_mixin.py:149} INFO - [2026-03-14T20:55:18.056+0000] {dagbag.py:541} INFO - Filling up the DagBag from /opt/airflow/dags/dag2.py
[2026-03-14T20:55:18.058+0000] {logging_mixin.py:149} INFO - [2026-03-14T20:55:18.057+0000] {dagbag.py:350} ERROR - Failed to import: /opt/airflow/dags/dag2.py
Traceback (most recent call last):
  File "/home/airflow/.local/lib/python3.7/site-packages/airflow/models/dagbag.py", line 346, in parse
    loader.exec_module(new_module)
  File "<frozen importlib._bootstrap_external>", line 724, in exec_module
  File "<frozen importlib._bootstrap_external>", line 860, in get_code
  File "<frozen importlib._bootstrap_external>", line 791, in source_to_code
  File "<frozen importlib._bootstrap>", line 219, in _call_with_frames_removed
  File "/opt/airflow/dags/dag2.py", line 397
    src = cell["source"]
                       ^
TabError: inconsistent use of tabs and spaces in indentation
[2026-03-14T20:55:18.058+0000] {processor.py:811} WARNING - No viable dags retrieved from /opt/airflow/dags/dag2.py
[2026-03-14T20:55:18.068+0000] {processor.py:178} INFO - Processing /opt/airflow/dags/dag2.py took 0.015 seconds
[2026-03-14T20:55:33.842+0000] {processor.py:156} INFO - Started process (PID=164) to work on /opt/airflow/dags/dag2.py
[2026-03-14T20:55:33.842+0000] {processor.py:799} INFO - Processing file /opt/airflow/dags/dag2.py for tasks to queue
[2026-03-14T20:55:33.843+0000] {logging_mixin.py:149} INFO - [2026-03-14T20:55:33.843+0000] {dagbag.py:541} INFO - Filling up the DagBag from /opt/airflow/dags/dag2.py
[2026-03-14T20:55:33.848+0000] {logging_mixin.py:149} INFO - [2026-03-14T20:55:33.847+0000] {dagbag.py:350} ERROR - Failed to import: /opt/airflow/dags/dag2.py
Traceback (most recent call last):
  File "/home/airflow/.local/lib/python3.7/site-packages/airflow/models/dagbag.py", line 346, in parse
    loader.exec_module(new_module)
  File "<frozen importlib._bootstrap_external>", line 724, in exec_module
  File "<frozen importlib._bootstrap_external>", line 860, in get_code
  File "<frozen importlib._bootstrap_external>", line 791, in source_to_code
  File "<frozen importlib._bootstrap>", line 219, in _call_with_frames_removed
  File "/opt/airflow/dags/dag2.py", line 397
    src = cell["source"]
                       ^
TabError: inconsistent use of tabs and spaces in indentation
[2026-03-14T20:55:33.848+0000] {processor.py:811} WARNING - No viable dags retrieved from /opt/airflow/dags/dag2.py
[2026-03-14T20:55:33.877+0000] {processor.py:178} INFO - Processing /opt/airflow/dags/dag2.py took 0.037 seconds
[2026-03-14T20:56:04.216+0000] {processor.py:156} INFO - Started process (PID=187) to work on /opt/airflow/dags/dag2.py
[2026-03-14T20:56:04.217+0000] {processor.py:799} INFO - Processing file /opt/airflow/dags/dag2.py for tasks to queue
[2026-03-14T20:56:04.217+0000] {logging_mixin.py:149} INFO - [2026-03-14T20:56:04.217+0000] {dagbag.py:541} INFO - Filling up the DagBag from /opt/airflow/dags/dag2.py
[2026-03-14T20:56:04.221+0000] {logging_mixin.py:149} INFO - [2026-03-14T20:56:04.220+0000] {dagbag.py:350} ERROR - Failed to import: /opt/airflow/dags/dag2.py
Traceback (most recent call last):
  File "/home/airflow/.local/lib/python3.7/site-packages/airflow/models/dagbag.py", line 346, in parse
    loader.exec_module(new_module)
  File "<frozen importlib._bootstrap_external>", line 724, in exec_module
  File "<frozen importlib._bootstrap_external>", line 860, in get_code
  File "<frozen importlib._bootstrap_external>", line 791, in source_to_code
  File "<frozen importlib._bootstrap>", line 219, in _call_with_frames_removed
  File "/opt/airflow/dags/dag2.py", line 397
    src = cell["source"]
                       ^
TabError: inconsistent use of tabs and spaces in indentation
[2026-03-14T20:56:04.222+0000] {processor.py:811} WARNING - No viable dags retrieved from /opt/airflow/dags/dag2.py
[2026-03-14T20:56:04.241+0000] {processor.py:178} INFO - Processing /opt/airflow/dags/dag2.py took 0.028 seconds
[2026-03-14T20:56:34.591+0000] {processor.py:156} INFO - Started process (PID=209) to work on /opt/airflow/dags/dag2.py
[2026-03-14T20:56:34.592+0000] {processor.py:799} INFO - Processing file /opt/airflow/dags/dag2.py for tasks to queue
[2026-03-14T20:56:34.592+0000] {logging_mixin.py:149} INFO - [2026-03-14T20:56:34.592+0000] {dagbag.py:541} INFO - Filling up the DagBag from /opt/airflow/dags/dag2.py
[2026-03-14T20:56:34.596+0000] {logging_mixin.py:149} INFO - [2026-03-14T20:56:34.596+0000] {dagbag.py:350} ERROR - Failed to import: /opt/airflow/dags/dag2.py
Traceback (most recent call last):
  File "/home/airflow/.local/lib/python3.7/site-packages/airflow/models/dagbag.py", line 346, in parse
    loader.exec_module(new_module)
  File "<frozen importlib._bootstrap_external>", line 724, in exec_module
  File "<frozen importlib._bootstrap_external>", line 860, in get_code
  File "<frozen importlib._bootstrap_external>", line 791, in source_to_code
  File "<frozen importlib._bootstrap>", line 219, in _call_with_frames_removed
  File "/opt/airflow/dags/dag2.py", line 397
    src = cell["source"]
                       ^
TabError: inconsistent use of tabs and spaces in indentation
[2026-03-14T20:56:34.599+0000] {processor.py:811} WARNING - No viable dags retrieved from /opt/airflow/dags/dag2.py
[2026-03-14T20:56:34.616+0000] {processor.py:178} INFO - Processing /opt/airflow/dags/dag2.py took 0.029 seconds
[2026-03-14T20:57:04.999+0000] {processor.py:156} INFO - Started process (PID=231) to work on /opt/airflow/dags/dag2.py
[2026-03-14T20:57:05.001+0000] {processor.py:799} INFO - Processing file /opt/airflow/dags/dag2.py for tasks to queue
[2026-03-14T20:57:05.003+0000] {logging_mixin.py:149} INFO - [2026-03-14T20:57:05.003+0000] {dagbag.py:541} INFO - Filling up the DagBag from /opt/airflow/dags/dag2.py
[2026-03-14T20:57:05.009+0000] {logging_mixin.py:149} INFO - [2026-03-14T20:57:05.008+0000] {dagbag.py:350} ERROR - Failed to import: /opt/airflow/dags/dag2.py
Traceback (most recent call last):
  File "/home/airflow/.local/lib/python3.7/site-packages/airflow/models/dagbag.py", line 346, in parse
    loader.exec_module(new_module)
  File "<frozen importlib._bootstrap_external>", line 724, in exec_module
  File "<frozen importlib._bootstrap_external>", line 860, in get_code
  File "<frozen importlib._bootstrap_external>", line 791, in source_to_code
  File "<frozen importlib._bootstrap>", line 219, in _call_with_frames_removed
  File "/opt/airflow/dags/dag2.py", line 397
    src = cell["source"]
                       ^
TabError: inconsistent use of tabs and spaces in indentation
[2026-03-14T20:57:05.010+0000] {processor.py:811} WARNING - No viable dags retrieved from /opt/airflow/dags/dag2.py
[2026-03-14T20:57:05.026+0000] {processor.py:178} INFO - Processing /opt/airflow/dags/dag2.py took 0.031 seconds
[2026-03-14T20:57:35.403+0000] {processor.py:156} INFO - Started process (PID=260) to work on /opt/airflow/dags/dag2.py
[2026-03-14T20:57:35.405+0000] {processor.py:799} INFO - Processing file /opt/airflow/dags/dag2.py for tasks to queue
[2026-03-14T20:57:35.406+0000] {logging_mixin.py:149} INFO - [2026-03-14T20:57:35.406+0000] {dagbag.py:541} INFO - Filling up the DagBag from /opt/airflow/dags/dag2.py
[2026-03-14T20:57:35.410+0000] {logging_mixin.py:149} INFO - [2026-03-14T20:57:35.409+0000] {dagbag.py:350} ERROR - Failed to import: /opt/airflow/dags/dag2.py
Traceback (most recent call last):
  File "/home/airflow/.local/lib/python3.7/site-packages/airflow/models/dagbag.py", line 346, in parse
    loader.exec_module(new_module)
  File "<frozen importlib._bootstrap_external>", line 724, in exec_module
  File "<frozen importlib._bootstrap_external>", line 860, in get_code
  File "<frozen importlib._bootstrap_external>", line 791, in source_to_code
  File "<frozen importlib._bootstrap>", line 219, in _call_with_frames_removed
  File "/opt/airflow/dags/dag2.py", line 397
    src = cell["source"]
                       ^
TabError: inconsistent use of tabs and spaces in indentation
[2026-03-14T20:57:35.413+0000] {processor.py:811} WARNING - No viable dags retrieved from /opt/airflow/dags/dag2.py
[2026-03-14T20:57:35.425+0000] {processor.py:178} INFO - Processing /opt/airflow/dags/dag2.py took 0.026 seconds
[2026-03-14T20:58:05.811+0000] {processor.py:156} INFO - Started process (PID=282) to work on /opt/airflow/dags/dag2.py
[2026-03-14T20:58:05.812+0000] {processor.py:799} INFO - Processing file /opt/airflow/dags/dag2.py for tasks to queue
[2026-03-14T20:58:05.813+0000] {logging_mixin.py:149} INFO - [2026-03-14T20:58:05.813+0000] {dagbag.py:541} INFO - Filling up the DagBag from /opt/airflow/dags/dag2.py
[2026-03-14T20:58:05.817+0000] {logging_mixin.py:149} INFO - [2026-03-14T20:58:05.816+0000] {dagbag.py:350} ERROR - Failed to import: /opt/airflow/dags/dag2.py
Traceback (most recent call last):
  File "/home/airflow/.local/lib/python3.7/site-packages/airflow/models/dagbag.py", line 346, in parse
    loader.exec_module(new_module)
  File "<frozen importlib._bootstrap_external>", line 724, in exec_module
  File "<frozen importlib._bootstrap_external>", line 860, in get_code
  File "<frozen importlib._bootstrap_external>", line 791, in source_to_code
  File "<frozen importlib._bootstrap>", line 219, in _call_with_frames_removed
  File "/opt/airflow/dags/dag2.py", line 397
    src = cell["source"]
                       ^
TabError: inconsistent use of tabs and spaces in indentation
[2026-03-14T20:58:05.818+0000] {processor.py:811} WARNING - No viable dags retrieved from /opt/airflow/dags/dag2.py
[2026-03-14T20:58:05.832+0000] {processor.py:178} INFO - Processing /opt/airflow/dags/dag2.py took 0.023 seconds
[2026-03-14T20:58:36.213+0000] {processor.py:156} INFO - Started process (PID=304) to work on /opt/airflow/dags/dag2.py
[2026-03-14T20:58:36.216+0000] {processor.py:799} INFO - Processing file /opt/airflow/dags/dag2.py for tasks to queue
[2026-03-14T20:58:36.216+0000] {logging_mixin.py:149} INFO - [2026-03-14T20:58:36.216+0000] {dagbag.py:541} INFO - Filling up the DagBag from /opt/airflow/dags/dag2.py
[2026-03-14T20:58:36.220+0000] {logging_mixin.py:149} INFO - [2026-03-14T20:58:36.218+0000] {dagbag.py:350} ERROR - Failed to import: /opt/airflow/dags/dag2.py
Traceback (most recent call last):
  File "/home/airflow/.local/lib/python3.7/site-packages/airflow/models/dagbag.py", line 346, in parse
    loader.exec_module(new_module)
  File "<frozen importlib._bootstrap_external>", line 724, in exec_module
  File "<frozen importlib._bootstrap_external>", line 860, in get_code
  File "<frozen importlib._bootstrap_external>", line 791, in source_to_code
  File "<frozen importlib._bootstrap>", line 219, in _call_with_frames_removed
  File "/opt/airflow/dags/dag2.py", line 397
    src = cell["source"]
                       ^
TabError: inconsistent use of tabs and spaces in indentation
[2026-03-14T20:58:36.221+0000] {processor.py:811} WARNING - No viable dags retrieved from /opt/airflow/dags/dag2.py
[2026-03-14T20:58:36.232+0000] {processor.py:178} INFO - Processing /opt/airflow/dags/dag2.py took 0.022 seconds
[2026-03-14T20:59:06.590+0000] {processor.py:156} INFO - Started process (PID=326) to work on /opt/airflow/dags/dag2.py
[2026-03-14T20:59:06.591+0000] {processor.py:799} INFO - Processing file /opt/airflow/dags/dag2.py for tasks to queue
[2026-03-14T20:59:06.592+0000] {logging_mixin.py:149} INFO - [2026-03-14T20:59:06.592+0000] {dagbag.py:541} INFO - Filling up the DagBag from /opt/airflow/dags/dag2.py
[2026-03-14T20:59:06.599+0000] {logging_mixin.py:149} INFO - [2026-03-14T20:59:06.598+0000] {dagbag.py:350} ERROR - Failed to import: /opt/airflow/dags/dag2.py
Traceback (most recent call last):
  File "/home/airflow/.local/lib/python3.7/site-packages/airflow/models/dagbag.py", line 346, in parse
    loader.exec_module(new_module)
  File "<frozen importlib._bootstrap_external>", line 724, in exec_module
  File "<frozen importlib._bootstrap_external>", line 860, in get_code
  File "<frozen importlib._bootstrap_external>", line 791, in source_to_code
  File "<frozen importlib._bootstrap>", line 219, in _call_with_frames_removed
  File "/opt/airflow/dags/dag2.py", line 397
    src = cell["source"]
                       ^
TabError: inconsistent use of tabs and spaces in indentation
[2026-03-14T20:59:06.599+0000] {processor.py:811} WARNING - No viable dags retrieved from /opt/airflow/dags/dag2.py
[2026-03-14T20:59:06.613+0000] {processor.py:178} INFO - Processing /opt/airflow/dags/dag2.py took 0.028 seconds
[2026-03-14T20:59:36.938+0000] {processor.py:156} INFO - Started process (PID=348) to work on /opt/airflow/dags/dag2.py
[2026-03-14T20:59:36.938+0000] {processor.py:799} INFO - Processing file /opt/airflow/dags/dag2.py for tasks to queue
[2026-03-14T20:59:36.939+0000] {logging_mixin.py:149} INFO - [2026-03-14T20:59:36.939+0000] {dagbag.py:541} INFO - Filling up the DagBag from /opt/airflow/dags/dag2.py
[2026-03-14T20:59:36.942+0000] {logging_mixin.py:149} INFO - [2026-03-14T20:59:36.942+0000] {dagbag.py:350} ERROR - Failed to import: /opt/airflow/dags/dag2.py
Traceback (most recent call last):
  File "/home/airflow/.local/lib/python3.7/site-packages/airflow/models/dagbag.py", line 346, in parse
    loader.exec_module(new_module)
  File "<frozen importlib._bootstrap_external>", line 724, in exec_module
  File "<frozen importlib._bootstrap_external>", line 860, in get_code
  File "<frozen importlib._bootstrap_external>", line 791, in source_to_code
  File "<frozen importlib._bootstrap>", line 219, in _call_with_frames_removed
  File "/opt/airflow/dags/dag2.py", line 397
    src = cell["source"]
                       ^
TabError: inconsistent use of tabs and spaces in indentation
[2026-03-14T20:59:36.944+0000] {processor.py:811} WARNING - No viable dags retrieved from /opt/airflow/dags/dag2.py
[2026-03-14T20:59:36.956+0000] {processor.py:178} INFO - Processing /opt/airflow/dags/dag2.py took 0.021 seconds
[2026-03-14T20:59:55.180+0000] {processor.py:156} INFO - Started process (PID=363) to work on /opt/airflow/dags/dag2.py
[2026-03-14T20:59:55.181+0000] {processor.py:799} INFO - Processing file /opt/airflow/dags/dag2.py for tasks to queue
[2026-03-14T20:59:55.182+0000] {logging_mixin.py:149} INFO - [2026-03-14T20:59:55.182+0000] {dagbag.py:541} INFO - Filling up the DagBag from /opt/airflow/dags/dag2.py
[2026-03-14T20:59:55.186+0000] {logging_mixin.py:149} INFO - [2026-03-14T20:59:55.185+0000] {dagbag.py:350} ERROR - Failed to import: /opt/airflow/dags/dag2.py
Traceback (most recent call last):
  File "/home/airflow/.local/lib/python3.7/site-packages/airflow/models/dagbag.py", line 346, in parse
    loader.exec_module(new_module)
  File "<frozen importlib._bootstrap_external>", line 724, in exec_module
  File "<frozen importlib._bootstrap_external>", line 860, in get_code
  File "<frozen importlib._bootstrap_external>", line 791, in source_to_code
  File "<frozen importlib._bootstrap>", line 219, in _call_with_frames_removed
  File "/opt/airflow/dags/dag2.py", line 397
    src = cell["source"]
      ^
IndentationError: expected an indented block
[2026-03-14T20:59:55.187+0000] {processor.py:811} WARNING - No viable dags retrieved from /opt/airflow/dags/dag2.py
[2026-03-14T20:59:55.202+0000] {processor.py:178} INFO - Processing /opt/airflow/dags/dag2.py took 0.026 seconds
[2026-03-14T21:00:25.535+0000] {processor.py:156} INFO - Started process (PID=385) to work on /opt/airflow/dags/dag2.py
[2026-03-14T21:00:25.537+0000] {processor.py:799} INFO - Processing file /opt/airflow/dags/dag2.py for tasks to queue
[2026-03-14T21:00:25.537+0000] {logging_mixin.py:149} INFO - [2026-03-14T21:00:25.537+0000] {dagbag.py:541} INFO - Filling up the DagBag from /opt/airflow/dags/dag2.py
[2026-03-14T21:00:25.542+0000] {logging_mixin.py:149} INFO - [2026-03-14T21:00:25.541+0000] {dagbag.py:350} ERROR - Failed to import: /opt/airflow/dags/dag2.py
Traceback (most recent call last):
  File "/home/airflow/.local/lib/python3.7/site-packages/airflow/models/dagbag.py", line 346, in parse
    loader.exec_module(new_module)
  File "<frozen importlib._bootstrap_external>", line 724, in exec_module
  File "<frozen importlib._bootstrap_external>", line 860, in get_code
  File "<frozen importlib._bootstrap_external>", line 791, in source_to_code
  File "<frozen importlib._bootstrap>", line 219, in _call_with_frames_removed
  File "/opt/airflow/dags/dag2.py", line 397
    src = cell["source"]
      ^
IndentationError: expected an indented block
[2026-03-14T21:00:25.542+0000] {processor.py:811} WARNING - No viable dags retrieved from /opt/airflow/dags/dag2.py
[2026-03-14T21:00:25.560+0000] {processor.py:178} INFO - Processing /opt/airflow/dags/dag2.py took 0.028 seconds
[2026-03-14T21:00:55.842+0000] {processor.py:156} INFO - Started process (PID=407) to work on /opt/airflow/dags/dag2.py
[2026-03-14T21:00:55.842+0000] {processor.py:799} INFO - Processing file /opt/airflow/dags/dag2.py for tasks to queue
[2026-03-14T21:00:55.842+0000] {logging_mixin.py:149} INFO - [2026-03-14T21:00:55.842+0000] {dagbag.py:541} INFO - Filling up the DagBag from /opt/airflow/dags/dag2.py
[2026-03-14T21:00:55.845+0000] {logging_mixin.py:149} INFO - [2026-03-14T21:00:55.844+0000] {dagbag.py:350} ERROR - Failed to import: /opt/airflow/dags/dag2.py
Traceback (most recent call last):
  File "/home/airflow/.local/lib/python3.7/site-packages/airflow/models/dagbag.py", line 346, in parse
    loader.exec_module(new_module)
  File "<frozen importlib._bootstrap_external>", line 724, in exec_module
  File "<frozen importlib._bootstrap_external>", line 860, in get_code
  File "<frozen importlib._bootstrap_external>", line 791, in source_to_code
  File "<frozen importlib._bootstrap>", line 219, in _call_with_frames_removed
  File "/opt/airflow/dags/dag2.py", line 397
    src = cell["source"]
      ^
IndentationError: expected an indented block
[2026-03-14T21:00:55.845+0000] {processor.py:811} WARNING - No viable dags retrieved from /opt/airflow/dags/dag2.py
[2026-03-14T21:00:55.854+0000] {processor.py:178} INFO - Processing /opt/airflow/dags/dag2.py took 0.014 seconds
[2026-03-14T21:01:26.197+0000] {processor.py:156} INFO - Started process (PID=429) to work on /opt/airflow/dags/dag2.py
[2026-03-14T21:01:26.197+0000] {processor.py:799} INFO - Processing file /opt/airflow/dags/dag2.py for tasks to queue
[2026-03-14T21:01:26.198+0000] {logging_mixin.py:149} INFO - [2026-03-14T21:01:26.197+0000] {dagbag.py:541} INFO - Filling up the DagBag from /opt/airflow/dags/dag2.py
[2026-03-14T21:01:26.200+0000] {logging_mixin.py:149} INFO - [2026-03-14T21:01:26.200+0000] {dagbag.py:350} ERROR - Failed to import: /opt/airflow/dags/dag2.py
Traceback (most recent call last):
  File "/home/airflow/.local/lib/python3.7/site-packages/airflow/models/dagbag.py", line 346, in parse
    loader.exec_module(new_module)
  File "<frozen importlib._bootstrap_external>", line 724, in exec_module
  File "<frozen importlib._bootstrap_external>", line 860, in get_code
  File "<frozen importlib._bootstrap_external>", line 791, in source_to_code
  File "<frozen importlib._bootstrap>", line 219, in _call_with_frames_removed
  File "/opt/airflow/dags/dag2.py", line 397
    src = cell["source"]
      ^
IndentationError: expected an indented block
[2026-03-14T21:01:26.200+0000] {processor.py:811} WARNING - No viable dags retrieved from /opt/airflow/dags/dag2.py
[2026-03-14T21:01:26.211+0000] {processor.py:178} INFO - Processing /opt/airflow/dags/dag2.py took 0.017 seconds
[2026-03-14T21:01:56.519+0000] {processor.py:156} INFO - Started process (PID=451) to work on /opt/airflow/dags/dag2.py
[2026-03-14T21:01:56.520+0000] {processor.py:799} INFO - Processing file /opt/airflow/dags/dag2.py for tasks to queue
[2026-03-14T21:01:56.521+0000] {logging_mixin.py:149} INFO - [2026-03-14T21:01:56.521+0000] {dagbag.py:541} INFO - Filling up the DagBag from /opt/airflow/dags/dag2.py
[2026-03-14T21:01:56.523+0000] {logging_mixin.py:149} INFO - [2026-03-14T21:01:56.523+0000] {dagbag.py:350} ERROR - Failed to import: /opt/airflow/dags/dag2.py
Traceback (most recent call last):
  File "/home/airflow/.local/lib/python3.7/site-packages/airflow/models/dagbag.py", line 346, in parse
    loader.exec_module(new_module)
  File "<frozen importlib._bootstrap_external>", line 724, in exec_module
  File "<frozen importlib._bootstrap_external>", line 860, in get_code
  File "<frozen importlib._bootstrap_external>", line 791, in source_to_code
  File "<frozen importlib._bootstrap>", line 219, in _call_with_frames_removed
  File "/opt/airflow/dags/dag2.py", line 397
    src = cell["source"]
      ^
IndentationError: expected an indented block
[2026-03-14T21:01:56.523+0000] {processor.py:811} WARNING - No viable dags retrieved from /opt/airflow/dags/dag2.py
[2026-03-14T21:01:56.532+0000] {processor.py:178} INFO - Processing /opt/airflow/dags/dag2.py took 0.016 seconds
[2026-03-14T21:02:26.844+0000] {processor.py:156} INFO - Started process (PID=473) to work on /opt/airflow/dags/dag2.py
[2026-03-14T21:02:26.845+0000] {processor.py:799} INFO - Processing file /opt/airflow/dags/dag2.py for tasks to queue
[2026-03-14T21:02:26.846+0000] {logging_mixin.py:149} INFO - [2026-03-14T21:02:26.846+0000] {dagbag.py:541} INFO - Filling up the DagBag from /opt/airflow/dags/dag2.py
[2026-03-14T21:02:26.848+0000] {logging_mixin.py:149} INFO - [2026-03-14T21:02:26.848+0000] {dagbag.py:350} ERROR - Failed to import: /opt/airflow/dags/dag2.py
Traceback (most recent call last):
  File "/home/airflow/.local/lib/python3.7/site-packages/airflow/models/dagbag.py", line 346, in parse
    loader.exec_module(new_module)
  File "<frozen importlib._bootstrap_external>", line 724, in exec_module
  File "<frozen importlib._bootstrap_external>", line 860, in get_code
  File "<frozen importlib._bootstrap_external>", line 791, in source_to_code
  File "<frozen importlib._bootstrap>", line 219, in _call_with_frames_removed
  File "/opt/airflow/dags/dag2.py", line 397
    src = cell["source"]
      ^
IndentationError: expected an indented block
[2026-03-14T21:02:26.848+0000] {processor.py:811} WARNING - No viable dags retrieved from /opt/airflow/dags/dag2.py
[2026-03-14T21:02:26.856+0000] {processor.py:178} INFO - Processing /opt/airflow/dags/dag2.py took 0.014 seconds
[2026-03-14T21:02:57.178+0000] {processor.py:156} INFO - Started process (PID=495) to work on /opt/airflow/dags/dag2.py
[2026-03-14T21:02:57.179+0000] {processor.py:799} INFO - Processing file /opt/airflow/dags/dag2.py for tasks to queue
[2026-03-14T21:02:57.180+0000] {logging_mixin.py:149} INFO - [2026-03-14T21:02:57.180+0000] {dagbag.py:541} INFO - Filling up the DagBag from /opt/airflow/dags/dag2.py
[2026-03-14T21:02:57.184+0000] {logging_mixin.py:149} INFO - [2026-03-14T21:02:57.184+0000] {dagbag.py:350} ERROR - Failed to import: /opt/airflow/dags/dag2.py
Traceback (most recent call last):
  File "/home/airflow/.local/lib/python3.7/site-packages/airflow/models/dagbag.py", line 346, in parse
    loader.exec_module(new_module)
  File "<frozen importlib._bootstrap_external>", line 724, in exec_module
  File "<frozen importlib._bootstrap_external>", line 860, in get_code
  File "<frozen importlib._bootstrap_external>", line 791, in source_to_code
  File "<frozen importlib._bootstrap>", line 219, in _call_with_frames_removed
  File "/opt/airflow/dags/dag2.py", line 397
    src = cell["source"]
      ^
IndentationError: expected an indented block
[2026-03-14T21:02:57.185+0000] {processor.py:811} WARNING - No viable dags retrieved from /opt/airflow/dags/dag2.py
[2026-03-14T21:02:57.200+0000] {processor.py:178} INFO - Processing /opt/airflow/dags/dag2.py took 0.024 seconds
[2026-03-14T21:05:35.058+0000] {processor.py:156} INFO - Started process (PID=586) to work on /opt/airflow/dags/dag2.py
[2026-03-14T21:05:35.059+0000] {processor.py:799} INFO - Processing file /opt/airflow/dags/dag2.py for tasks to queue
[2026-03-14T21:05:35.059+0000] {logging_mixin.py:149} INFO - [2026-03-14T21:05:35.059+0000] {dagbag.py:541} INFO - Filling up the DagBag from /opt/airflow/dags/dag2.py
[2026-03-14T21:05:35.669+0000] {processor.py:809} INFO - DAG(s) dict_keys(['dag_mlops_full_pipeline']) retrieved from /opt/airflow/dags/dag2.py
[2026-03-14T21:05:35.688+0000] {logging_mixin.py:149} INFO - [2026-03-14T21:05:35.688+0000] {dag.py:2726} INFO - Sync 1 DAGs
[2026-03-14T21:05:35.696+0000] {logging_mixin.py:149} INFO - [2026-03-14T21:05:35.696+0000] {dag.py:3490} INFO - Setting next_dagrun for dag_mlops_full_pipeline to None, run_after=None
[2026-03-14T21:05:35.704+0000] {processor.py:178} INFO - Processing /opt/airflow/dags/dag2.py took 0.648 seconds
[2026-03-14T21:06:06.379+0000] {processor.py:156} INFO - Started process (PID=625) to work on /opt/airflow/dags/dag2.py
[2026-03-14T21:06:06.379+0000] {processor.py:799} INFO - Processing file /opt/airflow/dags/dag2.py for tasks to queue
[2026-03-14T21:06:06.380+0000] {logging_mixin.py:149} INFO - [2026-03-14T21:06:06.380+0000] {dagbag.py:541} INFO - Filling up the DagBag from /opt/airflow/dags/dag2.py
[2026-03-14T21:06:06.683+0000] {processor.py:809} INFO - DAG(s) dict_keys(['dag_mlops_full_pipeline']) retrieved from /opt/airflow/dags/dag2.py
[2026-03-14T21:06:06.692+0000] {logging_mixin.py:149} INFO - [2026-03-14T21:06:06.692+0000] {dag.py:2726} INFO - Sync 1 DAGs
[2026-03-14T21:06:06.701+0000] {logging_mixin.py:149} INFO - [2026-03-14T21:06:06.701+0000] {dag.py:3490} INFO - Setting next_dagrun for dag_mlops_full_pipeline to None, run_after=None
[2026-03-14T21:06:06.707+0000] {processor.py:178} INFO - Processing /opt/airflow/dags/dag2.py took 0.330 seconds
[2026-03-14T21:06:37.705+0000] {processor.py:156} INFO - Started process (PID=657) to work on /opt/airflow/dags/dag2.py
[2026-03-14T21:06:37.706+0000] {processor.py:799} INFO - Processing file /opt/airflow/dags/dag2.py for tasks to queue
[2026-03-14T21:06:37.707+0000] {logging_mixin.py:149} INFO - [2026-03-14T21:06:37.707+0000] {dagbag.py:541} INFO - Filling up the DagBag from /opt/airflow/dags/dag2.py
[2026-03-14T21:06:38.006+0000] {processor.py:809} INFO - DAG(s) dict_keys(['dag_mlops_full_pipeline']) retrieved from /opt/airflow/dags/dag2.py
[2026-03-14T21:06:38.016+0000] {logging_mixin.py:149} INFO - [2026-03-14T21:06:38.016+0000] {dag.py:2726} INFO - Sync 1 DAGs
[2026-03-14T21:06:38.024+0000] {logging_mixin.py:149} INFO - [2026-03-14T21:06:38.024+0000] {dag.py:3490} INFO - Setting next_dagrun for dag_mlops_full_pipeline to None, run_after=None
[2026-03-14T21:06:38.030+0000] {processor.py:178} INFO - Processing /opt/airflow/dags/dag2.py took 0.328 seconds
[2026-03-14T21:07:09.016+0000] {processor.py:156} INFO - Started process (PID=737) to work on /opt/airflow/dags/dag2.py
[2026-03-14T21:07:09.017+0000] {processor.py:799} INFO - Processing file /opt/airflow/dags/dag2.py for tasks to queue
[2026-03-14T21:07:09.017+0000] {logging_mixin.py:149} INFO - [2026-03-14T21:07:09.017+0000] {dagbag.py:541} INFO - Filling up the DagBag from /opt/airflow/dags/dag2.py
[2026-03-14T21:07:09.388+0000] {processor.py:809} INFO - DAG(s) dict_keys(['dag_mlops_full_pipeline']) retrieved from /opt/airflow/dags/dag2.py
[2026-03-14T21:07:09.400+0000] {logging_mixin.py:149} INFO - [2026-03-14T21:07:09.400+0000] {dag.py:2726} INFO - Sync 1 DAGs
[2026-03-14T21:07:09.410+0000] {logging_mixin.py:149} INFO - [2026-03-14T21:07:09.410+0000] {dag.py:3490} INFO - Setting next_dagrun for dag_mlops_full_pipeline to None, run_after=None
[2026-03-14T21:07:09.418+0000] {processor.py:178} INFO - Processing /opt/airflow/dags/dag2.py took 0.404 seconds
[2026-03-14T21:07:40.325+0000] {processor.py:156} INFO - Started process (PID=781) to work on /opt/airflow/dags/dag2.py
[2026-03-14T21:07:40.326+0000] {processor.py:799} INFO - Processing file /opt/airflow/dags/dag2.py for tasks to queue
[2026-03-14T21:07:40.327+0000] {logging_mixin.py:149} INFO - [2026-03-14T21:07:40.327+0000] {dagbag.py:541} INFO - Filling up the DagBag from /opt/airflow/dags/dag2.py
[2026-03-14T21:07:40.609+0000] {processor.py:809} INFO - DAG(s) dict_keys(['dag_mlops_full_pipeline']) retrieved from /opt/airflow/dags/dag2.py
[2026-03-14T21:07:40.618+0000] {logging_mixin.py:149} INFO - [2026-03-14T21:07:40.618+0000] {dag.py:2726} INFO - Sync 1 DAGs
[2026-03-14T21:07:40.625+0000] {logging_mixin.py:149} INFO - [2026-03-14T21:07:40.625+0000] {dag.py:3490} INFO - Setting next_dagrun for dag_mlops_full_pipeline to None, run_after=None
[2026-03-14T21:07:40.631+0000] {processor.py:178} INFO - Processing /opt/airflow/dags/dag2.py took 0.309 seconds
[2026-03-14T21:08:10.730+0000] {processor.py:156} INFO - Started process (PID=813) to work on /opt/airflow/dags/dag2.py
[2026-03-14T21:08:10.730+0000] {processor.py:799} INFO - Processing file /opt/airflow/dags/dag2.py for tasks to queue
[2026-03-14T21:08:10.730+0000] {logging_mixin.py:149} INFO - [2026-03-14T21:08:10.730+0000] {dagbag.py:541} INFO - Filling up the DagBag from /opt/airflow/dags/dag2.py
[2026-03-14T21:08:11.026+0000] {processor.py:809} INFO - DAG(s) dict_keys(['dag_mlops_full_pipeline']) retrieved from /opt/airflow/dags/dag2.py
[2026-03-14T21:08:11.035+0000] {logging_mixin.py:149} INFO - [2026-03-14T21:08:11.035+0000] {dag.py:2726} INFO - Sync 1 DAGs
[2026-03-14T21:08:11.043+0000] {logging_mixin.py:149} INFO - [2026-03-14T21:08:11.043+0000] {dag.py:3490} INFO - Setting next_dagrun for dag_mlops_full_pipeline to None, run_after=None
[2026-03-14T21:08:11.049+0000] {processor.py:178} INFO - Processing /opt/airflow/dags/dag2.py took 0.321 seconds
[2026-03-14T21:08:42.079+0000] {processor.py:156} INFO - Started process (PID=845) to work on /opt/airflow/dags/dag2.py
[2026-03-14T21:08:42.079+0000] {processor.py:799} INFO - Processing file /opt/airflow/dags/dag2.py for tasks to queue
[2026-03-14T21:08:42.080+0000] {logging_mixin.py:149} INFO - [2026-03-14T21:08:42.080+0000] {dagbag.py:541} INFO - Filling up the DagBag from /opt/airflow/dags/dag2.py
[2026-03-14T21:08:42.356+0000] {processor.py:809} INFO - DAG(s) dict_keys(['dag_mlops_full_pipeline']) retrieved from /opt/airflow/dags/dag2.py
[2026-03-14T21:08:42.364+0000] {logging_mixin.py:149} INFO - [2026-03-14T21:08:42.364+0000] {dag.py:2726} INFO - Sync 1 DAGs
[2026-03-14T21:08:42.372+0000] {logging_mixin.py:149} INFO - [2026-03-14T21:08:42.372+0000] {dag.py:3490} INFO - Setting next_dagrun for dag_mlops_full_pipeline to None, run_after=None
[2026-03-14T21:08:42.378+0000] {processor.py:178} INFO - Processing /opt/airflow/dags/dag2.py took 0.302 seconds
[2026-03-14T21:09:12.511+0000] {processor.py:156} INFO - Started process (PID=877) to work on /opt/airflow/dags/dag2.py
[2026-03-14T21:09:12.512+0000] {processor.py:799} INFO - Processing file /opt/airflow/dags/dag2.py for tasks to queue
[2026-03-14T21:09:12.513+0000] {logging_mixin.py:149} INFO - [2026-03-14T21:09:12.512+0000] {dagbag.py:541} INFO - Filling up the DagBag from /opt/airflow/dags/dag2.py
[2026-03-14T21:09:12.799+0000] {processor.py:809} INFO - DAG(s) dict_keys(['dag_mlops_full_pipeline']) retrieved from /opt/airflow/dags/dag2.py
[2026-03-14T21:09:12.808+0000] {logging_mixin.py:149} INFO - [2026-03-14T21:09:12.808+0000] {dag.py:2726} INFO - Sync 1 DAGs
[2026-03-14T21:09:12.816+0000] {logging_mixin.py:149} INFO - [2026-03-14T21:09:12.816+0000] {dag.py:3490} INFO - Setting next_dagrun for dag_mlops_full_pipeline to None, run_after=None
[2026-03-14T21:09:12.823+0000] {processor.py:178} INFO - Processing /opt/airflow/dags/dag2.py took 0.315 seconds
[2026-03-14T21:09:43.829+0000] {processor.py:156} INFO - Started process (PID=909) to work on /opt/airflow/dags/dag2.py
[2026-03-14T21:09:43.830+0000] {processor.py:799} INFO - Processing file /opt/airflow/dags/dag2.py for tasks to queue
[2026-03-14T21:09:43.831+0000] {logging_mixin.py:149} INFO - [2026-03-14T21:09:43.831+0000] {dagbag.py:541} INFO - Filling up the DagBag from /opt/airflow/dags/dag2.py
[2026-03-14T21:09:44.160+0000] {processor.py:809} INFO - DAG(s) dict_keys(['dag_mlops_full_pipeline']) retrieved from /opt/airflow/dags/dag2.py
[2026-03-14T21:09:44.170+0000] {logging_mixin.py:149} INFO - [2026-03-14T21:09:44.169+0000] {dag.py:2726} INFO - Sync 1 DAGs
[2026-03-14T21:09:44.179+0000] {logging_mixin.py:149} INFO - [2026-03-14T21:09:44.179+0000] {dag.py:3490} INFO - Setting next_dagrun for dag_mlops_full_pipeline to None, run_after=None
[2026-03-14T21:09:44.186+0000] {processor.py:178} INFO - Processing /opt/airflow/dags/dag2.py took 0.359 seconds
[2026-03-14T21:10:14.264+0000] {processor.py:156} INFO - Started process (PID=941) to work on /opt/airflow/dags/dag2.py
[2026-03-14T21:10:14.265+0000] {processor.py:799} INFO - Processing file /opt/airflow/dags/dag2.py for tasks to queue
[2026-03-14T21:10:14.266+0000] {logging_mixin.py:149} INFO - [2026-03-14T21:10:14.266+0000] {dagbag.py:541} INFO - Filling up the DagBag from /opt/airflow/dags/dag2.py
[2026-03-14T21:10:14.551+0000] {processor.py:809} INFO - DAG(s) dict_keys(['dag_mlops_full_pipeline']) retrieved from /opt/airflow/dags/dag2.py
[2026-03-14T21:10:14.560+0000] {logging_mixin.py:149} INFO - [2026-03-14T21:10:14.559+0000] {dag.py:2726} INFO - Sync 1 DAGs
[2026-03-14T21:10:14.567+0000] {logging_mixin.py:149} INFO - [2026-03-14T21:10:14.567+0000] {dag.py:3490} INFO - Setting next_dagrun for dag_mlops_full_pipeline to None, run_after=None
[2026-03-14T21:10:14.573+0000] {processor.py:178} INFO - Processing /opt/airflow/dags/dag2.py took 0.313 seconds
[2026-03-14T21:10:44.690+0000] {processor.py:156} INFO - Started process (PID=973) to work on /opt/airflow/dags/dag2.py
[2026-03-14T21:10:44.691+0000] {processor.py:799} INFO - Processing file /opt/airflow/dags/dag2.py for tasks to queue
[2026-03-14T21:10:44.692+0000] {logging_mixin.py:149} INFO - [2026-03-14T21:10:44.691+0000] {dagbag.py:541} INFO - Filling up the DagBag from /opt/airflow/dags/dag2.py
[2026-03-14T21:10:44.986+0000] {processor.py:809} INFO - DAG(s) dict_keys(['dag_mlops_full_pipeline']) retrieved from /opt/airflow/dags/dag2.py
[2026-03-14T21:10:44.995+0000] {logging_mixin.py:149} INFO - [2026-03-14T21:10:44.995+0000] {dag.py:2726} INFO - Sync 1 DAGs
[2026-03-14T21:10:45.002+0000] {logging_mixin.py:149} INFO - [2026-03-14T21:10:45.002+0000] {dag.py:3490} INFO - Setting next_dagrun for dag_mlops_full_pipeline to None, run_after=None
[2026-03-14T21:10:45.008+0000] {processor.py:178} INFO - Processing /opt/airflow/dags/dag2.py took 0.322 seconds
[2026-03-14T21:11:15.104+0000] {processor.py:156} INFO - Started process (PID=1005) to work on /opt/airflow/dags/dag2.py
[2026-03-14T21:11:15.104+0000] {processor.py:799} INFO - Processing file /opt/airflow/dags/dag2.py for tasks to queue
[2026-03-14T21:11:15.105+0000] {logging_mixin.py:149} INFO - [2026-03-14T21:11:15.105+0000] {dagbag.py:541} INFO - Filling up the DagBag from /opt/airflow/dags/dag2.py
[2026-03-14T21:11:15.419+0000] {processor.py:809} INFO - DAG(s) dict_keys(['dag_mlops_full_pipeline']) retrieved from /opt/airflow/dags/dag2.py
[2026-03-14T21:11:15.428+0000] {logging_mixin.py:149} INFO - [2026-03-14T21:11:15.428+0000] {dag.py:2726} INFO - Sync 1 DAGs
[2026-03-14T21:11:15.435+0000] {logging_mixin.py:149} INFO - [2026-03-14T21:11:15.435+0000] {dag.py:3490} INFO - Setting next_dagrun for dag_mlops_full_pipeline to None, run_after=None
[2026-03-14T21:11:15.441+0000] {processor.py:178} INFO - Processing /opt/airflow/dags/dag2.py took 0.341 seconds
[2026-03-14T21:11:45.574+0000] {processor.py:156} INFO - Started process (PID=1037) to work on /opt/airflow/dags/dag2.py
[2026-03-14T21:11:45.575+0000] {processor.py:799} INFO - Processing file /opt/airflow/dags/dag2.py for tasks to queue
[2026-03-14T21:11:45.576+0000] {logging_mixin.py:149} INFO - [2026-03-14T21:11:45.575+0000] {dagbag.py:541} INFO - Filling up the DagBag from /opt/airflow/dags/dag2.py
[2026-03-14T21:11:45.882+0000] {processor.py:809} INFO - DAG(s) dict_keys(['dag_mlops_full_pipeline']) retrieved from /opt/airflow/dags/dag2.py
[2026-03-14T21:11:45.891+0000] {logging_mixin.py:149} INFO - [2026-03-14T21:11:45.891+0000] {dag.py:2726} INFO - Sync 1 DAGs
[2026-03-14T21:11:45.898+0000] {logging_mixin.py:149} INFO - [2026-03-14T21:11:45.898+0000] {dag.py:3490} INFO - Setting next_dagrun for dag_mlops_full_pipeline to None, run_after=None
[2026-03-14T21:11:45.904+0000] {processor.py:178} INFO - Processing /opt/airflow/dags/dag2.py took 0.333 seconds
[2026-03-14T21:20:54.470+0000] {processor.py:156} INFO - Started process (PID=1064) to work on /opt/airflow/dags/dag2.py
[2026-03-14T21:20:54.471+0000] {processor.py:799} INFO - Processing file /opt/airflow/dags/dag2.py for tasks to queue
[2026-03-14T21:20:54.471+0000] {logging_mixin.py:149} INFO - [2026-03-14T21:20:54.471+0000] {dagbag.py:541} INFO - Filling up the DagBag from /opt/airflow/dags/dag2.py
[2026-03-14T21:20:54.959+0000] {processor.py:809} INFO - DAG(s) dict_keys(['dag_mlops_full_pipeline']) retrieved from /opt/airflow/dags/dag2.py
[2026-03-14T21:20:54.980+0000] {logging_mixin.py:149} INFO - [2026-03-14T21:20:54.979+0000] {dag.py:2726} INFO - Sync 1 DAGs
[2026-03-14T21:20:55.000+0000] {logging_mixin.py:149} INFO - [2026-03-14T21:20:55.000+0000] {dag.py:3490} INFO - Setting next_dagrun for dag_mlops_full_pipeline to None, run_after=None
[2026-03-14T21:20:55.015+0000] {processor.py:178} INFO - Processing /opt/airflow/dags/dag2.py took 0.548 seconds
[2026-03-14T21:21:25.112+0000] {processor.py:156} INFO - Started process (PID=1104) to work on /opt/airflow/dags/dag2.py
[2026-03-14T21:21:25.113+0000] {processor.py:799} INFO - Processing file /opt/airflow/dags/dag2.py for tasks to queue
[2026-03-14T21:21:25.113+0000] {logging_mixin.py:149} INFO - [2026-03-14T21:21:25.113+0000] {dagbag.py:541} INFO - Filling up the DagBag from /opt/airflow/dags/dag2.py
[2026-03-14T21:21:25.403+0000] {processor.py:809} INFO - DAG(s) dict_keys(['dag_mlops_full_pipeline']) retrieved from /opt/airflow/dags/dag2.py
[2026-03-14T21:21:25.411+0000] {logging_mixin.py:149} INFO - [2026-03-14T21:21:25.411+0000] {dag.py:2726} INFO - Sync 1 DAGs
[2026-03-14T21:21:25.419+0000] {logging_mixin.py:149} INFO - [2026-03-14T21:21:25.419+0000] {dag.py:3490} INFO - Setting next_dagrun for dag_mlops_full_pipeline to None, run_after=None
[2026-03-14T21:21:25.425+0000] {processor.py:178} INFO - Processing /opt/airflow/dags/dag2.py took 0.314 seconds
[2026-03-14T21:38:30.679+0000] {processor.py:156} INFO - Started process (PID=1128) to work on /opt/airflow/dags/dag2.py
[2026-03-14T21:38:30.680+0000] {processor.py:799} INFO - Processing file /opt/airflow/dags/dag2.py for tasks to queue
[2026-03-14T21:38:30.681+0000] {logging_mixin.py:149} INFO - [2026-03-14T21:38:30.680+0000] {dagbag.py:541} INFO - Filling up the DagBag from /opt/airflow/dags/dag2.py
[2026-03-14T21:38:31.000+0000] {processor.py:809} INFO - DAG(s) dict_keys(['dag_mlops_full_pipeline']) retrieved from /opt/airflow/dags/dag2.py
[2026-03-14T21:38:31.010+0000] {logging_mixin.py:149} INFO - [2026-03-14T21:38:31.010+0000] {dag.py:2726} INFO - Sync 1 DAGs
[2026-03-14T21:38:31.018+0000] {logging_mixin.py:149} INFO - [2026-03-14T21:38:31.018+0000] {dag.py:3490} INFO - Setting next_dagrun for dag_mlops_full_pipeline to None, run_after=None
[2026-03-14T21:38:31.024+0000] {processor.py:178} INFO - Processing /opt/airflow/dags/dag2.py took 0.347 seconds
[2026-03-14T22:17:15.151+0000] {processor.py:156} INFO - Started process (PID=1160) to work on /opt/airflow/dags/dag2.py
[2026-03-14T22:17:15.151+0000] {processor.py:799} INFO - Processing file /opt/airflow/dags/dag2.py for tasks to queue
[2026-03-14T22:17:15.152+0000] {logging_mixin.py:149} INFO - [2026-03-14T22:17:15.152+0000] {dagbag.py:541} INFO - Filling up the DagBag from /opt/airflow/dags/dag2.py
[2026-03-14T22:17:15.510+0000] {processor.py:809} INFO - DAG(s) dict_keys(['dag_mlops_full_pipeline']) retrieved from /opt/airflow/dags/dag2.py
[2026-03-14T22:17:15.531+0000] {logging_mixin.py:149} INFO - [2026-03-14T22:17:15.530+0000] {dag.py:2726} INFO - Sync 1 DAGs
[2026-03-14T22:17:15.552+0000] {logging_mixin.py:149} INFO - [2026-03-14T22:17:15.552+0000] {dag.py:3490} INFO - Setting next_dagrun for dag_mlops_full_pipeline to None, run_after=None
[2026-03-14T22:17:15.569+0000] {processor.py:178} INFO - Processing /opt/airflow/dags/dag2.py took 0.422 seconds
[2026-03-14T22:17:45.610+0000] {processor.py:156} INFO - Started process (PID=1202) to work on /opt/airflow/dags/dag2.py
[2026-03-14T22:17:45.611+0000] {processor.py:799} INFO - Processing file /opt/airflow/dags/dag2.py for tasks to queue
[2026-03-14T22:17:45.611+0000] {logging_mixin.py:149} INFO - [2026-03-14T22:17:45.611+0000] {dagbag.py:541} INFO - Filling up the DagBag from /opt/airflow/dags/dag2.py
[2026-03-14T22:17:45.908+0000] {processor.py:809} INFO - DAG(s) dict_keys(['dag_mlops_full_pipeline']) retrieved from /opt/airflow/dags/dag2.py
[2026-03-14T22:17:45.917+0000] {logging_mixin.py:149} INFO - [2026-03-14T22:17:45.917+0000] {dag.py:2726} INFO - Sync 1 DAGs
[2026-03-14T22:17:45.925+0000] {logging_mixin.py:149} INFO - [2026-03-14T22:17:45.925+0000] {dag.py:3490} INFO - Setting next_dagrun for dag_mlops_full_pipeline to None, run_after=None
[2026-03-14T22:17:45.931+0000] {processor.py:178} INFO - Processing /opt/airflow/dags/dag2.py took 0.322 seconds
[2026-03-14T22:18:15.957+0000] {processor.py:156} INFO - Started process (PID=1234) to work on /opt/airflow/dags/dag2.py
[2026-03-14T22:18:15.957+0000] {processor.py:799} INFO - Processing file /opt/airflow/dags/dag2.py for tasks to queue
[2026-03-14T22:18:15.957+0000] {logging_mixin.py:149} INFO - [2026-03-14T22:18:15.957+0000] {dagbag.py:541} INFO - Filling up the DagBag from /opt/airflow/dags/dag2.py
[2026-03-14T22:18:16.231+0000] {processor.py:809} INFO - DAG(s) dict_keys(['dag_mlops_full_pipeline']) retrieved from /opt/airflow/dags/dag2.py
[2026-03-14T22:18:16.239+0000] {logging_mixin.py:149} INFO - [2026-03-14T22:18:16.239+0000] {dag.py:2726} INFO - Sync 1 DAGs
[2026-03-14T22:18:16.247+0000] {logging_mixin.py:149} INFO - [2026-03-14T22:18:16.247+0000] {dag.py:3490} INFO - Setting next_dagrun for dag_mlops_full_pipeline to None, run_after=None
[2026-03-14T22:18:16.252+0000] {processor.py:178} INFO - Processing /opt/airflow/dags/dag2.py took 0.297 seconds
[2026-03-14T22:18:46.340+0000] {processor.py:156} INFO - Started process (PID=1266) to work on /opt/airflow/dags/dag2.py
[2026-03-14T22:18:46.341+0000] {processor.py:799} INFO - Processing file /opt/airflow/dags/dag2.py for tasks to queue
[2026-03-14T22:18:46.341+0000] {logging_mixin.py:149} INFO - [2026-03-14T22:18:46.341+0000] {dagbag.py:541} INFO - Filling up the DagBag from /opt/airflow/dags/dag2.py
[2026-03-14T22:18:46.640+0000] {processor.py:809} INFO - DAG(s) dict_keys(['dag_mlops_full_pipeline']) retrieved from /opt/airflow/dags/dag2.py
[2026-03-14T22:18:46.649+0000] {logging_mixin.py:149} INFO - [2026-03-14T22:18:46.649+0000] {dag.py:2726} INFO - Sync 1 DAGs
[2026-03-14T22:18:46.658+0000] {logging_mixin.py:149} INFO - [2026-03-14T22:18:46.658+0000] {dag.py:3490} INFO - Setting next_dagrun for dag_mlops_full_pipeline to None, run_after=None
[2026-03-14T22:18:46.664+0000] {processor.py:178} INFO - Processing /opt/airflow/dags/dag2.py took 0.325 seconds
[2026-03-14T22:19:16.699+0000] {processor.py:156} INFO - Started process (PID=1298) to work on /opt/airflow/dags/dag2.py
[2026-03-14T22:19:16.699+0000] {processor.py:799} INFO - Processing file /opt/airflow/dags/dag2.py for tasks to queue
[2026-03-14T22:19:16.699+0000] {logging_mixin.py:149} INFO - [2026-03-14T22:19:16.699+0000] {dagbag.py:541} INFO - Filling up the DagBag from /opt/airflow/dags/dag2.py
[2026-03-14T22:19:16.968+0000] {processor.py:809} INFO - DAG(s) dict_keys(['dag_mlops_full_pipeline']) retrieved from /opt/airflow/dags/dag2.py
[2026-03-14T22:19:16.977+0000] {logging_mixin.py:149} INFO - [2026-03-14T22:19:16.977+0000] {dag.py:2726} INFO - Sync 1 DAGs
[2026-03-14T22:19:16.984+0000] {logging_mixin.py:149} INFO - [2026-03-14T22:19:16.984+0000] {dag.py:3490} INFO - Setting next_dagrun for dag_mlops_full_pipeline to None, run_after=None
[2026-03-14T22:19:16.990+0000] {processor.py:178} INFO - Processing /opt/airflow/dags/dag2.py took 0.293 seconds
[2026-03-14T22:19:47.072+0000] {processor.py:156} INFO - Started process (PID=1330) to work on /opt/airflow/dags/dag2.py
[2026-03-14T22:19:47.072+0000] {processor.py:799} INFO - Processing file /opt/airflow/dags/dag2.py for tasks to queue
[2026-03-14T22:19:47.073+0000] {logging_mixin.py:149} INFO - [2026-03-14T22:19:47.073+0000] {dagbag.py:541} INFO - Filling up the DagBag from /opt/airflow/dags/dag2.py
[2026-03-14T22:19:47.344+0000] {processor.py:809} INFO - DAG(s) dict_keys(['dag_mlops_full_pipeline']) retrieved from /opt/airflow/dags/dag2.py
[2026-03-14T22:19:47.353+0000] {logging_mixin.py:149} INFO - [2026-03-14T22:19:47.352+0000] {dag.py:2726} INFO - Sync 1 DAGs
[2026-03-14T22:19:47.361+0000] {logging_mixin.py:149} INFO - [2026-03-14T22:19:47.361+0000] {dag.py:3490} INFO - Setting next_dagrun for dag_mlops_full_pipeline to None, run_after=None
[2026-03-14T22:19:47.366+0000] {processor.py:178} INFO - Processing /opt/airflow/dags/dag2.py took 0.296 seconds
[2026-03-14T22:20:17.410+0000] {processor.py:156} INFO - Started process (PID=1362) to work on /opt/airflow/dags/dag2.py
[2026-03-14T22:20:17.410+0000] {processor.py:799} INFO - Processing file /opt/airflow/dags/dag2.py for tasks to queue
[2026-03-14T22:20:17.410+0000] {logging_mixin.py:149} INFO - [2026-03-14T22:20:17.410+0000] {dagbag.py:541} INFO - Filling up the DagBag from /opt/airflow/dags/dag2.py
[2026-03-14T22:20:17.676+0000] {processor.py:809} INFO - DAG(s) dict_keys(['dag_mlops_full_pipeline']) retrieved from /opt/airflow/dags/dag2.py
[2026-03-14T22:20:17.685+0000] {logging_mixin.py:149} INFO - [2026-03-14T22:20:17.685+0000] {dag.py:2726} INFO - Sync 1 DAGs
[2026-03-14T22:20:17.692+0000] {logging_mixin.py:149} INFO - [2026-03-14T22:20:17.692+0000] {dag.py:3490} INFO - Setting next_dagrun for dag_mlops_full_pipeline to None, run_after=None
[2026-03-14T22:20:17.698+0000] {processor.py:178} INFO - Processing /opt/airflow/dags/dag2.py took 0.290 seconds
[2026-03-14T22:20:47.739+0000] {processor.py:156} INFO - Started process (PID=1394) to work on /opt/airflow/dags/dag2.py
[2026-03-14T22:20:47.739+0000] {processor.py:799} INFO - Processing file /opt/airflow/dags/dag2.py for tasks to queue
[2026-03-14T22:20:47.739+0000] {logging_mixin.py:149} INFO - [2026-03-14T22:20:47.739+0000] {dagbag.py:541} INFO - Filling up the DagBag from /opt/airflow/dags/dag2.py
[2026-03-14T22:20:48.023+0000] {processor.py:809} INFO - DAG(s) dict_keys(['dag_mlops_full_pipeline']) retrieved from /opt/airflow/dags/dag2.py
[2026-03-14T22:20:48.032+0000] {logging_mixin.py:149} INFO - [2026-03-14T22:20:48.032+0000] {dag.py:2726} INFO - Sync 1 DAGs
[2026-03-14T22:20:48.040+0000] {logging_mixin.py:149} INFO - [2026-03-14T22:20:48.040+0000] {dag.py:3490} INFO - Setting next_dagrun for dag_mlops_full_pipeline to None, run_after=None
[2026-03-14T22:20:48.046+0000] {processor.py:178} INFO - Processing /opt/airflow/dags/dag2.py took 0.308 seconds
[2026-03-14T22:21:19.048+0000] {processor.py:156} INFO - Started process (PID=1426) to work on /opt/airflow/dags/dag2.py
[2026-03-14T22:21:19.049+0000] {processor.py:799} INFO - Processing file /opt/airflow/dags/dag2.py for tasks to queue
[2026-03-14T22:21:19.049+0000] {logging_mixin.py:149} INFO - [2026-03-14T22:21:19.049+0000] {dagbag.py:541} INFO - Filling up the DagBag from /opt/airflow/dags/dag2.py
[2026-03-14T22:21:19.348+0000] {processor.py:809} INFO - DAG(s) dict_keys(['dag_mlops_full_pipeline']) retrieved from /opt/airflow/dags/dag2.py
[2026-03-14T22:21:19.357+0000] {logging_mixin.py:149} INFO - [2026-03-14T22:21:19.357+0000] {dag.py:2726} INFO - Sync 1 DAGs
[2026-03-14T22:21:19.365+0000] {logging_mixin.py:149} INFO - [2026-03-14T22:21:19.365+0000] {dag.py:3490} INFO - Setting next_dagrun for dag_mlops_full_pipeline to None, run_after=None
[2026-03-14T22:21:19.371+0000] {processor.py:178} INFO - Processing /opt/airflow/dags/dag2.py took 0.325 seconds
[2026-03-14T22:21:49.396+0000] {processor.py:156} INFO - Started process (PID=1458) to work on /opt/airflow/dags/dag2.py
[2026-03-14T22:21:49.397+0000] {processor.py:799} INFO - Processing file /opt/airflow/dags/dag2.py for tasks to queue
[2026-03-14T22:21:49.397+0000] {logging_mixin.py:149} INFO - [2026-03-14T22:21:49.397+0000] {dagbag.py:541} INFO - Filling up the DagBag from /opt/airflow/dags/dag2.py
[2026-03-14T22:21:49.697+0000] {processor.py:809} INFO - DAG(s) dict_keys(['dag_mlops_full_pipeline']) retrieved from /opt/airflow/dags/dag2.py
[2026-03-14T22:21:49.707+0000] {logging_mixin.py:149} INFO - [2026-03-14T22:21:49.707+0000] {dag.py:2726} INFO - Sync 1 DAGs
[2026-03-14T22:21:49.715+0000] {logging_mixin.py:149} INFO - [2026-03-14T22:21:49.715+0000] {dag.py:3490} INFO - Setting next_dagrun for dag_mlops_full_pipeline to None, run_after=None
[2026-03-14T22:21:49.721+0000] {processor.py:178} INFO - Processing /opt/airflow/dags/dag2.py took 0.327 seconds
[2026-03-14T22:22:19.782+0000] {processor.py:156} INFO - Started process (PID=1490) to work on /opt/airflow/dags/dag2.py
[2026-03-14T22:22:19.783+0000] {processor.py:799} INFO - Processing file /opt/airflow/dags/dag2.py for tasks to queue
[2026-03-14T22:22:19.784+0000] {logging_mixin.py:149} INFO - [2026-03-14T22:22:19.784+0000] {dagbag.py:541} INFO - Filling up the DagBag from /opt/airflow/dags/dag2.py
[2026-03-14T22:22:20.100+0000] {processor.py:809} INFO - DAG(s) dict_keys(['dag_mlops_full_pipeline']) retrieved from /opt/airflow/dags/dag2.py
[2026-03-14T22:22:20.109+0000] {logging_mixin.py:149} INFO - [2026-03-14T22:22:20.109+0000] {dag.py:2726} INFO - Sync 1 DAGs
[2026-03-14T22:22:20.117+0000] {logging_mixin.py:149} INFO - [2026-03-14T22:22:20.117+0000] {dag.py:3490} INFO - Setting next_dagrun for dag_mlops_full_pipeline to None, run_after=None
[2026-03-14T22:22:20.123+0000] {processor.py:178} INFO - Processing /opt/airflow/dags/dag2.py took 0.345 seconds
[2026-03-14T22:22:50.156+0000] {processor.py:156} INFO - Started process (PID=1522) to work on /opt/airflow/dags/dag2.py
[2026-03-14T22:22:50.157+0000] {processor.py:799} INFO - Processing file /opt/airflow/dags/dag2.py for tasks to queue
[2026-03-14T22:22:50.157+0000] {logging_mixin.py:149} INFO - [2026-03-14T22:22:50.157+0000] {dagbag.py:541} INFO - Filling up the DagBag from /opt/airflow/dags/dag2.py
[2026-03-14T22:22:50.429+0000] {processor.py:809} INFO - DAG(s) dict_keys(['dag_mlops_full_pipeline']) retrieved from /opt/airflow/dags/dag2.py
[2026-03-14T22:22:50.438+0000] {logging_mixin.py:149} INFO - [2026-03-14T22:22:50.438+0000] {dag.py:2726} INFO - Sync 1 DAGs
[2026-03-14T22:22:50.446+0000] {logging_mixin.py:149} INFO - [2026-03-14T22:22:50.446+0000] {dag.py:3490} INFO - Setting next_dagrun for dag_mlops_full_pipeline to None, run_after=None
[2026-03-14T22:22:50.452+0000] {processor.py:178} INFO - Processing /opt/airflow/dags/dag2.py took 0.300 seconds
[2026-03-14T22:23:20.487+0000] {processor.py:156} INFO - Started process (PID=1554) to work on /opt/airflow/dags/dag2.py
[2026-03-14T22:23:20.488+0000] {processor.py:799} INFO - Processing file /opt/airflow/dags/dag2.py for tasks to queue
[2026-03-14T22:23:20.488+0000] {logging_mixin.py:149} INFO - [2026-03-14T22:23:20.488+0000] {dagbag.py:541} INFO - Filling up the DagBag from /opt/airflow/dags/dag2.py
[2026-03-14T22:23:20.770+0000] {processor.py:809} INFO - DAG(s) dict_keys(['dag_mlops_full_pipeline']) retrieved from /opt/airflow/dags/dag2.py
[2026-03-14T22:23:20.778+0000] {logging_mixin.py:149} INFO - [2026-03-14T22:23:20.778+0000] {dag.py:2726} INFO - Sync 1 DAGs
[2026-03-14T22:23:20.786+0000] {logging_mixin.py:149} INFO - [2026-03-14T22:23:20.786+0000] {dag.py:3490} INFO - Setting next_dagrun for dag_mlops_full_pipeline to None, run_after=None
[2026-03-14T22:23:20.792+0000] {processor.py:178} INFO - Processing /opt/airflow/dags/dag2.py took 0.308 seconds
[2026-03-14T22:23:50.832+0000] {processor.py:156} INFO - Started process (PID=1586) to work on /opt/airflow/dags/dag2.py
[2026-03-14T22:23:50.832+0000] {processor.py:799} INFO - Processing file /opt/airflow/dags/dag2.py for tasks to queue
[2026-03-14T22:23:50.833+0000] {logging_mixin.py:149} INFO - [2026-03-14T22:23:50.833+0000] {dagbag.py:541} INFO - Filling up the DagBag from /opt/airflow/dags/dag2.py
[2026-03-14T22:23:51.107+0000] {processor.py:809} INFO - DAG(s) dict_keys(['dag_mlops_full_pipeline']) retrieved from /opt/airflow/dags/dag2.py
[2026-03-14T22:23:51.115+0000] {logging_mixin.py:149} INFO - [2026-03-14T22:23:51.115+0000] {dag.py:2726} INFO - Sync 1 DAGs
[2026-03-14T22:23:51.123+0000] {logging_mixin.py:149} INFO - [2026-03-14T22:23:51.123+0000] {dag.py:3490} INFO - Setting next_dagrun for dag_mlops_full_pipeline to None, run_after=None
[2026-03-14T22:23:51.129+0000] {processor.py:178} INFO - Processing /opt/airflow/dags/dag2.py took 0.301 seconds
[2026-03-14T22:24:21.190+0000] {processor.py:156} INFO - Started process (PID=1618) to work on /opt/airflow/dags/dag2.py
[2026-03-14T22:24:21.191+0000] {processor.py:799} INFO - Processing file /opt/airflow/dags/dag2.py for tasks to queue
[2026-03-14T22:24:21.192+0000] {logging_mixin.py:149} INFO - [2026-03-14T22:24:21.192+0000] {dagbag.py:541} INFO - Filling up the DagBag from /opt/airflow/dags/dag2.py
[2026-03-14T22:24:21.475+0000] {processor.py:809} INFO - DAG(s) dict_keys(['dag_mlops_full_pipeline']) retrieved from /opt/airflow/dags/dag2.py
[2026-03-14T22:24:21.484+0000] {logging_mixin.py:149} INFO - [2026-03-14T22:24:21.483+0000] {dag.py:2726} INFO - Sync 1 DAGs
[2026-03-14T22:24:21.491+0000] {logging_mixin.py:149} INFO - [2026-03-14T22:24:21.491+0000] {dag.py:3490} INFO - Setting next_dagrun for dag_mlops_full_pipeline to None, run_after=None
[2026-03-14T22:24:21.497+0000] {processor.py:178} INFO - Processing /opt/airflow/dags/dag2.py took 0.311 seconds
[2026-03-14T22:24:51.543+0000] {processor.py:156} INFO - Started process (PID=1650) to work on /opt/airflow/dags/dag2.py
[2026-03-14T22:24:51.544+0000] {processor.py:799} INFO - Processing file /opt/airflow/dags/dag2.py for tasks to queue
[2026-03-14T22:24:51.544+0000] {logging_mixin.py:149} INFO - [2026-03-14T22:24:51.544+0000] {dagbag.py:541} INFO - Filling up the DagBag from /opt/airflow/dags/dag2.py
[2026-03-14T22:24:51.854+0000] {processor.py:809} INFO - DAG(s) dict_keys(['dag_mlops_full_pipeline']) retrieved from /opt/airflow/dags/dag2.py
[2026-03-14T22:24:51.865+0000] {logging_mixin.py:149} INFO - [2026-03-14T22:24:51.865+0000] {dag.py:2726} INFO - Sync 1 DAGs
[2026-03-14T22:24:51.875+0000] {logging_mixin.py:149} INFO - [2026-03-14T22:24:51.875+0000] {dag.py:3490} INFO - Setting next_dagrun for dag_mlops_full_pipeline to None, run_after=None
[2026-03-14T22:24:51.881+0000] {processor.py:178} INFO - Processing /opt/airflow/dags/dag2.py took 0.340 seconds
[2026-03-14T22:25:21.909+0000] {processor.py:156} INFO - Started process (PID=1682) to work on /opt/airflow/dags/dag2.py
[2026-03-14T22:25:21.910+0000] {processor.py:799} INFO - Processing file /opt/airflow/dags/dag2.py for tasks to queue
[2026-03-14T22:25:21.911+0000] {logging_mixin.py:149} INFO - [2026-03-14T22:25:21.911+0000] {dagbag.py:541} INFO - Filling up the DagBag from /opt/airflow/dags/dag2.py
[2026-03-14T22:25:22.199+0000] {processor.py:809} INFO - DAG(s) dict_keys(['dag_mlops_full_pipeline']) retrieved from /opt/airflow/dags/dag2.py
[2026-03-14T22:25:22.208+0000] {logging_mixin.py:149} INFO - [2026-03-14T22:25:22.208+0000] {dag.py:2726} INFO - Sync 1 DAGs
[2026-03-14T22:25:22.216+0000] {logging_mixin.py:149} INFO - [2026-03-14T22:25:22.216+0000] {dag.py:3490} INFO - Setting next_dagrun for dag_mlops_full_pipeline to None, run_after=None
[2026-03-14T22:25:22.223+0000] {processor.py:178} INFO - Processing /opt/airflow/dags/dag2.py took 0.317 seconds
[2026-03-14T22:25:52.249+0000] {processor.py:156} INFO - Started process (PID=1714) to work on /opt/airflow/dags/dag2.py
[2026-03-14T22:25:52.249+0000] {processor.py:799} INFO - Processing file /opt/airflow/dags/dag2.py for tasks to queue
[2026-03-14T22:25:52.250+0000] {logging_mixin.py:149} INFO - [2026-03-14T22:25:52.250+0000] {dagbag.py:541} INFO - Filling up the DagBag from /opt/airflow/dags/dag2.py
[2026-03-14T22:25:52.526+0000] {processor.py:809} INFO - DAG(s) dict_keys(['dag_mlops_full_pipeline']) retrieved from /opt/airflow/dags/dag2.py
[2026-03-14T22:25:52.535+0000] {logging_mixin.py:149} INFO - [2026-03-14T22:25:52.534+0000] {dag.py:2726} INFO - Sync 1 DAGs
[2026-03-14T22:25:52.542+0000] {logging_mixin.py:149} INFO - [2026-03-14T22:25:52.542+0000] {dag.py:3490} INFO - Setting next_dagrun for dag_mlops_full_pipeline to None, run_after=None
[2026-03-14T22:25:52.549+0000] {processor.py:178} INFO - Processing /opt/airflow/dags/dag2.py took 0.303 seconds
[2026-03-14T22:26:22.588+0000] {processor.py:156} INFO - Started process (PID=1746) to work on /opt/airflow/dags/dag2.py
[2026-03-14T22:26:22.589+0000] {processor.py:799} INFO - Processing file /opt/airflow/dags/dag2.py for tasks to queue
[2026-03-14T22:26:22.589+0000] {logging_mixin.py:149} INFO - [2026-03-14T22:26:22.589+0000] {dagbag.py:541} INFO - Filling up the DagBag from /opt/airflow/dags/dag2.py
[2026-03-14T22:26:22.870+0000] {processor.py:809} INFO - DAG(s) dict_keys(['dag_mlops_full_pipeline']) retrieved from /opt/airflow/dags/dag2.py
[2026-03-14T22:26:22.879+0000] {logging_mixin.py:149} INFO - [2026-03-14T22:26:22.878+0000] {dag.py:2726} INFO - Sync 1 DAGs
[2026-03-14T22:26:22.886+0000] {logging_mixin.py:149} INFO - [2026-03-14T22:26:22.886+0000] {dag.py:3490} INFO - Setting next_dagrun for dag_mlops_full_pipeline to None, run_after=None
[2026-03-14T22:26:22.892+0000] {processor.py:178} INFO - Processing /opt/airflow/dags/dag2.py took 0.307 seconds
[2026-03-14T22:26:52.950+0000] {processor.py:156} INFO - Started process (PID=1778) to work on /opt/airflow/dags/dag2.py
[2026-03-14T22:26:52.951+0000] {processor.py:799} INFO - Processing file /opt/airflow/dags/dag2.py for tasks to queue
[2026-03-14T22:26:52.951+0000] {logging_mixin.py:149} INFO - [2026-03-14T22:26:52.951+0000] {dagbag.py:541} INFO - Filling up the DagBag from /opt/airflow/dags/dag2.py
[2026-03-14T22:26:53.221+0000] {processor.py:809} INFO - DAG(s) dict_keys(['dag_mlops_full_pipeline']) retrieved from /opt/airflow/dags/dag2.py
[2026-03-14T22:26:53.230+0000] {logging_mixin.py:149} INFO - [2026-03-14T22:26:53.230+0000] {dag.py:2726} INFO - Sync 1 DAGs
[2026-03-14T22:26:53.237+0000] {logging_mixin.py:149} INFO - [2026-03-14T22:26:53.237+0000] {dag.py:3490} INFO - Setting next_dagrun for dag_mlops_full_pipeline to None, run_after=None
[2026-03-14T22:26:53.243+0000] {processor.py:178} INFO - Processing /opt/airflow/dags/dag2.py took 0.297 seconds
[2026-03-14T22:27:23.374+0000] {processor.py:156} INFO - Started process (PID=1810) to work on /opt/airflow/dags/dag2.py
[2026-03-14T22:27:23.375+0000] {processor.py:799} INFO - Processing file /opt/airflow/dags/dag2.py for tasks to queue
[2026-03-14T22:27:23.375+0000] {logging_mixin.py:149} INFO - [2026-03-14T22:27:23.375+0000] {dagbag.py:541} INFO - Filling up the DagBag from /opt/airflow/dags/dag2.py
[2026-03-14T22:27:23.637+0000] {processor.py:809} INFO - DAG(s) dict_keys(['dag_mlops_full_pipeline']) retrieved from /opt/airflow/dags/dag2.py
[2026-03-14T22:27:23.645+0000] {logging_mixin.py:149} INFO - [2026-03-14T22:27:23.645+0000] {dag.py:2726} INFO - Sync 1 DAGs
[2026-03-14T22:27:23.653+0000] {logging_mixin.py:149} INFO - [2026-03-14T22:27:23.653+0000] {dag.py:3490} INFO - Setting next_dagrun for dag_mlops_full_pipeline to None, run_after=None
[2026-03-14T22:27:23.659+0000] {processor.py:178} INFO - Processing /opt/airflow/dags/dag2.py took 0.287 seconds
[2026-03-14T22:27:53.725+0000] {processor.py:156} INFO - Started process (PID=1842) to work on /opt/airflow/dags/dag2.py
[2026-03-14T22:27:53.726+0000] {processor.py:799} INFO - Processing file /opt/airflow/dags/dag2.py for tasks to queue
[2026-03-14T22:27:53.727+0000] {logging_mixin.py:149} INFO - [2026-03-14T22:27:53.727+0000] {dagbag.py:541} INFO - Filling up the DagBag from /opt/airflow/dags/dag2.py
[2026-03-14T22:27:54.024+0000] {processor.py:809} INFO - DAG(s) dict_keys(['dag_mlops_full_pipeline']) retrieved from /opt/airflow/dags/dag2.py
[2026-03-14T22:27:54.033+0000] {logging_mixin.py:149} INFO - [2026-03-14T22:27:54.033+0000] {dag.py:2726} INFO - Sync 1 DAGs
[2026-03-14T22:27:54.041+0000] {logging_mixin.py:149} INFO - [2026-03-14T22:27:54.041+0000] {dag.py:3490} INFO - Setting next_dagrun for dag_mlops_full_pipeline to None, run_after=None
[2026-03-14T22:27:54.047+0000] {processor.py:178} INFO - Processing /opt/airflow/dags/dag2.py took 0.324 seconds
[2026-03-14T22:28:25.069+0000] {processor.py:156} INFO - Started process (PID=1874) to work on /opt/airflow/dags/dag2.py
[2026-03-14T22:28:25.069+0000] {processor.py:799} INFO - Processing file /opt/airflow/dags/dag2.py for tasks to queue
[2026-03-14T22:28:25.070+0000] {logging_mixin.py:149} INFO - [2026-03-14T22:28:25.070+0000] {dagbag.py:541} INFO - Filling up the DagBag from /opt/airflow/dags/dag2.py
[2026-03-14T22:28:25.350+0000] {processor.py:809} INFO - DAG(s) dict_keys(['dag_mlops_full_pipeline']) retrieved from /opt/airflow/dags/dag2.py
[2026-03-14T22:28:25.359+0000] {logging_mixin.py:149} INFO - [2026-03-14T22:28:25.358+0000] {dag.py:2726} INFO - Sync 1 DAGs
[2026-03-14T22:28:25.366+0000] {logging_mixin.py:149} INFO - [2026-03-14T22:28:25.366+0000] {dag.py:3490} INFO - Setting next_dagrun for dag_mlops_full_pipeline to None, run_after=None
[2026-03-14T22:28:25.372+0000] {processor.py:178} INFO - Processing /opt/airflow/dags/dag2.py took 0.306 seconds
[2026-03-14T22:28:55.441+0000] {processor.py:156} INFO - Started process (PID=1906) to work on /opt/airflow/dags/dag2.py
[2026-03-14T22:28:55.441+0000] {processor.py:799} INFO - Processing file /opt/airflow/dags/dag2.py for tasks to queue
[2026-03-14T22:28:55.442+0000] {logging_mixin.py:149} INFO - [2026-03-14T22:28:55.442+0000] {dagbag.py:541} INFO - Filling up the DagBag from /opt/airflow/dags/dag2.py
[2026-03-14T22:28:55.719+0000] {processor.py:809} INFO - DAG(s) dict_keys(['dag_mlops_full_pipeline']) retrieved from /opt/airflow/dags/dag2.py
[2026-03-14T22:28:55.727+0000] {logging_mixin.py:149} INFO - [2026-03-14T22:28:55.727+0000] {dag.py:2726} INFO - Sync 1 DAGs
[2026-03-14T22:28:55.735+0000] {logging_mixin.py:149} INFO - [2026-03-14T22:28:55.735+0000] {dag.py:3490} INFO - Setting next_dagrun for dag_mlops_full_pipeline to None, run_after=None
[2026-03-14T22:28:55.741+0000] {processor.py:178} INFO - Processing /opt/airflow/dags/dag2.py took 0.304 seconds
[2026-03-14T22:29:26.762+0000] {processor.py:156} INFO - Started process (PID=1937) to work on /opt/airflow/dags/dag2.py
[2026-03-14T22:29:26.763+0000] {processor.py:799} INFO - Processing file /opt/airflow/dags/dag2.py for tasks to queue
[2026-03-14T22:29:26.763+0000] {logging_mixin.py:149} INFO - [2026-03-14T22:29:26.763+0000] {dagbag.py:541} INFO - Filling up the DagBag from /opt/airflow/dags/dag2.py
[2026-03-14T22:29:27.078+0000] {processor.py:809} INFO - DAG(s) dict_keys(['dag_mlops_full_pipeline']) retrieved from /opt/airflow/dags/dag2.py
[2026-03-14T22:29:27.087+0000] {logging_mixin.py:149} INFO - [2026-03-14T22:29:27.087+0000] {dag.py:2726} INFO - Sync 1 DAGs
[2026-03-14T22:29:27.095+0000] {logging_mixin.py:149} INFO - [2026-03-14T22:29:27.095+0000] {dag.py:3490} INFO - Setting next_dagrun for dag_mlops_full_pipeline to None, run_after=None
[2026-03-14T22:29:27.100+0000] {processor.py:178} INFO - Processing /opt/airflow/dags/dag2.py took 0.341 seconds
[2026-03-14T22:29:57.122+0000] {processor.py:156} INFO - Started process (PID=1969) to work on /opt/airflow/dags/dag2.py
[2026-03-14T22:29:57.122+0000] {processor.py:799} INFO - Processing file /opt/airflow/dags/dag2.py for tasks to queue
[2026-03-14T22:29:57.123+0000] {logging_mixin.py:149} INFO - [2026-03-14T22:29:57.123+0000] {dagbag.py:541} INFO - Filling up the DagBag from /opt/airflow/dags/dag2.py
[2026-03-14T22:29:57.392+0000] {processor.py:809} INFO - DAG(s) dict_keys(['dag_mlops_full_pipeline']) retrieved from /opt/airflow/dags/dag2.py
[2026-03-14T22:29:57.400+0000] {logging_mixin.py:149} INFO - [2026-03-14T22:29:57.400+0000] {dag.py:2726} INFO - Sync 1 DAGs
[2026-03-14T22:29:57.408+0000] {logging_mixin.py:149} INFO - [2026-03-14T22:29:57.408+0000] {dag.py:3490} INFO - Setting next_dagrun for dag_mlops_full_pipeline to None, run_after=None
[2026-03-14T22:29:57.414+0000] {processor.py:178} INFO - Processing /opt/airflow/dags/dag2.py took 0.295 seconds
[2026-03-14T22:30:27.472+0000] {processor.py:156} INFO - Started process (PID=2001) to work on /opt/airflow/dags/dag2.py
[2026-03-14T22:30:27.472+0000] {processor.py:799} INFO - Processing file /opt/airflow/dags/dag2.py for tasks to queue
[2026-03-14T22:30:27.473+0000] {logging_mixin.py:149} INFO - [2026-03-14T22:30:27.473+0000] {dagbag.py:541} INFO - Filling up the DagBag from /opt/airflow/dags/dag2.py
[2026-03-14T22:30:27.763+0000] {processor.py:809} INFO - DAG(s) dict_keys(['dag_mlops_full_pipeline']) retrieved from /opt/airflow/dags/dag2.py
[2026-03-14T22:30:27.771+0000] {logging_mixin.py:149} INFO - [2026-03-14T22:30:27.771+0000] {dag.py:2726} INFO - Sync 1 DAGs
[2026-03-14T22:30:27.779+0000] {logging_mixin.py:149} INFO - [2026-03-14T22:30:27.779+0000] {dag.py:3490} INFO - Setting next_dagrun for dag_mlops_full_pipeline to None, run_after=None
[2026-03-14T22:30:27.785+0000] {processor.py:178} INFO - Processing /opt/airflow/dags/dag2.py took 0.315 seconds
[2026-03-14T22:30:57.860+0000] {processor.py:156} INFO - Started process (PID=2033) to work on /opt/airflow/dags/dag2.py
[2026-03-14T22:30:57.861+0000] {processor.py:799} INFO - Processing file /opt/airflow/dags/dag2.py for tasks to queue
[2026-03-14T22:30:57.862+0000] {logging_mixin.py:149} INFO - [2026-03-14T22:30:57.861+0000] {dagbag.py:541} INFO - Filling up the DagBag from /opt/airflow/dags/dag2.py
[2026-03-14T22:30:58.297+0000] {processor.py:809} INFO - DAG(s) dict_keys(['dag_mlops_full_pipeline']) retrieved from /opt/airflow/dags/dag2.py
[2026-03-14T22:30:58.307+0000] {logging_mixin.py:149} INFO - [2026-03-14T22:30:58.307+0000] {dag.py:2726} INFO - Sync 1 DAGs
[2026-03-14T22:30:58.368+0000] {logging_mixin.py:149} INFO - [2026-03-14T22:30:58.368+0000] {dag.py:3490} INFO - Setting next_dagrun for dag_mlops_full_pipeline to None, run_after=None
[2026-03-14T22:30:58.375+0000] {processor.py:178} INFO - Processing /opt/airflow/dags/dag2.py took 0.520 seconds
[2026-03-14T22:31:29.140+0000] {processor.py:156} INFO - Started process (PID=2065) to work on /opt/airflow/dags/dag2.py
[2026-03-14T22:31:29.141+0000] {processor.py:799} INFO - Processing file /opt/airflow/dags/dag2.py for tasks to queue
[2026-03-14T22:31:29.142+0000] {logging_mixin.py:149} INFO - [2026-03-14T22:31:29.142+0000] {dagbag.py:541} INFO - Filling up the DagBag from /opt/airflow/dags/dag2.py
[2026-03-14T22:31:29.416+0000] {processor.py:809} INFO - DAG(s) dict_keys(['dag_mlops_full_pipeline']) retrieved from /opt/airflow/dags/dag2.py
[2026-03-14T22:31:29.425+0000] {logging_mixin.py:149} INFO - [2026-03-14T22:31:29.425+0000] {dag.py:2726} INFO - Sync 1 DAGs
[2026-03-14T22:31:29.433+0000] {logging_mixin.py:149} INFO - [2026-03-14T22:31:29.433+0000] {dag.py:3490} INFO - Setting next_dagrun for dag_mlops_full_pipeline to None, run_after=None
[2026-03-14T22:31:29.481+0000] {processor.py:178} INFO - Processing /opt/airflow/dags/dag2.py took 0.344 seconds
[2026-03-14T22:31:59.578+0000] {processor.py:156} INFO - Started process (PID=2104) to work on /opt/airflow/dags/dag2.py
[2026-03-14T22:31:59.578+0000] {processor.py:799} INFO - Processing file /opt/airflow/dags/dag2.py for tasks to queue
[2026-03-14T22:31:59.579+0000] {logging_mixin.py:149} INFO - [2026-03-14T22:31:59.579+0000] {dagbag.py:541} INFO - Filling up the DagBag from /opt/airflow/dags/dag2.py
[2026-03-14T22:31:59.860+0000] {processor.py:809} INFO - DAG(s) dict_keys(['dag_mlops_full_pipeline']) retrieved from /opt/airflow/dags/dag2.py
[2026-03-14T22:31:59.904+0000] {logging_mixin.py:149} INFO - [2026-03-14T22:31:59.869+0000] {dag.py:2726} INFO - Sync 1 DAGs
[2026-03-14T22:31:59.913+0000] {logging_mixin.py:149} INFO - [2026-03-14T22:31:59.913+0000] {dag.py:3490} INFO - Setting next_dagrun for dag_mlops_full_pipeline to None, run_after=None
[2026-03-14T22:31:59.919+0000] {processor.py:178} INFO - Processing /opt/airflow/dags/dag2.py took 0.343 seconds
[2026-03-14T22:32:29.950+0000] {processor.py:156} INFO - Started process (PID=2136) to work on /opt/airflow/dags/dag2.py
[2026-03-14T22:32:29.951+0000] {processor.py:799} INFO - Processing file /opt/airflow/dags/dag2.py for tasks to queue
[2026-03-14T22:32:29.952+0000] {logging_mixin.py:149} INFO - [2026-03-14T22:32:29.952+0000] {dagbag.py:541} INFO - Filling up the DagBag from /opt/airflow/dags/dag2.py
[2026-03-14T22:32:30.227+0000] {processor.py:809} INFO - DAG(s) dict_keys(['dag_mlops_full_pipeline']) retrieved from /opt/airflow/dags/dag2.py
[2026-03-14T22:32:30.236+0000] {logging_mixin.py:149} INFO - [2026-03-14T22:32:30.236+0000] {dag.py:2726} INFO - Sync 1 DAGs
[2026-03-14T22:32:30.280+0000] {logging_mixin.py:149} INFO - [2026-03-14T22:32:30.280+0000] {dag.py:3490} INFO - Setting next_dagrun for dag_mlops_full_pipeline to None, run_after=None
[2026-03-14T22:32:30.287+0000] {processor.py:178} INFO - Processing /opt/airflow/dags/dag2.py took 0.339 seconds
[2026-03-14T22:33:01.237+0000] {processor.py:156} INFO - Started process (PID=2168) to work on /opt/airflow/dags/dag2.py
[2026-03-14T22:33:01.238+0000] {processor.py:799} INFO - Processing file /opt/airflow/dags/dag2.py for tasks to queue
[2026-03-14T22:33:01.238+0000] {logging_mixin.py:149} INFO - [2026-03-14T22:33:01.238+0000] {dagbag.py:541} INFO - Filling up the DagBag from /opt/airflow/dags/dag2.py
[2026-03-14T22:33:01.521+0000] {processor.py:809} INFO - DAG(s) dict_keys(['dag_mlops_full_pipeline']) retrieved from /opt/airflow/dags/dag2.py
[2026-03-14T22:33:01.567+0000] {logging_mixin.py:149} INFO - [2026-03-14T22:33:01.567+0000] {dag.py:2726} INFO - Sync 1 DAGs
[2026-03-14T22:33:01.574+0000] {logging_mixin.py:149} INFO - [2026-03-14T22:33:01.574+0000] {dag.py:3490} INFO - Setting next_dagrun for dag_mlops_full_pipeline to None, run_after=None
[2026-03-14T22:33:01.580+0000] {processor.py:178} INFO - Processing /opt/airflow/dags/dag2.py took 0.348 seconds
[2026-03-14T22:33:31.656+0000] {processor.py:156} INFO - Started process (PID=2200) to work on /opt/airflow/dags/dag2.py
[2026-03-14T22:33:31.657+0000] {processor.py:799} INFO - Processing file /opt/airflow/dags/dag2.py for tasks to queue
[2026-03-14T22:33:31.658+0000] {logging_mixin.py:149} INFO - [2026-03-14T22:33:31.658+0000] {dagbag.py:541} INFO - Filling up the DagBag from /opt/airflow/dags/dag2.py
[2026-03-14T22:33:31.926+0000] {processor.py:809} INFO - DAG(s) dict_keys(['dag_mlops_full_pipeline']) retrieved from /opt/airflow/dags/dag2.py
[2026-03-14T22:33:31.935+0000] {logging_mixin.py:149} INFO - [2026-03-14T22:33:31.934+0000] {dag.py:2726} INFO - Sync 1 DAGs
[2026-03-14T22:33:31.980+0000] {logging_mixin.py:149} INFO - [2026-03-14T22:33:31.980+0000] {dag.py:3490} INFO - Setting next_dagrun for dag_mlops_full_pipeline to None, run_after=None
[2026-03-14T22:33:31.986+0000] {processor.py:178} INFO - Processing /opt/airflow/dags/dag2.py took 0.333 seconds
[2026-03-14T22:34:02.047+0000] {processor.py:156} INFO - Started process (PID=2231) to work on /opt/airflow/dags/dag2.py
[2026-03-14T22:34:02.048+0000] {processor.py:799} INFO - Processing file /opt/airflow/dags/dag2.py for tasks to queue
[2026-03-14T22:34:02.049+0000] {logging_mixin.py:149} INFO - [2026-03-14T22:34:02.049+0000] {dagbag.py:541} INFO - Filling up the DagBag from /opt/airflow/dags/dag2.py
[2026-03-14T22:34:02.351+0000] {processor.py:809} INFO - DAG(s) dict_keys(['dag_mlops_full_pipeline']) retrieved from /opt/airflow/dags/dag2.py
[2026-03-14T22:34:02.359+0000] {logging_mixin.py:149} INFO - [2026-03-14T22:34:02.359+0000] {dag.py:2726} INFO - Sync 1 DAGs
[2026-03-14T22:34:02.367+0000] {logging_mixin.py:149} INFO - [2026-03-14T22:34:02.367+0000] {dag.py:3490} INFO - Setting next_dagrun for dag_mlops_full_pipeline to None, run_after=None
[2026-03-14T22:34:02.373+0000] {processor.py:178} INFO - Processing /opt/airflow/dags/dag2.py took 0.329 seconds
[2026-03-14T22:34:32.432+0000] {processor.py:156} INFO - Started process (PID=2263) to work on /opt/airflow/dags/dag2.py
[2026-03-14T22:34:32.433+0000] {processor.py:799} INFO - Processing file /opt/airflow/dags/dag2.py for tasks to queue
[2026-03-14T22:34:32.433+0000] {logging_mixin.py:149} INFO - [2026-03-14T22:34:32.433+0000] {dagbag.py:541} INFO - Filling up the DagBag from /opt/airflow/dags/dag2.py
[2026-03-14T22:34:32.708+0000] {processor.py:809} INFO - DAG(s) dict_keys(['dag_mlops_full_pipeline']) retrieved from /opt/airflow/dags/dag2.py
[2026-03-14T22:34:32.752+0000] {logging_mixin.py:149} INFO - [2026-03-14T22:34:32.717+0000] {dag.py:2726} INFO - Sync 1 DAGs
[2026-03-14T22:34:32.760+0000] {logging_mixin.py:149} INFO - [2026-03-14T22:34:32.760+0000] {dag.py:3490} INFO - Setting next_dagrun for dag_mlops_full_pipeline to None, run_after=None
[2026-03-14T22:34:32.766+0000] {processor.py:178} INFO - Processing /opt/airflow/dags/dag2.py took 0.337 seconds
[2026-03-14T22:35:02.839+0000] {processor.py:156} INFO - Started process (PID=2295) to work on /opt/airflow/dags/dag2.py
[2026-03-14T22:35:02.840+0000] {processor.py:799} INFO - Processing file /opt/airflow/dags/dag2.py for tasks to queue
[2026-03-14T22:35:02.841+0000] {logging_mixin.py:149} INFO - [2026-03-14T22:35:02.841+0000] {dagbag.py:541} INFO - Filling up the DagBag from /opt/airflow/dags/dag2.py
[2026-03-14T22:35:03.138+0000] {processor.py:809} INFO - DAG(s) dict_keys(['dag_mlops_full_pipeline']) retrieved from /opt/airflow/dags/dag2.py
[2026-03-14T22:35:03.147+0000] {logging_mixin.py:149} INFO - [2026-03-14T22:35:03.147+0000] {dag.py:2726} INFO - Sync 1 DAGs
[2026-03-14T22:35:03.155+0000] {logging_mixin.py:149} INFO - [2026-03-14T22:35:03.155+0000] {dag.py:3490} INFO - Setting next_dagrun for dag_mlops_full_pipeline to None, run_after=None
[2026-03-14T22:35:03.162+0000] {processor.py:178} INFO - Processing /opt/airflow/dags/dag2.py took 0.325 seconds
[2026-03-14T22:35:33.315+0000] {processor.py:156} INFO - Started process (PID=2327) to work on /opt/airflow/dags/dag2.py
[2026-03-14T22:35:33.316+0000] {processor.py:799} INFO - Processing file /opt/airflow/dags/dag2.py for tasks to queue
[2026-03-14T22:35:33.316+0000] {logging_mixin.py:149} INFO - [2026-03-14T22:35:33.316+0000] {dagbag.py:541} INFO - Filling up the DagBag from /opt/airflow/dags/dag2.py
[2026-03-14T22:35:33.594+0000] {processor.py:809} INFO - DAG(s) dict_keys(['dag_mlops_full_pipeline']) retrieved from /opt/airflow/dags/dag2.py
[2026-03-14T22:35:33.602+0000] {logging_mixin.py:149} INFO - [2026-03-14T22:35:33.602+0000] {dag.py:2726} INFO - Sync 1 DAGs
[2026-03-14T22:35:33.611+0000] {logging_mixin.py:149} INFO - [2026-03-14T22:35:33.611+0000] {dag.py:3490} INFO - Setting next_dagrun for dag_mlops_full_pipeline to None, run_after=None
[2026-03-14T22:35:33.616+0000] {processor.py:178} INFO - Processing /opt/airflow/dags/dag2.py took 0.302 seconds
[2026-03-14T22:36:03.694+0000] {processor.py:156} INFO - Started process (PID=2359) to work on /opt/airflow/dags/dag2.py
[2026-03-14T22:36:03.695+0000] {processor.py:799} INFO - Processing file /opt/airflow/dags/dag2.py for tasks to queue
[2026-03-14T22:36:03.696+0000] {logging_mixin.py:149} INFO - [2026-03-14T22:36:03.695+0000] {dagbag.py:541} INFO - Filling up the DagBag from /opt/airflow/dags/dag2.py
[2026-03-14T22:36:03.974+0000] {processor.py:809} INFO - DAG(s) dict_keys(['dag_mlops_full_pipeline']) retrieved from /opt/airflow/dags/dag2.py
[2026-03-14T22:36:03.983+0000] {logging_mixin.py:149} INFO - [2026-03-14T22:36:03.983+0000] {dag.py:2726} INFO - Sync 1 DAGs
[2026-03-14T22:36:03.991+0000] {logging_mixin.py:149} INFO - [2026-03-14T22:36:03.991+0000] {dag.py:3490} INFO - Setting next_dagrun for dag_mlops_full_pipeline to None, run_after=None
[2026-03-14T22:36:03.996+0000] {processor.py:178} INFO - Processing /opt/airflow/dags/dag2.py took 0.306 seconds
[2026-03-14T22:36:34.020+0000] {processor.py:156} INFO - Started process (PID=2391) to work on /opt/airflow/dags/dag2.py
[2026-03-14T22:36:34.021+0000] {processor.py:799} INFO - Processing file /opt/airflow/dags/dag2.py for tasks to queue
[2026-03-14T22:36:34.021+0000] {logging_mixin.py:149} INFO - [2026-03-14T22:36:34.021+0000] {dagbag.py:541} INFO - Filling up the DagBag from /opt/airflow/dags/dag2.py
[2026-03-14T22:36:34.335+0000] {processor.py:809} INFO - DAG(s) dict_keys(['dag_mlops_full_pipeline']) retrieved from /opt/airflow/dags/dag2.py
[2026-03-14T22:36:34.345+0000] {logging_mixin.py:149} INFO - [2026-03-14T22:36:34.345+0000] {dag.py:2726} INFO - Sync 1 DAGs
[2026-03-14T22:36:34.354+0000] {logging_mixin.py:149} INFO - [2026-03-14T22:36:34.354+0000] {dag.py:3490} INFO - Setting next_dagrun for dag_mlops_full_pipeline to None, run_after=None
[2026-03-14T22:36:34.360+0000] {processor.py:178} INFO - Processing /opt/airflow/dags/dag2.py took 0.341 seconds
[2026-03-14T22:37:05.382+0000] {processor.py:156} INFO - Started process (PID=2483) to work on /opt/airflow/dags/dag2.py
[2026-03-14T22:37:05.382+0000] {processor.py:799} INFO - Processing file /opt/airflow/dags/dag2.py for tasks to queue
[2026-03-14T22:37:05.383+0000] {logging_mixin.py:149} INFO - [2026-03-14T22:37:05.383+0000] {dagbag.py:541} INFO - Filling up the DagBag from /opt/airflow/dags/dag2.py
[2026-03-14T22:37:05.664+0000] {processor.py:809} INFO - DAG(s) dict_keys(['dag_mlops_full_pipeline']) retrieved from /opt/airflow/dags/dag2.py
[2026-03-14T22:37:05.673+0000] {logging_mixin.py:149} INFO - [2026-03-14T22:37:05.672+0000] {dag.py:2726} INFO - Sync 1 DAGs
[2026-03-14T22:37:05.680+0000] {logging_mixin.py:149} INFO - [2026-03-14T22:37:05.680+0000] {dag.py:3490} INFO - Setting next_dagrun for dag_mlops_full_pipeline to None, run_after=None
[2026-03-14T22:37:05.686+0000] {processor.py:178} INFO - Processing /opt/airflow/dags/dag2.py took 0.306 seconds
[2026-03-14T22:37:36.625+0000] {processor.py:156} INFO - Started process (PID=2515) to work on /opt/airflow/dags/dag2.py
[2026-03-14T22:37:36.625+0000] {processor.py:799} INFO - Processing file /opt/airflow/dags/dag2.py for tasks to queue
[2026-03-14T22:37:36.626+0000] {logging_mixin.py:149} INFO - [2026-03-14T22:37:36.626+0000] {dagbag.py:541} INFO - Filling up the DagBag from /opt/airflow/dags/dag2.py
[2026-03-14T22:37:36.953+0000] {processor.py:809} INFO - DAG(s) dict_keys(['dag_mlops_full_pipeline']) retrieved from /opt/airflow/dags/dag2.py
[2026-03-14T22:37:36.962+0000] {logging_mixin.py:149} INFO - [2026-03-14T22:37:36.962+0000] {dag.py:2726} INFO - Sync 1 DAGs
[2026-03-14T22:37:36.970+0000] {logging_mixin.py:149} INFO - [2026-03-14T22:37:36.970+0000] {dag.py:3490} INFO - Setting next_dagrun for dag_mlops_full_pipeline to None, run_after=None
[2026-03-14T22:37:36.977+0000] {processor.py:178} INFO - Processing /opt/airflow/dags/dag2.py took 0.353 seconds
[2026-03-14T22:38:07.935+0000] {processor.py:156} INFO - Started process (PID=2547) to work on /opt/airflow/dags/dag2.py
[2026-03-14T22:38:07.936+0000] {processor.py:799} INFO - Processing file /opt/airflow/dags/dag2.py for tasks to queue
[2026-03-14T22:38:07.936+0000] {logging_mixin.py:149} INFO - [2026-03-14T22:38:07.936+0000] {dagbag.py:541} INFO - Filling up the DagBag from /opt/airflow/dags/dag2.py
[2026-03-14T22:38:08.223+0000] {processor.py:809} INFO - DAG(s) dict_keys(['dag_mlops_full_pipeline']) retrieved from /opt/airflow/dags/dag2.py
[2026-03-14T22:38:08.232+0000] {logging_mixin.py:149} INFO - [2026-03-14T22:38:08.232+0000] {dag.py:2726} INFO - Sync 1 DAGs
[2026-03-14T22:38:08.240+0000] {logging_mixin.py:149} INFO - [2026-03-14T22:38:08.240+0000] {dag.py:3490} INFO - Setting next_dagrun for dag_mlops_full_pipeline to None, run_after=None
[2026-03-14T22:38:08.246+0000] {processor.py:178} INFO - Processing /opt/airflow/dags/dag2.py took 0.316 seconds
[2026-03-14T22:38:38.278+0000] {processor.py:156} INFO - Started process (PID=2579) to work on /opt/airflow/dags/dag2.py
[2026-03-14T22:38:38.279+0000] {processor.py:799} INFO - Processing file /opt/airflow/dags/dag2.py for tasks to queue
[2026-03-14T22:38:38.280+0000] {logging_mixin.py:149} INFO - [2026-03-14T22:38:38.279+0000] {dagbag.py:541} INFO - Filling up the DagBag from /opt/airflow/dags/dag2.py
[2026-03-14T22:38:38.561+0000] {processor.py:809} INFO - DAG(s) dict_keys(['dag_mlops_full_pipeline']) retrieved from /opt/airflow/dags/dag2.py
[2026-03-14T22:38:38.569+0000] {logging_mixin.py:149} INFO - [2026-03-14T22:38:38.569+0000] {dag.py:2726} INFO - Sync 1 DAGs
[2026-03-14T22:38:38.577+0000] {logging_mixin.py:149} INFO - [2026-03-14T22:38:38.577+0000] {dag.py:3490} INFO - Setting next_dagrun for dag_mlops_full_pipeline to None, run_after=None
[2026-03-14T22:38:38.582+0000] {processor.py:178} INFO - Processing /opt/airflow/dags/dag2.py took 0.307 seconds
[2026-03-14T22:39:08.649+0000] {processor.py:156} INFO - Started process (PID=2611) to work on /opt/airflow/dags/dag2.py
[2026-03-14T22:39:08.650+0000] {processor.py:799} INFO - Processing file /opt/airflow/dags/dag2.py for tasks to queue
[2026-03-14T22:39:08.651+0000] {logging_mixin.py:149} INFO - [2026-03-14T22:39:08.650+0000] {dagbag.py:541} INFO - Filling up the DagBag from /opt/airflow/dags/dag2.py
[2026-03-14T22:39:08.932+0000] {processor.py:809} INFO - DAG(s) dict_keys(['dag_mlops_full_pipeline']) retrieved from /opt/airflow/dags/dag2.py
[2026-03-14T22:39:08.941+0000] {logging_mixin.py:149} INFO - [2026-03-14T22:39:08.941+0000] {dag.py:2726} INFO - Sync 1 DAGs
[2026-03-14T22:39:08.949+0000] {logging_mixin.py:149} INFO - [2026-03-14T22:39:08.949+0000] {dag.py:3490} INFO - Setting next_dagrun for dag_mlops_full_pipeline to None, run_after=None
[2026-03-14T22:39:08.955+0000] {processor.py:178} INFO - Processing /opt/airflow/dags/dag2.py took 0.309 seconds
[2026-03-14T22:39:39.024+0000] {processor.py:156} INFO - Started process (PID=2643) to work on /opt/airflow/dags/dag2.py
[2026-03-14T22:39:39.025+0000] {processor.py:799} INFO - Processing file /opt/airflow/dags/dag2.py for tasks to queue
[2026-03-14T22:39:39.026+0000] {logging_mixin.py:149} INFO - [2026-03-14T22:39:39.026+0000] {dagbag.py:541} INFO - Filling up the DagBag from /opt/airflow/dags/dag2.py
[2026-03-14T22:39:39.301+0000] {processor.py:809} INFO - DAG(s) dict_keys(['dag_mlops_full_pipeline']) retrieved from /opt/airflow/dags/dag2.py
[2026-03-14T22:39:39.310+0000] {logging_mixin.py:149} INFO - [2026-03-14T22:39:39.310+0000] {dag.py:2726} INFO - Sync 1 DAGs
[2026-03-14T22:39:39.318+0000] {logging_mixin.py:149} INFO - [2026-03-14T22:39:39.318+0000] {dag.py:3490} INFO - Setting next_dagrun for dag_mlops_full_pipeline to None, run_after=None
[2026-03-14T22:39:39.323+0000] {processor.py:178} INFO - Processing /opt/airflow/dags/dag2.py took 0.303 seconds
[2026-03-14T22:40:09.375+0000] {processor.py:156} INFO - Started process (PID=2675) to work on /opt/airflow/dags/dag2.py
[2026-03-14T22:40:09.375+0000] {processor.py:799} INFO - Processing file /opt/airflow/dags/dag2.py for tasks to queue
[2026-03-14T22:40:09.376+0000] {logging_mixin.py:149} INFO - [2026-03-14T22:40:09.376+0000] {dagbag.py:541} INFO - Filling up the DagBag from /opt/airflow/dags/dag2.py
[2026-03-14T22:40:09.643+0000] {processor.py:809} INFO - DAG(s) dict_keys(['dag_mlops_full_pipeline']) retrieved from /opt/airflow/dags/dag2.py
[2026-03-14T22:40:09.653+0000] {logging_mixin.py:149} INFO - [2026-03-14T22:40:09.653+0000] {dag.py:2726} INFO - Sync 1 DAGs
[2026-03-14T22:40:09.663+0000] {logging_mixin.py:149} INFO - [2026-03-14T22:40:09.662+0000] {dag.py:3490} INFO - Setting next_dagrun for dag_mlops_full_pipeline to None, run_after=None
[2026-03-14T22:40:09.669+0000] {processor.py:178} INFO - Processing /opt/airflow/dags/dag2.py took 0.295 seconds
[2026-03-14T22:40:39.713+0000] {processor.py:156} INFO - Started process (PID=2707) to work on /opt/airflow/dags/dag2.py
[2026-03-14T22:40:39.714+0000] {processor.py:799} INFO - Processing file /opt/airflow/dags/dag2.py for tasks to queue
[2026-03-14T22:40:39.715+0000] {logging_mixin.py:149} INFO - [2026-03-14T22:40:39.715+0000] {dagbag.py:541} INFO - Filling up the DagBag from /opt/airflow/dags/dag2.py
[2026-03-14T22:40:40.001+0000] {processor.py:809} INFO - DAG(s) dict_keys(['dag_mlops_full_pipeline']) retrieved from /opt/airflow/dags/dag2.py
[2026-03-14T22:40:40.009+0000] {logging_mixin.py:149} INFO - [2026-03-14T22:40:40.009+0000] {dag.py:2726} INFO - Sync 1 DAGs
[2026-03-14T22:40:40.016+0000] {logging_mixin.py:149} INFO - [2026-03-14T22:40:40.016+0000] {dag.py:3490} INFO - Setting next_dagrun for dag_mlops_full_pipeline to None, run_after=None
[2026-03-14T22:40:40.022+0000] {processor.py:178} INFO - Processing /opt/airflow/dags/dag2.py took 0.312 seconds
[2026-03-14T22:41:10.069+0000] {processor.py:156} INFO - Started process (PID=2739) to work on /opt/airflow/dags/dag2.py
[2026-03-14T22:41:10.070+0000] {processor.py:799} INFO - Processing file /opt/airflow/dags/dag2.py for tasks to queue
[2026-03-14T22:41:10.071+0000] {logging_mixin.py:149} INFO - [2026-03-14T22:41:10.071+0000] {dagbag.py:541} INFO - Filling up the DagBag from /opt/airflow/dags/dag2.py
[2026-03-14T22:41:10.345+0000] {processor.py:809} INFO - DAG(s) dict_keys(['dag_mlops_full_pipeline']) retrieved from /opt/airflow/dags/dag2.py
[2026-03-14T22:41:10.353+0000] {logging_mixin.py:149} INFO - [2026-03-14T22:41:10.353+0000] {dag.py:2726} INFO - Sync 1 DAGs
[2026-03-14T22:41:10.361+0000] {logging_mixin.py:149} INFO - [2026-03-14T22:41:10.361+0000] {dag.py:3490} INFO - Setting next_dagrun for dag_mlops_full_pipeline to None, run_after=None
[2026-03-14T22:41:10.367+0000] {processor.py:178} INFO - Processing /opt/airflow/dags/dag2.py took 0.300 seconds
[2026-03-14T22:41:40.474+0000] {processor.py:156} INFO - Started process (PID=2771) to work on /opt/airflow/dags/dag2.py
[2026-03-14T22:41:40.474+0000] {processor.py:799} INFO - Processing file /opt/airflow/dags/dag2.py for tasks to queue
[2026-03-14T22:41:40.475+0000] {logging_mixin.py:149} INFO - [2026-03-14T22:41:40.475+0000] {dagbag.py:541} INFO - Filling up the DagBag from /opt/airflow/dags/dag2.py
[2026-03-14T22:41:40.759+0000] {processor.py:809} INFO - DAG(s) dict_keys(['dag_mlops_full_pipeline']) retrieved from /opt/airflow/dags/dag2.py
[2026-03-14T22:41:40.769+0000] {logging_mixin.py:149} INFO - [2026-03-14T22:41:40.769+0000] {dag.py:2726} INFO - Sync 1 DAGs
[2026-03-14T22:41:40.776+0000] {logging_mixin.py:149} INFO - [2026-03-14T22:41:40.776+0000] {dag.py:3490} INFO - Setting next_dagrun for dag_mlops_full_pipeline to None, run_after=None
[2026-03-14T22:41:40.783+0000] {processor.py:178} INFO - Processing /opt/airflow/dags/dag2.py took 0.312 seconds
[2026-03-14T22:42:10.868+0000] {processor.py:156} INFO - Started process (PID=2803) to work on /opt/airflow/dags/dag2.py
[2026-03-14T22:42:10.869+0000] {processor.py:799} INFO - Processing file /opt/airflow/dags/dag2.py for tasks to queue
[2026-03-14T22:42:10.870+0000] {logging_mixin.py:149} INFO - [2026-03-14T22:42:10.870+0000] {dagbag.py:541} INFO - Filling up the DagBag from /opt/airflow/dags/dag2.py
[2026-03-14T22:42:11.150+0000] {processor.py:809} INFO - DAG(s) dict_keys(['dag_mlops_full_pipeline']) retrieved from /opt/airflow/dags/dag2.py
[2026-03-14T22:42:11.159+0000] {logging_mixin.py:149} INFO - [2026-03-14T22:42:11.159+0000] {dag.py:2726} INFO - Sync 1 DAGs
[2026-03-14T22:42:11.166+0000] {logging_mixin.py:149} INFO - [2026-03-14T22:42:11.166+0000] {dag.py:3490} INFO - Setting next_dagrun for dag_mlops_full_pipeline to None, run_after=None
[2026-03-14T22:42:11.171+0000] {processor.py:178} INFO - Processing /opt/airflow/dags/dag2.py took 0.307 seconds
[2026-03-14T22:42:41.235+0000] {processor.py:156} INFO - Started process (PID=2835) to work on /opt/airflow/dags/dag2.py
[2026-03-14T22:42:41.236+0000] {processor.py:799} INFO - Processing file /opt/airflow/dags/dag2.py for tasks to queue
[2026-03-14T22:42:41.236+0000] {logging_mixin.py:149} INFO - [2026-03-14T22:42:41.236+0000] {dagbag.py:541} INFO - Filling up the DagBag from /opt/airflow/dags/dag2.py
[2026-03-14T22:42:41.535+0000] {processor.py:809} INFO - DAG(s) dict_keys(['dag_mlops_full_pipeline']) retrieved from /opt/airflow/dags/dag2.py
[2026-03-14T22:42:41.543+0000] {logging_mixin.py:149} INFO - [2026-03-14T22:42:41.543+0000] {dag.py:2726} INFO - Sync 1 DAGs
[2026-03-14T22:42:41.551+0000] {logging_mixin.py:149} INFO - [2026-03-14T22:42:41.551+0000] {dag.py:3490} INFO - Setting next_dagrun for dag_mlops_full_pipeline to None, run_after=None
[2026-03-14T22:42:41.556+0000] {processor.py:178} INFO - Processing /opt/airflow/dags/dag2.py took 0.324 seconds
[2026-03-14T22:43:11.585+0000] {processor.py:156} INFO - Started process (PID=2867) to work on /opt/airflow/dags/dag2.py
[2026-03-14T22:43:11.586+0000] {processor.py:799} INFO - Processing file /opt/airflow/dags/dag2.py for tasks to queue
[2026-03-14T22:43:11.586+0000] {logging_mixin.py:149} INFO - [2026-03-14T22:43:11.586+0000] {dagbag.py:541} INFO - Filling up the DagBag from /opt/airflow/dags/dag2.py
[2026-03-14T22:43:11.869+0000] {processor.py:809} INFO - DAG(s) dict_keys(['dag_mlops_full_pipeline']) retrieved from /opt/airflow/dags/dag2.py
[2026-03-14T22:43:11.878+0000] {logging_mixin.py:149} INFO - [2026-03-14T22:43:11.877+0000] {dag.py:2726} INFO - Sync 1 DAGs
[2026-03-14T22:43:11.885+0000] {logging_mixin.py:149} INFO - [2026-03-14T22:43:11.885+0000] {dag.py:3490} INFO - Setting next_dagrun for dag_mlops_full_pipeline to None, run_after=None
[2026-03-14T22:43:11.892+0000] {processor.py:178} INFO - Processing /opt/airflow/dags/dag2.py took 0.310 seconds
[2026-03-14T22:43:42.930+0000] {processor.py:156} INFO - Started process (PID=2899) to work on /opt/airflow/dags/dag2.py
[2026-03-14T22:43:42.931+0000] {processor.py:799} INFO - Processing file /opt/airflow/dags/dag2.py for tasks to queue
[2026-03-14T22:43:42.932+0000] {logging_mixin.py:149} INFO - [2026-03-14T22:43:42.932+0000] {dagbag.py:541} INFO - Filling up the DagBag from /opt/airflow/dags/dag2.py
[2026-03-14T22:43:43.213+0000] {processor.py:809} INFO - DAG(s) dict_keys(['dag_mlops_full_pipeline']) retrieved from /opt/airflow/dags/dag2.py
[2026-03-14T22:43:43.221+0000] {logging_mixin.py:149} INFO - [2026-03-14T22:43:43.221+0000] {dag.py:2726} INFO - Sync 1 DAGs
[2026-03-14T22:43:43.229+0000] {logging_mixin.py:149} INFO - [2026-03-14T22:43:43.229+0000] {dag.py:3490} INFO - Setting next_dagrun for dag_mlops_full_pipeline to None, run_after=None
[2026-03-14T22:43:43.235+0000] {processor.py:178} INFO - Processing /opt/airflow/dags/dag2.py took 0.307 seconds
[2026-03-14T22:44:13.304+0000] {processor.py:156} INFO - Started process (PID=2931) to work on /opt/airflow/dags/dag2.py
[2026-03-14T22:44:13.305+0000] {processor.py:799} INFO - Processing file /opt/airflow/dags/dag2.py for tasks to queue
[2026-03-14T22:44:13.305+0000] {logging_mixin.py:149} INFO - [2026-03-14T22:44:13.305+0000] {dagbag.py:541} INFO - Filling up the DagBag from /opt/airflow/dags/dag2.py
[2026-03-14T22:44:13.590+0000] {processor.py:809} INFO - DAG(s) dict_keys(['dag_mlops_full_pipeline']) retrieved from /opt/airflow/dags/dag2.py
[2026-03-14T22:44:13.599+0000] {logging_mixin.py:149} INFO - [2026-03-14T22:44:13.599+0000] {dag.py:2726} INFO - Sync 1 DAGs
[2026-03-14T22:44:13.607+0000] {logging_mixin.py:149} INFO - [2026-03-14T22:44:13.607+0000] {dag.py:3490} INFO - Setting next_dagrun for dag_mlops_full_pipeline to None, run_after=None
[2026-03-14T22:44:13.614+0000] {processor.py:178} INFO - Processing /opt/airflow/dags/dag2.py took 0.313 seconds
[2026-03-14T22:44:43.640+0000] {processor.py:156} INFO - Started process (PID=2963) to work on /opt/airflow/dags/dag2.py
[2026-03-14T22:44:43.641+0000] {processor.py:799} INFO - Processing file /opt/airflow/dags/dag2.py for tasks to queue
[2026-03-14T22:44:43.643+0000] {logging_mixin.py:149} INFO - [2026-03-14T22:44:43.643+0000] {dagbag.py:541} INFO - Filling up the DagBag from /opt/airflow/dags/dag2.py
[2026-03-14T22:44:43.997+0000] {processor.py:809} INFO - DAG(s) dict_keys(['dag_mlops_full_pipeline']) retrieved from /opt/airflow/dags/dag2.py
[2026-03-14T22:44:44.009+0000] {logging_mixin.py:149} INFO - [2026-03-14T22:44:44.008+0000] {dag.py:2726} INFO - Sync 1 DAGs
[2026-03-14T22:44:44.018+0000] {logging_mixin.py:149} INFO - [2026-03-14T22:44:44.018+0000] {dag.py:3490} INFO - Setting next_dagrun for dag_mlops_full_pipeline to None, run_after=None
[2026-03-14T22:44:44.025+0000] {processor.py:178} INFO - Processing /opt/airflow/dags/dag2.py took 0.386 seconds
[2026-03-14T22:45:15.050+0000] {processor.py:156} INFO - Started process (PID=2995) to work on /opt/airflow/dags/dag2.py
[2026-03-14T22:45:15.051+0000] {processor.py:799} INFO - Processing file /opt/airflow/dags/dag2.py for tasks to queue
[2026-03-14T22:45:15.051+0000] {logging_mixin.py:149} INFO - [2026-03-14T22:45:15.051+0000] {dagbag.py:541} INFO - Filling up the DagBag from /opt/airflow/dags/dag2.py
[2026-03-14T22:45:15.336+0000] {processor.py:809} INFO - DAG(s) dict_keys(['dag_mlops_full_pipeline']) retrieved from /opt/airflow/dags/dag2.py
[2026-03-14T22:45:15.345+0000] {logging_mixin.py:149} INFO - [2026-03-14T22:45:15.345+0000] {dag.py:2726} INFO - Sync 1 DAGs
[2026-03-14T22:45:15.353+0000] {logging_mixin.py:149} INFO - [2026-03-14T22:45:15.353+0000] {dag.py:3490} INFO - Setting next_dagrun for dag_mlops_full_pipeline to None, run_after=None
[2026-03-14T22:45:15.359+0000] {processor.py:178} INFO - Processing /opt/airflow/dags/dag2.py took 0.312 seconds
[2026-03-14T22:45:45.386+0000] {processor.py:156} INFO - Started process (PID=3027) to work on /opt/airflow/dags/dag2.py
[2026-03-14T22:45:45.387+0000] {processor.py:799} INFO - Processing file /opt/airflow/dags/dag2.py for tasks to queue
[2026-03-14T22:45:45.387+0000] {logging_mixin.py:149} INFO - [2026-03-14T22:45:45.387+0000] {dagbag.py:541} INFO - Filling up the DagBag from /opt/airflow/dags/dag2.py
[2026-03-14T22:45:45.662+0000] {processor.py:809} INFO - DAG(s) dict_keys(['dag_mlops_full_pipeline']) retrieved from /opt/airflow/dags/dag2.py
[2026-03-14T22:45:45.670+0000] {logging_mixin.py:149} INFO - [2026-03-14T22:45:45.670+0000] {dag.py:2726} INFO - Sync 1 DAGs
[2026-03-14T22:45:45.678+0000] {logging_mixin.py:149} INFO - [2026-03-14T22:45:45.678+0000] {dag.py:3490} INFO - Setting next_dagrun for dag_mlops_full_pipeline to None, run_after=None
[2026-03-14T22:45:45.684+0000] {processor.py:178} INFO - Processing /opt/airflow/dags/dag2.py took 0.299 seconds
[2026-03-14T22:46:15.722+0000] {processor.py:156} INFO - Started process (PID=3059) to work on /opt/airflow/dags/dag2.py
[2026-03-14T22:46:15.722+0000] {processor.py:799} INFO - Processing file /opt/airflow/dags/dag2.py for tasks to queue
[2026-03-14T22:46:15.723+0000] {logging_mixin.py:149} INFO - [2026-03-14T22:46:15.723+0000] {dagbag.py:541} INFO - Filling up the DagBag from /opt/airflow/dags/dag2.py
[2026-03-14T22:46:15.995+0000] {processor.py:809} INFO - DAG(s) dict_keys(['dag_mlops_full_pipeline']) retrieved from /opt/airflow/dags/dag2.py
[2026-03-14T22:46:16.003+0000] {logging_mixin.py:149} INFO - [2026-03-14T22:46:16.003+0000] {dag.py:2726} INFO - Sync 1 DAGs
[2026-03-14T22:46:16.011+0000] {logging_mixin.py:149} INFO - [2026-03-14T22:46:16.011+0000] {dag.py:3490} INFO - Setting next_dagrun for dag_mlops_full_pipeline to None, run_after=None
[2026-03-14T22:46:16.017+0000] {processor.py:178} INFO - Processing /opt/airflow/dags/dag2.py took 0.298 seconds
[2026-03-14T22:46:46.098+0000] {processor.py:156} INFO - Started process (PID=3091) to work on /opt/airflow/dags/dag2.py
[2026-03-14T22:46:46.099+0000] {processor.py:799} INFO - Processing file /opt/airflow/dags/dag2.py for tasks to queue
[2026-03-14T22:46:46.100+0000] {logging_mixin.py:149} INFO - [2026-03-14T22:46:46.100+0000] {dagbag.py:541} INFO - Filling up the DagBag from /opt/airflow/dags/dag2.py
[2026-03-14T22:46:46.388+0000] {processor.py:809} INFO - DAG(s) dict_keys(['dag_mlops_full_pipeline']) retrieved from /opt/airflow/dags/dag2.py
[2026-03-14T22:46:46.397+0000] {logging_mixin.py:149} INFO - [2026-03-14T22:46:46.397+0000] {dag.py:2726} INFO - Sync 1 DAGs
[2026-03-14T22:46:46.405+0000] {logging_mixin.py:149} INFO - [2026-03-14T22:46:46.405+0000] {dag.py:3490} INFO - Setting next_dagrun for dag_mlops_full_pipeline to None, run_after=None
[2026-03-14T22:46:46.411+0000] {processor.py:178} INFO - Processing /opt/airflow/dags/dag2.py took 0.316 seconds
[2026-03-14T22:47:16.482+0000] {processor.py:156} INFO - Started process (PID=3123) to work on /opt/airflow/dags/dag2.py
[2026-03-14T22:47:16.482+0000] {processor.py:799} INFO - Processing file /opt/airflow/dags/dag2.py for tasks to queue
[2026-03-14T22:47:16.483+0000] {logging_mixin.py:149} INFO - [2026-03-14T22:47:16.483+0000] {dagbag.py:541} INFO - Filling up the DagBag from /opt/airflow/dags/dag2.py
[2026-03-14T22:47:16.815+0000] {processor.py:809} INFO - DAG(s) dict_keys(['dag_mlops_full_pipeline']) retrieved from /opt/airflow/dags/dag2.py
[2026-03-14T22:47:16.824+0000] {logging_mixin.py:149} INFO - [2026-03-14T22:47:16.824+0000] {dag.py:2726} INFO - Sync 1 DAGs
[2026-03-14T22:47:16.832+0000] {logging_mixin.py:149} INFO - [2026-03-14T22:47:16.832+0000] {dag.py:3490} INFO - Setting next_dagrun for dag_mlops_full_pipeline to None, run_after=None
[2026-03-14T22:47:16.838+0000] {processor.py:178} INFO - Processing /opt/airflow/dags/dag2.py took 0.360 seconds
[2026-03-14T22:47:47.876+0000] {processor.py:156} INFO - Started process (PID=3155) to work on /opt/airflow/dags/dag2.py
[2026-03-14T22:47:47.877+0000] {processor.py:799} INFO - Processing file /opt/airflow/dags/dag2.py for tasks to queue
[2026-03-14T22:47:47.878+0000] {logging_mixin.py:149} INFO - [2026-03-14T22:47:47.877+0000] {dagbag.py:541} INFO - Filling up the DagBag from /opt/airflow/dags/dag2.py
[2026-03-14T22:47:48.156+0000] {processor.py:809} INFO - DAG(s) dict_keys(['dag_mlops_full_pipeline']) retrieved from /opt/airflow/dags/dag2.py
[2026-03-14T22:47:48.165+0000] {logging_mixin.py:149} INFO - [2026-03-14T22:47:48.165+0000] {dag.py:2726} INFO - Sync 1 DAGs
[2026-03-14T22:47:48.173+0000] {logging_mixin.py:149} INFO - [2026-03-14T22:47:48.173+0000] {dag.py:3490} INFO - Setting next_dagrun for dag_mlops_full_pipeline to None, run_after=None
[2026-03-14T22:47:48.179+0000] {processor.py:178} INFO - Processing /opt/airflow/dags/dag2.py took 0.306 seconds
[2026-03-14T22:48:18.214+0000] {processor.py:156} INFO - Started process (PID=3187) to work on /opt/airflow/dags/dag2.py
[2026-03-14T22:48:18.215+0000] {processor.py:799} INFO - Processing file /opt/airflow/dags/dag2.py for tasks to queue
[2026-03-14T22:48:18.216+0000] {logging_mixin.py:149} INFO - [2026-03-14T22:48:18.216+0000] {dagbag.py:541} INFO - Filling up the DagBag from /opt/airflow/dags/dag2.py
[2026-03-14T22:48:18.497+0000] {processor.py:809} INFO - DAG(s) dict_keys(['dag_mlops_full_pipeline']) retrieved from /opt/airflow/dags/dag2.py
[2026-03-14T22:48:18.506+0000] {logging_mixin.py:149} INFO - [2026-03-14T22:48:18.505+0000] {dag.py:2726} INFO - Sync 1 DAGs
[2026-03-14T22:48:18.513+0000] {logging_mixin.py:149} INFO - [2026-03-14T22:48:18.513+0000] {dag.py:3490} INFO - Setting next_dagrun for dag_mlops_full_pipeline to None, run_after=None
[2026-03-14T22:48:18.519+0000] {processor.py:178} INFO - Processing /opt/airflow/dags/dag2.py took 0.308 seconds
[2026-03-14T22:48:48.572+0000] {processor.py:156} INFO - Started process (PID=3219) to work on /opt/airflow/dags/dag2.py
[2026-03-14T22:48:48.573+0000] {processor.py:799} INFO - Processing file /opt/airflow/dags/dag2.py for tasks to queue
[2026-03-14T22:48:48.574+0000] {logging_mixin.py:149} INFO - [2026-03-14T22:48:48.574+0000] {dagbag.py:541} INFO - Filling up the DagBag from /opt/airflow/dags/dag2.py
[2026-03-14T22:48:48.851+0000] {processor.py:809} INFO - DAG(s) dict_keys(['dag_mlops_full_pipeline']) retrieved from /opt/airflow/dags/dag2.py
[2026-03-14T22:48:48.860+0000] {logging_mixin.py:149} INFO - [2026-03-14T22:48:48.860+0000] {dag.py:2726} INFO - Sync 1 DAGs
[2026-03-14T22:48:48.869+0000] {logging_mixin.py:149} INFO - [2026-03-14T22:48:48.868+0000] {dag.py:3490} INFO - Setting next_dagrun for dag_mlops_full_pipeline to None, run_after=None
[2026-03-14T22:48:48.874+0000] {processor.py:178} INFO - Processing /opt/airflow/dags/dag2.py took 0.306 seconds
[2026-03-14T22:49:19.856+0000] {processor.py:156} INFO - Started process (PID=3251) to work on /opt/airflow/dags/dag2.py
[2026-03-14T22:49:19.857+0000] {processor.py:799} INFO - Processing file /opt/airflow/dags/dag2.py for tasks to queue
[2026-03-14T22:49:19.858+0000] {logging_mixin.py:149} INFO - [2026-03-14T22:49:19.857+0000] {dagbag.py:541} INFO - Filling up the DagBag from /opt/airflow/dags/dag2.py
[2026-03-14T22:49:20.156+0000] {processor.py:809} INFO - DAG(s) dict_keys(['dag_mlops_full_pipeline']) retrieved from /opt/airflow/dags/dag2.py
[2026-03-14T22:49:20.165+0000] {logging_mixin.py:149} INFO - [2026-03-14T22:49:20.165+0000] {dag.py:2726} INFO - Sync 1 DAGs
[2026-03-14T22:49:20.172+0000] {logging_mixin.py:149} INFO - [2026-03-14T22:49:20.172+0000] {dag.py:3490} INFO - Setting next_dagrun for dag_mlops_full_pipeline to None, run_after=None
[2026-03-14T22:49:20.178+0000] {processor.py:178} INFO - Processing /opt/airflow/dags/dag2.py took 0.326 seconds
[2026-03-14T22:49:50.206+0000] {processor.py:156} INFO - Started process (PID=3283) to work on /opt/airflow/dags/dag2.py
[2026-03-14T22:49:50.206+0000] {processor.py:799} INFO - Processing file /opt/airflow/dags/dag2.py for tasks to queue
[2026-03-14T22:49:50.206+0000] {logging_mixin.py:149} INFO - [2026-03-14T22:49:50.206+0000] {dagbag.py:541} INFO - Filling up the DagBag from /opt/airflow/dags/dag2.py
[2026-03-14T22:49:50.485+0000] {processor.py:809} INFO - DAG(s) dict_keys(['dag_mlops_full_pipeline']) retrieved from /opt/airflow/dags/dag2.py
[2026-03-14T22:49:50.496+0000] {logging_mixin.py:149} INFO - [2026-03-14T22:49:50.496+0000] {dag.py:2726} INFO - Sync 1 DAGs
[2026-03-14T22:49:50.507+0000] {logging_mixin.py:149} INFO - [2026-03-14T22:49:50.507+0000] {dag.py:3490} INFO - Setting next_dagrun for dag_mlops_full_pipeline to None, run_after=None
[2026-03-14T22:49:50.513+0000] {processor.py:178} INFO - Processing /opt/airflow/dags/dag2.py took 0.309 seconds
[2026-03-14T22:50:20.552+0000] {processor.py:156} INFO - Started process (PID=3315) to work on /opt/airflow/dags/dag2.py
[2026-03-14T22:50:20.553+0000] {processor.py:799} INFO - Processing file /opt/airflow/dags/dag2.py for tasks to queue
[2026-03-14T22:50:20.553+0000] {logging_mixin.py:149} INFO - [2026-03-14T22:50:20.553+0000] {dagbag.py:541} INFO - Filling up the DagBag from /opt/airflow/dags/dag2.py
[2026-03-14T22:50:20.896+0000] {processor.py:809} INFO - DAG(s) dict_keys(['dag_mlops_full_pipeline']) retrieved from /opt/airflow/dags/dag2.py
[2026-03-14T22:50:20.906+0000] {logging_mixin.py:149} INFO - [2026-03-14T22:50:20.906+0000] {dag.py:2726} INFO - Sync 1 DAGs
[2026-03-14T22:50:20.915+0000] {logging_mixin.py:149} INFO - [2026-03-14T22:50:20.915+0000] {dag.py:3490} INFO - Setting next_dagrun for dag_mlops_full_pipeline to None, run_after=None
[2026-03-14T22:50:20.922+0000] {processor.py:178} INFO - Processing /opt/airflow/dags/dag2.py took 0.371 seconds
[2026-03-14T22:50:51.871+0000] {processor.py:156} INFO - Started process (PID=3347) to work on /opt/airflow/dags/dag2.py
[2026-03-14T22:50:51.872+0000] {processor.py:799} INFO - Processing file /opt/airflow/dags/dag2.py for tasks to queue
[2026-03-14T22:50:51.873+0000] {logging_mixin.py:149} INFO - [2026-03-14T22:50:51.872+0000] {dagbag.py:541} INFO - Filling up the DagBag from /opt/airflow/dags/dag2.py
[2026-03-14T22:50:52.173+0000] {processor.py:809} INFO - DAG(s) dict_keys(['dag_mlops_full_pipeline']) retrieved from /opt/airflow/dags/dag2.py
[2026-03-14T22:50:52.181+0000] {logging_mixin.py:149} INFO - [2026-03-14T22:50:52.181+0000] {dag.py:2726} INFO - Sync 1 DAGs
[2026-03-14T22:50:52.189+0000] {logging_mixin.py:149} INFO - [2026-03-14T22:50:52.189+0000] {dag.py:3490} INFO - Setting next_dagrun for dag_mlops_full_pipeline to None, run_after=None
[2026-03-14T22:50:52.194+0000] {processor.py:178} INFO - Processing /opt/airflow/dags/dag2.py took 0.328 seconds
[2026-03-14T22:51:22.222+0000] {processor.py:156} INFO - Started process (PID=3379) to work on /opt/airflow/dags/dag2.py
[2026-03-14T22:51:22.222+0000] {processor.py:799} INFO - Processing file /opt/airflow/dags/dag2.py for tasks to queue
[2026-03-14T22:51:22.222+0000] {logging_mixin.py:149} INFO - [2026-03-14T22:51:22.222+0000] {dagbag.py:541} INFO - Filling up the DagBag from /opt/airflow/dags/dag2.py
[2026-03-14T22:51:22.563+0000] {processor.py:809} INFO - DAG(s) dict_keys(['dag_mlops_full_pipeline']) retrieved from /opt/airflow/dags/dag2.py
[2026-03-14T22:51:22.571+0000] {logging_mixin.py:149} INFO - [2026-03-14T22:51:22.571+0000] {dag.py:2726} INFO - Sync 1 DAGs
[2026-03-14T22:51:22.579+0000] {logging_mixin.py:149} INFO - [2026-03-14T22:51:22.579+0000] {dag.py:3490} INFO - Setting next_dagrun for dag_mlops_full_pipeline to None, run_after=None
[2026-03-14T22:51:22.585+0000] {processor.py:178} INFO - Processing /opt/airflow/dags/dag2.py took 0.365 seconds
[2026-03-14T22:51:53.615+0000] {processor.py:156} INFO - Started process (PID=3411) to work on /opt/airflow/dags/dag2.py
[2026-03-14T22:51:53.616+0000] {processor.py:799} INFO - Processing file /opt/airflow/dags/dag2.py for tasks to queue
[2026-03-14T22:51:53.616+0000] {logging_mixin.py:149} INFO - [2026-03-14T22:51:53.616+0000] {dagbag.py:541} INFO - Filling up the DagBag from /opt/airflow/dags/dag2.py
[2026-03-14T22:51:53.899+0000] {processor.py:809} INFO - DAG(s) dict_keys(['dag_mlops_full_pipeline']) retrieved from /opt/airflow/dags/dag2.py
[2026-03-14T22:51:53.908+0000] {logging_mixin.py:149} INFO - [2026-03-14T22:51:53.908+0000] {dag.py:2726} INFO - Sync 1 DAGs
[2026-03-14T22:51:53.915+0000] {logging_mixin.py:149} INFO - [2026-03-14T22:51:53.915+0000] {dag.py:3490} INFO - Setting next_dagrun for dag_mlops_full_pipeline to None, run_after=None
[2026-03-14T22:51:53.921+0000] {processor.py:178} INFO - Processing /opt/airflow/dags/dag2.py took 0.309 seconds
[2026-03-14T22:52:23.936+0000] {processor.py:156} INFO - Started process (PID=3443) to work on /opt/airflow/dags/dag2.py
[2026-03-14T22:52:23.936+0000] {processor.py:799} INFO - Processing file /opt/airflow/dags/dag2.py for tasks to queue
[2026-03-14T22:52:23.937+0000] {logging_mixin.py:149} INFO - [2026-03-14T22:52:23.937+0000] {dagbag.py:541} INFO - Filling up the DagBag from /opt/airflow/dags/dag2.py
[2026-03-14T22:52:24.267+0000] {processor.py:809} INFO - DAG(s) dict_keys(['dag_mlops_full_pipeline']) retrieved from /opt/airflow/dags/dag2.py
[2026-03-14T22:52:24.276+0000] {logging_mixin.py:149} INFO - [2026-03-14T22:52:24.276+0000] {dag.py:2726} INFO - Sync 1 DAGs
[2026-03-14T22:52:24.284+0000] {logging_mixin.py:149} INFO - [2026-03-14T22:52:24.284+0000] {dag.py:3490} INFO - Setting next_dagrun for dag_mlops_full_pipeline to None, run_after=None
[2026-03-14T22:52:24.289+0000] {processor.py:178} INFO - Processing /opt/airflow/dags/dag2.py took 0.355 seconds
[2026-03-14T22:52:55.282+0000] {processor.py:156} INFO - Started process (PID=3475) to work on /opt/airflow/dags/dag2.py
[2026-03-14T22:52:55.282+0000] {processor.py:799} INFO - Processing file /opt/airflow/dags/dag2.py for tasks to queue
[2026-03-14T22:52:55.283+0000] {logging_mixin.py:149} INFO - [2026-03-14T22:52:55.283+0000] {dagbag.py:541} INFO - Filling up the DagBag from /opt/airflow/dags/dag2.py
[2026-03-14T22:52:55.555+0000] {processor.py:809} INFO - DAG(s) dict_keys(['dag_mlops_full_pipeline']) retrieved from /opt/airflow/dags/dag2.py
[2026-03-14T22:52:55.564+0000] {logging_mixin.py:149} INFO - [2026-03-14T22:52:55.564+0000] {dag.py:2726} INFO - Sync 1 DAGs
[2026-03-14T22:52:55.571+0000] {logging_mixin.py:149} INFO - [2026-03-14T22:52:55.571+0000] {dag.py:3490} INFO - Setting next_dagrun for dag_mlops_full_pipeline to None, run_after=None
[2026-03-14T22:52:55.578+0000] {processor.py:178} INFO - Processing /opt/airflow/dags/dag2.py took 0.299 seconds
[2026-03-14T22:53:25.628+0000] {processor.py:156} INFO - Started process (PID=3507) to work on /opt/airflow/dags/dag2.py
[2026-03-14T22:53:25.628+0000] {processor.py:799} INFO - Processing file /opt/airflow/dags/dag2.py for tasks to queue
[2026-03-14T22:53:25.628+0000] {logging_mixin.py:149} INFO - [2026-03-14T22:53:25.628+0000] {dagbag.py:541} INFO - Filling up the DagBag from /opt/airflow/dags/dag2.py
[2026-03-14T22:53:25.916+0000] {processor.py:809} INFO - DAG(s) dict_keys(['dag_mlops_full_pipeline']) retrieved from /opt/airflow/dags/dag2.py
[2026-03-14T22:53:25.925+0000] {logging_mixin.py:149} INFO - [2026-03-14T22:53:25.925+0000] {dag.py:2726} INFO - Sync 1 DAGs
[2026-03-14T22:53:25.933+0000] {logging_mixin.py:149} INFO - [2026-03-14T22:53:25.933+0000] {dag.py:3490} INFO - Setting next_dagrun for dag_mlops_full_pipeline to None, run_after=None
[2026-03-14T22:53:25.938+0000] {processor.py:178} INFO - Processing /opt/airflow/dags/dag2.py took 0.312 seconds
[2026-03-14T22:53:55.997+0000] {processor.py:156} INFO - Started process (PID=3539) to work on /opt/airflow/dags/dag2.py
[2026-03-14T22:53:55.997+0000] {processor.py:799} INFO - Processing file /opt/airflow/dags/dag2.py for tasks to queue
[2026-03-14T22:53:55.998+0000] {logging_mixin.py:149} INFO - [2026-03-14T22:53:55.997+0000] {dagbag.py:541} INFO - Filling up the DagBag from /opt/airflow/dags/dag2.py
[2026-03-14T22:53:56.306+0000] {processor.py:809} INFO - DAG(s) dict_keys(['dag_mlops_full_pipeline']) retrieved from /opt/airflow/dags/dag2.py
[2026-03-14T22:53:56.315+0000] {logging_mixin.py:149} INFO - [2026-03-14T22:53:56.315+0000] {dag.py:2726} INFO - Sync 1 DAGs
[2026-03-14T22:53:56.324+0000] {logging_mixin.py:149} INFO - [2026-03-14T22:53:56.324+0000] {dag.py:3490} INFO - Setting next_dagrun for dag_mlops_full_pipeline to None, run_after=None
[2026-03-14T22:53:56.330+0000] {processor.py:178} INFO - Processing /opt/airflow/dags/dag2.py took 0.335 seconds
[2026-03-14T22:54:27.319+0000] {processor.py:156} INFO - Started process (PID=3571) to work on /opt/airflow/dags/dag2.py
[2026-03-14T22:54:27.319+0000] {processor.py:799} INFO - Processing file /opt/airflow/dags/dag2.py for tasks to queue
[2026-03-14T22:54:27.319+0000] {logging_mixin.py:149} INFO - [2026-03-14T22:54:27.319+0000] {dagbag.py:541} INFO - Filling up the DagBag from /opt/airflow/dags/dag2.py
[2026-03-14T22:54:27.616+0000] {processor.py:809} INFO - DAG(s) dict_keys(['dag_mlops_full_pipeline']) retrieved from /opt/airflow/dags/dag2.py
[2026-03-14T22:54:27.626+0000] {logging_mixin.py:149} INFO - [2026-03-14T22:54:27.626+0000] {dag.py:2726} INFO - Sync 1 DAGs
[2026-03-14T22:54:27.634+0000] {logging_mixin.py:149} INFO - [2026-03-14T22:54:27.634+0000] {dag.py:3490} INFO - Setting next_dagrun for dag_mlops_full_pipeline to None, run_after=None
[2026-03-14T22:54:27.641+0000] {processor.py:178} INFO - Processing /opt/airflow/dags/dag2.py took 0.324 seconds
[2026-03-14T22:54:57.692+0000] {processor.py:156} INFO - Started process (PID=3603) to work on /opt/airflow/dags/dag2.py
[2026-03-14T22:54:57.693+0000] {processor.py:799} INFO - Processing file /opt/airflow/dags/dag2.py for tasks to queue
[2026-03-14T22:54:57.693+0000] {logging_mixin.py:149} INFO - [2026-03-14T22:54:57.693+0000] {dagbag.py:541} INFO - Filling up the DagBag from /opt/airflow/dags/dag2.py
[2026-03-14T22:54:58.000+0000] {processor.py:809} INFO - DAG(s) dict_keys(['dag_mlops_full_pipeline']) retrieved from /opt/airflow/dags/dag2.py
[2026-03-14T22:54:58.009+0000] {logging_mixin.py:149} INFO - [2026-03-14T22:54:58.009+0000] {dag.py:2726} INFO - Sync 1 DAGs
[2026-03-14T22:54:58.018+0000] {logging_mixin.py:149} INFO - [2026-03-14T22:54:58.017+0000] {dag.py:3490} INFO - Setting next_dagrun for dag_mlops_full_pipeline to None, run_after=None
[2026-03-14T22:54:58.023+0000] {processor.py:178} INFO - Processing /opt/airflow/dags/dag2.py took 0.333 seconds
[2026-03-14T22:55:28.068+0000] {processor.py:156} INFO - Started process (PID=3635) to work on /opt/airflow/dags/dag2.py
[2026-03-14T22:55:28.068+0000] {processor.py:799} INFO - Processing file /opt/airflow/dags/dag2.py for tasks to queue
[2026-03-14T22:55:28.069+0000] {logging_mixin.py:149} INFO - [2026-03-14T22:55:28.069+0000] {dagbag.py:541} INFO - Filling up the DagBag from /opt/airflow/dags/dag2.py
[2026-03-14T22:55:28.358+0000] {processor.py:809} INFO - DAG(s) dict_keys(['dag_mlops_full_pipeline']) retrieved from /opt/airflow/dags/dag2.py
[2026-03-14T22:55:28.366+0000] {logging_mixin.py:149} INFO - [2026-03-14T22:55:28.366+0000] {dag.py:2726} INFO - Sync 1 DAGs
[2026-03-14T22:55:28.374+0000] {logging_mixin.py:149} INFO - [2026-03-14T22:55:28.374+0000] {dag.py:3490} INFO - Setting next_dagrun for dag_mlops_full_pipeline to None, run_after=None
[2026-03-14T22:55:28.380+0000] {processor.py:178} INFO - Processing /opt/airflow/dags/dag2.py took 0.316 seconds
[2026-03-14T22:55:59.362+0000] {processor.py:156} INFO - Started process (PID=3667) to work on /opt/airflow/dags/dag2.py
[2026-03-14T22:55:59.363+0000] {processor.py:799} INFO - Processing file /opt/airflow/dags/dag2.py for tasks to queue
[2026-03-14T22:55:59.363+0000] {logging_mixin.py:149} INFO - [2026-03-14T22:55:59.363+0000] {dagbag.py:541} INFO - Filling up the DagBag from /opt/airflow/dags/dag2.py
[2026-03-14T22:55:59.678+0000] {processor.py:809} INFO - DAG(s) dict_keys(['dag_mlops_full_pipeline']) retrieved from /opt/airflow/dags/dag2.py
[2026-03-14T22:55:59.688+0000] {logging_mixin.py:149} INFO - [2026-03-14T22:55:59.688+0000] {dag.py:2726} INFO - Sync 1 DAGs
[2026-03-14T22:55:59.696+0000] {logging_mixin.py:149} INFO - [2026-03-14T22:55:59.696+0000] {dag.py:3490} INFO - Setting next_dagrun for dag_mlops_full_pipeline to None, run_after=None
[2026-03-14T22:55:59.703+0000] {processor.py:178} INFO - Processing /opt/airflow/dags/dag2.py took 0.342 seconds
[2026-03-14T22:56:30.696+0000] {processor.py:156} INFO - Started process (PID=3699) to work on /opt/airflow/dags/dag2.py
[2026-03-14T22:56:30.696+0000] {processor.py:799} INFO - Processing file /opt/airflow/dags/dag2.py for tasks to queue
[2026-03-14T22:56:30.697+0000] {logging_mixin.py:149} INFO - [2026-03-14T22:56:30.697+0000] {dagbag.py:541} INFO - Filling up the DagBag from /opt/airflow/dags/dag2.py
[2026-03-14T22:56:31.004+0000] {processor.py:809} INFO - DAG(s) dict_keys(['dag_mlops_full_pipeline']) retrieved from /opt/airflow/dags/dag2.py
[2026-03-14T22:56:31.013+0000] {logging_mixin.py:149} INFO - [2026-03-14T22:56:31.013+0000] {dag.py:2726} INFO - Sync 1 DAGs
[2026-03-14T22:56:31.021+0000] {logging_mixin.py:149} INFO - [2026-03-14T22:56:31.021+0000] {dag.py:3490} INFO - Setting next_dagrun for dag_mlops_full_pipeline to None, run_after=None
[2026-03-14T22:56:31.026+0000] {processor.py:178} INFO - Processing /opt/airflow/dags/dag2.py took 0.332 seconds
[2026-03-14T22:57:02.000+0000] {processor.py:156} INFO - Started process (PID=3731) to work on /opt/airflow/dags/dag2.py
[2026-03-14T22:57:02.000+0000] {processor.py:799} INFO - Processing file /opt/airflow/dags/dag2.py for tasks to queue
[2026-03-14T22:57:02.001+0000] {logging_mixin.py:149} INFO - [2026-03-14T22:57:02.001+0000] {dagbag.py:541} INFO - Filling up the DagBag from /opt/airflow/dags/dag2.py
[2026-03-14T22:57:02.294+0000] {processor.py:809} INFO - DAG(s) dict_keys(['dag_mlops_full_pipeline']) retrieved from /opt/airflow/dags/dag2.py
[2026-03-14T22:57:02.304+0000] {logging_mixin.py:149} INFO - [2026-03-14T22:57:02.304+0000] {dag.py:2726} INFO - Sync 1 DAGs
[2026-03-14T22:57:02.313+0000] {logging_mixin.py:149} INFO - [2026-03-14T22:57:02.313+0000] {dag.py:3490} INFO - Setting next_dagrun for dag_mlops_full_pipeline to None, run_after=None
[2026-03-14T22:57:02.320+0000] {processor.py:178} INFO - Processing /opt/airflow/dags/dag2.py took 0.322 seconds
[2026-03-14T22:57:32.387+0000] {processor.py:156} INFO - Started process (PID=3769) to work on /opt/airflow/dags/dag2.py
[2026-03-14T22:57:32.387+0000] {processor.py:799} INFO - Processing file /opt/airflow/dags/dag2.py for tasks to queue
[2026-03-14T22:57:32.387+0000] {logging_mixin.py:149} INFO - [2026-03-14T22:57:32.387+0000] {dagbag.py:541} INFO - Filling up the DagBag from /opt/airflow/dags/dag2.py
[2026-03-14T22:57:32.723+0000] {processor.py:809} INFO - DAG(s) dict_keys(['dag_mlops_full_pipeline']) retrieved from /opt/airflow/dags/dag2.py
[2026-03-14T22:57:32.733+0000] {logging_mixin.py:149} INFO - [2026-03-14T22:57:32.733+0000] {dag.py:2726} INFO - Sync 1 DAGs
[2026-03-14T22:57:32.743+0000] {logging_mixin.py:149} INFO - [2026-03-14T22:57:32.743+0000] {dag.py:3490} INFO - Setting next_dagrun for dag_mlops_full_pipeline to None, run_after=None
[2026-03-14T22:57:32.749+0000] {processor.py:178} INFO - Processing /opt/airflow/dags/dag2.py took 0.364 seconds
[2026-03-14T22:58:03.664+0000] {processor.py:156} INFO - Started process (PID=3801) to work on /opt/airflow/dags/dag2.py
[2026-03-14T22:58:03.664+0000] {processor.py:799} INFO - Processing file /opt/airflow/dags/dag2.py for tasks to queue
[2026-03-14T22:58:03.665+0000] {logging_mixin.py:149} INFO - [2026-03-14T22:58:03.665+0000] {dagbag.py:541} INFO - Filling up the DagBag from /opt/airflow/dags/dag2.py
[2026-03-14T22:58:03.990+0000] {processor.py:809} INFO - DAG(s) dict_keys(['dag_mlops_full_pipeline']) retrieved from /opt/airflow/dags/dag2.py
[2026-03-14T22:58:03.999+0000] {logging_mixin.py:149} INFO - [2026-03-14T22:58:03.999+0000] {dag.py:2726} INFO - Sync 1 DAGs
[2026-03-14T22:58:04.008+0000] {logging_mixin.py:149} INFO - [2026-03-14T22:58:04.008+0000] {dag.py:3490} INFO - Setting next_dagrun for dag_mlops_full_pipeline to None, run_after=None
[2026-03-14T22:58:04.015+0000] {processor.py:178} INFO - Processing /opt/airflow/dags/dag2.py took 0.353 seconds
[2026-03-14T22:58:34.106+0000] {processor.py:156} INFO - Started process (PID=3833) to work on /opt/airflow/dags/dag2.py
[2026-03-14T22:58:34.107+0000] {processor.py:799} INFO - Processing file /opt/airflow/dags/dag2.py for tasks to queue
[2026-03-14T22:58:34.107+0000] {logging_mixin.py:149} INFO - [2026-03-14T22:58:34.107+0000] {dagbag.py:541} INFO - Filling up the DagBag from /opt/airflow/dags/dag2.py
[2026-03-14T22:58:34.391+0000] {processor.py:809} INFO - DAG(s) dict_keys(['dag_mlops_full_pipeline']) retrieved from /opt/airflow/dags/dag2.py
[2026-03-14T22:58:34.401+0000] {logging_mixin.py:149} INFO - [2026-03-14T22:58:34.401+0000] {dag.py:2726} INFO - Sync 1 DAGs
[2026-03-14T22:58:34.409+0000] {logging_mixin.py:149} INFO - [2026-03-14T22:58:34.409+0000] {dag.py:3490} INFO - Setting next_dagrun for dag_mlops_full_pipeline to None, run_after=None
[2026-03-14T22:58:34.415+0000] {processor.py:178} INFO - Processing /opt/airflow/dags/dag2.py took 0.310 seconds
[2026-03-14T22:59:05.396+0000] {processor.py:156} INFO - Started process (PID=3865) to work on /opt/airflow/dags/dag2.py
[2026-03-14T22:59:05.396+0000] {processor.py:799} INFO - Processing file /opt/airflow/dags/dag2.py for tasks to queue
[2026-03-14T22:59:05.396+0000] {logging_mixin.py:149} INFO - [2026-03-14T22:59:05.396+0000] {dagbag.py:541} INFO - Filling up the DagBag from /opt/airflow/dags/dag2.py
[2026-03-14T22:59:05.681+0000] {processor.py:809} INFO - DAG(s) dict_keys(['dag_mlops_full_pipeline']) retrieved from /opt/airflow/dags/dag2.py
[2026-03-14T22:59:05.689+0000] {logging_mixin.py:149} INFO - [2026-03-14T22:59:05.689+0000] {dag.py:2726} INFO - Sync 1 DAGs
[2026-03-14T22:59:05.697+0000] {logging_mixin.py:149} INFO - [2026-03-14T22:59:05.697+0000] {dag.py:3490} INFO - Setting next_dagrun for dag_mlops_full_pipeline to None, run_after=None
[2026-03-14T22:59:05.702+0000] {processor.py:178} INFO - Processing /opt/airflow/dags/dag2.py took 0.308 seconds
[2026-03-14T22:59:35.778+0000] {processor.py:156} INFO - Started process (PID=3897) to work on /opt/airflow/dags/dag2.py
[2026-03-14T22:59:35.778+0000] {processor.py:799} INFO - Processing file /opt/airflow/dags/dag2.py for tasks to queue
[2026-03-14T22:59:35.778+0000] {logging_mixin.py:149} INFO - [2026-03-14T22:59:35.778+0000] {dagbag.py:541} INFO - Filling up the DagBag from /opt/airflow/dags/dag2.py
[2026-03-14T22:59:36.082+0000] {processor.py:809} INFO - DAG(s) dict_keys(['dag_mlops_full_pipeline']) retrieved from /opt/airflow/dags/dag2.py
[2026-03-14T22:59:36.093+0000] {logging_mixin.py:149} INFO - [2026-03-14T22:59:36.092+0000] {dag.py:2726} INFO - Sync 1 DAGs
[2026-03-14T22:59:36.101+0000] {logging_mixin.py:149} INFO - [2026-03-14T22:59:36.101+0000] {dag.py:3490} INFO - Setting next_dagrun for dag_mlops_full_pipeline to None, run_after=None
[2026-03-14T22:59:36.107+0000] {processor.py:178} INFO - Processing /opt/airflow/dags/dag2.py took 0.331 seconds
[2026-03-14T23:00:07.090+0000] {processor.py:156} INFO - Started process (PID=3929) to work on /opt/airflow/dags/dag2.py
[2026-03-14T23:00:07.090+0000] {processor.py:799} INFO - Processing file /opt/airflow/dags/dag2.py for tasks to queue
[2026-03-14T23:00:07.090+0000] {logging_mixin.py:149} INFO - [2026-03-14T23:00:07.090+0000] {dagbag.py:541} INFO - Filling up the DagBag from /opt/airflow/dags/dag2.py
[2026-03-14T23:00:07.383+0000] {processor.py:809} INFO - DAG(s) dict_keys(['dag_mlops_full_pipeline']) retrieved from /opt/airflow/dags/dag2.py
[2026-03-14T23:00:07.391+0000] {logging_mixin.py:149} INFO - [2026-03-14T23:00:07.391+0000] {dag.py:2726} INFO - Sync 1 DAGs
[2026-03-14T23:00:07.399+0000] {logging_mixin.py:149} INFO - [2026-03-14T23:00:07.399+0000] {dag.py:3490} INFO - Setting next_dagrun for dag_mlops_full_pipeline to None, run_after=None
[2026-03-14T23:00:07.405+0000] {processor.py:178} INFO - Processing /opt/airflow/dags/dag2.py took 0.317 seconds
[2026-03-14T23:00:37.436+0000] {processor.py:156} INFO - Started process (PID=3961) to work on /opt/airflow/dags/dag2.py
[2026-03-14T23:00:37.436+0000] {processor.py:799} INFO - Processing file /opt/airflow/dags/dag2.py for tasks to queue
[2026-03-14T23:00:37.436+0000] {logging_mixin.py:149} INFO - [2026-03-14T23:00:37.436+0000] {dagbag.py:541} INFO - Filling up the DagBag from /opt/airflow/dags/dag2.py
[2026-03-14T23:00:37.722+0000] {processor.py:809} INFO - DAG(s) dict_keys(['dag_mlops_full_pipeline']) retrieved from /opt/airflow/dags/dag2.py
[2026-03-14T23:00:37.731+0000] {logging_mixin.py:149} INFO - [2026-03-14T23:00:37.731+0000] {dag.py:2726} INFO - Sync 1 DAGs
[2026-03-14T23:00:37.739+0000] {logging_mixin.py:149} INFO - [2026-03-14T23:00:37.739+0000] {dag.py:3490} INFO - Setting next_dagrun for dag_mlops_full_pipeline to None, run_after=None
[2026-03-14T23:00:37.745+0000] {processor.py:178} INFO - Processing /opt/airflow/dags/dag2.py took 0.311 seconds
[2026-03-14T23:01:07.814+0000] {processor.py:156} INFO - Started process (PID=3993) to work on /opt/airflow/dags/dag2.py
[2026-03-14T23:01:07.815+0000] {processor.py:799} INFO - Processing file /opt/airflow/dags/dag2.py for tasks to queue
[2026-03-14T23:01:07.815+0000] {logging_mixin.py:149} INFO - [2026-03-14T23:01:07.815+0000] {dagbag.py:541} INFO - Filling up the DagBag from /opt/airflow/dags/dag2.py
[2026-03-14T23:01:08.090+0000] {processor.py:809} INFO - DAG(s) dict_keys(['dag_mlops_full_pipeline']) retrieved from /opt/airflow/dags/dag2.py
[2026-03-14T23:01:08.099+0000] {logging_mixin.py:149} INFO - [2026-03-14T23:01:08.099+0000] {dag.py:2726} INFO - Sync 1 DAGs
[2026-03-14T23:01:08.108+0000] {logging_mixin.py:149} INFO - [2026-03-14T23:01:08.108+0000] {dag.py:3490} INFO - Setting next_dagrun for dag_mlops_full_pipeline to None, run_after=None
[2026-03-14T23:01:08.114+0000] {processor.py:178} INFO - Processing /opt/airflow/dags/dag2.py took 0.304 seconds
[2026-03-14T23:01:38.175+0000] {processor.py:156} INFO - Started process (PID=4025) to work on /opt/airflow/dags/dag2.py
[2026-03-14T23:01:38.176+0000] {processor.py:799} INFO - Processing file /opt/airflow/dags/dag2.py for tasks to queue
[2026-03-14T23:01:38.177+0000] {logging_mixin.py:149} INFO - [2026-03-14T23:01:38.177+0000] {dagbag.py:541} INFO - Filling up the DagBag from /opt/airflow/dags/dag2.py
[2026-03-14T23:01:38.453+0000] {processor.py:809} INFO - DAG(s) dict_keys(['dag_mlops_full_pipeline']) retrieved from /opt/airflow/dags/dag2.py
[2026-03-14T23:01:38.462+0000] {logging_mixin.py:149} INFO - [2026-03-14T23:01:38.462+0000] {dag.py:2726} INFO - Sync 1 DAGs
[2026-03-14T23:01:38.471+0000] {logging_mixin.py:149} INFO - [2026-03-14T23:01:38.471+0000] {dag.py:3490} INFO - Setting next_dagrun for dag_mlops_full_pipeline to None, run_after=None
[2026-03-14T23:01:38.479+0000] {processor.py:178} INFO - Processing /opt/airflow/dags/dag2.py took 0.307 seconds
[2026-03-14T23:02:08.544+0000] {processor.py:156} INFO - Started process (PID=4057) to work on /opt/airflow/dags/dag2.py
[2026-03-14T23:02:08.545+0000] {processor.py:799} INFO - Processing file /opt/airflow/dags/dag2.py for tasks to queue
[2026-03-14T23:02:08.546+0000] {logging_mixin.py:149} INFO - [2026-03-14T23:02:08.546+0000] {dagbag.py:541} INFO - Filling up the DagBag from /opt/airflow/dags/dag2.py
[2026-03-14T23:02:08.825+0000] {processor.py:809} INFO - DAG(s) dict_keys(['dag_mlops_full_pipeline']) retrieved from /opt/airflow/dags/dag2.py
[2026-03-14T23:02:08.834+0000] {logging_mixin.py:149} INFO - [2026-03-14T23:02:08.834+0000] {dag.py:2726} INFO - Sync 1 DAGs
[2026-03-14T23:02:08.842+0000] {logging_mixin.py:149} INFO - [2026-03-14T23:02:08.841+0000] {dag.py:3490} INFO - Setting next_dagrun for dag_mlops_full_pipeline to None, run_after=None
[2026-03-14T23:02:08.847+0000] {processor.py:178} INFO - Processing /opt/airflow/dags/dag2.py took 0.305 seconds
[2026-03-14T23:02:39.842+0000] {processor.py:156} INFO - Started process (PID=4089) to work on /opt/airflow/dags/dag2.py
[2026-03-14T23:02:39.843+0000] {processor.py:799} INFO - Processing file /opt/airflow/dags/dag2.py for tasks to queue
[2026-03-14T23:02:39.844+0000] {logging_mixin.py:149} INFO - [2026-03-14T23:02:39.844+0000] {dagbag.py:541} INFO - Filling up the DagBag from /opt/airflow/dags/dag2.py
[2026-03-14T23:02:40.147+0000] {processor.py:809} INFO - DAG(s) dict_keys(['dag_mlops_full_pipeline']) retrieved from /opt/airflow/dags/dag2.py
[2026-03-14T23:02:40.159+0000] {logging_mixin.py:149} INFO - [2026-03-14T23:02:40.158+0000] {dag.py:2726} INFO - Sync 1 DAGs
[2026-03-14T23:02:40.170+0000] {logging_mixin.py:149} INFO - [2026-03-14T23:02:40.170+0000] {dag.py:3490} INFO - Setting next_dagrun for dag_mlops_full_pipeline to None, run_after=None
[2026-03-14T23:02:40.179+0000] {processor.py:178} INFO - Processing /opt/airflow/dags/dag2.py took 0.342 seconds
[2026-03-14T23:03:11.184+0000] {processor.py:156} INFO - Started process (PID=4121) to work on /opt/airflow/dags/dag2.py
[2026-03-14T23:03:11.185+0000] {processor.py:799} INFO - Processing file /opt/airflow/dags/dag2.py for tasks to queue
[2026-03-14T23:03:11.185+0000] {logging_mixin.py:149} INFO - [2026-03-14T23:03:11.185+0000] {dagbag.py:541} INFO - Filling up the DagBag from /opt/airflow/dags/dag2.py
[2026-03-14T23:03:11.495+0000] {processor.py:809} INFO - DAG(s) dict_keys(['dag_mlops_full_pipeline']) retrieved from /opt/airflow/dags/dag2.py
[2026-03-14T23:03:11.506+0000] {logging_mixin.py:149} INFO - [2026-03-14T23:03:11.506+0000] {dag.py:2726} INFO - Sync 1 DAGs
[2026-03-14T23:03:11.516+0000] {logging_mixin.py:149} INFO - [2026-03-14T23:03:11.516+0000] {dag.py:3490} INFO - Setting next_dagrun for dag_mlops_full_pipeline to None, run_after=None
[2026-03-14T23:03:11.523+0000] {processor.py:178} INFO - Processing /opt/airflow/dags/dag2.py took 0.341 seconds
[2026-03-14T23:03:42.495+0000] {processor.py:156} INFO - Started process (PID=4153) to work on /opt/airflow/dags/dag2.py
[2026-03-14T23:03:42.496+0000] {processor.py:799} INFO - Processing file /opt/airflow/dags/dag2.py for tasks to queue
[2026-03-14T23:03:42.496+0000] {logging_mixin.py:149} INFO - [2026-03-14T23:03:42.496+0000] {dagbag.py:541} INFO - Filling up the DagBag from /opt/airflow/dags/dag2.py
[2026-03-14T23:03:42.852+0000] {processor.py:809} INFO - DAG(s) dict_keys(['dag_mlops_full_pipeline']) retrieved from /opt/airflow/dags/dag2.py
[2026-03-14T23:03:42.861+0000] {logging_mixin.py:149} INFO - [2026-03-14T23:03:42.861+0000] {dag.py:2726} INFO - Sync 1 DAGs
[2026-03-14T23:03:42.870+0000] {logging_mixin.py:149} INFO - [2026-03-14T23:03:42.870+0000] {dag.py:3490} INFO - Setting next_dagrun for dag_mlops_full_pipeline to None, run_after=None
[2026-03-14T23:03:42.876+0000] {processor.py:178} INFO - Processing /opt/airflow/dags/dag2.py took 0.382 seconds
[2026-03-14T23:04:13.883+0000] {processor.py:156} INFO - Started process (PID=4185) to work on /opt/airflow/dags/dag2.py
[2026-03-14T23:04:13.886+0000] {processor.py:799} INFO - Processing file /opt/airflow/dags/dag2.py for tasks to queue
[2026-03-14T23:04:13.887+0000] {logging_mixin.py:149} INFO - [2026-03-14T23:04:13.887+0000] {dagbag.py:541} INFO - Filling up the DagBag from /opt/airflow/dags/dag2.py
[2026-03-14T23:04:14.208+0000] {processor.py:809} INFO - DAG(s) dict_keys(['dag_mlops_full_pipeline']) retrieved from /opt/airflow/dags/dag2.py
[2026-03-14T23:04:14.216+0000] {logging_mixin.py:149} INFO - [2026-03-14T23:04:14.216+0000] {dag.py:2726} INFO - Sync 1 DAGs
[2026-03-14T23:04:14.224+0000] {logging_mixin.py:149} INFO - [2026-03-14T23:04:14.224+0000] {dag.py:3490} INFO - Setting next_dagrun for dag_mlops_full_pipeline to None, run_after=None
[2026-03-14T23:04:14.267+0000] {processor.py:178} INFO - Processing /opt/airflow/dags/dag2.py took 0.385 seconds
[2026-03-14T23:04:45.262+0000] {processor.py:156} INFO - Started process (PID=4217) to work on /opt/airflow/dags/dag2.py
[2026-03-14T23:04:45.263+0000] {processor.py:799} INFO - Processing file /opt/airflow/dags/dag2.py for tasks to queue
[2026-03-14T23:04:45.263+0000] {logging_mixin.py:149} INFO - [2026-03-14T23:04:45.263+0000] {dagbag.py:541} INFO - Filling up the DagBag from /opt/airflow/dags/dag2.py
[2026-03-14T23:04:45.534+0000] {processor.py:809} INFO - DAG(s) dict_keys(['dag_mlops_full_pipeline']) retrieved from /opt/airflow/dags/dag2.py
[2026-03-14T23:04:45.543+0000] {logging_mixin.py:149} INFO - [2026-03-14T23:04:45.543+0000] {dag.py:2726} INFO - Sync 1 DAGs
[2026-03-14T23:04:45.551+0000] {logging_mixin.py:149} INFO - [2026-03-14T23:04:45.551+0000] {dag.py:3490} INFO - Setting next_dagrun for dag_mlops_full_pipeline to None, run_after=None
[2026-03-14T23:04:45.557+0000] {processor.py:178} INFO - Processing /opt/airflow/dags/dag2.py took 0.298 seconds
[2026-03-14T23:05:15.600+0000] {processor.py:156} INFO - Started process (PID=4248) to work on /opt/airflow/dags/dag2.py
[2026-03-14T23:05:15.600+0000] {processor.py:799} INFO - Processing file /opt/airflow/dags/dag2.py for tasks to queue
[2026-03-14T23:05:15.601+0000] {logging_mixin.py:149} INFO - [2026-03-14T23:05:15.601+0000] {dagbag.py:541} INFO - Filling up the DagBag from /opt/airflow/dags/dag2.py
[2026-03-14T23:05:15.897+0000] {processor.py:809} INFO - DAG(s) dict_keys(['dag_mlops_full_pipeline']) retrieved from /opt/airflow/dags/dag2.py
[2026-03-14T23:05:15.905+0000] {logging_mixin.py:149} INFO - [2026-03-14T23:05:15.905+0000] {dag.py:2726} INFO - Sync 1 DAGs
[2026-03-14T23:05:15.949+0000] {logging_mixin.py:149} INFO - [2026-03-14T23:05:15.949+0000] {dag.py:3490} INFO - Setting next_dagrun for dag_mlops_full_pipeline to None, run_after=None
[2026-03-14T23:05:15.955+0000] {processor.py:178} INFO - Processing /opt/airflow/dags/dag2.py took 0.359 seconds
[2026-03-14T23:05:46.008+0000] {processor.py:156} INFO - Started process (PID=4280) to work on /opt/airflow/dags/dag2.py
[2026-03-14T23:05:46.009+0000] {processor.py:799} INFO - Processing file /opt/airflow/dags/dag2.py for tasks to queue
[2026-03-14T23:05:46.009+0000] {logging_mixin.py:149} INFO - [2026-03-14T23:05:46.009+0000] {dagbag.py:541} INFO - Filling up the DagBag from /opt/airflow/dags/dag2.py
[2026-03-14T23:05:46.336+0000] {processor.py:809} INFO - DAG(s) dict_keys(['dag_mlops_full_pipeline']) retrieved from /opt/airflow/dags/dag2.py
[2026-03-14T23:05:46.346+0000] {logging_mixin.py:149} INFO - [2026-03-14T23:05:46.346+0000] {dag.py:2726} INFO - Sync 1 DAGs
[2026-03-14T23:05:46.355+0000] {logging_mixin.py:149} INFO - [2026-03-14T23:05:46.355+0000] {dag.py:3490} INFO - Setting next_dagrun for dag_mlops_full_pipeline to None, run_after=None
[2026-03-14T23:05:46.361+0000] {processor.py:178} INFO - Processing /opt/airflow/dags/dag2.py took 0.354 seconds
[2026-03-14T23:06:17.354+0000] {processor.py:156} INFO - Started process (PID=4312) to work on /opt/airflow/dags/dag2.py
[2026-03-14T23:06:17.355+0000] {processor.py:799} INFO - Processing file /opt/airflow/dags/dag2.py for tasks to queue
[2026-03-14T23:06:17.355+0000] {logging_mixin.py:149} INFO - [2026-03-14T23:06:17.355+0000] {dagbag.py:541} INFO - Filling up the DagBag from /opt/airflow/dags/dag2.py
[2026-03-14T23:06:17.653+0000] {processor.py:809} INFO - DAG(s) dict_keys(['dag_mlops_full_pipeline']) retrieved from /opt/airflow/dags/dag2.py
[2026-03-14T23:06:17.661+0000] {logging_mixin.py:149} INFO - [2026-03-14T23:06:17.661+0000] {dag.py:2726} INFO - Sync 1 DAGs
[2026-03-14T23:06:17.704+0000] {logging_mixin.py:149} INFO - [2026-03-14T23:06:17.704+0000] {dag.py:3490} INFO - Setting next_dagrun for dag_mlops_full_pipeline to None, run_after=None
[2026-03-14T23:06:17.710+0000] {processor.py:178} INFO - Processing /opt/airflow/dags/dag2.py took 0.357 seconds
[2026-03-14T23:06:47.760+0000] {processor.py:156} INFO - Started process (PID=4344) to work on /opt/airflow/dags/dag2.py
[2026-03-14T23:06:47.760+0000] {processor.py:799} INFO - Processing file /opt/airflow/dags/dag2.py for tasks to queue
[2026-03-14T23:06:47.760+0000] {logging_mixin.py:149} INFO - [2026-03-14T23:06:47.760+0000] {dagbag.py:541} INFO - Filling up the DagBag from /opt/airflow/dags/dag2.py
[2026-03-14T23:06:48.056+0000] {processor.py:809} INFO - DAG(s) dict_keys(['dag_mlops_full_pipeline']) retrieved from /opt/airflow/dags/dag2.py
[2026-03-14T23:06:48.065+0000] {logging_mixin.py:149} INFO - [2026-03-14T23:06:48.065+0000] {dag.py:2726} INFO - Sync 1 DAGs
[2026-03-14T23:06:48.073+0000] {logging_mixin.py:149} INFO - [2026-03-14T23:06:48.073+0000] {dag.py:3490} INFO - Setting next_dagrun for dag_mlops_full_pipeline to None, run_after=None
[2026-03-14T23:06:48.118+0000] {processor.py:178} INFO - Processing /opt/airflow/dags/dag2.py took 0.360 seconds
[2026-03-14T23:07:19.042+0000] {processor.py:156} INFO - Started process (PID=4376) to work on /opt/airflow/dags/dag2.py
[2026-03-14T23:07:19.042+0000] {processor.py:799} INFO - Processing file /opt/airflow/dags/dag2.py for tasks to queue
[2026-03-14T23:07:19.043+0000] {logging_mixin.py:149} INFO - [2026-03-14T23:07:19.043+0000] {dagbag.py:541} INFO - Filling up the DagBag from /opt/airflow/dags/dag2.py
[2026-03-14T23:07:19.336+0000] {processor.py:809} INFO - DAG(s) dict_keys(['dag_mlops_full_pipeline']) retrieved from /opt/airflow/dags/dag2.py
[2026-03-14T23:07:19.380+0000] {logging_mixin.py:149} INFO - [2026-03-14T23:07:19.379+0000] {dag.py:2726} INFO - Sync 1 DAGs
[2026-03-14T23:07:19.387+0000] {logging_mixin.py:149} INFO - [2026-03-14T23:07:19.387+0000] {dag.py:3490} INFO - Setting next_dagrun for dag_mlops_full_pipeline to None, run_after=None
[2026-03-14T23:07:19.394+0000] {processor.py:178} INFO - Processing /opt/airflow/dags/dag2.py took 0.353 seconds
[2026-03-14T23:07:49.554+0000] {processor.py:156} INFO - Started process (PID=4409) to work on /opt/airflow/dags/dag2.py
[2026-03-14T23:07:49.555+0000] {processor.py:799} INFO - Processing file /opt/airflow/dags/dag2.py for tasks to queue
[2026-03-14T23:07:49.557+0000] {logging_mixin.py:149} INFO - [2026-03-14T23:07:49.557+0000] {dagbag.py:541} INFO - Filling up the DagBag from /opt/airflow/dags/dag2.py
[2026-03-14T23:07:49.848+0000] {processor.py:809} INFO - DAG(s) dict_keys(['dag_mlops_full_pipeline']) retrieved from /opt/airflow/dags/dag2.py
[2026-03-14T23:07:49.858+0000] {logging_mixin.py:149} INFO - [2026-03-14T23:07:49.858+0000] {dag.py:2726} INFO - Sync 1 DAGs
[2026-03-14T23:07:49.906+0000] {logging_mixin.py:149} INFO - [2026-03-14T23:07:49.906+0000] {dag.py:3490} INFO - Setting next_dagrun for dag_mlops_full_pipeline to None, run_after=None
[2026-03-14T23:07:49.912+0000] {processor.py:178} INFO - Processing /opt/airflow/dags/dag2.py took 0.360 seconds
[2026-03-14T23:08:20.850+0000] {processor.py:156} INFO - Started process (PID=4441) to work on /opt/airflow/dags/dag2.py
[2026-03-14T23:08:20.851+0000] {processor.py:799} INFO - Processing file /opt/airflow/dags/dag2.py for tasks to queue
[2026-03-14T23:08:20.851+0000] {logging_mixin.py:149} INFO - [2026-03-14T23:08:20.851+0000] {dagbag.py:541} INFO - Filling up the DagBag from /opt/airflow/dags/dag2.py
[2026-03-14T23:08:21.222+0000] {processor.py:809} INFO - DAG(s) dict_keys(['dag_mlops_full_pipeline']) retrieved from /opt/airflow/dags/dag2.py
[2026-03-14T23:08:21.278+0000] {logging_mixin.py:149} INFO - [2026-03-14T23:08:21.278+0000] {dag.py:2726} INFO - Sync 1 DAGs
[2026-03-14T23:08:21.287+0000] {logging_mixin.py:149} INFO - [2026-03-14T23:08:21.287+0000] {dag.py:3490} INFO - Setting next_dagrun for dag_mlops_full_pipeline to None, run_after=None
[2026-03-14T23:08:21.293+0000] {processor.py:178} INFO - Processing /opt/airflow/dags/dag2.py took 0.445 seconds
[2026-03-14T23:08:51.418+0000] {processor.py:156} INFO - Started process (PID=4473) to work on /opt/airflow/dags/dag2.py
[2026-03-14T23:08:51.419+0000] {processor.py:799} INFO - Processing file /opt/airflow/dags/dag2.py for tasks to queue
[2026-03-14T23:08:51.419+0000] {logging_mixin.py:149} INFO - [2026-03-14T23:08:51.419+0000] {dagbag.py:541} INFO - Filling up the DagBag from /opt/airflow/dags/dag2.py
[2026-03-14T23:08:51.753+0000] {processor.py:809} INFO - DAG(s) dict_keys(['dag_mlops_full_pipeline']) retrieved from /opt/airflow/dags/dag2.py
[2026-03-14T23:08:51.763+0000] {logging_mixin.py:149} INFO - [2026-03-14T23:08:51.762+0000] {dag.py:2726} INFO - Sync 1 DAGs
[2026-03-14T23:08:51.809+0000] {logging_mixin.py:149} INFO - [2026-03-14T23:08:51.809+0000] {dag.py:3490} INFO - Setting next_dagrun for dag_mlops_full_pipeline to None, run_after=None
[2026-03-14T23:08:51.816+0000] {processor.py:178} INFO - Processing /opt/airflow/dags/dag2.py took 0.400 seconds
[2026-03-14T23:09:21.855+0000] {processor.py:156} INFO - Started process (PID=4505) to work on /opt/airflow/dags/dag2.py
[2026-03-14T23:09:21.855+0000] {processor.py:799} INFO - Processing file /opt/airflow/dags/dag2.py for tasks to queue
[2026-03-14T23:09:21.856+0000] {logging_mixin.py:149} INFO - [2026-03-14T23:09:21.856+0000] {dagbag.py:541} INFO - Filling up the DagBag from /opt/airflow/dags/dag2.py
[2026-03-14T23:09:22.327+0000] {processor.py:809} INFO - DAG(s) dict_keys(['dag_mlops_full_pipeline']) retrieved from /opt/airflow/dags/dag2.py
[2026-03-14T23:09:22.338+0000] {logging_mixin.py:149} INFO - [2026-03-14T23:09:22.338+0000] {dag.py:2726} INFO - Sync 1 DAGs
[2026-03-14T23:09:22.350+0000] {logging_mixin.py:149} INFO - [2026-03-14T23:09:22.350+0000] {dag.py:3490} INFO - Setting next_dagrun for dag_mlops_full_pipeline to None, run_after=None
[2026-03-14T23:09:22.366+0000] {processor.py:178} INFO - Processing /opt/airflow/dags/dag2.py took 0.515 seconds
[2026-03-14T23:09:52.473+0000] {processor.py:156} INFO - Started process (PID=4537) to work on /opt/airflow/dags/dag2.py
[2026-03-14T23:09:52.473+0000] {processor.py:799} INFO - Processing file /opt/airflow/dags/dag2.py for tasks to queue
[2026-03-14T23:09:52.474+0000] {logging_mixin.py:149} INFO - [2026-03-14T23:09:52.474+0000] {dagbag.py:541} INFO - Filling up the DagBag from /opt/airflow/dags/dag2.py
[2026-03-14T23:09:52.823+0000] {processor.py:809} INFO - DAG(s) dict_keys(['dag_mlops_full_pipeline']) retrieved from /opt/airflow/dags/dag2.py
[2026-03-14T23:09:52.831+0000] {logging_mixin.py:149} INFO - [2026-03-14T23:09:52.831+0000] {dag.py:2726} INFO - Sync 1 DAGs
[2026-03-14T23:09:52.839+0000] {logging_mixin.py:149} INFO - [2026-03-14T23:09:52.839+0000] {dag.py:3490} INFO - Setting next_dagrun for dag_mlops_full_pipeline to None, run_after=None
[2026-03-14T23:09:52.845+0000] {processor.py:178} INFO - Processing /opt/airflow/dags/dag2.py took 0.374 seconds
[2026-03-14T23:10:23.011+0000] {processor.py:156} INFO - Started process (PID=4569) to work on /opt/airflow/dags/dag2.py
[2026-03-14T23:10:23.012+0000] {processor.py:799} INFO - Processing file /opt/airflow/dags/dag2.py for tasks to queue
[2026-03-14T23:10:23.013+0000] {logging_mixin.py:149} INFO - [2026-03-14T23:10:23.013+0000] {dagbag.py:541} INFO - Filling up the DagBag from /opt/airflow/dags/dag2.py
[2026-03-14T23:10:23.357+0000] {processor.py:809} INFO - DAG(s) dict_keys(['dag_mlops_full_pipeline']) retrieved from /opt/airflow/dags/dag2.py
[2026-03-14T23:10:23.366+0000] {logging_mixin.py:149} INFO - [2026-03-14T23:10:23.366+0000] {dag.py:2726} INFO - Sync 1 DAGs
[2026-03-14T23:10:23.373+0000] {logging_mixin.py:149} INFO - [2026-03-14T23:10:23.373+0000] {dag.py:3490} INFO - Setting next_dagrun for dag_mlops_full_pipeline to None, run_after=None
[2026-03-14T23:10:23.379+0000] {processor.py:178} INFO - Processing /opt/airflow/dags/dag2.py took 0.372 seconds
[2026-03-14T23:10:53.546+0000] {processor.py:156} INFO - Started process (PID=4601) to work on /opt/airflow/dags/dag2.py
[2026-03-14T23:10:53.546+0000] {processor.py:799} INFO - Processing file /opt/airflow/dags/dag2.py for tasks to queue
[2026-03-14T23:10:53.547+0000] {logging_mixin.py:149} INFO - [2026-03-14T23:10:53.546+0000] {dagbag.py:541} INFO - Filling up the DagBag from /opt/airflow/dags/dag2.py
[2026-03-14T23:10:53.837+0000] {processor.py:809} INFO - DAG(s) dict_keys(['dag_mlops_full_pipeline']) retrieved from /opt/airflow/dags/dag2.py
[2026-03-14T23:10:53.846+0000] {logging_mixin.py:149} INFO - [2026-03-14T23:10:53.845+0000] {dag.py:2726} INFO - Sync 1 DAGs
[2026-03-14T23:10:53.853+0000] {logging_mixin.py:149} INFO - [2026-03-14T23:10:53.853+0000] {dag.py:3490} INFO - Setting next_dagrun for dag_mlops_full_pipeline to None, run_after=None
[2026-03-14T23:10:53.859+0000] {processor.py:178} INFO - Processing /opt/airflow/dags/dag2.py took 0.317 seconds
[2026-03-14T23:11:23.971+0000] {processor.py:156} INFO - Started process (PID=4633) to work on /opt/airflow/dags/dag2.py
[2026-03-14T23:11:23.972+0000] {processor.py:799} INFO - Processing file /opt/airflow/dags/dag2.py for tasks to queue
[2026-03-14T23:11:23.973+0000] {logging_mixin.py:149} INFO - [2026-03-14T23:11:23.973+0000] {dagbag.py:541} INFO - Filling up the DagBag from /opt/airflow/dags/dag2.py
[2026-03-14T23:11:24.290+0000] {processor.py:809} INFO - DAG(s) dict_keys(['dag_mlops_full_pipeline']) retrieved from /opt/airflow/dags/dag2.py
[2026-03-14T23:11:24.299+0000] {logging_mixin.py:149} INFO - [2026-03-14T23:11:24.299+0000] {dag.py:2726} INFO - Sync 1 DAGs
[2026-03-14T23:11:24.306+0000] {logging_mixin.py:149} INFO - [2026-03-14T23:11:24.306+0000] {dag.py:3490} INFO - Setting next_dagrun for dag_mlops_full_pipeline to None, run_after=None
[2026-03-14T23:11:24.312+0000] {processor.py:178} INFO - Processing /opt/airflow/dags/dag2.py took 0.345 seconds
[2026-03-14T23:11:54.479+0000] {processor.py:156} INFO - Started process (PID=4665) to work on /opt/airflow/dags/dag2.py
[2026-03-14T23:11:54.480+0000] {processor.py:799} INFO - Processing file /opt/airflow/dags/dag2.py for tasks to queue
[2026-03-14T23:11:54.481+0000] {logging_mixin.py:149} INFO - [2026-03-14T23:11:54.481+0000] {dagbag.py:541} INFO - Filling up the DagBag from /opt/airflow/dags/dag2.py
[2026-03-14T23:11:54.795+0000] {processor.py:809} INFO - DAG(s) dict_keys(['dag_mlops_full_pipeline']) retrieved from /opt/airflow/dags/dag2.py
[2026-03-14T23:11:54.804+0000] {logging_mixin.py:149} INFO - [2026-03-14T23:11:54.804+0000] {dag.py:2726} INFO - Sync 1 DAGs
[2026-03-14T23:11:54.811+0000] {logging_mixin.py:149} INFO - [2026-03-14T23:11:54.811+0000] {dag.py:3490} INFO - Setting next_dagrun for dag_mlops_full_pipeline to None, run_after=None
[2026-03-14T23:11:54.817+0000] {processor.py:178} INFO - Processing /opt/airflow/dags/dag2.py took 0.341 seconds
[2026-03-14T23:12:24.991+0000] {processor.py:156} INFO - Started process (PID=4697) to work on /opt/airflow/dags/dag2.py
[2026-03-14T23:12:24.992+0000] {processor.py:799} INFO - Processing file /opt/airflow/dags/dag2.py for tasks to queue
[2026-03-14T23:12:24.993+0000] {logging_mixin.py:149} INFO - [2026-03-14T23:12:24.993+0000] {dagbag.py:541} INFO - Filling up the DagBag from /opt/airflow/dags/dag2.py
[2026-03-14T23:12:25.276+0000] {processor.py:809} INFO - DAG(s) dict_keys(['dag_mlops_full_pipeline']) retrieved from /opt/airflow/dags/dag2.py
[2026-03-14T23:12:25.284+0000] {logging_mixin.py:149} INFO - [2026-03-14T23:12:25.284+0000] {dag.py:2726} INFO - Sync 1 DAGs
[2026-03-14T23:12:25.293+0000] {logging_mixin.py:149} INFO - [2026-03-14T23:12:25.293+0000] {dag.py:3490} INFO - Setting next_dagrun for dag_mlops_full_pipeline to None, run_after=None
[2026-03-14T23:12:25.298+0000] {processor.py:178} INFO - Processing /opt/airflow/dags/dag2.py took 0.310 seconds
[2026-03-14T23:12:55.433+0000] {processor.py:156} INFO - Started process (PID=4729) to work on /opt/airflow/dags/dag2.py
[2026-03-14T23:12:55.434+0000] {processor.py:799} INFO - Processing file /opt/airflow/dags/dag2.py for tasks to queue
[2026-03-14T23:12:55.435+0000] {logging_mixin.py:149} INFO - [2026-03-14T23:12:55.435+0000] {dagbag.py:541} INFO - Filling up the DagBag from /opt/airflow/dags/dag2.py
[2026-03-14T23:12:55.734+0000] {processor.py:809} INFO - DAG(s) dict_keys(['dag_mlops_full_pipeline']) retrieved from /opt/airflow/dags/dag2.py
[2026-03-14T23:12:55.742+0000] {logging_mixin.py:149} INFO - [2026-03-14T23:12:55.742+0000] {dag.py:2726} INFO - Sync 1 DAGs
[2026-03-14T23:12:55.750+0000] {logging_mixin.py:149} INFO - [2026-03-14T23:12:55.750+0000] {dag.py:3490} INFO - Setting next_dagrun for dag_mlops_full_pipeline to None, run_after=None
[2026-03-14T23:12:55.756+0000] {processor.py:178} INFO - Processing /opt/airflow/dags/dag2.py took 0.326 seconds
[2026-03-14T23:13:25.932+0000] {processor.py:156} INFO - Started process (PID=4761) to work on /opt/airflow/dags/dag2.py
[2026-03-14T23:13:25.933+0000] {processor.py:799} INFO - Processing file /opt/airflow/dags/dag2.py for tasks to queue
[2026-03-14T23:13:25.933+0000] {logging_mixin.py:149} INFO - [2026-03-14T23:13:25.933+0000] {dagbag.py:541} INFO - Filling up the DagBag from /opt/airflow/dags/dag2.py
[2026-03-14T23:13:26.249+0000] {processor.py:809} INFO - DAG(s) dict_keys(['dag_mlops_full_pipeline']) retrieved from /opt/airflow/dags/dag2.py
[2026-03-14T23:13:26.258+0000] {logging_mixin.py:149} INFO - [2026-03-14T23:13:26.257+0000] {dag.py:2726} INFO - Sync 1 DAGs
[2026-03-14T23:13:26.265+0000] {logging_mixin.py:149} INFO - [2026-03-14T23:13:26.265+0000] {dag.py:3490} INFO - Setting next_dagrun for dag_mlops_full_pipeline to None, run_after=None
[2026-03-14T23:13:26.271+0000] {processor.py:178} INFO - Processing /opt/airflow/dags/dag2.py took 0.342 seconds
[2026-03-14T23:13:56.473+0000] {processor.py:156} INFO - Started process (PID=4793) to work on /opt/airflow/dags/dag2.py
[2026-03-14T23:13:56.474+0000] {processor.py:799} INFO - Processing file /opt/airflow/dags/dag2.py for tasks to queue
[2026-03-14T23:13:56.474+0000] {logging_mixin.py:149} INFO - [2026-03-14T23:13:56.474+0000] {dagbag.py:541} INFO - Filling up the DagBag from /opt/airflow/dags/dag2.py
[2026-03-14T23:13:56.758+0000] {processor.py:809} INFO - DAG(s) dict_keys(['dag_mlops_full_pipeline']) retrieved from /opt/airflow/dags/dag2.py
[2026-03-14T23:13:56.767+0000] {logging_mixin.py:149} INFO - [2026-03-14T23:13:56.766+0000] {dag.py:2726} INFO - Sync 1 DAGs
[2026-03-14T23:13:56.776+0000] {logging_mixin.py:149} INFO - [2026-03-14T23:13:56.776+0000] {dag.py:3490} INFO - Setting next_dagrun for dag_mlops_full_pipeline to None, run_after=None
[2026-03-14T23:13:56.781+0000] {processor.py:178} INFO - Processing /opt/airflow/dags/dag2.py took 0.312 seconds
[2026-03-14T23:14:26.935+0000] {processor.py:156} INFO - Started process (PID=4825) to work on /opt/airflow/dags/dag2.py
[2026-03-14T23:14:26.936+0000] {processor.py:799} INFO - Processing file /opt/airflow/dags/dag2.py for tasks to queue
[2026-03-14T23:14:26.937+0000] {logging_mixin.py:149} INFO - [2026-03-14T23:14:26.937+0000] {dagbag.py:541} INFO - Filling up the DagBag from /opt/airflow/dags/dag2.py
[2026-03-14T23:14:27.211+0000] {processor.py:809} INFO - DAG(s) dict_keys(['dag_mlops_full_pipeline']) retrieved from /opt/airflow/dags/dag2.py
[2026-03-14T23:14:27.219+0000] {logging_mixin.py:149} INFO - [2026-03-14T23:14:27.219+0000] {dag.py:2726} INFO - Sync 1 DAGs
[2026-03-14T23:14:27.227+0000] {logging_mixin.py:149} INFO - [2026-03-14T23:14:27.227+0000] {dag.py:3490} INFO - Setting next_dagrun for dag_mlops_full_pipeline to None, run_after=None
[2026-03-14T23:14:27.232+0000] {processor.py:178} INFO - Processing /opt/airflow/dags/dag2.py took 0.301 seconds
[2026-03-14T23:14:57.408+0000] {processor.py:156} INFO - Started process (PID=4857) to work on /opt/airflow/dags/dag2.py
[2026-03-14T23:14:57.410+0000] {processor.py:799} INFO - Processing file /opt/airflow/dags/dag2.py for tasks to queue
[2026-03-14T23:14:57.410+0000] {logging_mixin.py:149} INFO - [2026-03-14T23:14:57.410+0000] {dagbag.py:541} INFO - Filling up the DagBag from /opt/airflow/dags/dag2.py
[2026-03-14T23:14:57.723+0000] {processor.py:809} INFO - DAG(s) dict_keys(['dag_mlops_full_pipeline']) retrieved from /opt/airflow/dags/dag2.py
[2026-03-14T23:14:57.732+0000] {logging_mixin.py:149} INFO - [2026-03-14T23:14:57.731+0000] {dag.py:2726} INFO - Sync 1 DAGs
[2026-03-14T23:14:57.739+0000] {logging_mixin.py:149} INFO - [2026-03-14T23:14:57.739+0000] {dag.py:3490} INFO - Setting next_dagrun for dag_mlops_full_pipeline to None, run_after=None
[2026-03-14T23:14:57.745+0000] {processor.py:178} INFO - Processing /opt/airflow/dags/dag2.py took 0.340 seconds
[2026-03-14T23:15:27.859+0000] {processor.py:156} INFO - Started process (PID=4889) to work on /opt/airflow/dags/dag2.py
[2026-03-14T23:15:27.860+0000] {processor.py:799} INFO - Processing file /opt/airflow/dags/dag2.py for tasks to queue
[2026-03-14T23:15:27.860+0000] {logging_mixin.py:149} INFO - [2026-03-14T23:15:27.860+0000] {dagbag.py:541} INFO - Filling up the DagBag from /opt/airflow/dags/dag2.py
[2026-03-14T23:15:28.165+0000] {processor.py:809} INFO - DAG(s) dict_keys(['dag_mlops_full_pipeline']) retrieved from /opt/airflow/dags/dag2.py
[2026-03-14T23:15:28.173+0000] {logging_mixin.py:149} INFO - [2026-03-14T23:15:28.173+0000] {dag.py:2726} INFO - Sync 1 DAGs
[2026-03-14T23:15:28.181+0000] {logging_mixin.py:149} INFO - [2026-03-14T23:15:28.181+0000] {dag.py:3490} INFO - Setting next_dagrun for dag_mlops_full_pipeline to None, run_after=None
[2026-03-14T23:15:28.187+0000] {processor.py:178} INFO - Processing /opt/airflow/dags/dag2.py took 0.331 seconds
[2026-03-14T23:15:58.347+0000] {processor.py:156} INFO - Started process (PID=4921) to work on /opt/airflow/dags/dag2.py
[2026-03-14T23:15:58.348+0000] {processor.py:799} INFO - Processing file /opt/airflow/dags/dag2.py for tasks to queue
[2026-03-14T23:15:58.348+0000] {logging_mixin.py:149} INFO - [2026-03-14T23:15:58.348+0000] {dagbag.py:541} INFO - Filling up the DagBag from /opt/airflow/dags/dag2.py
[2026-03-14T23:15:58.628+0000] {processor.py:809} INFO - DAG(s) dict_keys(['dag_mlops_full_pipeline']) retrieved from /opt/airflow/dags/dag2.py
[2026-03-14T23:15:58.637+0000] {logging_mixin.py:149} INFO - [2026-03-14T23:15:58.636+0000] {dag.py:2726} INFO - Sync 1 DAGs
[2026-03-14T23:15:58.644+0000] {logging_mixin.py:149} INFO - [2026-03-14T23:15:58.644+0000] {dag.py:3490} INFO - Setting next_dagrun for dag_mlops_full_pipeline to None, run_after=None
[2026-03-14T23:15:58.649+0000] {processor.py:178} INFO - Processing /opt/airflow/dags/dag2.py took 0.306 seconds
[2026-03-14T23:16:28.804+0000] {processor.py:156} INFO - Started process (PID=4953) to work on /opt/airflow/dags/dag2.py
[2026-03-14T23:16:28.805+0000] {processor.py:799} INFO - Processing file /opt/airflow/dags/dag2.py for tasks to queue
[2026-03-14T23:16:28.805+0000] {logging_mixin.py:149} INFO - [2026-03-14T23:16:28.805+0000] {dagbag.py:541} INFO - Filling up the DagBag from /opt/airflow/dags/dag2.py
[2026-03-14T23:16:29.109+0000] {processor.py:809} INFO - DAG(s) dict_keys(['dag_mlops_full_pipeline']) retrieved from /opt/airflow/dags/dag2.py
[2026-03-14T23:16:29.117+0000] {logging_mixin.py:149} INFO - [2026-03-14T23:16:29.117+0000] {dag.py:2726} INFO - Sync 1 DAGs
[2026-03-14T23:16:29.125+0000] {logging_mixin.py:149} INFO - [2026-03-14T23:16:29.125+0000] {dag.py:3490} INFO - Setting next_dagrun for dag_mlops_full_pipeline to None, run_after=None
[2026-03-14T23:16:29.130+0000] {processor.py:178} INFO - Processing /opt/airflow/dags/dag2.py took 0.330 seconds
[2026-03-14T23:16:59.304+0000] {processor.py:156} INFO - Started process (PID=4985) to work on /opt/airflow/dags/dag2.py
[2026-03-14T23:16:59.305+0000] {processor.py:799} INFO - Processing file /opt/airflow/dags/dag2.py for tasks to queue
[2026-03-14T23:16:59.306+0000] {logging_mixin.py:149} INFO - [2026-03-14T23:16:59.306+0000] {dagbag.py:541} INFO - Filling up the DagBag from /opt/airflow/dags/dag2.py
[2026-03-14T23:16:59.615+0000] {processor.py:809} INFO - DAG(s) dict_keys(['dag_mlops_full_pipeline']) retrieved from /opt/airflow/dags/dag2.py
[2026-03-14T23:16:59.623+0000] {logging_mixin.py:149} INFO - [2026-03-14T23:16:59.623+0000] {dag.py:2726} INFO - Sync 1 DAGs
[2026-03-14T23:16:59.630+0000] {logging_mixin.py:149} INFO - [2026-03-14T23:16:59.630+0000] {dag.py:3490} INFO - Setting next_dagrun for dag_mlops_full_pipeline to None, run_after=None
[2026-03-14T23:16:59.636+0000] {processor.py:178} INFO - Processing /opt/airflow/dags/dag2.py took 0.335 seconds
[2026-03-14T23:17:29.806+0000] {processor.py:156} INFO - Started process (PID=5017) to work on /opt/airflow/dags/dag2.py
[2026-03-14T23:17:29.807+0000] {processor.py:799} INFO - Processing file /opt/airflow/dags/dag2.py for tasks to queue
[2026-03-14T23:17:29.807+0000] {logging_mixin.py:149} INFO - [2026-03-14T23:17:29.807+0000] {dagbag.py:541} INFO - Filling up the DagBag from /opt/airflow/dags/dag2.py
[2026-03-14T23:17:30.093+0000] {processor.py:809} INFO - DAG(s) dict_keys(['dag_mlops_full_pipeline']) retrieved from /opt/airflow/dags/dag2.py
[2026-03-14T23:17:30.102+0000] {logging_mixin.py:149} INFO - [2026-03-14T23:17:30.101+0000] {dag.py:2726} INFO - Sync 1 DAGs
[2026-03-14T23:17:30.109+0000] {logging_mixin.py:149} INFO - [2026-03-14T23:17:30.109+0000] {dag.py:3490} INFO - Setting next_dagrun for dag_mlops_full_pipeline to None, run_after=None
[2026-03-14T23:17:30.115+0000] {processor.py:178} INFO - Processing /opt/airflow/dags/dag2.py took 0.313 seconds
[2026-03-14T23:18:00.290+0000] {processor.py:156} INFO - Started process (PID=5049) to work on /opt/airflow/dags/dag2.py
[2026-03-14T23:18:00.291+0000] {processor.py:799} INFO - Processing file /opt/airflow/dags/dag2.py for tasks to queue
[2026-03-14T23:18:00.292+0000] {logging_mixin.py:149} INFO - [2026-03-14T23:18:00.292+0000] {dagbag.py:541} INFO - Filling up the DagBag from /opt/airflow/dags/dag2.py
[2026-03-14T23:18:00.595+0000] {processor.py:809} INFO - DAG(s) dict_keys(['dag_mlops_full_pipeline']) retrieved from /opt/airflow/dags/dag2.py
[2026-03-14T23:18:00.603+0000] {logging_mixin.py:149} INFO - [2026-03-14T23:18:00.603+0000] {dag.py:2726} INFO - Sync 1 DAGs
[2026-03-14T23:18:00.611+0000] {logging_mixin.py:149} INFO - [2026-03-14T23:18:00.611+0000] {dag.py:3490} INFO - Setting next_dagrun for dag_mlops_full_pipeline to None, run_after=None
[2026-03-14T23:18:00.617+0000] {processor.py:178} INFO - Processing /opt/airflow/dags/dag2.py took 0.331 seconds
[2026-03-14T23:18:30.718+0000] {processor.py:156} INFO - Started process (PID=5081) to work on /opt/airflow/dags/dag2.py
[2026-03-14T23:18:30.718+0000] {processor.py:799} INFO - Processing file /opt/airflow/dags/dag2.py for tasks to queue
[2026-03-14T23:18:30.718+0000] {logging_mixin.py:149} INFO - [2026-03-14T23:18:30.718+0000] {dagbag.py:541} INFO - Filling up the DagBag from /opt/airflow/dags/dag2.py
[2026-03-14T23:18:31.018+0000] {processor.py:809} INFO - DAG(s) dict_keys(['dag_mlops_full_pipeline']) retrieved from /opt/airflow/dags/dag2.py
[2026-03-14T23:18:31.027+0000] {logging_mixin.py:149} INFO - [2026-03-14T23:18:31.026+0000] {dag.py:2726} INFO - Sync 1 DAGs
[2026-03-14T23:18:31.034+0000] {logging_mixin.py:149} INFO - [2026-03-14T23:18:31.034+0000] {dag.py:3490} INFO - Setting next_dagrun for dag_mlops_full_pipeline to None, run_after=None
[2026-03-14T23:18:31.039+0000] {processor.py:178} INFO - Processing /opt/airflow/dags/dag2.py took 0.323 seconds
[2026-03-14T23:19:01.209+0000] {processor.py:156} INFO - Started process (PID=5113) to work on /opt/airflow/dags/dag2.py
[2026-03-14T23:19:01.210+0000] {processor.py:799} INFO - Processing file /opt/airflow/dags/dag2.py for tasks to queue
[2026-03-14T23:19:01.210+0000] {logging_mixin.py:149} INFO - [2026-03-14T23:19:01.210+0000] {dagbag.py:541} INFO - Filling up the DagBag from /opt/airflow/dags/dag2.py
[2026-03-14T23:19:01.515+0000] {processor.py:809} INFO - DAG(s) dict_keys(['dag_mlops_full_pipeline']) retrieved from /opt/airflow/dags/dag2.py
[2026-03-14T23:19:01.524+0000] {logging_mixin.py:149} INFO - [2026-03-14T23:19:01.524+0000] {dag.py:2726} INFO - Sync 1 DAGs
[2026-03-14T23:19:01.532+0000] {logging_mixin.py:149} INFO - [2026-03-14T23:19:01.532+0000] {dag.py:3490} INFO - Setting next_dagrun for dag_mlops_full_pipeline to None, run_after=None
[2026-03-14T23:19:01.538+0000] {processor.py:178} INFO - Processing /opt/airflow/dags/dag2.py took 0.333 seconds
[2026-03-14T23:19:31.701+0000] {processor.py:156} INFO - Started process (PID=5145) to work on /opt/airflow/dags/dag2.py
[2026-03-14T23:19:31.702+0000] {processor.py:799} INFO - Processing file /opt/airflow/dags/dag2.py for tasks to queue
[2026-03-14T23:19:31.702+0000] {logging_mixin.py:149} INFO - [2026-03-14T23:19:31.702+0000] {dagbag.py:541} INFO - Filling up the DagBag from /opt/airflow/dags/dag2.py
[2026-03-14T23:19:32.014+0000] {processor.py:809} INFO - DAG(s) dict_keys(['dag_mlops_full_pipeline']) retrieved from /opt/airflow/dags/dag2.py
[2026-03-14T23:19:32.023+0000] {logging_mixin.py:149} INFO - [2026-03-14T23:19:32.023+0000] {dag.py:2726} INFO - Sync 1 DAGs
[2026-03-14T23:19:32.031+0000] {logging_mixin.py:149} INFO - [2026-03-14T23:19:32.031+0000] {dag.py:3490} INFO - Setting next_dagrun for dag_mlops_full_pipeline to None, run_after=None
[2026-03-14T23:19:32.037+0000] {processor.py:178} INFO - Processing /opt/airflow/dags/dag2.py took 0.339 seconds
[2026-03-14T23:20:02.138+0000] {processor.py:156} INFO - Started process (PID=5177) to work on /opt/airflow/dags/dag2.py
[2026-03-14T23:20:02.139+0000] {processor.py:799} INFO - Processing file /opt/airflow/dags/dag2.py for tasks to queue
[2026-03-14T23:20:02.139+0000] {logging_mixin.py:149} INFO - [2026-03-14T23:20:02.139+0000] {dagbag.py:541} INFO - Filling up the DagBag from /opt/airflow/dags/dag2.py
[2026-03-14T23:20:02.415+0000] {processor.py:809} INFO - DAG(s) dict_keys(['dag_mlops_full_pipeline']) retrieved from /opt/airflow/dags/dag2.py
[2026-03-14T23:20:02.424+0000] {logging_mixin.py:149} INFO - [2026-03-14T23:20:02.424+0000] {dag.py:2726} INFO - Sync 1 DAGs
[2026-03-14T23:20:02.431+0000] {logging_mixin.py:149} INFO - [2026-03-14T23:20:02.431+0000] {dag.py:3490} INFO - Setting next_dagrun for dag_mlops_full_pipeline to None, run_after=None
[2026-03-14T23:20:02.437+0000] {processor.py:178} INFO - Processing /opt/airflow/dags/dag2.py took 0.301 seconds
[2026-03-14T23:20:32.602+0000] {processor.py:156} INFO - Started process (PID=5209) to work on /opt/airflow/dags/dag2.py
[2026-03-14T23:20:32.603+0000] {processor.py:799} INFO - Processing file /opt/airflow/dags/dag2.py for tasks to queue
[2026-03-14T23:20:32.603+0000] {logging_mixin.py:149} INFO - [2026-03-14T23:20:32.603+0000] {dagbag.py:541} INFO - Filling up the DagBag from /opt/airflow/dags/dag2.py
[2026-03-14T23:20:32.884+0000] {processor.py:809} INFO - DAG(s) dict_keys(['dag_mlops_full_pipeline']) retrieved from /opt/airflow/dags/dag2.py
[2026-03-14T23:20:32.892+0000] {logging_mixin.py:149} INFO - [2026-03-14T23:20:32.892+0000] {dag.py:2726} INFO - Sync 1 DAGs
[2026-03-14T23:20:32.900+0000] {logging_mixin.py:149} INFO - [2026-03-14T23:20:32.900+0000] {dag.py:3490} INFO - Setting next_dagrun for dag_mlops_full_pipeline to None, run_after=None
[2026-03-14T23:20:32.906+0000] {processor.py:178} INFO - Processing /opt/airflow/dags/dag2.py took 0.306 seconds
[2026-03-14T23:21:03.105+0000] {processor.py:156} INFO - Started process (PID=5241) to work on /opt/airflow/dags/dag2.py
[2026-03-14T23:21:03.106+0000] {processor.py:799} INFO - Processing file /opt/airflow/dags/dag2.py for tasks to queue
[2026-03-14T23:21:03.106+0000] {logging_mixin.py:149} INFO - [2026-03-14T23:21:03.106+0000] {dagbag.py:541} INFO - Filling up the DagBag from /opt/airflow/dags/dag2.py
[2026-03-14T23:21:03.392+0000] {processor.py:809} INFO - DAG(s) dict_keys(['dag_mlops_full_pipeline']) retrieved from /opt/airflow/dags/dag2.py
[2026-03-14T23:21:03.400+0000] {logging_mixin.py:149} INFO - [2026-03-14T23:21:03.400+0000] {dag.py:2726} INFO - Sync 1 DAGs
[2026-03-14T23:21:03.407+0000] {logging_mixin.py:149} INFO - [2026-03-14T23:21:03.407+0000] {dag.py:3490} INFO - Setting next_dagrun for dag_mlops_full_pipeline to None, run_after=None
[2026-03-14T23:21:03.413+0000] {processor.py:178} INFO - Processing /opt/airflow/dags/dag2.py took 0.312 seconds
[2026-03-14T23:21:33.543+0000] {processor.py:156} INFO - Started process (PID=5273) to work on /opt/airflow/dags/dag2.py
[2026-03-14T23:21:33.544+0000] {processor.py:799} INFO - Processing file /opt/airflow/dags/dag2.py for tasks to queue
[2026-03-14T23:21:33.544+0000] {logging_mixin.py:149} INFO - [2026-03-14T23:21:33.544+0000] {dagbag.py:541} INFO - Filling up the DagBag from /opt/airflow/dags/dag2.py
[2026-03-14T23:21:33.832+0000] {processor.py:809} INFO - DAG(s) dict_keys(['dag_mlops_full_pipeline']) retrieved from /opt/airflow/dags/dag2.py
[2026-03-14T23:21:33.841+0000] {logging_mixin.py:149} INFO - [2026-03-14T23:21:33.840+0000] {dag.py:2726} INFO - Sync 1 DAGs
[2026-03-14T23:21:33.848+0000] {logging_mixin.py:149} INFO - [2026-03-14T23:21:33.848+0000] {dag.py:3490} INFO - Setting next_dagrun for dag_mlops_full_pipeline to None, run_after=None
[2026-03-14T23:21:33.854+0000] {processor.py:178} INFO - Processing /opt/airflow/dags/dag2.py took 0.314 seconds
[2026-03-14T23:22:04.008+0000] {processor.py:156} INFO - Started process (PID=5305) to work on /opt/airflow/dags/dag2.py
[2026-03-14T23:22:04.009+0000] {processor.py:799} INFO - Processing file /opt/airflow/dags/dag2.py for tasks to queue
[2026-03-14T23:22:04.009+0000] {logging_mixin.py:149} INFO - [2026-03-14T23:22:04.009+0000] {dagbag.py:541} INFO - Filling up the DagBag from /opt/airflow/dags/dag2.py
[2026-03-14T23:22:04.298+0000] {processor.py:809} INFO - DAG(s) dict_keys(['dag_mlops_full_pipeline']) retrieved from /opt/airflow/dags/dag2.py
[2026-03-14T23:22:04.307+0000] {logging_mixin.py:149} INFO - [2026-03-14T23:22:04.306+0000] {dag.py:2726} INFO - Sync 1 DAGs
[2026-03-14T23:22:04.314+0000] {logging_mixin.py:149} INFO - [2026-03-14T23:22:04.314+0000] {dag.py:3490} INFO - Setting next_dagrun for dag_mlops_full_pipeline to None, run_after=None
[2026-03-14T23:22:04.320+0000] {processor.py:178} INFO - Processing /opt/airflow/dags/dag2.py took 0.316 seconds
[2026-03-14T23:22:34.532+0000] {processor.py:156} INFO - Started process (PID=5337) to work on /opt/airflow/dags/dag2.py
[2026-03-14T23:22:34.533+0000] {processor.py:799} INFO - Processing file /opt/airflow/dags/dag2.py for tasks to queue
[2026-03-14T23:22:34.534+0000] {logging_mixin.py:149} INFO - [2026-03-14T23:22:34.533+0000] {dagbag.py:541} INFO - Filling up the DagBag from /opt/airflow/dags/dag2.py
[2026-03-14T23:22:34.825+0000] {processor.py:809} INFO - DAG(s) dict_keys(['dag_mlops_full_pipeline']) retrieved from /opt/airflow/dags/dag2.py
[2026-03-14T23:22:34.833+0000] {logging_mixin.py:149} INFO - [2026-03-14T23:22:34.833+0000] {dag.py:2726} INFO - Sync 1 DAGs
[2026-03-14T23:22:34.856+0000] {logging_mixin.py:149} INFO - [2026-03-14T23:22:34.856+0000] {dag.py:3490} INFO - Setting next_dagrun for dag_mlops_full_pipeline to None, run_after=None
[2026-03-14T23:22:34.862+0000] {processor.py:178} INFO - Processing /opt/airflow/dags/dag2.py took 0.333 seconds
[2026-03-14T23:23:04.974+0000] {processor.py:156} INFO - Started process (PID=5369) to work on /opt/airflow/dags/dag2.py
[2026-03-14T23:23:04.975+0000] {processor.py:799} INFO - Processing file /opt/airflow/dags/dag2.py for tasks to queue
[2026-03-14T23:23:04.975+0000] {logging_mixin.py:149} INFO - [2026-03-14T23:23:04.975+0000] {dagbag.py:541} INFO - Filling up the DagBag from /opt/airflow/dags/dag2.py
[2026-03-14T23:23:05.262+0000] {processor.py:809} INFO - DAG(s) dict_keys(['dag_mlops_full_pipeline']) retrieved from /opt/airflow/dags/dag2.py
[2026-03-14T23:23:05.270+0000] {logging_mixin.py:149} INFO - [2026-03-14T23:23:05.270+0000] {dag.py:2726} INFO - Sync 1 DAGs
[2026-03-14T23:23:05.278+0000] {logging_mixin.py:149} INFO - [2026-03-14T23:23:05.278+0000] {dag.py:3490} INFO - Setting next_dagrun for dag_mlops_full_pipeline to None, run_after=None
[2026-03-14T23:23:05.283+0000] {processor.py:178} INFO - Processing /opt/airflow/dags/dag2.py took 0.313 seconds
[2026-03-14T23:23:35.423+0000] {processor.py:156} INFO - Started process (PID=5401) to work on /opt/airflow/dags/dag2.py
[2026-03-14T23:23:35.423+0000] {processor.py:799} INFO - Processing file /opt/airflow/dags/dag2.py for tasks to queue
[2026-03-14T23:23:35.424+0000] {logging_mixin.py:149} INFO - [2026-03-14T23:23:35.424+0000] {dagbag.py:541} INFO - Filling up the DagBag from /opt/airflow/dags/dag2.py
[2026-03-14T23:23:35.726+0000] {processor.py:809} INFO - DAG(s) dict_keys(['dag_mlops_full_pipeline']) retrieved from /opt/airflow/dags/dag2.py
[2026-03-14T23:23:35.734+0000] {logging_mixin.py:149} INFO - [2026-03-14T23:23:35.734+0000] {dag.py:2726} INFO - Sync 1 DAGs
[2026-03-14T23:23:35.742+0000] {logging_mixin.py:149} INFO - [2026-03-14T23:23:35.741+0000] {dag.py:3490} INFO - Setting next_dagrun for dag_mlops_full_pipeline to None, run_after=None
[2026-03-14T23:23:35.747+0000] {processor.py:178} INFO - Processing /opt/airflow/dags/dag2.py took 0.328 seconds
[2026-03-14T23:24:05.930+0000] {processor.py:156} INFO - Started process (PID=5440) to work on /opt/airflow/dags/dag2.py
[2026-03-14T23:24:05.931+0000] {processor.py:799} INFO - Processing file /opt/airflow/dags/dag2.py for tasks to queue
[2026-03-14T23:24:05.932+0000] {logging_mixin.py:149} INFO - [2026-03-14T23:24:05.932+0000] {dagbag.py:541} INFO - Filling up the DagBag from /opt/airflow/dags/dag2.py
[2026-03-14T23:24:06.235+0000] {processor.py:809} INFO - DAG(s) dict_keys(['dag_mlops_full_pipeline']) retrieved from /opt/airflow/dags/dag2.py
[2026-03-14T23:24:06.244+0000] {logging_mixin.py:149} INFO - [2026-03-14T23:24:06.244+0000] {dag.py:2726} INFO - Sync 1 DAGs
[2026-03-14T23:24:06.252+0000] {logging_mixin.py:149} INFO - [2026-03-14T23:24:06.252+0000] {dag.py:3490} INFO - Setting next_dagrun for dag_mlops_full_pipeline to None, run_after=None
[2026-03-14T23:24:06.257+0000] {processor.py:178} INFO - Processing /opt/airflow/dags/dag2.py took 0.330 seconds
[2026-03-14T23:24:36.393+0000] {processor.py:156} INFO - Started process (PID=5472) to work on /opt/airflow/dags/dag2.py
[2026-03-14T23:24:36.394+0000] {processor.py:799} INFO - Processing file /opt/airflow/dags/dag2.py for tasks to queue
[2026-03-14T23:24:36.395+0000] {logging_mixin.py:149} INFO - [2026-03-14T23:24:36.395+0000] {dagbag.py:541} INFO - Filling up the DagBag from /opt/airflow/dags/dag2.py
[2026-03-14T23:24:36.725+0000] {processor.py:809} INFO - DAG(s) dict_keys(['dag_mlops_full_pipeline']) retrieved from /opt/airflow/dags/dag2.py
[2026-03-14T23:24:36.734+0000] {logging_mixin.py:149} INFO - [2026-03-14T23:24:36.734+0000] {dag.py:2726} INFO - Sync 1 DAGs
[2026-03-14T23:24:36.743+0000] {logging_mixin.py:149} INFO - [2026-03-14T23:24:36.743+0000] {dag.py:3490} INFO - Setting next_dagrun for dag_mlops_full_pipeline to None, run_after=None
[2026-03-14T23:24:36.748+0000] {processor.py:178} INFO - Processing /opt/airflow/dags/dag2.py took 0.360 seconds
[2026-03-14T23:26:55.755+0000] {processor.py:156} INFO - Started process (PID=5497) to work on /opt/airflow/dags/dag2.py
[2026-03-14T23:26:55.756+0000] {processor.py:799} INFO - Processing file /opt/airflow/dags/dag2.py for tasks to queue
[2026-03-14T23:26:55.757+0000] {logging_mixin.py:149} INFO - [2026-03-14T23:26:55.757+0000] {dagbag.py:541} INFO - Filling up the DagBag from /opt/airflow/dags/dag2.py
[2026-03-14T23:26:56.223+0000] {processor.py:809} INFO - DAG(s) dict_keys(['dag_mlops_full_pipeline']) retrieved from /opt/airflow/dags/dag2.py
[2026-03-14T23:26:56.233+0000] {logging_mixin.py:149} INFO - [2026-03-14T23:26:56.233+0000] {dag.py:2726} INFO - Sync 1 DAGs
[2026-03-14T23:26:56.241+0000] {logging_mixin.py:149} INFO - [2026-03-14T23:26:56.241+0000] {dag.py:3490} INFO - Setting next_dagrun for dag_mlops_full_pipeline to None, run_after=None
[2026-03-14T23:26:56.248+0000] {processor.py:178} INFO - Processing /opt/airflow/dags/dag2.py took 0.496 seconds
[2026-03-14T23:27:26.319+0000] {processor.py:156} INFO - Started process (PID=5531) to work on /opt/airflow/dags/dag2.py
[2026-03-14T23:27:26.320+0000] {processor.py:799} INFO - Processing file /opt/airflow/dags/dag2.py for tasks to queue
[2026-03-14T23:27:26.321+0000] {logging_mixin.py:149} INFO - [2026-03-14T23:27:26.320+0000] {dagbag.py:541} INFO - Filling up the DagBag from /opt/airflow/dags/dag2.py
[2026-03-14T23:27:26.654+0000] {processor.py:809} INFO - DAG(s) dict_keys(['dag_mlops_full_pipeline']) retrieved from /opt/airflow/dags/dag2.py
[2026-03-14T23:27:26.664+0000] {logging_mixin.py:149} INFO - [2026-03-14T23:27:26.663+0000] {dag.py:2726} INFO - Sync 1 DAGs
[2026-03-14T23:27:26.672+0000] {logging_mixin.py:149} INFO - [2026-03-14T23:27:26.672+0000] {dag.py:3490} INFO - Setting next_dagrun for dag_mlops_full_pipeline to None, run_after=None
[2026-03-14T23:27:26.678+0000] {processor.py:178} INFO - Processing /opt/airflow/dags/dag2.py took 0.364 seconds
[2026-03-14T23:45:03.923+0000] {processor.py:156} INFO - Started process (PID=5565) to work on /opt/airflow/dags/dag2.py
[2026-03-14T23:45:03.924+0000] {processor.py:799} INFO - Processing file /opt/airflow/dags/dag2.py for tasks to queue
[2026-03-14T23:45:03.925+0000] {logging_mixin.py:149} INFO - [2026-03-14T23:45:03.924+0000] {dagbag.py:541} INFO - Filling up the DagBag from /opt/airflow/dags/dag2.py
[2026-03-14T23:45:04.360+0000] {processor.py:809} INFO - DAG(s) dict_keys(['dag_mlops_full_pipeline']) retrieved from /opt/airflow/dags/dag2.py
[2026-03-14T23:45:04.380+0000] {logging_mixin.py:149} INFO - [2026-03-14T23:45:04.379+0000] {dag.py:2726} INFO - Sync 1 DAGs
[2026-03-14T23:45:04.400+0000] {logging_mixin.py:149} INFO - [2026-03-14T23:45:04.400+0000] {dag.py:3490} INFO - Setting next_dagrun for dag_mlops_full_pipeline to None, run_after=None
[2026-03-14T23:45:04.415+0000] {processor.py:178} INFO - Processing /opt/airflow/dags/dag2.py took 0.495 seconds
[2026-03-14T23:53:16.362+0000] {processor.py:156} INFO - Started process (PID=5597) to work on /opt/airflow/dags/dag2.py
[2026-03-14T23:53:16.362+0000] {processor.py:799} INFO - Processing file /opt/airflow/dags/dag2.py for tasks to queue
[2026-03-14T23:53:16.363+0000] {logging_mixin.py:149} INFO - [2026-03-14T23:53:16.362+0000] {dagbag.py:541} INFO - Filling up the DagBag from /opt/airflow/dags/dag2.py
[2026-03-14T23:53:16.673+0000] {processor.py:809} INFO - DAG(s) dict_keys(['dag_mlops_full_pipeline']) retrieved from /opt/airflow/dags/dag2.py
[2026-03-14T23:53:16.682+0000] {logging_mixin.py:149} INFO - [2026-03-14T23:53:16.681+0000] {dag.py:2726} INFO - Sync 1 DAGs
[2026-03-14T23:53:16.689+0000] {logging_mixin.py:149} INFO - [2026-03-14T23:53:16.689+0000] {dag.py:3490} INFO - Setting next_dagrun for dag_mlops_full_pipeline to None, run_after=None
[2026-03-14T23:53:16.694+0000] {processor.py:178} INFO - Processing /opt/airflow/dags/dag2.py took 0.334 seconds
[2026-03-14T23:53:46.785+0000] {processor.py:156} INFO - Started process (PID=5629) to work on /opt/airflow/dags/dag2.py
[2026-03-14T23:53:46.786+0000] {processor.py:799} INFO - Processing file /opt/airflow/dags/dag2.py for tasks to queue
[2026-03-14T23:53:46.787+0000] {logging_mixin.py:149} INFO - [2026-03-14T23:53:46.787+0000] {dagbag.py:541} INFO - Filling up the DagBag from /opt/airflow/dags/dag2.py
[2026-03-14T23:53:47.110+0000] {processor.py:809} INFO - DAG(s) dict_keys(['dag_mlops_full_pipeline']) retrieved from /opt/airflow/dags/dag2.py
[2026-03-14T23:53:47.118+0000] {logging_mixin.py:149} INFO - [2026-03-14T23:53:47.118+0000] {dag.py:2726} INFO - Sync 1 DAGs
[2026-03-14T23:53:47.126+0000] {logging_mixin.py:149} INFO - [2026-03-14T23:53:47.126+0000] {dag.py:3490} INFO - Setting next_dagrun for dag_mlops_full_pipeline to None, run_after=None
[2026-03-14T23:53:47.132+0000] {processor.py:178} INFO - Processing /opt/airflow/dags/dag2.py took 0.349 seconds
