[2026-03-14T19:44:44.406+0000] {processor.py:156} INFO - Started process (PID=457) to work on /opt/airflow/dags/dag_restart_data.py
[2026-03-14T19:44:44.406+0000] {processor.py:799} INFO - Processing file /opt/airflow/dags/dag_restart_data.py for tasks to queue
[2026-03-14T19:44:44.406+0000] {logging_mixin.py:149} INFO - [2026-03-14T19:44:44.406+0000] {dagbag.py:541} INFO - Filling up the DagBag from /opt/airflow/dags/dag_restart_data.py
[2026-03-14T19:44:44.411+0000] {processor.py:809} INFO - DAG(s) dict_keys(['dag_restart_data']) retrieved from /opt/airflow/dags/dag_restart_data.py
[2026-03-14T19:44:44.495+0000] {logging_mixin.py:149} INFO - [2026-03-14T19:44:44.495+0000] {manager.py:504} INFO - Created Permission View: can read on DAG:dag_restart_data
[2026-03-14T19:44:44.497+0000] {logging_mixin.py:149} INFO - [2026-03-14T19:44:44.497+0000] {manager.py:504} INFO - Created Permission View: can edit on DAG:dag_restart_data
[2026-03-14T19:44:44.499+0000] {logging_mixin.py:149} INFO - [2026-03-14T19:44:44.499+0000] {manager.py:504} INFO - Created Permission View: can delete on DAG:dag_restart_data
[2026-03-14T19:44:44.499+0000] {logging_mixin.py:149} INFO - [2026-03-14T19:44:44.499+0000] {dag.py:2726} INFO - Sync 1 DAGs
[2026-03-14T19:44:44.504+0000] {logging_mixin.py:149} INFO - [2026-03-14T19:44:44.504+0000] {dag.py:2747} INFO - Creating ORM DAG for dag_restart_data
[2026-03-14T19:44:44.508+0000] {logging_mixin.py:149} INFO - [2026-03-14T19:44:44.508+0000] {dag.py:3490} INFO - Setting next_dagrun for dag_restart_data to None, run_after=None
[2026-03-14T19:44:44.517+0000] {processor.py:178} INFO - Processing /opt/airflow/dags/dag_restart_data.py took 0.113 seconds
[2026-03-14T19:45:14.700+0000] {processor.py:156} INFO - Started process (PID=550) to work on /opt/airflow/dags/dag_restart_data.py
[2026-03-14T19:45:14.701+0000] {processor.py:799} INFO - Processing file /opt/airflow/dags/dag_restart_data.py for tasks to queue
[2026-03-14T19:45:14.702+0000] {logging_mixin.py:149} INFO - [2026-03-14T19:45:14.702+0000] {dagbag.py:541} INFO - Filling up the DagBag from /opt/airflow/dags/dag_restart_data.py
[2026-03-14T19:45:14.711+0000] {processor.py:809} INFO - DAG(s) dict_keys(['dag_restart_data']) retrieved from /opt/airflow/dags/dag_restart_data.py
[2026-03-14T19:45:14.731+0000] {logging_mixin.py:149} INFO - [2026-03-14T19:45:14.731+0000] {dag.py:2726} INFO - Sync 1 DAGs
[2026-03-14T19:45:14.742+0000] {logging_mixin.py:149} INFO - [2026-03-14T19:45:14.742+0000] {dag.py:3490} INFO - Setting next_dagrun for dag_restart_data to None, run_after=None
[2026-03-14T19:45:14.749+0000] {processor.py:178} INFO - Processing /opt/airflow/dags/dag_restart_data.py took 0.054 seconds
[2026-03-14T19:45:44.974+0000] {processor.py:156} INFO - Started process (PID=582) to work on /opt/airflow/dags/dag_restart_data.py
[2026-03-14T19:45:44.975+0000] {processor.py:799} INFO - Processing file /opt/airflow/dags/dag_restart_data.py for tasks to queue
[2026-03-14T19:45:44.976+0000] {logging_mixin.py:149} INFO - [2026-03-14T19:45:44.975+0000] {dagbag.py:541} INFO - Filling up the DagBag from /opt/airflow/dags/dag_restart_data.py
[2026-03-14T19:45:44.982+0000] {processor.py:809} INFO - DAG(s) dict_keys(['dag_restart_data']) retrieved from /opt/airflow/dags/dag_restart_data.py
[2026-03-14T19:45:45.001+0000] {logging_mixin.py:149} INFO - [2026-03-14T19:45:45.001+0000] {dag.py:2726} INFO - Sync 1 DAGs
[2026-03-14T19:45:45.014+0000] {logging_mixin.py:149} INFO - [2026-03-14T19:45:45.014+0000] {dag.py:3490} INFO - Setting next_dagrun for dag_restart_data to None, run_after=None
[2026-03-14T19:45:45.022+0000] {processor.py:178} INFO - Processing /opt/airflow/dags/dag_restart_data.py took 0.052 seconds
[2026-03-14T19:46:15.272+0000] {processor.py:156} INFO - Started process (PID=615) to work on /opt/airflow/dags/dag_restart_data.py
[2026-03-14T19:46:15.273+0000] {processor.py:799} INFO - Processing file /opt/airflow/dags/dag_restart_data.py for tasks to queue
[2026-03-14T19:46:15.274+0000] {logging_mixin.py:149} INFO - [2026-03-14T19:46:15.274+0000] {dagbag.py:541} INFO - Filling up the DagBag from /opt/airflow/dags/dag_restart_data.py
[2026-03-14T19:46:15.284+0000] {processor.py:809} INFO - DAG(s) dict_keys(['dag_restart_data']) retrieved from /opt/airflow/dags/dag_restart_data.py
[2026-03-14T19:46:15.307+0000] {logging_mixin.py:149} INFO - [2026-03-14T19:46:15.307+0000] {dag.py:2726} INFO - Sync 1 DAGs
[2026-03-14T19:46:15.319+0000] {logging_mixin.py:149} INFO - [2026-03-14T19:46:15.318+0000] {dag.py:3490} INFO - Setting next_dagrun for dag_restart_data to None, run_after=None
[2026-03-14T19:46:15.325+0000] {processor.py:178} INFO - Processing /opt/airflow/dags/dag_restart_data.py took 0.058 seconds
[2026-03-14T19:46:45.572+0000] {processor.py:156} INFO - Started process (PID=647) to work on /opt/airflow/dags/dag_restart_data.py
[2026-03-14T19:46:45.572+0000] {processor.py:799} INFO - Processing file /opt/airflow/dags/dag_restart_data.py for tasks to queue
[2026-03-14T19:46:45.573+0000] {logging_mixin.py:149} INFO - [2026-03-14T19:46:45.573+0000] {dagbag.py:541} INFO - Filling up the DagBag from /opt/airflow/dags/dag_restart_data.py
[2026-03-14T19:46:45.579+0000] {processor.py:809} INFO - DAG(s) dict_keys(['dag_restart_data']) retrieved from /opt/airflow/dags/dag_restart_data.py
[2026-03-14T19:46:45.595+0000] {logging_mixin.py:149} INFO - [2026-03-14T19:46:45.594+0000] {dag.py:2726} INFO - Sync 1 DAGs
[2026-03-14T19:46:45.606+0000] {logging_mixin.py:149} INFO - [2026-03-14T19:46:45.606+0000] {dag.py:3490} INFO - Setting next_dagrun for dag_restart_data to None, run_after=None
[2026-03-14T19:46:45.613+0000] {processor.py:178} INFO - Processing /opt/airflow/dags/dag_restart_data.py took 0.043 seconds
[2026-03-14T19:47:15.834+0000] {processor.py:156} INFO - Started process (PID=679) to work on /opt/airflow/dags/dag_restart_data.py
[2026-03-14T19:47:15.835+0000] {processor.py:799} INFO - Processing file /opt/airflow/dags/dag_restart_data.py for tasks to queue
[2026-03-14T19:47:15.836+0000] {logging_mixin.py:149} INFO - [2026-03-14T19:47:15.836+0000] {dagbag.py:541} INFO - Filling up the DagBag from /opt/airflow/dags/dag_restart_data.py
[2026-03-14T19:47:15.845+0000] {processor.py:809} INFO - DAG(s) dict_keys(['dag_restart_data']) retrieved from /opt/airflow/dags/dag_restart_data.py
[2026-03-14T19:47:15.867+0000] {logging_mixin.py:149} INFO - [2026-03-14T19:47:15.867+0000] {dag.py:2726} INFO - Sync 1 DAGs
[2026-03-14T19:47:15.878+0000] {logging_mixin.py:149} INFO - [2026-03-14T19:47:15.877+0000] {dag.py:3490} INFO - Setting next_dagrun for dag_restart_data to None, run_after=None
[2026-03-14T19:47:15.885+0000] {processor.py:178} INFO - Processing /opt/airflow/dags/dag_restart_data.py took 0.055 seconds
[2026-03-14T19:47:56.288+0000] {processor.py:156} INFO - Started process (PID=164) to work on /opt/airflow/dags/dag_restart_data.py
[2026-03-14T19:47:56.289+0000] {processor.py:799} INFO - Processing file /opt/airflow/dags/dag_restart_data.py for tasks to queue
[2026-03-14T19:47:56.289+0000] {logging_mixin.py:149} INFO - [2026-03-14T19:47:56.289+0000] {dagbag.py:541} INFO - Filling up the DagBag from /opt/airflow/dags/dag_restart_data.py
[2026-03-14T19:47:56.301+0000] {processor.py:809} INFO - DAG(s) dict_keys(['dag_restart_data']) retrieved from /opt/airflow/dags/dag_restart_data.py
[2026-03-14T19:47:56.357+0000] {logging_mixin.py:149} INFO - [2026-03-14T19:47:56.357+0000] {dag.py:2726} INFO - Sync 1 DAGs
[2026-03-14T19:47:56.373+0000] {logging_mixin.py:149} INFO - [2026-03-14T19:47:56.373+0000] {dag.py:3490} INFO - Setting next_dagrun for dag_restart_data to None, run_after=None
[2026-03-14T19:47:56.401+0000] {processor.py:178} INFO - Processing /opt/airflow/dags/dag_restart_data.py took 0.114 seconds
[2026-03-14T19:48:26.767+0000] {processor.py:156} INFO - Started process (PID=196) to work on /opt/airflow/dags/dag_restart_data.py
[2026-03-14T19:48:26.768+0000] {processor.py:799} INFO - Processing file /opt/airflow/dags/dag_restart_data.py for tasks to queue
[2026-03-14T19:48:26.769+0000] {logging_mixin.py:149} INFO - [2026-03-14T19:48:26.769+0000] {dagbag.py:541} INFO - Filling up the DagBag from /opt/airflow/dags/dag_restart_data.py
[2026-03-14T19:48:26.777+0000] {processor.py:809} INFO - DAG(s) dict_keys(['dag_restart_data']) retrieved from /opt/airflow/dags/dag_restart_data.py
[2026-03-14T19:48:26.821+0000] {logging_mixin.py:149} INFO - [2026-03-14T19:48:26.821+0000] {dag.py:2726} INFO - Sync 1 DAGs
[2026-03-14T19:48:26.887+0000] {logging_mixin.py:149} INFO - [2026-03-14T19:48:26.887+0000] {dag.py:3490} INFO - Setting next_dagrun for dag_restart_data to None, run_after=None
[2026-03-14T19:48:26.899+0000] {processor.py:178} INFO - Processing /opt/airflow/dags/dag_restart_data.py took 0.136 seconds
[2026-03-14T19:48:57.188+0000] {processor.py:156} INFO - Started process (PID=228) to work on /opt/airflow/dags/dag_restart_data.py
[2026-03-14T19:48:57.189+0000] {processor.py:799} INFO - Processing file /opt/airflow/dags/dag_restart_data.py for tasks to queue
[2026-03-14T19:48:57.190+0000] {logging_mixin.py:149} INFO - [2026-03-14T19:48:57.190+0000] {dagbag.py:541} INFO - Filling up the DagBag from /opt/airflow/dags/dag_restart_data.py
[2026-03-14T19:48:57.197+0000] {processor.py:809} INFO - DAG(s) dict_keys(['dag_restart_data']) retrieved from /opt/airflow/dags/dag_restart_data.py
[2026-03-14T19:48:57.282+0000] {logging_mixin.py:149} INFO - [2026-03-14T19:48:57.281+0000] {dag.py:2726} INFO - Sync 1 DAGs
[2026-03-14T19:48:57.293+0000] {logging_mixin.py:149} INFO - [2026-03-14T19:48:57.293+0000] {dag.py:3490} INFO - Setting next_dagrun for dag_restart_data to None, run_after=None
[2026-03-14T19:48:57.303+0000] {processor.py:178} INFO - Processing /opt/airflow/dags/dag_restart_data.py took 0.121 seconds
[2026-03-14T19:49:27.624+0000] {processor.py:156} INFO - Started process (PID=260) to work on /opt/airflow/dags/dag_restart_data.py
[2026-03-14T19:49:27.625+0000] {processor.py:799} INFO - Processing file /opt/airflow/dags/dag_restart_data.py for tasks to queue
[2026-03-14T19:49:27.626+0000] {logging_mixin.py:149} INFO - [2026-03-14T19:49:27.626+0000] {dagbag.py:541} INFO - Filling up the DagBag from /opt/airflow/dags/dag_restart_data.py
[2026-03-14T19:49:27.634+0000] {processor.py:809} INFO - DAG(s) dict_keys(['dag_restart_data']) retrieved from /opt/airflow/dags/dag_restart_data.py
[2026-03-14T19:49:27.654+0000] {logging_mixin.py:149} INFO - [2026-03-14T19:49:27.654+0000] {dag.py:2726} INFO - Sync 1 DAGs
[2026-03-14T19:49:27.667+0000] {logging_mixin.py:149} INFO - [2026-03-14T19:49:27.667+0000] {dag.py:3490} INFO - Setting next_dagrun for dag_restart_data to None, run_after=None
[2026-03-14T19:49:27.678+0000] {processor.py:178} INFO - Processing /opt/airflow/dags/dag_restart_data.py took 0.058 seconds
[2026-03-14T19:49:57.970+0000] {processor.py:156} INFO - Started process (PID=351) to work on /opt/airflow/dags/dag_restart_data.py
[2026-03-14T19:49:57.971+0000] {processor.py:799} INFO - Processing file /opt/airflow/dags/dag_restart_data.py for tasks to queue
[2026-03-14T19:49:57.972+0000] {logging_mixin.py:149} INFO - [2026-03-14T19:49:57.972+0000] {dagbag.py:541} INFO - Filling up the DagBag from /opt/airflow/dags/dag_restart_data.py
[2026-03-14T19:49:57.979+0000] {processor.py:809} INFO - DAG(s) dict_keys(['dag_restart_data']) retrieved from /opt/airflow/dags/dag_restart_data.py
[2026-03-14T19:49:57.999+0000] {logging_mixin.py:149} INFO - [2026-03-14T19:49:57.999+0000] {dag.py:2726} INFO - Sync 1 DAGs
[2026-03-14T19:49:58.012+0000] {logging_mixin.py:149} INFO - [2026-03-14T19:49:58.012+0000] {dag.py:3490} INFO - Setting next_dagrun for dag_restart_data to None, run_after=None
[2026-03-14T19:49:58.026+0000] {processor.py:178} INFO - Processing /opt/airflow/dags/dag_restart_data.py took 0.059 seconds
[2026-03-14T19:50:28.323+0000] {processor.py:156} INFO - Started process (PID=390) to work on /opt/airflow/dags/dag_restart_data.py
[2026-03-14T19:50:28.324+0000] {processor.py:799} INFO - Processing file /opt/airflow/dags/dag_restart_data.py for tasks to queue
[2026-03-14T19:50:28.324+0000] {logging_mixin.py:149} INFO - [2026-03-14T19:50:28.324+0000] {dagbag.py:541} INFO - Filling up the DagBag from /opt/airflow/dags/dag_restart_data.py
[2026-03-14T19:50:28.329+0000] {processor.py:809} INFO - DAG(s) dict_keys(['dag_restart_data']) retrieved from /opt/airflow/dags/dag_restart_data.py
[2026-03-14T19:50:28.354+0000] {logging_mixin.py:149} INFO - [2026-03-14T19:50:28.353+0000] {dag.py:2726} INFO - Sync 1 DAGs
[2026-03-14T19:50:28.370+0000] {logging_mixin.py:149} INFO - [2026-03-14T19:50:28.370+0000] {dag.py:3490} INFO - Setting next_dagrun for dag_restart_data to None, run_after=None
[2026-03-14T19:50:28.384+0000] {processor.py:178} INFO - Processing /opt/airflow/dags/dag_restart_data.py took 0.064 seconds
[2026-03-14T19:50:58.700+0000] {processor.py:156} INFO - Started process (PID=422) to work on /opt/airflow/dags/dag_restart_data.py
[2026-03-14T19:50:58.702+0000] {processor.py:799} INFO - Processing file /opt/airflow/dags/dag_restart_data.py for tasks to queue
[2026-03-14T19:50:58.703+0000] {logging_mixin.py:149} INFO - [2026-03-14T19:50:58.703+0000] {dagbag.py:541} INFO - Filling up the DagBag from /opt/airflow/dags/dag_restart_data.py
[2026-03-14T19:50:58.710+0000] {processor.py:809} INFO - DAG(s) dict_keys(['dag_restart_data']) retrieved from /opt/airflow/dags/dag_restart_data.py
[2026-03-14T19:50:58.739+0000] {logging_mixin.py:149} INFO - [2026-03-14T19:50:58.738+0000] {dag.py:2726} INFO - Sync 1 DAGs
[2026-03-14T19:50:58.752+0000] {logging_mixin.py:149} INFO - [2026-03-14T19:50:58.752+0000] {dag.py:3490} INFO - Setting next_dagrun for dag_restart_data to None, run_after=None
[2026-03-14T19:50:58.763+0000] {processor.py:178} INFO - Processing /opt/airflow/dags/dag_restart_data.py took 0.067 seconds
[2026-03-14T19:51:29.042+0000] {processor.py:156} INFO - Started process (PID=454) to work on /opt/airflow/dags/dag_restart_data.py
[2026-03-14T19:51:29.043+0000] {processor.py:799} INFO - Processing file /opt/airflow/dags/dag_restart_data.py for tasks to queue
[2026-03-14T19:51:29.044+0000] {logging_mixin.py:149} INFO - [2026-03-14T19:51:29.043+0000] {dagbag.py:541} INFO - Filling up the DagBag from /opt/airflow/dags/dag_restart_data.py
[2026-03-14T19:51:29.051+0000] {processor.py:809} INFO - DAG(s) dict_keys(['dag_restart_data']) retrieved from /opt/airflow/dags/dag_restart_data.py
[2026-03-14T19:51:29.075+0000] {logging_mixin.py:149} INFO - [2026-03-14T19:51:29.074+0000] {dag.py:2726} INFO - Sync 1 DAGs
[2026-03-14T19:51:29.087+0000] {logging_mixin.py:149} INFO - [2026-03-14T19:51:29.087+0000] {dag.py:3490} INFO - Setting next_dagrun for dag_restart_data to None, run_after=None
[2026-03-14T19:51:29.099+0000] {processor.py:178} INFO - Processing /opt/airflow/dags/dag_restart_data.py took 0.062 seconds
[2026-03-14T19:51:59.326+0000] {processor.py:156} INFO - Started process (PID=486) to work on /opt/airflow/dags/dag_restart_data.py
[2026-03-14T19:51:59.327+0000] {processor.py:799} INFO - Processing file /opt/airflow/dags/dag_restart_data.py for tasks to queue
[2026-03-14T19:51:59.328+0000] {logging_mixin.py:149} INFO - [2026-03-14T19:51:59.328+0000] {dagbag.py:541} INFO - Filling up the DagBag from /opt/airflow/dags/dag_restart_data.py
[2026-03-14T19:51:59.337+0000] {processor.py:809} INFO - DAG(s) dict_keys(['dag_restart_data']) retrieved from /opt/airflow/dags/dag_restart_data.py
[2026-03-14T19:51:59.360+0000] {logging_mixin.py:149} INFO - [2026-03-14T19:51:59.360+0000] {dag.py:2726} INFO - Sync 1 DAGs
[2026-03-14T19:51:59.372+0000] {logging_mixin.py:149} INFO - [2026-03-14T19:51:59.372+0000] {dag.py:3490} INFO - Setting next_dagrun for dag_restart_data to None, run_after=None
[2026-03-14T19:51:59.383+0000] {processor.py:178} INFO - Processing /opt/airflow/dags/dag_restart_data.py took 0.062 seconds
[2026-03-14T19:52:29.648+0000] {processor.py:156} INFO - Started process (PID=518) to work on /opt/airflow/dags/dag_restart_data.py
[2026-03-14T19:52:29.649+0000] {processor.py:799} INFO - Processing file /opt/airflow/dags/dag_restart_data.py for tasks to queue
[2026-03-14T19:52:29.650+0000] {logging_mixin.py:149} INFO - [2026-03-14T19:52:29.650+0000] {dagbag.py:541} INFO - Filling up the DagBag from /opt/airflow/dags/dag_restart_data.py
[2026-03-14T19:52:29.655+0000] {processor.py:809} INFO - DAG(s) dict_keys(['dag_restart_data']) retrieved from /opt/airflow/dags/dag_restart_data.py
[2026-03-14T19:52:29.678+0000] {logging_mixin.py:149} INFO - [2026-03-14T19:52:29.678+0000] {dag.py:2726} INFO - Sync 1 DAGs
[2026-03-14T19:52:29.691+0000] {logging_mixin.py:149} INFO - [2026-03-14T19:52:29.690+0000] {dag.py:3490} INFO - Setting next_dagrun for dag_restart_data to None, run_after=None
[2026-03-14T19:52:29.703+0000] {processor.py:178} INFO - Processing /opt/airflow/dags/dag_restart_data.py took 0.058 seconds
[2026-03-14T19:53:00.021+0000] {processor.py:156} INFO - Started process (PID=550) to work on /opt/airflow/dags/dag_restart_data.py
[2026-03-14T19:53:00.022+0000] {processor.py:799} INFO - Processing file /opt/airflow/dags/dag_restart_data.py for tasks to queue
[2026-03-14T19:53:00.023+0000] {logging_mixin.py:149} INFO - [2026-03-14T19:53:00.023+0000] {dagbag.py:541} INFO - Filling up the DagBag from /opt/airflow/dags/dag_restart_data.py
[2026-03-14T19:53:00.030+0000] {processor.py:809} INFO - DAG(s) dict_keys(['dag_restart_data']) retrieved from /opt/airflow/dags/dag_restart_data.py
[2026-03-14T19:53:00.052+0000] {logging_mixin.py:149} INFO - [2026-03-14T19:53:00.052+0000] {dag.py:2726} INFO - Sync 1 DAGs
[2026-03-14T19:53:00.066+0000] {logging_mixin.py:149} INFO - [2026-03-14T19:53:00.066+0000] {dag.py:3490} INFO - Setting next_dagrun for dag_restart_data to None, run_after=None
[2026-03-14T19:53:00.077+0000] {processor.py:178} INFO - Processing /opt/airflow/dags/dag_restart_data.py took 0.059 seconds
[2026-03-14T19:53:30.382+0000] {processor.py:156} INFO - Started process (PID=582) to work on /opt/airflow/dags/dag_restart_data.py
[2026-03-14T19:53:30.382+0000] {processor.py:799} INFO - Processing file /opt/airflow/dags/dag_restart_data.py for tasks to queue
[2026-03-14T19:53:30.383+0000] {logging_mixin.py:149} INFO - [2026-03-14T19:53:30.383+0000] {dagbag.py:541} INFO - Filling up the DagBag from /opt/airflow/dags/dag_restart_data.py
[2026-03-14T19:53:30.389+0000] {processor.py:809} INFO - DAG(s) dict_keys(['dag_restart_data']) retrieved from /opt/airflow/dags/dag_restart_data.py
[2026-03-14T19:53:30.408+0000] {logging_mixin.py:149} INFO - [2026-03-14T19:53:30.408+0000] {dag.py:2726} INFO - Sync 1 DAGs
[2026-03-14T19:53:30.442+0000] {logging_mixin.py:149} INFO - [2026-03-14T19:53:30.442+0000] {dag.py:3490} INFO - Setting next_dagrun for dag_restart_data to None, run_after=None
[2026-03-14T19:53:30.466+0000] {processor.py:178} INFO - Processing /opt/airflow/dags/dag_restart_data.py took 0.088 seconds
[2026-03-14T19:54:00.739+0000] {processor.py:156} INFO - Started process (PID=614) to work on /opt/airflow/dags/dag_restart_data.py
[2026-03-14T19:54:00.740+0000] {processor.py:799} INFO - Processing file /opt/airflow/dags/dag_restart_data.py for tasks to queue
[2026-03-14T19:54:00.740+0000] {logging_mixin.py:149} INFO - [2026-03-14T19:54:00.740+0000] {dagbag.py:541} INFO - Filling up the DagBag from /opt/airflow/dags/dag_restart_data.py
[2026-03-14T19:54:00.746+0000] {processor.py:809} INFO - DAG(s) dict_keys(['dag_restart_data']) retrieved from /opt/airflow/dags/dag_restart_data.py
[2026-03-14T19:54:00.765+0000] {logging_mixin.py:149} INFO - [2026-03-14T19:54:00.765+0000] {dag.py:2726} INFO - Sync 1 DAGs
[2026-03-14T19:54:00.784+0000] {logging_mixin.py:149} INFO - [2026-03-14T19:54:00.784+0000] {dag.py:3490} INFO - Setting next_dagrun for dag_restart_data to None, run_after=None
[2026-03-14T19:54:00.795+0000] {processor.py:178} INFO - Processing /opt/airflow/dags/dag_restart_data.py took 0.058 seconds
[2026-03-14T19:54:31.092+0000] {processor.py:156} INFO - Started process (PID=646) to work on /opt/airflow/dags/dag_restart_data.py
[2026-03-14T19:54:31.093+0000] {processor.py:799} INFO - Processing file /opt/airflow/dags/dag_restart_data.py for tasks to queue
[2026-03-14T19:54:31.093+0000] {logging_mixin.py:149} INFO - [2026-03-14T19:54:31.093+0000] {dagbag.py:541} INFO - Filling up the DagBag from /opt/airflow/dags/dag_restart_data.py
[2026-03-14T19:54:31.103+0000] {processor.py:809} INFO - DAG(s) dict_keys(['dag_restart_data']) retrieved from /opt/airflow/dags/dag_restart_data.py
[2026-03-14T19:54:31.121+0000] {logging_mixin.py:149} INFO - [2026-03-14T19:54:31.121+0000] {dag.py:2726} INFO - Sync 1 DAGs
[2026-03-14T19:54:31.134+0000] {logging_mixin.py:149} INFO - [2026-03-14T19:54:31.134+0000] {dag.py:3490} INFO - Setting next_dagrun for dag_restart_data to None, run_after=None
[2026-03-14T19:54:31.145+0000] {processor.py:178} INFO - Processing /opt/airflow/dags/dag_restart_data.py took 0.058 seconds
[2026-03-14T19:55:01.415+0000] {processor.py:156} INFO - Started process (PID=678) to work on /opt/airflow/dags/dag_restart_data.py
[2026-03-14T19:55:01.415+0000] {processor.py:799} INFO - Processing file /opt/airflow/dags/dag_restart_data.py for tasks to queue
[2026-03-14T19:55:01.416+0000] {logging_mixin.py:149} INFO - [2026-03-14T19:55:01.415+0000] {dagbag.py:541} INFO - Filling up the DagBag from /opt/airflow/dags/dag_restart_data.py
[2026-03-14T19:55:01.420+0000] {processor.py:809} INFO - DAG(s) dict_keys(['dag_restart_data']) retrieved from /opt/airflow/dags/dag_restart_data.py
[2026-03-14T19:55:01.437+0000] {logging_mixin.py:149} INFO - [2026-03-14T19:55:01.437+0000] {dag.py:2726} INFO - Sync 1 DAGs
[2026-03-14T19:55:01.449+0000] {logging_mixin.py:149} INFO - [2026-03-14T19:55:01.449+0000] {dag.py:3490} INFO - Setting next_dagrun for dag_restart_data to None, run_after=None
[2026-03-14T19:55:01.459+0000] {processor.py:178} INFO - Processing /opt/airflow/dags/dag_restart_data.py took 0.046 seconds
[2026-03-14T19:55:31.779+0000] {processor.py:156} INFO - Started process (PID=710) to work on /opt/airflow/dags/dag_restart_data.py
[2026-03-14T19:55:31.781+0000] {processor.py:799} INFO - Processing file /opt/airflow/dags/dag_restart_data.py for tasks to queue
[2026-03-14T19:55:31.781+0000] {logging_mixin.py:149} INFO - [2026-03-14T19:55:31.781+0000] {dagbag.py:541} INFO - Filling up the DagBag from /opt/airflow/dags/dag_restart_data.py
[2026-03-14T19:55:31.788+0000] {processor.py:809} INFO - DAG(s) dict_keys(['dag_restart_data']) retrieved from /opt/airflow/dags/dag_restart_data.py
[2026-03-14T19:55:31.810+0000] {logging_mixin.py:149} INFO - [2026-03-14T19:55:31.810+0000] {dag.py:2726} INFO - Sync 1 DAGs
[2026-03-14T19:55:31.829+0000] {logging_mixin.py:149} INFO - [2026-03-14T19:55:31.828+0000] {dag.py:3490} INFO - Setting next_dagrun for dag_restart_data to None, run_after=None
[2026-03-14T19:55:31.841+0000] {processor.py:178} INFO - Processing /opt/airflow/dags/dag_restart_data.py took 0.064 seconds
[2026-03-14T19:56:02.137+0000] {processor.py:156} INFO - Started process (PID=742) to work on /opt/airflow/dags/dag_restart_data.py
[2026-03-14T19:56:02.139+0000] {processor.py:799} INFO - Processing file /opt/airflow/dags/dag_restart_data.py for tasks to queue
[2026-03-14T19:56:02.140+0000] {logging_mixin.py:149} INFO - [2026-03-14T19:56:02.140+0000] {dagbag.py:541} INFO - Filling up the DagBag from /opt/airflow/dags/dag_restart_data.py
[2026-03-14T19:56:02.146+0000] {processor.py:809} INFO - DAG(s) dict_keys(['dag_restart_data']) retrieved from /opt/airflow/dags/dag_restart_data.py
[2026-03-14T19:56:02.167+0000] {logging_mixin.py:149} INFO - [2026-03-14T19:56:02.167+0000] {dag.py:2726} INFO - Sync 1 DAGs
[2026-03-14T19:56:02.180+0000] {logging_mixin.py:149} INFO - [2026-03-14T19:56:02.180+0000] {dag.py:3490} INFO - Setting next_dagrun for dag_restart_data to None, run_after=None
[2026-03-14T19:56:02.191+0000] {processor.py:178} INFO - Processing /opt/airflow/dags/dag_restart_data.py took 0.055 seconds
[2026-03-14T19:56:32.466+0000] {processor.py:156} INFO - Started process (PID=774) to work on /opt/airflow/dags/dag_restart_data.py
[2026-03-14T19:56:32.467+0000] {processor.py:799} INFO - Processing file /opt/airflow/dags/dag_restart_data.py for tasks to queue
[2026-03-14T19:56:32.468+0000] {logging_mixin.py:149} INFO - [2026-03-14T19:56:32.468+0000] {dagbag.py:541} INFO - Filling up the DagBag from /opt/airflow/dags/dag_restart_data.py
[2026-03-14T19:56:32.478+0000] {processor.py:809} INFO - DAG(s) dict_keys(['dag_restart_data']) retrieved from /opt/airflow/dags/dag_restart_data.py
[2026-03-14T19:56:32.498+0000] {logging_mixin.py:149} INFO - [2026-03-14T19:56:32.498+0000] {dag.py:2726} INFO - Sync 1 DAGs
[2026-03-14T19:56:32.510+0000] {logging_mixin.py:149} INFO - [2026-03-14T19:56:32.510+0000] {dag.py:3490} INFO - Setting next_dagrun for dag_restart_data to None, run_after=None
[2026-03-14T19:56:32.522+0000] {processor.py:178} INFO - Processing /opt/airflow/dags/dag_restart_data.py took 0.059 seconds
[2026-03-14T19:57:02.819+0000] {processor.py:156} INFO - Started process (PID=806) to work on /opt/airflow/dags/dag_restart_data.py
[2026-03-14T19:57:02.822+0000] {processor.py:799} INFO - Processing file /opt/airflow/dags/dag_restart_data.py for tasks to queue
[2026-03-14T19:57:02.823+0000] {logging_mixin.py:149} INFO - [2026-03-14T19:57:02.822+0000] {dagbag.py:541} INFO - Filling up the DagBag from /opt/airflow/dags/dag_restart_data.py
[2026-03-14T19:57:02.831+0000] {processor.py:809} INFO - DAG(s) dict_keys(['dag_restart_data']) retrieved from /opt/airflow/dags/dag_restart_data.py
[2026-03-14T19:57:02.854+0000] {logging_mixin.py:149} INFO - [2026-03-14T19:57:02.854+0000] {dag.py:2726} INFO - Sync 1 DAGs
[2026-03-14T19:57:02.867+0000] {logging_mixin.py:149} INFO - [2026-03-14T19:57:02.867+0000] {dag.py:3490} INFO - Setting next_dagrun for dag_restart_data to None, run_after=None
[2026-03-14T19:57:02.880+0000] {processor.py:178} INFO - Processing /opt/airflow/dags/dag_restart_data.py took 0.065 seconds
[2026-03-14T19:57:33.150+0000] {processor.py:156} INFO - Started process (PID=838) to work on /opt/airflow/dags/dag_restart_data.py
[2026-03-14T19:57:33.152+0000] {processor.py:799} INFO - Processing file /opt/airflow/dags/dag_restart_data.py for tasks to queue
[2026-03-14T19:57:33.153+0000] {logging_mixin.py:149} INFO - [2026-03-14T19:57:33.152+0000] {dagbag.py:541} INFO - Filling up the DagBag from /opt/airflow/dags/dag_restart_data.py
[2026-03-14T19:57:33.159+0000] {processor.py:809} INFO - DAG(s) dict_keys(['dag_restart_data']) retrieved from /opt/airflow/dags/dag_restart_data.py
[2026-03-14T19:57:33.185+0000] {logging_mixin.py:149} INFO - [2026-03-14T19:57:33.185+0000] {dag.py:2726} INFO - Sync 1 DAGs
[2026-03-14T19:57:33.204+0000] {logging_mixin.py:149} INFO - [2026-03-14T19:57:33.204+0000] {dag.py:3490} INFO - Setting next_dagrun for dag_restart_data to None, run_after=None
[2026-03-14T19:57:33.217+0000] {processor.py:178} INFO - Processing /opt/airflow/dags/dag_restart_data.py took 0.070 seconds
[2026-03-14T19:58:03.472+0000] {processor.py:156} INFO - Started process (PID=870) to work on /opt/airflow/dags/dag_restart_data.py
[2026-03-14T19:58:03.473+0000] {processor.py:799} INFO - Processing file /opt/airflow/dags/dag_restart_data.py for tasks to queue
[2026-03-14T19:58:03.474+0000] {logging_mixin.py:149} INFO - [2026-03-14T19:58:03.474+0000] {dagbag.py:541} INFO - Filling up the DagBag from /opt/airflow/dags/dag_restart_data.py
[2026-03-14T19:58:03.481+0000] {processor.py:809} INFO - DAG(s) dict_keys(['dag_restart_data']) retrieved from /opt/airflow/dags/dag_restart_data.py
[2026-03-14T19:58:03.504+0000] {logging_mixin.py:149} INFO - [2026-03-14T19:58:03.504+0000] {dag.py:2726} INFO - Sync 1 DAGs
[2026-03-14T19:58:03.522+0000] {logging_mixin.py:149} INFO - [2026-03-14T19:58:03.522+0000] {dag.py:3490} INFO - Setting next_dagrun for dag_restart_data to None, run_after=None
[2026-03-14T19:58:03.537+0000] {processor.py:178} INFO - Processing /opt/airflow/dags/dag_restart_data.py took 0.069 seconds
[2026-03-14T19:58:33.744+0000] {processor.py:156} INFO - Started process (PID=902) to work on /opt/airflow/dags/dag_restart_data.py
[2026-03-14T19:58:33.745+0000] {processor.py:799} INFO - Processing file /opt/airflow/dags/dag_restart_data.py for tasks to queue
[2026-03-14T19:58:33.746+0000] {logging_mixin.py:149} INFO - [2026-03-14T19:58:33.746+0000] {dagbag.py:541} INFO - Filling up the DagBag from /opt/airflow/dags/dag_restart_data.py
[2026-03-14T19:58:33.754+0000] {processor.py:809} INFO - DAG(s) dict_keys(['dag_restart_data']) retrieved from /opt/airflow/dags/dag_restart_data.py
[2026-03-14T19:58:33.779+0000] {logging_mixin.py:149} INFO - [2026-03-14T19:58:33.779+0000] {dag.py:2726} INFO - Sync 1 DAGs
[2026-03-14T19:58:33.799+0000] {logging_mixin.py:149} INFO - [2026-03-14T19:58:33.799+0000] {dag.py:3490} INFO - Setting next_dagrun for dag_restart_data to None, run_after=None
[2026-03-14T19:58:33.812+0000] {processor.py:178} INFO - Processing /opt/airflow/dags/dag_restart_data.py took 0.072 seconds
[2026-03-14T19:59:04.056+0000] {processor.py:156} INFO - Started process (PID=934) to work on /opt/airflow/dags/dag_restart_data.py
[2026-03-14T19:59:04.057+0000] {processor.py:799} INFO - Processing file /opt/airflow/dags/dag_restart_data.py for tasks to queue
[2026-03-14T19:59:04.057+0000] {logging_mixin.py:149} INFO - [2026-03-14T19:59:04.057+0000] {dagbag.py:541} INFO - Filling up the DagBag from /opt/airflow/dags/dag_restart_data.py
[2026-03-14T19:59:04.064+0000] {processor.py:809} INFO - DAG(s) dict_keys(['dag_restart_data']) retrieved from /opt/airflow/dags/dag_restart_data.py
[2026-03-14T19:59:04.084+0000] {logging_mixin.py:149} INFO - [2026-03-14T19:59:04.084+0000] {dag.py:2726} INFO - Sync 1 DAGs
[2026-03-14T19:59:04.098+0000] {logging_mixin.py:149} INFO - [2026-03-14T19:59:04.097+0000] {dag.py:3490} INFO - Setting next_dagrun for dag_restart_data to None, run_after=None
[2026-03-14T19:59:04.108+0000] {processor.py:178} INFO - Processing /opt/airflow/dags/dag_restart_data.py took 0.055 seconds
[2026-03-14T19:59:34.377+0000] {processor.py:156} INFO - Started process (PID=966) to work on /opt/airflow/dags/dag_restart_data.py
[2026-03-14T19:59:34.378+0000] {processor.py:799} INFO - Processing file /opt/airflow/dags/dag_restart_data.py for tasks to queue
[2026-03-14T19:59:34.378+0000] {logging_mixin.py:149} INFO - [2026-03-14T19:59:34.378+0000] {dagbag.py:541} INFO - Filling up the DagBag from /opt/airflow/dags/dag_restart_data.py
[2026-03-14T19:59:34.383+0000] {processor.py:809} INFO - DAG(s) dict_keys(['dag_restart_data']) retrieved from /opt/airflow/dags/dag_restart_data.py
[2026-03-14T19:59:34.405+0000] {logging_mixin.py:149} INFO - [2026-03-14T19:59:34.405+0000] {dag.py:2726} INFO - Sync 1 DAGs
[2026-03-14T19:59:34.416+0000] {logging_mixin.py:149} INFO - [2026-03-14T19:59:34.416+0000] {dag.py:3490} INFO - Setting next_dagrun for dag_restart_data to None, run_after=None
[2026-03-14T19:59:34.426+0000] {processor.py:178} INFO - Processing /opt/airflow/dags/dag_restart_data.py took 0.051 seconds
[2026-03-14T20:00:31.898+0000] {processor.py:156} INFO - Started process (PID=168) to work on /opt/airflow/dags/dag_restart_data.py
[2026-03-14T20:00:31.899+0000] {processor.py:799} INFO - Processing file /opt/airflow/dags/dag_restart_data.py for tasks to queue
[2026-03-14T20:00:31.900+0000] {logging_mixin.py:149} INFO - [2026-03-14T20:00:31.900+0000] {dagbag.py:541} INFO - Filling up the DagBag from /opt/airflow/dags/dag_restart_data.py
[2026-03-14T20:00:31.916+0000] {processor.py:809} INFO - DAG(s) dict_keys(['dag_restart_data']) retrieved from /opt/airflow/dags/dag_restart_data.py
[2026-03-14T20:00:32.015+0000] {logging_mixin.py:149} INFO - [2026-03-14T20:00:32.014+0000] {dag.py:2726} INFO - Sync 1 DAGs
[2026-03-14T20:00:32.103+0000] {logging_mixin.py:149} INFO - [2026-03-14T20:00:32.103+0000] {dag.py:3490} INFO - Setting next_dagrun for dag_restart_data to None, run_after=None
[2026-03-14T20:00:32.111+0000] {processor.py:178} INFO - Processing /opt/airflow/dags/dag_restart_data.py took 0.214 seconds
[2026-03-14T20:01:02.453+0000] {processor.py:156} INFO - Started process (PID=245) to work on /opt/airflow/dags/dag_restart_data.py
[2026-03-14T20:01:02.454+0000] {processor.py:799} INFO - Processing file /opt/airflow/dags/dag_restart_data.py for tasks to queue
[2026-03-14T20:01:02.454+0000] {logging_mixin.py:149} INFO - [2026-03-14T20:01:02.454+0000] {dagbag.py:541} INFO - Filling up the DagBag from /opt/airflow/dags/dag_restart_data.py
[2026-03-14T20:01:02.463+0000] {processor.py:809} INFO - DAG(s) dict_keys(['dag_restart_data']) retrieved from /opt/airflow/dags/dag_restart_data.py
[2026-03-14T20:01:02.482+0000] {logging_mixin.py:149} INFO - [2026-03-14T20:01:02.482+0000] {dag.py:2726} INFO - Sync 1 DAGs
[2026-03-14T20:01:02.577+0000] {logging_mixin.py:149} INFO - [2026-03-14T20:01:02.577+0000] {dag.py:3490} INFO - Setting next_dagrun for dag_restart_data to None, run_after=None
[2026-03-14T20:01:02.588+0000] {processor.py:178} INFO - Processing /opt/airflow/dags/dag_restart_data.py took 0.140 seconds
[2026-03-14T20:01:32.850+0000] {processor.py:156} INFO - Started process (PID=277) to work on /opt/airflow/dags/dag_restart_data.py
[2026-03-14T20:01:32.851+0000] {processor.py:799} INFO - Processing file /opt/airflow/dags/dag_restart_data.py for tasks to queue
[2026-03-14T20:01:32.852+0000] {logging_mixin.py:149} INFO - [2026-03-14T20:01:32.852+0000] {dagbag.py:541} INFO - Filling up the DagBag from /opt/airflow/dags/dag_restart_data.py
[2026-03-14T20:01:32.861+0000] {processor.py:809} INFO - DAG(s) dict_keys(['dag_restart_data']) retrieved from /opt/airflow/dags/dag_restart_data.py
[2026-03-14T20:01:32.943+0000] {logging_mixin.py:149} INFO - [2026-03-14T20:01:32.943+0000] {dag.py:2726} INFO - Sync 1 DAGs
[2026-03-14T20:01:32.953+0000] {logging_mixin.py:149} INFO - [2026-03-14T20:01:32.952+0000] {dag.py:3490} INFO - Setting next_dagrun for dag_restart_data to None, run_after=None
[2026-03-14T20:01:32.962+0000] {processor.py:178} INFO - Processing /opt/airflow/dags/dag_restart_data.py took 0.116 seconds
[2026-03-14T20:02:03.276+0000] {processor.py:156} INFO - Started process (PID=316) to work on /opt/airflow/dags/dag_restart_data.py
[2026-03-14T20:02:03.277+0000] {processor.py:799} INFO - Processing file /opt/airflow/dags/dag_restart_data.py for tasks to queue
[2026-03-14T20:02:03.278+0000] {logging_mixin.py:149} INFO - [2026-03-14T20:02:03.278+0000] {dagbag.py:541} INFO - Filling up the DagBag from /opt/airflow/dags/dag_restart_data.py
[2026-03-14T20:02:03.286+0000] {processor.py:809} INFO - DAG(s) dict_keys(['dag_restart_data']) retrieved from /opt/airflow/dags/dag_restart_data.py
[2026-03-14T20:02:03.309+0000] {logging_mixin.py:149} INFO - [2026-03-14T20:02:03.309+0000] {dag.py:2726} INFO - Sync 1 DAGs
[2026-03-14T20:02:03.327+0000] {logging_mixin.py:149} INFO - [2026-03-14T20:02:03.327+0000] {dag.py:3490} INFO - Setting next_dagrun for dag_restart_data to None, run_after=None
[2026-03-14T20:02:03.339+0000] {processor.py:178} INFO - Processing /opt/airflow/dags/dag_restart_data.py took 0.065 seconds
[2026-03-14T20:02:33.626+0000] {processor.py:156} INFO - Started process (PID=348) to work on /opt/airflow/dags/dag_restart_data.py
[2026-03-14T20:02:33.628+0000] {processor.py:799} INFO - Processing file /opt/airflow/dags/dag_restart_data.py for tasks to queue
[2026-03-14T20:02:33.628+0000] {logging_mixin.py:149} INFO - [2026-03-14T20:02:33.628+0000] {dagbag.py:541} INFO - Filling up the DagBag from /opt/airflow/dags/dag_restart_data.py
[2026-03-14T20:02:33.638+0000] {processor.py:809} INFO - DAG(s) dict_keys(['dag_restart_data']) retrieved from /opt/airflow/dags/dag_restart_data.py
[2026-03-14T20:02:33.660+0000] {logging_mixin.py:149} INFO - [2026-03-14T20:02:33.660+0000] {dag.py:2726} INFO - Sync 1 DAGs
[2026-03-14T20:02:33.680+0000] {logging_mixin.py:149} INFO - [2026-03-14T20:02:33.680+0000] {dag.py:3490} INFO - Setting next_dagrun for dag_restart_data to None, run_after=None
[2026-03-14T20:02:33.691+0000] {processor.py:178} INFO - Processing /opt/airflow/dags/dag_restart_data.py took 0.068 seconds
[2026-03-14T20:03:03.960+0000] {processor.py:156} INFO - Started process (PID=380) to work on /opt/airflow/dags/dag_restart_data.py
[2026-03-14T20:03:03.961+0000] {processor.py:799} INFO - Processing file /opt/airflow/dags/dag_restart_data.py for tasks to queue
[2026-03-14T20:03:03.961+0000] {logging_mixin.py:149} INFO - [2026-03-14T20:03:03.961+0000] {dagbag.py:541} INFO - Filling up the DagBag from /opt/airflow/dags/dag_restart_data.py
[2026-03-14T20:03:03.968+0000] {processor.py:809} INFO - DAG(s) dict_keys(['dag_restart_data']) retrieved from /opt/airflow/dags/dag_restart_data.py
[2026-03-14T20:03:03.987+0000] {logging_mixin.py:149} INFO - [2026-03-14T20:03:03.987+0000] {dag.py:2726} INFO - Sync 1 DAGs
[2026-03-14T20:03:04.002+0000] {logging_mixin.py:149} INFO - [2026-03-14T20:03:04.001+0000] {dag.py:3490} INFO - Setting next_dagrun for dag_restart_data to None, run_after=None
[2026-03-14T20:03:04.016+0000] {processor.py:178} INFO - Processing /opt/airflow/dags/dag_restart_data.py took 0.060 seconds
[2026-03-14T20:03:34.257+0000] {processor.py:156} INFO - Started process (PID=412) to work on /opt/airflow/dags/dag_restart_data.py
[2026-03-14T20:03:34.258+0000] {processor.py:799} INFO - Processing file /opt/airflow/dags/dag_restart_data.py for tasks to queue
[2026-03-14T20:03:34.260+0000] {logging_mixin.py:149} INFO - [2026-03-14T20:03:34.259+0000] {dagbag.py:541} INFO - Filling up the DagBag from /opt/airflow/dags/dag_restart_data.py
[2026-03-14T20:03:34.267+0000] {processor.py:809} INFO - DAG(s) dict_keys(['dag_restart_data']) retrieved from /opt/airflow/dags/dag_restart_data.py
[2026-03-14T20:03:34.290+0000] {logging_mixin.py:149} INFO - [2026-03-14T20:03:34.290+0000] {dag.py:2726} INFO - Sync 1 DAGs
[2026-03-14T20:03:34.305+0000] {logging_mixin.py:149} INFO - [2026-03-14T20:03:34.305+0000] {dag.py:3490} INFO - Setting next_dagrun for dag_restart_data to None, run_after=None
[2026-03-14T20:03:34.317+0000] {processor.py:178} INFO - Processing /opt/airflow/dags/dag_restart_data.py took 0.063 seconds
[2026-03-14T20:04:04.562+0000] {processor.py:156} INFO - Started process (PID=444) to work on /opt/airflow/dags/dag_restart_data.py
[2026-03-14T20:04:04.563+0000] {processor.py:799} INFO - Processing file /opt/airflow/dags/dag_restart_data.py for tasks to queue
[2026-03-14T20:04:04.565+0000] {logging_mixin.py:149} INFO - [2026-03-14T20:04:04.564+0000] {dagbag.py:541} INFO - Filling up the DagBag from /opt/airflow/dags/dag_restart_data.py
[2026-03-14T20:04:04.572+0000] {processor.py:809} INFO - DAG(s) dict_keys(['dag_restart_data']) retrieved from /opt/airflow/dags/dag_restart_data.py
[2026-03-14T20:04:04.600+0000] {logging_mixin.py:149} INFO - [2026-03-14T20:04:04.600+0000] {dag.py:2726} INFO - Sync 1 DAGs
[2026-03-14T20:04:04.615+0000] {logging_mixin.py:149} INFO - [2026-03-14T20:04:04.615+0000] {dag.py:3490} INFO - Setting next_dagrun for dag_restart_data to None, run_after=None
[2026-03-14T20:04:04.630+0000] {processor.py:178} INFO - Processing /opt/airflow/dags/dag_restart_data.py took 0.072 seconds
[2026-03-14T20:04:34.880+0000] {processor.py:156} INFO - Started process (PID=476) to work on /opt/airflow/dags/dag_restart_data.py
[2026-03-14T20:04:34.880+0000] {processor.py:799} INFO - Processing file /opt/airflow/dags/dag_restart_data.py for tasks to queue
[2026-03-14T20:04:34.881+0000] {logging_mixin.py:149} INFO - [2026-03-14T20:04:34.881+0000] {dagbag.py:541} INFO - Filling up the DagBag from /opt/airflow/dags/dag_restart_data.py
[2026-03-14T20:04:34.886+0000] {processor.py:809} INFO - DAG(s) dict_keys(['dag_restart_data']) retrieved from /opt/airflow/dags/dag_restart_data.py
[2026-03-14T20:04:34.904+0000] {logging_mixin.py:149} INFO - [2026-03-14T20:04:34.904+0000] {dag.py:2726} INFO - Sync 1 DAGs
[2026-03-14T20:04:34.918+0000] {logging_mixin.py:149} INFO - [2026-03-14T20:04:34.918+0000] {dag.py:3490} INFO - Setting next_dagrun for dag_restart_data to None, run_after=None
[2026-03-14T20:04:34.929+0000] {processor.py:178} INFO - Processing /opt/airflow/dags/dag_restart_data.py took 0.051 seconds
[2026-03-14T20:05:05.173+0000] {processor.py:156} INFO - Started process (PID=508) to work on /opt/airflow/dags/dag_restart_data.py
[2026-03-14T20:05:05.173+0000] {processor.py:799} INFO - Processing file /opt/airflow/dags/dag_restart_data.py for tasks to queue
[2026-03-14T20:05:05.174+0000] {logging_mixin.py:149} INFO - [2026-03-14T20:05:05.174+0000] {dagbag.py:541} INFO - Filling up the DagBag from /opt/airflow/dags/dag_restart_data.py
[2026-03-14T20:05:05.178+0000] {processor.py:809} INFO - DAG(s) dict_keys(['dag_restart_data']) retrieved from /opt/airflow/dags/dag_restart_data.py
[2026-03-14T20:05:05.200+0000] {logging_mixin.py:149} INFO - [2026-03-14T20:05:05.200+0000] {dag.py:2726} INFO - Sync 1 DAGs
[2026-03-14T20:05:05.211+0000] {logging_mixin.py:149} INFO - [2026-03-14T20:05:05.211+0000] {dag.py:3490} INFO - Setting next_dagrun for dag_restart_data to None, run_after=None
[2026-03-14T20:05:05.221+0000] {processor.py:178} INFO - Processing /opt/airflow/dags/dag_restart_data.py took 0.050 seconds
[2026-03-14T20:05:35.594+0000] {processor.py:156} INFO - Started process (PID=540) to work on /opt/airflow/dags/dag_restart_data.py
[2026-03-14T20:05:35.595+0000] {processor.py:799} INFO - Processing file /opt/airflow/dags/dag_restart_data.py for tasks to queue
[2026-03-14T20:05:35.596+0000] {logging_mixin.py:149} INFO - [2026-03-14T20:05:35.596+0000] {dagbag.py:541} INFO - Filling up the DagBag from /opt/airflow/dags/dag_restart_data.py
[2026-03-14T20:05:35.604+0000] {processor.py:809} INFO - DAG(s) dict_keys(['dag_restart_data']) retrieved from /opt/airflow/dags/dag_restart_data.py
[2026-03-14T20:05:35.631+0000] {logging_mixin.py:149} INFO - [2026-03-14T20:05:35.631+0000] {dag.py:2726} INFO - Sync 1 DAGs
[2026-03-14T20:05:35.645+0000] {logging_mixin.py:149} INFO - [2026-03-14T20:05:35.645+0000] {dag.py:3490} INFO - Setting next_dagrun for dag_restart_data to None, run_after=None
[2026-03-14T20:05:35.658+0000] {processor.py:178} INFO - Processing /opt/airflow/dags/dag_restart_data.py took 0.068 seconds
[2026-03-14T20:06:05.993+0000] {processor.py:156} INFO - Started process (PID=572) to work on /opt/airflow/dags/dag_restart_data.py
[2026-03-14T20:06:05.993+0000] {processor.py:799} INFO - Processing file /opt/airflow/dags/dag_restart_data.py for tasks to queue
[2026-03-14T20:06:05.994+0000] {logging_mixin.py:149} INFO - [2026-03-14T20:06:05.994+0000] {dagbag.py:541} INFO - Filling up the DagBag from /opt/airflow/dags/dag_restart_data.py
[2026-03-14T20:06:06.001+0000] {processor.py:809} INFO - DAG(s) dict_keys(['dag_restart_data']) retrieved from /opt/airflow/dags/dag_restart_data.py
[2026-03-14T20:06:06.019+0000] {logging_mixin.py:149} INFO - [2026-03-14T20:06:06.018+0000] {dag.py:2726} INFO - Sync 1 DAGs
[2026-03-14T20:06:06.029+0000] {logging_mixin.py:149} INFO - [2026-03-14T20:06:06.029+0000] {dag.py:3490} INFO - Setting next_dagrun for dag_restart_data to None, run_after=None
[2026-03-14T20:06:06.037+0000] {processor.py:178} INFO - Processing /opt/airflow/dags/dag_restart_data.py took 0.046 seconds
[2026-03-14T20:06:36.341+0000] {processor.py:156} INFO - Started process (PID=604) to work on /opt/airflow/dags/dag_restart_data.py
[2026-03-14T20:06:36.342+0000] {processor.py:799} INFO - Processing file /opt/airflow/dags/dag_restart_data.py for tasks to queue
[2026-03-14T20:06:36.342+0000] {logging_mixin.py:149} INFO - [2026-03-14T20:06:36.342+0000] {dagbag.py:541} INFO - Filling up the DagBag from /opt/airflow/dags/dag_restart_data.py
[2026-03-14T20:06:36.349+0000] {processor.py:809} INFO - DAG(s) dict_keys(['dag_restart_data']) retrieved from /opt/airflow/dags/dag_restart_data.py
[2026-03-14T20:06:36.368+0000] {logging_mixin.py:149} INFO - [2026-03-14T20:06:36.368+0000] {dag.py:2726} INFO - Sync 1 DAGs
[2026-03-14T20:06:36.381+0000] {logging_mixin.py:149} INFO - [2026-03-14T20:06:36.381+0000] {dag.py:3490} INFO - Setting next_dagrun for dag_restart_data to None, run_after=None
[2026-03-14T20:06:36.392+0000] {processor.py:178} INFO - Processing /opt/airflow/dags/dag_restart_data.py took 0.055 seconds
[2026-03-14T20:07:06.737+0000] {processor.py:156} INFO - Started process (PID=636) to work on /opt/airflow/dags/dag_restart_data.py
[2026-03-14T20:07:06.738+0000] {processor.py:799} INFO - Processing file /opt/airflow/dags/dag_restart_data.py for tasks to queue
[2026-03-14T20:07:06.740+0000] {logging_mixin.py:149} INFO - [2026-03-14T20:07:06.739+0000] {dagbag.py:541} INFO - Filling up the DagBag from /opt/airflow/dags/dag_restart_data.py
[2026-03-14T20:07:06.749+0000] {processor.py:809} INFO - DAG(s) dict_keys(['dag_restart_data']) retrieved from /opt/airflow/dags/dag_restart_data.py
[2026-03-14T20:07:06.771+0000] {logging_mixin.py:149} INFO - [2026-03-14T20:07:06.770+0000] {dag.py:2726} INFO - Sync 1 DAGs
[2026-03-14T20:07:06.782+0000] {logging_mixin.py:149} INFO - [2026-03-14T20:07:06.782+0000] {dag.py:3490} INFO - Setting next_dagrun for dag_restart_data to None, run_after=None
[2026-03-14T20:07:06.794+0000] {processor.py:178} INFO - Processing /opt/airflow/dags/dag_restart_data.py took 0.062 seconds
[2026-03-14T20:07:37.149+0000] {processor.py:156} INFO - Started process (PID=668) to work on /opt/airflow/dags/dag_restart_data.py
[2026-03-14T20:07:37.150+0000] {processor.py:799} INFO - Processing file /opt/airflow/dags/dag_restart_data.py for tasks to queue
[2026-03-14T20:07:37.150+0000] {logging_mixin.py:149} INFO - [2026-03-14T20:07:37.150+0000] {dagbag.py:541} INFO - Filling up the DagBag from /opt/airflow/dags/dag_restart_data.py
[2026-03-14T20:07:37.158+0000] {processor.py:809} INFO - DAG(s) dict_keys(['dag_restart_data']) retrieved from /opt/airflow/dags/dag_restart_data.py
[2026-03-14T20:07:37.178+0000] {logging_mixin.py:149} INFO - [2026-03-14T20:07:37.178+0000] {dag.py:2726} INFO - Sync 1 DAGs
[2026-03-14T20:07:37.191+0000] {logging_mixin.py:149} INFO - [2026-03-14T20:07:37.191+0000] {dag.py:3490} INFO - Setting next_dagrun for dag_restart_data to None, run_after=None
[2026-03-14T20:07:37.202+0000] {processor.py:178} INFO - Processing /opt/airflow/dags/dag_restart_data.py took 0.057 seconds
[2026-03-14T20:08:07.546+0000] {processor.py:156} INFO - Started process (PID=700) to work on /opt/airflow/dags/dag_restart_data.py
[2026-03-14T20:08:07.547+0000] {processor.py:799} INFO - Processing file /opt/airflow/dags/dag_restart_data.py for tasks to queue
[2026-03-14T20:08:07.548+0000] {logging_mixin.py:149} INFO - [2026-03-14T20:08:07.548+0000] {dagbag.py:541} INFO - Filling up the DagBag from /opt/airflow/dags/dag_restart_data.py
[2026-03-14T20:08:07.554+0000] {processor.py:809} INFO - DAG(s) dict_keys(['dag_restart_data']) retrieved from /opt/airflow/dags/dag_restart_data.py
[2026-03-14T20:08:07.575+0000] {logging_mixin.py:149} INFO - [2026-03-14T20:08:07.575+0000] {dag.py:2726} INFO - Sync 1 DAGs
[2026-03-14T20:08:07.588+0000] {logging_mixin.py:149} INFO - [2026-03-14T20:08:07.588+0000] {dag.py:3490} INFO - Setting next_dagrun for dag_restart_data to None, run_after=None
[2026-03-14T20:08:07.600+0000] {processor.py:178} INFO - Processing /opt/airflow/dags/dag_restart_data.py took 0.058 seconds
[2026-03-14T20:08:37.822+0000] {processor.py:156} INFO - Started process (PID=717) to work on /opt/airflow/dags/dag_restart_data.py
[2026-03-14T20:08:37.824+0000] {processor.py:799} INFO - Processing file /opt/airflow/dags/dag_restart_data.py for tasks to queue
[2026-03-14T20:08:37.824+0000] {logging_mixin.py:149} INFO - [2026-03-14T20:08:37.824+0000] {dagbag.py:541} INFO - Filling up the DagBag from /opt/airflow/dags/dag_restart_data.py
[2026-03-14T20:08:37.829+0000] {processor.py:809} INFO - DAG(s) dict_keys(['dag_restart_data']) retrieved from /opt/airflow/dags/dag_restart_data.py
[2026-03-14T20:08:37.846+0000] {logging_mixin.py:149} INFO - [2026-03-14T20:08:37.846+0000] {dag.py:2726} INFO - Sync 1 DAGs
[2026-03-14T20:08:37.857+0000] {logging_mixin.py:149} INFO - [2026-03-14T20:08:37.857+0000] {dag.py:3490} INFO - Setting next_dagrun for dag_restart_data to None, run_after=None
[2026-03-14T20:08:37.868+0000] {processor.py:178} INFO - Processing /opt/airflow/dags/dag_restart_data.py took 0.047 seconds
[2026-03-14T20:09:08.081+0000] {processor.py:156} INFO - Started process (PID=782) to work on /opt/airflow/dags/dag_restart_data.py
[2026-03-14T20:09:08.082+0000] {processor.py:799} INFO - Processing file /opt/airflow/dags/dag_restart_data.py for tasks to queue
[2026-03-14T20:09:08.083+0000] {logging_mixin.py:149} INFO - [2026-03-14T20:09:08.083+0000] {dagbag.py:541} INFO - Filling up the DagBag from /opt/airflow/dags/dag_restart_data.py
[2026-03-14T20:09:08.090+0000] {processor.py:809} INFO - DAG(s) dict_keys(['dag_restart_data']) retrieved from /opt/airflow/dags/dag_restart_data.py
[2026-03-14T20:09:08.112+0000] {logging_mixin.py:149} INFO - [2026-03-14T20:09:08.112+0000] {dag.py:2726} INFO - Sync 1 DAGs
[2026-03-14T20:09:08.126+0000] {logging_mixin.py:149} INFO - [2026-03-14T20:09:08.126+0000] {dag.py:3490} INFO - Setting next_dagrun for dag_restart_data to None, run_after=None
[2026-03-14T20:09:08.135+0000] {processor.py:178} INFO - Processing /opt/airflow/dags/dag_restart_data.py took 0.058 seconds
[2026-03-14T20:09:38.445+0000] {processor.py:156} INFO - Started process (PID=799) to work on /opt/airflow/dags/dag_restart_data.py
[2026-03-14T20:09:38.445+0000] {processor.py:799} INFO - Processing file /opt/airflow/dags/dag_restart_data.py for tasks to queue
[2026-03-14T20:09:38.446+0000] {logging_mixin.py:149} INFO - [2026-03-14T20:09:38.446+0000] {dagbag.py:541} INFO - Filling up the DagBag from /opt/airflow/dags/dag_restart_data.py
[2026-03-14T20:09:38.452+0000] {processor.py:809} INFO - DAG(s) dict_keys(['dag_restart_data']) retrieved from /opt/airflow/dags/dag_restart_data.py
[2026-03-14T20:09:38.471+0000] {logging_mixin.py:149} INFO - [2026-03-14T20:09:38.471+0000] {dag.py:2726} INFO - Sync 1 DAGs
[2026-03-14T20:09:38.485+0000] {logging_mixin.py:149} INFO - [2026-03-14T20:09:38.484+0000] {dag.py:3490} INFO - Setting next_dagrun for dag_restart_data to None, run_after=None
[2026-03-14T20:09:38.496+0000] {processor.py:178} INFO - Processing /opt/airflow/dags/dag_restart_data.py took 0.053 seconds
[2026-03-14T20:10:08.784+0000] {processor.py:156} INFO - Started process (PID=816) to work on /opt/airflow/dags/dag_restart_data.py
[2026-03-14T20:10:08.785+0000] {processor.py:799} INFO - Processing file /opt/airflow/dags/dag_restart_data.py for tasks to queue
[2026-03-14T20:10:08.786+0000] {logging_mixin.py:149} INFO - [2026-03-14T20:10:08.786+0000] {dagbag.py:541} INFO - Filling up the DagBag from /opt/airflow/dags/dag_restart_data.py
[2026-03-14T20:10:08.798+0000] {processor.py:809} INFO - DAG(s) dict_keys(['dag_restart_data']) retrieved from /opt/airflow/dags/dag_restart_data.py
[2026-03-14T20:10:08.823+0000] {logging_mixin.py:149} INFO - [2026-03-14T20:10:08.823+0000] {dag.py:2726} INFO - Sync 1 DAGs
[2026-03-14T20:10:08.838+0000] {logging_mixin.py:149} INFO - [2026-03-14T20:10:08.838+0000] {dag.py:3490} INFO - Setting next_dagrun for dag_restart_data to None, run_after=None
[2026-03-14T20:10:08.850+0000] {processor.py:178} INFO - Processing /opt/airflow/dags/dag_restart_data.py took 0.071 seconds
[2026-03-14T20:10:39.179+0000] {processor.py:156} INFO - Started process (PID=848) to work on /opt/airflow/dags/dag_restart_data.py
[2026-03-14T20:10:39.180+0000] {processor.py:799} INFO - Processing file /opt/airflow/dags/dag_restart_data.py for tasks to queue
[2026-03-14T20:10:39.181+0000] {logging_mixin.py:149} INFO - [2026-03-14T20:10:39.181+0000] {dagbag.py:541} INFO - Filling up the DagBag from /opt/airflow/dags/dag_restart_data.py
[2026-03-14T20:10:39.188+0000] {processor.py:809} INFO - DAG(s) dict_keys(['dag_restart_data']) retrieved from /opt/airflow/dags/dag_restart_data.py
[2026-03-14T20:10:39.213+0000] {logging_mixin.py:149} INFO - [2026-03-14T20:10:39.213+0000] {dag.py:2726} INFO - Sync 1 DAGs
[2026-03-14T20:10:39.229+0000] {logging_mixin.py:149} INFO - [2026-03-14T20:10:39.229+0000] {dag.py:3490} INFO - Setting next_dagrun for dag_restart_data to None, run_after=None
[2026-03-14T20:10:39.241+0000] {processor.py:178} INFO - Processing /opt/airflow/dags/dag_restart_data.py took 0.066 seconds
[2026-03-14T20:11:09.532+0000] {processor.py:156} INFO - Started process (PID=880) to work on /opt/airflow/dags/dag_restart_data.py
[2026-03-14T20:11:09.535+0000] {processor.py:799} INFO - Processing file /opt/airflow/dags/dag_restart_data.py for tasks to queue
[2026-03-14T20:11:09.535+0000] {logging_mixin.py:149} INFO - [2026-03-14T20:11:09.535+0000] {dagbag.py:541} INFO - Filling up the DagBag from /opt/airflow/dags/dag_restart_data.py
[2026-03-14T20:11:09.545+0000] {processor.py:809} INFO - DAG(s) dict_keys(['dag_restart_data']) retrieved from /opt/airflow/dags/dag_restart_data.py
[2026-03-14T20:11:09.564+0000] {logging_mixin.py:149} INFO - [2026-03-14T20:11:09.564+0000] {dag.py:2726} INFO - Sync 1 DAGs
[2026-03-14T20:11:09.574+0000] {logging_mixin.py:149} INFO - [2026-03-14T20:11:09.574+0000] {dag.py:3490} INFO - Setting next_dagrun for dag_restart_data to None, run_after=None
[2026-03-14T20:11:09.586+0000] {processor.py:178} INFO - Processing /opt/airflow/dags/dag_restart_data.py took 0.057 seconds
[2026-03-14T20:11:39.919+0000] {processor.py:156} INFO - Started process (PID=912) to work on /opt/airflow/dags/dag_restart_data.py
[2026-03-14T20:11:39.920+0000] {processor.py:799} INFO - Processing file /opt/airflow/dags/dag_restart_data.py for tasks to queue
[2026-03-14T20:11:39.921+0000] {logging_mixin.py:149} INFO - [2026-03-14T20:11:39.921+0000] {dagbag.py:541} INFO - Filling up the DagBag from /opt/airflow/dags/dag_restart_data.py
[2026-03-14T20:11:39.929+0000] {processor.py:809} INFO - DAG(s) dict_keys(['dag_restart_data']) retrieved from /opt/airflow/dags/dag_restart_data.py
[2026-03-14T20:11:39.964+0000] {logging_mixin.py:149} INFO - [2026-03-14T20:11:39.963+0000] {dag.py:2726} INFO - Sync 1 DAGs
[2026-03-14T20:11:39.979+0000] {logging_mixin.py:149} INFO - [2026-03-14T20:11:39.979+0000] {dag.py:3490} INFO - Setting next_dagrun for dag_restart_data to None, run_after=None
[2026-03-14T20:11:39.989+0000] {processor.py:178} INFO - Processing /opt/airflow/dags/dag_restart_data.py took 0.075 seconds
[2026-03-14T20:12:10.272+0000] {processor.py:156} INFO - Started process (PID=944) to work on /opt/airflow/dags/dag_restart_data.py
[2026-03-14T20:12:10.273+0000] {processor.py:799} INFO - Processing file /opt/airflow/dags/dag_restart_data.py for tasks to queue
[2026-03-14T20:12:10.273+0000] {logging_mixin.py:149} INFO - [2026-03-14T20:12:10.273+0000] {dagbag.py:541} INFO - Filling up the DagBag from /opt/airflow/dags/dag_restart_data.py
[2026-03-14T20:12:10.277+0000] {processor.py:809} INFO - DAG(s) dict_keys(['dag_restart_data']) retrieved from /opt/airflow/dags/dag_restart_data.py
[2026-03-14T20:12:10.296+0000] {logging_mixin.py:149} INFO - [2026-03-14T20:12:10.296+0000] {dag.py:2726} INFO - Sync 1 DAGs
[2026-03-14T20:12:10.313+0000] {logging_mixin.py:149} INFO - [2026-03-14T20:12:10.313+0000] {dag.py:3490} INFO - Setting next_dagrun for dag_restart_data to None, run_after=None
[2026-03-14T20:12:10.325+0000] {processor.py:178} INFO - Processing /opt/airflow/dags/dag_restart_data.py took 0.056 seconds
[2026-03-14T20:12:40.610+0000] {processor.py:156} INFO - Started process (PID=976) to work on /opt/airflow/dags/dag_restart_data.py
[2026-03-14T20:12:40.612+0000] {processor.py:799} INFO - Processing file /opt/airflow/dags/dag_restart_data.py for tasks to queue
[2026-03-14T20:12:40.612+0000] {logging_mixin.py:149} INFO - [2026-03-14T20:12:40.612+0000] {dagbag.py:541} INFO - Filling up the DagBag from /opt/airflow/dags/dag_restart_data.py
[2026-03-14T20:12:40.621+0000] {processor.py:809} INFO - DAG(s) dict_keys(['dag_restart_data']) retrieved from /opt/airflow/dags/dag_restart_data.py
[2026-03-14T20:12:40.653+0000] {logging_mixin.py:149} INFO - [2026-03-14T20:12:40.652+0000] {dag.py:2726} INFO - Sync 1 DAGs
[2026-03-14T20:12:40.668+0000] {logging_mixin.py:149} INFO - [2026-03-14T20:12:40.667+0000] {dag.py:3490} INFO - Setting next_dagrun for dag_restart_data to None, run_after=None
[2026-03-14T20:12:40.678+0000] {processor.py:178} INFO - Processing /opt/airflow/dags/dag_restart_data.py took 0.072 seconds
[2026-03-14T20:13:11.004+0000] {processor.py:156} INFO - Started process (PID=1008) to work on /opt/airflow/dags/dag_restart_data.py
[2026-03-14T20:13:11.005+0000] {processor.py:799} INFO - Processing file /opt/airflow/dags/dag_restart_data.py for tasks to queue
[2026-03-14T20:13:11.006+0000] {logging_mixin.py:149} INFO - [2026-03-14T20:13:11.006+0000] {dagbag.py:541} INFO - Filling up the DagBag from /opt/airflow/dags/dag_restart_data.py
[2026-03-14T20:13:11.013+0000] {processor.py:809} INFO - DAG(s) dict_keys(['dag_restart_data']) retrieved from /opt/airflow/dags/dag_restart_data.py
[2026-03-14T20:13:11.042+0000] {logging_mixin.py:149} INFO - [2026-03-14T20:13:11.042+0000] {dag.py:2726} INFO - Sync 1 DAGs
[2026-03-14T20:13:11.057+0000] {logging_mixin.py:149} INFO - [2026-03-14T20:13:11.057+0000] {dag.py:3490} INFO - Setting next_dagrun for dag_restart_data to None, run_after=None
[2026-03-14T20:13:11.068+0000] {processor.py:178} INFO - Processing /opt/airflow/dags/dag_restart_data.py took 0.068 seconds
[2026-03-14T20:13:41.375+0000] {processor.py:156} INFO - Started process (PID=1040) to work on /opt/airflow/dags/dag_restart_data.py
[2026-03-14T20:13:41.376+0000] {processor.py:799} INFO - Processing file /opt/airflow/dags/dag_restart_data.py for tasks to queue
[2026-03-14T20:13:41.377+0000] {logging_mixin.py:149} INFO - [2026-03-14T20:13:41.377+0000] {dagbag.py:541} INFO - Filling up the DagBag from /opt/airflow/dags/dag_restart_data.py
[2026-03-14T20:13:41.385+0000] {processor.py:809} INFO - DAG(s) dict_keys(['dag_restart_data']) retrieved from /opt/airflow/dags/dag_restart_data.py
[2026-03-14T20:13:41.412+0000] {logging_mixin.py:149} INFO - [2026-03-14T20:13:41.412+0000] {dag.py:2726} INFO - Sync 1 DAGs
[2026-03-14T20:13:41.426+0000] {logging_mixin.py:149} INFO - [2026-03-14T20:13:41.426+0000] {dag.py:3490} INFO - Setting next_dagrun for dag_restart_data to None, run_after=None
[2026-03-14T20:13:41.436+0000] {processor.py:178} INFO - Processing /opt/airflow/dags/dag_restart_data.py took 0.065 seconds
[2026-03-14T20:14:11.736+0000] {processor.py:156} INFO - Started process (PID=1072) to work on /opt/airflow/dags/dag_restart_data.py
[2026-03-14T20:14:11.737+0000] {processor.py:799} INFO - Processing file /opt/airflow/dags/dag_restart_data.py for tasks to queue
[2026-03-14T20:14:11.738+0000] {logging_mixin.py:149} INFO - [2026-03-14T20:14:11.738+0000] {dagbag.py:541} INFO - Filling up the DagBag from /opt/airflow/dags/dag_restart_data.py
[2026-03-14T20:14:11.753+0000] {processor.py:809} INFO - DAG(s) dict_keys(['dag_restart_data']) retrieved from /opt/airflow/dags/dag_restart_data.py
[2026-03-14T20:14:11.776+0000] {logging_mixin.py:149} INFO - [2026-03-14T20:14:11.775+0000] {dag.py:2726} INFO - Sync 1 DAGs
[2026-03-14T20:14:11.793+0000] {logging_mixin.py:149} INFO - [2026-03-14T20:14:11.793+0000] {dag.py:3490} INFO - Setting next_dagrun for dag_restart_data to None, run_after=None
[2026-03-14T20:14:11.805+0000] {processor.py:178} INFO - Processing /opt/airflow/dags/dag_restart_data.py took 0.075 seconds
[2026-03-14T20:14:42.120+0000] {processor.py:156} INFO - Started process (PID=1104) to work on /opt/airflow/dags/dag_restart_data.py
[2026-03-14T20:14:42.122+0000] {processor.py:799} INFO - Processing file /opt/airflow/dags/dag_restart_data.py for tasks to queue
[2026-03-14T20:14:42.123+0000] {logging_mixin.py:149} INFO - [2026-03-14T20:14:42.122+0000] {dagbag.py:541} INFO - Filling up the DagBag from /opt/airflow/dags/dag_restart_data.py
[2026-03-14T20:14:42.131+0000] {processor.py:809} INFO - DAG(s) dict_keys(['dag_restart_data']) retrieved from /opt/airflow/dags/dag_restart_data.py
[2026-03-14T20:14:42.162+0000] {logging_mixin.py:149} INFO - [2026-03-14T20:14:42.162+0000] {dag.py:2726} INFO - Sync 1 DAGs
[2026-03-14T20:14:42.182+0000] {logging_mixin.py:149} INFO - [2026-03-14T20:14:42.182+0000] {dag.py:3490} INFO - Setting next_dagrun for dag_restart_data to None, run_after=None
[2026-03-14T20:14:42.191+0000] {processor.py:178} INFO - Processing /opt/airflow/dags/dag_restart_data.py took 0.076 seconds
[2026-03-14T20:19:12.818+0000] {processor.py:156} INFO - Started process (PID=1119) to work on /opt/airflow/dags/dag_restart_data.py
[2026-03-14T20:19:12.822+0000] {processor.py:799} INFO - Processing file /opt/airflow/dags/dag_restart_data.py for tasks to queue
[2026-03-14T20:19:12.823+0000] {logging_mixin.py:149} INFO - [2026-03-14T20:19:12.823+0000] {dagbag.py:541} INFO - Filling up the DagBag from /opt/airflow/dags/dag_restart_data.py
[2026-03-14T20:19:12.832+0000] {processor.py:809} INFO - DAG(s) dict_keys(['dag_restart_data']) retrieved from /opt/airflow/dags/dag_restart_data.py
[2026-03-14T20:19:12.873+0000] {logging_mixin.py:149} INFO - [2026-03-14T20:19:12.873+0000] {dag.py:2726} INFO - Sync 1 DAGs
[2026-03-14T20:19:12.906+0000] {logging_mixin.py:149} INFO - [2026-03-14T20:19:12.906+0000] {dag.py:3490} INFO - Setting next_dagrun for dag_restart_data to None, run_after=None
[2026-03-14T20:19:12.931+0000] {processor.py:178} INFO - Processing /opt/airflow/dags/dag_restart_data.py took 0.116 seconds
[2026-03-14T20:35:14.266+0000] {processor.py:156} INFO - Started process (PID=1151) to work on /opt/airflow/dags/dag_restart_data.py
[2026-03-14T20:35:14.267+0000] {processor.py:799} INFO - Processing file /opt/airflow/dags/dag_restart_data.py for tasks to queue
[2026-03-14T20:35:14.268+0000] {logging_mixin.py:149} INFO - [2026-03-14T20:35:14.268+0000] {dagbag.py:541} INFO - Filling up the DagBag from /opt/airflow/dags/dag_restart_data.py
[2026-03-14T20:35:14.279+0000] {processor.py:809} INFO - DAG(s) dict_keys(['dag_restart_data']) retrieved from /opt/airflow/dags/dag_restart_data.py
[2026-03-14T20:35:14.302+0000] {logging_mixin.py:149} INFO - [2026-03-14T20:35:14.301+0000] {dag.py:2726} INFO - Sync 1 DAGs
[2026-03-14T20:35:14.318+0000] {logging_mixin.py:149} INFO - [2026-03-14T20:35:14.318+0000] {dag.py:3490} INFO - Setting next_dagrun for dag_restart_data to None, run_after=None
[2026-03-14T20:35:14.332+0000] {processor.py:178} INFO - Processing /opt/airflow/dags/dag_restart_data.py took 0.069 seconds
[2026-03-14T20:44:24.201+0000] {processor.py:156} INFO - Started process (PID=1182) to work on /opt/airflow/dags/dag_restart_data.py
[2026-03-14T20:44:24.202+0000] {processor.py:799} INFO - Processing file /opt/airflow/dags/dag_restart_data.py for tasks to queue
[2026-03-14T20:44:24.202+0000] {logging_mixin.py:149} INFO - [2026-03-14T20:44:24.202+0000] {dagbag.py:541} INFO - Filling up the DagBag from /opt/airflow/dags/dag_restart_data.py
[2026-03-14T20:44:24.213+0000] {processor.py:809} INFO - DAG(s) dict_keys(['dag_restart_data']) retrieved from /opt/airflow/dags/dag_restart_data.py
[2026-03-14T20:44:24.270+0000] {logging_mixin.py:149} INFO - [2026-03-14T20:44:24.270+0000] {dag.py:2726} INFO - Sync 1 DAGs
[2026-03-14T20:44:24.315+0000] {logging_mixin.py:149} INFO - [2026-03-14T20:44:24.315+0000] {dag.py:3490} INFO - Setting next_dagrun for dag_restart_data to None, run_after=None
[2026-03-14T20:44:24.333+0000] {processor.py:178} INFO - Processing /opt/airflow/dags/dag_restart_data.py took 0.135 seconds
[2026-03-14T20:44:54.706+0000] {processor.py:156} INFO - Started process (PID=1212) to work on /opt/airflow/dags/dag_restart_data.py
[2026-03-14T20:44:54.706+0000] {processor.py:799} INFO - Processing file /opt/airflow/dags/dag_restart_data.py for tasks to queue
[2026-03-14T20:44:54.707+0000] {logging_mixin.py:149} INFO - [2026-03-14T20:44:54.707+0000] {dagbag.py:541} INFO - Filling up the DagBag from /opt/airflow/dags/dag_restart_data.py
[2026-03-14T20:44:54.716+0000] {processor.py:809} INFO - DAG(s) dict_keys(['dag_restart_data']) retrieved from /opt/airflow/dags/dag_restart_data.py
[2026-03-14T20:44:54.737+0000] {logging_mixin.py:149} INFO - [2026-03-14T20:44:54.736+0000] {dag.py:2726} INFO - Sync 1 DAGs
[2026-03-14T20:44:54.749+0000] {logging_mixin.py:149} INFO - [2026-03-14T20:44:54.749+0000] {dag.py:3490} INFO - Setting next_dagrun for dag_restart_data to None, run_after=None
[2026-03-14T20:44:54.761+0000] {processor.py:178} INFO - Processing /opt/airflow/dags/dag_restart_data.py took 0.058 seconds
[2026-03-14T20:45:25.057+0000] {processor.py:156} INFO - Started process (PID=1244) to work on /opt/airflow/dags/dag_restart_data.py
[2026-03-14T20:45:25.058+0000] {processor.py:799} INFO - Processing file /opt/airflow/dags/dag_restart_data.py for tasks to queue
[2026-03-14T20:45:25.059+0000] {logging_mixin.py:149} INFO - [2026-03-14T20:45:25.059+0000] {dagbag.py:541} INFO - Filling up the DagBag from /opt/airflow/dags/dag_restart_data.py
[2026-03-14T20:45:25.071+0000] {processor.py:809} INFO - DAG(s) dict_keys(['dag_restart_data']) retrieved from /opt/airflow/dags/dag_restart_data.py
[2026-03-14T20:45:25.098+0000] {logging_mixin.py:149} INFO - [2026-03-14T20:45:25.098+0000] {dag.py:2726} INFO - Sync 1 DAGs
[2026-03-14T20:45:25.112+0000] {logging_mixin.py:149} INFO - [2026-03-14T20:45:25.111+0000] {dag.py:3490} INFO - Setting next_dagrun for dag_restart_data to None, run_after=None
[2026-03-14T20:45:25.124+0000] {processor.py:178} INFO - Processing /opt/airflow/dags/dag_restart_data.py took 0.071 seconds
[2026-03-14T20:45:55.438+0000] {processor.py:156} INFO - Started process (PID=1276) to work on /opt/airflow/dags/dag_restart_data.py
[2026-03-14T20:45:55.439+0000] {processor.py:799} INFO - Processing file /opt/airflow/dags/dag_restart_data.py for tasks to queue
[2026-03-14T20:45:55.439+0000] {logging_mixin.py:149} INFO - [2026-03-14T20:45:55.439+0000] {dagbag.py:541} INFO - Filling up the DagBag from /opt/airflow/dags/dag_restart_data.py
[2026-03-14T20:45:55.447+0000] {processor.py:809} INFO - DAG(s) dict_keys(['dag_restart_data']) retrieved from /opt/airflow/dags/dag_restart_data.py
[2026-03-14T20:45:55.471+0000] {logging_mixin.py:149} INFO - [2026-03-14T20:45:55.471+0000] {dag.py:2726} INFO - Sync 1 DAGs
[2026-03-14T20:45:55.483+0000] {logging_mixin.py:149} INFO - [2026-03-14T20:45:55.483+0000] {dag.py:3490} INFO - Setting next_dagrun for dag_restart_data to None, run_after=None
[2026-03-14T20:45:55.496+0000] {processor.py:178} INFO - Processing /opt/airflow/dags/dag_restart_data.py took 0.063 seconds
[2026-03-14T20:46:25.786+0000] {processor.py:156} INFO - Started process (PID=1308) to work on /opt/airflow/dags/dag_restart_data.py
[2026-03-14T20:46:25.787+0000] {processor.py:799} INFO - Processing file /opt/airflow/dags/dag_restart_data.py for tasks to queue
[2026-03-14T20:46:25.788+0000] {logging_mixin.py:149} INFO - [2026-03-14T20:46:25.787+0000] {dagbag.py:541} INFO - Filling up the DagBag from /opt/airflow/dags/dag_restart_data.py
[2026-03-14T20:46:25.796+0000] {processor.py:809} INFO - DAG(s) dict_keys(['dag_restart_data']) retrieved from /opt/airflow/dags/dag_restart_data.py
[2026-03-14T20:46:25.823+0000] {logging_mixin.py:149} INFO - [2026-03-14T20:46:25.823+0000] {dag.py:2726} INFO - Sync 1 DAGs
[2026-03-14T20:46:25.838+0000] {logging_mixin.py:149} INFO - [2026-03-14T20:46:25.837+0000] {dag.py:3490} INFO - Setting next_dagrun for dag_restart_data to None, run_after=None
[2026-03-14T20:46:25.848+0000] {processor.py:178} INFO - Processing /opt/airflow/dags/dag_restart_data.py took 0.066 seconds
[2026-03-14T20:46:56.132+0000] {processor.py:156} INFO - Started process (PID=1340) to work on /opt/airflow/dags/dag_restart_data.py
[2026-03-14T20:46:56.133+0000] {processor.py:799} INFO - Processing file /opt/airflow/dags/dag_restart_data.py for tasks to queue
[2026-03-14T20:46:56.134+0000] {logging_mixin.py:149} INFO - [2026-03-14T20:46:56.134+0000] {dagbag.py:541} INFO - Filling up the DagBag from /opt/airflow/dags/dag_restart_data.py
[2026-03-14T20:46:56.147+0000] {processor.py:809} INFO - DAG(s) dict_keys(['dag_restart_data']) retrieved from /opt/airflow/dags/dag_restart_data.py
[2026-03-14T20:46:56.173+0000] {logging_mixin.py:149} INFO - [2026-03-14T20:46:56.173+0000] {dag.py:2726} INFO - Sync 1 DAGs
[2026-03-14T20:46:56.186+0000] {logging_mixin.py:149} INFO - [2026-03-14T20:46:56.186+0000] {dag.py:3490} INFO - Setting next_dagrun for dag_restart_data to None, run_after=None
[2026-03-14T20:46:56.196+0000] {processor.py:178} INFO - Processing /opt/airflow/dags/dag_restart_data.py took 0.069 seconds
[2026-03-14T20:47:26.475+0000] {processor.py:156} INFO - Started process (PID=1372) to work on /opt/airflow/dags/dag_restart_data.py
[2026-03-14T20:47:26.475+0000] {processor.py:799} INFO - Processing file /opt/airflow/dags/dag_restart_data.py for tasks to queue
[2026-03-14T20:47:26.476+0000] {logging_mixin.py:149} INFO - [2026-03-14T20:47:26.476+0000] {dagbag.py:541} INFO - Filling up the DagBag from /opt/airflow/dags/dag_restart_data.py
[2026-03-14T20:47:26.484+0000] {processor.py:809} INFO - DAG(s) dict_keys(['dag_restart_data']) retrieved from /opt/airflow/dags/dag_restart_data.py
[2026-03-14T20:47:26.514+0000] {logging_mixin.py:149} INFO - [2026-03-14T20:47:26.514+0000] {dag.py:2726} INFO - Sync 1 DAGs
[2026-03-14T20:47:26.528+0000] {logging_mixin.py:149} INFO - [2026-03-14T20:47:26.528+0000] {dag.py:3490} INFO - Setting next_dagrun for dag_restart_data to None, run_after=None
[2026-03-14T20:47:26.539+0000] {processor.py:178} INFO - Processing /opt/airflow/dags/dag_restart_data.py took 0.069 seconds
[2026-03-14T20:47:56.785+0000] {processor.py:156} INFO - Started process (PID=1404) to work on /opt/airflow/dags/dag_restart_data.py
[2026-03-14T20:47:56.785+0000] {processor.py:799} INFO - Processing file /opt/airflow/dags/dag_restart_data.py for tasks to queue
[2026-03-14T20:47:56.786+0000] {logging_mixin.py:149} INFO - [2026-03-14T20:47:56.786+0000] {dagbag.py:541} INFO - Filling up the DagBag from /opt/airflow/dags/dag_restart_data.py
[2026-03-14T20:47:56.793+0000] {processor.py:809} INFO - DAG(s) dict_keys(['dag_restart_data']) retrieved from /opt/airflow/dags/dag_restart_data.py
[2026-03-14T20:47:56.816+0000] {logging_mixin.py:149} INFO - [2026-03-14T20:47:56.816+0000] {dag.py:2726} INFO - Sync 1 DAGs
[2026-03-14T20:47:56.833+0000] {logging_mixin.py:149} INFO - [2026-03-14T20:47:56.833+0000] {dag.py:3490} INFO - Setting next_dagrun for dag_restart_data to None, run_after=None
[2026-03-14T20:47:56.848+0000] {processor.py:178} INFO - Processing /opt/airflow/dags/dag_restart_data.py took 0.066 seconds
[2026-03-14T20:48:27.136+0000] {processor.py:156} INFO - Started process (PID=1436) to work on /opt/airflow/dags/dag_restart_data.py
[2026-03-14T20:48:27.137+0000] {processor.py:799} INFO - Processing file /opt/airflow/dags/dag_restart_data.py for tasks to queue
[2026-03-14T20:48:27.138+0000] {logging_mixin.py:149} INFO - [2026-03-14T20:48:27.137+0000] {dagbag.py:541} INFO - Filling up the DagBag from /opt/airflow/dags/dag_restart_data.py
[2026-03-14T20:48:27.147+0000] {processor.py:809} INFO - DAG(s) dict_keys(['dag_restart_data']) retrieved from /opt/airflow/dags/dag_restart_data.py
[2026-03-14T20:48:27.177+0000] {logging_mixin.py:149} INFO - [2026-03-14T20:48:27.177+0000] {dag.py:2726} INFO - Sync 1 DAGs
[2026-03-14T20:48:27.192+0000] {logging_mixin.py:149} INFO - [2026-03-14T20:48:27.192+0000] {dag.py:3490} INFO - Setting next_dagrun for dag_restart_data to None, run_after=None
[2026-03-14T20:48:27.203+0000] {processor.py:178} INFO - Processing /opt/airflow/dags/dag_restart_data.py took 0.072 seconds
[2026-03-14T20:48:57.493+0000] {processor.py:156} INFO - Started process (PID=1468) to work on /opt/airflow/dags/dag_restart_data.py
[2026-03-14T20:48:57.494+0000] {processor.py:799} INFO - Processing file /opt/airflow/dags/dag_restart_data.py for tasks to queue
[2026-03-14T20:48:57.495+0000] {logging_mixin.py:149} INFO - [2026-03-14T20:48:57.495+0000] {dagbag.py:541} INFO - Filling up the DagBag from /opt/airflow/dags/dag_restart_data.py
[2026-03-14T20:48:57.502+0000] {processor.py:809} INFO - DAG(s) dict_keys(['dag_restart_data']) retrieved from /opt/airflow/dags/dag_restart_data.py
[2026-03-14T20:48:57.528+0000] {logging_mixin.py:149} INFO - [2026-03-14T20:48:57.528+0000] {dag.py:2726} INFO - Sync 1 DAGs
[2026-03-14T20:48:57.546+0000] {logging_mixin.py:149} INFO - [2026-03-14T20:48:57.545+0000] {dag.py:3490} INFO - Setting next_dagrun for dag_restart_data to None, run_after=None
[2026-03-14T20:48:57.557+0000] {processor.py:178} INFO - Processing /opt/airflow/dags/dag_restart_data.py took 0.067 seconds
[2026-03-14T20:49:27.819+0000] {processor.py:156} INFO - Started process (PID=1548) to work on /opt/airflow/dags/dag_restart_data.py
[2026-03-14T20:49:27.819+0000] {processor.py:799} INFO - Processing file /opt/airflow/dags/dag_restart_data.py for tasks to queue
[2026-03-14T20:49:27.820+0000] {logging_mixin.py:149} INFO - [2026-03-14T20:49:27.819+0000] {dagbag.py:541} INFO - Filling up the DagBag from /opt/airflow/dags/dag_restart_data.py
[2026-03-14T20:49:27.826+0000] {processor.py:809} INFO - DAG(s) dict_keys(['dag_restart_data']) retrieved from /opt/airflow/dags/dag_restart_data.py
[2026-03-14T20:49:27.847+0000] {logging_mixin.py:149} INFO - [2026-03-14T20:49:27.847+0000] {dag.py:2726} INFO - Sync 1 DAGs
[2026-03-14T20:49:27.862+0000] {logging_mixin.py:149} INFO - [2026-03-14T20:49:27.862+0000] {dag.py:3490} INFO - Setting next_dagrun for dag_restart_data to None, run_after=None
[2026-03-14T20:49:27.872+0000] {processor.py:178} INFO - Processing /opt/airflow/dags/dag_restart_data.py took 0.056 seconds
[2026-03-14T20:49:58.099+0000] {processor.py:156} INFO - Started process (PID=1580) to work on /opt/airflow/dags/dag_restart_data.py
[2026-03-14T20:49:58.100+0000] {processor.py:799} INFO - Processing file /opt/airflow/dags/dag_restart_data.py for tasks to queue
[2026-03-14T20:49:58.101+0000] {logging_mixin.py:149} INFO - [2026-03-14T20:49:58.101+0000] {dagbag.py:541} INFO - Filling up the DagBag from /opt/airflow/dags/dag_restart_data.py
[2026-03-14T20:49:58.108+0000] {processor.py:809} INFO - DAG(s) dict_keys(['dag_restart_data']) retrieved from /opt/airflow/dags/dag_restart_data.py
[2026-03-14T20:49:58.138+0000] {logging_mixin.py:149} INFO - [2026-03-14T20:49:58.138+0000] {dag.py:2726} INFO - Sync 1 DAGs
[2026-03-14T20:49:58.152+0000] {logging_mixin.py:149} INFO - [2026-03-14T20:49:58.152+0000] {dag.py:3490} INFO - Setting next_dagrun for dag_restart_data to None, run_after=None
[2026-03-14T20:49:58.163+0000] {processor.py:178} INFO - Processing /opt/airflow/dags/dag_restart_data.py took 0.067 seconds
[2026-03-14T20:50:28.444+0000] {processor.py:156} INFO - Started process (PID=1660) to work on /opt/airflow/dags/dag_restart_data.py
[2026-03-14T20:50:28.446+0000] {processor.py:799} INFO - Processing file /opt/airflow/dags/dag_restart_data.py for tasks to queue
[2026-03-14T20:50:28.446+0000] {logging_mixin.py:149} INFO - [2026-03-14T20:50:28.446+0000] {dagbag.py:541} INFO - Filling up the DagBag from /opt/airflow/dags/dag_restart_data.py
[2026-03-14T20:50:28.456+0000] {processor.py:809} INFO - DAG(s) dict_keys(['dag_restart_data']) retrieved from /opt/airflow/dags/dag_restart_data.py
[2026-03-14T20:50:28.483+0000] {logging_mixin.py:149} INFO - [2026-03-14T20:50:28.483+0000] {dag.py:2726} INFO - Sync 1 DAGs
[2026-03-14T20:50:28.500+0000] {logging_mixin.py:149} INFO - [2026-03-14T20:50:28.500+0000] {dag.py:3490} INFO - Setting next_dagrun for dag_restart_data to None, run_after=None
[2026-03-14T20:50:28.513+0000] {processor.py:178} INFO - Processing /opt/airflow/dags/dag_restart_data.py took 0.073 seconds
[2026-03-14T20:50:58.799+0000] {processor.py:156} INFO - Started process (PID=1692) to work on /opt/airflow/dags/dag_restart_data.py
[2026-03-14T20:50:58.800+0000] {processor.py:799} INFO - Processing file /opt/airflow/dags/dag_restart_data.py for tasks to queue
[2026-03-14T20:50:58.801+0000] {logging_mixin.py:149} INFO - [2026-03-14T20:50:58.801+0000] {dagbag.py:541} INFO - Filling up the DagBag from /opt/airflow/dags/dag_restart_data.py
[2026-03-14T20:50:58.810+0000] {processor.py:809} INFO - DAG(s) dict_keys(['dag_restart_data']) retrieved from /opt/airflow/dags/dag_restart_data.py
[2026-03-14T20:50:58.836+0000] {logging_mixin.py:149} INFO - [2026-03-14T20:50:58.836+0000] {dag.py:2726} INFO - Sync 1 DAGs
[2026-03-14T20:50:58.853+0000] {logging_mixin.py:149} INFO - [2026-03-14T20:50:58.852+0000] {dag.py:3490} INFO - Setting next_dagrun for dag_restart_data to None, run_after=None
[2026-03-14T20:50:58.864+0000] {processor.py:178} INFO - Processing /opt/airflow/dags/dag_restart_data.py took 0.068 seconds
[2026-03-14T20:51:29.177+0000] {processor.py:156} INFO - Started process (PID=1724) to work on /opt/airflow/dags/dag_restart_data.py
[2026-03-14T20:51:29.178+0000] {processor.py:799} INFO - Processing file /opt/airflow/dags/dag_restart_data.py for tasks to queue
[2026-03-14T20:51:29.179+0000] {logging_mixin.py:149} INFO - [2026-03-14T20:51:29.179+0000] {dagbag.py:541} INFO - Filling up the DagBag from /opt/airflow/dags/dag_restart_data.py
[2026-03-14T20:51:29.189+0000] {processor.py:809} INFO - DAG(s) dict_keys(['dag_restart_data']) retrieved from /opt/airflow/dags/dag_restart_data.py
[2026-03-14T20:51:29.215+0000] {logging_mixin.py:149} INFO - [2026-03-14T20:51:29.215+0000] {dag.py:2726} INFO - Sync 1 DAGs
[2026-03-14T20:51:29.230+0000] {logging_mixin.py:149} INFO - [2026-03-14T20:51:29.230+0000] {dag.py:3490} INFO - Setting next_dagrun for dag_restart_data to None, run_after=None
[2026-03-14T20:51:29.240+0000] {processor.py:178} INFO - Processing /opt/airflow/dags/dag_restart_data.py took 0.067 seconds
[2026-03-14T20:51:59.564+0000] {processor.py:156} INFO - Started process (PID=1756) to work on /opt/airflow/dags/dag_restart_data.py
[2026-03-14T20:51:59.565+0000] {processor.py:799} INFO - Processing file /opt/airflow/dags/dag_restart_data.py for tasks to queue
[2026-03-14T20:51:59.566+0000] {logging_mixin.py:149} INFO - [2026-03-14T20:51:59.566+0000] {dagbag.py:541} INFO - Filling up the DagBag from /opt/airflow/dags/dag_restart_data.py
[2026-03-14T20:51:59.578+0000] {processor.py:809} INFO - DAG(s) dict_keys(['dag_restart_data']) retrieved from /opt/airflow/dags/dag_restart_data.py
[2026-03-14T20:51:59.603+0000] {logging_mixin.py:149} INFO - [2026-03-14T20:51:59.603+0000] {dag.py:2726} INFO - Sync 1 DAGs
[2026-03-14T20:51:59.614+0000] {logging_mixin.py:149} INFO - [2026-03-14T20:51:59.614+0000] {dag.py:3490} INFO - Setting next_dagrun for dag_restart_data to None, run_after=None
[2026-03-14T20:51:59.625+0000] {processor.py:178} INFO - Processing /opt/airflow/dags/dag_restart_data.py took 0.066 seconds
[2026-03-14T20:52:29.970+0000] {processor.py:156} INFO - Started process (PID=1788) to work on /opt/airflow/dags/dag_restart_data.py
[2026-03-14T20:52:29.971+0000] {processor.py:799} INFO - Processing file /opt/airflow/dags/dag_restart_data.py for tasks to queue
[2026-03-14T20:52:29.971+0000] {logging_mixin.py:149} INFO - [2026-03-14T20:52:29.971+0000] {dagbag.py:541} INFO - Filling up the DagBag from /opt/airflow/dags/dag_restart_data.py
[2026-03-14T20:52:29.981+0000] {processor.py:809} INFO - DAG(s) dict_keys(['dag_restart_data']) retrieved from /opt/airflow/dags/dag_restart_data.py
[2026-03-14T20:52:30.003+0000] {logging_mixin.py:149} INFO - [2026-03-14T20:52:30.002+0000] {dag.py:2726} INFO - Sync 1 DAGs
[2026-03-14T20:52:30.013+0000] {logging_mixin.py:149} INFO - [2026-03-14T20:52:30.013+0000] {dag.py:3490} INFO - Setting next_dagrun for dag_restart_data to None, run_after=None
[2026-03-14T20:52:30.024+0000] {processor.py:178} INFO - Processing /opt/airflow/dags/dag_restart_data.py took 0.058 seconds
[2026-03-14T20:53:00.320+0000] {processor.py:156} INFO - Started process (PID=1820) to work on /opt/airflow/dags/dag_restart_data.py
[2026-03-14T20:53:00.320+0000] {processor.py:799} INFO - Processing file /opt/airflow/dags/dag_restart_data.py for tasks to queue
[2026-03-14T20:53:00.321+0000] {logging_mixin.py:149} INFO - [2026-03-14T20:53:00.321+0000] {dagbag.py:541} INFO - Filling up the DagBag from /opt/airflow/dags/dag_restart_data.py
[2026-03-14T20:53:00.331+0000] {processor.py:809} INFO - DAG(s) dict_keys(['dag_restart_data']) retrieved from /opt/airflow/dags/dag_restart_data.py
[2026-03-14T20:53:00.347+0000] {logging_mixin.py:149} INFO - [2026-03-14T20:53:00.347+0000] {dag.py:2726} INFO - Sync 1 DAGs
[2026-03-14T20:53:00.359+0000] {logging_mixin.py:149} INFO - [2026-03-14T20:53:00.359+0000] {dag.py:3490} INFO - Setting next_dagrun for dag_restart_data to None, run_after=None
[2026-03-14T20:53:00.369+0000] {processor.py:178} INFO - Processing /opt/airflow/dags/dag_restart_data.py took 0.053 seconds
[2026-03-14T20:53:30.681+0000] {processor.py:156} INFO - Started process (PID=1852) to work on /opt/airflow/dags/dag_restart_data.py
[2026-03-14T20:53:30.682+0000] {processor.py:799} INFO - Processing file /opt/airflow/dags/dag_restart_data.py for tasks to queue
[2026-03-14T20:53:30.682+0000] {logging_mixin.py:149} INFO - [2026-03-14T20:53:30.682+0000] {dagbag.py:541} INFO - Filling up the DagBag from /opt/airflow/dags/dag_restart_data.py
[2026-03-14T20:53:30.691+0000] {processor.py:809} INFO - DAG(s) dict_keys(['dag_restart_data']) retrieved from /opt/airflow/dags/dag_restart_data.py
[2026-03-14T20:53:30.713+0000] {logging_mixin.py:149} INFO - [2026-03-14T20:53:30.713+0000] {dag.py:2726} INFO - Sync 1 DAGs
[2026-03-14T20:53:30.725+0000] {logging_mixin.py:149} INFO - [2026-03-14T20:53:30.725+0000] {dag.py:3490} INFO - Setting next_dagrun for dag_restart_data to None, run_after=None
[2026-03-14T20:53:30.737+0000] {processor.py:178} INFO - Processing /opt/airflow/dags/dag_restart_data.py took 0.060 seconds
[2026-03-14T20:54:01.040+0000] {processor.py:156} INFO - Started process (PID=1889) to work on /opt/airflow/dags/dag_restart_data.py
[2026-03-14T20:54:01.042+0000] {processor.py:799} INFO - Processing file /opt/airflow/dags/dag_restart_data.py for tasks to queue
[2026-03-14T20:54:01.043+0000] {logging_mixin.py:149} INFO - [2026-03-14T20:54:01.043+0000] {dagbag.py:541} INFO - Filling up the DagBag from /opt/airflow/dags/dag_restart_data.py
[2026-03-14T20:54:01.052+0000] {processor.py:809} INFO - DAG(s) dict_keys(['dag_restart_data']) retrieved from /opt/airflow/dags/dag_restart_data.py
[2026-03-14T20:54:01.078+0000] {logging_mixin.py:149} INFO - [2026-03-14T20:54:01.078+0000] {dag.py:2726} INFO - Sync 1 DAGs
[2026-03-14T20:54:01.095+0000] {logging_mixin.py:149} INFO - [2026-03-14T20:54:01.095+0000] {dag.py:3490} INFO - Setting next_dagrun for dag_restart_data to None, run_after=None
[2026-03-14T20:54:01.105+0000] {processor.py:178} INFO - Processing /opt/airflow/dags/dag_restart_data.py took 0.069 seconds
[2026-03-14T20:54:31.462+0000] {processor.py:156} INFO - Started process (PID=1911) to work on /opt/airflow/dags/dag_restart_data.py
[2026-03-14T20:54:31.463+0000] {processor.py:799} INFO - Processing file /opt/airflow/dags/dag_restart_data.py for tasks to queue
[2026-03-14T20:54:31.465+0000] {logging_mixin.py:149} INFO - [2026-03-14T20:54:31.465+0000] {dagbag.py:541} INFO - Filling up the DagBag from /opt/airflow/dags/dag_restart_data.py
[2026-03-14T20:54:31.472+0000] {processor.py:809} INFO - DAG(s) dict_keys(['dag_restart_data']) retrieved from /opt/airflow/dags/dag_restart_data.py
[2026-03-14T20:54:31.500+0000] {logging_mixin.py:149} INFO - [2026-03-14T20:54:31.500+0000] {dag.py:2726} INFO - Sync 1 DAGs
[2026-03-14T20:54:31.521+0000] {logging_mixin.py:149} INFO - [2026-03-14T20:54:31.521+0000] {dag.py:3490} INFO - Setting next_dagrun for dag_restart_data to None, run_after=None
[2026-03-14T20:54:31.545+0000] {processor.py:178} INFO - Processing /opt/airflow/dags/dag_restart_data.py took 0.087 seconds
[2026-03-14T20:55:01.805+0000] {processor.py:156} INFO - Started process (PID=1933) to work on /opt/airflow/dags/dag_restart_data.py
[2026-03-14T20:55:01.806+0000] {processor.py:799} INFO - Processing file /opt/airflow/dags/dag_restart_data.py for tasks to queue
[2026-03-14T20:55:01.807+0000] {logging_mixin.py:149} INFO - [2026-03-14T20:55:01.807+0000] {dagbag.py:541} INFO - Filling up the DagBag from /opt/airflow/dags/dag_restart_data.py
[2026-03-14T20:55:01.817+0000] {processor.py:809} INFO - DAG(s) dict_keys(['dag_restart_data']) retrieved from /opt/airflow/dags/dag_restart_data.py
[2026-03-14T20:55:01.837+0000] {logging_mixin.py:149} INFO - [2026-03-14T20:55:01.837+0000] {dag.py:2726} INFO - Sync 1 DAGs
[2026-03-14T20:55:01.853+0000] {logging_mixin.py:149} INFO - [2026-03-14T20:55:01.853+0000] {dag.py:3490} INFO - Setting next_dagrun for dag_restart_data to None, run_after=None
[2026-03-14T20:55:01.865+0000] {processor.py:178} INFO - Processing /opt/airflow/dags/dag_restart_data.py took 0.062 seconds
[2026-03-14T20:55:33.852+0000] {processor.py:156} INFO - Started process (PID=167) to work on /opt/airflow/dags/dag_restart_data.py
[2026-03-14T20:55:33.853+0000] {processor.py:799} INFO - Processing file /opt/airflow/dags/dag_restart_data.py for tasks to queue
[2026-03-14T20:55:33.856+0000] {logging_mixin.py:149} INFO - [2026-03-14T20:55:33.856+0000] {dagbag.py:541} INFO - Filling up the DagBag from /opt/airflow/dags/dag_restart_data.py
[2026-03-14T20:55:33.879+0000] {processor.py:809} INFO - DAG(s) dict_keys(['dag_restart_data']) retrieved from /opt/airflow/dags/dag_restart_data.py
[2026-03-14T20:55:33.931+0000] {logging_mixin.py:149} INFO - [2026-03-14T20:55:33.930+0000] {dag.py:2726} INFO - Sync 1 DAGs
[2026-03-14T20:55:33.945+0000] {logging_mixin.py:149} INFO - [2026-03-14T20:55:33.945+0000] {dag.py:3490} INFO - Setting next_dagrun for dag_restart_data to None, run_after=None
[2026-03-14T20:55:33.959+0000] {processor.py:178} INFO - Processing /opt/airflow/dags/dag_restart_data.py took 0.110 seconds
[2026-03-14T20:56:04.219+0000] {processor.py:156} INFO - Started process (PID=190) to work on /opt/airflow/dags/dag_restart_data.py
[2026-03-14T20:56:04.221+0000] {processor.py:799} INFO - Processing file /opt/airflow/dags/dag_restart_data.py for tasks to queue
[2026-03-14T20:56:04.221+0000] {logging_mixin.py:149} INFO - [2026-03-14T20:56:04.221+0000] {dagbag.py:541} INFO - Filling up the DagBag from /opt/airflow/dags/dag_restart_data.py
[2026-03-14T20:56:04.233+0000] {processor.py:809} INFO - DAG(s) dict_keys(['dag_restart_data']) retrieved from /opt/airflow/dags/dag_restart_data.py
[2026-03-14T20:56:04.255+0000] {logging_mixin.py:149} INFO - [2026-03-14T20:56:04.255+0000] {dag.py:2726} INFO - Sync 1 DAGs
[2026-03-14T20:56:04.270+0000] {logging_mixin.py:149} INFO - [2026-03-14T20:56:04.270+0000] {dag.py:3490} INFO - Setting next_dagrun for dag_restart_data to None, run_after=None
[2026-03-14T20:56:04.283+0000] {processor.py:178} INFO - Processing /opt/airflow/dags/dag_restart_data.py took 0.066 seconds
[2026-03-14T20:56:34.592+0000] {processor.py:156} INFO - Started process (PID=212) to work on /opt/airflow/dags/dag_restart_data.py
[2026-03-14T20:56:34.593+0000] {processor.py:799} INFO - Processing file /opt/airflow/dags/dag_restart_data.py for tasks to queue
[2026-03-14T20:56:34.594+0000] {logging_mixin.py:149} INFO - [2026-03-14T20:56:34.594+0000] {dagbag.py:541} INFO - Filling up the DagBag from /opt/airflow/dags/dag_restart_data.py
[2026-03-14T20:56:34.601+0000] {processor.py:809} INFO - DAG(s) dict_keys(['dag_restart_data']) retrieved from /opt/airflow/dags/dag_restart_data.py
[2026-03-14T20:56:34.621+0000] {logging_mixin.py:149} INFO - [2026-03-14T20:56:34.621+0000] {dag.py:2726} INFO - Sync 1 DAGs
[2026-03-14T20:56:34.634+0000] {logging_mixin.py:149} INFO - [2026-03-14T20:56:34.634+0000] {dag.py:3490} INFO - Setting next_dagrun for dag_restart_data to None, run_after=None
[2026-03-14T20:56:34.710+0000] {processor.py:178} INFO - Processing /opt/airflow/dags/dag_restart_data.py took 0.119 seconds
[2026-03-14T20:57:05.004+0000] {processor.py:156} INFO - Started process (PID=234) to work on /opt/airflow/dags/dag_restart_data.py
[2026-03-14T20:57:05.004+0000] {processor.py:799} INFO - Processing file /opt/airflow/dags/dag_restart_data.py for tasks to queue
[2026-03-14T20:57:05.005+0000] {logging_mixin.py:149} INFO - [2026-03-14T20:57:05.005+0000] {dagbag.py:541} INFO - Filling up the DagBag from /opt/airflow/dags/dag_restart_data.py
[2026-03-14T20:57:05.015+0000] {processor.py:809} INFO - DAG(s) dict_keys(['dag_restart_data']) retrieved from /opt/airflow/dags/dag_restart_data.py
[2026-03-14T20:57:05.036+0000] {logging_mixin.py:149} INFO - [2026-03-14T20:57:05.036+0000] {dag.py:2726} INFO - Sync 1 DAGs
[2026-03-14T20:57:05.104+0000] {logging_mixin.py:149} INFO - [2026-03-14T20:57:05.104+0000] {dag.py:3490} INFO - Setting next_dagrun for dag_restart_data to None, run_after=None
[2026-03-14T20:57:05.118+0000] {processor.py:178} INFO - Processing /opt/airflow/dags/dag_restart_data.py took 0.117 seconds
[2026-03-14T20:57:35.406+0000] {processor.py:156} INFO - Started process (PID=263) to work on /opt/airflow/dags/dag_restart_data.py
[2026-03-14T20:57:35.406+0000] {processor.py:799} INFO - Processing file /opt/airflow/dags/dag_restart_data.py for tasks to queue
[2026-03-14T20:57:35.407+0000] {logging_mixin.py:149} INFO - [2026-03-14T20:57:35.407+0000] {dagbag.py:541} INFO - Filling up the DagBag from /opt/airflow/dags/dag_restart_data.py
[2026-03-14T20:57:35.416+0000] {processor.py:809} INFO - DAG(s) dict_keys(['dag_restart_data']) retrieved from /opt/airflow/dags/dag_restart_data.py
[2026-03-14T20:57:35.500+0000] {logging_mixin.py:149} INFO - [2026-03-14T20:57:35.500+0000] {dag.py:2726} INFO - Sync 1 DAGs
[2026-03-14T20:57:35.510+0000] {logging_mixin.py:149} INFO - [2026-03-14T20:57:35.509+0000] {dag.py:3490} INFO - Setting next_dagrun for dag_restart_data to None, run_after=None
[2026-03-14T20:57:35.516+0000] {processor.py:178} INFO - Processing /opt/airflow/dags/dag_restart_data.py took 0.112 seconds
[2026-03-14T20:58:05.814+0000] {processor.py:156} INFO - Started process (PID=285) to work on /opt/airflow/dags/dag_restart_data.py
[2026-03-14T20:58:05.814+0000] {processor.py:799} INFO - Processing file /opt/airflow/dags/dag_restart_data.py for tasks to queue
[2026-03-14T20:58:05.814+0000] {logging_mixin.py:149} INFO - [2026-03-14T20:58:05.814+0000] {dagbag.py:541} INFO - Filling up the DagBag from /opt/airflow/dags/dag_restart_data.py
[2026-03-14T20:58:05.888+0000] {processor.py:809} INFO - DAG(s) dict_keys(['dag_restart_data']) retrieved from /opt/airflow/dags/dag_restart_data.py
[2026-03-14T20:58:05.902+0000] {logging_mixin.py:149} INFO - [2026-03-14T20:58:05.902+0000] {dag.py:2726} INFO - Sync 1 DAGs
[2026-03-14T20:58:05.914+0000] {logging_mixin.py:149} INFO - [2026-03-14T20:58:05.914+0000] {dag.py:3490} INFO - Setting next_dagrun for dag_restart_data to None, run_after=None
[2026-03-14T20:58:05.925+0000] {processor.py:178} INFO - Processing /opt/airflow/dags/dag_restart_data.py took 0.114 seconds
[2026-03-14T20:58:36.218+0000] {processor.py:156} INFO - Started process (PID=307) to work on /opt/airflow/dags/dag_restart_data.py
[2026-03-14T20:58:36.218+0000] {processor.py:799} INFO - Processing file /opt/airflow/dags/dag_restart_data.py for tasks to queue
[2026-03-14T20:58:36.220+0000] {logging_mixin.py:149} INFO - [2026-03-14T20:58:36.220+0000] {dagbag.py:541} INFO - Filling up the DagBag from /opt/airflow/dags/dag_restart_data.py
[2026-03-14T20:58:36.224+0000] {processor.py:809} INFO - DAG(s) dict_keys(['dag_restart_data']) retrieved from /opt/airflow/dags/dag_restart_data.py
[2026-03-14T20:58:36.242+0000] {logging_mixin.py:149} INFO - [2026-03-14T20:58:36.241+0000] {dag.py:2726} INFO - Sync 1 DAGs
[2026-03-14T20:58:36.252+0000] {logging_mixin.py:149} INFO - [2026-03-14T20:58:36.252+0000] {dag.py:3490} INFO - Setting next_dagrun for dag_restart_data to None, run_after=None
[2026-03-14T20:58:36.266+0000] {processor.py:178} INFO - Processing /opt/airflow/dags/dag_restart_data.py took 0.049 seconds
[2026-03-14T20:59:06.596+0000] {processor.py:156} INFO - Started process (PID=329) to work on /opt/airflow/dags/dag_restart_data.py
[2026-03-14T20:59:06.596+0000] {processor.py:799} INFO - Processing file /opt/airflow/dags/dag_restart_data.py for tasks to queue
[2026-03-14T20:59:06.598+0000] {logging_mixin.py:149} INFO - [2026-03-14T20:59:06.598+0000] {dagbag.py:541} INFO - Filling up the DagBag from /opt/airflow/dags/dag_restart_data.py
[2026-03-14T20:59:06.606+0000] {processor.py:809} INFO - DAG(s) dict_keys(['dag_restart_data']) retrieved from /opt/airflow/dags/dag_restart_data.py
[2026-03-14T20:59:06.626+0000] {logging_mixin.py:149} INFO - [2026-03-14T20:59:06.626+0000] {dag.py:2726} INFO - Sync 1 DAGs
[2026-03-14T20:59:06.638+0000] {logging_mixin.py:149} INFO - [2026-03-14T20:59:06.638+0000] {dag.py:3490} INFO - Setting next_dagrun for dag_restart_data to None, run_after=None
[2026-03-14T20:59:06.655+0000] {processor.py:178} INFO - Processing /opt/airflow/dags/dag_restart_data.py took 0.063 seconds
[2026-03-14T20:59:36.940+0000] {processor.py:156} INFO - Started process (PID=351) to work on /opt/airflow/dags/dag_restart_data.py
[2026-03-14T20:59:36.941+0000] {processor.py:799} INFO - Processing file /opt/airflow/dags/dag_restart_data.py for tasks to queue
[2026-03-14T20:59:36.941+0000] {logging_mixin.py:149} INFO - [2026-03-14T20:59:36.941+0000] {dagbag.py:541} INFO - Filling up the DagBag from /opt/airflow/dags/dag_restart_data.py
[2026-03-14T20:59:36.948+0000] {processor.py:809} INFO - DAG(s) dict_keys(['dag_restart_data']) retrieved from /opt/airflow/dags/dag_restart_data.py
[2026-03-14T20:59:36.965+0000] {logging_mixin.py:149} INFO - [2026-03-14T20:59:36.964+0000] {dag.py:2726} INFO - Sync 1 DAGs
[2026-03-14T20:59:36.978+0000] {logging_mixin.py:149} INFO - [2026-03-14T20:59:36.978+0000] {dag.py:3490} INFO - Setting next_dagrun for dag_restart_data to None, run_after=None
[2026-03-14T20:59:36.990+0000] {processor.py:178} INFO - Processing /opt/airflow/dags/dag_restart_data.py took 0.052 seconds
[2026-03-14T21:00:07.284+0000] {processor.py:156} INFO - Started process (PID=375) to work on /opt/airflow/dags/dag_restart_data.py
[2026-03-14T21:00:07.285+0000] {processor.py:799} INFO - Processing file /opt/airflow/dags/dag_restart_data.py for tasks to queue
[2026-03-14T21:00:07.286+0000] {logging_mixin.py:149} INFO - [2026-03-14T21:00:07.286+0000] {dagbag.py:541} INFO - Filling up the DagBag from /opt/airflow/dags/dag_restart_data.py
[2026-03-14T21:00:07.295+0000] {processor.py:809} INFO - DAG(s) dict_keys(['dag_restart_data']) retrieved from /opt/airflow/dags/dag_restart_data.py
[2026-03-14T21:00:07.316+0000] {logging_mixin.py:149} INFO - [2026-03-14T21:00:07.316+0000] {dag.py:2726} INFO - Sync 1 DAGs
[2026-03-14T21:00:07.328+0000] {logging_mixin.py:149} INFO - [2026-03-14T21:00:07.328+0000] {dag.py:3490} INFO - Setting next_dagrun for dag_restart_data to None, run_after=None
[2026-03-14T21:00:07.338+0000] {processor.py:178} INFO - Processing /opt/airflow/dags/dag_restart_data.py took 0.056 seconds
[2026-03-14T21:00:37.654+0000] {processor.py:156} INFO - Started process (PID=397) to work on /opt/airflow/dags/dag_restart_data.py
[2026-03-14T21:00:37.655+0000] {processor.py:799} INFO - Processing file /opt/airflow/dags/dag_restart_data.py for tasks to queue
[2026-03-14T21:00:37.657+0000] {logging_mixin.py:149} INFO - [2026-03-14T21:00:37.656+0000] {dagbag.py:541} INFO - Filling up the DagBag from /opt/airflow/dags/dag_restart_data.py
[2026-03-14T21:00:37.665+0000] {processor.py:809} INFO - DAG(s) dict_keys(['dag_restart_data']) retrieved from /opt/airflow/dags/dag_restart_data.py
[2026-03-14T21:00:37.692+0000] {logging_mixin.py:149} INFO - [2026-03-14T21:00:37.689+0000] {dag.py:2726} INFO - Sync 1 DAGs
[2026-03-14T21:00:37.707+0000] {logging_mixin.py:149} INFO - [2026-03-14T21:00:37.707+0000] {dag.py:3490} INFO - Setting next_dagrun for dag_restart_data to None, run_after=None
[2026-03-14T21:00:37.719+0000] {processor.py:178} INFO - Processing /opt/airflow/dags/dag_restart_data.py took 0.069 seconds
[2026-03-14T21:01:07.958+0000] {processor.py:156} INFO - Started process (PID=419) to work on /opt/airflow/dags/dag_restart_data.py
[2026-03-14T21:01:07.960+0000] {processor.py:799} INFO - Processing file /opt/airflow/dags/dag_restart_data.py for tasks to queue
[2026-03-14T21:01:07.962+0000] {logging_mixin.py:149} INFO - [2026-03-14T21:01:07.962+0000] {dagbag.py:541} INFO - Filling up the DagBag from /opt/airflow/dags/dag_restart_data.py
[2026-03-14T21:01:07.970+0000] {processor.py:809} INFO - DAG(s) dict_keys(['dag_restart_data']) retrieved from /opt/airflow/dags/dag_restart_data.py
[2026-03-14T21:01:07.989+0000] {logging_mixin.py:149} INFO - [2026-03-14T21:01:07.989+0000] {dag.py:2726} INFO - Sync 1 DAGs
[2026-03-14T21:01:08.003+0000] {logging_mixin.py:149} INFO - [2026-03-14T21:01:08.003+0000] {dag.py:3490} INFO - Setting next_dagrun for dag_restart_data to None, run_after=None
[2026-03-14T21:01:08.013+0000] {processor.py:178} INFO - Processing /opt/airflow/dags/dag_restart_data.py took 0.059 seconds
[2026-03-14T21:01:38.289+0000] {processor.py:156} INFO - Started process (PID=441) to work on /opt/airflow/dags/dag_restart_data.py
[2026-03-14T21:01:38.290+0000] {processor.py:799} INFO - Processing file /opt/airflow/dags/dag_restart_data.py for tasks to queue
[2026-03-14T21:01:38.292+0000] {logging_mixin.py:149} INFO - [2026-03-14T21:01:38.292+0000] {dagbag.py:541} INFO - Filling up the DagBag from /opt/airflow/dags/dag_restart_data.py
[2026-03-14T21:01:38.298+0000] {processor.py:809} INFO - DAG(s) dict_keys(['dag_restart_data']) retrieved from /opt/airflow/dags/dag_restart_data.py
[2026-03-14T21:01:38.318+0000] {logging_mixin.py:149} INFO - [2026-03-14T21:01:38.318+0000] {dag.py:2726} INFO - Sync 1 DAGs
[2026-03-14T21:01:38.334+0000] {logging_mixin.py:149} INFO - [2026-03-14T21:01:38.334+0000] {dag.py:3490} INFO - Setting next_dagrun for dag_restart_data to None, run_after=None
[2026-03-14T21:01:38.352+0000] {processor.py:178} INFO - Processing /opt/airflow/dags/dag_restart_data.py took 0.066 seconds
[2026-03-14T21:02:08.626+0000] {processor.py:156} INFO - Started process (PID=463) to work on /opt/airflow/dags/dag_restart_data.py
[2026-03-14T21:02:08.628+0000] {processor.py:799} INFO - Processing file /opt/airflow/dags/dag_restart_data.py for tasks to queue
[2026-03-14T21:02:08.630+0000] {logging_mixin.py:149} INFO - [2026-03-14T21:02:08.630+0000] {dagbag.py:541} INFO - Filling up the DagBag from /opt/airflow/dags/dag_restart_data.py
[2026-03-14T21:02:08.635+0000] {processor.py:809} INFO - DAG(s) dict_keys(['dag_restart_data']) retrieved from /opt/airflow/dags/dag_restart_data.py
[2026-03-14T21:02:08.654+0000] {logging_mixin.py:149} INFO - [2026-03-14T21:02:08.654+0000] {dag.py:2726} INFO - Sync 1 DAGs
[2026-03-14T21:02:08.671+0000] {logging_mixin.py:149} INFO - [2026-03-14T21:02:08.671+0000] {dag.py:3490} INFO - Setting next_dagrun for dag_restart_data to None, run_after=None
[2026-03-14T21:02:08.684+0000] {processor.py:178} INFO - Processing /opt/airflow/dags/dag_restart_data.py took 0.061 seconds
[2026-03-14T21:02:38.937+0000] {processor.py:156} INFO - Started process (PID=485) to work on /opt/airflow/dags/dag_restart_data.py
[2026-03-14T21:02:38.938+0000] {processor.py:799} INFO - Processing file /opt/airflow/dags/dag_restart_data.py for tasks to queue
[2026-03-14T21:02:38.939+0000] {logging_mixin.py:149} INFO - [2026-03-14T21:02:38.939+0000] {dagbag.py:541} INFO - Filling up the DagBag from /opt/airflow/dags/dag_restart_data.py
[2026-03-14T21:02:38.947+0000] {processor.py:809} INFO - DAG(s) dict_keys(['dag_restart_data']) retrieved from /opt/airflow/dags/dag_restart_data.py
[2026-03-14T21:02:38.964+0000] {logging_mixin.py:149} INFO - [2026-03-14T21:02:38.964+0000] {dag.py:2726} INFO - Sync 1 DAGs
[2026-03-14T21:02:38.979+0000] {logging_mixin.py:149} INFO - [2026-03-14T21:02:38.979+0000] {dag.py:3490} INFO - Setting next_dagrun for dag_restart_data to None, run_after=None
[2026-03-14T21:02:38.998+0000] {processor.py:178} INFO - Processing /opt/airflow/dags/dag_restart_data.py took 0.062 seconds
[2026-03-14T21:03:09.311+0000] {processor.py:156} INFO - Started process (PID=507) to work on /opt/airflow/dags/dag_restart_data.py
[2026-03-14T21:03:09.312+0000] {processor.py:799} INFO - Processing file /opt/airflow/dags/dag_restart_data.py for tasks to queue
[2026-03-14T21:03:09.313+0000] {logging_mixin.py:149} INFO - [2026-03-14T21:03:09.313+0000] {dagbag.py:541} INFO - Filling up the DagBag from /opt/airflow/dags/dag_restart_data.py
[2026-03-14T21:03:09.327+0000] {processor.py:809} INFO - DAG(s) dict_keys(['dag_restart_data']) retrieved from /opt/airflow/dags/dag_restart_data.py
[2026-03-14T21:03:09.352+0000] {logging_mixin.py:149} INFO - [2026-03-14T21:03:09.352+0000] {dag.py:2726} INFO - Sync 1 DAGs
[2026-03-14T21:03:09.366+0000] {logging_mixin.py:149} INFO - [2026-03-14T21:03:09.366+0000] {dag.py:3490} INFO - Setting next_dagrun for dag_restart_data to None, run_after=None
[2026-03-14T21:03:09.376+0000] {processor.py:178} INFO - Processing /opt/airflow/dags/dag_restart_data.py took 0.069 seconds
[2026-03-14T21:03:39.618+0000] {processor.py:156} INFO - Started process (PID=524) to work on /opt/airflow/dags/dag_restart_data.py
[2026-03-14T21:03:39.620+0000] {processor.py:799} INFO - Processing file /opt/airflow/dags/dag_restart_data.py for tasks to queue
[2026-03-14T21:03:39.620+0000] {logging_mixin.py:149} INFO - [2026-03-14T21:03:39.620+0000] {dagbag.py:541} INFO - Filling up the DagBag from /opt/airflow/dags/dag_restart_data.py
[2026-03-14T21:03:39.631+0000] {processor.py:809} INFO - DAG(s) dict_keys(['dag_restart_data']) retrieved from /opt/airflow/dags/dag_restart_data.py
[2026-03-14T21:03:39.655+0000] {logging_mixin.py:149} INFO - [2026-03-14T21:03:39.655+0000] {dag.py:2726} INFO - Sync 1 DAGs
[2026-03-14T21:03:39.675+0000] {logging_mixin.py:149} INFO - [2026-03-14T21:03:39.675+0000] {dag.py:3490} INFO - Setting next_dagrun for dag_restart_data to None, run_after=None
[2026-03-14T21:03:39.694+0000] {processor.py:178} INFO - Processing /opt/airflow/dags/dag_restart_data.py took 0.079 seconds
[2026-03-14T21:04:09.981+0000] {processor.py:156} INFO - Started process (PID=542) to work on /opt/airflow/dags/dag_restart_data.py
[2026-03-14T21:04:09.982+0000] {processor.py:799} INFO - Processing file /opt/airflow/dags/dag_restart_data.py for tasks to queue
[2026-03-14T21:04:09.985+0000] {logging_mixin.py:149} INFO - [2026-03-14T21:04:09.985+0000] {dagbag.py:541} INFO - Filling up the DagBag from /opt/airflow/dags/dag_restart_data.py
[2026-03-14T21:04:09.994+0000] {processor.py:809} INFO - DAG(s) dict_keys(['dag_restart_data']) retrieved from /opt/airflow/dags/dag_restart_data.py
[2026-03-14T21:04:10.021+0000] {logging_mixin.py:149} INFO - [2026-03-14T21:04:10.021+0000] {dag.py:2726} INFO - Sync 1 DAGs
[2026-03-14T21:04:10.032+0000] {logging_mixin.py:149} INFO - [2026-03-14T21:04:10.032+0000] {dag.py:3490} INFO - Setting next_dagrun for dag_restart_data to None, run_after=None
[2026-03-14T21:04:10.043+0000] {processor.py:178} INFO - Processing /opt/airflow/dags/dag_restart_data.py took 0.066 seconds
[2026-03-14T21:04:40.368+0000] {processor.py:156} INFO - Started process (PID=559) to work on /opt/airflow/dags/dag_restart_data.py
[2026-03-14T21:04:40.369+0000] {processor.py:799} INFO - Processing file /opt/airflow/dags/dag_restart_data.py for tasks to queue
[2026-03-14T21:04:40.370+0000] {logging_mixin.py:149} INFO - [2026-03-14T21:04:40.369+0000] {dagbag.py:541} INFO - Filling up the DagBag from /opt/airflow/dags/dag_restart_data.py
[2026-03-14T21:04:40.378+0000] {processor.py:809} INFO - DAG(s) dict_keys(['dag_restart_data']) retrieved from /opt/airflow/dags/dag_restart_data.py
[2026-03-14T21:04:40.397+0000] {logging_mixin.py:149} INFO - [2026-03-14T21:04:40.397+0000] {dag.py:2726} INFO - Sync 1 DAGs
[2026-03-14T21:04:40.412+0000] {logging_mixin.py:149} INFO - [2026-03-14T21:04:40.412+0000] {dag.py:3490} INFO - Setting next_dagrun for dag_restart_data to None, run_after=None
[2026-03-14T21:04:40.422+0000] {processor.py:178} INFO - Processing /opt/airflow/dags/dag_restart_data.py took 0.059 seconds
[2026-03-14T21:05:10.762+0000] {processor.py:156} INFO - Started process (PID=576) to work on /opt/airflow/dags/dag_restart_data.py
[2026-03-14T21:05:10.764+0000] {processor.py:799} INFO - Processing file /opt/airflow/dags/dag_restart_data.py for tasks to queue
[2026-03-14T21:05:10.765+0000] {logging_mixin.py:149} INFO - [2026-03-14T21:05:10.764+0000] {dagbag.py:541} INFO - Filling up the DagBag from /opt/airflow/dags/dag_restart_data.py
[2026-03-14T21:05:10.776+0000] {processor.py:809} INFO - DAG(s) dict_keys(['dag_restart_data']) retrieved from /opt/airflow/dags/dag_restart_data.py
[2026-03-14T21:05:10.798+0000] {logging_mixin.py:149} INFO - [2026-03-14T21:05:10.798+0000] {dag.py:2726} INFO - Sync 1 DAGs
[2026-03-14T21:05:10.811+0000] {logging_mixin.py:149} INFO - [2026-03-14T21:05:10.811+0000] {dag.py:3490} INFO - Setting next_dagrun for dag_restart_data to None, run_after=None
[2026-03-14T21:05:10.820+0000] {processor.py:178} INFO - Processing /opt/airflow/dags/dag_restart_data.py took 0.062 seconds
[2026-03-14T21:05:41.111+0000] {processor.py:156} INFO - Started process (PID=608) to work on /opt/airflow/dags/dag_restart_data.py
[2026-03-14T21:05:41.113+0000] {processor.py:799} INFO - Processing file /opt/airflow/dags/dag_restart_data.py for tasks to queue
[2026-03-14T21:05:41.113+0000] {logging_mixin.py:149} INFO - [2026-03-14T21:05:41.113+0000] {dagbag.py:541} INFO - Filling up the DagBag from /opt/airflow/dags/dag_restart_data.py
[2026-03-14T21:05:41.118+0000] {processor.py:809} INFO - DAG(s) dict_keys(['dag_restart_data']) retrieved from /opt/airflow/dags/dag_restart_data.py
[2026-03-14T21:05:41.138+0000] {logging_mixin.py:149} INFO - [2026-03-14T21:05:41.138+0000] {dag.py:2726} INFO - Sync 1 DAGs
[2026-03-14T21:05:41.153+0000] {logging_mixin.py:149} INFO - [2026-03-14T21:05:41.153+0000] {dag.py:3490} INFO - Setting next_dagrun for dag_restart_data to None, run_after=None
[2026-03-14T21:05:41.169+0000] {processor.py:178} INFO - Processing /opt/airflow/dags/dag_restart_data.py took 0.061 seconds
[2026-03-14T21:06:11.439+0000] {processor.py:156} INFO - Started process (PID=640) to work on /opt/airflow/dags/dag_restart_data.py
[2026-03-14T21:06:11.440+0000] {processor.py:799} INFO - Processing file /opt/airflow/dags/dag_restart_data.py for tasks to queue
[2026-03-14T21:06:11.441+0000] {logging_mixin.py:149} INFO - [2026-03-14T21:06:11.441+0000] {dagbag.py:541} INFO - Filling up the DagBag from /opt/airflow/dags/dag_restart_data.py
[2026-03-14T21:06:11.450+0000] {processor.py:809} INFO - DAG(s) dict_keys(['dag_restart_data']) retrieved from /opt/airflow/dags/dag_restart_data.py
[2026-03-14T21:06:11.470+0000] {logging_mixin.py:149} INFO - [2026-03-14T21:06:11.470+0000] {dag.py:2726} INFO - Sync 1 DAGs
[2026-03-14T21:06:11.483+0000] {logging_mixin.py:149} INFO - [2026-03-14T21:06:11.483+0000] {dag.py:3490} INFO - Setting next_dagrun for dag_restart_data to None, run_after=None
[2026-03-14T21:06:11.494+0000] {processor.py:178} INFO - Processing /opt/airflow/dags/dag_restart_data.py took 0.059 seconds
[2026-03-14T21:06:41.753+0000] {processor.py:156} INFO - Started process (PID=672) to work on /opt/airflow/dags/dag_restart_data.py
[2026-03-14T21:06:41.753+0000] {processor.py:799} INFO - Processing file /opt/airflow/dags/dag_restart_data.py for tasks to queue
[2026-03-14T21:06:41.754+0000] {logging_mixin.py:149} INFO - [2026-03-14T21:06:41.754+0000] {dagbag.py:541} INFO - Filling up the DagBag from /opt/airflow/dags/dag_restart_data.py
[2026-03-14T21:06:41.761+0000] {processor.py:809} INFO - DAG(s) dict_keys(['dag_restart_data']) retrieved from /opt/airflow/dags/dag_restart_data.py
[2026-03-14T21:06:41.783+0000] {logging_mixin.py:149} INFO - [2026-03-14T21:06:41.782+0000] {dag.py:2726} INFO - Sync 1 DAGs
[2026-03-14T21:06:41.796+0000] {logging_mixin.py:149} INFO - [2026-03-14T21:06:41.796+0000] {dag.py:3490} INFO - Setting next_dagrun for dag_restart_data to None, run_after=None
[2026-03-14T21:06:41.805+0000] {processor.py:178} INFO - Processing /opt/airflow/dags/dag_restart_data.py took 0.056 seconds
[2026-03-14T21:07:12.047+0000] {processor.py:156} INFO - Started process (PID=764) to work on /opt/airflow/dags/dag_restart_data.py
[2026-03-14T21:07:12.048+0000] {processor.py:799} INFO - Processing file /opt/airflow/dags/dag_restart_data.py for tasks to queue
[2026-03-14T21:07:12.049+0000] {logging_mixin.py:149} INFO - [2026-03-14T21:07:12.049+0000] {dagbag.py:541} INFO - Filling up the DagBag from /opt/airflow/dags/dag_restart_data.py
[2026-03-14T21:07:12.059+0000] {processor.py:809} INFO - DAG(s) dict_keys(['dag_restart_data']) retrieved from /opt/airflow/dags/dag_restart_data.py
[2026-03-14T21:07:12.075+0000] {logging_mixin.py:149} INFO - [2026-03-14T21:07:12.075+0000] {dag.py:2726} INFO - Sync 1 DAGs
[2026-03-14T21:07:12.086+0000] {logging_mixin.py:149} INFO - [2026-03-14T21:07:12.086+0000] {dag.py:3490} INFO - Setting next_dagrun for dag_restart_data to None, run_after=None
[2026-03-14T21:07:12.094+0000] {processor.py:178} INFO - Processing /opt/airflow/dags/dag_restart_data.py took 0.050 seconds
[2026-03-14T21:07:42.361+0000] {processor.py:156} INFO - Started process (PID=796) to work on /opt/airflow/dags/dag_restart_data.py
[2026-03-14T21:07:42.363+0000] {processor.py:799} INFO - Processing file /opt/airflow/dags/dag_restart_data.py for tasks to queue
[2026-03-14T21:07:42.363+0000] {logging_mixin.py:149} INFO - [2026-03-14T21:07:42.363+0000] {dagbag.py:541} INFO - Filling up the DagBag from /opt/airflow/dags/dag_restart_data.py
[2026-03-14T21:07:42.370+0000] {processor.py:809} INFO - DAG(s) dict_keys(['dag_restart_data']) retrieved from /opt/airflow/dags/dag_restart_data.py
[2026-03-14T21:07:42.393+0000] {logging_mixin.py:149} INFO - [2026-03-14T21:07:42.393+0000] {dag.py:2726} INFO - Sync 1 DAGs
[2026-03-14T21:07:42.412+0000] {logging_mixin.py:149} INFO - [2026-03-14T21:07:42.412+0000] {dag.py:3490} INFO - Setting next_dagrun for dag_restart_data to None, run_after=None
[2026-03-14T21:07:42.423+0000] {processor.py:178} INFO - Processing /opt/airflow/dags/dag_restart_data.py took 0.066 seconds
[2026-03-14T21:08:12.764+0000] {processor.py:156} INFO - Started process (PID=828) to work on /opt/airflow/dags/dag_restart_data.py
[2026-03-14T21:08:12.765+0000] {processor.py:799} INFO - Processing file /opt/airflow/dags/dag_restart_data.py for tasks to queue
[2026-03-14T21:08:12.766+0000] {logging_mixin.py:149} INFO - [2026-03-14T21:08:12.766+0000] {dagbag.py:541} INFO - Filling up the DagBag from /opt/airflow/dags/dag_restart_data.py
[2026-03-14T21:08:12.776+0000] {processor.py:809} INFO - DAG(s) dict_keys(['dag_restart_data']) retrieved from /opt/airflow/dags/dag_restart_data.py
[2026-03-14T21:08:12.802+0000] {logging_mixin.py:149} INFO - [2026-03-14T21:08:12.802+0000] {dag.py:2726} INFO - Sync 1 DAGs
[2026-03-14T21:08:12.815+0000] {logging_mixin.py:149} INFO - [2026-03-14T21:08:12.815+0000] {dag.py:3490} INFO - Setting next_dagrun for dag_restart_data to None, run_after=None
[2026-03-14T21:08:12.825+0000] {processor.py:178} INFO - Processing /opt/airflow/dags/dag_restart_data.py took 0.066 seconds
[2026-03-14T21:08:43.106+0000] {processor.py:156} INFO - Started process (PID=860) to work on /opt/airflow/dags/dag_restart_data.py
[2026-03-14T21:08:43.107+0000] {processor.py:799} INFO - Processing file /opt/airflow/dags/dag_restart_data.py for tasks to queue
[2026-03-14T21:08:43.108+0000] {logging_mixin.py:149} INFO - [2026-03-14T21:08:43.108+0000] {dagbag.py:541} INFO - Filling up the DagBag from /opt/airflow/dags/dag_restart_data.py
[2026-03-14T21:08:43.116+0000] {processor.py:809} INFO - DAG(s) dict_keys(['dag_restart_data']) retrieved from /opt/airflow/dags/dag_restart_data.py
[2026-03-14T21:08:43.144+0000] {logging_mixin.py:149} INFO - [2026-03-14T21:08:43.144+0000] {dag.py:2726} INFO - Sync 1 DAGs
[2026-03-14T21:08:43.158+0000] {logging_mixin.py:149} INFO - [2026-03-14T21:08:43.158+0000] {dag.py:3490} INFO - Setting next_dagrun for dag_restart_data to None, run_after=None
[2026-03-14T21:08:43.170+0000] {processor.py:178} INFO - Processing /opt/airflow/dags/dag_restart_data.py took 0.068 seconds
[2026-03-14T21:09:13.534+0000] {processor.py:156} INFO - Started process (PID=892) to work on /opt/airflow/dags/dag_restart_data.py
[2026-03-14T21:09:13.535+0000] {processor.py:799} INFO - Processing file /opt/airflow/dags/dag_restart_data.py for tasks to queue
[2026-03-14T21:09:13.536+0000] {logging_mixin.py:149} INFO - [2026-03-14T21:09:13.536+0000] {dagbag.py:541} INFO - Filling up the DagBag from /opt/airflow/dags/dag_restart_data.py
[2026-03-14T21:09:13.545+0000] {processor.py:809} INFO - DAG(s) dict_keys(['dag_restart_data']) retrieved from /opt/airflow/dags/dag_restart_data.py
[2026-03-14T21:09:13.572+0000] {logging_mixin.py:149} INFO - [2026-03-14T21:09:13.572+0000] {dag.py:2726} INFO - Sync 1 DAGs
[2026-03-14T21:09:13.585+0000] {logging_mixin.py:149} INFO - [2026-03-14T21:09:13.585+0000] {dag.py:3490} INFO - Setting next_dagrun for dag_restart_data to None, run_after=None
[2026-03-14T21:09:13.597+0000] {processor.py:178} INFO - Processing /opt/airflow/dags/dag_restart_data.py took 0.066 seconds
[2026-03-14T21:09:43.832+0000] {processor.py:156} INFO - Started process (PID=912) to work on /opt/airflow/dags/dag_restart_data.py
[2026-03-14T21:09:43.833+0000] {processor.py:799} INFO - Processing file /opt/airflow/dags/dag_restart_data.py for tasks to queue
[2026-03-14T21:09:43.833+0000] {logging_mixin.py:149} INFO - [2026-03-14T21:09:43.833+0000] {dagbag.py:541} INFO - Filling up the DagBag from /opt/airflow/dags/dag_restart_data.py
[2026-03-14T21:09:43.839+0000] {processor.py:809} INFO - DAG(s) dict_keys(['dag_restart_data']) retrieved from /opt/airflow/dags/dag_restart_data.py
[2026-03-14T21:09:43.864+0000] {logging_mixin.py:149} INFO - [2026-03-14T21:09:43.864+0000] {dag.py:2726} INFO - Sync 1 DAGs
[2026-03-14T21:09:43.887+0000] {logging_mixin.py:149} INFO - [2026-03-14T21:09:43.887+0000] {dag.py:3490} INFO - Setting next_dagrun for dag_restart_data to None, run_after=None
[2026-03-14T21:09:43.916+0000] {processor.py:178} INFO - Processing /opt/airflow/dags/dag_restart_data.py took 0.085 seconds
[2026-03-14T21:10:14.268+0000] {processor.py:156} INFO - Started process (PID=944) to work on /opt/airflow/dags/dag_restart_data.py
[2026-03-14T21:10:14.269+0000] {processor.py:799} INFO - Processing file /opt/airflow/dags/dag_restart_data.py for tasks to queue
[2026-03-14T21:10:14.271+0000] {logging_mixin.py:149} INFO - [2026-03-14T21:10:14.271+0000] {dagbag.py:541} INFO - Filling up the DagBag from /opt/airflow/dags/dag_restart_data.py
[2026-03-14T21:10:14.278+0000] {processor.py:809} INFO - DAG(s) dict_keys(['dag_restart_data']) retrieved from /opt/airflow/dags/dag_restart_data.py
[2026-03-14T21:10:14.301+0000] {logging_mixin.py:149} INFO - [2026-03-14T21:10:14.300+0000] {dag.py:2726} INFO - Sync 1 DAGs
[2026-03-14T21:10:14.323+0000] {logging_mixin.py:149} INFO - [2026-03-14T21:10:14.323+0000] {dag.py:3490} INFO - Setting next_dagrun for dag_restart_data to None, run_after=None
[2026-03-14T21:10:14.339+0000] {processor.py:178} INFO - Processing /opt/airflow/dags/dag_restart_data.py took 0.074 seconds
[2026-03-14T21:10:44.694+0000] {processor.py:156} INFO - Started process (PID=976) to work on /opt/airflow/dags/dag_restart_data.py
[2026-03-14T21:10:44.696+0000] {processor.py:799} INFO - Processing file /opt/airflow/dags/dag_restart_data.py for tasks to queue
[2026-03-14T21:10:44.698+0000] {logging_mixin.py:149} INFO - [2026-03-14T21:10:44.697+0000] {dagbag.py:541} INFO - Filling up the DagBag from /opt/airflow/dags/dag_restart_data.py
[2026-03-14T21:10:44.709+0000] {processor.py:809} INFO - DAG(s) dict_keys(['dag_restart_data']) retrieved from /opt/airflow/dags/dag_restart_data.py
[2026-03-14T21:10:44.739+0000] {logging_mixin.py:149} INFO - [2026-03-14T21:10:44.739+0000] {dag.py:2726} INFO - Sync 1 DAGs
[2026-03-14T21:10:44.754+0000] {logging_mixin.py:149} INFO - [2026-03-14T21:10:44.753+0000] {dag.py:3490} INFO - Setting next_dagrun for dag_restart_data to None, run_after=None
[2026-03-14T21:10:44.792+0000] {processor.py:178} INFO - Processing /opt/airflow/dags/dag_restart_data.py took 0.100 seconds
[2026-03-14T21:11:15.108+0000] {processor.py:156} INFO - Started process (PID=1008) to work on /opt/airflow/dags/dag_restart_data.py
[2026-03-14T21:11:15.111+0000] {processor.py:799} INFO - Processing file /opt/airflow/dags/dag_restart_data.py for tasks to queue
[2026-03-14T21:11:15.111+0000] {logging_mixin.py:149} INFO - [2026-03-14T21:11:15.111+0000] {dagbag.py:541} INFO - Filling up the DagBag from /opt/airflow/dags/dag_restart_data.py
[2026-03-14T21:11:15.118+0000] {processor.py:809} INFO - DAG(s) dict_keys(['dag_restart_data']) retrieved from /opt/airflow/dags/dag_restart_data.py
[2026-03-14T21:11:15.152+0000] {logging_mixin.py:149} INFO - [2026-03-14T21:11:15.152+0000] {dag.py:2726} INFO - Sync 1 DAGs
[2026-03-14T21:11:15.192+0000] {logging_mixin.py:149} INFO - [2026-03-14T21:11:15.192+0000] {dag.py:3490} INFO - Setting next_dagrun for dag_restart_data to None, run_after=None
[2026-03-14T21:11:15.208+0000] {processor.py:178} INFO - Processing /opt/airflow/dags/dag_restart_data.py took 0.104 seconds
[2026-03-14T21:11:45.578+0000] {processor.py:156} INFO - Started process (PID=1040) to work on /opt/airflow/dags/dag_restart_data.py
[2026-03-14T21:11:45.580+0000] {processor.py:799} INFO - Processing file /opt/airflow/dags/dag_restart_data.py for tasks to queue
[2026-03-14T21:11:45.581+0000] {logging_mixin.py:149} INFO - [2026-03-14T21:11:45.581+0000] {dagbag.py:541} INFO - Filling up the DagBag from /opt/airflow/dags/dag_restart_data.py
[2026-03-14T21:11:45.587+0000] {processor.py:809} INFO - DAG(s) dict_keys(['dag_restart_data']) retrieved from /opt/airflow/dags/dag_restart_data.py
[2026-03-14T21:11:45.611+0000] {logging_mixin.py:149} INFO - [2026-03-14T21:11:45.611+0000] {dag.py:2726} INFO - Sync 1 DAGs
[2026-03-14T21:11:45.630+0000] {logging_mixin.py:149} INFO - [2026-03-14T21:11:45.630+0000] {dag.py:3490} INFO - Setting next_dagrun for dag_restart_data to None, run_after=None
[2026-03-14T21:11:45.641+0000] {processor.py:178} INFO - Processing /opt/airflow/dags/dag_restart_data.py took 0.065 seconds
[2026-03-14T21:20:54.474+0000] {processor.py:156} INFO - Started process (PID=1067) to work on /opt/airflow/dags/dag_restart_data.py
[2026-03-14T21:20:54.476+0000] {processor.py:799} INFO - Processing file /opt/airflow/dags/dag_restart_data.py for tasks to queue
[2026-03-14T21:20:54.477+0000] {logging_mixin.py:149} INFO - [2026-03-14T21:20:54.477+0000] {dagbag.py:541} INFO - Filling up the DagBag from /opt/airflow/dags/dag_restart_data.py
[2026-03-14T21:20:54.491+0000] {processor.py:809} INFO - DAG(s) dict_keys(['dag_restart_data']) retrieved from /opt/airflow/dags/dag_restart_data.py
[2026-03-14T21:20:54.548+0000] {logging_mixin.py:149} INFO - [2026-03-14T21:20:54.544+0000] {dag.py:2726} INFO - Sync 1 DAGs
[2026-03-14T21:20:54.583+0000] {logging_mixin.py:149} INFO - [2026-03-14T21:20:54.583+0000] {dag.py:3490} INFO - Setting next_dagrun for dag_restart_data to None, run_after=None
[2026-03-14T21:20:54.612+0000] {processor.py:178} INFO - Processing /opt/airflow/dags/dag_restart_data.py took 0.141 seconds
[2026-03-14T21:21:25.041+0000] {processor.py:156} INFO - Started process (PID=1096) to work on /opt/airflow/dags/dag_restart_data.py
[2026-03-14T21:21:25.041+0000] {processor.py:799} INFO - Processing file /opt/airflow/dags/dag_restart_data.py for tasks to queue
[2026-03-14T21:21:25.042+0000] {logging_mixin.py:149} INFO - [2026-03-14T21:21:25.042+0000] {dagbag.py:541} INFO - Filling up the DagBag from /opt/airflow/dags/dag_restart_data.py
[2026-03-14T21:21:25.050+0000] {processor.py:809} INFO - DAG(s) dict_keys(['dag_restart_data']) retrieved from /opt/airflow/dags/dag_restart_data.py
[2026-03-14T21:21:25.075+0000] {logging_mixin.py:149} INFO - [2026-03-14T21:21:25.075+0000] {dag.py:2726} INFO - Sync 1 DAGs
[2026-03-14T21:21:25.087+0000] {logging_mixin.py:149} INFO - [2026-03-14T21:21:25.087+0000] {dag.py:3490} INFO - Setting next_dagrun for dag_restart_data to None, run_after=None
[2026-03-14T21:21:25.099+0000] {processor.py:178} INFO - Processing /opt/airflow/dags/dag_restart_data.py took 0.063 seconds
[2026-03-14T21:38:30.681+0000] {processor.py:156} INFO - Started process (PID=1131) to work on /opt/airflow/dags/dag_restart_data.py
[2026-03-14T21:38:30.682+0000] {processor.py:799} INFO - Processing file /opt/airflow/dags/dag_restart_data.py for tasks to queue
[2026-03-14T21:38:30.682+0000] {logging_mixin.py:149} INFO - [2026-03-14T21:38:30.682+0000] {dagbag.py:541} INFO - Filling up the DagBag from /opt/airflow/dags/dag_restart_data.py
[2026-03-14T21:38:30.689+0000] {processor.py:809} INFO - DAG(s) dict_keys(['dag_restart_data']) retrieved from /opt/airflow/dags/dag_restart_data.py
[2026-03-14T21:38:30.736+0000] {logging_mixin.py:149} INFO - [2026-03-14T21:38:30.736+0000] {dag.py:2726} INFO - Sync 1 DAGs
[2026-03-14T21:38:30.757+0000] {logging_mixin.py:149} INFO - [2026-03-14T21:38:30.757+0000] {dag.py:3490} INFO - Setting next_dagrun for dag_restart_data to None, run_after=None
[2026-03-14T21:38:30.778+0000] {processor.py:178} INFO - Processing /opt/airflow/dags/dag_restart_data.py took 0.099 seconds
[2026-03-14T22:17:15.153+0000] {processor.py:156} INFO - Started process (PID=1163) to work on /opt/airflow/dags/dag_restart_data.py
[2026-03-14T22:17:15.154+0000] {processor.py:799} INFO - Processing file /opt/airflow/dags/dag_restart_data.py for tasks to queue
[2026-03-14T22:17:15.156+0000] {logging_mixin.py:149} INFO - [2026-03-14T22:17:15.156+0000] {dagbag.py:541} INFO - Filling up the DagBag from /opt/airflow/dags/dag_restart_data.py
[2026-03-14T22:17:15.165+0000] {processor.py:809} INFO - DAG(s) dict_keys(['dag_restart_data']) retrieved from /opt/airflow/dags/dag_restart_data.py
[2026-03-14T22:17:15.187+0000] {logging_mixin.py:149} INFO - [2026-03-14T22:17:15.187+0000] {dag.py:2726} INFO - Sync 1 DAGs
[2026-03-14T22:17:15.205+0000] {logging_mixin.py:149} INFO - [2026-03-14T22:17:15.205+0000] {dag.py:3490} INFO - Setting next_dagrun for dag_restart_data to None, run_after=None
[2026-03-14T22:17:15.222+0000] {processor.py:178} INFO - Processing /opt/airflow/dags/dag_restart_data.py took 0.071 seconds
[2026-03-14T22:17:45.549+0000] {processor.py:156} INFO - Started process (PID=1192) to work on /opt/airflow/dags/dag_restart_data.py
[2026-03-14T22:17:45.550+0000] {processor.py:799} INFO - Processing file /opt/airflow/dags/dag_restart_data.py for tasks to queue
[2026-03-14T22:17:45.550+0000] {logging_mixin.py:149} INFO - [2026-03-14T22:17:45.550+0000] {dagbag.py:541} INFO - Filling up the DagBag from /opt/airflow/dags/dag_restart_data.py
[2026-03-14T22:17:45.554+0000] {processor.py:809} INFO - DAG(s) dict_keys(['dag_restart_data']) retrieved from /opt/airflow/dags/dag_restart_data.py
[2026-03-14T22:17:45.575+0000] {logging_mixin.py:149} INFO - [2026-03-14T22:17:45.575+0000] {dag.py:2726} INFO - Sync 1 DAGs
[2026-03-14T22:17:45.587+0000] {logging_mixin.py:149} INFO - [2026-03-14T22:17:45.587+0000] {dag.py:3490} INFO - Setting next_dagrun for dag_restart_data to None, run_after=None
[2026-03-14T22:17:45.599+0000] {processor.py:178} INFO - Processing /opt/airflow/dags/dag_restart_data.py took 0.051 seconds
[2026-03-14T22:18:15.883+0000] {processor.py:156} INFO - Started process (PID=1224) to work on /opt/airflow/dags/dag_restart_data.py
[2026-03-14T22:18:15.884+0000] {processor.py:799} INFO - Processing file /opt/airflow/dags/dag_restart_data.py for tasks to queue
[2026-03-14T22:18:15.885+0000] {logging_mixin.py:149} INFO - [2026-03-14T22:18:15.885+0000] {dagbag.py:541} INFO - Filling up the DagBag from /opt/airflow/dags/dag_restart_data.py
[2026-03-14T22:18:15.895+0000] {processor.py:809} INFO - DAG(s) dict_keys(['dag_restart_data']) retrieved from /opt/airflow/dags/dag_restart_data.py
[2026-03-14T22:18:15.919+0000] {logging_mixin.py:149} INFO - [2026-03-14T22:18:15.919+0000] {dag.py:2726} INFO - Sync 1 DAGs
[2026-03-14T22:18:15.935+0000] {logging_mixin.py:149} INFO - [2026-03-14T22:18:15.935+0000] {dag.py:3490} INFO - Setting next_dagrun for dag_restart_data to None, run_after=None
[2026-03-14T22:18:15.946+0000] {processor.py:178} INFO - Processing /opt/airflow/dags/dag_restart_data.py took 0.067 seconds
[2026-03-14T22:18:46.265+0000] {processor.py:156} INFO - Started process (PID=1256) to work on /opt/airflow/dags/dag_restart_data.py
[2026-03-14T22:18:46.266+0000] {processor.py:799} INFO - Processing file /opt/airflow/dags/dag_restart_data.py for tasks to queue
[2026-03-14T22:18:46.267+0000] {logging_mixin.py:149} INFO - [2026-03-14T22:18:46.267+0000] {dagbag.py:541} INFO - Filling up the DagBag from /opt/airflow/dags/dag_restart_data.py
[2026-03-14T22:18:46.274+0000] {processor.py:809} INFO - DAG(s) dict_keys(['dag_restart_data']) retrieved from /opt/airflow/dags/dag_restart_data.py
[2026-03-14T22:18:46.305+0000] {logging_mixin.py:149} INFO - [2026-03-14T22:18:46.304+0000] {dag.py:2726} INFO - Sync 1 DAGs
[2026-03-14T22:18:46.319+0000] {logging_mixin.py:149} INFO - [2026-03-14T22:18:46.318+0000] {dag.py:3490} INFO - Setting next_dagrun for dag_restart_data to None, run_after=None
[2026-03-14T22:18:46.329+0000] {processor.py:178} INFO - Processing /opt/airflow/dags/dag_restart_data.py took 0.068 seconds
[2026-03-14T22:19:16.624+0000] {processor.py:156} INFO - Started process (PID=1288) to work on /opt/airflow/dags/dag_restart_data.py
[2026-03-14T22:19:16.625+0000] {processor.py:799} INFO - Processing file /opt/airflow/dags/dag_restart_data.py for tasks to queue
[2026-03-14T22:19:16.626+0000] {logging_mixin.py:149} INFO - [2026-03-14T22:19:16.626+0000] {dagbag.py:541} INFO - Filling up the DagBag from /opt/airflow/dags/dag_restart_data.py
[2026-03-14T22:19:16.633+0000] {processor.py:809} INFO - DAG(s) dict_keys(['dag_restart_data']) retrieved from /opt/airflow/dags/dag_restart_data.py
[2026-03-14T22:19:16.662+0000] {logging_mixin.py:149} INFO - [2026-03-14T22:19:16.662+0000] {dag.py:2726} INFO - Sync 1 DAGs
[2026-03-14T22:19:16.677+0000] {logging_mixin.py:149} INFO - [2026-03-14T22:19:16.677+0000] {dag.py:3490} INFO - Setting next_dagrun for dag_restart_data to None, run_after=None
[2026-03-14T22:19:16.687+0000] {processor.py:178} INFO - Processing /opt/airflow/dags/dag_restart_data.py took 0.066 seconds
[2026-03-14T22:19:46.999+0000] {processor.py:156} INFO - Started process (PID=1320) to work on /opt/airflow/dags/dag_restart_data.py
[2026-03-14T22:19:47.000+0000] {processor.py:799} INFO - Processing file /opt/airflow/dags/dag_restart_data.py for tasks to queue
[2026-03-14T22:19:47.001+0000] {logging_mixin.py:149} INFO - [2026-03-14T22:19:47.001+0000] {dagbag.py:541} INFO - Filling up the DagBag from /opt/airflow/dags/dag_restart_data.py
[2026-03-14T22:19:47.009+0000] {processor.py:809} INFO - DAG(s) dict_keys(['dag_restart_data']) retrieved from /opt/airflow/dags/dag_restart_data.py
[2026-03-14T22:19:47.039+0000] {logging_mixin.py:149} INFO - [2026-03-14T22:19:47.039+0000] {dag.py:2726} INFO - Sync 1 DAGs
[2026-03-14T22:19:47.051+0000] {logging_mixin.py:149} INFO - [2026-03-14T22:19:47.051+0000] {dag.py:3490} INFO - Setting next_dagrun for dag_restart_data to None, run_after=None
[2026-03-14T22:19:47.061+0000] {processor.py:178} INFO - Processing /opt/airflow/dags/dag_restart_data.py took 0.066 seconds
[2026-03-14T22:20:17.340+0000] {processor.py:156} INFO - Started process (PID=1352) to work on /opt/airflow/dags/dag_restart_data.py
[2026-03-14T22:20:17.341+0000] {processor.py:799} INFO - Processing file /opt/airflow/dags/dag_restart_data.py for tasks to queue
[2026-03-14T22:20:17.342+0000] {logging_mixin.py:149} INFO - [2026-03-14T22:20:17.342+0000] {dagbag.py:541} INFO - Filling up the DagBag from /opt/airflow/dags/dag_restart_data.py
[2026-03-14T22:20:17.349+0000] {processor.py:809} INFO - DAG(s) dict_keys(['dag_restart_data']) retrieved from /opt/airflow/dags/dag_restart_data.py
[2026-03-14T22:20:17.374+0000] {logging_mixin.py:149} INFO - [2026-03-14T22:20:17.374+0000] {dag.py:2726} INFO - Sync 1 DAGs
[2026-03-14T22:20:17.386+0000] {logging_mixin.py:149} INFO - [2026-03-14T22:20:17.386+0000] {dag.py:3490} INFO - Setting next_dagrun for dag_restart_data to None, run_after=None
[2026-03-14T22:20:17.398+0000] {processor.py:178} INFO - Processing /opt/airflow/dags/dag_restart_data.py took 0.062 seconds
[2026-03-14T22:20:47.666+0000] {processor.py:156} INFO - Started process (PID=1384) to work on /opt/airflow/dags/dag_restart_data.py
[2026-03-14T22:20:47.667+0000] {processor.py:799} INFO - Processing file /opt/airflow/dags/dag_restart_data.py for tasks to queue
[2026-03-14T22:20:47.667+0000] {logging_mixin.py:149} INFO - [2026-03-14T22:20:47.667+0000] {dagbag.py:541} INFO - Filling up the DagBag from /opt/airflow/dags/dag_restart_data.py
[2026-03-14T22:20:47.676+0000] {processor.py:809} INFO - DAG(s) dict_keys(['dag_restart_data']) retrieved from /opt/airflow/dags/dag_restart_data.py
[2026-03-14T22:20:47.700+0000] {logging_mixin.py:149} INFO - [2026-03-14T22:20:47.700+0000] {dag.py:2726} INFO - Sync 1 DAGs
[2026-03-14T22:20:47.714+0000] {logging_mixin.py:149} INFO - [2026-03-14T22:20:47.714+0000] {dag.py:3490} INFO - Setting next_dagrun for dag_restart_data to None, run_after=None
[2026-03-14T22:20:47.726+0000] {processor.py:178} INFO - Processing /opt/airflow/dags/dag_restart_data.py took 0.063 seconds
[2026-03-14T22:21:17.966+0000] {processor.py:156} INFO - Started process (PID=1416) to work on /opt/airflow/dags/dag_restart_data.py
[2026-03-14T22:21:17.967+0000] {processor.py:799} INFO - Processing file /opt/airflow/dags/dag_restart_data.py for tasks to queue
[2026-03-14T22:21:17.968+0000] {logging_mixin.py:149} INFO - [2026-03-14T22:21:17.968+0000] {dagbag.py:541} INFO - Filling up the DagBag from /opt/airflow/dags/dag_restart_data.py
[2026-03-14T22:21:17.979+0000] {processor.py:809} INFO - DAG(s) dict_keys(['dag_restart_data']) retrieved from /opt/airflow/dags/dag_restart_data.py
[2026-03-14T22:21:17.999+0000] {logging_mixin.py:149} INFO - [2026-03-14T22:21:17.999+0000] {dag.py:2726} INFO - Sync 1 DAGs
[2026-03-14T22:21:18.011+0000] {logging_mixin.py:149} INFO - [2026-03-14T22:21:18.011+0000] {dag.py:3490} INFO - Setting next_dagrun for dag_restart_data to None, run_after=None
[2026-03-14T22:21:18.023+0000] {processor.py:178} INFO - Processing /opt/airflow/dags/dag_restart_data.py took 0.061 seconds
[2026-03-14T22:21:48.314+0000] {processor.py:156} INFO - Started process (PID=1448) to work on /opt/airflow/dags/dag_restart_data.py
[2026-03-14T22:21:48.315+0000] {processor.py:799} INFO - Processing file /opt/airflow/dags/dag_restart_data.py for tasks to queue
[2026-03-14T22:21:48.316+0000] {logging_mixin.py:149} INFO - [2026-03-14T22:21:48.316+0000] {dagbag.py:541} INFO - Filling up the DagBag from /opt/airflow/dags/dag_restart_data.py
[2026-03-14T22:21:48.324+0000] {processor.py:809} INFO - DAG(s) dict_keys(['dag_restart_data']) retrieved from /opt/airflow/dags/dag_restart_data.py
[2026-03-14T22:21:48.350+0000] {logging_mixin.py:149} INFO - [2026-03-14T22:21:48.349+0000] {dag.py:2726} INFO - Sync 1 DAGs
[2026-03-14T22:21:48.364+0000] {logging_mixin.py:149} INFO - [2026-03-14T22:21:48.364+0000] {dag.py:3490} INFO - Setting next_dagrun for dag_restart_data to None, run_after=None
[2026-03-14T22:21:48.375+0000] {processor.py:178} INFO - Processing /opt/airflow/dags/dag_restart_data.py took 0.063 seconds
[2026-03-14T22:22:18.673+0000] {processor.py:156} INFO - Started process (PID=1480) to work on /opt/airflow/dags/dag_restart_data.py
[2026-03-14T22:22:18.674+0000] {processor.py:799} INFO - Processing file /opt/airflow/dags/dag_restart_data.py for tasks to queue
[2026-03-14T22:22:18.675+0000] {logging_mixin.py:149} INFO - [2026-03-14T22:22:18.674+0000] {dagbag.py:541} INFO - Filling up the DagBag from /opt/airflow/dags/dag_restart_data.py
[2026-03-14T22:22:18.683+0000] {processor.py:809} INFO - DAG(s) dict_keys(['dag_restart_data']) retrieved from /opt/airflow/dags/dag_restart_data.py
[2026-03-14T22:22:18.713+0000] {logging_mixin.py:149} INFO - [2026-03-14T22:22:18.712+0000] {dag.py:2726} INFO - Sync 1 DAGs
[2026-03-14T22:22:18.729+0000] {logging_mixin.py:149} INFO - [2026-03-14T22:22:18.729+0000] {dag.py:3490} INFO - Setting next_dagrun for dag_restart_data to None, run_after=None
[2026-03-14T22:22:18.741+0000] {processor.py:178} INFO - Processing /opt/airflow/dags/dag_restart_data.py took 0.072 seconds
[2026-03-14T22:22:49.053+0000] {processor.py:156} INFO - Started process (PID=1512) to work on /opt/airflow/dags/dag_restart_data.py
[2026-03-14T22:22:49.054+0000] {processor.py:799} INFO - Processing file /opt/airflow/dags/dag_restart_data.py for tasks to queue
[2026-03-14T22:22:49.055+0000] {logging_mixin.py:149} INFO - [2026-03-14T22:22:49.055+0000] {dagbag.py:541} INFO - Filling up the DagBag from /opt/airflow/dags/dag_restart_data.py
[2026-03-14T22:22:49.062+0000] {processor.py:809} INFO - DAG(s) dict_keys(['dag_restart_data']) retrieved from /opt/airflow/dags/dag_restart_data.py
[2026-03-14T22:22:49.090+0000] {logging_mixin.py:149} INFO - [2026-03-14T22:22:49.090+0000] {dag.py:2726} INFO - Sync 1 DAGs
[2026-03-14T22:22:49.105+0000] {logging_mixin.py:149} INFO - [2026-03-14T22:22:49.105+0000] {dag.py:3490} INFO - Setting next_dagrun for dag_restart_data to None, run_after=None
[2026-03-14T22:22:49.117+0000] {processor.py:178} INFO - Processing /opt/airflow/dags/dag_restart_data.py took 0.069 seconds
[2026-03-14T22:23:19.417+0000] {processor.py:156} INFO - Started process (PID=1544) to work on /opt/airflow/dags/dag_restart_data.py
[2026-03-14T22:23:19.417+0000] {processor.py:799} INFO - Processing file /opt/airflow/dags/dag_restart_data.py for tasks to queue
[2026-03-14T22:23:19.418+0000] {logging_mixin.py:149} INFO - [2026-03-14T22:23:19.418+0000] {dagbag.py:541} INFO - Filling up the DagBag from /opt/airflow/dags/dag_restart_data.py
[2026-03-14T22:23:19.422+0000] {processor.py:809} INFO - DAG(s) dict_keys(['dag_restart_data']) retrieved from /opt/airflow/dags/dag_restart_data.py
[2026-03-14T22:23:19.444+0000] {logging_mixin.py:149} INFO - [2026-03-14T22:23:19.444+0000] {dag.py:2726} INFO - Sync 1 DAGs
[2026-03-14T22:23:19.456+0000] {logging_mixin.py:149} INFO - [2026-03-14T22:23:19.456+0000] {dag.py:3490} INFO - Setting next_dagrun for dag_restart_data to None, run_after=None
[2026-03-14T22:23:19.466+0000] {processor.py:178} INFO - Processing /opt/airflow/dags/dag_restart_data.py took 0.051 seconds
[2026-03-14T22:23:49.733+0000] {processor.py:156} INFO - Started process (PID=1576) to work on /opt/airflow/dags/dag_restart_data.py
[2026-03-14T22:23:49.734+0000] {processor.py:799} INFO - Processing file /opt/airflow/dags/dag_restart_data.py for tasks to queue
[2026-03-14T22:23:49.735+0000] {logging_mixin.py:149} INFO - [2026-03-14T22:23:49.735+0000] {dagbag.py:541} INFO - Filling up the DagBag from /opt/airflow/dags/dag_restart_data.py
[2026-03-14T22:23:49.742+0000] {processor.py:809} INFO - DAG(s) dict_keys(['dag_restart_data']) retrieved from /opt/airflow/dags/dag_restart_data.py
[2026-03-14T22:23:49.767+0000] {logging_mixin.py:149} INFO - [2026-03-14T22:23:49.766+0000] {dag.py:2726} INFO - Sync 1 DAGs
[2026-03-14T22:23:49.784+0000] {logging_mixin.py:149} INFO - [2026-03-14T22:23:49.784+0000] {dag.py:3490} INFO - Setting next_dagrun for dag_restart_data to None, run_after=None
[2026-03-14T22:23:49.793+0000] {processor.py:178} INFO - Processing /opt/airflow/dags/dag_restart_data.py took 0.065 seconds
[2026-03-14T22:24:20.099+0000] {processor.py:156} INFO - Started process (PID=1608) to work on /opt/airflow/dags/dag_restart_data.py
[2026-03-14T22:24:20.100+0000] {processor.py:799} INFO - Processing file /opt/airflow/dags/dag_restart_data.py for tasks to queue
[2026-03-14T22:24:20.101+0000] {logging_mixin.py:149} INFO - [2026-03-14T22:24:20.101+0000] {dagbag.py:541} INFO - Filling up the DagBag from /opt/airflow/dags/dag_restart_data.py
[2026-03-14T22:24:20.110+0000] {processor.py:809} INFO - DAG(s) dict_keys(['dag_restart_data']) retrieved from /opt/airflow/dags/dag_restart_data.py
[2026-03-14T22:24:20.134+0000] {logging_mixin.py:149} INFO - [2026-03-14T22:24:20.134+0000] {dag.py:2726} INFO - Sync 1 DAGs
[2026-03-14T22:24:20.144+0000] {logging_mixin.py:149} INFO - [2026-03-14T22:24:20.144+0000] {dag.py:3490} INFO - Setting next_dagrun for dag_restart_data to None, run_after=None
[2026-03-14T22:24:20.155+0000] {processor.py:178} INFO - Processing /opt/airflow/dags/dag_restart_data.py took 0.059 seconds
[2026-03-14T22:24:50.452+0000] {processor.py:156} INFO - Started process (PID=1640) to work on /opt/airflow/dags/dag_restart_data.py
[2026-03-14T22:24:50.453+0000] {processor.py:799} INFO - Processing file /opt/airflow/dags/dag_restart_data.py for tasks to queue
[2026-03-14T22:24:50.453+0000] {logging_mixin.py:149} INFO - [2026-03-14T22:24:50.453+0000] {dagbag.py:541} INFO - Filling up the DagBag from /opt/airflow/dags/dag_restart_data.py
[2026-03-14T22:24:50.457+0000] {processor.py:809} INFO - DAG(s) dict_keys(['dag_restart_data']) retrieved from /opt/airflow/dags/dag_restart_data.py
[2026-03-14T22:24:50.480+0000] {logging_mixin.py:149} INFO - [2026-03-14T22:24:50.480+0000] {dag.py:2726} INFO - Sync 1 DAGs
[2026-03-14T22:24:50.496+0000] {logging_mixin.py:149} INFO - [2026-03-14T22:24:50.495+0000] {dag.py:3490} INFO - Setting next_dagrun for dag_restart_data to None, run_after=None
[2026-03-14T22:24:50.509+0000] {processor.py:178} INFO - Processing /opt/airflow/dags/dag_restart_data.py took 0.061 seconds
[2026-03-14T22:25:20.809+0000] {processor.py:156} INFO - Started process (PID=1672) to work on /opt/airflow/dags/dag_restart_data.py
[2026-03-14T22:25:20.810+0000] {processor.py:799} INFO - Processing file /opt/airflow/dags/dag_restart_data.py for tasks to queue
[2026-03-14T22:25:20.811+0000] {logging_mixin.py:149} INFO - [2026-03-14T22:25:20.811+0000] {dagbag.py:541} INFO - Filling up the DagBag from /opt/airflow/dags/dag_restart_data.py
[2026-03-14T22:25:20.819+0000] {processor.py:809} INFO - DAG(s) dict_keys(['dag_restart_data']) retrieved from /opt/airflow/dags/dag_restart_data.py
[2026-03-14T22:25:20.847+0000] {logging_mixin.py:149} INFO - [2026-03-14T22:25:20.847+0000] {dag.py:2726} INFO - Sync 1 DAGs
[2026-03-14T22:25:20.858+0000] {logging_mixin.py:149} INFO - [2026-03-14T22:25:20.858+0000] {dag.py:3490} INFO - Setting next_dagrun for dag_restart_data to None, run_after=None
[2026-03-14T22:25:20.868+0000] {processor.py:178} INFO - Processing /opt/airflow/dags/dag_restart_data.py took 0.063 seconds
[2026-03-14T22:25:51.153+0000] {processor.py:156} INFO - Started process (PID=1704) to work on /opt/airflow/dags/dag_restart_data.py
[2026-03-14T22:25:51.154+0000] {processor.py:799} INFO - Processing file /opt/airflow/dags/dag_restart_data.py for tasks to queue
[2026-03-14T22:25:51.155+0000] {logging_mixin.py:149} INFO - [2026-03-14T22:25:51.154+0000] {dagbag.py:541} INFO - Filling up the DagBag from /opt/airflow/dags/dag_restart_data.py
[2026-03-14T22:25:51.164+0000] {processor.py:809} INFO - DAG(s) dict_keys(['dag_restart_data']) retrieved from /opt/airflow/dags/dag_restart_data.py
[2026-03-14T22:25:51.188+0000] {logging_mixin.py:149} INFO - [2026-03-14T22:25:51.188+0000] {dag.py:2726} INFO - Sync 1 DAGs
[2026-03-14T22:25:51.203+0000] {logging_mixin.py:149} INFO - [2026-03-14T22:25:51.203+0000] {dag.py:3490} INFO - Setting next_dagrun for dag_restart_data to None, run_after=None
[2026-03-14T22:25:51.213+0000] {processor.py:178} INFO - Processing /opt/airflow/dags/dag_restart_data.py took 0.065 seconds
[2026-03-14T22:26:21.502+0000] {processor.py:156} INFO - Started process (PID=1736) to work on /opt/airflow/dags/dag_restart_data.py
[2026-03-14T22:26:21.502+0000] {processor.py:799} INFO - Processing file /opt/airflow/dags/dag_restart_data.py for tasks to queue
[2026-03-14T22:26:21.503+0000] {logging_mixin.py:149} INFO - [2026-03-14T22:26:21.503+0000] {dagbag.py:541} INFO - Filling up the DagBag from /opt/airflow/dags/dag_restart_data.py
[2026-03-14T22:26:21.508+0000] {processor.py:809} INFO - DAG(s) dict_keys(['dag_restart_data']) retrieved from /opt/airflow/dags/dag_restart_data.py
[2026-03-14T22:26:21.528+0000] {logging_mixin.py:149} INFO - [2026-03-14T22:26:21.528+0000] {dag.py:2726} INFO - Sync 1 DAGs
[2026-03-14T22:26:21.541+0000] {logging_mixin.py:149} INFO - [2026-03-14T22:26:21.541+0000] {dag.py:3490} INFO - Setting next_dagrun for dag_restart_data to None, run_after=None
[2026-03-14T22:26:21.551+0000] {processor.py:178} INFO - Processing /opt/airflow/dags/dag_restart_data.py took 0.052 seconds
[2026-03-14T22:26:51.859+0000] {processor.py:156} INFO - Started process (PID=1768) to work on /opt/airflow/dags/dag_restart_data.py
[2026-03-14T22:26:51.860+0000] {processor.py:799} INFO - Processing file /opt/airflow/dags/dag_restart_data.py for tasks to queue
[2026-03-14T22:26:51.861+0000] {logging_mixin.py:149} INFO - [2026-03-14T22:26:51.861+0000] {dagbag.py:541} INFO - Filling up the DagBag from /opt/airflow/dags/dag_restart_data.py
[2026-03-14T22:26:51.868+0000] {processor.py:809} INFO - DAG(s) dict_keys(['dag_restart_data']) retrieved from /opt/airflow/dags/dag_restart_data.py
[2026-03-14T22:26:51.892+0000] {logging_mixin.py:149} INFO - [2026-03-14T22:26:51.892+0000] {dag.py:2726} INFO - Sync 1 DAGs
[2026-03-14T22:26:51.908+0000] {logging_mixin.py:149} INFO - [2026-03-14T22:26:51.908+0000] {dag.py:3490} INFO - Setting next_dagrun for dag_restart_data to None, run_after=None
[2026-03-14T22:26:51.918+0000] {processor.py:178} INFO - Processing /opt/airflow/dags/dag_restart_data.py took 0.064 seconds
[2026-03-14T22:27:22.269+0000] {processor.py:156} INFO - Started process (PID=1800) to work on /opt/airflow/dags/dag_restart_data.py
[2026-03-14T22:27:22.270+0000] {processor.py:799} INFO - Processing file /opt/airflow/dags/dag_restart_data.py for tasks to queue
[2026-03-14T22:27:22.271+0000] {logging_mixin.py:149} INFO - [2026-03-14T22:27:22.271+0000] {dagbag.py:541} INFO - Filling up the DagBag from /opt/airflow/dags/dag_restart_data.py
[2026-03-14T22:27:22.279+0000] {processor.py:809} INFO - DAG(s) dict_keys(['dag_restart_data']) retrieved from /opt/airflow/dags/dag_restart_data.py
[2026-03-14T22:27:22.302+0000] {logging_mixin.py:149} INFO - [2026-03-14T22:27:22.302+0000] {dag.py:2726} INFO - Sync 1 DAGs
[2026-03-14T22:27:22.320+0000] {logging_mixin.py:149} INFO - [2026-03-14T22:27:22.320+0000] {dag.py:3490} INFO - Setting next_dagrun for dag_restart_data to None, run_after=None
[2026-03-14T22:27:22.330+0000] {processor.py:178} INFO - Processing /opt/airflow/dags/dag_restart_data.py took 0.066 seconds
[2026-03-14T22:27:52.640+0000] {processor.py:156} INFO - Started process (PID=1832) to work on /opt/airflow/dags/dag_restart_data.py
[2026-03-14T22:27:52.641+0000] {processor.py:799} INFO - Processing file /opt/airflow/dags/dag_restart_data.py for tasks to queue
[2026-03-14T22:27:52.642+0000] {logging_mixin.py:149} INFO - [2026-03-14T22:27:52.642+0000] {dagbag.py:541} INFO - Filling up the DagBag from /opt/airflow/dags/dag_restart_data.py
[2026-03-14T22:27:52.653+0000] {processor.py:809} INFO - DAG(s) dict_keys(['dag_restart_data']) retrieved from /opt/airflow/dags/dag_restart_data.py
[2026-03-14T22:27:52.674+0000] {logging_mixin.py:149} INFO - [2026-03-14T22:27:52.674+0000] {dag.py:2726} INFO - Sync 1 DAGs
[2026-03-14T22:27:52.688+0000] {logging_mixin.py:149} INFO - [2026-03-14T22:27:52.688+0000] {dag.py:3490} INFO - Setting next_dagrun for dag_restart_data to None, run_after=None
[2026-03-14T22:27:52.699+0000] {processor.py:178} INFO - Processing /opt/airflow/dags/dag_restart_data.py took 0.062 seconds
[2026-03-14T22:28:22.973+0000] {processor.py:156} INFO - Started process (PID=1864) to work on /opt/airflow/dags/dag_restart_data.py
[2026-03-14T22:28:22.973+0000] {processor.py:799} INFO - Processing file /opt/airflow/dags/dag_restart_data.py for tasks to queue
[2026-03-14T22:28:22.974+0000] {logging_mixin.py:149} INFO - [2026-03-14T22:28:22.974+0000] {dagbag.py:541} INFO - Filling up the DagBag from /opt/airflow/dags/dag_restart_data.py
[2026-03-14T22:28:22.978+0000] {processor.py:809} INFO - DAG(s) dict_keys(['dag_restart_data']) retrieved from /opt/airflow/dags/dag_restart_data.py
[2026-03-14T22:28:23.001+0000] {logging_mixin.py:149} INFO - [2026-03-14T22:28:23.001+0000] {dag.py:2726} INFO - Sync 1 DAGs
[2026-03-14T22:28:23.018+0000] {logging_mixin.py:149} INFO - [2026-03-14T22:28:23.018+0000] {dag.py:3490} INFO - Setting next_dagrun for dag_restart_data to None, run_after=None
[2026-03-14T22:28:23.030+0000] {processor.py:178} INFO - Processing /opt/airflow/dags/dag_restart_data.py took 0.061 seconds
[2026-03-14T22:28:53.336+0000] {processor.py:156} INFO - Started process (PID=1896) to work on /opt/airflow/dags/dag_restart_data.py
[2026-03-14T22:28:53.337+0000] {processor.py:799} INFO - Processing file /opt/airflow/dags/dag_restart_data.py for tasks to queue
[2026-03-14T22:28:53.338+0000] {logging_mixin.py:149} INFO - [2026-03-14T22:28:53.338+0000] {dagbag.py:541} INFO - Filling up the DagBag from /opt/airflow/dags/dag_restart_data.py
[2026-03-14T22:28:53.347+0000] {processor.py:809} INFO - DAG(s) dict_keys(['dag_restart_data']) retrieved from /opt/airflow/dags/dag_restart_data.py
[2026-03-14T22:28:53.372+0000] {logging_mixin.py:149} INFO - [2026-03-14T22:28:53.371+0000] {dag.py:2726} INFO - Sync 1 DAGs
[2026-03-14T22:28:53.385+0000] {logging_mixin.py:149} INFO - [2026-03-14T22:28:53.385+0000] {dag.py:3490} INFO - Setting next_dagrun for dag_restart_data to None, run_after=None
[2026-03-14T22:28:53.397+0000] {processor.py:178} INFO - Processing /opt/airflow/dags/dag_restart_data.py took 0.066 seconds
[2026-03-14T22:29:23.646+0000] {processor.py:156} INFO - Started process (PID=1927) to work on /opt/airflow/dags/dag_restart_data.py
[2026-03-14T22:29:23.647+0000] {processor.py:799} INFO - Processing file /opt/airflow/dags/dag_restart_data.py for tasks to queue
[2026-03-14T22:29:23.648+0000] {logging_mixin.py:149} INFO - [2026-03-14T22:29:23.648+0000] {dagbag.py:541} INFO - Filling up the DagBag from /opt/airflow/dags/dag_restart_data.py
[2026-03-14T22:29:23.656+0000] {processor.py:809} INFO - DAG(s) dict_keys(['dag_restart_data']) retrieved from /opt/airflow/dags/dag_restart_data.py
[2026-03-14T22:29:23.684+0000] {logging_mixin.py:149} INFO - [2026-03-14T22:29:23.684+0000] {dag.py:2726} INFO - Sync 1 DAGs
[2026-03-14T22:29:23.698+0000] {logging_mixin.py:149} INFO - [2026-03-14T22:29:23.698+0000] {dag.py:3490} INFO - Setting next_dagrun for dag_restart_data to None, run_after=None
[2026-03-14T22:29:23.707+0000] {processor.py:178} INFO - Processing /opt/airflow/dags/dag_restart_data.py took 0.066 seconds
[2026-03-14T22:29:54.014+0000] {processor.py:156} INFO - Started process (PID=1959) to work on /opt/airflow/dags/dag_restart_data.py
[2026-03-14T22:29:54.015+0000] {processor.py:799} INFO - Processing file /opt/airflow/dags/dag_restart_data.py for tasks to queue
[2026-03-14T22:29:54.016+0000] {logging_mixin.py:149} INFO - [2026-03-14T22:29:54.016+0000] {dagbag.py:541} INFO - Filling up the DagBag from /opt/airflow/dags/dag_restart_data.py
[2026-03-14T22:29:54.024+0000] {processor.py:809} INFO - DAG(s) dict_keys(['dag_restart_data']) retrieved from /opt/airflow/dags/dag_restart_data.py
[2026-03-14T22:29:54.048+0000] {logging_mixin.py:149} INFO - [2026-03-14T22:29:54.048+0000] {dag.py:2726} INFO - Sync 1 DAGs
[2026-03-14T22:29:54.063+0000] {logging_mixin.py:149} INFO - [2026-03-14T22:29:54.063+0000] {dag.py:3490} INFO - Setting next_dagrun for dag_restart_data to None, run_after=None
[2026-03-14T22:29:54.074+0000] {processor.py:178} INFO - Processing /opt/airflow/dags/dag_restart_data.py took 0.064 seconds
[2026-03-14T22:30:24.374+0000] {processor.py:156} INFO - Started process (PID=1991) to work on /opt/airflow/dags/dag_restart_data.py
[2026-03-14T22:30:24.375+0000] {processor.py:799} INFO - Processing file /opt/airflow/dags/dag_restart_data.py for tasks to queue
[2026-03-14T22:30:24.375+0000] {logging_mixin.py:149} INFO - [2026-03-14T22:30:24.375+0000] {dagbag.py:541} INFO - Filling up the DagBag from /opt/airflow/dags/dag_restart_data.py
[2026-03-14T22:30:24.380+0000] {processor.py:809} INFO - DAG(s) dict_keys(['dag_restart_data']) retrieved from /opt/airflow/dags/dag_restart_data.py
[2026-03-14T22:30:24.400+0000] {logging_mixin.py:149} INFO - [2026-03-14T22:30:24.400+0000] {dag.py:2726} INFO - Sync 1 DAGs
[2026-03-14T22:30:24.413+0000] {logging_mixin.py:149} INFO - [2026-03-14T22:30:24.413+0000] {dag.py:3490} INFO - Setting next_dagrun for dag_restart_data to None, run_after=None
[2026-03-14T22:30:24.423+0000] {processor.py:178} INFO - Processing /opt/airflow/dags/dag_restart_data.py took 0.052 seconds
[2026-03-14T22:30:54.721+0000] {processor.py:156} INFO - Started process (PID=2023) to work on /opt/airflow/dags/dag_restart_data.py
[2026-03-14T22:30:54.722+0000] {processor.py:799} INFO - Processing file /opt/airflow/dags/dag_restart_data.py for tasks to queue
[2026-03-14T22:30:54.723+0000] {logging_mixin.py:149} INFO - [2026-03-14T22:30:54.723+0000] {dagbag.py:541} INFO - Filling up the DagBag from /opt/airflow/dags/dag_restart_data.py
[2026-03-14T22:30:54.735+0000] {processor.py:809} INFO - DAG(s) dict_keys(['dag_restart_data']) retrieved from /opt/airflow/dags/dag_restart_data.py
[2026-03-14T22:30:54.761+0000] {logging_mixin.py:149} INFO - [2026-03-14T22:30:54.761+0000] {dag.py:2726} INFO - Sync 1 DAGs
[2026-03-14T22:30:54.774+0000] {logging_mixin.py:149} INFO - [2026-03-14T22:30:54.774+0000] {dag.py:3490} INFO - Setting next_dagrun for dag_restart_data to None, run_after=None
[2026-03-14T22:30:54.785+0000] {processor.py:178} INFO - Processing /opt/airflow/dags/dag_restart_data.py took 0.070 seconds
[2026-03-14T22:31:25.083+0000] {processor.py:156} INFO - Started process (PID=2055) to work on /opt/airflow/dags/dag_restart_data.py
[2026-03-14T22:31:25.084+0000] {processor.py:799} INFO - Processing file /opt/airflow/dags/dag_restart_data.py for tasks to queue
[2026-03-14T22:31:25.085+0000] {logging_mixin.py:149} INFO - [2026-03-14T22:31:25.085+0000] {dagbag.py:541} INFO - Filling up the DagBag from /opt/airflow/dags/dag_restart_data.py
[2026-03-14T22:31:25.093+0000] {processor.py:809} INFO - DAG(s) dict_keys(['dag_restart_data']) retrieved from /opt/airflow/dags/dag_restart_data.py
[2026-03-14T22:31:25.130+0000] {logging_mixin.py:149} INFO - [2026-03-14T22:31:25.130+0000] {dag.py:2726} INFO - Sync 1 DAGs
[2026-03-14T22:31:25.143+0000] {logging_mixin.py:149} INFO - [2026-03-14T22:31:25.143+0000] {dag.py:3490} INFO - Setting next_dagrun for dag_restart_data to None, run_after=None
[2026-03-14T22:31:25.156+0000] {processor.py:178} INFO - Processing /opt/airflow/dags/dag_restart_data.py took 0.077 seconds
[2026-03-14T22:31:55.460+0000] {processor.py:156} INFO - Started process (PID=2087) to work on /opt/airflow/dags/dag_restart_data.py
[2026-03-14T22:31:55.461+0000] {processor.py:799} INFO - Processing file /opt/airflow/dags/dag_restart_data.py for tasks to queue
[2026-03-14T22:31:55.462+0000] {logging_mixin.py:149} INFO - [2026-03-14T22:31:55.462+0000] {dagbag.py:541} INFO - Filling up the DagBag from /opt/airflow/dags/dag_restart_data.py
[2026-03-14T22:31:55.470+0000] {processor.py:809} INFO - DAG(s) dict_keys(['dag_restart_data']) retrieved from /opt/airflow/dags/dag_restart_data.py
[2026-03-14T22:31:55.495+0000] {logging_mixin.py:149} INFO - [2026-03-14T22:31:55.495+0000] {dag.py:2726} INFO - Sync 1 DAGs
[2026-03-14T22:31:55.508+0000] {logging_mixin.py:149} INFO - [2026-03-14T22:31:55.508+0000] {dag.py:3490} INFO - Setting next_dagrun for dag_restart_data to None, run_after=None
[2026-03-14T22:31:55.519+0000] {processor.py:178} INFO - Processing /opt/airflow/dags/dag_restart_data.py took 0.063 seconds
[2026-03-14T22:32:25.834+0000] {processor.py:156} INFO - Started process (PID=2119) to work on /opt/airflow/dags/dag_restart_data.py
[2026-03-14T22:32:25.835+0000] {processor.py:799} INFO - Processing file /opt/airflow/dags/dag_restart_data.py for tasks to queue
[2026-03-14T22:32:25.835+0000] {logging_mixin.py:149} INFO - [2026-03-14T22:32:25.835+0000] {dagbag.py:541} INFO - Filling up the DagBag from /opt/airflow/dags/dag_restart_data.py
[2026-03-14T22:32:25.844+0000] {processor.py:809} INFO - DAG(s) dict_keys(['dag_restart_data']) retrieved from /opt/airflow/dags/dag_restart_data.py
[2026-03-14T22:32:25.870+0000] {logging_mixin.py:149} INFO - [2026-03-14T22:32:25.870+0000] {dag.py:2726} INFO - Sync 1 DAGs
[2026-03-14T22:32:25.884+0000] {logging_mixin.py:149} INFO - [2026-03-14T22:32:25.884+0000] {dag.py:3490} INFO - Setting next_dagrun for dag_restart_data to None, run_after=None
[2026-03-14T22:32:25.895+0000] {processor.py:178} INFO - Processing /opt/airflow/dags/dag_restart_data.py took 0.065 seconds
[2026-03-14T22:32:56.177+0000] {processor.py:156} INFO - Started process (PID=2151) to work on /opt/airflow/dags/dag_restart_data.py
[2026-03-14T22:32:56.178+0000] {processor.py:799} INFO - Processing file /opt/airflow/dags/dag_restart_data.py for tasks to queue
[2026-03-14T22:32:56.178+0000] {logging_mixin.py:149} INFO - [2026-03-14T22:32:56.178+0000] {dagbag.py:541} INFO - Filling up the DagBag from /opt/airflow/dags/dag_restart_data.py
[2026-03-14T22:32:56.188+0000] {processor.py:809} INFO - DAG(s) dict_keys(['dag_restart_data']) retrieved from /opt/airflow/dags/dag_restart_data.py
[2026-03-14T22:32:56.215+0000] {logging_mixin.py:149} INFO - [2026-03-14T22:32:56.215+0000] {dag.py:2726} INFO - Sync 1 DAGs
[2026-03-14T22:32:56.228+0000] {logging_mixin.py:149} INFO - [2026-03-14T22:32:56.228+0000] {dag.py:3490} INFO - Setting next_dagrun for dag_restart_data to None, run_after=None
[2026-03-14T22:32:56.240+0000] {processor.py:178} INFO - Processing /opt/airflow/dags/dag_restart_data.py took 0.067 seconds
[2026-03-14T22:33:26.502+0000] {processor.py:156} INFO - Started process (PID=2183) to work on /opt/airflow/dags/dag_restart_data.py
[2026-03-14T22:33:26.503+0000] {processor.py:799} INFO - Processing file /opt/airflow/dags/dag_restart_data.py for tasks to queue
[2026-03-14T22:33:26.504+0000] {logging_mixin.py:149} INFO - [2026-03-14T22:33:26.503+0000] {dagbag.py:541} INFO - Filling up the DagBag from /opt/airflow/dags/dag_restart_data.py
[2026-03-14T22:33:26.511+0000] {processor.py:809} INFO - DAG(s) dict_keys(['dag_restart_data']) retrieved from /opt/airflow/dags/dag_restart_data.py
[2026-03-14T22:33:26.541+0000] {logging_mixin.py:149} INFO - [2026-03-14T22:33:26.541+0000] {dag.py:2726} INFO - Sync 1 DAGs
[2026-03-14T22:33:26.556+0000] {logging_mixin.py:149} INFO - [2026-03-14T22:33:26.556+0000] {dag.py:3490} INFO - Setting next_dagrun for dag_restart_data to None, run_after=None
[2026-03-14T22:33:26.567+0000] {processor.py:178} INFO - Processing /opt/airflow/dags/dag_restart_data.py took 0.069 seconds
[2026-03-14T22:33:56.895+0000] {processor.py:156} INFO - Started process (PID=2215) to work on /opt/airflow/dags/dag_restart_data.py
[2026-03-14T22:33:56.896+0000] {processor.py:799} INFO - Processing file /opt/airflow/dags/dag_restart_data.py for tasks to queue
[2026-03-14T22:33:56.897+0000] {logging_mixin.py:149} INFO - [2026-03-14T22:33:56.897+0000] {dagbag.py:541} INFO - Filling up the DagBag from /opt/airflow/dags/dag_restart_data.py
[2026-03-14T22:33:56.905+0000] {processor.py:809} INFO - DAG(s) dict_keys(['dag_restart_data']) retrieved from /opt/airflow/dags/dag_restart_data.py
[2026-03-14T22:33:56.937+0000] {logging_mixin.py:149} INFO - [2026-03-14T22:33:56.937+0000] {dag.py:2726} INFO - Sync 1 DAGs
[2026-03-14T22:33:56.955+0000] {logging_mixin.py:149} INFO - [2026-03-14T22:33:56.955+0000] {dag.py:3490} INFO - Setting next_dagrun for dag_restart_data to None, run_after=None
[2026-03-14T22:33:56.968+0000] {processor.py:178} INFO - Processing /opt/airflow/dags/dag_restart_data.py took 0.077 seconds
[2026-03-14T22:34:27.301+0000] {processor.py:156} INFO - Started process (PID=2246) to work on /opt/airflow/dags/dag_restart_data.py
[2026-03-14T22:34:27.302+0000] {processor.py:799} INFO - Processing file /opt/airflow/dags/dag_restart_data.py for tasks to queue
[2026-03-14T22:34:27.302+0000] {logging_mixin.py:149} INFO - [2026-03-14T22:34:27.302+0000] {dagbag.py:541} INFO - Filling up the DagBag from /opt/airflow/dags/dag_restart_data.py
[2026-03-14T22:34:27.309+0000] {processor.py:809} INFO - DAG(s) dict_keys(['dag_restart_data']) retrieved from /opt/airflow/dags/dag_restart_data.py
[2026-03-14T22:34:27.336+0000] {logging_mixin.py:149} INFO - [2026-03-14T22:34:27.336+0000] {dag.py:2726} INFO - Sync 1 DAGs
[2026-03-14T22:34:27.347+0000] {logging_mixin.py:149} INFO - [2026-03-14T22:34:27.347+0000] {dag.py:3490} INFO - Setting next_dagrun for dag_restart_data to None, run_after=None
[2026-03-14T22:34:27.358+0000] {processor.py:178} INFO - Processing /opt/airflow/dags/dag_restart_data.py took 0.061 seconds
[2026-03-14T22:34:57.654+0000] {processor.py:156} INFO - Started process (PID=2278) to work on /opt/airflow/dags/dag_restart_data.py
[2026-03-14T22:34:57.655+0000] {processor.py:799} INFO - Processing file /opt/airflow/dags/dag_restart_data.py for tasks to queue
[2026-03-14T22:34:57.655+0000] {logging_mixin.py:149} INFO - [2026-03-14T22:34:57.655+0000] {dagbag.py:541} INFO - Filling up the DagBag from /opt/airflow/dags/dag_restart_data.py
[2026-03-14T22:34:57.664+0000] {processor.py:809} INFO - DAG(s) dict_keys(['dag_restart_data']) retrieved from /opt/airflow/dags/dag_restart_data.py
[2026-03-14T22:34:57.689+0000] {logging_mixin.py:149} INFO - [2026-03-14T22:34:57.689+0000] {dag.py:2726} INFO - Sync 1 DAGs
[2026-03-14T22:34:57.704+0000] {logging_mixin.py:149} INFO - [2026-03-14T22:34:57.704+0000] {dag.py:3490} INFO - Setting next_dagrun for dag_restart_data to None, run_after=None
[2026-03-14T22:34:57.767+0000] {processor.py:178} INFO - Processing /opt/airflow/dags/dag_restart_data.py took 0.117 seconds
[2026-03-14T22:35:28.085+0000] {processor.py:156} INFO - Started process (PID=2310) to work on /opt/airflow/dags/dag_restart_data.py
[2026-03-14T22:35:28.085+0000] {processor.py:799} INFO - Processing file /opt/airflow/dags/dag_restart_data.py for tasks to queue
[2026-03-14T22:35:28.086+0000] {logging_mixin.py:149} INFO - [2026-03-14T22:35:28.086+0000] {dagbag.py:541} INFO - Filling up the DagBag from /opt/airflow/dags/dag_restart_data.py
[2026-03-14T22:35:28.089+0000] {processor.py:809} INFO - DAG(s) dict_keys(['dag_restart_data']) retrieved from /opt/airflow/dags/dag_restart_data.py
[2026-03-14T22:35:28.159+0000] {logging_mixin.py:149} INFO - [2026-03-14T22:35:28.159+0000] {dag.py:2726} INFO - Sync 1 DAGs
[2026-03-14T22:35:28.170+0000] {logging_mixin.py:149} INFO - [2026-03-14T22:35:28.170+0000] {dag.py:3490} INFO - Setting next_dagrun for dag_restart_data to None, run_after=None
[2026-03-14T22:35:28.179+0000] {processor.py:178} INFO - Processing /opt/airflow/dags/dag_restart_data.py took 0.096 seconds
[2026-03-14T22:35:58.555+0000] {processor.py:156} INFO - Started process (PID=2342) to work on /opt/airflow/dags/dag_restart_data.py
[2026-03-14T22:35:58.556+0000] {processor.py:799} INFO - Processing file /opt/airflow/dags/dag_restart_data.py for tasks to queue
[2026-03-14T22:35:58.557+0000] {logging_mixin.py:149} INFO - [2026-03-14T22:35:58.557+0000] {dagbag.py:541} INFO - Filling up the DagBag from /opt/airflow/dags/dag_restart_data.py
[2026-03-14T22:35:58.565+0000] {processor.py:809} INFO - DAG(s) dict_keys(['dag_restart_data']) retrieved from /opt/airflow/dags/dag_restart_data.py
[2026-03-14T22:35:58.593+0000] {logging_mixin.py:149} INFO - [2026-03-14T22:35:58.593+0000] {dag.py:2726} INFO - Sync 1 DAGs
[2026-03-14T22:35:58.607+0000] {logging_mixin.py:149} INFO - [2026-03-14T22:35:58.607+0000] {dag.py:3490} INFO - Setting next_dagrun for dag_restart_data to None, run_after=None
[2026-03-14T22:35:58.616+0000] {processor.py:178} INFO - Processing /opt/airflow/dags/dag_restart_data.py took 0.065 seconds
[2026-03-14T22:36:28.903+0000] {processor.py:156} INFO - Started process (PID=2374) to work on /opt/airflow/dags/dag_restart_data.py
[2026-03-14T22:36:28.903+0000] {processor.py:799} INFO - Processing file /opt/airflow/dags/dag_restart_data.py for tasks to queue
[2026-03-14T22:36:28.904+0000] {logging_mixin.py:149} INFO - [2026-03-14T22:36:28.904+0000] {dagbag.py:541} INFO - Filling up the DagBag from /opt/airflow/dags/dag_restart_data.py
[2026-03-14T22:36:28.908+0000] {processor.py:809} INFO - DAG(s) dict_keys(['dag_restart_data']) retrieved from /opt/airflow/dags/dag_restart_data.py
[2026-03-14T22:36:28.926+0000] {logging_mixin.py:149} INFO - [2026-03-14T22:36:28.925+0000] {dag.py:2726} INFO - Sync 1 DAGs
[2026-03-14T22:36:28.937+0000] {logging_mixin.py:149} INFO - [2026-03-14T22:36:28.937+0000] {dag.py:3490} INFO - Setting next_dagrun for dag_restart_data to None, run_after=None
[2026-03-14T22:36:28.949+0000] {processor.py:178} INFO - Processing /opt/airflow/dags/dag_restart_data.py took 0.049 seconds
[2026-03-14T22:36:59.251+0000] {processor.py:156} INFO - Started process (PID=2466) to work on /opt/airflow/dags/dag_restart_data.py
[2026-03-14T22:36:59.252+0000] {processor.py:799} INFO - Processing file /opt/airflow/dags/dag_restart_data.py for tasks to queue
[2026-03-14T22:36:59.253+0000] {logging_mixin.py:149} INFO - [2026-03-14T22:36:59.253+0000] {dagbag.py:541} INFO - Filling up the DagBag from /opt/airflow/dags/dag_restart_data.py
[2026-03-14T22:36:59.261+0000] {processor.py:809} INFO - DAG(s) dict_keys(['dag_restart_data']) retrieved from /opt/airflow/dags/dag_restart_data.py
[2026-03-14T22:36:59.283+0000] {logging_mixin.py:149} INFO - [2026-03-14T22:36:59.283+0000] {dag.py:2726} INFO - Sync 1 DAGs
[2026-03-14T22:36:59.295+0000] {logging_mixin.py:149} INFO - [2026-03-14T22:36:59.295+0000] {dag.py:3490} INFO - Setting next_dagrun for dag_restart_data to None, run_after=None
[2026-03-14T22:36:59.306+0000] {processor.py:178} INFO - Processing /opt/airflow/dags/dag_restart_data.py took 0.059 seconds
[2026-03-14T22:37:29.565+0000] {processor.py:156} INFO - Started process (PID=2498) to work on /opt/airflow/dags/dag_restart_data.py
[2026-03-14T22:37:29.566+0000] {processor.py:799} INFO - Processing file /opt/airflow/dags/dag_restart_data.py for tasks to queue
[2026-03-14T22:37:29.566+0000] {logging_mixin.py:149} INFO - [2026-03-14T22:37:29.566+0000] {dagbag.py:541} INFO - Filling up the DagBag from /opt/airflow/dags/dag_restart_data.py
[2026-03-14T22:37:29.569+0000] {processor.py:809} INFO - DAG(s) dict_keys(['dag_restart_data']) retrieved from /opt/airflow/dags/dag_restart_data.py
[2026-03-14T22:37:29.587+0000] {logging_mixin.py:149} INFO - [2026-03-14T22:37:29.587+0000] {dag.py:2726} INFO - Sync 1 DAGs
[2026-03-14T22:37:29.599+0000] {logging_mixin.py:149} INFO - [2026-03-14T22:37:29.599+0000] {dag.py:3490} INFO - Setting next_dagrun for dag_restart_data to None, run_after=None
[2026-03-14T22:37:29.611+0000] {processor.py:178} INFO - Processing /opt/airflow/dags/dag_restart_data.py took 0.048 seconds
[2026-03-14T22:37:59.839+0000] {processor.py:156} INFO - Started process (PID=2530) to work on /opt/airflow/dags/dag_restart_data.py
[2026-03-14T22:37:59.840+0000] {processor.py:799} INFO - Processing file /opt/airflow/dags/dag_restart_data.py for tasks to queue
[2026-03-14T22:37:59.841+0000] {logging_mixin.py:149} INFO - [2026-03-14T22:37:59.841+0000] {dagbag.py:541} INFO - Filling up the DagBag from /opt/airflow/dags/dag_restart_data.py
[2026-03-14T22:37:59.849+0000] {processor.py:809} INFO - DAG(s) dict_keys(['dag_restart_data']) retrieved from /opt/airflow/dags/dag_restart_data.py
[2026-03-14T22:37:59.869+0000] {logging_mixin.py:149} INFO - [2026-03-14T22:37:59.869+0000] {dag.py:2726} INFO - Sync 1 DAGs
[2026-03-14T22:37:59.881+0000] {logging_mixin.py:149} INFO - [2026-03-14T22:37:59.880+0000] {dag.py:3490} INFO - Setting next_dagrun for dag_restart_data to None, run_after=None
[2026-03-14T22:37:59.891+0000] {processor.py:178} INFO - Processing /opt/airflow/dags/dag_restart_data.py took 0.054 seconds
[2026-03-14T22:38:30.139+0000] {processor.py:156} INFO - Started process (PID=2568) to work on /opt/airflow/dags/dag_restart_data.py
[2026-03-14T22:38:30.139+0000] {processor.py:799} INFO - Processing file /opt/airflow/dags/dag_restart_data.py for tasks to queue
[2026-03-14T22:38:30.140+0000] {logging_mixin.py:149} INFO - [2026-03-14T22:38:30.140+0000] {dagbag.py:541} INFO - Filling up the DagBag from /opt/airflow/dags/dag_restart_data.py
[2026-03-14T22:38:30.144+0000] {processor.py:809} INFO - DAG(s) dict_keys(['dag_restart_data']) retrieved from /opt/airflow/dags/dag_restart_data.py
[2026-03-14T22:38:30.163+0000] {logging_mixin.py:149} INFO - [2026-03-14T22:38:30.163+0000] {dag.py:2726} INFO - Sync 1 DAGs
[2026-03-14T22:38:30.174+0000] {logging_mixin.py:149} INFO - [2026-03-14T22:38:30.173+0000] {dag.py:3490} INFO - Setting next_dagrun for dag_restart_data to None, run_after=None
[2026-03-14T22:38:30.185+0000] {processor.py:178} INFO - Processing /opt/airflow/dags/dag_restart_data.py took 0.048 seconds
[2026-03-14T22:39:00.491+0000] {processor.py:156} INFO - Started process (PID=2601) to work on /opt/airflow/dags/dag_restart_data.py
[2026-03-14T22:39:00.492+0000] {processor.py:799} INFO - Processing file /opt/airflow/dags/dag_restart_data.py for tasks to queue
[2026-03-14T22:39:00.493+0000] {logging_mixin.py:149} INFO - [2026-03-14T22:39:00.493+0000] {dagbag.py:541} INFO - Filling up the DagBag from /opt/airflow/dags/dag_restart_data.py
[2026-03-14T22:39:00.503+0000] {processor.py:809} INFO - DAG(s) dict_keys(['dag_restart_data']) retrieved from /opt/airflow/dags/dag_restart_data.py
[2026-03-14T22:39:00.531+0000] {logging_mixin.py:149} INFO - [2026-03-14T22:39:00.531+0000] {dag.py:2726} INFO - Sync 1 DAGs
[2026-03-14T22:39:00.547+0000] {logging_mixin.py:149} INFO - [2026-03-14T22:39:00.547+0000] {dag.py:3490} INFO - Setting next_dagrun for dag_restart_data to None, run_after=None
[2026-03-14T22:39:00.556+0000] {processor.py:178} INFO - Processing /opt/airflow/dags/dag_restart_data.py took 0.070 seconds
[2026-03-14T22:39:30.856+0000] {processor.py:156} INFO - Started process (PID=2633) to work on /opt/airflow/dags/dag_restart_data.py
[2026-03-14T22:39:30.856+0000] {processor.py:799} INFO - Processing file /opt/airflow/dags/dag_restart_data.py for tasks to queue
[2026-03-14T22:39:30.857+0000] {logging_mixin.py:149} INFO - [2026-03-14T22:39:30.857+0000] {dagbag.py:541} INFO - Filling up the DagBag from /opt/airflow/dags/dag_restart_data.py
[2026-03-14T22:39:30.864+0000] {processor.py:809} INFO - DAG(s) dict_keys(['dag_restart_data']) retrieved from /opt/airflow/dags/dag_restart_data.py
[2026-03-14T22:39:30.888+0000] {logging_mixin.py:149} INFO - [2026-03-14T22:39:30.888+0000] {dag.py:2726} INFO - Sync 1 DAGs
[2026-03-14T22:39:30.901+0000] {logging_mixin.py:149} INFO - [2026-03-14T22:39:30.901+0000] {dag.py:3490} INFO - Setting next_dagrun for dag_restart_data to None, run_after=None
[2026-03-14T22:39:30.911+0000] {processor.py:178} INFO - Processing /opt/airflow/dags/dag_restart_data.py took 0.059 seconds
[2026-03-14T22:40:01.229+0000] {processor.py:156} INFO - Started process (PID=2665) to work on /opt/airflow/dags/dag_restart_data.py
[2026-03-14T22:40:01.230+0000] {processor.py:799} INFO - Processing file /opt/airflow/dags/dag_restart_data.py for tasks to queue
[2026-03-14T22:40:01.231+0000] {logging_mixin.py:149} INFO - [2026-03-14T22:40:01.231+0000] {dagbag.py:541} INFO - Filling up the DagBag from /opt/airflow/dags/dag_restart_data.py
[2026-03-14T22:40:01.240+0000] {processor.py:809} INFO - DAG(s) dict_keys(['dag_restart_data']) retrieved from /opt/airflow/dags/dag_restart_data.py
[2026-03-14T22:40:01.272+0000] {logging_mixin.py:149} INFO - [2026-03-14T22:40:01.272+0000] {dag.py:2726} INFO - Sync 1 DAGs
[2026-03-14T22:40:01.285+0000] {logging_mixin.py:149} INFO - [2026-03-14T22:40:01.285+0000] {dag.py:3490} INFO - Setting next_dagrun for dag_restart_data to None, run_after=None
[2026-03-14T22:40:01.295+0000] {processor.py:178} INFO - Processing /opt/airflow/dags/dag_restart_data.py took 0.071 seconds
[2026-03-14T22:40:31.562+0000] {processor.py:156} INFO - Started process (PID=2697) to work on /opt/airflow/dags/dag_restart_data.py
[2026-03-14T22:40:31.562+0000] {processor.py:799} INFO - Processing file /opt/airflow/dags/dag_restart_data.py for tasks to queue
[2026-03-14T22:40:31.563+0000] {logging_mixin.py:149} INFO - [2026-03-14T22:40:31.563+0000] {dagbag.py:541} INFO - Filling up the DagBag from /opt/airflow/dags/dag_restart_data.py
[2026-03-14T22:40:31.567+0000] {processor.py:809} INFO - DAG(s) dict_keys(['dag_restart_data']) retrieved from /opt/airflow/dags/dag_restart_data.py
[2026-03-14T22:40:31.586+0000] {logging_mixin.py:149} INFO - [2026-03-14T22:40:31.586+0000] {dag.py:2726} INFO - Sync 1 DAGs
[2026-03-14T22:40:31.603+0000] {logging_mixin.py:149} INFO - [2026-03-14T22:40:31.603+0000] {dag.py:3490} INFO - Setting next_dagrun for dag_restart_data to None, run_after=None
[2026-03-14T22:40:31.622+0000] {processor.py:178} INFO - Processing /opt/airflow/dags/dag_restart_data.py took 0.064 seconds
[2026-03-14T22:41:01.914+0000] {processor.py:156} INFO - Started process (PID=2729) to work on /opt/airflow/dags/dag_restart_data.py
[2026-03-14T22:41:01.915+0000] {processor.py:799} INFO - Processing file /opt/airflow/dags/dag_restart_data.py for tasks to queue
[2026-03-14T22:41:01.916+0000] {logging_mixin.py:149} INFO - [2026-03-14T22:41:01.916+0000] {dagbag.py:541} INFO - Filling up the DagBag from /opt/airflow/dags/dag_restart_data.py
[2026-03-14T22:41:01.924+0000] {processor.py:809} INFO - DAG(s) dict_keys(['dag_restart_data']) retrieved from /opt/airflow/dags/dag_restart_data.py
[2026-03-14T22:41:01.956+0000] {logging_mixin.py:149} INFO - [2026-03-14T22:41:01.955+0000] {dag.py:2726} INFO - Sync 1 DAGs
[2026-03-14T22:41:01.969+0000] {logging_mixin.py:149} INFO - [2026-03-14T22:41:01.969+0000] {dag.py:3490} INFO - Setting next_dagrun for dag_restart_data to None, run_after=None
[2026-03-14T22:41:01.980+0000] {processor.py:178} INFO - Processing /opt/airflow/dags/dag_restart_data.py took 0.070 seconds
[2026-03-14T22:41:32.296+0000] {processor.py:156} INFO - Started process (PID=2761) to work on /opt/airflow/dags/dag_restart_data.py
[2026-03-14T22:41:32.297+0000] {processor.py:799} INFO - Processing file /opt/airflow/dags/dag_restart_data.py for tasks to queue
[2026-03-14T22:41:32.298+0000] {logging_mixin.py:149} INFO - [2026-03-14T22:41:32.298+0000] {dagbag.py:541} INFO - Filling up the DagBag from /opt/airflow/dags/dag_restart_data.py
[2026-03-14T22:41:32.307+0000] {processor.py:809} INFO - DAG(s) dict_keys(['dag_restart_data']) retrieved from /opt/airflow/dags/dag_restart_data.py
[2026-03-14T22:41:32.338+0000] {logging_mixin.py:149} INFO - [2026-03-14T22:41:32.338+0000] {dag.py:2726} INFO - Sync 1 DAGs
[2026-03-14T22:41:32.351+0000] {logging_mixin.py:149} INFO - [2026-03-14T22:41:32.351+0000] {dag.py:3490} INFO - Setting next_dagrun for dag_restart_data to None, run_after=None
[2026-03-14T22:41:32.365+0000] {processor.py:178} INFO - Processing /opt/airflow/dags/dag_restart_data.py took 0.073 seconds
[2026-03-14T22:42:02.710+0000] {processor.py:156} INFO - Started process (PID=2793) to work on /opt/airflow/dags/dag_restart_data.py
[2026-03-14T22:42:02.712+0000] {processor.py:799} INFO - Processing file /opt/airflow/dags/dag_restart_data.py for tasks to queue
[2026-03-14T22:42:02.712+0000] {logging_mixin.py:149} INFO - [2026-03-14T22:42:02.712+0000] {dagbag.py:541} INFO - Filling up the DagBag from /opt/airflow/dags/dag_restart_data.py
[2026-03-14T22:42:02.721+0000] {processor.py:809} INFO - DAG(s) dict_keys(['dag_restart_data']) retrieved from /opt/airflow/dags/dag_restart_data.py
[2026-03-14T22:42:02.748+0000] {logging_mixin.py:149} INFO - [2026-03-14T22:42:02.748+0000] {dag.py:2726} INFO - Sync 1 DAGs
[2026-03-14T22:42:02.764+0000] {logging_mixin.py:149} INFO - [2026-03-14T22:42:02.764+0000] {dag.py:3490} INFO - Setting next_dagrun for dag_restart_data to None, run_after=None
[2026-03-14T22:42:02.775+0000] {processor.py:178} INFO - Processing /opt/airflow/dags/dag_restart_data.py took 0.069 seconds
[2026-03-14T22:42:33.095+0000] {processor.py:156} INFO - Started process (PID=2825) to work on /opt/airflow/dags/dag_restart_data.py
[2026-03-14T22:42:33.096+0000] {processor.py:799} INFO - Processing file /opt/airflow/dags/dag_restart_data.py for tasks to queue
[2026-03-14T22:42:33.097+0000] {logging_mixin.py:149} INFO - [2026-03-14T22:42:33.096+0000] {dagbag.py:541} INFO - Filling up the DagBag from /opt/airflow/dags/dag_restart_data.py
[2026-03-14T22:42:33.105+0000] {processor.py:809} INFO - DAG(s) dict_keys(['dag_restart_data']) retrieved from /opt/airflow/dags/dag_restart_data.py
[2026-03-14T22:42:33.135+0000] {logging_mixin.py:149} INFO - [2026-03-14T22:42:33.135+0000] {dag.py:2726} INFO - Sync 1 DAGs
[2026-03-14T22:42:33.149+0000] {logging_mixin.py:149} INFO - [2026-03-14T22:42:33.149+0000] {dag.py:3490} INFO - Setting next_dagrun for dag_restart_data to None, run_after=None
[2026-03-14T22:42:33.162+0000] {processor.py:178} INFO - Processing /opt/airflow/dags/dag_restart_data.py took 0.071 seconds
[2026-03-14T22:43:03.433+0000] {processor.py:156} INFO - Started process (PID=2857) to work on /opt/airflow/dags/dag_restart_data.py
[2026-03-14T22:43:03.434+0000] {processor.py:799} INFO - Processing file /opt/airflow/dags/dag_restart_data.py for tasks to queue
[2026-03-14T22:43:03.435+0000] {logging_mixin.py:149} INFO - [2026-03-14T22:43:03.435+0000] {dagbag.py:541} INFO - Filling up the DagBag from /opt/airflow/dags/dag_restart_data.py
[2026-03-14T22:43:03.443+0000] {processor.py:809} INFO - DAG(s) dict_keys(['dag_restart_data']) retrieved from /opt/airflow/dags/dag_restart_data.py
[2026-03-14T22:43:03.471+0000] {logging_mixin.py:149} INFO - [2026-03-14T22:43:03.471+0000] {dag.py:2726} INFO - Sync 1 DAGs
[2026-03-14T22:43:03.488+0000] {logging_mixin.py:149} INFO - [2026-03-14T22:43:03.488+0000] {dag.py:3490} INFO - Setting next_dagrun for dag_restart_data to None, run_after=None
[2026-03-14T22:43:03.501+0000] {processor.py:178} INFO - Processing /opt/airflow/dags/dag_restart_data.py took 0.072 seconds
[2026-03-14T22:43:33.753+0000] {processor.py:156} INFO - Started process (PID=2889) to work on /opt/airflow/dags/dag_restart_data.py
[2026-03-14T22:43:33.754+0000] {processor.py:799} INFO - Processing file /opt/airflow/dags/dag_restart_data.py for tasks to queue
[2026-03-14T22:43:33.754+0000] {logging_mixin.py:149} INFO - [2026-03-14T22:43:33.754+0000] {dagbag.py:541} INFO - Filling up the DagBag from /opt/airflow/dags/dag_restart_data.py
[2026-03-14T22:43:33.761+0000] {processor.py:809} INFO - DAG(s) dict_keys(['dag_restart_data']) retrieved from /opt/airflow/dags/dag_restart_data.py
[2026-03-14T22:43:33.782+0000] {logging_mixin.py:149} INFO - [2026-03-14T22:43:33.782+0000] {dag.py:2726} INFO - Sync 1 DAGs
[2026-03-14T22:43:33.802+0000] {logging_mixin.py:149} INFO - [2026-03-14T22:43:33.802+0000] {dag.py:3490} INFO - Setting next_dagrun for dag_restart_data to None, run_after=None
[2026-03-14T22:43:33.815+0000] {processor.py:178} INFO - Processing /opt/airflow/dags/dag_restart_data.py took 0.065 seconds
[2026-03-14T22:44:04.138+0000] {processor.py:156} INFO - Started process (PID=2921) to work on /opt/airflow/dags/dag_restart_data.py
[2026-03-14T22:44:04.142+0000] {processor.py:799} INFO - Processing file /opt/airflow/dags/dag_restart_data.py for tasks to queue
[2026-03-14T22:44:04.143+0000] {logging_mixin.py:149} INFO - [2026-03-14T22:44:04.143+0000] {dagbag.py:541} INFO - Filling up the DagBag from /opt/airflow/dags/dag_restart_data.py
[2026-03-14T22:44:04.158+0000] {processor.py:809} INFO - DAG(s) dict_keys(['dag_restart_data']) retrieved from /opt/airflow/dags/dag_restart_data.py
[2026-03-14T22:44:04.181+0000] {logging_mixin.py:149} INFO - [2026-03-14T22:44:04.181+0000] {dag.py:2726} INFO - Sync 1 DAGs
[2026-03-14T22:44:04.199+0000] {logging_mixin.py:149} INFO - [2026-03-14T22:44:04.199+0000] {dag.py:3490} INFO - Setting next_dagrun for dag_restart_data to None, run_after=None
[2026-03-14T22:44:04.209+0000] {processor.py:178} INFO - Processing /opt/airflow/dags/dag_restart_data.py took 0.076 seconds
[2026-03-14T22:44:34.485+0000] {processor.py:156} INFO - Started process (PID=2953) to work on /opt/airflow/dags/dag_restart_data.py
[2026-03-14T22:44:34.486+0000] {processor.py:799} INFO - Processing file /opt/airflow/dags/dag_restart_data.py for tasks to queue
[2026-03-14T22:44:34.487+0000] {logging_mixin.py:149} INFO - [2026-03-14T22:44:34.487+0000] {dagbag.py:541} INFO - Filling up the DagBag from /opt/airflow/dags/dag_restart_data.py
[2026-03-14T22:44:34.494+0000] {processor.py:809} INFO - DAG(s) dict_keys(['dag_restart_data']) retrieved from /opt/airflow/dags/dag_restart_data.py
[2026-03-14T22:44:34.520+0000] {logging_mixin.py:149} INFO - [2026-03-14T22:44:34.520+0000] {dag.py:2726} INFO - Sync 1 DAGs
[2026-03-14T22:44:34.536+0000] {logging_mixin.py:149} INFO - [2026-03-14T22:44:34.536+0000] {dag.py:3490} INFO - Setting next_dagrun for dag_restart_data to None, run_after=None
[2026-03-14T22:44:34.547+0000] {processor.py:178} INFO - Processing /opt/airflow/dags/dag_restart_data.py took 0.065 seconds
[2026-03-14T22:45:04.848+0000] {processor.py:156} INFO - Started process (PID=2985) to work on /opt/airflow/dags/dag_restart_data.py
[2026-03-14T22:45:04.849+0000] {processor.py:799} INFO - Processing file /opt/airflow/dags/dag_restart_data.py for tasks to queue
[2026-03-14T22:45:04.849+0000] {logging_mixin.py:149} INFO - [2026-03-14T22:45:04.849+0000] {dagbag.py:541} INFO - Filling up the DagBag from /opt/airflow/dags/dag_restart_data.py
[2026-03-14T22:45:04.858+0000] {processor.py:809} INFO - DAG(s) dict_keys(['dag_restart_data']) retrieved from /opt/airflow/dags/dag_restart_data.py
[2026-03-14T22:45:04.889+0000] {logging_mixin.py:149} INFO - [2026-03-14T22:45:04.889+0000] {dag.py:2726} INFO - Sync 1 DAGs
[2026-03-14T22:45:04.905+0000] {logging_mixin.py:149} INFO - [2026-03-14T22:45:04.905+0000] {dag.py:3490} INFO - Setting next_dagrun for dag_restart_data to None, run_after=None
[2026-03-14T22:45:04.916+0000] {processor.py:178} INFO - Processing /opt/airflow/dags/dag_restart_data.py took 0.073 seconds
[2026-03-14T22:45:35.228+0000] {processor.py:156} INFO - Started process (PID=3017) to work on /opt/airflow/dags/dag_restart_data.py
[2026-03-14T22:45:35.229+0000] {processor.py:799} INFO - Processing file /opt/airflow/dags/dag_restart_data.py for tasks to queue
[2026-03-14T22:45:35.230+0000] {logging_mixin.py:149} INFO - [2026-03-14T22:45:35.230+0000] {dagbag.py:541} INFO - Filling up the DagBag from /opt/airflow/dags/dag_restart_data.py
[2026-03-14T22:45:35.239+0000] {processor.py:809} INFO - DAG(s) dict_keys(['dag_restart_data']) retrieved from /opt/airflow/dags/dag_restart_data.py
[2026-03-14T22:45:35.264+0000] {logging_mixin.py:149} INFO - [2026-03-14T22:45:35.264+0000] {dag.py:2726} INFO - Sync 1 DAGs
[2026-03-14T22:45:35.279+0000] {logging_mixin.py:149} INFO - [2026-03-14T22:45:35.279+0000] {dag.py:3490} INFO - Setting next_dagrun for dag_restart_data to None, run_after=None
[2026-03-14T22:45:35.291+0000] {processor.py:178} INFO - Processing /opt/airflow/dags/dag_restart_data.py took 0.067 seconds
[2026-03-14T22:46:05.563+0000] {processor.py:156} INFO - Started process (PID=3049) to work on /opt/airflow/dags/dag_restart_data.py
[2026-03-14T22:46:05.564+0000] {processor.py:799} INFO - Processing file /opt/airflow/dags/dag_restart_data.py for tasks to queue
[2026-03-14T22:46:05.564+0000] {logging_mixin.py:149} INFO - [2026-03-14T22:46:05.564+0000] {dagbag.py:541} INFO - Filling up the DagBag from /opt/airflow/dags/dag_restart_data.py
[2026-03-14T22:46:05.569+0000] {processor.py:809} INFO - DAG(s) dict_keys(['dag_restart_data']) retrieved from /opt/airflow/dags/dag_restart_data.py
[2026-03-14T22:46:05.589+0000] {logging_mixin.py:149} INFO - [2026-03-14T22:46:05.589+0000] {dag.py:2726} INFO - Sync 1 DAGs
[2026-03-14T22:46:05.601+0000] {logging_mixin.py:149} INFO - [2026-03-14T22:46:05.601+0000] {dag.py:3490} INFO - Setting next_dagrun for dag_restart_data to None, run_after=None
[2026-03-14T22:46:05.611+0000] {processor.py:178} INFO - Processing /opt/airflow/dags/dag_restart_data.py took 0.050 seconds
[2026-03-14T22:46:35.917+0000] {processor.py:156} INFO - Started process (PID=3081) to work on /opt/airflow/dags/dag_restart_data.py
[2026-03-14T22:46:35.919+0000] {processor.py:799} INFO - Processing file /opt/airflow/dags/dag_restart_data.py for tasks to queue
[2026-03-14T22:46:35.919+0000] {logging_mixin.py:149} INFO - [2026-03-14T22:46:35.919+0000] {dagbag.py:541} INFO - Filling up the DagBag from /opt/airflow/dags/dag_restart_data.py
[2026-03-14T22:46:35.928+0000] {processor.py:809} INFO - DAG(s) dict_keys(['dag_restart_data']) retrieved from /opt/airflow/dags/dag_restart_data.py
[2026-03-14T22:46:35.954+0000] {logging_mixin.py:149} INFO - [2026-03-14T22:46:35.954+0000] {dag.py:2726} INFO - Sync 1 DAGs
[2026-03-14T22:46:35.969+0000] {logging_mixin.py:149} INFO - [2026-03-14T22:46:35.969+0000] {dag.py:3490} INFO - Setting next_dagrun for dag_restart_data to None, run_after=None
[2026-03-14T22:46:35.980+0000] {processor.py:178} INFO - Processing /opt/airflow/dags/dag_restart_data.py took 0.067 seconds
[2026-03-14T22:47:06.300+0000] {processor.py:156} INFO - Started process (PID=3113) to work on /opt/airflow/dags/dag_restart_data.py
[2026-03-14T22:47:06.302+0000] {processor.py:799} INFO - Processing file /opt/airflow/dags/dag_restart_data.py for tasks to queue
[2026-03-14T22:47:06.303+0000] {logging_mixin.py:149} INFO - [2026-03-14T22:47:06.303+0000] {dagbag.py:541} INFO - Filling up the DagBag from /opt/airflow/dags/dag_restart_data.py
[2026-03-14T22:47:06.317+0000] {processor.py:809} INFO - DAG(s) dict_keys(['dag_restart_data']) retrieved from /opt/airflow/dags/dag_restart_data.py
[2026-03-14T22:47:06.345+0000] {logging_mixin.py:149} INFO - [2026-03-14T22:47:06.345+0000] {dag.py:2726} INFO - Sync 1 DAGs
[2026-03-14T22:47:06.362+0000] {logging_mixin.py:149} INFO - [2026-03-14T22:47:06.362+0000] {dag.py:3490} INFO - Setting next_dagrun for dag_restart_data to None, run_after=None
[2026-03-14T22:47:06.375+0000] {processor.py:178} INFO - Processing /opt/airflow/dags/dag_restart_data.py took 0.079 seconds
[2026-03-14T22:47:36.691+0000] {processor.py:156} INFO - Started process (PID=3145) to work on /opt/airflow/dags/dag_restart_data.py
[2026-03-14T22:47:36.692+0000] {processor.py:799} INFO - Processing file /opt/airflow/dags/dag_restart_data.py for tasks to queue
[2026-03-14T22:47:36.692+0000] {logging_mixin.py:149} INFO - [2026-03-14T22:47:36.692+0000] {dagbag.py:541} INFO - Filling up the DagBag from /opt/airflow/dags/dag_restart_data.py
[2026-03-14T22:47:36.701+0000] {processor.py:809} INFO - DAG(s) dict_keys(['dag_restart_data']) retrieved from /opt/airflow/dags/dag_restart_data.py
[2026-03-14T22:47:36.721+0000] {logging_mixin.py:149} INFO - [2026-03-14T22:47:36.721+0000] {dag.py:2726} INFO - Sync 1 DAGs
[2026-03-14T22:47:36.733+0000] {logging_mixin.py:149} INFO - [2026-03-14T22:47:36.732+0000] {dag.py:3490} INFO - Setting next_dagrun for dag_restart_data to None, run_after=None
[2026-03-14T22:47:36.743+0000] {processor.py:178} INFO - Processing /opt/airflow/dags/dag_restart_data.py took 0.054 seconds
[2026-03-14T22:48:07.040+0000] {processor.py:156} INFO - Started process (PID=3177) to work on /opt/airflow/dags/dag_restart_data.py
[2026-03-14T22:48:07.041+0000] {processor.py:799} INFO - Processing file /opt/airflow/dags/dag_restart_data.py for tasks to queue
[2026-03-14T22:48:07.041+0000] {logging_mixin.py:149} INFO - [2026-03-14T22:48:07.041+0000] {dagbag.py:541} INFO - Filling up the DagBag from /opt/airflow/dags/dag_restart_data.py
[2026-03-14T22:48:07.048+0000] {processor.py:809} INFO - DAG(s) dict_keys(['dag_restart_data']) retrieved from /opt/airflow/dags/dag_restart_data.py
[2026-03-14T22:48:07.073+0000] {logging_mixin.py:149} INFO - [2026-03-14T22:48:07.073+0000] {dag.py:2726} INFO - Sync 1 DAGs
[2026-03-14T22:48:07.090+0000] {logging_mixin.py:149} INFO - [2026-03-14T22:48:07.090+0000] {dag.py:3490} INFO - Setting next_dagrun for dag_restart_data to None, run_after=None
[2026-03-14T22:48:07.101+0000] {processor.py:178} INFO - Processing /opt/airflow/dags/dag_restart_data.py took 0.064 seconds
[2026-03-14T22:48:37.406+0000] {processor.py:156} INFO - Started process (PID=3209) to work on /opt/airflow/dags/dag_restart_data.py
[2026-03-14T22:48:37.408+0000] {processor.py:799} INFO - Processing file /opt/airflow/dags/dag_restart_data.py for tasks to queue
[2026-03-14T22:48:37.408+0000] {logging_mixin.py:149} INFO - [2026-03-14T22:48:37.408+0000] {dagbag.py:541} INFO - Filling up the DagBag from /opt/airflow/dags/dag_restart_data.py
[2026-03-14T22:48:37.416+0000] {processor.py:809} INFO - DAG(s) dict_keys(['dag_restart_data']) retrieved from /opt/airflow/dags/dag_restart_data.py
[2026-03-14T22:48:37.442+0000] {logging_mixin.py:149} INFO - [2026-03-14T22:48:37.442+0000] {dag.py:2726} INFO - Sync 1 DAGs
[2026-03-14T22:48:37.459+0000] {logging_mixin.py:149} INFO - [2026-03-14T22:48:37.459+0000] {dag.py:3490} INFO - Setting next_dagrun for dag_restart_data to None, run_after=None
[2026-03-14T22:48:37.469+0000] {processor.py:178} INFO - Processing /opt/airflow/dags/dag_restart_data.py took 0.067 seconds
[2026-03-14T22:49:07.730+0000] {processor.py:156} INFO - Started process (PID=3241) to work on /opt/airflow/dags/dag_restart_data.py
[2026-03-14T22:49:07.731+0000] {processor.py:799} INFO - Processing file /opt/airflow/dags/dag_restart_data.py for tasks to queue
[2026-03-14T22:49:07.732+0000] {logging_mixin.py:149} INFO - [2026-03-14T22:49:07.731+0000] {dagbag.py:541} INFO - Filling up the DagBag from /opt/airflow/dags/dag_restart_data.py
[2026-03-14T22:49:07.740+0000] {processor.py:809} INFO - DAG(s) dict_keys(['dag_restart_data']) retrieved from /opt/airflow/dags/dag_restart_data.py
[2026-03-14T22:49:07.769+0000] {logging_mixin.py:149} INFO - [2026-03-14T22:49:07.769+0000] {dag.py:2726} INFO - Sync 1 DAGs
[2026-03-14T22:49:07.783+0000] {logging_mixin.py:149} INFO - [2026-03-14T22:49:07.782+0000] {dag.py:3490} INFO - Setting next_dagrun for dag_restart_data to None, run_after=None
[2026-03-14T22:49:07.794+0000] {processor.py:178} INFO - Processing /opt/airflow/dags/dag_restart_data.py took 0.068 seconds
[2026-03-14T22:49:38.008+0000] {processor.py:156} INFO - Started process (PID=3273) to work on /opt/airflow/dags/dag_restart_data.py
[2026-03-14T22:49:38.009+0000] {processor.py:799} INFO - Processing file /opt/airflow/dags/dag_restart_data.py for tasks to queue
[2026-03-14T22:49:38.010+0000] {logging_mixin.py:149} INFO - [2026-03-14T22:49:38.010+0000] {dagbag.py:541} INFO - Filling up the DagBag from /opt/airflow/dags/dag_restart_data.py
[2026-03-14T22:49:38.017+0000] {processor.py:809} INFO - DAG(s) dict_keys(['dag_restart_data']) retrieved from /opt/airflow/dags/dag_restart_data.py
[2026-03-14T22:49:38.043+0000] {logging_mixin.py:149} INFO - [2026-03-14T22:49:38.043+0000] {dag.py:2726} INFO - Sync 1 DAGs
[2026-03-14T22:49:38.062+0000] {logging_mixin.py:149} INFO - [2026-03-14T22:49:38.062+0000] {dag.py:3490} INFO - Setting next_dagrun for dag_restart_data to None, run_after=None
[2026-03-14T22:49:38.073+0000] {processor.py:178} INFO - Processing /opt/airflow/dags/dag_restart_data.py took 0.068 seconds
[2026-03-14T22:50:08.371+0000] {processor.py:156} INFO - Started process (PID=3305) to work on /opt/airflow/dags/dag_restart_data.py
[2026-03-14T22:50:08.371+0000] {processor.py:799} INFO - Processing file /opt/airflow/dags/dag_restart_data.py for tasks to queue
[2026-03-14T22:50:08.372+0000] {logging_mixin.py:149} INFO - [2026-03-14T22:50:08.372+0000] {dagbag.py:541} INFO - Filling up the DagBag from /opt/airflow/dags/dag_restart_data.py
[2026-03-14T22:50:08.382+0000] {processor.py:809} INFO - DAG(s) dict_keys(['dag_restart_data']) retrieved from /opt/airflow/dags/dag_restart_data.py
[2026-03-14T22:50:08.402+0000] {logging_mixin.py:149} INFO - [2026-03-14T22:50:08.402+0000] {dag.py:2726} INFO - Sync 1 DAGs
[2026-03-14T22:50:08.418+0000] {logging_mixin.py:149} INFO - [2026-03-14T22:50:08.418+0000] {dag.py:3490} INFO - Setting next_dagrun for dag_restart_data to None, run_after=None
[2026-03-14T22:50:08.429+0000] {processor.py:178} INFO - Processing /opt/airflow/dags/dag_restart_data.py took 0.062 seconds
[2026-03-14T22:50:38.721+0000] {processor.py:156} INFO - Started process (PID=3337) to work on /opt/airflow/dags/dag_restart_data.py
[2026-03-14T22:50:38.722+0000] {processor.py:799} INFO - Processing file /opt/airflow/dags/dag_restart_data.py for tasks to queue
[2026-03-14T22:50:38.723+0000] {logging_mixin.py:149} INFO - [2026-03-14T22:50:38.722+0000] {dagbag.py:541} INFO - Filling up the DagBag from /opt/airflow/dags/dag_restart_data.py
[2026-03-14T22:50:38.732+0000] {processor.py:809} INFO - DAG(s) dict_keys(['dag_restart_data']) retrieved from /opt/airflow/dags/dag_restart_data.py
[2026-03-14T22:50:38.760+0000] {logging_mixin.py:149} INFO - [2026-03-14T22:50:38.760+0000] {dag.py:2726} INFO - Sync 1 DAGs
[2026-03-14T22:50:38.775+0000] {logging_mixin.py:149} INFO - [2026-03-14T22:50:38.775+0000] {dag.py:3490} INFO - Setting next_dagrun for dag_restart_data to None, run_after=None
[2026-03-14T22:50:38.786+0000] {processor.py:178} INFO - Processing /opt/airflow/dags/dag_restart_data.py took 0.070 seconds
[2026-03-14T22:51:09.057+0000] {processor.py:156} INFO - Started process (PID=3369) to work on /opt/airflow/dags/dag_restart_data.py
[2026-03-14T22:51:09.058+0000] {processor.py:799} INFO - Processing file /opt/airflow/dags/dag_restart_data.py for tasks to queue
[2026-03-14T22:51:09.059+0000] {logging_mixin.py:149} INFO - [2026-03-14T22:51:09.059+0000] {dagbag.py:541} INFO - Filling up the DagBag from /opt/airflow/dags/dag_restart_data.py
[2026-03-14T22:51:09.068+0000] {processor.py:809} INFO - DAG(s) dict_keys(['dag_restart_data']) retrieved from /opt/airflow/dags/dag_restart_data.py
[2026-03-14T22:51:09.090+0000] {logging_mixin.py:149} INFO - [2026-03-14T22:51:09.090+0000] {dag.py:2726} INFO - Sync 1 DAGs
[2026-03-14T22:51:09.109+0000] {logging_mixin.py:149} INFO - [2026-03-14T22:51:09.109+0000] {dag.py:3490} INFO - Setting next_dagrun for dag_restart_data to None, run_after=None
[2026-03-14T22:51:09.120+0000] {processor.py:178} INFO - Processing /opt/airflow/dags/dag_restart_data.py took 0.068 seconds
[2026-03-14T22:51:39.381+0000] {processor.py:156} INFO - Started process (PID=3401) to work on /opt/airflow/dags/dag_restart_data.py
[2026-03-14T22:51:39.382+0000] {processor.py:799} INFO - Processing file /opt/airflow/dags/dag_restart_data.py for tasks to queue
[2026-03-14T22:51:39.383+0000] {logging_mixin.py:149} INFO - [2026-03-14T22:51:39.383+0000] {dagbag.py:541} INFO - Filling up the DagBag from /opt/airflow/dags/dag_restart_data.py
[2026-03-14T22:51:39.394+0000] {processor.py:809} INFO - DAG(s) dict_keys(['dag_restart_data']) retrieved from /opt/airflow/dags/dag_restart_data.py
[2026-03-14T22:51:39.417+0000] {logging_mixin.py:149} INFO - [2026-03-14T22:51:39.417+0000] {dag.py:2726} INFO - Sync 1 DAGs
[2026-03-14T22:51:39.432+0000] {logging_mixin.py:149} INFO - [2026-03-14T22:51:39.432+0000] {dag.py:3490} INFO - Setting next_dagrun for dag_restart_data to None, run_after=None
[2026-03-14T22:51:39.443+0000] {processor.py:178} INFO - Processing /opt/airflow/dags/dag_restart_data.py took 0.066 seconds
[2026-03-14T22:52:09.765+0000] {processor.py:156} INFO - Started process (PID=3433) to work on /opt/airflow/dags/dag_restart_data.py
[2026-03-14T22:52:09.766+0000] {processor.py:799} INFO - Processing file /opt/airflow/dags/dag_restart_data.py for tasks to queue
[2026-03-14T22:52:09.767+0000] {logging_mixin.py:149} INFO - [2026-03-14T22:52:09.767+0000] {dagbag.py:541} INFO - Filling up the DagBag from /opt/airflow/dags/dag_restart_data.py
[2026-03-14T22:52:09.779+0000] {processor.py:809} INFO - DAG(s) dict_keys(['dag_restart_data']) retrieved from /opt/airflow/dags/dag_restart_data.py
[2026-03-14T22:52:09.800+0000] {logging_mixin.py:149} INFO - [2026-03-14T22:52:09.800+0000] {dag.py:2726} INFO - Sync 1 DAGs
[2026-03-14T22:52:09.815+0000] {logging_mixin.py:149} INFO - [2026-03-14T22:52:09.814+0000] {dag.py:3490} INFO - Setting next_dagrun for dag_restart_data to None, run_after=None
[2026-03-14T22:52:09.825+0000] {processor.py:178} INFO - Processing /opt/airflow/dags/dag_restart_data.py took 0.064 seconds
[2026-03-14T22:52:40.054+0000] {processor.py:156} INFO - Started process (PID=3465) to work on /opt/airflow/dags/dag_restart_data.py
[2026-03-14T22:52:40.055+0000] {processor.py:799} INFO - Processing file /opt/airflow/dags/dag_restart_data.py for tasks to queue
[2026-03-14T22:52:40.055+0000] {logging_mixin.py:149} INFO - [2026-03-14T22:52:40.055+0000] {dagbag.py:541} INFO - Filling up the DagBag from /opt/airflow/dags/dag_restart_data.py
[2026-03-14T22:52:40.064+0000] {processor.py:809} INFO - DAG(s) dict_keys(['dag_restart_data']) retrieved from /opt/airflow/dags/dag_restart_data.py
[2026-03-14T22:52:40.081+0000] {logging_mixin.py:149} INFO - [2026-03-14T22:52:40.081+0000] {dag.py:2726} INFO - Sync 1 DAGs
[2026-03-14T22:52:40.096+0000] {logging_mixin.py:149} INFO - [2026-03-14T22:52:40.096+0000] {dag.py:3490} INFO - Setting next_dagrun for dag_restart_data to None, run_after=None
[2026-03-14T22:52:40.106+0000] {processor.py:178} INFO - Processing /opt/airflow/dags/dag_restart_data.py took 0.054 seconds
[2026-03-14T22:53:10.429+0000] {processor.py:156} INFO - Started process (PID=3497) to work on /opt/airflow/dags/dag_restart_data.py
[2026-03-14T22:53:10.430+0000] {processor.py:799} INFO - Processing file /opt/airflow/dags/dag_restart_data.py for tasks to queue
[2026-03-14T22:53:10.431+0000] {logging_mixin.py:149} INFO - [2026-03-14T22:53:10.431+0000] {dagbag.py:541} INFO - Filling up the DagBag from /opt/airflow/dags/dag_restart_data.py
[2026-03-14T22:53:10.440+0000] {processor.py:809} INFO - DAG(s) dict_keys(['dag_restart_data']) retrieved from /opt/airflow/dags/dag_restart_data.py
[2026-03-14T22:53:10.466+0000] {logging_mixin.py:149} INFO - [2026-03-14T22:53:10.466+0000] {dag.py:2726} INFO - Sync 1 DAGs
[2026-03-14T22:53:10.480+0000] {logging_mixin.py:149} INFO - [2026-03-14T22:53:10.480+0000] {dag.py:3490} INFO - Setting next_dagrun for dag_restart_data to None, run_after=None
[2026-03-14T22:53:10.492+0000] {processor.py:178} INFO - Processing /opt/airflow/dags/dag_restart_data.py took 0.067 seconds
[2026-03-14T22:53:40.787+0000] {processor.py:156} INFO - Started process (PID=3529) to work on /opt/airflow/dags/dag_restart_data.py
[2026-03-14T22:53:40.788+0000] {processor.py:799} INFO - Processing file /opt/airflow/dags/dag_restart_data.py for tasks to queue
[2026-03-14T22:53:40.788+0000] {logging_mixin.py:149} INFO - [2026-03-14T22:53:40.788+0000] {dagbag.py:541} INFO - Filling up the DagBag from /opt/airflow/dags/dag_restart_data.py
[2026-03-14T22:53:40.798+0000] {processor.py:809} INFO - DAG(s) dict_keys(['dag_restart_data']) retrieved from /opt/airflow/dags/dag_restart_data.py
[2026-03-14T22:53:40.821+0000] {logging_mixin.py:149} INFO - [2026-03-14T22:53:40.821+0000] {dag.py:2726} INFO - Sync 1 DAGs
[2026-03-14T22:53:40.834+0000] {logging_mixin.py:149} INFO - [2026-03-14T22:53:40.834+0000] {dag.py:3490} INFO - Setting next_dagrun for dag_restart_data to None, run_after=None
[2026-03-14T22:53:40.846+0000] {processor.py:178} INFO - Processing /opt/airflow/dags/dag_restart_data.py took 0.063 seconds
[2026-03-14T22:54:11.135+0000] {processor.py:156} INFO - Started process (PID=3561) to work on /opt/airflow/dags/dag_restart_data.py
[2026-03-14T22:54:11.136+0000] {processor.py:799} INFO - Processing file /opt/airflow/dags/dag_restart_data.py for tasks to queue
[2026-03-14T22:54:11.136+0000] {logging_mixin.py:149} INFO - [2026-03-14T22:54:11.136+0000] {dagbag.py:541} INFO - Filling up the DagBag from /opt/airflow/dags/dag_restart_data.py
[2026-03-14T22:54:11.146+0000] {processor.py:809} INFO - DAG(s) dict_keys(['dag_restart_data']) retrieved from /opt/airflow/dags/dag_restart_data.py
[2026-03-14T22:54:11.168+0000] {logging_mixin.py:149} INFO - [2026-03-14T22:54:11.168+0000] {dag.py:2726} INFO - Sync 1 DAGs
[2026-03-14T22:54:11.183+0000] {logging_mixin.py:149} INFO - [2026-03-14T22:54:11.182+0000] {dag.py:3490} INFO - Setting next_dagrun for dag_restart_data to None, run_after=None
[2026-03-14T22:54:11.194+0000] {processor.py:178} INFO - Processing /opt/airflow/dags/dag_restart_data.py took 0.063 seconds
[2026-03-14T22:54:41.477+0000] {processor.py:156} INFO - Started process (PID=3593) to work on /opt/airflow/dags/dag_restart_data.py
[2026-03-14T22:54:41.478+0000] {processor.py:799} INFO - Processing file /opt/airflow/dags/dag_restart_data.py for tasks to queue
[2026-03-14T22:54:41.479+0000] {logging_mixin.py:149} INFO - [2026-03-14T22:54:41.479+0000] {dagbag.py:541} INFO - Filling up the DagBag from /opt/airflow/dags/dag_restart_data.py
[2026-03-14T22:54:41.487+0000] {processor.py:809} INFO - DAG(s) dict_keys(['dag_restart_data']) retrieved from /opt/airflow/dags/dag_restart_data.py
[2026-03-14T22:54:41.517+0000] {logging_mixin.py:149} INFO - [2026-03-14T22:54:41.517+0000] {dag.py:2726} INFO - Sync 1 DAGs
[2026-03-14T22:54:41.529+0000] {logging_mixin.py:149} INFO - [2026-03-14T22:54:41.529+0000] {dag.py:3490} INFO - Setting next_dagrun for dag_restart_data to None, run_after=None
[2026-03-14T22:54:41.539+0000] {processor.py:178} INFO - Processing /opt/airflow/dags/dag_restart_data.py took 0.066 seconds
[2026-03-14T22:55:11.832+0000] {processor.py:156} INFO - Started process (PID=3625) to work on /opt/airflow/dags/dag_restart_data.py
[2026-03-14T22:55:11.834+0000] {processor.py:799} INFO - Processing file /opt/airflow/dags/dag_restart_data.py for tasks to queue
[2026-03-14T22:55:11.834+0000] {logging_mixin.py:149} INFO - [2026-03-14T22:55:11.834+0000] {dagbag.py:541} INFO - Filling up the DagBag from /opt/airflow/dags/dag_restart_data.py
[2026-03-14T22:55:11.842+0000] {processor.py:809} INFO - DAG(s) dict_keys(['dag_restart_data']) retrieved from /opt/airflow/dags/dag_restart_data.py
[2026-03-14T22:55:11.871+0000] {logging_mixin.py:149} INFO - [2026-03-14T22:55:11.871+0000] {dag.py:2726} INFO - Sync 1 DAGs
[2026-03-14T22:55:11.886+0000] {logging_mixin.py:149} INFO - [2026-03-14T22:55:11.885+0000] {dag.py:3490} INFO - Setting next_dagrun for dag_restart_data to None, run_after=None
[2026-03-14T22:55:11.896+0000] {processor.py:178} INFO - Processing /opt/airflow/dags/dag_restart_data.py took 0.068 seconds
[2026-03-14T22:55:42.184+0000] {processor.py:156} INFO - Started process (PID=3657) to work on /opt/airflow/dags/dag_restart_data.py
[2026-03-14T22:55:42.185+0000] {processor.py:799} INFO - Processing file /opt/airflow/dags/dag_restart_data.py for tasks to queue
[2026-03-14T22:55:42.186+0000] {logging_mixin.py:149} INFO - [2026-03-14T22:55:42.185+0000] {dagbag.py:541} INFO - Filling up the DagBag from /opt/airflow/dags/dag_restart_data.py
[2026-03-14T22:55:42.193+0000] {processor.py:809} INFO - DAG(s) dict_keys(['dag_restart_data']) retrieved from /opt/airflow/dags/dag_restart_data.py
[2026-03-14T22:55:42.219+0000] {logging_mixin.py:149} INFO - [2026-03-14T22:55:42.219+0000] {dag.py:2726} INFO - Sync 1 DAGs
[2026-03-14T22:55:42.235+0000] {logging_mixin.py:149} INFO - [2026-03-14T22:55:42.235+0000] {dag.py:3490} INFO - Setting next_dagrun for dag_restart_data to None, run_after=None
[2026-03-14T22:55:42.246+0000] {processor.py:178} INFO - Processing /opt/airflow/dags/dag_restart_data.py took 0.066 seconds
[2026-03-14T22:56:12.497+0000] {processor.py:156} INFO - Started process (PID=3689) to work on /opt/airflow/dags/dag_restart_data.py
[2026-03-14T22:56:12.498+0000] {processor.py:799} INFO - Processing file /opt/airflow/dags/dag_restart_data.py for tasks to queue
[2026-03-14T22:56:12.499+0000] {logging_mixin.py:149} INFO - [2026-03-14T22:56:12.499+0000] {dagbag.py:541} INFO - Filling up the DagBag from /opt/airflow/dags/dag_restart_data.py
[2026-03-14T22:56:12.508+0000] {processor.py:809} INFO - DAG(s) dict_keys(['dag_restart_data']) retrieved from /opt/airflow/dags/dag_restart_data.py
[2026-03-14T22:56:12.529+0000] {logging_mixin.py:149} INFO - [2026-03-14T22:56:12.529+0000] {dag.py:2726} INFO - Sync 1 DAGs
[2026-03-14T22:56:12.540+0000] {logging_mixin.py:149} INFO - [2026-03-14T22:56:12.540+0000] {dag.py:3490} INFO - Setting next_dagrun for dag_restart_data to None, run_after=None
[2026-03-14T22:56:12.551+0000] {processor.py:178} INFO - Processing /opt/airflow/dags/dag_restart_data.py took 0.057 seconds
[2026-03-14T22:56:42.817+0000] {processor.py:156} INFO - Started process (PID=3721) to work on /opt/airflow/dags/dag_restart_data.py
[2026-03-14T22:56:42.818+0000] {processor.py:799} INFO - Processing file /opt/airflow/dags/dag_restart_data.py for tasks to queue
[2026-03-14T22:56:42.818+0000] {logging_mixin.py:149} INFO - [2026-03-14T22:56:42.818+0000] {dagbag.py:541} INFO - Filling up the DagBag from /opt/airflow/dags/dag_restart_data.py
[2026-03-14T22:56:42.823+0000] {processor.py:809} INFO - DAG(s) dict_keys(['dag_restart_data']) retrieved from /opt/airflow/dags/dag_restart_data.py
[2026-03-14T22:56:42.845+0000] {logging_mixin.py:149} INFO - [2026-03-14T22:56:42.844+0000] {dag.py:2726} INFO - Sync 1 DAGs
[2026-03-14T22:56:42.859+0000] {logging_mixin.py:149} INFO - [2026-03-14T22:56:42.859+0000] {dag.py:3490} INFO - Setting next_dagrun for dag_restart_data to None, run_after=None
[2026-03-14T22:56:42.871+0000] {processor.py:178} INFO - Processing /opt/airflow/dags/dag_restart_data.py took 0.057 seconds
[2026-03-14T22:57:13.123+0000] {processor.py:156} INFO - Started process (PID=3752) to work on /opt/airflow/dags/dag_restart_data.py
[2026-03-14T22:57:13.124+0000] {processor.py:799} INFO - Processing file /opt/airflow/dags/dag_restart_data.py for tasks to queue
[2026-03-14T22:57:13.124+0000] {logging_mixin.py:149} INFO - [2026-03-14T22:57:13.124+0000] {dagbag.py:541} INFO - Filling up the DagBag from /opt/airflow/dags/dag_restart_data.py
[2026-03-14T22:57:13.130+0000] {processor.py:809} INFO - DAG(s) dict_keys(['dag_restart_data']) retrieved from /opt/airflow/dags/dag_restart_data.py
[2026-03-14T22:57:13.152+0000] {logging_mixin.py:149} INFO - [2026-03-14T22:57:13.152+0000] {dag.py:2726} INFO - Sync 1 DAGs
[2026-03-14T22:57:13.164+0000] {logging_mixin.py:149} INFO - [2026-03-14T22:57:13.164+0000] {dag.py:3490} INFO - Setting next_dagrun for dag_restart_data to None, run_after=None
[2026-03-14T22:57:13.173+0000] {processor.py:178} INFO - Processing /opt/airflow/dags/dag_restart_data.py took 0.054 seconds
[2026-03-14T22:57:43.490+0000] {processor.py:156} INFO - Started process (PID=3784) to work on /opt/airflow/dags/dag_restart_data.py
[2026-03-14T22:57:43.491+0000] {processor.py:799} INFO - Processing file /opt/airflow/dags/dag_restart_data.py for tasks to queue
[2026-03-14T22:57:43.492+0000] {logging_mixin.py:149} INFO - [2026-03-14T22:57:43.492+0000] {dagbag.py:541} INFO - Filling up the DagBag from /opt/airflow/dags/dag_restart_data.py
[2026-03-14T22:57:43.499+0000] {processor.py:809} INFO - DAG(s) dict_keys(['dag_restart_data']) retrieved from /opt/airflow/dags/dag_restart_data.py
[2026-03-14T22:57:43.527+0000] {logging_mixin.py:149} INFO - [2026-03-14T22:57:43.526+0000] {dag.py:2726} INFO - Sync 1 DAGs
[2026-03-14T22:57:43.544+0000] {logging_mixin.py:149} INFO - [2026-03-14T22:57:43.544+0000] {dag.py:3490} INFO - Setting next_dagrun for dag_restart_data to None, run_after=None
[2026-03-14T22:57:43.554+0000] {processor.py:178} INFO - Processing /opt/airflow/dags/dag_restart_data.py took 0.068 seconds
[2026-03-14T22:58:13.848+0000] {processor.py:156} INFO - Started process (PID=3816) to work on /opt/airflow/dags/dag_restart_data.py
[2026-03-14T22:58:13.848+0000] {processor.py:799} INFO - Processing file /opt/airflow/dags/dag_restart_data.py for tasks to queue
[2026-03-14T22:58:13.849+0000] {logging_mixin.py:149} INFO - [2026-03-14T22:58:13.849+0000] {dagbag.py:541} INFO - Filling up the DagBag from /opt/airflow/dags/dag_restart_data.py
[2026-03-14T22:58:13.859+0000] {processor.py:809} INFO - DAG(s) dict_keys(['dag_restart_data']) retrieved from /opt/airflow/dags/dag_restart_data.py
[2026-03-14T22:58:13.881+0000] {logging_mixin.py:149} INFO - [2026-03-14T22:58:13.881+0000] {dag.py:2726} INFO - Sync 1 DAGs
[2026-03-14T22:58:13.897+0000] {logging_mixin.py:149} INFO - [2026-03-14T22:58:13.897+0000] {dag.py:3490} INFO - Setting next_dagrun for dag_restart_data to None, run_after=None
[2026-03-14T22:58:13.906+0000] {processor.py:178} INFO - Processing /opt/airflow/dags/dag_restart_data.py took 0.062 seconds
[2026-03-14T22:58:44.180+0000] {processor.py:156} INFO - Started process (PID=3848) to work on /opt/airflow/dags/dag_restart_data.py
[2026-03-14T22:58:44.181+0000] {processor.py:799} INFO - Processing file /opt/airflow/dags/dag_restart_data.py for tasks to queue
[2026-03-14T22:58:44.181+0000] {logging_mixin.py:149} INFO - [2026-03-14T22:58:44.181+0000] {dagbag.py:541} INFO - Filling up the DagBag from /opt/airflow/dags/dag_restart_data.py
[2026-03-14T22:58:44.185+0000] {processor.py:809} INFO - DAG(s) dict_keys(['dag_restart_data']) retrieved from /opt/airflow/dags/dag_restart_data.py
[2026-03-14T22:58:44.203+0000] {logging_mixin.py:149} INFO - [2026-03-14T22:58:44.203+0000] {dag.py:2726} INFO - Sync 1 DAGs
[2026-03-14T22:58:44.215+0000] {logging_mixin.py:149} INFO - [2026-03-14T22:58:44.215+0000] {dag.py:3490} INFO - Setting next_dagrun for dag_restart_data to None, run_after=None
[2026-03-14T22:58:44.226+0000] {processor.py:178} INFO - Processing /opt/airflow/dags/dag_restart_data.py took 0.048 seconds
[2026-03-14T22:59:14.511+0000] {processor.py:156} INFO - Started process (PID=3880) to work on /opt/airflow/dags/dag_restart_data.py
[2026-03-14T22:59:14.512+0000] {processor.py:799} INFO - Processing file /opt/airflow/dags/dag_restart_data.py for tasks to queue
[2026-03-14T22:59:14.513+0000] {logging_mixin.py:149} INFO - [2026-03-14T22:59:14.513+0000] {dagbag.py:541} INFO - Filling up the DagBag from /opt/airflow/dags/dag_restart_data.py
[2026-03-14T22:59:14.521+0000] {processor.py:809} INFO - DAG(s) dict_keys(['dag_restart_data']) retrieved from /opt/airflow/dags/dag_restart_data.py
[2026-03-14T22:59:14.554+0000] {logging_mixin.py:149} INFO - [2026-03-14T22:59:14.554+0000] {dag.py:2726} INFO - Sync 1 DAGs
[2026-03-14T22:59:14.564+0000] {logging_mixin.py:149} INFO - [2026-03-14T22:59:14.564+0000] {dag.py:3490} INFO - Setting next_dagrun for dag_restart_data to None, run_after=None
[2026-03-14T22:59:14.575+0000] {processor.py:178} INFO - Processing /opt/airflow/dags/dag_restart_data.py took 0.068 seconds
[2026-03-14T22:59:44.873+0000] {processor.py:156} INFO - Started process (PID=3912) to work on /opt/airflow/dags/dag_restart_data.py
[2026-03-14T22:59:44.874+0000] {processor.py:799} INFO - Processing file /opt/airflow/dags/dag_restart_data.py for tasks to queue
[2026-03-14T22:59:44.874+0000] {logging_mixin.py:149} INFO - [2026-03-14T22:59:44.874+0000] {dagbag.py:541} INFO - Filling up the DagBag from /opt/airflow/dags/dag_restart_data.py
[2026-03-14T22:59:44.877+0000] {processor.py:809} INFO - DAG(s) dict_keys(['dag_restart_data']) retrieved from /opt/airflow/dags/dag_restart_data.py
[2026-03-14T22:59:44.895+0000] {logging_mixin.py:149} INFO - [2026-03-14T22:59:44.895+0000] {dag.py:2726} INFO - Sync 1 DAGs
[2026-03-14T22:59:44.910+0000] {logging_mixin.py:149} INFO - [2026-03-14T22:59:44.910+0000] {dag.py:3490} INFO - Setting next_dagrun for dag_restart_data to None, run_after=None
[2026-03-14T22:59:44.920+0000] {processor.py:178} INFO - Processing /opt/airflow/dags/dag_restart_data.py took 0.048 seconds
[2026-03-14T23:00:15.204+0000] {processor.py:156} INFO - Started process (PID=3944) to work on /opt/airflow/dags/dag_restart_data.py
[2026-03-14T23:00:15.205+0000] {processor.py:799} INFO - Processing file /opt/airflow/dags/dag_restart_data.py for tasks to queue
[2026-03-14T23:00:15.206+0000] {logging_mixin.py:149} INFO - [2026-03-14T23:00:15.206+0000] {dagbag.py:541} INFO - Filling up the DagBag from /opt/airflow/dags/dag_restart_data.py
[2026-03-14T23:00:15.215+0000] {processor.py:809} INFO - DAG(s) dict_keys(['dag_restart_data']) retrieved from /opt/airflow/dags/dag_restart_data.py
[2026-03-14T23:00:15.243+0000] {logging_mixin.py:149} INFO - [2026-03-14T23:00:15.243+0000] {dag.py:2726} INFO - Sync 1 DAGs
[2026-03-14T23:00:15.254+0000] {logging_mixin.py:149} INFO - [2026-03-14T23:00:15.254+0000] {dag.py:3490} INFO - Setting next_dagrun for dag_restart_data to None, run_after=None
[2026-03-14T23:00:15.265+0000] {processor.py:178} INFO - Processing /opt/airflow/dags/dag_restart_data.py took 0.065 seconds
[2026-03-14T23:00:45.514+0000] {processor.py:156} INFO - Started process (PID=3976) to work on /opt/airflow/dags/dag_restart_data.py
[2026-03-14T23:00:45.515+0000] {processor.py:799} INFO - Processing file /opt/airflow/dags/dag_restart_data.py for tasks to queue
[2026-03-14T23:00:45.515+0000] {logging_mixin.py:149} INFO - [2026-03-14T23:00:45.515+0000] {dagbag.py:541} INFO - Filling up the DagBag from /opt/airflow/dags/dag_restart_data.py
[2026-03-14T23:00:45.524+0000] {processor.py:809} INFO - DAG(s) dict_keys(['dag_restart_data']) retrieved from /opt/airflow/dags/dag_restart_data.py
[2026-03-14T23:00:45.546+0000] {logging_mixin.py:149} INFO - [2026-03-14T23:00:45.545+0000] {dag.py:2726} INFO - Sync 1 DAGs
[2026-03-14T23:00:45.559+0000] {logging_mixin.py:149} INFO - [2026-03-14T23:00:45.559+0000] {dag.py:3490} INFO - Setting next_dagrun for dag_restart_data to None, run_after=None
[2026-03-14T23:00:45.571+0000] {processor.py:178} INFO - Processing /opt/airflow/dags/dag_restart_data.py took 0.059 seconds
[2026-03-14T23:01:15.889+0000] {processor.py:156} INFO - Started process (PID=4008) to work on /opt/airflow/dags/dag_restart_data.py
[2026-03-14T23:01:15.890+0000] {processor.py:799} INFO - Processing file /opt/airflow/dags/dag_restart_data.py for tasks to queue
[2026-03-14T23:01:15.891+0000] {logging_mixin.py:149} INFO - [2026-03-14T23:01:15.891+0000] {dagbag.py:541} INFO - Filling up the DagBag from /opt/airflow/dags/dag_restart_data.py
[2026-03-14T23:01:15.899+0000] {processor.py:809} INFO - DAG(s) dict_keys(['dag_restart_data']) retrieved from /opt/airflow/dags/dag_restart_data.py
[2026-03-14T23:01:15.933+0000] {logging_mixin.py:149} INFO - [2026-03-14T23:01:15.933+0000] {dag.py:2726} INFO - Sync 1 DAGs
[2026-03-14T23:01:15.948+0000] {logging_mixin.py:149} INFO - [2026-03-14T23:01:15.948+0000] {dag.py:3490} INFO - Setting next_dagrun for dag_restart_data to None, run_after=None
[2026-03-14T23:01:15.958+0000] {processor.py:178} INFO - Processing /opt/airflow/dags/dag_restart_data.py took 0.073 seconds
[2026-03-14T23:01:46.249+0000] {processor.py:156} INFO - Started process (PID=4040) to work on /opt/airflow/dags/dag_restart_data.py
[2026-03-14T23:01:46.250+0000] {processor.py:799} INFO - Processing file /opt/airflow/dags/dag_restart_data.py for tasks to queue
[2026-03-14T23:01:46.251+0000] {logging_mixin.py:149} INFO - [2026-03-14T23:01:46.251+0000] {dagbag.py:541} INFO - Filling up the DagBag from /opt/airflow/dags/dag_restart_data.py
[2026-03-14T23:01:46.259+0000] {processor.py:809} INFO - DAG(s) dict_keys(['dag_restart_data']) retrieved from /opt/airflow/dags/dag_restart_data.py
[2026-03-14T23:01:46.287+0000] {logging_mixin.py:149} INFO - [2026-03-14T23:01:46.287+0000] {dag.py:2726} INFO - Sync 1 DAGs
[2026-03-14T23:01:46.301+0000] {logging_mixin.py:149} INFO - [2026-03-14T23:01:46.300+0000] {dag.py:3490} INFO - Setting next_dagrun for dag_restart_data to None, run_after=None
[2026-03-14T23:01:46.311+0000] {processor.py:178} INFO - Processing /opt/airflow/dags/dag_restart_data.py took 0.066 seconds
[2026-03-14T23:02:16.622+0000] {processor.py:156} INFO - Started process (PID=4072) to work on /opt/airflow/dags/dag_restart_data.py
[2026-03-14T23:02:16.623+0000] {processor.py:799} INFO - Processing file /opt/airflow/dags/dag_restart_data.py for tasks to queue
[2026-03-14T23:02:16.624+0000] {logging_mixin.py:149} INFO - [2026-03-14T23:02:16.623+0000] {dagbag.py:541} INFO - Filling up the DagBag from /opt/airflow/dags/dag_restart_data.py
[2026-03-14T23:02:16.630+0000] {processor.py:809} INFO - DAG(s) dict_keys(['dag_restart_data']) retrieved from /opt/airflow/dags/dag_restart_data.py
[2026-03-14T23:02:16.658+0000] {logging_mixin.py:149} INFO - [2026-03-14T23:02:16.658+0000] {dag.py:2726} INFO - Sync 1 DAGs
[2026-03-14T23:02:16.676+0000] {logging_mixin.py:149} INFO - [2026-03-14T23:02:16.676+0000] {dag.py:3490} INFO - Setting next_dagrun for dag_restart_data to None, run_after=None
[2026-03-14T23:02:16.687+0000] {processor.py:178} INFO - Processing /opt/airflow/dags/dag_restart_data.py took 0.068 seconds
[2026-03-14T23:02:46.912+0000] {processor.py:156} INFO - Started process (PID=4104) to work on /opt/airflow/dags/dag_restart_data.py
[2026-03-14T23:02:46.913+0000] {processor.py:799} INFO - Processing file /opt/airflow/dags/dag_restart_data.py for tasks to queue
[2026-03-14T23:02:46.913+0000] {logging_mixin.py:149} INFO - [2026-03-14T23:02:46.913+0000] {dagbag.py:541} INFO - Filling up the DagBag from /opt/airflow/dags/dag_restart_data.py
[2026-03-14T23:02:46.920+0000] {processor.py:809} INFO - DAG(s) dict_keys(['dag_restart_data']) retrieved from /opt/airflow/dags/dag_restart_data.py
[2026-03-14T23:02:46.949+0000] {logging_mixin.py:149} INFO - [2026-03-14T23:02:46.949+0000] {dag.py:2726} INFO - Sync 1 DAGs
[2026-03-14T23:02:46.968+0000] {logging_mixin.py:149} INFO - [2026-03-14T23:02:46.968+0000] {dag.py:3490} INFO - Setting next_dagrun for dag_restart_data to None, run_after=None
[2026-03-14T23:02:46.979+0000] {processor.py:178} INFO - Processing /opt/airflow/dags/dag_restart_data.py took 0.070 seconds
[2026-03-14T23:03:17.250+0000] {processor.py:156} INFO - Started process (PID=4136) to work on /opt/airflow/dags/dag_restart_data.py
[2026-03-14T23:03:17.251+0000] {processor.py:799} INFO - Processing file /opt/airflow/dags/dag_restart_data.py for tasks to queue
[2026-03-14T23:03:17.251+0000] {logging_mixin.py:149} INFO - [2026-03-14T23:03:17.251+0000] {dagbag.py:541} INFO - Filling up the DagBag from /opt/airflow/dags/dag_restart_data.py
[2026-03-14T23:03:17.258+0000] {processor.py:809} INFO - DAG(s) dict_keys(['dag_restart_data']) retrieved from /opt/airflow/dags/dag_restart_data.py
[2026-03-14T23:03:17.282+0000] {logging_mixin.py:149} INFO - [2026-03-14T23:03:17.282+0000] {dag.py:2726} INFO - Sync 1 DAGs
[2026-03-14T23:03:17.295+0000] {logging_mixin.py:149} INFO - [2026-03-14T23:03:17.295+0000] {dag.py:3490} INFO - Setting next_dagrun for dag_restart_data to None, run_after=None
[2026-03-14T23:03:17.305+0000] {processor.py:178} INFO - Processing /opt/airflow/dags/dag_restart_data.py took 0.059 seconds
[2026-03-14T23:03:47.585+0000] {processor.py:156} INFO - Started process (PID=4168) to work on /opt/airflow/dags/dag_restart_data.py
[2026-03-14T23:03:47.586+0000] {processor.py:799} INFO - Processing file /opt/airflow/dags/dag_restart_data.py for tasks to queue
[2026-03-14T23:03:47.587+0000] {logging_mixin.py:149} INFO - [2026-03-14T23:03:47.587+0000] {dagbag.py:541} INFO - Filling up the DagBag from /opt/airflow/dags/dag_restart_data.py
[2026-03-14T23:03:47.594+0000] {processor.py:809} INFO - DAG(s) dict_keys(['dag_restart_data']) retrieved from /opt/airflow/dags/dag_restart_data.py
[2026-03-14T23:03:47.616+0000] {logging_mixin.py:149} INFO - [2026-03-14T23:03:47.616+0000] {dag.py:2726} INFO - Sync 1 DAGs
[2026-03-14T23:03:47.629+0000] {logging_mixin.py:149} INFO - [2026-03-14T23:03:47.629+0000] {dag.py:3490} INFO - Setting next_dagrun for dag_restart_data to None, run_after=None
[2026-03-14T23:03:47.641+0000] {processor.py:178} INFO - Processing /opt/airflow/dags/dag_restart_data.py took 0.061 seconds
[2026-03-14T23:04:17.932+0000] {processor.py:156} INFO - Started process (PID=4200) to work on /opt/airflow/dags/dag_restart_data.py
[2026-03-14T23:04:17.933+0000] {processor.py:799} INFO - Processing file /opt/airflow/dags/dag_restart_data.py for tasks to queue
[2026-03-14T23:04:17.934+0000] {logging_mixin.py:149} INFO - [2026-03-14T23:04:17.934+0000] {dagbag.py:541} INFO - Filling up the DagBag from /opt/airflow/dags/dag_restart_data.py
[2026-03-14T23:04:17.941+0000] {processor.py:809} INFO - DAG(s) dict_keys(['dag_restart_data']) retrieved from /opt/airflow/dags/dag_restart_data.py
[2026-03-14T23:04:17.963+0000] {logging_mixin.py:149} INFO - [2026-03-14T23:04:17.963+0000] {dag.py:2726} INFO - Sync 1 DAGs
[2026-03-14T23:04:17.978+0000] {logging_mixin.py:149} INFO - [2026-03-14T23:04:17.978+0000] {dag.py:3490} INFO - Setting next_dagrun for dag_restart_data to None, run_after=None
[2026-03-14T23:04:17.988+0000] {processor.py:178} INFO - Processing /opt/airflow/dags/dag_restart_data.py took 0.059 seconds
